scope,record_id,estimator_name,metric_name,value,stratum_json,metadata_json
per_series,openneuro_ds002691_sub-001_task-internalattention_E1_seg-0001,__all_estimators__,cross_estimator_dispersion,0.284726,"{""channel"": ""E1"", ""condition"": ""continuous_window"", ""segment_id"": ""seg-0001"", ""series_index"": 0, ""session"": ""n/a"", ""source_kind"": ""csv_series_index"", ""source_path"": ""C:/Users/davia/biomedical_engineering/benchmarking/lrdbench/configs/suites/data/openneuro_ds002691_pilot/csv/openneuro_ds002691_sub-001_task-internalattention_E1_seg-0001.csv"", ""subject"": ""sub-001""}","{""center"": 0.7200944499504406, ""estimator_families"": [""temporal"", ""temporal"", ""temporal"", ""temporal"", ""temporal"", ""temporal"", ""temporal"", ""temporal"", ""geometric"", ""geometric"", ""wavelet"", ""wavelet""], ""estimator_names"": [""RS"", ""DFA::short_scales"", ""DFA::balanced_scales"", ""DMA::short_windows"", ""DMA::balanced_windows"", ""AbsoluteMoment"", ""Variance"", ""VarianceResidual"", ""GHE"", ""Higuchi"", ""WaveletOLS::broad_band"", ""WaveletOLS::conservative_band""], ""n_estimators"": 12, ""stratum_key"": [[""channel"", ""E1""], [""condition"", ""continuous_window""], [""segment_id"", ""seg-0001""], [""series_index"", 0], [""session"", ""n/a""], [""source_kind"", ""csv_series_index""], [""source_path"", ""C:/Users/davia/biomedical_engineering/benchmarking/lrdbench/configs/suites/data/openneuro_ds002691_pilot/csv/openneuro_ds002691_sub-001_task-internalattention_E1_seg-0001.csv""], [""subject"", ""sub-001""]]}"
per_series,openneuro_ds002691_sub-001_task-internalattention_E1_seg-0001,RS__vs__DFA::short_scales,pairwise_estimator_disagreement,0.10192,"{""channel"": ""E1"", ""condition"": ""continuous_window"", ""segment_id"": ""seg-0001"", ""series_index"": 0, ""session"": ""n/a"", ""source_kind"": ""csv_series_index"", ""source_path"": ""C:/Users/davia/biomedical_engineering/benchmarking/lrdbench/configs/suites/data/openneuro_ds002691_pilot/csv/openneuro_ds002691_sub-001_task-internalattention_E1_seg-0001.csv"", ""subject"": ""sub-001""}","{""estimator_a"": ""RS"", ""estimator_b"": ""DFA::short_scales"", ""estimator_families"": [""temporal"", ""temporal"", ""temporal"", ""temporal"", ""temporal"", ""temporal"", ""temporal"", ""temporal"", ""geometric"", ""geometric"", ""wavelet"", ""wavelet""], ""estimator_names"": [""RS"", ""DFA::short_scales"", ""DFA::balanced_scales"", ""DMA::short_windows"", ""DMA::balanced_windows"", ""AbsoluteMoment"", ""Variance"", ""VarianceResidual"", ""GHE"", ""Higuchi"", ""WaveletOLS::broad_band"", ""WaveletOLS::conservative_band""], ""family_a"": ""temporal"", ""family_b"": ""temporal"", ""n_estimators"": 12, ""stratum_key"": [[""channel"", ""E1""], [""condition"", ""continuous_window""], [""segment_id"", ""seg-0001""], [""series_index"", 0], [""session"", ""n/a""], [""source_kind"", ""csv_series_index""], [""source_path"", ""C:/Users/davia/biomedical_engineering/benchmarking/lrdbench/configs/suites/data/openneuro_ds002691_pilot/csv/openneuro_ds002691_sub-001_task-internalattention_E1_seg-0001.csv""], [""subject"", ""sub-001""]]}"
per_series,openneuro_ds002691_sub-001_task-internalattention_E1_seg-0001,RS__vs__DFA::balanced_scales,pairwise_estimator_disagreement,0.10192,"{""channel"": ""E1"", ""condition"": ""continuous_window"", ""segment_id"": ""seg-0001"", ""series_index"": 0, ""session"": ""n/a"", ""source_kind"": ""csv_series_index"", ""source_path"": ""C:/Users/davia/biomedical_engineering/benchmarking/lrdbench/configs/suites/data/openneuro_ds002691_pilot/csv/openneuro_ds002691_sub-001_task-internalattention_E1_seg-0001.csv"", ""subject"": ""sub-001""}","{""estimator_a"": ""RS"", ""estimator_b"": ""DFA::balanced_scales"", ""estimator_families"": [""temporal"", ""temporal"", ""temporal"", ""temporal"", ""temporal"", ""temporal"", ""temporal"", ""temporal"", ""geometric"", ""geometric"", ""wavelet"", ""wavelet""], ""estimator_names"": [""RS"", ""DFA::short_scales"", ""DFA::balanced_scales"", ""DMA::short_windows"", ""DMA::balanced_windows"", ""AbsoluteMoment"", ""Variance"", ""VarianceResidual"", ""GHE"", ""Higuchi"", ""WaveletOLS::broad_band"", ""WaveletOLS::conservative_band""], ""family_a"": ""temporal"", ""family_b"": ""temporal"", ""n_estimators"": 12, ""stratum_key"": [[""channel"", ""E1""], [""condition"", ""continuous_window""], [""segment_id"", ""seg-0001""], [""series_index"", 0], [""session"", ""n/a""], [""source_kind"", ""csv_series_index""], [""source_path"", ""C:/Users/davia/biomedical_engineering/benchmarking/lrdbench/configs/suites/data/openneuro_ds002691_pilot/csv/openneuro_ds002691_sub-001_task-internalattention_E1_seg-0001.csv""], [""subject"", ""sub-001""]]}"
per_series,openneuro_ds002691_sub-001_task-internalattention_E1_seg-0001,RS__vs__DMA::short_windows,pairwise_estimator_disagreement,0.095692,"{""channel"": ""E1"", ""condition"": ""continuous_window"", ""segment_id"": ""seg-0001"", ""series_index"": 0, ""session"": ""n/a"", ""source_kind"": ""csv_series_index"", ""source_path"": ""C:/Users/davia/biomedical_engineering/benchmarking/lrdbench/configs/suites/data/openneuro_ds002691_pilot/csv/openneuro_ds002691_sub-001_task-internalattention_E1_seg-0001.csv"", ""subject"": ""sub-001""}","{""estimator_a"": ""RS"", ""estimator_b"": ""DMA::short_windows"", ""estimator_families"": [""temporal"", ""temporal"", ""temporal"", ""temporal"", ""temporal"", ""temporal"", ""temporal"", ""temporal"", ""geometric"", ""geometric"", ""wavelet"", ""wavelet""], ""estimator_names"": [""RS"", ""DFA::short_scales"", ""DFA::balanced_scales"", ""DMA::short_windows"", ""DMA::balanced_windows"", ""AbsoluteMoment"", ""Variance"", ""VarianceResidual"", ""GHE"", ""Higuchi"", ""WaveletOLS::broad_band"", ""WaveletOLS::conservative_band""], ""family_a"": ""temporal"", ""family_b"": ""temporal"", ""n_estimators"": 12, ""stratum_key"": [[""channel"", ""E1""], [""condition"", ""continuous_window""], [""segment_id"", ""seg-0001""], [""series_index"", 0], [""session"", ""n/a""], [""source_kind"", ""csv_series_index""], [""source_path"", ""C:/Users/davia/biomedical_engineering/benchmarking/lrdbench/configs/suites/data/openneuro_ds002691_pilot/csv/openneuro_ds002691_sub-001_task-internalattention_E1_seg-0001.csv""], [""subject"", ""sub-001""]]}"
per_series,openneuro_ds002691_sub-001_task-internalattention_E1_seg-0001,RS__vs__DMA::balanced_windows,pairwise_estimator_disagreement,0.224568,"{""channel"": ""E1"", ""condition"": ""continuous_window"", ""segment_id"": ""seg-0001"", ""series_index"": 0, ""session"": ""n/a"", ""source_kind"": ""csv_series_index"", ""source_path"": ""C:/Users/davia/biomedical_engineering/benchmarking/lrdbench/configs/suites/data/openneuro_ds002691_pilot/csv/openneuro_ds002691_sub-001_task-internalattention_E1_seg-0001.csv"", ""subject"": ""sub-001""}","{""estimator_a"": ""RS"", ""estimator_b"": ""DMA::balanced_windows"", ""estimator_families"": [""temporal"", ""temporal"", ""temporal"", ""temporal"", ""temporal"", ""temporal"", ""temporal"", ""temporal"", ""geometric"", ""geometric"", ""wavelet"", ""wavelet""], ""estimator_names"": [""RS"", ""DFA::short_scales"", ""DFA::balanced_scales"", ""DMA::short_windows"", ""DMA::balanced_windows"", ""AbsoluteMoment"", ""Variance"", ""VarianceResidual"", ""GHE"", ""Higuchi"", ""WaveletOLS::broad_band"", ""WaveletOLS::conservative_band""], ""family_a"": ""temporal"", ""family_b"": ""temporal"", ""n_estimators"": 12, ""stratum_key"": [[""channel"", ""E1""], [""condition"", ""continuous_window""], [""segment_id"", ""seg-0001""], [""series_index"", 0], [""session"", ""n/a""], [""source_kind"", ""csv_series_index""], [""source_path"", ""C:/Users/davia/biomedical_engineering/benchmarking/lrdbench/configs/suites/data/openneuro_ds002691_pilot/csv/openneuro_ds002691_sub-001_task-internalattention_E1_seg-0001.csv""], [""subject"", ""sub-001""]]}"
per_series,openneuro_ds002691_sub-001_task-internalattention_E1_seg-0001,RS__vs__AbsoluteMoment,pairwise_estimator_disagreement,0.179,"{""channel"": ""E1"", ""condition"": ""continuous_window"", ""segment_id"": ""seg-0001"", ""series_index"": 0, ""session"": ""n/a"", ""source_kind"": ""csv_series_index"", ""source_path"": ""C:/Users/davia/biomedical_engineering/benchmarking/lrdbench/configs/suites/data/openneuro_ds002691_pilot/csv/openneuro_ds002691_sub-001_task-internalattention_E1_seg-0001.csv"", ""subject"": ""sub-001""}","{""estimator_a"": ""RS"", ""estimator_b"": ""AbsoluteMoment"", ""estimator_families"": [""temporal"", ""temporal"", ""temporal"", ""temporal"", ""temporal"", ""temporal"", ""temporal"", ""temporal"", ""geometric"", ""geometric"", ""wavelet"", ""wavelet""], ""estimator_names"": [""RS"", ""DFA::short_scales"", ""DFA::balanced_scales"", ""DMA::short_windows"", ""DMA::balanced_windows"", ""AbsoluteMoment"", ""Variance"", ""VarianceResidual"", ""GHE"", ""Higuchi"", ""WaveletOLS::broad_band"", ""WaveletOLS::conservative_band""], ""family_a"": ""temporal"", ""family_b"": ""temporal"", ""n_estimators"": 12, ""stratum_key"": [[""channel"", ""E1""], [""condition"", ""continuous_window""], [""segment_id"", ""seg-0001""], [""series_index"", 0], [""session"", ""n/a""], [""source_kind"", ""csv_series_index""], [""source_path"", ""C:/Users/davia/biomedical_engineering/benchmarking/lrdbench/configs/suites/data/openneuro_ds002691_pilot/csv/openneuro_ds002691_sub-001_task-internalattention_E1_seg-0001.csv""], [""subject"", ""sub-001""]]}"
per_series,openneuro_ds002691_sub-001_task-internalattention_E1_seg-0001,RS__vs__Variance,pairwise_estimator_disagreement,0.150346,"{""channel"": ""E1"", ""condition"": ""continuous_window"", ""segment_id"": ""seg-0001"", ""series_index"": 0, ""session"": ""n/a"", ""source_kind"": ""csv_series_index"", ""source_path"": ""C:/Users/davia/biomedical_engineering/benchmarking/lrdbench/configs/suites/data/openneuro_ds002691_pilot/csv/openneuro_ds002691_sub-001_task-internalattention_E1_seg-0001.csv"", ""subject"": ""sub-001""}","{""estimator_a"": ""RS"", ""estimator_b"": ""Variance"", ""estimator_families"": [""temporal"", ""temporal"", ""temporal"", ""temporal"", ""temporal"", ""temporal"", ""temporal"", ""temporal"", ""geometric"", ""geometric"", ""wavelet"", ""wavelet""], ""estimator_names"": [""RS"", ""DFA::short_scales"", ""DFA::balanced_scales"", ""DMA::short_windows"", ""DMA::balanced_windows"", ""AbsoluteMoment"", ""Variance"", ""VarianceResidual"", ""GHE"", ""Higuchi"", ""WaveletOLS::broad_band"", ""WaveletOLS::conservative_band""], ""family_a"": ""temporal"", ""family_b"": ""temporal"", ""n_estimators"": 12, ""stratum_key"": [[""channel"", ""E1""], [""condition"", ""continuous_window""], [""segment_id"", ""seg-0001""], [""series_index"", 0], [""session"", ""n/a""], [""source_kind"", ""csv_series_index""], [""source_path"", ""C:/Users/davia/biomedical_engineering/benchmarking/lrdbench/configs/suites/data/openneuro_ds002691_pilot/csv/openneuro_ds002691_sub-001_task-internalattention_E1_seg-0001.csv""], [""subject"", ""sub-001""]]}"
per_series,openneuro_ds002691_sub-001_task-internalattention_E1_seg-0001,RS__vs__VarianceResidual,pairwise_estimator_disagreement,0.10192,"{""channel"": ""E1"", ""condition"": ""continuous_window"", ""segment_id"": ""seg-0001"", ""series_index"": 0, ""session"": ""n/a"", ""source_kind"": ""csv_series_index"", ""source_path"": ""C:/Users/davia/biomedical_engineering/benchmarking/lrdbench/configs/suites/data/openneuro_ds002691_pilot/csv/openneuro_ds002691_sub-001_task-internalattention_E1_seg-0001.csv"", ""subject"": ""sub-001""}","{""estimator_a"": ""RS"", ""estimator_b"": ""VarianceResidual"", ""estimator_families"": [""temporal"", ""temporal"", ""temporal"", ""temporal"", ""temporal"", ""temporal"", ""temporal"", ""temporal"", ""geometric"", ""geometric"", ""wavelet"", ""wavelet""], ""estimator_names"": [""RS"", ""DFA::short_scales"", ""DFA::balanced_scales"", ""DMA::short_windows"", ""DMA::balanced_windows"", ""AbsoluteMoment"", ""Variance"", ""VarianceResidual"", ""GHE"", ""Higuchi"", ""WaveletOLS::broad_band"", ""WaveletOLS::conservative_band""], ""family_a"": ""temporal"", ""family_b"": ""temporal"", ""n_estimators"": 12, ""stratum_key"": [[""channel"", ""E1""], [""condition"", ""continuous_window""], [""segment_id"", ""seg-0001""], [""series_index"", 0], [""session"", ""n/a""], [""source_kind"", ""csv_series_index""], [""source_path"", ""C:/Users/davia/biomedical_engineering/benchmarking/lrdbench/configs/suites/data/openneuro_ds002691_pilot/csv/openneuro_ds002691_sub-001_task-internalattention_E1_seg-0001.csv""], [""subject"", ""sub-001""]]}"
per_series,openneuro_ds002691_sub-001_task-internalattention_E1_seg-0001,RS__vs__GHE,pairwise_estimator_disagreement,0.65694,"{""channel"": ""E1"", ""condition"": ""continuous_window"", ""segment_id"": ""seg-0001"", ""series_index"": 0, ""session"": ""n/a"", ""source_kind"": ""csv_series_index"", ""source_path"": ""C:/Users/davia/biomedical_engineering/benchmarking/lrdbench/configs/suites/data/openneuro_ds002691_pilot/csv/openneuro_ds002691_sub-001_task-internalattention_E1_seg-0001.csv"", ""subject"": ""sub-001""}","{""estimator_a"": ""RS"", ""estimator_b"": ""GHE"", ""estimator_families"": [""temporal"", ""temporal"", ""temporal"", ""temporal"", ""temporal"", ""temporal"", ""temporal"", ""temporal"", ""geometric"", ""geometric"", ""wavelet"", ""wavelet""], ""estimator_names"": [""RS"", ""DFA::short_scales"", ""DFA::balanced_scales"", ""DMA::short_windows"", ""DMA::balanced_windows"", ""AbsoluteMoment"", ""Variance"", ""VarianceResidual"", ""GHE"", ""Higuchi"", ""WaveletOLS::broad_band"", ""WaveletOLS::conservative_band""], ""family_a"": ""temporal"", ""family_b"": ""geometric"", ""n_estimators"": 12, ""stratum_key"": [[""channel"", ""E1""], [""condition"", ""continuous_window""], [""segment_id"", ""seg-0001""], [""series_index"", 0], [""session"", ""n/a""], [""source_kind"", ""csv_series_index""], [""source_path"", ""C:/Users/davia/biomedical_engineering/benchmarking/lrdbench/configs/suites/data/openneuro_ds002691_pilot/csv/openneuro_ds002691_sub-001_task-internalattention_E1_seg-0001.csv""], [""subject"", ""sub-001""]]}"
per_series,openneuro_ds002691_sub-001_task-internalattention_E1_seg-0001,RS__vs__Higuchi,pairwise_estimator_disagreement,0.10192,"{""channel"": ""E1"", ""condition"": ""continuous_window"", ""segment_id"": ""seg-0001"", ""series_index"": 0, ""session"": ""n/a"", ""source_kind"": ""csv_series_index"", ""source_path"": ""C:/Users/davia/biomedical_engineering/benchmarking/lrdbench/configs/suites/data/openneuro_ds002691_pilot/csv/openneuro_ds002691_sub-001_task-internalattention_E1_seg-0001.csv"", ""subject"": ""sub-001""}","{""estimator_a"": ""RS"", ""estimator_b"": ""Higuchi"", ""estimator_families"": [""temporal"", ""temporal"", ""temporal"", ""temporal"", ""temporal"", ""temporal"", ""temporal"", ""temporal"", ""geometric"", ""geometric"", ""wavelet"", ""wavelet""], ""estimator_names"": [""RS"", ""DFA::short_scales"", ""DFA::balanced_scales"", ""DMA::short_windows"", ""DMA::balanced_windows"", ""AbsoluteMoment"", ""Variance"", ""VarianceResidual"", ""GHE"", ""Higuchi"", ""WaveletOLS::broad_band"", ""WaveletOLS::conservative_band""], ""family_a"": ""temporal"", ""family_b"": ""geometric"", ""n_estimators"": 12, ""stratum_key"": [[""channel"", ""E1""], [""condition"", ""continuous_window""], [""segment_id"", ""seg-0001""], [""series_index"", 0], [""session"", ""n/a""], [""source_kind"", ""csv_series_index""], [""source_path"", ""C:/Users/davia/biomedical_engineering/benchmarking/lrdbench/configs/suites/data/openneuro_ds002691_pilot/csv/openneuro_ds002691_sub-001_task-internalattention_E1_seg-0001.csv""], [""subject"", ""sub-001""]]}"
per_series,openneuro_ds002691_sub-001_task-internalattention_E1_seg-0001,RS__vs__WaveletOLS::broad_band,pairwise_estimator_disagreement,0.58921,"{""channel"": ""E1"", ""condition"": ""continuous_window"", ""segment_id"": ""seg-0001"", ""series_index"": 0, ""session"": ""n/a"", ""source_kind"": ""csv_series_index"", ""source_path"": ""C:/Users/davia/biomedical_engineering/benchmarking/lrdbench/configs/suites/data/openneuro_ds002691_pilot/csv/openneuro_ds002691_sub-001_task-internalattention_E1_seg-0001.csv"", ""subject"": ""sub-001""}","{""estimator_a"": ""RS"", ""estimator_b"": ""WaveletOLS::broad_band"", ""estimator_families"": [""temporal"", ""temporal"", ""temporal"", ""temporal"", ""temporal"", ""temporal"", ""temporal"", ""temporal"", ""geometric"", ""geometric"", ""wavelet"", ""wavelet""], ""estimator_names"": [""RS"", ""DFA::short_scales"", ""DFA::balanced_scales"", ""DMA::short_windows"", ""DMA::balanced_windows"", ""AbsoluteMoment"", ""Variance"", ""VarianceResidual"", ""GHE"", ""Higuchi"", ""WaveletOLS::broad_band"", ""WaveletOLS::conservative_band""], ""family_a"": ""temporal"", ""family_b"": ""wavelet"", ""n_estimators"": 12, ""stratum_key"": [[""channel"", ""E1""], [""condition"", ""continuous_window""], [""segment_id"", ""seg-0001""], [""series_index"", 0], [""session"", ""n/a""], [""source_kind"", ""csv_series_index""], [""source_path"", ""C:/Users/davia/biomedical_engineering/benchmarking/lrdbench/configs/suites/data/openneuro_ds002691_pilot/csv/openneuro_ds002691_sub-001_task-internalattention_E1_seg-0001.csv""], [""subject"", ""sub-001""]]}"
per_series,openneuro_ds002691_sub-001_task-internalattention_E1_seg-0001,RS__vs__WaveletOLS::conservative_band,pairwise_estimator_disagreement,0.64655,"{""channel"": ""E1"", ""condition"": ""continuous_window"", ""segment_id"": ""seg-0001"", ""series_index"": 0, ""session"": ""n/a"", ""source_kind"": ""csv_series_index"", ""source_path"": ""C:/Users/davia/biomedical_engineering/benchmarking/lrdbench/configs/suites/data/openneuro_ds002691_pilot/csv/openneuro_ds002691_sub-001_task-internalattention_E1_seg-0001.csv"", ""subject"": ""sub-001""}","{""estimator_a"": ""RS"", ""estimator_b"": ""WaveletOLS::conservative_band"", ""estimator_families"": [""temporal"", ""temporal"", ""temporal"", ""temporal"", ""temporal"", ""temporal"", ""temporal"", ""temporal"", ""geometric"", ""geometric"", ""wavelet"", ""wavelet""], ""estimator_names"": [""RS"", ""DFA::short_scales"", ""DFA::balanced_scales"", ""DMA::short_windows"", ""DMA::balanced_windows"", ""AbsoluteMoment"", ""Variance"", ""VarianceResidual"", ""GHE"", ""Higuchi"", ""WaveletOLS::broad_band"", ""WaveletOLS::conservative_band""], ""family_a"": ""temporal"", ""family_b"": ""wavelet"", ""n_estimators"": 12, ""stratum_key"": [[""channel"", ""E1""], [""condition"", ""continuous_window""], [""segment_id"", ""seg-0001""], [""series_index"", 0], [""session"", ""n/a""], [""source_kind"", ""csv_series_index""], [""source_path"", ""C:/Users/davia/biomedical_engineering/benchmarking/lrdbench/configs/suites/data/openneuro_ds002691_pilot/csv/openneuro_ds002691_sub-001_task-internalattention_E1_seg-0001.csv""], [""subject"", ""sub-001""]]}"
per_series,openneuro_ds002691_sub-001_task-internalattention_E1_seg-0001,DFA::short_scales__vs__DFA::balanced_scales,pairwise_estimator_disagreement,0.0,"{""channel"": ""E1"", ""condition"": ""continuous_window"", ""segment_id"": ""seg-0001"", ""series_index"": 0, ""session"": ""n/a"", ""source_kind"": ""csv_series_index"", ""source_path"": ""C:/Users/davia/biomedical_engineering/benchmarking/lrdbench/configs/suites/data/openneuro_ds002691_pilot/csv/openneuro_ds002691_sub-001_task-internalattention_E1_seg-0001.csv"", ""subject"": ""sub-001""}","{""estimator_a"": ""DFA::short_scales"", ""estimator_b"": ""DFA::balanced_scales"", ""estimator_families"": [""temporal"", ""temporal"", ""temporal"", ""temporal"", ""temporal"", ""temporal"", ""temporal"", ""temporal"", ""geometric"", ""geometric"", ""wavelet"", ""wavelet""], ""estimator_names"": [""RS"", ""DFA::short_scales"", ""DFA::balanced_scales"", ""DMA::short_windows"", ""DMA::balanced_windows"", ""AbsoluteMoment"", ""Variance"", ""VarianceResidual"", ""GHE"", ""Higuchi"", ""WaveletOLS::broad_band"", ""WaveletOLS::conservative_band""], ""family_a"": ""temporal"", ""family_b"": ""temporal"", ""n_estimators"": 12, ""stratum_key"": [[""channel"", ""E1""], [""condition"", ""continuous_window""], [""segment_id"", ""seg-0001""], [""series_index"", 0], [""session"", ""n/a""], [""source_kind"", ""csv_series_index""], [""source_path"", ""C:/Users/davia/biomedical_engineering/benchmarking/lrdbench/configs/suites/data/openneuro_ds002691_pilot/csv/openneuro_ds002691_sub-001_task-internalattention_E1_seg-0001.csv""], [""subject"", ""sub-001""]]}"
per_series,openneuro_ds002691_sub-001_task-internalattention_E1_seg-0001,DFA::short_scales__vs__DMA::short_windows,pairwise_estimator_disagreement,0.197612,"{""channel"": ""E1"", ""condition"": ""continuous_window"", ""segment_id"": ""seg-0001"", ""series_index"": 0, ""session"": ""n/a"", ""source_kind"": ""csv_series_index"", ""source_path"": ""C:/Users/davia/biomedical_engineering/benchmarking/lrdbench/configs/suites/data/openneuro_ds002691_pilot/csv/openneuro_ds002691_sub-001_task-internalattention_E1_seg-0001.csv"", ""subject"": ""sub-001""}","{""estimator_a"": ""DFA::short_scales"", ""estimator_b"": ""DMA::short_windows"", ""estimator_families"": [""temporal"", ""temporal"", ""temporal"", ""temporal"", ""temporal"", ""temporal"", ""temporal"", ""temporal"", ""geometric"", ""geometric"", ""wavelet"", ""wavelet""], ""estimator_names"": [""RS"", ""DFA::short_scales"", ""DFA::balanced_scales"", ""DMA::short_windows"", ""DMA::balanced_windows"", ""AbsoluteMoment"", ""Variance"", ""VarianceResidual"", ""GHE"", ""Higuchi"", ""WaveletOLS::broad_band"", ""WaveletOLS::conservative_band""], ""family_a"": ""temporal"", ""family_b"": ""temporal"", ""n_estimators"": 12, ""stratum_key"": [[""channel"", ""E1""], [""condition"", ""continuous_window""], [""segment_id"", ""seg-0001""], [""series_index"", 0], [""session"", ""n/a""], [""source_kind"", ""csv_series_index""], [""source_path"", ""C:/Users/davia/biomedical_engineering/benchmarking/lrdbench/configs/suites/data/openneuro_ds002691_pilot/csv/openneuro_ds002691_sub-001_task-internalattention_E1_seg-0001.csv""], [""subject"", ""sub-001""]]}"
per_series,openneuro_ds002691_sub-001_task-internalattention_E1_seg-0001,DFA::short_scales__vs__DMA::balanced_windows,pairwise_estimator_disagreement,0.326488,"{""channel"": ""E1"", ""condition"": ""continuous_window"", ""segment_id"": ""seg-0001"", ""series_index"": 0, ""session"": ""n/a"", ""source_kind"": ""csv_series_index"", ""source_path"": ""C:/Users/davia/biomedical_engineering/benchmarking/lrdbench/configs/suites/data/openneuro_ds002691_pilot/csv/openneuro_ds002691_sub-001_task-internalattention_E1_seg-0001.csv"", ""subject"": ""sub-001""}","{""estimator_a"": ""DFA::short_scales"", ""estimator_b"": ""DMA::balanced_windows"", ""estimator_families"": [""temporal"", ""temporal"", ""temporal"", ""temporal"", ""temporal"", ""temporal"", ""temporal"", ""temporal"", ""geometric"", ""geometric"", ""wavelet"", ""wavelet""], ""estimator_names"": [""RS"", ""DFA::short_scales"", ""DFA::balanced_scales"", ""DMA::short_windows"", ""DMA::balanced_windows"", ""AbsoluteMoment"", ""Variance"", ""VarianceResidual"", ""GHE"", ""Higuchi"", ""WaveletOLS::broad_band"", ""WaveletOLS::conservative_band""], ""family_a"": ""temporal"", ""family_b"": ""temporal"", ""n_estimators"": 12, ""stratum_key"": [[""channel"", ""E1""], [""condition"", ""continuous_window""], [""segment_id"", ""seg-0001""], [""series_index"", 0], [""session"", ""n/a""], [""source_kind"", ""csv_series_index""], [""source_path"", ""C:/Users/davia/biomedical_engineering/benchmarking/lrdbench/configs/suites/data/openneuro_ds002691_pilot/csv/openneuro_ds002691_sub-001_task-internalattention_E1_seg-0001.csv""], [""subject"", ""sub-001""]]}"
per_series,openneuro_ds002691_sub-001_task-internalattention_E1_seg-0001,DFA::short_scales__vs__AbsoluteMoment,pairwise_estimator_disagreement,0.28092,"{""channel"": ""E1"", ""condition"": ""continuous_window"", ""segment_id"": ""seg-0001"", ""series_index"": 0, ""session"": ""n/a"", ""source_kind"": ""csv_series_index"", ""source_path"": ""C:/Users/davia/biomedical_engineering/benchmarking/lrdbench/configs/suites/data/openneuro_ds002691_pilot/csv/openneuro_ds002691_sub-001_task-internalattention_E1_seg-0001.csv"", ""subject"": ""sub-001""}","{""estimator_a"": ""DFA::short_scales"", ""estimator_b"": ""AbsoluteMoment"", ""estimator_families"": [""temporal"", ""temporal"", ""temporal"", ""temporal"", ""temporal"", ""temporal"", ""temporal"", ""temporal"", ""geometric"", ""geometric"", ""wavelet"", ""wavelet""], ""estimator_names"": [""RS"", ""DFA::short_scales"", ""DFA::balanced_scales"", ""DMA::short_windows"", ""DMA::balanced_windows"", ""AbsoluteMoment"", ""Variance"", ""VarianceResidual"", ""GHE"", ""Higuchi"", ""WaveletOLS::broad_band"", ""WaveletOLS::conservative_band""], ""family_a"": ""temporal"", ""family_b"": ""temporal"", ""n_estimators"": 12, ""stratum_key"": [[""channel"", ""E1""], [""condition"", ""continuous_window""], [""segment_id"", ""seg-0001""], [""series_index"", 0], [""session"", ""n/a""], [""source_kind"", ""csv_series_index""], [""source_path"", ""C:/Users/davia/biomedical_engineering/benchmarking/lrdbench/configs/suites/data/openneuro_ds002691_pilot/csv/openneuro_ds002691_sub-001_task-internalattention_E1_seg-0001.csv""], [""subject"", ""sub-001""]]}"
per_series,openneuro_ds002691_sub-001_task-internalattention_E1_seg-0001,DFA::short_scales__vs__Variance,pairwise_estimator_disagreement,0.252266,"{""channel"": ""E1"", ""condition"": ""continuous_window"", ""segment_id"": ""seg-0001"", ""series_index"": 0, ""session"": ""n/a"", ""source_kind"": ""csv_series_index"", ""source_path"": ""C:/Users/davia/biomedical_engineering/benchmarking/lrdbench/configs/suites/data/openneuro_ds002691_pilot/csv/openneuro_ds002691_sub-001_task-internalattention_E1_seg-0001.csv"", ""subject"": ""sub-001""}","{""estimator_a"": ""DFA::short_scales"", ""estimator_b"": ""Variance"", ""estimator_families"": [""temporal"", ""temporal"", ""temporal"", ""temporal"", ""temporal"", ""temporal"", ""temporal"", ""temporal"", ""geometric"", ""geometric"", ""wavelet"", ""wavelet""], ""estimator_names"": [""RS"", ""DFA::short_scales"", ""DFA::balanced_scales"", ""DMA::short_windows"", ""DMA::balanced_windows"", ""AbsoluteMoment"", ""Variance"", ""VarianceResidual"", ""GHE"", ""Higuchi"", ""WaveletOLS::broad_band"", ""WaveletOLS::conservative_band""], ""family_a"": ""temporal"", ""family_b"": ""temporal"", ""n_estimators"": 12, ""stratum_key"": [[""channel"", ""E1""], [""condition"", ""continuous_window""], [""segment_id"", ""seg-0001""], [""series_index"", 0], [""session"", ""n/a""], [""source_kind"", ""csv_series_index""], [""source_path"", ""C:/Users/davia/biomedical_engineering/benchmarking/lrdbench/configs/suites/data/openneuro_ds002691_pilot/csv/openneuro_ds002691_sub-001_task-internalattention_E1_seg-0001.csv""], [""subject"", ""sub-001""]]}"
per_series,openneuro_ds002691_sub-001_task-internalattention_E1_seg-0001,DFA::short_scales__vs__VarianceResidual,pairwise_estimator_disagreement,0.0,"{""channel"": ""E1"", ""condition"": ""continuous_window"", ""segment_id"": ""seg-0001"", ""series_index"": 0, ""session"": ""n/a"", ""source_kind"": ""csv_series_index"", ""source_path"": ""C:/Users/davia/biomedical_engineering/benchmarking/lrdbench/configs/suites/data/openneuro_ds002691_pilot/csv/openneuro_ds002691_sub-001_task-internalattention_E1_seg-0001.csv"", ""subject"": ""sub-001""}","{""estimator_a"": ""DFA::short_scales"", ""estimator_b"": ""VarianceResidual"", ""estimator_families"": [""temporal"", ""temporal"", ""temporal"", ""temporal"", ""temporal"", ""temporal"", ""temporal"", ""temporal"", ""geometric"", ""geometric"", ""wavelet"", ""wavelet""], ""estimator_names"": [""RS"", ""DFA::short_scales"", ""DFA::balanced_scales"", ""DMA::short_windows"", ""DMA::balanced_windows"", ""AbsoluteMoment"", ""Variance"", ""VarianceResidual"", ""GHE"", ""Higuchi"", ""WaveletOLS::broad_band"", ""WaveletOLS::conservative_band""], ""family_a"": ""temporal"", ""family_b"": ""temporal"", ""n_estimators"": 12, ""stratum_key"": [[""channel"", ""E1""], [""condition"", ""continuous_window""], [""segment_id"", ""seg-0001""], [""series_index"", 0], [""session"", ""n/a""], [""source_kind"", ""csv_series_index""], [""source_path"", ""C:/Users/davia/biomedical_engineering/benchmarking/lrdbench/configs/suites/data/openneuro_ds002691_pilot/csv/openneuro_ds002691_sub-001_task-internalattention_E1_seg-0001.csv""], [""subject"", ""sub-001""]]}"
per_series,openneuro_ds002691_sub-001_task-internalattention_E1_seg-0001,DFA::short_scales__vs__GHE,pairwise_estimator_disagreement,0.75886,"{""channel"": ""E1"", ""condition"": ""continuous_window"", ""segment_id"": ""seg-0001"", ""series_index"": 0, ""session"": ""n/a"", ""source_kind"": ""csv_series_index"", ""source_path"": ""C:/Users/davia/biomedical_engineering/benchmarking/lrdbench/configs/suites/data/openneuro_ds002691_pilot/csv/openneuro_ds002691_sub-001_task-internalattention_E1_seg-0001.csv"", ""subject"": ""sub-001""}","{""estimator_a"": ""DFA::short_scales"", ""estimator_b"": ""GHE"", ""estimator_families"": [""temporal"", ""temporal"", ""temporal"", ""temporal"", ""temporal"", ""temporal"", ""temporal"", ""temporal"", ""geometric"", ""geometric"", ""wavelet"", ""wavelet""], ""estimator_names"": [""RS"", ""DFA::short_scales"", ""DFA::balanced_scales"", ""DMA::short_windows"", ""DMA::balanced_windows"", ""AbsoluteMoment"", ""Variance"", ""VarianceResidual"", ""GHE"", ""Higuchi"", ""WaveletOLS::broad_band"", ""WaveletOLS::conservative_band""], ""family_a"": ""temporal"", ""family_b"": ""geometric"", ""n_estimators"": 12, ""stratum_key"": [[""channel"", ""E1""], [""condition"", ""continuous_window""], [""segment_id"", ""seg-0001""], [""series_index"", 0], [""session"", ""n/a""], [""source_kind"", ""csv_series_index""], [""source_path"", ""C:/Users/davia/biomedical_engineering/benchmarking/lrdbench/configs/suites/data/openneuro_ds002691_pilot/csv/openneuro_ds002691_sub-001_task-internalattention_E1_seg-0001.csv""], [""subject"", ""sub-001""]]}"
per_series,openneuro_ds002691_sub-001_task-internalattention_E1_seg-0001,DFA::short_scales__vs__Higuchi,pairwise_estimator_disagreement,0.0,"{""channel"": ""E1"", ""condition"": ""continuous_window"", ""segment_id"": ""seg-0001"", ""series_index"": 0, ""session"": ""n/a"", ""source_kind"": ""csv_series_index"", ""source_path"": ""C:/Users/davia/biomedical_engineering/benchmarking/lrdbench/configs/suites/data/openneuro_ds002691_pilot/csv/openneuro_ds002691_sub-001_task-internalattention_E1_seg-0001.csv"", ""subject"": ""sub-001""}","{""estimator_a"": ""DFA::short_scales"", ""estimator_b"": ""Higuchi"", ""estimator_families"": [""temporal"", ""temporal"", ""temporal"", ""temporal"", ""temporal"", ""temporal"", ""temporal"", ""temporal"", ""geometric"", ""geometric"", ""wavelet"", ""wavelet""], ""estimator_names"": [""RS"", ""DFA::short_scales"", ""DFA::balanced_scales"", ""DMA::short_windows"", ""DMA::balanced_windows"", ""AbsoluteMoment"", ""Variance"", ""VarianceResidual"", ""GHE"", ""Higuchi"", ""WaveletOLS::broad_band"", ""WaveletOLS::conservative_band""], ""family_a"": ""temporal"", ""family_b"": ""geometric"", ""n_estimators"": 12, ""stratum_key"": [[""channel"", ""E1""], [""condition"", ""continuous_window""], [""segment_id"", ""seg-0001""], [""series_index"", 0], [""session"", ""n/a""], [""source_kind"", ""csv_series_index""], [""source_path"", ""C:/Users/davia/biomedical_engineering/benchmarking/lrdbench/configs/suites/data/openneuro_ds002691_pilot/csv/openneuro_ds002691_sub-001_task-internalattention_E1_seg-0001.csv""], [""subject"", ""sub-001""]]}"
per_series,openneuro_ds002691_sub-001_task-internalattention_E1_seg-0001,DFA::short_scales__vs__WaveletOLS::broad_band,pairwise_estimator_disagreement,0.69113,"{""channel"": ""E1"", ""condition"": ""continuous_window"", ""segment_id"": ""seg-0001"", ""series_index"": 0, ""session"": ""n/a"", ""source_kind"": ""csv_series_index"", ""source_path"": ""C:/Users/davia/biomedical_engineering/benchmarking/lrdbench/configs/suites/data/openneuro_ds002691_pilot/csv/openneuro_ds002691_sub-001_task-internalattention_E1_seg-0001.csv"", ""subject"": ""sub-001""}","{""estimator_a"": ""DFA::short_scales"", ""estimator_b"": ""WaveletOLS::broad_band"", ""estimator_families"": [""temporal"", ""temporal"", ""temporal"", ""temporal"", ""temporal"", ""temporal"", ""temporal"", ""temporal"", ""geometric"", ""geometric"", ""wavelet"", ""wavelet""], ""estimator_names"": [""RS"", ""DFA::short_scales"", ""DFA::balanced_scales"", ""DMA::short_windows"", ""DMA::balanced_windows"", ""AbsoluteMoment"", ""Variance"", ""VarianceResidual"", ""GHE"", ""Higuchi"", ""WaveletOLS::broad_band"", ""WaveletOLS::conservative_band""], ""family_a"": ""temporal"", ""family_b"": ""wavelet"", ""n_estimators"": 12, ""stratum_key"": [[""channel"", ""E1""], [""condition"", ""continuous_window""], [""segment_id"", ""seg-0001""], [""series_index"", 0], [""session"", ""n/a""], [""source_kind"", ""csv_series_index""], [""source_path"", ""C:/Users/davia/biomedical_engineering/benchmarking/lrdbench/configs/suites/data/openneuro_ds002691_pilot/csv/openneuro_ds002691_sub-001_task-internalattention_E1_seg-0001.csv""], [""subject"", ""sub-001""]]}"
per_series,openneuro_ds002691_sub-001_task-internalattention_E1_seg-0001,DFA::short_scales__vs__WaveletOLS::conservative_band,pairwise_estimator_disagreement,0.74847,"{""channel"": ""E1"", ""condition"": ""continuous_window"", ""segment_id"": ""seg-0001"", ""series_index"": 0, ""session"": ""n/a"", ""source_kind"": ""csv_series_index"", ""source_path"": ""C:/Users/davia/biomedical_engineering/benchmarking/lrdbench/configs/suites/data/openneuro_ds002691_pilot/csv/openneuro_ds002691_sub-001_task-internalattention_E1_seg-0001.csv"", ""subject"": ""sub-001""}","{""estimator_a"": ""DFA::short_scales"", ""estimator_b"": ""WaveletOLS::conservative_band"", ""estimator_families"": [""temporal"", ""temporal"", ""temporal"", ""temporal"", ""temporal"", ""temporal"", ""temporal"", ""temporal"", ""geometric"", ""geometric"", ""wavelet"", ""wavelet""], ""estimator_names"": [""RS"", ""DFA::short_scales"", ""DFA::balanced_scales"", ""DMA::short_windows"", ""DMA::balanced_windows"", ""AbsoluteMoment"", ""Variance"", ""VarianceResidual"", ""GHE"", ""Higuchi"", ""WaveletOLS::broad_band"", ""WaveletOLS::conservative_band""], ""family_a"": ""temporal"", ""family_b"": ""wavelet"", ""n_estimators"": 12, ""stratum_key"": [[""channel"", ""E1""], [""condition"", ""continuous_window""], [""segment_id"", ""seg-0001""], [""series_index"", 0], [""session"", ""n/a""], [""source_kind"", ""csv_series_index""], [""source_path"", ""C:/Users/davia/biomedical_engineering/benchmarking/lrdbench/configs/suites/data/openneuro_ds002691_pilot/csv/openneuro_ds002691_sub-001_task-internalattention_E1_seg-0001.csv""], [""subject"", ""sub-001""]]}"
per_series,openneuro_ds002691_sub-001_task-internalattention_E1_seg-0001,DFA::balanced_scales__vs__DMA::short_windows,pairwise_estimator_disagreement,0.197612,"{""channel"": ""E1"", ""condition"": ""continuous_window"", ""segment_id"": ""seg-0001"", ""series_index"": 0, ""session"": ""n/a"", ""source_kind"": ""csv_series_index"", ""source_path"": ""C:/Users/davia/biomedical_engineering/benchmarking/lrdbench/configs/suites/data/openneuro_ds002691_pilot/csv/openneuro_ds002691_sub-001_task-internalattention_E1_seg-0001.csv"", ""subject"": ""sub-001""}","{""estimator_a"": ""DFA::balanced_scales"", ""estimator_b"": ""DMA::short_windows"", ""estimator_families"": [""temporal"", ""temporal"", ""temporal"", ""temporal"", ""temporal"", ""temporal"", ""temporal"", ""temporal"", ""geometric"", ""geometric"", ""wavelet"", ""wavelet""], ""estimator_names"": [""RS"", ""DFA::short_scales"", ""DFA::balanced_scales"", ""DMA::short_windows"", ""DMA::balanced_windows"", ""AbsoluteMoment"", ""Variance"", ""VarianceResidual"", ""GHE"", ""Higuchi"", ""WaveletOLS::broad_band"", ""WaveletOLS::conservative_band""], ""family_a"": ""temporal"", ""family_b"": ""temporal"", ""n_estimators"": 12, ""stratum_key"": [[""channel"", ""E1""], [""condition"", ""continuous_window""], [""segment_id"", ""seg-0001""], [""series_index"", 0], [""session"", ""n/a""], [""source_kind"", ""csv_series_index""], [""source_path"", ""C:/Users/davia/biomedical_engineering/benchmarking/lrdbench/configs/suites/data/openneuro_ds002691_pilot/csv/openneuro_ds002691_sub-001_task-internalattention_E1_seg-0001.csv""], [""subject"", ""sub-001""]]}"
per_series,openneuro_ds002691_sub-001_task-internalattention_E1_seg-0001,DFA::balanced_scales__vs__DMA::balanced_windows,pairwise_estimator_disagreement,0.326488,"{""channel"": ""E1"", ""condition"": ""continuous_window"", ""segment_id"": ""seg-0001"", ""series_index"": 0, ""session"": ""n/a"", ""source_kind"": ""csv_series_index"", ""source_path"": ""C:/Users/davia/biomedical_engineering/benchmarking/lrdbench/configs/suites/data/openneuro_ds002691_pilot/csv/openneuro_ds002691_sub-001_task-internalattention_E1_seg-0001.csv"", ""subject"": ""sub-001""}","{""estimator_a"": ""DFA::balanced_scales"", ""estimator_b"": ""DMA::balanced_windows"", ""estimator_families"": [""temporal"", ""temporal"", ""temporal"", ""temporal"", ""temporal"", ""temporal"", ""temporal"", ""temporal"", ""geometric"", ""geometric"", ""wavelet"", ""wavelet""], ""estimator_names"": [""RS"", ""DFA::short_scales"", ""DFA::balanced_scales"", ""DMA::short_windows"", ""DMA::balanced_windows"", ""AbsoluteMoment"", ""Variance"", ""VarianceResidual"", ""GHE"", ""Higuchi"", ""WaveletOLS::broad_band"", ""WaveletOLS::conservative_band""], ""family_a"": ""temporal"", ""family_b"": ""temporal"", ""n_estimators"": 12, ""stratum_key"": [[""channel"", ""E1""], [""condition"", ""continuous_window""], [""segment_id"", ""seg-0001""], [""series_index"", 0], [""session"", ""n/a""], [""source_kind"", ""csv_series_index""], [""source_path"", ""C:/Users/davia/biomedical_engineering/benchmarking/lrdbench/configs/suites/data/openneuro_ds002691_pilot/csv/openneuro_ds002691_sub-001_task-internalattention_E1_seg-0001.csv""], [""subject"", ""sub-001""]]}"
per_series,openneuro_ds002691_sub-001_task-internalattention_E1_seg-0001,DFA::balanced_scales__vs__AbsoluteMoment,pairwise_estimator_disagreement,0.28092,"{""channel"": ""E1"", ""condition"": ""continuous_window"", ""segment_id"": ""seg-0001"", ""series_index"": 0, ""session"": ""n/a"", ""source_kind"": ""csv_series_index"", ""source_path"": ""C:/Users/davia/biomedical_engineering/benchmarking/lrdbench/configs/suites/data/openneuro_ds002691_pilot/csv/openneuro_ds002691_sub-001_task-internalattention_E1_seg-0001.csv"", ""subject"": ""sub-001""}","{""estimator_a"": ""DFA::balanced_scales"", ""estimator_b"": ""AbsoluteMoment"", ""estimator_families"": [""temporal"", ""temporal"", ""temporal"", ""temporal"", ""temporal"", ""temporal"", ""temporal"", ""temporal"", ""geometric"", ""geometric"", ""wavelet"", ""wavelet""], ""estimator_names"": [""RS"", ""DFA::short_scales"", ""DFA::balanced_scales"", ""DMA::short_windows"", ""DMA::balanced_windows"", ""AbsoluteMoment"", ""Variance"", ""VarianceResidual"", ""GHE"", ""Higuchi"", ""WaveletOLS::broad_band"", ""WaveletOLS::conservative_band""], ""family_a"": ""temporal"", ""family_b"": ""temporal"", ""n_estimators"": 12, ""stratum_key"": [[""channel"", ""E1""], [""condition"", ""continuous_window""], [""segment_id"", ""seg-0001""], [""series_index"", 0], [""session"", ""n/a""], [""source_kind"", ""csv_series_index""], [""source_path"", ""C:/Users/davia/biomedical_engineering/benchmarking/lrdbench/configs/suites/data/openneuro_ds002691_pilot/csv/openneuro_ds002691_sub-001_task-internalattention_E1_seg-0001.csv""], [""subject"", ""sub-001""]]}"
per_series,openneuro_ds002691_sub-001_task-internalattention_E1_seg-0001,DFA::balanced_scales__vs__Variance,pairwise_estimator_disagreement,0.252266,"{""channel"": ""E1"", ""condition"": ""continuous_window"", ""segment_id"": ""seg-0001"", ""series_index"": 0, ""session"": ""n/a"", ""source_kind"": ""csv_series_index"", ""source_path"": ""C:/Users/davia/biomedical_engineering/benchmarking/lrdbench/configs/suites/data/openneuro_ds002691_pilot/csv/openneuro_ds002691_sub-001_task-internalattention_E1_seg-0001.csv"", ""subject"": ""sub-001""}","{""estimator_a"": ""DFA::balanced_scales"", ""estimator_b"": ""Variance"", ""estimator_families"": [""temporal"", ""temporal"", ""temporal"", ""temporal"", ""temporal"", ""temporal"", ""temporal"", ""temporal"", ""geometric"", ""geometric"", ""wavelet"", ""wavelet""], ""estimator_names"": [""RS"", ""DFA::short_scales"", ""DFA::balanced_scales"", ""DMA::short_windows"", ""DMA::balanced_windows"", ""AbsoluteMoment"", ""Variance"", ""VarianceResidual"", ""GHE"", ""Higuchi"", ""WaveletOLS::broad_band"", ""WaveletOLS::conservative_band""], ""family_a"": ""temporal"", ""family_b"": ""temporal"", ""n_estimators"": 12, ""stratum_key"": [[""channel"", ""E1""], [""condition"", ""continuous_window""], [""segment_id"", ""seg-0001""], [""series_index"", 0], [""session"", ""n/a""], [""source_kind"", ""csv_series_index""], [""source_path"", ""C:/Users/davia/biomedical_engineering/benchmarking/lrdbench/configs/suites/data/openneuro_ds002691_pilot/csv/openneuro_ds002691_sub-001_task-internalattention_E1_seg-0001.csv""], [""subject"", ""sub-001""]]}"
per_series,openneuro_ds002691_sub-001_task-internalattention_E1_seg-0001,DFA::balanced_scales__vs__VarianceResidual,pairwise_estimator_disagreement,0.0,"{""channel"": ""E1"", ""condition"": ""continuous_window"", ""segment_id"": ""seg-0001"", ""series_index"": 0, ""session"": ""n/a"", ""source_kind"": ""csv_series_index"", ""source_path"": ""C:/Users/davia/biomedical_engineering/benchmarking/lrdbench/configs/suites/data/openneuro_ds002691_pilot/csv/openneuro_ds002691_sub-001_task-internalattention_E1_seg-0001.csv"", ""subject"": ""sub-001""}","{""estimator_a"": ""DFA::balanced_scales"", ""estimator_b"": ""VarianceResidual"", ""estimator_families"": [""temporal"", ""temporal"", ""temporal"", ""temporal"", ""temporal"", ""temporal"", ""temporal"", ""temporal"", ""geometric"", ""geometric"", ""wavelet"", ""wavelet""], ""estimator_names"": [""RS"", ""DFA::short_scales"", ""DFA::balanced_scales"", ""DMA::short_windows"", ""DMA::balanced_windows"", ""AbsoluteMoment"", ""Variance"", ""VarianceResidual"", ""GHE"", ""Higuchi"", ""WaveletOLS::broad_band"", ""WaveletOLS::conservative_band""], ""family_a"": ""temporal"", ""family_b"": ""temporal"", ""n_estimators"": 12, ""stratum_key"": [[""channel"", ""E1""], [""condition"", ""continuous_window""], [""segment_id"", ""seg-0001""], [""series_index"", 0], [""session"", ""n/a""], [""source_kind"", ""csv_series_index""], [""source_path"", ""C:/Users/davia/biomedical_engineering/benchmarking/lrdbench/configs/suites/data/openneuro_ds002691_pilot/csv/openneuro_ds002691_sub-001_task-internalattention_E1_seg-0001.csv""], [""subject"", ""sub-001""]]}"
per_series,openneuro_ds002691_sub-001_task-internalattention_E1_seg-0001,DFA::balanced_scales__vs__GHE,pairwise_estimator_disagreement,0.75886,"{""channel"": ""E1"", ""condition"": ""continuous_window"", ""segment_id"": ""seg-0001"", ""series_index"": 0, ""session"": ""n/a"", ""source_kind"": ""csv_series_index"", ""source_path"": ""C:/Users/davia/biomedical_engineering/benchmarking/lrdbench/configs/suites/data/openneuro_ds002691_pilot/csv/openneuro_ds002691_sub-001_task-internalattention_E1_seg-0001.csv"", ""subject"": ""sub-001""}","{""estimator_a"": ""DFA::balanced_scales"", ""estimator_b"": ""GHE"", ""estimator_families"": [""temporal"", ""temporal"", ""temporal"", ""temporal"", ""temporal"", ""temporal"", ""temporal"", ""temporal"", ""geometric"", ""geometric"", ""wavelet"", ""wavelet""], ""estimator_names"": [""RS"", ""DFA::short_scales"", ""DFA::balanced_scales"", ""DMA::short_windows"", ""DMA::balanced_windows"", ""AbsoluteMoment"", ""Variance"", ""VarianceResidual"", ""GHE"", ""Higuchi"", ""WaveletOLS::broad_band"", ""WaveletOLS::conservative_band""], ""family_a"": ""temporal"", ""family_b"": ""geometric"", ""n_estimators"": 12, ""stratum_key"": [[""channel"", ""E1""], [""condition"", ""continuous_window""], [""segment_id"", ""seg-0001""], [""series_index"", 0], [""session"", ""n/a""], [""source_kind"", ""csv_series_index""], [""source_path"", ""C:/Users/davia/biomedical_engineering/benchmarking/lrdbench/configs/suites/data/openneuro_ds002691_pilot/csv/openneuro_ds002691_sub-001_task-internalattention_E1_seg-0001.csv""], [""subject"", ""sub-001""]]}"
per_series,openneuro_ds002691_sub-001_task-internalattention_E1_seg-0001,DFA::balanced_scales__vs__Higuchi,pairwise_estimator_disagreement,0.0,"{""channel"": ""E1"", ""condition"": ""continuous_window"", ""segment_id"": ""seg-0001"", ""series_index"": 0, ""session"": ""n/a"", ""source_kind"": ""csv_series_index"", ""source_path"": ""C:/Users/davia/biomedical_engineering/benchmarking/lrdbench/configs/suites/data/openneuro_ds002691_pilot/csv/openneuro_ds002691_sub-001_task-internalattention_E1_seg-0001.csv"", ""subject"": ""sub-001""}","{""estimator_a"": ""DFA::balanced_scales"", ""estimator_b"": ""Higuchi"", ""estimator_families"": [""temporal"", ""temporal"", ""temporal"", ""temporal"", ""temporal"", ""temporal"", ""temporal"", ""temporal"", ""geometric"", ""geometric"", ""wavelet"", ""wavelet""], ""estimator_names"": [""RS"", ""DFA::short_scales"", ""DFA::balanced_scales"", ""DMA::short_windows"", ""DMA::balanced_windows"", ""AbsoluteMoment"", ""Variance"", ""VarianceResidual"", ""GHE"", ""Higuchi"", ""WaveletOLS::broad_band"", ""WaveletOLS::conservative_band""], ""family_a"": ""temporal"", ""family_b"": ""geometric"", ""n_estimators"": 12, ""stratum_key"": [[""channel"", ""E1""], [""condition"", ""continuous_window""], [""segment_id"", ""seg-0001""], [""series_index"", 0], [""session"", ""n/a""], [""source_kind"", ""csv_series_index""], [""source_path"", ""C:/Users/davia/biomedical_engineering/benchmarking/lrdbench/configs/suites/data/openneuro_ds002691_pilot/csv/openneuro_ds002691_sub-001_task-internalattention_E1_seg-0001.csv""], [""subject"", ""sub-001""]]}"
per_series,openneuro_ds002691_sub-001_task-internalattention_E1_seg-0001,DFA::balanced_scales__vs__WaveletOLS::broad_band,pairwise_estimator_disagreement,0.69113,"{""channel"": ""E1"", ""condition"": ""continuous_window"", ""segment_id"": ""seg-0001"", ""series_index"": 0, ""session"": ""n/a"", ""source_kind"": ""csv_series_index"", ""source_path"": ""C:/Users/davia/biomedical_engineering/benchmarking/lrdbench/configs/suites/data/openneuro_ds002691_pilot/csv/openneuro_ds002691_sub-001_task-internalattention_E1_seg-0001.csv"", ""subject"": ""sub-001""}","{""estimator_a"": ""DFA::balanced_scales"", ""estimator_b"": ""WaveletOLS::broad_band"", ""estimator_families"": [""temporal"", ""temporal"", ""temporal"", ""temporal"", ""temporal"", ""temporal"", ""temporal"", ""temporal"", ""geometric"", ""geometric"", ""wavelet"", ""wavelet""], ""estimator_names"": [""RS"", ""DFA::short_scales"", ""DFA::balanced_scales"", ""DMA::short_windows"", ""DMA::balanced_windows"", ""AbsoluteMoment"", ""Variance"", ""VarianceResidual"", ""GHE"", ""Higuchi"", ""WaveletOLS::broad_band"", ""WaveletOLS::conservative_band""], ""family_a"": ""temporal"", ""family_b"": ""wavelet"", ""n_estimators"": 12, ""stratum_key"": [[""channel"", ""E1""], [""condition"", ""continuous_window""], [""segment_id"", ""seg-0001""], [""series_index"", 0], [""session"", ""n/a""], [""source_kind"", ""csv_series_index""], [""source_path"", ""C:/Users/davia/biomedical_engineering/benchmarking/lrdbench/configs/suites/data/openneuro_ds002691_pilot/csv/openneuro_ds002691_sub-001_task-internalattention_E1_seg-0001.csv""], [""subject"", ""sub-001""]]}"
per_series,openneuro_ds002691_sub-001_task-internalattention_E1_seg-0001,DFA::balanced_scales__vs__WaveletOLS::conservative_band,pairwise_estimator_disagreement,0.74847,"{""channel"": ""E1"", ""condition"": ""continuous_window"", ""segment_id"": ""seg-0001"", ""series_index"": 0, ""session"": ""n/a"", ""source_kind"": ""csv_series_index"", ""source_path"": ""C:/Users/davia/biomedical_engineering/benchmarking/lrdbench/configs/suites/data/openneuro_ds002691_pilot/csv/openneuro_ds002691_sub-001_task-internalattention_E1_seg-0001.csv"", ""subject"": ""sub-001""}","{""estimator_a"": ""DFA::balanced_scales"", ""estimator_b"": ""WaveletOLS::conservative_band"", ""estimator_families"": [""temporal"", ""temporal"", ""temporal"", ""temporal"", ""temporal"", ""temporal"", ""temporal"", ""temporal"", ""geometric"", ""geometric"", ""wavelet"", ""wavelet""], ""estimator_names"": [""RS"", ""DFA::short_scales"", ""DFA::balanced_scales"", ""DMA::short_windows"", ""DMA::balanced_windows"", ""AbsoluteMoment"", ""Variance"", ""VarianceResidual"", ""GHE"", ""Higuchi"", ""WaveletOLS::broad_band"", ""WaveletOLS::conservative_band""], ""family_a"": ""temporal"", ""family_b"": ""wavelet"", ""n_estimators"": 12, ""stratum_key"": [[""channel"", ""E1""], [""condition"", ""continuous_window""], [""segment_id"", ""seg-0001""], [""series_index"", 0], [""session"", ""n/a""], [""source_kind"", ""csv_series_index""], [""source_path"", ""C:/Users/davia/biomedical_engineering/benchmarking/lrdbench/configs/suites/data/openneuro_ds002691_pilot/csv/openneuro_ds002691_sub-001_task-internalattention_E1_seg-0001.csv""], [""subject"", ""sub-001""]]}"
per_series,openneuro_ds002691_sub-001_task-internalattention_E1_seg-0001,DMA::short_windows__vs__DMA::balanced_windows,pairwise_estimator_disagreement,0.128876,"{""channel"": ""E1"", ""condition"": ""continuous_window"", ""segment_id"": ""seg-0001"", ""series_index"": 0, ""session"": ""n/a"", ""source_kind"": ""csv_series_index"", ""source_path"": ""C:/Users/davia/biomedical_engineering/benchmarking/lrdbench/configs/suites/data/openneuro_ds002691_pilot/csv/openneuro_ds002691_sub-001_task-internalattention_E1_seg-0001.csv"", ""subject"": ""sub-001""}","{""estimator_a"": ""DMA::short_windows"", ""estimator_b"": ""DMA::balanced_windows"", ""estimator_families"": [""temporal"", ""temporal"", ""temporal"", ""temporal"", ""temporal"", ""temporal"", ""temporal"", ""temporal"", ""geometric"", ""geometric"", ""wavelet"", ""wavelet""], ""estimator_names"": [""RS"", ""DFA::short_scales"", ""DFA::balanced_scales"", ""DMA::short_windows"", ""DMA::balanced_windows"", ""AbsoluteMoment"", ""Variance"", ""VarianceResidual"", ""GHE"", ""Higuchi"", ""WaveletOLS::broad_band"", ""WaveletOLS::conservative_band""], ""family_a"": ""temporal"", ""family_b"": ""temporal"", ""n_estimators"": 12, ""stratum_key"": [[""channel"", ""E1""], [""condition"", ""continuous_window""], [""segment_id"", ""seg-0001""], [""series_index"", 0], [""session"", ""n/a""], [""source_kind"", ""csv_series_index""], [""source_path"", ""C:/Users/davia/biomedical_engineering/benchmarking/lrdbench/configs/suites/data/openneuro_ds002691_pilot/csv/openneuro_ds002691_sub-001_task-internalattention_E1_seg-0001.csv""], [""subject"", ""sub-001""]]}"
per_series,openneuro_ds002691_sub-001_task-internalattention_E1_seg-0001,DMA::short_windows__vs__AbsoluteMoment,pairwise_estimator_disagreement,0.083308,"{""channel"": ""E1"", ""condition"": ""continuous_window"", ""segment_id"": ""seg-0001"", ""series_index"": 0, ""session"": ""n/a"", ""source_kind"": ""csv_series_index"", ""source_path"": ""C:/Users/davia/biomedical_engineering/benchmarking/lrdbench/configs/suites/data/openneuro_ds002691_pilot/csv/openneuro_ds002691_sub-001_task-internalattention_E1_seg-0001.csv"", ""subject"": ""sub-001""}","{""estimator_a"": ""DMA::short_windows"", ""estimator_b"": ""AbsoluteMoment"", ""estimator_families"": [""temporal"", ""temporal"", ""temporal"", ""temporal"", ""temporal"", ""temporal"", ""temporal"", ""temporal"", ""geometric"", ""geometric"", ""wavelet"", ""wavelet""], ""estimator_names"": [""RS"", ""DFA::short_scales"", ""DFA::balanced_scales"", ""DMA::short_windows"", ""DMA::balanced_windows"", ""AbsoluteMoment"", ""Variance"", ""VarianceResidual"", ""GHE"", ""Higuchi"", ""WaveletOLS::broad_band"", ""WaveletOLS::conservative_band""], ""family_a"": ""temporal"", ""family_b"": ""temporal"", ""n_estimators"": 12, ""stratum_key"": [[""channel"", ""E1""], [""condition"", ""continuous_window""], [""segment_id"", ""seg-0001""], [""series_index"", 0], [""session"", ""n/a""], [""source_kind"", ""csv_series_index""], [""source_path"", ""C:/Users/davia/biomedical_engineering/benchmarking/lrdbench/configs/suites/data/openneuro_ds002691_pilot/csv/openneuro_ds002691_sub-001_task-internalattention_E1_seg-0001.csv""], [""subject"", ""sub-001""]]}"
per_series,openneuro_ds002691_sub-001_task-internalattention_E1_seg-0001,DMA::short_windows__vs__Variance,pairwise_estimator_disagreement,0.054654,"{""channel"": ""E1"", ""condition"": ""continuous_window"", ""segment_id"": ""seg-0001"", ""series_index"": 0, ""session"": ""n/a"", ""source_kind"": ""csv_series_index"", ""source_path"": ""C:/Users/davia/biomedical_engineering/benchmarking/lrdbench/configs/suites/data/openneuro_ds002691_pilot/csv/openneuro_ds002691_sub-001_task-internalattention_E1_seg-0001.csv"", ""subject"": ""sub-001""}","{""estimator_a"": ""DMA::short_windows"", ""estimator_b"": ""Variance"", ""estimator_families"": [""temporal"", ""temporal"", ""temporal"", ""temporal"", ""temporal"", ""temporal"", ""temporal"", ""temporal"", ""geometric"", ""geometric"", ""wavelet"", ""wavelet""], ""estimator_names"": [""RS"", ""DFA::short_scales"", ""DFA::balanced_scales"", ""DMA::short_windows"", ""DMA::balanced_windows"", ""AbsoluteMoment"", ""Variance"", ""VarianceResidual"", ""GHE"", ""Higuchi"", ""WaveletOLS::broad_band"", ""WaveletOLS::conservative_band""], ""family_a"": ""temporal"", ""family_b"": ""temporal"", ""n_estimators"": 12, ""stratum_key"": [[""channel"", ""E1""], [""condition"", ""continuous_window""], [""segment_id"", ""seg-0001""], [""series_index"", 0], [""session"", ""n/a""], [""source_kind"", ""csv_series_index""], [""source_path"", ""C:/Users/davia/biomedical_engineering/benchmarking/lrdbench/configs/suites/data/openneuro_ds002691_pilot/csv/openneuro_ds002691_sub-001_task-internalattention_E1_seg-0001.csv""], [""subject"", ""sub-001""]]}"
per_series,openneuro_ds002691_sub-001_task-internalattention_E1_seg-0001,DMA::short_windows__vs__VarianceResidual,pairwise_estimator_disagreement,0.197612,"{""channel"": ""E1"", ""condition"": ""continuous_window"", ""segment_id"": ""seg-0001"", ""series_index"": 0, ""session"": ""n/a"", ""source_kind"": ""csv_series_index"", ""source_path"": ""C:/Users/davia/biomedical_engineering/benchmarking/lrdbench/configs/suites/data/openneuro_ds002691_pilot/csv/openneuro_ds002691_sub-001_task-internalattention_E1_seg-0001.csv"", ""subject"": ""sub-001""}","{""estimator_a"": ""DMA::short_windows"", ""estimator_b"": ""VarianceResidual"", ""estimator_families"": [""temporal"", ""temporal"", ""temporal"", ""temporal"", ""temporal"", ""temporal"", ""temporal"", ""temporal"", ""geometric"", ""geometric"", ""wavelet"", ""wavelet""], ""estimator_names"": [""RS"", ""DFA::short_scales"", ""DFA::balanced_scales"", ""DMA::short_windows"", ""DMA::balanced_windows"", ""AbsoluteMoment"", ""Variance"", ""VarianceResidual"", ""GHE"", ""Higuchi"", ""WaveletOLS::broad_band"", ""WaveletOLS::conservative_band""], ""family_a"": ""temporal"", ""family_b"": ""temporal"", ""n_estimators"": 12, ""stratum_key"": [[""channel"", ""E1""], [""condition"", ""continuous_window""], [""segment_id"", ""seg-0001""], [""series_index"", 0], [""session"", ""n/a""], [""source_kind"", ""csv_series_index""], [""source_path"", ""C:/Users/davia/biomedical_engineering/benchmarking/lrdbench/configs/suites/data/openneuro_ds002691_pilot/csv/openneuro_ds002691_sub-001_task-internalattention_E1_seg-0001.csv""], [""subject"", ""sub-001""]]}"
per_series,openneuro_ds002691_sub-001_task-internalattention_E1_seg-0001,DMA::short_windows__vs__GHE,pairwise_estimator_disagreement,0.561248,"{""channel"": ""E1"", ""condition"": ""continuous_window"", ""segment_id"": ""seg-0001"", ""series_index"": 0, ""session"": ""n/a"", ""source_kind"": ""csv_series_index"", ""source_path"": ""C:/Users/davia/biomedical_engineering/benchmarking/lrdbench/configs/suites/data/openneuro_ds002691_pilot/csv/openneuro_ds002691_sub-001_task-internalattention_E1_seg-0001.csv"", ""subject"": ""sub-001""}","{""estimator_a"": ""DMA::short_windows"", ""estimator_b"": ""GHE"", ""estimator_families"": [""temporal"", ""temporal"", ""temporal"", ""temporal"", ""temporal"", ""temporal"", ""temporal"", ""temporal"", ""geometric"", ""geometric"", ""wavelet"", ""wavelet""], ""estimator_names"": [""RS"", ""DFA::short_scales"", ""DFA::balanced_scales"", ""DMA::short_windows"", ""DMA::balanced_windows"", ""AbsoluteMoment"", ""Variance"", ""VarianceResidual"", ""GHE"", ""Higuchi"", ""WaveletOLS::broad_band"", ""WaveletOLS::conservative_band""], ""family_a"": ""temporal"", ""family_b"": ""geometric"", ""n_estimators"": 12, ""stratum_key"": [[""channel"", ""E1""], [""condition"", ""continuous_window""], [""segment_id"", ""seg-0001""], [""series_index"", 0], [""session"", ""n/a""], [""source_kind"", ""csv_series_index""], [""source_path"", ""C:/Users/davia/biomedical_engineering/benchmarking/lrdbench/configs/suites/data/openneuro_ds002691_pilot/csv/openneuro_ds002691_sub-001_task-internalattention_E1_seg-0001.csv""], [""subject"", ""sub-001""]]}"
per_series,openneuro_ds002691_sub-001_task-internalattention_E1_seg-0001,DMA::short_windows__vs__Higuchi,pairwise_estimator_disagreement,0.197612,"{""channel"": ""E1"", ""condition"": ""continuous_window"", ""segment_id"": ""seg-0001"", ""series_index"": 0, ""session"": ""n/a"", ""source_kind"": ""csv_series_index"", ""source_path"": ""C:/Users/davia/biomedical_engineering/benchmarking/lrdbench/configs/suites/data/openneuro_ds002691_pilot/csv/openneuro_ds002691_sub-001_task-internalattention_E1_seg-0001.csv"", ""subject"": ""sub-001""}","{""estimator_a"": ""DMA::short_windows"", ""estimator_b"": ""Higuchi"", ""estimator_families"": [""temporal"", ""temporal"", ""temporal"", ""temporal"", ""temporal"", ""temporal"", ""temporal"", ""temporal"", ""geometric"", ""geometric"", ""wavelet"", ""wavelet""], ""estimator_names"": [""RS"", ""DFA::short_scales"", ""DFA::balanced_scales"", ""DMA::short_windows"", ""DMA::balanced_windows"", ""AbsoluteMoment"", ""Variance"", ""VarianceResidual"", ""GHE"", ""Higuchi"", ""WaveletOLS::broad_band"", ""WaveletOLS::conservative_band""], ""family_a"": ""temporal"", ""family_b"": ""geometric"", ""n_estimators"": 12, ""stratum_key"": [[""channel"", ""E1""], [""condition"", ""continuous_window""], [""segment_id"", ""seg-0001""], [""series_index"", 0], [""session"", ""n/a""], [""source_kind"", ""csv_series_index""], [""source_path"", ""C:/Users/davia/biomedical_engineering/benchmarking/lrdbench/configs/suites/data/openneuro_ds002691_pilot/csv/openneuro_ds002691_sub-001_task-internalattention_E1_seg-0001.csv""], [""subject"", ""sub-001""]]}"
per_series,openneuro_ds002691_sub-001_task-internalattention_E1_seg-0001,DMA::short_windows__vs__WaveletOLS::broad_band,pairwise_estimator_disagreement,0.493518,"{""channel"": ""E1"", ""condition"": ""continuous_window"", ""segment_id"": ""seg-0001"", ""series_index"": 0, ""session"": ""n/a"", ""source_kind"": ""csv_series_index"", ""source_path"": ""C:/Users/davia/biomedical_engineering/benchmarking/lrdbench/configs/suites/data/openneuro_ds002691_pilot/csv/openneuro_ds002691_sub-001_task-internalattention_E1_seg-0001.csv"", ""subject"": ""sub-001""}","{""estimator_a"": ""DMA::short_windows"", ""estimator_b"": ""WaveletOLS::broad_band"", ""estimator_families"": [""temporal"", ""temporal"", ""temporal"", ""temporal"", ""temporal"", ""temporal"", ""temporal"", ""temporal"", ""geometric"", ""geometric"", ""wavelet"", ""wavelet""], ""estimator_names"": [""RS"", ""DFA::short_scales"", ""DFA::balanced_scales"", ""DMA::short_windows"", ""DMA::balanced_windows"", ""AbsoluteMoment"", ""Variance"", ""VarianceResidual"", ""GHE"", ""Higuchi"", ""WaveletOLS::broad_band"", ""WaveletOLS::conservative_band""], ""family_a"": ""temporal"", ""family_b"": ""wavelet"", ""n_estimators"": 12, ""stratum_key"": [[""channel"", ""E1""], [""condition"", ""continuous_window""], [""segment_id"", ""seg-0001""], [""series_index"", 0], [""session"", ""n/a""], [""source_kind"", ""csv_series_index""], [""source_path"", ""C:/Users/davia/biomedical_engineering/benchmarking/lrdbench/configs/suites/data/openneuro_ds002691_pilot/csv/openneuro_ds002691_sub-001_task-internalattention_E1_seg-0001.csv""], [""subject"", ""sub-001""]]}"
per_series,openneuro_ds002691_sub-001_task-internalattention_E1_seg-0001,DMA::short_windows__vs__WaveletOLS::conservative_band,pairwise_estimator_disagreement,0.550858,"{""channel"": ""E1"", ""condition"": ""continuous_window"", ""segment_id"": ""seg-0001"", ""series_index"": 0, ""session"": ""n/a"", ""source_kind"": ""csv_series_index"", ""source_path"": ""C:/Users/davia/biomedical_engineering/benchmarking/lrdbench/configs/suites/data/openneuro_ds002691_pilot/csv/openneuro_ds002691_sub-001_task-internalattention_E1_seg-0001.csv"", ""subject"": ""sub-001""}","{""estimator_a"": ""DMA::short_windows"", ""estimator_b"": ""WaveletOLS::conservative_band"", ""estimator_families"": [""temporal"", ""temporal"", ""temporal"", ""temporal"", ""temporal"", ""temporal"", ""temporal"", ""temporal"", ""geometric"", ""geometric"", ""wavelet"", ""wavelet""], ""estimator_names"": [""RS"", ""DFA::short_scales"", ""DFA::balanced_scales"", ""DMA::short_windows"", ""DMA::balanced_windows"", ""AbsoluteMoment"", ""Variance"", ""VarianceResidual"", ""GHE"", ""Higuchi"", ""WaveletOLS::broad_band"", ""WaveletOLS::conservative_band""], ""family_a"": ""temporal"", ""family_b"": ""wavelet"", ""n_estimators"": 12, ""stratum_key"": [[""channel"", ""E1""], [""condition"", ""continuous_window""], [""segment_id"", ""seg-0001""], [""series_index"", 0], [""session"", ""n/a""], [""source_kind"", ""csv_series_index""], [""source_path"", ""C:/Users/davia/biomedical_engineering/benchmarking/lrdbench/configs/suites/data/openneuro_ds002691_pilot/csv/openneuro_ds002691_sub-001_task-internalattention_E1_seg-0001.csv""], [""subject"", ""sub-001""]]}"
per_series,openneuro_ds002691_sub-001_task-internalattention_E1_seg-0001,DMA::balanced_windows__vs__AbsoluteMoment,pairwise_estimator_disagreement,0.045568,"{""channel"": ""E1"", ""condition"": ""continuous_window"", ""segment_id"": ""seg-0001"", ""series_index"": 0, ""session"": ""n/a"", ""source_kind"": ""csv_series_index"", ""source_path"": ""C:/Users/davia/biomedical_engineering/benchmarking/lrdbench/configs/suites/data/openneuro_ds002691_pilot/csv/openneuro_ds002691_sub-001_task-internalattention_E1_seg-0001.csv"", ""subject"": ""sub-001""}","{""estimator_a"": ""DMA::balanced_windows"", ""estimator_b"": ""AbsoluteMoment"", ""estimator_families"": [""temporal"", ""temporal"", ""temporal"", ""temporal"", ""temporal"", ""temporal"", ""temporal"", ""temporal"", ""geometric"", ""geometric"", ""wavelet"", ""wavelet""], ""estimator_names"": [""RS"", ""DFA::short_scales"", ""DFA::balanced_scales"", ""DMA::short_windows"", ""DMA::balanced_windows"", ""AbsoluteMoment"", ""Variance"", ""VarianceResidual"", ""GHE"", ""Higuchi"", ""WaveletOLS::broad_band"", ""WaveletOLS::conservative_band""], ""family_a"": ""temporal"", ""family_b"": ""temporal"", ""n_estimators"": 12, ""stratum_key"": [[""channel"", ""E1""], [""condition"", ""continuous_window""], [""segment_id"", ""seg-0001""], [""series_index"", 0], [""session"", ""n/a""], [""source_kind"", ""csv_series_index""], [""source_path"", ""C:/Users/davia/biomedical_engineering/benchmarking/lrdbench/configs/suites/data/openneuro_ds002691_pilot/csv/openneuro_ds002691_sub-001_task-internalattention_E1_seg-0001.csv""], [""subject"", ""sub-001""]]}"
per_series,openneuro_ds002691_sub-001_task-internalattention_E1_seg-0001,DMA::balanced_windows__vs__Variance,pairwise_estimator_disagreement,0.074222,"{""channel"": ""E1"", ""condition"": ""continuous_window"", ""segment_id"": ""seg-0001"", ""series_index"": 0, ""session"": ""n/a"", ""source_kind"": ""csv_series_index"", ""source_path"": ""C:/Users/davia/biomedical_engineering/benchmarking/lrdbench/configs/suites/data/openneuro_ds002691_pilot/csv/openneuro_ds002691_sub-001_task-internalattention_E1_seg-0001.csv"", ""subject"": ""sub-001""}","{""estimator_a"": ""DMA::balanced_windows"", ""estimator_b"": ""Variance"", ""estimator_families"": [""temporal"", ""temporal"", ""temporal"", ""temporal"", ""temporal"", ""temporal"", ""temporal"", ""temporal"", ""geometric"", ""geometric"", ""wavelet"", ""wavelet""], ""estimator_names"": [""RS"", ""DFA::short_scales"", ""DFA::balanced_scales"", ""DMA::short_windows"", ""DMA::balanced_windows"", ""AbsoluteMoment"", ""Variance"", ""VarianceResidual"", ""GHE"", ""Higuchi"", ""WaveletOLS::broad_band"", ""WaveletOLS::conservative_band""], ""family_a"": ""temporal"", ""family_b"": ""temporal"", ""n_estimators"": 12, ""stratum_key"": [[""channel"", ""E1""], [""condition"", ""continuous_window""], [""segment_id"", ""seg-0001""], [""series_index"", 0], [""session"", ""n/a""], [""source_kind"", ""csv_series_index""], [""source_path"", ""C:/Users/davia/biomedical_engineering/benchmarking/lrdbench/configs/suites/data/openneuro_ds002691_pilot/csv/openneuro_ds002691_sub-001_task-internalattention_E1_seg-0001.csv""], [""subject"", ""sub-001""]]}"
per_series,openneuro_ds002691_sub-001_task-internalattention_E1_seg-0001,DMA::balanced_windows__vs__VarianceResidual,pairwise_estimator_disagreement,0.326488,"{""channel"": ""E1"", ""condition"": ""continuous_window"", ""segment_id"": ""seg-0001"", ""series_index"": 0, ""session"": ""n/a"", ""source_kind"": ""csv_series_index"", ""source_path"": ""C:/Users/davia/biomedical_engineering/benchmarking/lrdbench/configs/suites/data/openneuro_ds002691_pilot/csv/openneuro_ds002691_sub-001_task-internalattention_E1_seg-0001.csv"", ""subject"": ""sub-001""}","{""estimator_a"": ""DMA::balanced_windows"", ""estimator_b"": ""VarianceResidual"", ""estimator_families"": [""temporal"", ""temporal"", ""temporal"", ""temporal"", ""temporal"", ""temporal"", ""temporal"", ""temporal"", ""geometric"", ""geometric"", ""wavelet"", ""wavelet""], ""estimator_names"": [""RS"", ""DFA::short_scales"", ""DFA::balanced_scales"", ""DMA::short_windows"", ""DMA::balanced_windows"", ""AbsoluteMoment"", ""Variance"", ""VarianceResidual"", ""GHE"", ""Higuchi"", ""WaveletOLS::broad_band"", ""WaveletOLS::conservative_band""], ""family_a"": ""temporal"", ""family_b"": ""temporal"", ""n_estimators"": 12, ""stratum_key"": [[""channel"", ""E1""], [""condition"", ""continuous_window""], [""segment_id"", ""seg-0001""], [""series_index"", 0], [""session"", ""n/a""], [""source_kind"", ""csv_series_index""], [""source_path"", ""C:/Users/davia/biomedical_engineering/benchmarking/lrdbench/configs/suites/data/openneuro_ds002691_pilot/csv/openneuro_ds002691_sub-001_task-internalattention_E1_seg-0001.csv""], [""subject"", ""sub-001""]]}"
per_series,openneuro_ds002691_sub-001_task-internalattention_E1_seg-0001,DMA::balanced_windows__vs__GHE,pairwise_estimator_disagreement,0.432372,"{""channel"": ""E1"", ""condition"": ""continuous_window"", ""segment_id"": ""seg-0001"", ""series_index"": 0, ""session"": ""n/a"", ""source_kind"": ""csv_series_index"", ""source_path"": ""C:/Users/davia/biomedical_engineering/benchmarking/lrdbench/configs/suites/data/openneuro_ds002691_pilot/csv/openneuro_ds002691_sub-001_task-internalattention_E1_seg-0001.csv"", ""subject"": ""sub-001""}","{""estimator_a"": ""DMA::balanced_windows"", ""estimator_b"": ""GHE"", ""estimator_families"": [""temporal"", ""temporal"", ""temporal"", ""temporal"", ""temporal"", ""temporal"", ""temporal"", ""temporal"", ""geometric"", ""geometric"", ""wavelet"", ""wavelet""], ""estimator_names"": [""RS"", ""DFA::short_scales"", ""DFA::balanced_scales"", ""DMA::short_windows"", ""DMA::balanced_windows"", ""AbsoluteMoment"", ""Variance"", ""VarianceResidual"", ""GHE"", ""Higuchi"", ""WaveletOLS::broad_band"", ""WaveletOLS::conservative_band""], ""family_a"": ""temporal"", ""family_b"": ""geometric"", ""n_estimators"": 12, ""stratum_key"": [[""channel"", ""E1""], [""condition"", ""continuous_window""], [""segment_id"", ""seg-0001""], [""series_index"", 0], [""session"", ""n/a""], [""source_kind"", ""csv_series_index""], [""source_path"", ""C:/Users/davia/biomedical_engineering/benchmarking/lrdbench/configs/suites/data/openneuro_ds002691_pilot/csv/openneuro_ds002691_sub-001_task-internalattention_E1_seg-0001.csv""], [""subject"", ""sub-001""]]}"
per_series,openneuro_ds002691_sub-001_task-internalattention_E1_seg-0001,DMA::balanced_windows__vs__Higuchi,pairwise_estimator_disagreement,0.326488,"{""channel"": ""E1"", ""condition"": ""continuous_window"", ""segment_id"": ""seg-0001"", ""series_index"": 0, ""session"": ""n/a"", ""source_kind"": ""csv_series_index"", ""source_path"": ""C:/Users/davia/biomedical_engineering/benchmarking/lrdbench/configs/suites/data/openneuro_ds002691_pilot/csv/openneuro_ds002691_sub-001_task-internalattention_E1_seg-0001.csv"", ""subject"": ""sub-001""}","{""estimator_a"": ""DMA::balanced_windows"", ""estimator_b"": ""Higuchi"", ""estimator_families"": [""temporal"", ""temporal"", ""temporal"", ""temporal"", ""temporal"", ""temporal"", ""temporal"", ""temporal"", ""geometric"", ""geometric"", ""wavelet"", ""wavelet""], ""estimator_names"": [""RS"", ""DFA::short_scales"", ""DFA::balanced_scales"", ""DMA::short_windows"", ""DMA::balanced_windows"", ""AbsoluteMoment"", ""Variance"", ""VarianceResidual"", ""GHE"", ""Higuchi"", ""WaveletOLS::broad_band"", ""WaveletOLS::conservative_band""], ""family_a"": ""temporal"", ""family_b"": ""geometric"", ""n_estimators"": 12, ""stratum_key"": [[""channel"", ""E1""], [""condition"", ""continuous_window""], [""segment_id"", ""seg-0001""], [""series_index"", 0], [""session"", ""n/a""], [""source_kind"", ""csv_series_index""], [""source_path"", ""C:/Users/davia/biomedical_engineering/benchmarking/lrdbench/configs/suites/data/openneuro_ds002691_pilot/csv/openneuro_ds002691_sub-001_task-internalattention_E1_seg-0001.csv""], [""subject"", ""sub-001""]]}"
per_series,openneuro_ds002691_sub-001_task-internalattention_E1_seg-0001,DMA::balanced_windows__vs__WaveletOLS::broad_band,pairwise_estimator_disagreement,0.364642,"{""channel"": ""E1"", ""condition"": ""continuous_window"", ""segment_id"": ""seg-0001"", ""series_index"": 0, ""session"": ""n/a"", ""source_kind"": ""csv_series_index"", ""source_path"": ""C:/Users/davia/biomedical_engineering/benchmarking/lrdbench/configs/suites/data/openneuro_ds002691_pilot/csv/openneuro_ds002691_sub-001_task-internalattention_E1_seg-0001.csv"", ""subject"": ""sub-001""}","{""estimator_a"": ""DMA::balanced_windows"", ""estimator_b"": ""WaveletOLS::broad_band"", ""estimator_families"": [""temporal"", ""temporal"", ""temporal"", ""temporal"", ""temporal"", ""temporal"", ""temporal"", ""temporal"", ""geometric"", ""geometric"", ""wavelet"", ""wavelet""], ""estimator_names"": [""RS"", ""DFA::short_scales"", ""DFA::balanced_scales"", ""DMA::short_windows"", ""DMA::balanced_windows"", ""AbsoluteMoment"", ""Variance"", ""VarianceResidual"", ""GHE"", ""Higuchi"", ""WaveletOLS::broad_band"", ""WaveletOLS::conservative_band""], ""family_a"": ""temporal"", ""family_b"": ""wavelet"", ""n_estimators"": 12, ""stratum_key"": [[""channel"", ""E1""], [""condition"", ""continuous_window""], [""segment_id"", ""seg-0001""], [""series_index"", 0], [""session"", ""n/a""], [""source_kind"", ""csv_series_index""], [""source_path"", ""C:/Users/davia/biomedical_engineering/benchmarking/lrdbench/configs/suites/data/openneuro_ds002691_pilot/csv/openneuro_ds002691_sub-001_task-internalattention_E1_seg-0001.csv""], [""subject"", ""sub-001""]]}"
per_series,openneuro_ds002691_sub-001_task-internalattention_E1_seg-0001,DMA::balanced_windows__vs__WaveletOLS::conservative_band,pairwise_estimator_disagreement,0.421982,"{""channel"": ""E1"", ""condition"": ""continuous_window"", ""segment_id"": ""seg-0001"", ""series_index"": 0, ""session"": ""n/a"", ""source_kind"": ""csv_series_index"", ""source_path"": ""C:/Users/davia/biomedical_engineering/benchmarking/lrdbench/configs/suites/data/openneuro_ds002691_pilot/csv/openneuro_ds002691_sub-001_task-internalattention_E1_seg-0001.csv"", ""subject"": ""sub-001""}","{""estimator_a"": ""DMA::balanced_windows"", ""estimator_b"": ""WaveletOLS::conservative_band"", ""estimator_families"": [""temporal"", ""temporal"", ""temporal"", ""temporal"", ""temporal"", ""temporal"", ""temporal"", ""temporal"", ""geometric"", ""geometric"", ""wavelet"", ""wavelet""], ""estimator_names"": [""RS"", ""DFA::short_scales"", ""DFA::balanced_scales"", ""DMA::short_windows"", ""DMA::balanced_windows"", ""AbsoluteMoment"", ""Variance"", ""VarianceResidual"", ""GHE"", ""Higuchi"", ""WaveletOLS::broad_band"", ""WaveletOLS::conservative_band""], ""family_a"": ""temporal"", ""family_b"": ""wavelet"", ""n_estimators"": 12, ""stratum_key"": [[""channel"", ""E1""], [""condition"", ""continuous_window""], [""segment_id"", ""seg-0001""], [""series_index"", 0], [""session"", ""n/a""], [""source_kind"", ""csv_series_index""], [""source_path"", ""C:/Users/davia/biomedical_engineering/benchmarking/lrdbench/configs/suites/data/openneuro_ds002691_pilot/csv/openneuro_ds002691_sub-001_task-internalattention_E1_seg-0001.csv""], [""subject"", ""sub-001""]]}"
per_series,openneuro_ds002691_sub-001_task-internalattention_E1_seg-0001,AbsoluteMoment__vs__Variance,pairwise_estimator_disagreement,0.028654,"{""channel"": ""E1"", ""condition"": ""continuous_window"", ""segment_id"": ""seg-0001"", ""series_index"": 0, ""session"": ""n/a"", ""source_kind"": ""csv_series_index"", ""source_path"": ""C:/Users/davia/biomedical_engineering/benchmarking/lrdbench/configs/suites/data/openneuro_ds002691_pilot/csv/openneuro_ds002691_sub-001_task-internalattention_E1_seg-0001.csv"", ""subject"": ""sub-001""}","{""estimator_a"": ""AbsoluteMoment"", ""estimator_b"": ""Variance"", ""estimator_families"": [""temporal"", ""temporal"", ""temporal"", ""temporal"", ""temporal"", ""temporal"", ""temporal"", ""temporal"", ""geometric"", ""geometric"", ""wavelet"", ""wavelet""], ""estimator_names"": [""RS"", ""DFA::short_scales"", ""DFA::balanced_scales"", ""DMA::short_windows"", ""DMA::balanced_windows"", ""AbsoluteMoment"", ""Variance"", ""VarianceResidual"", ""GHE"", ""Higuchi"", ""WaveletOLS::broad_band"", ""WaveletOLS::conservative_band""], ""family_a"": ""temporal"", ""family_b"": ""temporal"", ""n_estimators"": 12, ""stratum_key"": [[""channel"", ""E1""], [""condition"", ""continuous_window""], [""segment_id"", ""seg-0001""], [""series_index"", 0], [""session"", ""n/a""], [""source_kind"", ""csv_series_index""], [""source_path"", ""C:/Users/davia/biomedical_engineering/benchmarking/lrdbench/configs/suites/data/openneuro_ds002691_pilot/csv/openneuro_ds002691_sub-001_task-internalattention_E1_seg-0001.csv""], [""subject"", ""sub-001""]]}"
per_series,openneuro_ds002691_sub-001_task-internalattention_E1_seg-0001,AbsoluteMoment__vs__VarianceResidual,pairwise_estimator_disagreement,0.28092,"{""channel"": ""E1"", ""condition"": ""continuous_window"", ""segment_id"": ""seg-0001"", ""series_index"": 0, ""session"": ""n/a"", ""source_kind"": ""csv_series_index"", ""source_path"": ""C:/Users/davia/biomedical_engineering/benchmarking/lrdbench/configs/suites/data/openneuro_ds002691_pilot/csv/openneuro_ds002691_sub-001_task-internalattention_E1_seg-0001.csv"", ""subject"": ""sub-001""}","{""estimator_a"": ""AbsoluteMoment"", ""estimator_b"": ""VarianceResidual"", ""estimator_families"": [""temporal"", ""temporal"", ""temporal"", ""temporal"", ""temporal"", ""temporal"", ""temporal"", ""temporal"", ""geometric"", ""geometric"", ""wavelet"", ""wavelet""], ""estimator_names"": [""RS"", ""DFA::short_scales"", ""DFA::balanced_scales"", ""DMA::short_windows"", ""DMA::balanced_windows"", ""AbsoluteMoment"", ""Variance"", ""VarianceResidual"", ""GHE"", ""Higuchi"", ""WaveletOLS::broad_band"", ""WaveletOLS::conservative_band""], ""family_a"": ""temporal"", ""family_b"": ""temporal"", ""n_estimators"": 12, ""stratum_key"": [[""channel"", ""E1""], [""condition"", ""continuous_window""], [""segment_id"", ""seg-0001""], [""series_index"", 0], [""session"", ""n/a""], [""source_kind"", ""csv_series_index""], [""source_path"", ""C:/Users/davia/biomedical_engineering/benchmarking/lrdbench/configs/suites/data/openneuro_ds002691_pilot/csv/openneuro_ds002691_sub-001_task-internalattention_E1_seg-0001.csv""], [""subject"", ""sub-001""]]}"
per_series,openneuro_ds002691_sub-001_task-internalattention_E1_seg-0001,AbsoluteMoment__vs__GHE,pairwise_estimator_disagreement,0.47794,"{""channel"": ""E1"", ""condition"": ""continuous_window"", ""segment_id"": ""seg-0001"", ""series_index"": 0, ""session"": ""n/a"", ""source_kind"": ""csv_series_index"", ""source_path"": ""C:/Users/davia/biomedical_engineering/benchmarking/lrdbench/configs/suites/data/openneuro_ds002691_pilot/csv/openneuro_ds002691_sub-001_task-internalattention_E1_seg-0001.csv"", ""subject"": ""sub-001""}","{""estimator_a"": ""AbsoluteMoment"", ""estimator_b"": ""GHE"", ""estimator_families"": [""temporal"", ""temporal"", ""temporal"", ""temporal"", ""temporal"", ""temporal"", ""temporal"", ""temporal"", ""geometric"", ""geometric"", ""wavelet"", ""wavelet""], ""estimator_names"": [""RS"", ""DFA::short_scales"", ""DFA::balanced_scales"", ""DMA::short_windows"", ""DMA::balanced_windows"", ""AbsoluteMoment"", ""Variance"", ""VarianceResidual"", ""GHE"", ""Higuchi"", ""WaveletOLS::broad_band"", ""WaveletOLS::conservative_band""], ""family_a"": ""temporal"", ""family_b"": ""geometric"", ""n_estimators"": 12, ""stratum_key"": [[""channel"", ""E1""], [""condition"", ""continuous_window""], [""segment_id"", ""seg-0001""], [""series_index"", 0], [""session"", ""n/a""], [""source_kind"", ""csv_series_index""], [""source_path"", ""C:/Users/davia/biomedical_engineering/benchmarking/lrdbench/configs/suites/data/openneuro_ds002691_pilot/csv/openneuro_ds002691_sub-001_task-internalattention_E1_seg-0001.csv""], [""subject"", ""sub-001""]]}"
per_series,openneuro_ds002691_sub-001_task-internalattention_E1_seg-0001,AbsoluteMoment__vs__Higuchi,pairwise_estimator_disagreement,0.28092,"{""channel"": ""E1"", ""condition"": ""continuous_window"", ""segment_id"": ""seg-0001"", ""series_index"": 0, ""session"": ""n/a"", ""source_kind"": ""csv_series_index"", ""source_path"": ""C:/Users/davia/biomedical_engineering/benchmarking/lrdbench/configs/suites/data/openneuro_ds002691_pilot/csv/openneuro_ds002691_sub-001_task-internalattention_E1_seg-0001.csv"", ""subject"": ""sub-001""}","{""estimator_a"": ""AbsoluteMoment"", ""estimator_b"": ""Higuchi"", ""estimator_families"": [""temporal"", ""temporal"", ""temporal"", ""temporal"", ""temporal"", ""temporal"", ""temporal"", ""temporal"", ""geometric"", ""geometric"", ""wavelet"", ""wavelet""], ""estimator_names"": [""RS"", ""DFA::short_scales"", ""DFA::balanced_scales"", ""DMA::short_windows"", ""DMA::balanced_windows"", ""AbsoluteMoment"", ""Variance"", ""VarianceResidual"", ""GHE"", ""Higuchi"", ""WaveletOLS::broad_band"", ""WaveletOLS::conservative_band""], ""family_a"": ""temporal"", ""family_b"": ""geometric"", ""n_estimators"": 12, ""stratum_key"": [[""channel"", ""E1""], [""condition"", ""continuous_window""], [""segment_id"", ""seg-0001""], [""series_index"", 0], [""session"", ""n/a""], [""source_kind"", ""csv_series_index""], [""source_path"", ""C:/Users/davia/biomedical_engineering/benchmarking/lrdbench/configs/suites/data/openneuro_ds002691_pilot/csv/openneuro_ds002691_sub-001_task-internalattention_E1_seg-0001.csv""], [""subject"", ""sub-001""]]}"
per_series,openneuro_ds002691_sub-001_task-internalattention_E1_seg-0001,AbsoluteMoment__vs__WaveletOLS::broad_band,pairwise_estimator_disagreement,0.41021,"{""channel"": ""E1"", ""condition"": ""continuous_window"", ""segment_id"": ""seg-0001"", ""series_index"": 0, ""session"": ""n/a"", ""source_kind"": ""csv_series_index"", ""source_path"": ""C:/Users/davia/biomedical_engineering/benchmarking/lrdbench/configs/suites/data/openneuro_ds002691_pilot/csv/openneuro_ds002691_sub-001_task-internalattention_E1_seg-0001.csv"", ""subject"": ""sub-001""}","{""estimator_a"": ""AbsoluteMoment"", ""estimator_b"": ""WaveletOLS::broad_band"", ""estimator_families"": [""temporal"", ""temporal"", ""temporal"", ""temporal"", ""temporal"", ""temporal"", ""temporal"", ""temporal"", ""geometric"", ""geometric"", ""wavelet"", ""wavelet""], ""estimator_names"": [""RS"", ""DFA::short_scales"", ""DFA::balanced_scales"", ""DMA::short_windows"", ""DMA::balanced_windows"", ""AbsoluteMoment"", ""Variance"", ""VarianceResidual"", ""GHE"", ""Higuchi"", ""WaveletOLS::broad_band"", ""WaveletOLS::conservative_band""], ""family_a"": ""temporal"", ""family_b"": ""wavelet"", ""n_estimators"": 12, ""stratum_key"": [[""channel"", ""E1""], [""condition"", ""continuous_window""], [""segment_id"", ""seg-0001""], [""series_index"", 0], [""session"", ""n/a""], [""source_kind"", ""csv_series_index""], [""source_path"", ""C:/Users/davia/biomedical_engineering/benchmarking/lrdbench/configs/suites/data/openneuro_ds002691_pilot/csv/openneuro_ds002691_sub-001_task-internalattention_E1_seg-0001.csv""], [""subject"", ""sub-001""]]}"
per_series,openneuro_ds002691_sub-001_task-internalattention_E1_seg-0001,AbsoluteMoment__vs__WaveletOLS::conservative_band,pairwise_estimator_disagreement,0.46755,"{""channel"": ""E1"", ""condition"": ""continuous_window"", ""segment_id"": ""seg-0001"", ""series_index"": 0, ""session"": ""n/a"", ""source_kind"": ""csv_series_index"", ""source_path"": ""C:/Users/davia/biomedical_engineering/benchmarking/lrdbench/configs/suites/data/openneuro_ds002691_pilot/csv/openneuro_ds002691_sub-001_task-internalattention_E1_seg-0001.csv"", ""subject"": ""sub-001""}","{""estimator_a"": ""AbsoluteMoment"", ""estimator_b"": ""WaveletOLS::conservative_band"", ""estimator_families"": [""temporal"", ""temporal"", ""temporal"", ""temporal"", ""temporal"", ""temporal"", ""temporal"", ""temporal"", ""geometric"", ""geometric"", ""wavelet"", ""wavelet""], ""estimator_names"": [""RS"", ""DFA::short_scales"", ""DFA::balanced_scales"", ""DMA::short_windows"", ""DMA::balanced_windows"", ""AbsoluteMoment"", ""Variance"", ""VarianceResidual"", ""GHE"", ""Higuchi"", ""WaveletOLS::broad_band"", ""WaveletOLS::conservative_band""], ""family_a"": ""temporal"", ""family_b"": ""wavelet"", ""n_estimators"": 12, ""stratum_key"": [[""channel"", ""E1""], [""condition"", ""continuous_window""], [""segment_id"", ""seg-0001""], [""series_index"", 0], [""session"", ""n/a""], [""source_kind"", ""csv_series_index""], [""source_path"", ""C:/Users/davia/biomedical_engineering/benchmarking/lrdbench/configs/suites/data/openneuro_ds002691_pilot/csv/openneuro_ds002691_sub-001_task-internalattention_E1_seg-0001.csv""], [""subject"", ""sub-001""]]}"
per_series,openneuro_ds002691_sub-001_task-internalattention_E1_seg-0001,Variance__vs__VarianceResidual,pairwise_estimator_disagreement,0.252266,"{""channel"": ""E1"", ""condition"": ""continuous_window"", ""segment_id"": ""seg-0001"", ""series_index"": 0, ""session"": ""n/a"", ""source_kind"": ""csv_series_index"", ""source_path"": ""C:/Users/davia/biomedical_engineering/benchmarking/lrdbench/configs/suites/data/openneuro_ds002691_pilot/csv/openneuro_ds002691_sub-001_task-internalattention_E1_seg-0001.csv"", ""subject"": ""sub-001""}","{""estimator_a"": ""Variance"", ""estimator_b"": ""VarianceResidual"", ""estimator_families"": [""temporal"", ""temporal"", ""temporal"", ""temporal"", ""temporal"", ""temporal"", ""temporal"", ""temporal"", ""geometric"", ""geometric"", ""wavelet"", ""wavelet""], ""estimator_names"": [""RS"", ""DFA::short_scales"", ""DFA::balanced_scales"", ""DMA::short_windows"", ""DMA::balanced_windows"", ""AbsoluteMoment"", ""Variance"", ""VarianceResidual"", ""GHE"", ""Higuchi"", ""WaveletOLS::broad_band"", ""WaveletOLS::conservative_band""], ""family_a"": ""temporal"", ""family_b"": ""temporal"", ""n_estimators"": 12, ""stratum_key"": [[""channel"", ""E1""], [""condition"", ""continuous_window""], [""segment_id"", ""seg-0001""], [""series_index"", 0], [""session"", ""n/a""], [""source_kind"", ""csv_series_index""], [""source_path"", ""C:/Users/davia/biomedical_engineering/benchmarking/lrdbench/configs/suites/data/openneuro_ds002691_pilot/csv/openneuro_ds002691_sub-001_task-internalattention_E1_seg-0001.csv""], [""subject"", ""sub-001""]]}"
per_series,openneuro_ds002691_sub-001_task-internalattention_E1_seg-0001,Variance__vs__GHE,pairwise_estimator_disagreement,0.506594,"{""channel"": ""E1"", ""condition"": ""continuous_window"", ""segment_id"": ""seg-0001"", ""series_index"": 0, ""session"": ""n/a"", ""source_kind"": ""csv_series_index"", ""source_path"": ""C:/Users/davia/biomedical_engineering/benchmarking/lrdbench/configs/suites/data/openneuro_ds002691_pilot/csv/openneuro_ds002691_sub-001_task-internalattention_E1_seg-0001.csv"", ""subject"": ""sub-001""}","{""estimator_a"": ""Variance"", ""estimator_b"": ""GHE"", ""estimator_families"": [""temporal"", ""temporal"", ""temporal"", ""temporal"", ""temporal"", ""temporal"", ""temporal"", ""temporal"", ""geometric"", ""geometric"", ""wavelet"", ""wavelet""], ""estimator_names"": [""RS"", ""DFA::short_scales"", ""DFA::balanced_scales"", ""DMA::short_windows"", ""DMA::balanced_windows"", ""AbsoluteMoment"", ""Variance"", ""VarianceResidual"", ""GHE"", ""Higuchi"", ""WaveletOLS::broad_band"", ""WaveletOLS::conservative_band""], ""family_a"": ""temporal"", ""family_b"": ""geometric"", ""n_estimators"": 12, ""stratum_key"": [[""channel"", ""E1""], [""condition"", ""continuous_window""], [""segment_id"", ""seg-0001""], [""series_index"", 0], [""session"", ""n/a""], [""source_kind"", ""csv_series_index""], [""source_path"", ""C:/Users/davia/biomedical_engineering/benchmarking/lrdbench/configs/suites/data/openneuro_ds002691_pilot/csv/openneuro_ds002691_sub-001_task-internalattention_E1_seg-0001.csv""], [""subject"", ""sub-001""]]}"
per_series,openneuro_ds002691_sub-001_task-internalattention_E1_seg-0001,Variance__vs__Higuchi,pairwise_estimator_disagreement,0.252266,"{""channel"": ""E1"", ""condition"": ""continuous_window"", ""segment_id"": ""seg-0001"", ""series_index"": 0, ""session"": ""n/a"", ""source_kind"": ""csv_series_index"", ""source_path"": ""C:/Users/davia/biomedical_engineering/benchmarking/lrdbench/configs/suites/data/openneuro_ds002691_pilot/csv/openneuro_ds002691_sub-001_task-internalattention_E1_seg-0001.csv"", ""subject"": ""sub-001""}","{""estimator_a"": ""Variance"", ""estimator_b"": ""Higuchi"", ""estimator_families"": [""temporal"", ""temporal"", ""temporal"", ""temporal"", ""temporal"", ""temporal"", ""temporal"", ""temporal"", ""geometric"", ""geometric"", ""wavelet"", ""wavelet""], ""estimator_names"": [""RS"", ""DFA::short_scales"", ""DFA::balanced_scales"", ""DMA::short_windows"", ""DMA::balanced_windows"", ""AbsoluteMoment"", ""Variance"", ""VarianceResidual"", ""GHE"", ""Higuchi"", ""WaveletOLS::broad_band"", ""WaveletOLS::conservative_band""], ""family_a"": ""temporal"", ""family_b"": ""geometric"", ""n_estimators"": 12, ""stratum_key"": [[""channel"", ""E1""], [""condition"", ""continuous_window""], [""segment_id"", ""seg-0001""], [""series_index"", 0], [""session"", ""n/a""], [""source_kind"", ""csv_series_index""], [""source_path"", ""C:/Users/davia/biomedical_engineering/benchmarking/lrdbench/configs/suites/data/openneuro_ds002691_pilot/csv/openneuro_ds002691_sub-001_task-internalattention_E1_seg-0001.csv""], [""subject"", ""sub-001""]]}"
per_series,openneuro_ds002691_sub-001_task-internalattention_E1_seg-0001,Variance__vs__WaveletOLS::broad_band,pairwise_estimator_disagreement,0.438864,"{""channel"": ""E1"", ""condition"": ""continuous_window"", ""segment_id"": ""seg-0001"", ""series_index"": 0, ""session"": ""n/a"", ""source_kind"": ""csv_series_index"", ""source_path"": ""C:/Users/davia/biomedical_engineering/benchmarking/lrdbench/configs/suites/data/openneuro_ds002691_pilot/csv/openneuro_ds002691_sub-001_task-internalattention_E1_seg-0001.csv"", ""subject"": ""sub-001""}","{""estimator_a"": ""Variance"", ""estimator_b"": ""WaveletOLS::broad_band"", ""estimator_families"": [""temporal"", ""temporal"", ""temporal"", ""temporal"", ""temporal"", ""temporal"", ""temporal"", ""temporal"", ""geometric"", ""geometric"", ""wavelet"", ""wavelet""], ""estimator_names"": [""RS"", ""DFA::short_scales"", ""DFA::balanced_scales"", ""DMA::short_windows"", ""DMA::balanced_windows"", ""AbsoluteMoment"", ""Variance"", ""VarianceResidual"", ""GHE"", ""Higuchi"", ""WaveletOLS::broad_band"", ""WaveletOLS::conservative_band""], ""family_a"": ""temporal"", ""family_b"": ""wavelet"", ""n_estimators"": 12, ""stratum_key"": [[""channel"", ""E1""], [""condition"", ""continuous_window""], [""segment_id"", ""seg-0001""], [""series_index"", 0], [""session"", ""n/a""], [""source_kind"", ""csv_series_index""], [""source_path"", ""C:/Users/davia/biomedical_engineering/benchmarking/lrdbench/configs/suites/data/openneuro_ds002691_pilot/csv/openneuro_ds002691_sub-001_task-internalattention_E1_seg-0001.csv""], [""subject"", ""sub-001""]]}"
per_series,openneuro_ds002691_sub-001_task-internalattention_E1_seg-0001,Variance__vs__WaveletOLS::conservative_band,pairwise_estimator_disagreement,0.496204,"{""channel"": ""E1"", ""condition"": ""continuous_window"", ""segment_id"": ""seg-0001"", ""series_index"": 0, ""session"": ""n/a"", ""source_kind"": ""csv_series_index"", ""source_path"": ""C:/Users/davia/biomedical_engineering/benchmarking/lrdbench/configs/suites/data/openneuro_ds002691_pilot/csv/openneuro_ds002691_sub-001_task-internalattention_E1_seg-0001.csv"", ""subject"": ""sub-001""}","{""estimator_a"": ""Variance"", ""estimator_b"": ""WaveletOLS::conservative_band"", ""estimator_families"": [""temporal"", ""temporal"", ""temporal"", ""temporal"", ""temporal"", ""temporal"", ""temporal"", ""temporal"", ""geometric"", ""geometric"", ""wavelet"", ""wavelet""], ""estimator_names"": [""RS"", ""DFA::short_scales"", ""DFA::balanced_scales"", ""DMA::short_windows"", ""DMA::balanced_windows"", ""AbsoluteMoment"", ""Variance"", ""VarianceResidual"", ""GHE"", ""Higuchi"", ""WaveletOLS::broad_band"", ""WaveletOLS::conservative_band""], ""family_a"": ""temporal"", ""family_b"": ""wavelet"", ""n_estimators"": 12, ""stratum_key"": [[""channel"", ""E1""], [""condition"", ""continuous_window""], [""segment_id"", ""seg-0001""], [""series_index"", 0], [""session"", ""n/a""], [""source_kind"", ""csv_series_index""], [""source_path"", ""C:/Users/davia/biomedical_engineering/benchmarking/lrdbench/configs/suites/data/openneuro_ds002691_pilot/csv/openneuro_ds002691_sub-001_task-internalattention_E1_seg-0001.csv""], [""subject"", ""sub-001""]]}"
per_series,openneuro_ds002691_sub-001_task-internalattention_E1_seg-0001,VarianceResidual__vs__GHE,pairwise_estimator_disagreement,0.75886,"{""channel"": ""E1"", ""condition"": ""continuous_window"", ""segment_id"": ""seg-0001"", ""series_index"": 0, ""session"": ""n/a"", ""source_kind"": ""csv_series_index"", ""source_path"": ""C:/Users/davia/biomedical_engineering/benchmarking/lrdbench/configs/suites/data/openneuro_ds002691_pilot/csv/openneuro_ds002691_sub-001_task-internalattention_E1_seg-0001.csv"", ""subject"": ""sub-001""}","{""estimator_a"": ""VarianceResidual"", ""estimator_b"": ""GHE"", ""estimator_families"": [""temporal"", ""temporal"", ""temporal"", ""temporal"", ""temporal"", ""temporal"", ""temporal"", ""temporal"", ""geometric"", ""geometric"", ""wavelet"", ""wavelet""], ""estimator_names"": [""RS"", ""DFA::short_scales"", ""DFA::balanced_scales"", ""DMA::short_windows"", ""DMA::balanced_windows"", ""AbsoluteMoment"", ""Variance"", ""VarianceResidual"", ""GHE"", ""Higuchi"", ""WaveletOLS::broad_band"", ""WaveletOLS::conservative_band""], ""family_a"": ""temporal"", ""family_b"": ""geometric"", ""n_estimators"": 12, ""stratum_key"": [[""channel"", ""E1""], [""condition"", ""continuous_window""], [""segment_id"", ""seg-0001""], [""series_index"", 0], [""session"", ""n/a""], [""source_kind"", ""csv_series_index""], [""source_path"", ""C:/Users/davia/biomedical_engineering/benchmarking/lrdbench/configs/suites/data/openneuro_ds002691_pilot/csv/openneuro_ds002691_sub-001_task-internalattention_E1_seg-0001.csv""], [""subject"", ""sub-001""]]}"
per_series,openneuro_ds002691_sub-001_task-internalattention_E1_seg-0001,VarianceResidual__vs__Higuchi,pairwise_estimator_disagreement,0.0,"{""channel"": ""E1"", ""condition"": ""continuous_window"", ""segment_id"": ""seg-0001"", ""series_index"": 0, ""session"": ""n/a"", ""source_kind"": ""csv_series_index"", ""source_path"": ""C:/Users/davia/biomedical_engineering/benchmarking/lrdbench/configs/suites/data/openneuro_ds002691_pilot/csv/openneuro_ds002691_sub-001_task-internalattention_E1_seg-0001.csv"", ""subject"": ""sub-001""}","{""estimator_a"": ""VarianceResidual"", ""estimator_b"": ""Higuchi"", ""estimator_families"": [""temporal"", ""temporal"", ""temporal"", ""temporal"", ""temporal"", ""temporal"", ""temporal"", ""temporal"", ""geometric"", ""geometric"", ""wavelet"", ""wavelet""], ""estimator_names"": [""RS"", ""DFA::short_scales"", ""DFA::balanced_scales"", ""DMA::short_windows"", ""DMA::balanced_windows"", ""AbsoluteMoment"", ""Variance"", ""VarianceResidual"", ""GHE"", ""Higuchi"", ""WaveletOLS::broad_band"", ""WaveletOLS::conservative_band""], ""family_a"": ""temporal"", ""family_b"": ""geometric"", ""n_estimators"": 12, ""stratum_key"": [[""channel"", ""E1""], [""condition"", ""continuous_window""], [""segment_id"", ""seg-0001""], [""series_index"", 0], [""session"", ""n/a""], [""source_kind"", ""csv_series_index""], [""source_path"", ""C:/Users/davia/biomedical_engineering/benchmarking/lrdbench/configs/suites/data/openneuro_ds002691_pilot/csv/openneuro_ds002691_sub-001_task-internalattention_E1_seg-0001.csv""], [""subject"", ""sub-001""]]}"
per_series,openneuro_ds002691_sub-001_task-internalattention_E1_seg-0001,VarianceResidual__vs__WaveletOLS::broad_band,pairwise_estimator_disagreement,0.69113,"{""channel"": ""E1"", ""condition"": ""continuous_window"", ""segment_id"": ""seg-0001"", ""series_index"": 0, ""session"": ""n/a"", ""source_kind"": ""csv_series_index"", ""source_path"": ""C:/Users/davia/biomedical_engineering/benchmarking/lrdbench/configs/suites/data/openneuro_ds002691_pilot/csv/openneuro_ds002691_sub-001_task-internalattention_E1_seg-0001.csv"", ""subject"": ""sub-001""}","{""estimator_a"": ""VarianceResidual"", ""estimator_b"": ""WaveletOLS::broad_band"", ""estimator_families"": [""temporal"", ""temporal"", ""temporal"", ""temporal"", ""temporal"", ""temporal"", ""temporal"", ""temporal"", ""geometric"", ""geometric"", ""wavelet"", ""wavelet""], ""estimator_names"": [""RS"", ""DFA::short_scales"", ""DFA::balanced_scales"", ""DMA::short_windows"", ""DMA::balanced_windows"", ""AbsoluteMoment"", ""Variance"", ""VarianceResidual"", ""GHE"", ""Higuchi"", ""WaveletOLS::broad_band"", ""WaveletOLS::conservative_band""], ""family_a"": ""temporal"", ""family_b"": ""wavelet"", ""n_estimators"": 12, ""stratum_key"": [[""channel"", ""E1""], [""condition"", ""continuous_window""], [""segment_id"", ""seg-0001""], [""series_index"", 0], [""session"", ""n/a""], [""source_kind"", ""csv_series_index""], [""source_path"", ""C:/Users/davia/biomedical_engineering/benchmarking/lrdbench/configs/suites/data/openneuro_ds002691_pilot/csv/openneuro_ds002691_sub-001_task-internalattention_E1_seg-0001.csv""], [""subject"", ""sub-001""]]}"
per_series,openneuro_ds002691_sub-001_task-internalattention_E1_seg-0001,VarianceResidual__vs__WaveletOLS::conservative_band,pairwise_estimator_disagreement,0.74847,"{""channel"": ""E1"", ""condition"": ""continuous_window"", ""segment_id"": ""seg-0001"", ""series_index"": 0, ""session"": ""n/a"", ""source_kind"": ""csv_series_index"", ""source_path"": ""C:/Users/davia/biomedical_engineering/benchmarking/lrdbench/configs/suites/data/openneuro_ds002691_pilot/csv/openneuro_ds002691_sub-001_task-internalattention_E1_seg-0001.csv"", ""subject"": ""sub-001""}","{""estimator_a"": ""VarianceResidual"", ""estimator_b"": ""WaveletOLS::conservative_band"", ""estimator_families"": [""temporal"", ""temporal"", ""temporal"", ""temporal"", ""temporal"", ""temporal"", ""temporal"", ""temporal"", ""geometric"", ""geometric"", ""wavelet"", ""wavelet""], ""estimator_names"": [""RS"", ""DFA::short_scales"", ""DFA::balanced_scales"", ""DMA::short_windows"", ""DMA::balanced_windows"", ""AbsoluteMoment"", ""Variance"", ""VarianceResidual"", ""GHE"", ""Higuchi"", ""WaveletOLS::broad_band"", ""WaveletOLS::conservative_band""], ""family_a"": ""temporal"", ""family_b"": ""wavelet"", ""n_estimators"": 12, ""stratum_key"": [[""channel"", ""E1""], [""condition"", ""continuous_window""], [""segment_id"", ""seg-0001""], [""series_index"", 0], [""session"", ""n/a""], [""source_kind"", ""csv_series_index""], [""source_path"", ""C:/Users/davia/biomedical_engineering/benchmarking/lrdbench/configs/suites/data/openneuro_ds002691_pilot/csv/openneuro_ds002691_sub-001_task-internalattention_E1_seg-0001.csv""], [""subject"", ""sub-001""]]}"
per_series,openneuro_ds002691_sub-001_task-internalattention_E1_seg-0001,GHE__vs__Higuchi,pairwise_estimator_disagreement,0.75886,"{""channel"": ""E1"", ""condition"": ""continuous_window"", ""segment_id"": ""seg-0001"", ""series_index"": 0, ""session"": ""n/a"", ""source_kind"": ""csv_series_index"", ""source_path"": ""C:/Users/davia/biomedical_engineering/benchmarking/lrdbench/configs/suites/data/openneuro_ds002691_pilot/csv/openneuro_ds002691_sub-001_task-internalattention_E1_seg-0001.csv"", ""subject"": ""sub-001""}","{""estimator_a"": ""GHE"", ""estimator_b"": ""Higuchi"", ""estimator_families"": [""temporal"", ""temporal"", ""temporal"", ""temporal"", ""temporal"", ""temporal"", ""temporal"", ""temporal"", ""geometric"", ""geometric"", ""wavelet"", ""wavelet""], ""estimator_names"": [""RS"", ""DFA::short_scales"", ""DFA::balanced_scales"", ""DMA::short_windows"", ""DMA::balanced_windows"", ""AbsoluteMoment"", ""Variance"", ""VarianceResidual"", ""GHE"", ""Higuchi"", ""WaveletOLS::broad_band"", ""WaveletOLS::conservative_band""], ""family_a"": ""geometric"", ""family_b"": ""geometric"", ""n_estimators"": 12, ""stratum_key"": [[""channel"", ""E1""], [""condition"", ""continuous_window""], [""segment_id"", ""seg-0001""], [""series_index"", 0], [""session"", ""n/a""], [""source_kind"", ""csv_series_index""], [""source_path"", ""C:/Users/davia/biomedical_engineering/benchmarking/lrdbench/configs/suites/data/openneuro_ds002691_pilot/csv/openneuro_ds002691_sub-001_task-internalattention_E1_seg-0001.csv""], [""subject"", ""sub-001""]]}"
per_series,openneuro_ds002691_sub-001_task-internalattention_E1_seg-0001,GHE__vs__WaveletOLS::broad_band,pairwise_estimator_disagreement,0.06773,"{""channel"": ""E1"", ""condition"": ""continuous_window"", ""segment_id"": ""seg-0001"", ""series_index"": 0, ""session"": ""n/a"", ""source_kind"": ""csv_series_index"", ""source_path"": ""C:/Users/davia/biomedical_engineering/benchmarking/lrdbench/configs/suites/data/openneuro_ds002691_pilot/csv/openneuro_ds002691_sub-001_task-internalattention_E1_seg-0001.csv"", ""subject"": ""sub-001""}","{""estimator_a"": ""GHE"", ""estimator_b"": ""WaveletOLS::broad_band"", ""estimator_families"": [""temporal"", ""temporal"", ""temporal"", ""temporal"", ""temporal"", ""temporal"", ""temporal"", ""temporal"", ""geometric"", ""geometric"", ""wavelet"", ""wavelet""], ""estimator_names"": [""RS"", ""DFA::short_scales"", ""DFA::balanced_scales"", ""DMA::short_windows"", ""DMA::balanced_windows"", ""AbsoluteMoment"", ""Variance"", ""VarianceResidual"", ""GHE"", ""Higuchi"", ""WaveletOLS::broad_band"", ""WaveletOLS::conservative_band""], ""family_a"": ""geometric"", ""family_b"": ""wavelet"", ""n_estimators"": 12, ""stratum_key"": [[""channel"", ""E1""], [""condition"", ""continuous_window""], [""segment_id"", ""seg-0001""], [""series_index"", 0], [""session"", ""n/a""], [""source_kind"", ""csv_series_index""], [""source_path"", ""C:/Users/davia/biomedical_engineering/benchmarking/lrdbench/configs/suites/data/openneuro_ds002691_pilot/csv/openneuro_ds002691_sub-001_task-internalattention_E1_seg-0001.csv""], [""subject"", ""sub-001""]]}"
per_series,openneuro_ds002691_sub-001_task-internalattention_E1_seg-0001,GHE__vs__WaveletOLS::conservative_band,pairwise_estimator_disagreement,0.01039,"{""channel"": ""E1"", ""condition"": ""continuous_window"", ""segment_id"": ""seg-0001"", ""series_index"": 0, ""session"": ""n/a"", ""source_kind"": ""csv_series_index"", ""source_path"": ""C:/Users/davia/biomedical_engineering/benchmarking/lrdbench/configs/suites/data/openneuro_ds002691_pilot/csv/openneuro_ds002691_sub-001_task-internalattention_E1_seg-0001.csv"", ""subject"": ""sub-001""}","{""estimator_a"": ""GHE"", ""estimator_b"": ""WaveletOLS::conservative_band"", ""estimator_families"": [""temporal"", ""temporal"", ""temporal"", ""temporal"", ""temporal"", ""temporal"", ""temporal"", ""temporal"", ""geometric"", ""geometric"", ""wavelet"", ""wavelet""], ""estimator_names"": [""RS"", ""DFA::short_scales"", ""DFA::balanced_scales"", ""DMA::short_windows"", ""DMA::balanced_windows"", ""AbsoluteMoment"", ""Variance"", ""VarianceResidual"", ""GHE"", ""Higuchi"", ""WaveletOLS::broad_band"", ""WaveletOLS::conservative_band""], ""family_a"": ""geometric"", ""family_b"": ""wavelet"", ""n_estimators"": 12, ""stratum_key"": [[""channel"", ""E1""], [""condition"", ""continuous_window""], [""segment_id"", ""seg-0001""], [""series_index"", 0], [""session"", ""n/a""], [""source_kind"", ""csv_series_index""], [""source_path"", ""C:/Users/davia/biomedical_engineering/benchmarking/lrdbench/configs/suites/data/openneuro_ds002691_pilot/csv/openneuro_ds002691_sub-001_task-internalattention_E1_seg-0001.csv""], [""subject"", ""sub-001""]]}"
per_series,openneuro_ds002691_sub-001_task-internalattention_E1_seg-0001,Higuchi__vs__WaveletOLS::broad_band,pairwise_estimator_disagreement,0.69113,"{""channel"": ""E1"", ""condition"": ""continuous_window"", ""segment_id"": ""seg-0001"", ""series_index"": 0, ""session"": ""n/a"", ""source_kind"": ""csv_series_index"", ""source_path"": ""C:/Users/davia/biomedical_engineering/benchmarking/lrdbench/configs/suites/data/openneuro_ds002691_pilot/csv/openneuro_ds002691_sub-001_task-internalattention_E1_seg-0001.csv"", ""subject"": ""sub-001""}","{""estimator_a"": ""Higuchi"", ""estimator_b"": ""WaveletOLS::broad_band"", ""estimator_families"": [""temporal"", ""temporal"", ""temporal"", ""temporal"", ""temporal"", ""temporal"", ""temporal"", ""temporal"", ""geometric"", ""geometric"", ""wavelet"", ""wavelet""], ""estimator_names"": [""RS"", ""DFA::short_scales"", ""DFA::balanced_scales"", ""DMA::short_windows"", ""DMA::balanced_windows"", ""AbsoluteMoment"", ""Variance"", ""VarianceResidual"", ""GHE"", ""Higuchi"", ""WaveletOLS::broad_band"", ""WaveletOLS::conservative_band""], ""family_a"": ""geometric"", ""family_b"": ""wavelet"", ""n_estimators"": 12, ""stratum_key"": [[""channel"", ""E1""], [""condition"", ""continuous_window""], [""segment_id"", ""seg-0001""], [""series_index"", 0], [""session"", ""n/a""], [""source_kind"", ""csv_series_index""], [""source_path"", ""C:/Users/davia/biomedical_engineering/benchmarking/lrdbench/configs/suites/data/openneuro_ds002691_pilot/csv/openneuro_ds002691_sub-001_task-internalattention_E1_seg-0001.csv""], [""subject"", ""sub-001""]]}"
per_series,openneuro_ds002691_sub-001_task-internalattention_E1_seg-0001,Higuchi__vs__WaveletOLS::conservative_band,pairwise_estimator_disagreement,0.74847,"{""channel"": ""E1"", ""condition"": ""continuous_window"", ""segment_id"": ""seg-0001"", ""series_index"": 0, ""session"": ""n/a"", ""source_kind"": ""csv_series_index"", ""source_path"": ""C:/Users/davia/biomedical_engineering/benchmarking/lrdbench/configs/suites/data/openneuro_ds002691_pilot/csv/openneuro_ds002691_sub-001_task-internalattention_E1_seg-0001.csv"", ""subject"": ""sub-001""}","{""estimator_a"": ""Higuchi"", ""estimator_b"": ""WaveletOLS::conservative_band"", ""estimator_families"": [""temporal"", ""temporal"", ""temporal"", ""temporal"", ""temporal"", ""temporal"", ""temporal"", ""temporal"", ""geometric"", ""geometric"", ""wavelet"", ""wavelet""], ""estimator_names"": [""RS"", ""DFA::short_scales"", ""DFA::balanced_scales"", ""DMA::short_windows"", ""DMA::balanced_windows"", ""AbsoluteMoment"", ""Variance"", ""VarianceResidual"", ""GHE"", ""Higuchi"", ""WaveletOLS::broad_band"", ""WaveletOLS::conservative_band""], ""family_a"": ""geometric"", ""family_b"": ""wavelet"", ""n_estimators"": 12, ""stratum_key"": [[""channel"", ""E1""], [""condition"", ""continuous_window""], [""segment_id"", ""seg-0001""], [""series_index"", 0], [""session"", ""n/a""], [""source_kind"", ""csv_series_index""], [""source_path"", ""C:/Users/davia/biomedical_engineering/benchmarking/lrdbench/configs/suites/data/openneuro_ds002691_pilot/csv/openneuro_ds002691_sub-001_task-internalattention_E1_seg-0001.csv""], [""subject"", ""sub-001""]]}"
per_series,openneuro_ds002691_sub-001_task-internalattention_E1_seg-0001,WaveletOLS::broad_band__vs__WaveletOLS::conservative_band,pairwise_estimator_disagreement,0.05734,"{""channel"": ""E1"", ""condition"": ""continuous_window"", ""segment_id"": ""seg-0001"", ""series_index"": 0, ""session"": ""n/a"", ""source_kind"": ""csv_series_index"", ""source_path"": ""C:/Users/davia/biomedical_engineering/benchmarking/lrdbench/configs/suites/data/openneuro_ds002691_pilot/csv/openneuro_ds002691_sub-001_task-internalattention_E1_seg-0001.csv"", ""subject"": ""sub-001""}","{""estimator_a"": ""WaveletOLS::broad_band"", ""estimator_b"": ""WaveletOLS::conservative_band"", ""estimator_families"": [""temporal"", ""temporal"", ""temporal"", ""temporal"", ""temporal"", ""temporal"", ""temporal"", ""temporal"", ""geometric"", ""geometric"", ""wavelet"", ""wavelet""], ""estimator_names"": [""RS"", ""DFA::short_scales"", ""DFA::balanced_scales"", ""DMA::short_windows"", ""DMA::balanced_windows"", ""AbsoluteMoment"", ""Variance"", ""VarianceResidual"", ""GHE"", ""Higuchi"", ""WaveletOLS::broad_band"", ""WaveletOLS::conservative_band""], ""family_a"": ""wavelet"", ""family_b"": ""wavelet"", ""n_estimators"": 12, ""stratum_key"": [[""channel"", ""E1""], [""condition"", ""continuous_window""], [""segment_id"", ""seg-0001""], [""series_index"", 0], [""session"", ""n/a""], [""source_kind"", ""csv_series_index""], [""source_path"", ""C:/Users/davia/biomedical_engineering/benchmarking/lrdbench/configs/suites/data/openneuro_ds002691_pilot/csv/openneuro_ds002691_sub-001_task-internalattention_E1_seg-0001.csv""], [""subject"", ""sub-001""]]}"
per_series,openneuro_ds002691_sub-001_task-internalattention_E1_seg-0001,family:temporal,family_level_disagreement,0.162232,"{""channel"": ""E1"", ""condition"": ""continuous_window"", ""segment_id"": ""seg-0001"", ""series_index"": 0, ""session"": ""n/a"", ""source_kind"": ""csv_series_index"", ""source_path"": ""C:/Users/davia/biomedical_engineering/benchmarking/lrdbench/configs/suites/data/openneuro_ds002691_pilot/csv/openneuro_ds002691_sub-001_task-internalattention_E1_seg-0001.csv"", ""subject"": ""sub-001""}","{""comparison_scope"": ""within_family"", ""estimator_families"": [""temporal"", ""temporal"", ""temporal"", ""temporal"", ""temporal"", ""temporal"", ""temporal"", ""temporal"", ""geometric"", ""geometric"", ""wavelet"", ""wavelet""], ""estimator_names"": [""RS"", ""DFA::short_scales"", ""DFA::balanced_scales"", ""DMA::short_windows"", ""DMA::balanced_windows"", ""AbsoluteMoment"", ""Variance"", ""VarianceResidual"", ""GHE"", ""Higuchi"", ""WaveletOLS::broad_band"", ""WaveletOLS::conservative_band""], ""family"": ""temporal"", ""family_estimator_names"": [""RS"", ""DFA::short_scales"", ""DFA::balanced_scales"", ""DMA::short_windows"", ""DMA::balanced_windows"", ""AbsoluteMoment"", ""Variance"", ""VarianceResidual""], ""n_estimators"": 12, ""stratum_key"": [[""channel"", ""E1""], [""condition"", ""continuous_window""], [""segment_id"", ""seg-0001""], [""series_index"", 0], [""session"", ""n/a""], [""source_kind"", ""csv_series_index""], [""source_path"", ""C:/Users/davia/biomedical_engineering/benchmarking/lrdbench/configs/suites/data/openneuro_ds002691_pilot/csv/openneuro_ds002691_sub-001_task-internalattention_E1_seg-0001.csv""], [""subject"", ""sub-001""]]}"
per_series,openneuro_ds002691_sub-001_task-internalattention_E1_seg-0001,family:geometric,family_level_disagreement,0.75886,"{""channel"": ""E1"", ""condition"": ""continuous_window"", ""segment_id"": ""seg-0001"", ""series_index"": 0, ""session"": ""n/a"", ""source_kind"": ""csv_series_index"", ""source_path"": ""C:/Users/davia/biomedical_engineering/benchmarking/lrdbench/configs/suites/data/openneuro_ds002691_pilot/csv/openneuro_ds002691_sub-001_task-internalattention_E1_seg-0001.csv"", ""subject"": ""sub-001""}","{""comparison_scope"": ""within_family"", ""estimator_families"": [""temporal"", ""temporal"", ""temporal"", ""temporal"", ""temporal"", ""temporal"", ""temporal"", ""temporal"", ""geometric"", ""geometric"", ""wavelet"", ""wavelet""], ""estimator_names"": [""RS"", ""DFA::short_scales"", ""DFA::balanced_scales"", ""DMA::short_windows"", ""DMA::balanced_windows"", ""AbsoluteMoment"", ""Variance"", ""VarianceResidual"", ""GHE"", ""Higuchi"", ""WaveletOLS::broad_band"", ""WaveletOLS::conservative_band""], ""family"": ""geometric"", ""family_estimator_names"": [""GHE"", ""Higuchi""], ""n_estimators"": 12, ""stratum_key"": [[""channel"", ""E1""], [""condition"", ""continuous_window""], [""segment_id"", ""seg-0001""], [""series_index"", 0], [""session"", ""n/a""], [""source_kind"", ""csv_series_index""], [""source_path"", ""C:/Users/davia/biomedical_engineering/benchmarking/lrdbench/configs/suites/data/openneuro_ds002691_pilot/csv/openneuro_ds002691_sub-001_task-internalattention_E1_seg-0001.csv""], [""subject"", ""sub-001""]]}"
per_series,openneuro_ds002691_sub-001_task-internalattention_E1_seg-0001,family:wavelet,family_level_disagreement,0.05734,"{""channel"": ""E1"", ""condition"": ""continuous_window"", ""segment_id"": ""seg-0001"", ""series_index"": 0, ""session"": ""n/a"", ""source_kind"": ""csv_series_index"", ""source_path"": ""C:/Users/davia/biomedical_engineering/benchmarking/lrdbench/configs/suites/data/openneuro_ds002691_pilot/csv/openneuro_ds002691_sub-001_task-internalattention_E1_seg-0001.csv"", ""subject"": ""sub-001""}","{""comparison_scope"": ""within_family"", ""estimator_families"": [""temporal"", ""temporal"", ""temporal"", ""temporal"", ""temporal"", ""temporal"", ""temporal"", ""temporal"", ""geometric"", ""geometric"", ""wavelet"", ""wavelet""], ""estimator_names"": [""RS"", ""DFA::short_scales"", ""DFA::balanced_scales"", ""DMA::short_windows"", ""DMA::balanced_windows"", ""AbsoluteMoment"", ""Variance"", ""VarianceResidual"", ""GHE"", ""Higuchi"", ""WaveletOLS::broad_band"", ""WaveletOLS::conservative_band""], ""family"": ""wavelet"", ""family_estimator_names"": [""WaveletOLS::broad_band"", ""WaveletOLS::conservative_band""], ""n_estimators"": 12, ""stratum_key"": [[""channel"", ""E1""], [""condition"", ""continuous_window""], [""segment_id"", ""seg-0001""], [""series_index"", 0], [""session"", ""n/a""], [""source_kind"", ""csv_series_index""], [""source_path"", ""C:/Users/davia/biomedical_engineering/benchmarking/lrdbench/configs/suites/data/openneuro_ds002691_pilot/csv/openneuro_ds002691_sub-001_task-internalattention_E1_seg-0001.csv""], [""subject"", ""sub-001""]]}"
per_series,openneuro_ds002691_sub-001_task-internalattention_E1_seg-0001,family:geometric__vs__temporal,family_level_disagreement,0.37943,"{""channel"": ""E1"", ""condition"": ""continuous_window"", ""segment_id"": ""seg-0001"", ""series_index"": 0, ""session"": ""n/a"", ""source_kind"": ""csv_series_index"", ""source_path"": ""C:/Users/davia/biomedical_engineering/benchmarking/lrdbench/configs/suites/data/openneuro_ds002691_pilot/csv/openneuro_ds002691_sub-001_task-internalattention_E1_seg-0001.csv"", ""subject"": ""sub-001""}","{""comparison_scope"": ""between_family"", ""estimator_families"": [""temporal"", ""temporal"", ""temporal"", ""temporal"", ""temporal"", ""temporal"", ""temporal"", ""temporal"", ""geometric"", ""geometric"", ""wavelet"", ""wavelet""], ""estimator_names"": [""RS"", ""DFA::short_scales"", ""DFA::balanced_scales"", ""DMA::short_windows"", ""DMA::balanced_windows"", ""AbsoluteMoment"", ""Variance"", ""VarianceResidual"", ""GHE"", ""Higuchi"", ""WaveletOLS::broad_band"", ""WaveletOLS::conservative_band""], ""family_a"": ""geometric"", ""family_a_estimator_names"": [""GHE"", ""Higuchi""], ""family_b"": ""temporal"", ""family_b_estimator_names"": [""RS"", ""DFA::short_scales"", ""DFA::balanced_scales"", ""DMA::short_windows"", ""DMA::balanced_windows"", ""AbsoluteMoment"", ""Variance"", ""VarianceResidual""], ""n_estimators"": 12, ""stratum_key"": [[""channel"", ""E1""], [""condition"", ""continuous_window""], [""segment_id"", ""seg-0001""], [""series_index"", 0], [""session"", ""n/a""], [""source_kind"", ""csv_series_index""], [""source_path"", ""C:/Users/davia/biomedical_engineering/benchmarking/lrdbench/configs/suites/data/openneuro_ds002691_pilot/csv/openneuro_ds002691_sub-001_task-internalattention_E1_seg-0001.csv""], [""subject"", ""sub-001""]]}"
per_series,openneuro_ds002691_sub-001_task-internalattention_E1_seg-0001,family:geometric__vs__wavelet,family_level_disagreement,0.37943,"{""channel"": ""E1"", ""condition"": ""continuous_window"", ""segment_id"": ""seg-0001"", ""series_index"": 0, ""session"": ""n/a"", ""source_kind"": ""csv_series_index"", ""source_path"": ""C:/Users/davia/biomedical_engineering/benchmarking/lrdbench/configs/suites/data/openneuro_ds002691_pilot/csv/openneuro_ds002691_sub-001_task-internalattention_E1_seg-0001.csv"", ""subject"": ""sub-001""}","{""comparison_scope"": ""between_family"", ""estimator_families"": [""temporal"", ""temporal"", ""temporal"", ""temporal"", ""temporal"", ""temporal"", ""temporal"", ""temporal"", ""geometric"", ""geometric"", ""wavelet"", ""wavelet""], ""estimator_names"": [""RS"", ""DFA::short_scales"", ""DFA::balanced_scales"", ""DMA::short_windows"", ""DMA::balanced_windows"", ""AbsoluteMoment"", ""Variance"", ""VarianceResidual"", ""GHE"", ""Higuchi"", ""WaveletOLS::broad_band"", ""WaveletOLS::conservative_band""], ""family_a"": ""geometric"", ""family_a_estimator_names"": [""GHE"", ""Higuchi""], ""family_b"": ""wavelet"", ""family_b_estimator_names"": [""WaveletOLS::broad_band"", ""WaveletOLS::conservative_band""], ""n_estimators"": 12, ""stratum_key"": [[""channel"", ""E1""], [""condition"", ""continuous_window""], [""segment_id"", ""seg-0001""], [""series_index"", 0], [""session"", ""n/a""], [""source_kind"", ""csv_series_index""], [""source_path"", ""C:/Users/davia/biomedical_engineering/benchmarking/lrdbench/configs/suites/data/openneuro_ds002691_pilot/csv/openneuro_ds002691_sub-001_task-internalattention_E1_seg-0001.csv""], [""subject"", ""sub-001""]]}"
per_series,openneuro_ds002691_sub-001_task-internalattention_E1_seg-0001,family:temporal__vs__wavelet,family_level_disagreement,0.574899,"{""channel"": ""E1"", ""condition"": ""continuous_window"", ""segment_id"": ""seg-0001"", ""series_index"": 0, ""session"": ""n/a"", ""source_kind"": ""csv_series_index"", ""source_path"": ""C:/Users/davia/biomedical_engineering/benchmarking/lrdbench/configs/suites/data/openneuro_ds002691_pilot/csv/openneuro_ds002691_sub-001_task-internalattention_E1_seg-0001.csv"", ""subject"": ""sub-001""}","{""comparison_scope"": ""between_family"", ""estimator_families"": [""temporal"", ""temporal"", ""temporal"", ""temporal"", ""temporal"", ""temporal"", ""temporal"", ""temporal"", ""geometric"", ""geometric"", ""wavelet"", ""wavelet""], ""estimator_names"": [""RS"", ""DFA::short_scales"", ""DFA::balanced_scales"", ""DMA::short_windows"", ""DMA::balanced_windows"", ""AbsoluteMoment"", ""Variance"", ""VarianceResidual"", ""GHE"", ""Higuchi"", ""WaveletOLS::broad_band"", ""WaveletOLS::conservative_band""], ""family_a"": ""temporal"", ""family_a_estimator_names"": [""RS"", ""DFA::short_scales"", ""DFA::balanced_scales"", ""DMA::short_windows"", ""DMA::balanced_windows"", ""AbsoluteMoment"", ""Variance"", ""VarianceResidual""], ""family_b"": ""wavelet"", ""family_b_estimator_names"": [""WaveletOLS::broad_band"", ""WaveletOLS::conservative_band""], ""n_estimators"": 12, ""stratum_key"": [[""channel"", ""E1""], [""condition"", ""continuous_window""], [""segment_id"", ""seg-0001""], [""series_index"", 0], [""session"", ""n/a""], [""source_kind"", ""csv_series_index""], [""source_path"", ""C:/Users/davia/biomedical_engineering/benchmarking/lrdbench/configs/suites/data/openneuro_ds002691_pilot/csv/openneuro_ds002691_sub-001_task-internalattention_E1_seg-0001.csv""], [""subject"", ""sub-001""]]}"
per_series,openneuro_ds002691_sub-001_task-internalattention_E8_seg-0001,__all_estimators__,cross_estimator_dispersion,0.254175,"{""channel"": ""E8"", ""condition"": ""continuous_window"", ""segment_id"": ""seg-0001"", ""series_index"": 1, ""session"": ""n/a"", ""source_kind"": ""csv_series_index"", ""source_path"": ""C:/Users/davia/biomedical_engineering/benchmarking/lrdbench/configs/suites/data/openneuro_ds002691_pilot/csv/openneuro_ds002691_sub-001_task-internalattention_E8_seg-0001.csv"", ""subject"": ""sub-001""}","{""center"": 0.7707461017089136, ""estimator_families"": [""temporal"", ""temporal"", ""temporal"", ""temporal"", ""temporal"", ""temporal"", ""temporal"", ""temporal"", ""geometric"", ""geometric"", ""wavelet"", ""wavelet""], ""estimator_names"": [""RS"", ""DFA::short_scales"", ""DFA::balanced_scales"", ""DMA::short_windows"", ""DMA::balanced_windows"", ""AbsoluteMoment"", ""Variance"", ""VarianceResidual"", ""GHE"", ""Higuchi"", ""WaveletOLS::broad_band"", ""WaveletOLS::conservative_band""], ""n_estimators"": 12, ""stratum_key"": [[""channel"", ""E8""], [""condition"", ""continuous_window""], [""segment_id"", ""seg-0001""], [""series_index"", 1], [""session"", ""n/a""], [""source_kind"", ""csv_series_index""], [""source_path"", ""C:/Users/davia/biomedical_engineering/benchmarking/lrdbench/configs/suites/data/openneuro_ds002691_pilot/csv/openneuro_ds002691_sub-001_task-internalattention_E8_seg-0001.csv""], [""subject"", ""sub-001""]]}"
per_series,openneuro_ds002691_sub-001_task-internalattention_E8_seg-0001,RS__vs__DFA::short_scales,pairwise_estimator_disagreement,0.128462,"{""channel"": ""E8"", ""condition"": ""continuous_window"", ""segment_id"": ""seg-0001"", ""series_index"": 1, ""session"": ""n/a"", ""source_kind"": ""csv_series_index"", ""source_path"": ""C:/Users/davia/biomedical_engineering/benchmarking/lrdbench/configs/suites/data/openneuro_ds002691_pilot/csv/openneuro_ds002691_sub-001_task-internalattention_E8_seg-0001.csv"", ""subject"": ""sub-001""}","{""estimator_a"": ""RS"", ""estimator_b"": ""DFA::short_scales"", ""estimator_families"": [""temporal"", ""temporal"", ""temporal"", ""temporal"", ""temporal"", ""temporal"", ""temporal"", ""temporal"", ""geometric"", ""geometric"", ""wavelet"", ""wavelet""], ""estimator_names"": [""RS"", ""DFA::short_scales"", ""DFA::balanced_scales"", ""DMA::short_windows"", ""DMA::balanced_windows"", ""AbsoluteMoment"", ""Variance"", ""VarianceResidual"", ""GHE"", ""Higuchi"", ""WaveletOLS::broad_band"", ""WaveletOLS::conservative_band""], ""family_a"": ""temporal"", ""family_b"": ""temporal"", ""n_estimators"": 12, ""stratum_key"": [[""channel"", ""E8""], [""condition"", ""continuous_window""], [""segment_id"", ""seg-0001""], [""series_index"", 1], [""session"", ""n/a""], [""source_kind"", ""csv_series_index""], [""source_path"", ""C:/Users/davia/biomedical_engineering/benchmarking/lrdbench/configs/suites/data/openneuro_ds002691_pilot/csv/openneuro_ds002691_sub-001_task-internalattention_E8_seg-0001.csv""], [""subject"", ""sub-001""]]}"
per_series,openneuro_ds002691_sub-001_task-internalattention_E8_seg-0001,RS__vs__DFA::balanced_scales,pairwise_estimator_disagreement,0.02261,"{""channel"": ""E8"", ""condition"": ""continuous_window"", ""segment_id"": ""seg-0001"", ""series_index"": 1, ""session"": ""n/a"", ""source_kind"": ""csv_series_index"", ""source_path"": ""C:/Users/davia/biomedical_engineering/benchmarking/lrdbench/configs/suites/data/openneuro_ds002691_pilot/csv/openneuro_ds002691_sub-001_task-internalattention_E8_seg-0001.csv"", ""subject"": ""sub-001""}","{""estimator_a"": ""RS"", ""estimator_b"": ""DFA::balanced_scales"", ""estimator_families"": [""temporal"", ""temporal"", ""temporal"", ""temporal"", ""temporal"", ""temporal"", ""temporal"", ""temporal"", ""geometric"", ""geometric"", ""wavelet"", ""wavelet""], ""estimator_names"": [""RS"", ""DFA::short_scales"", ""DFA::balanced_scales"", ""DMA::short_windows"", ""DMA::balanced_windows"", ""AbsoluteMoment"", ""Variance"", ""VarianceResidual"", ""GHE"", ""Higuchi"", ""WaveletOLS::broad_band"", ""WaveletOLS::conservative_band""], ""family_a"": ""temporal"", ""family_b"": ""temporal"", ""n_estimators"": 12, ""stratum_key"": [[""channel"", ""E8""], [""condition"", ""continuous_window""], [""segment_id"", ""seg-0001""], [""series_index"", 1], [""session"", ""n/a""], [""source_kind"", ""csv_series_index""], [""source_path"", ""C:/Users/davia/biomedical_engineering/benchmarking/lrdbench/configs/suites/data/openneuro_ds002691_pilot/csv/openneuro_ds002691_sub-001_task-internalattention_E8_seg-0001.csv""], [""subject"", ""sub-001""]]}"
per_series,openneuro_ds002691_sub-001_task-internalattention_E8_seg-0001,RS__vs__DMA::short_windows,pairwise_estimator_disagreement,0.174083,"{""channel"": ""E8"", ""condition"": ""continuous_window"", ""segment_id"": ""seg-0001"", ""series_index"": 1, ""session"": ""n/a"", ""source_kind"": ""csv_series_index"", ""source_path"": ""C:/Users/davia/biomedical_engineering/benchmarking/lrdbench/configs/suites/data/openneuro_ds002691_pilot/csv/openneuro_ds002691_sub-001_task-internalattention_E8_seg-0001.csv"", ""subject"": ""sub-001""}","{""estimator_a"": ""RS"", ""estimator_b"": ""DMA::short_windows"", ""estimator_families"": [""temporal"", ""temporal"", ""temporal"", ""temporal"", ""temporal"", ""temporal"", ""temporal"", ""temporal"", ""geometric"", ""geometric"", ""wavelet"", ""wavelet""], ""estimator_names"": [""RS"", ""DFA::short_scales"", ""DFA::balanced_scales"", ""DMA::short_windows"", ""DMA::balanced_windows"", ""AbsoluteMoment"", ""Variance"", ""VarianceResidual"", ""GHE"", ""Higuchi"", ""WaveletOLS::broad_band"", ""WaveletOLS::conservative_band""], ""family_a"": ""temporal"", ""family_b"": ""temporal"", ""n_estimators"": 12, ""stratum_key"": [[""channel"", ""E8""], [""condition"", ""continuous_window""], [""segment_id"", ""seg-0001""], [""series_index"", 1], [""session"", ""n/a""], [""source_kind"", ""csv_series_index""], [""source_path"", ""C:/Users/davia/biomedical_engineering/benchmarking/lrdbench/configs/suites/data/openneuro_ds002691_pilot/csv/openneuro_ds002691_sub-001_task-internalattention_E8_seg-0001.csv""], [""subject"", ""sub-001""]]}"
per_series,openneuro_ds002691_sub-001_task-internalattention_E8_seg-0001,RS__vs__DMA::balanced_windows,pairwise_estimator_disagreement,0.15837,"{""channel"": ""E8"", ""condition"": ""continuous_window"", ""segment_id"": ""seg-0001"", ""series_index"": 1, ""session"": ""n/a"", ""source_kind"": ""csv_series_index"", ""source_path"": ""C:/Users/davia/biomedical_engineering/benchmarking/lrdbench/configs/suites/data/openneuro_ds002691_pilot/csv/openneuro_ds002691_sub-001_task-internalattention_E8_seg-0001.csv"", ""subject"": ""sub-001""}","{""estimator_a"": ""RS"", ""estimator_b"": ""DMA::balanced_windows"", ""estimator_families"": [""temporal"", ""temporal"", ""temporal"", ""temporal"", ""temporal"", ""temporal"", ""temporal"", ""temporal"", ""geometric"", ""geometric"", ""wavelet"", ""wavelet""], ""estimator_names"": [""RS"", ""DFA::short_scales"", ""DFA::balanced_scales"", ""DMA::short_windows"", ""DMA::balanced_windows"", ""AbsoluteMoment"", ""Variance"", ""VarianceResidual"", ""GHE"", ""Higuchi"", ""WaveletOLS::broad_band"", ""WaveletOLS::conservative_band""], ""family_a"": ""temporal"", ""family_b"": ""temporal"", ""n_estimators"": 12, ""stratum_key"": [[""channel"", ""E8""], [""condition"", ""continuous_window""], [""segment_id"", ""seg-0001""], [""series_index"", 1], [""session"", ""n/a""], [""source_kind"", ""csv_series_index""], [""source_path"", ""C:/Users/davia/biomedical_engineering/benchmarking/lrdbench/configs/suites/data/openneuro_ds002691_pilot/csv/openneuro_ds002691_sub-001_task-internalattention_E8_seg-0001.csv""], [""subject"", ""sub-001""]]}"
per_series,openneuro_ds002691_sub-001_task-internalattention_E8_seg-0001,RS__vs__AbsoluteMoment,pairwise_estimator_disagreement,0.156971,"{""channel"": ""E8"", ""condition"": ""continuous_window"", ""segment_id"": ""seg-0001"", ""series_index"": 1, ""session"": ""n/a"", ""source_kind"": ""csv_series_index"", ""source_path"": ""C:/Users/davia/biomedical_engineering/benchmarking/lrdbench/configs/suites/data/openneuro_ds002691_pilot/csv/openneuro_ds002691_sub-001_task-internalattention_E8_seg-0001.csv"", ""subject"": ""sub-001""}","{""estimator_a"": ""RS"", ""estimator_b"": ""AbsoluteMoment"", ""estimator_families"": [""temporal"", ""temporal"", ""temporal"", ""temporal"", ""temporal"", ""temporal"", ""temporal"", ""temporal"", ""geometric"", ""geometric"", ""wavelet"", ""wavelet""], ""estimator_names"": [""RS"", ""DFA::short_scales"", ""DFA::balanced_scales"", ""DMA::short_windows"", ""DMA::balanced_windows"", ""AbsoluteMoment"", ""Variance"", ""VarianceResidual"", ""GHE"", ""Higuchi"", ""WaveletOLS::broad_band"", ""WaveletOLS::conservative_band""], ""family_a"": ""temporal"", ""family_b"": ""temporal"", ""n_estimators"": 12, ""stratum_key"": [[""channel"", ""E8""], [""condition"", ""continuous_window""], [""segment_id"", ""seg-0001""], [""series_index"", 1], [""session"", ""n/a""], [""source_kind"", ""csv_series_index""], [""source_path"", ""C:/Users/davia/biomedical_engineering/benchmarking/lrdbench/configs/suites/data/openneuro_ds002691_pilot/csv/openneuro_ds002691_sub-001_task-internalattention_E8_seg-0001.csv""], [""subject"", ""sub-001""]]}"
per_series,openneuro_ds002691_sub-001_task-internalattention_E8_seg-0001,RS__vs__Variance,pairwise_estimator_disagreement,0.177556,"{""channel"": ""E8"", ""condition"": ""continuous_window"", ""segment_id"": ""seg-0001"", ""series_index"": 1, ""session"": ""n/a"", ""source_kind"": ""csv_series_index"", ""source_path"": ""C:/Users/davia/biomedical_engineering/benchmarking/lrdbench/configs/suites/data/openneuro_ds002691_pilot/csv/openneuro_ds002691_sub-001_task-internalattention_E8_seg-0001.csv"", ""subject"": ""sub-001""}","{""estimator_a"": ""RS"", ""estimator_b"": ""Variance"", ""estimator_families"": [""temporal"", ""temporal"", ""temporal"", ""temporal"", ""temporal"", ""temporal"", ""temporal"", ""temporal"", ""geometric"", ""geometric"", ""wavelet"", ""wavelet""], ""estimator_names"": [""RS"", ""DFA::short_scales"", ""DFA::balanced_scales"", ""DMA::short_windows"", ""DMA::balanced_windows"", ""AbsoluteMoment"", ""Variance"", ""VarianceResidual"", ""GHE"", ""Higuchi"", ""WaveletOLS::broad_band"", ""WaveletOLS::conservative_band""], ""family_a"": ""temporal"", ""family_b"": ""temporal"", ""n_estimators"": 12, ""stratum_key"": [[""channel"", ""E8""], [""condition"", ""continuous_window""], [""segment_id"", ""seg-0001""], [""series_index"", 1], [""session"", ""n/a""], [""source_kind"", ""csv_series_index""], [""source_path"", ""C:/Users/davia/biomedical_engineering/benchmarking/lrdbench/configs/suites/data/openneuro_ds002691_pilot/csv/openneuro_ds002691_sub-001_task-internalattention_E8_seg-0001.csv""], [""subject"", ""sub-001""]]}"
