run_identity_sha256,scope,cell,domain,interval_role,parameter,n,H_target,method,condition,metric,contrast,value,ci_low,ci_high,interval_method,mcse,bootstrap_se,parents_attempted,parents_used,parents_excluded,support,successes,denominator
43d0a7f75c8afab6d32ab6fd1f2ff8db49cca59e36971e2b74404173f4cbfcf2,stress,domain_aggregate,fGn,all_lengths,,,,AbsoluteMoment,constant_offset__shift_1,absolute_error_inflation,,2.289834988289385e-16,-1.7347234759768068e-17,6.696032617270475e-16,joint_parent_percentile,,2.1281874852802643e-16,4000,4000,0,fixed_equal_cell_weights__common_complete_all_declared_methods_conditions,,
43d0a7f75c8afab6d32ab6fd1f2ff8db49cca59e36971e2b74404173f4cbfcf2,stress,domain_aggregate,fGn,all_lengths,,,,DFA::balanced_scales,constant_offset__shift_1,absolute_error_inflation,,2.6020852139652106e-18,-8.673617379884035e-18,5.637851296924623e-18,joint_parent_percentile,,3.5997150268447816e-18,4000,4000,0,fixed_equal_cell_weights__common_complete_all_declared_methods_conditions,,
43d0a7f75c8afab6d32ab6fd1f2ff8db49cca59e36971e2b74404173f4cbfcf2,stress,domain_aggregate,fGn,all_lengths,,,,DFA::long_scales,constant_offset__shift_1,absolute_error_inflation,,-8.239936510889834e-18,-8.673617379884035e-18,6.0715321659188256e-18,joint_parent_percentile,,3.8566014912597424e-18,4000,4000,0,fixed_equal_cell_weights__common_complete_all_declared_methods_conditions,,
43d0a7f75c8afab6d32ab6fd1f2ff8db49cca59e36971e2b74404173f4cbfcf2,stress,domain_aggregate,fGn,all_lengths,,,,DFA::short_scales,constant_offset__shift_1,absolute_error_inflation,,4.77048955893622e-18,-6.0715321659188256e-18,6.0715321659188256e-18,joint_parent_percentile,,3.0934394153240618e-18,4000,4000,0,fixed_equal_cell_weights__common_complete_all_declared_methods_conditions,,
43d0a7f75c8afab6d32ab6fd1f2ff8db49cca59e36971e2b74404173f4cbfcf2,stress,domain_aggregate,fGn,all_lengths,,,,DMA::balanced_windows,constant_offset__shift_1,absolute_error_inflation,,8.673617379884035e-19,-1.1319070680748665e-17,1.214306433183765e-17,joint_parent_percentile,,6.1213080014487676e-18,4000,4000,0,fixed_equal_cell_weights__common_complete_all_declared_methods_conditions,,
43d0a7f75c8afab6d32ab6fd1f2ff8db49cca59e36971e2b74404173f4cbfcf2,stress,domain_aggregate,fGn,all_lengths,,,,DMA::long_windows,constant_offset__shift_1,absolute_error_inflation,,-1.9949319973733282e-17,-1.7347234759768068e-17,1.3877787807814457e-17,joint_parent_percentile,,8.239358045884538e-18,4000,4000,0,fixed_equal_cell_weights__common_complete_all_declared_methods_conditions,,
43d0a7f75c8afab6d32ab6fd1f2ff8db49cca59e36971e2b74404173f4cbfcf2,stress,domain_aggregate,fGn,all_lengths,,,,DMA::short_windows,constant_offset__shift_1,absolute_error_inflation,,1.3877787807814457e-17,-7.806255641895632e-18,8.673617379884035e-18,joint_parent_percentile,,4.198256065118946e-18,4000,4000,0,fixed_equal_cell_weights__common_complete_all_declared_methods_conditions,,
43d0a7f75c8afab6d32ab6fd1f2ff8db49cca59e36971e2b74404173f4cbfcf2,stress,domain_aggregate,fGn,all_lengths,,,,GHE,constant_offset__shift_1,absolute_error_inflation,,0.339452277822204,0.3381539559792956,0.3406766065927441,joint_parent_percentile,,0.0006365069458916,4000,4000,0,fixed_equal_cell_weights__common_complete_all_declared_methods_conditions,,
43d0a7f75c8afab6d32ab6fd1f2ff8db49cca59e36971e2b74404173f4cbfcf2,stress,domain_aggregate,fGn,all_lengths,,,,GHE::centered,constant_offset__shift_1,absolute_error_inflation,,-6.0715321659188256e-18,-6.5052130349130266e-18,8.673617379884035e-18,joint_parent_percentile,,3.899527827466709e-18,4000,4000,0,fixed_equal_cell_weights__common_complete_all_declared_methods_conditions,,
43d0a7f75c8afab6d32ab6fd1f2ff8db49cca59e36971e2b74404173f4cbfcf2,stress,domain_aggregate,fGn,all_lengths,,,,GPH::narrow_band,constant_offset__shift_1,absolute_error_inflation,,-1.0408340855860844e-17,-1.0408340855860844e-17,1.3877787807814457e-17,joint_parent_percentile,,6.3353352443458455e-18,4000,4000,0,fixed_equal_cell_weights__common_complete_all_declared_methods_conditions,,
43d0a7f75c8afab6d32ab6fd1f2ff8db49cca59e36971e2b74404173f4cbfcf2,stress,domain_aggregate,fGn,all_lengths,,,,GPH::wider_band,constant_offset__shift_1,absolute_error_inflation,,1.734723475976807e-18,-1.0408340855860844e-17,1.0408340855860844e-17,joint_parent_percentile,,5.13433712856436e-18,4000,4000,0,fixed_equal_cell_weights__common_complete_all_declared_methods_conditions,,
43d0a7f75c8afab6d32ab6fd1f2ff8db49cca59e36971e2b74404173f4cbfcf2,stress,domain_aggregate,fGn,all_lengths,,,,Higuchi,constant_offset__shift_1,absolute_error_inflation,,0.3407645883635913,0.3395867236224436,0.3419038623729135,joint_parent_percentile,,0.0006029182529182,4000,4000,0,fixed_equal_cell_weights__common_complete_all_declared_methods_conditions,,
43d0a7f75c8afab6d32ab6fd1f2ff8db49cca59e36971e2b74404173f4cbfcf2,stress,domain_aggregate,fGn,all_lengths,,,,Higuchi::centered,constant_offset__shift_1,absolute_error_inflation,,-1.1709383462843448e-17,-5.637851296924623e-18,8.239936510889834e-18,joint_parent_percentile,,3.617057402772799e-18,4000,4000,0,fixed_equal_cell_weights__common_complete_all_declared_methods_conditions,,
43d0a7f75c8afab6d32ab6fd1f2ff8db49cca59e36971e2b74404173f4cbfcf2,stress,domain_aggregate,fGn,all_lengths,,,,ModifiedLocalWhittle,constant_offset__shift_1,absolute_error_inflation,,1.8388068845354155e-15,-3.057241959592005e-14,3.4455424624546545e-14,joint_parent_percentile,,1.6970981221402316e-14,4000,4000,0,fixed_equal_cell_weights__common_complete_all_declared_methods_conditions,,
43d0a7f75c8afab6d32ab6fd1f2ff8db49cca59e36971e2b74404173f4cbfcf2,stress,domain_aggregate,fGn,all_lengths,,,,RS,constant_offset__shift_1,absolute_error_inflation,,-7.806255641895632e-18,-9.54097911787244e-18,1.214306433183765e-17,joint_parent_percentile,,5.683698667145711e-18,4000,4000,0,fixed_equal_cell_weights__common_complete_all_declared_methods_conditions,,
43d0a7f75c8afab6d32ab6fd1f2ff8db49cca59e36971e2b74404173f4cbfcf2,stress,domain_aggregate,fGn,all_lengths,,,,Variance,constant_offset__shift_1,absolute_error_inflation,,2.3939183968479943e-16,-5.204170427930421e-18,6.766288918047535e-16,joint_parent_percentile,,2.1226608417373758e-16,4000,4000,0,fixed_equal_cell_weights__common_complete_all_declared_methods_conditions,,
43d0a7f75c8afab6d32ab6fd1f2ff8db49cca59e36971e2b74404173f4cbfcf2,stress,domain_aggregate,fGn,all_lengths,,,,VarianceResidual,constant_offset__shift_1,absolute_error_inflation,,-8.673617379884035e-19,-6.5052130349130266e-18,6.0715321659188256e-18,joint_parent_percentile,,3.2422978959717032e-18,4000,4000,0,fixed_equal_cell_weights__common_complete_all_declared_methods_conditions,,
43d0a7f75c8afab6d32ab6fd1f2ff8db49cca59e36971e2b74404173f4cbfcf2,stress,domain_aggregate,fGn,all_lengths,,,,WaveletOLS::broad_band,constant_offset__shift_1,absolute_error_inflation,,6.938893903907228e-18,-9.54097911787244e-18,6.982261990806609e-18,joint_parent_percentile,,4.21249975558462e-18,4000,4000,0,fixed_equal_cell_weights__common_complete_all_declared_methods_conditions,,
43d0a7f75c8afab6d32ab6fd1f2ff8db49cca59e36971e2b74404173f4cbfcf2,stress,domain_aggregate,fGn,all_lengths,,,,WaveletOLS::conservative_band,constant_offset__shift_1,absolute_error_inflation,,-8.673617379884035e-18,-1.3877787807814457e-17,1.0408340855860844e-17,joint_parent_percentile,,6.391822229287126e-18,4000,4000,0,fixed_equal_cell_weights__common_complete_all_declared_methods_conditions,,
43d0a7f75c8afab6d32ab6fd1f2ff8db49cca59e36971e2b74404173f4cbfcf2,stress,domain_aggregate,fGn,all_lengths,,,,WaveletOLS::upper_band,constant_offset__shift_1,absolute_error_inflation,,-1.1275702593849246e-17,-7.806255641895632e-18,7.806255641895632e-18,joint_parent_percentile,,4.0203742635866235e-18,4000,4000,0,fixed_equal_cell_weights__common_complete_all_declared_methods_conditions,,
43d0a7f75c8afab6d32ab6fd1f2ff8db49cca59e36971e2b74404173f4cbfcf2,stress,domain_aggregate,fGn,all_lengths,,,,WhittleMLE,constant_offset__shift_1,absolute_error_inflation,,2.2289461942825994e-14,-1.0720894658144964e-14,6.012083192397099e-14,joint_parent_percentile,,1.8353114844072232e-14,4000,4000,0,fixed_equal_cell_weights__common_complete_all_declared_methods_conditions,,
43d0a7f75c8afab6d32ab6fd1f2ff8db49cca59e36971e2b74404173f4cbfcf2,stress,domain_aggregate,fGn,all_lengths,,,,AbsoluteMoment,heavy_tail_noise__df_3__scale_0.5,absolute_error_inflation,,0.0061768847522081,0.0015484216678387,0.010587708591273,joint_parent_percentile,,0.0023260059984326,4000,4000,0,fixed_equal_cell_weights__common_complete_all_declared_methods_conditions,,
43d0a7f75c8afab6d32ab6fd1f2ff8db49cca59e36971e2b74404173f4cbfcf2,stress,domain_aggregate,fGn,all_lengths,,,,DFA::balanced_scales,heavy_tail_noise__df_3__scale_0.5,absolute_error_inflation,,0.0208506908191705,0.0196804909411523,0.0220326304207492,joint_parent_percentile,,0.0006054868123901,4000,4000,0,fixed_equal_cell_weights__common_complete_all_declared_methods_conditions,,
43d0a7f75c8afab6d32ab6fd1f2ff8db49cca59e36971e2b74404173f4cbfcf2,stress,domain_aggregate,fGn,all_lengths,,,,DFA::long_scales,heavy_tail_noise__df_3__scale_0.5,absolute_error_inflation,,0.0205799232208229,0.0192677995716053,0.0218361080133526,joint_parent_percentile,,0.0006465281886129,4000,4000,0,fixed_equal_cell_weights__common_complete_all_declared_methods_conditions,,
43d0a7f75c8afab6d32ab6fd1f2ff8db49cca59e36971e2b74404173f4cbfcf2,stress,domain_aggregate,fGn,all_lengths,,,,DFA::short_scales,heavy_tail_noise__df_3__scale_0.5,absolute_error_inflation,,0.0225224000569481,0.0214352111799488,0.0235540750674973,joint_parent_percentile,,0.0005404717400432,4000,4000,0,fixed_equal_cell_weights__common_complete_all_declared_methods_conditions,,
43d0a7f75c8afab6d32ab6fd1f2ff8db49cca59e36971e2b74404173f4cbfcf2,stress,domain_aggregate,fGn,all_lengths,,,,DMA::balanced_windows,heavy_tail_noise__df_3__scale_0.5,absolute_error_inflation,,0.0238510975687598,0.022317763962546,0.0253676281065147,joint_parent_percentile,,0.0007881930029909,4000,4000,0,fixed_equal_cell_weights__common_complete_all_declared_methods_conditions,,
43d0a7f75c8afab6d32ab6fd1f2ff8db49cca59e36971e2b74404173f4cbfcf2,stress,domain_aggregate,fGn,all_lengths,,,,DMA::long_windows,heavy_tail_noise__df_3__scale_0.5,absolute_error_inflation,,0.0188474431994891,0.0170330011526473,0.020592679461225,joint_parent_percentile,,0.0009173439258862,4000,4000,0,fixed_equal_cell_weights__common_complete_all_declared_methods_conditions,,
43d0a7f75c8afab6d32ab6fd1f2ff8db49cca59e36971e2b74404173f4cbfcf2,stress,domain_aggregate,fGn,all_lengths,,,,DMA::short_windows,heavy_tail_noise__df_3__scale_0.5,absolute_error_inflation,,0.0275448024708583,0.0262289873387472,0.0288017025295156,joint_parent_percentile,,0.0006518082110316,4000,4000,0,fixed_equal_cell_weights__common_complete_all_declared_methods_conditions,,
43d0a7f75c8afab6d32ab6fd1f2ff8db49cca59e36971e2b74404173f4cbfcf2,stress,domain_aggregate,fGn,all_lengths,,,,GHE,heavy_tail_noise__df_3__scale_0.5,absolute_error_inflation,,0.0237687340707809,0.0227644371326695,0.0247084790498125,joint_parent_percentile,,0.000490898557914,4000,4000,0,fixed_equal_cell_weights__common_complete_all_declared_methods_conditions,,
43d0a7f75c8afab6d32ab6fd1f2ff8db49cca59e36971e2b74404173f4cbfcf2,stress,domain_aggregate,fGn,all_lengths,,,,GHE::centered,heavy_tail_noise__df_3__scale_0.5,absolute_error_inflation,,0.025627545518491,0.0246103697839379,0.02656183717257,joint_parent_percentile,,0.0004991516618262,4000,4000,0,fixed_equal_cell_weights__common_complete_all_declared_methods_conditions,,
43d0a7f75c8afab6d32ab6fd1f2ff8db49cca59e36971e2b74404173f4cbfcf2,stress,domain_aggregate,fGn,all_lengths,,,,GPH::narrow_band,heavy_tail_noise__df_3__scale_0.5,absolute_error_inflation,,0.0156030711524016,0.0129038223496065,0.0184748523483429,joint_parent_percentile,,0.001439017098841,4000,4000,0,fixed_equal_cell_weights__common_complete_all_declared_methods_conditions,,
43d0a7f75c8afab6d32ab6fd1f2ff8db49cca59e36971e2b74404173f4cbfcf2,stress,domain_aggregate,fGn,all_lengths,,,,GPH::wider_band,heavy_tail_noise__df_3__scale_0.5,absolute_error_inflation,,0.0138127441416965,0.0117325560193072,0.015950060141312,joint_parent_percentile,,0.001069600029372,4000,4000,0,fixed_equal_cell_weights__common_complete_all_declared_methods_conditions,,
43d0a7f75c8afab6d32ab6fd1f2ff8db49cca59e36971e2b74404173f4cbfcf2,stress,domain_aggregate,fGn,all_lengths,,,,Higuchi,heavy_tail_noise__df_3__scale_0.5,absolute_error_inflation,,0.0217880967559475,0.0208740553496254,0.0226939520257718,joint_parent_percentile,,0.0004641521033971,4000,4000,0,fixed_equal_cell_weights__common_complete_all_declared_methods_conditions,,
43d0a7f75c8afab6d32ab6fd1f2ff8db49cca59e36971e2b74404173f4cbfcf2,stress,domain_aggregate,fGn,all_lengths,,,,Higuchi::centered,heavy_tail_noise__df_3__scale_0.5,absolute_error_inflation,,0.0250571766182808,0.0241154707173309,0.0259530596593681,joint_parent_percentile,,0.0004678859068408,4000,4000,0,fixed_equal_cell_weights__common_complete_all_declared_methods_conditions,,
43d0a7f75c8afab6d32ab6fd1f2ff8db49cca59e36971e2b74404173f4cbfcf2,stress,domain_aggregate,fGn,all_lengths,,,,ModifiedLocalWhittle,heavy_tail_noise__df_3__scale_0.5,absolute_error_inflation,,0.0171198926687932,0.0154812053563812,0.0187216557572771,joint_parent_percentile,,0.0008141445266098,4000,4000,0,fixed_equal_cell_weights__common_complete_all_declared_methods_conditions,,
43d0a7f75c8afab6d32ab6fd1f2ff8db49cca59e36971e2b74404173f4cbfcf2,stress,domain_aggregate,fGn,all_lengths,,,,RS,heavy_tail_noise__df_3__scale_0.5,absolute_error_inflation,,0.0238192352198835,0.0229639623583187,0.0246748841195939,joint_parent_percentile,,0.0004333959789366,4000,4000,0,fixed_equal_cell_weights__common_complete_all_declared_methods_conditions,,
43d0a7f75c8afab6d32ab6fd1f2ff8db49cca59e36971e2b74404173f4cbfcf2,stress,domain_aggregate,fGn,all_lengths,,,,Variance,heavy_tail_noise__df_3__scale_0.5,absolute_error_inflation,,0.0102493019952662,0.0058287415854339,0.0146466402326211,joint_parent_percentile,,0.0022717654527985,4000,4000,0,fixed_equal_cell_weights__common_complete_all_declared_methods_conditions,,
43d0a7f75c8afab6d32ab6fd1f2ff8db49cca59e36971e2b74404173f4cbfcf2,stress,domain_aggregate,fGn,all_lengths,,,,VarianceResidual,heavy_tail_noise__df_3__scale_0.5,absolute_error_inflation,,0.0216969207157034,0.0205402324114293,0.0227967834266047,joint_parent_percentile,,0.0005799482200555,4000,4000,0,fixed_equal_cell_weights__common_complete_all_declared_methods_conditions,,
43d0a7f75c8afab6d32ab6fd1f2ff8db49cca59e36971e2b74404173f4cbfcf2,stress,domain_aggregate,fGn,all_lengths,,,,WaveletOLS::broad_band,heavy_tail_noise__df_3__scale_0.5,absolute_error_inflation,,0.013035911602992,0.0111973144507725,0.0148666472117259,joint_parent_percentile,,0.0009350661372668,4000,4000,0,fixed_equal_cell_weights__common_complete_all_declared_methods_conditions,,
43d0a7f75c8afab6d32ab6fd1f2ff8db49cca59e36971e2b74404173f4cbfcf2,stress,domain_aggregate,fGn,all_lengths,,,,WaveletOLS::conservative_band,heavy_tail_noise__df_3__scale_0.5,absolute_error_inflation,,0.0058689404451993,0.0034687407271792,0.0082676131202962,joint_parent_percentile,,0.0012215797100091,4000,4000,0,fixed_equal_cell_weights__common_complete_all_declared_methods_conditions,,
43d0a7f75c8afab6d32ab6fd1f2ff8db49cca59e36971e2b74404173f4cbfcf2,stress,domain_aggregate,fGn,all_lengths,,,,WaveletOLS::upper_band,heavy_tail_noise__df_3__scale_0.5,absolute_error_inflation,,0.0123623147372409,0.0105228163015229,0.0140913648027597,joint_parent_percentile,,0.000891534777601,4000,4000,0,fixed_equal_cell_weights__common_complete_all_declared_methods_conditions,,
43d0a7f75c8afab6d32ab6fd1f2ff8db49cca59e36971e2b74404173f4cbfcf2,stress,domain_aggregate,fGn,all_lengths,,,,WhittleMLE,heavy_tail_noise__df_3__scale_0.5,absolute_error_inflation,,0.0166907802301687,0.0150472488742655,0.0183162104517791,joint_parent_percentile,,0.0008188226259059,4000,4000,0,fixed_equal_cell_weights__common_complete_all_declared_methods_conditions,,
43d0a7f75c8afab6d32ab6fd1f2ff8db49cca59e36971e2b74404173f4cbfcf2,stress,domain_aggregate,fGn,all_lengths,,,,AbsoluteMoment,heavy_tail_noise__df_3__scale_1,absolute_error_inflation,,0.0209540743663115,0.0162206312802494,0.0258499264131911,joint_parent_percentile,,0.002493841992955,4000,4000,0,fixed_equal_cell_weights__common_complete_all_declared_methods_conditions,,
43d0a7f75c8afab6d32ab6fd1f2ff8db49cca59e36971e2b74404173f4cbfcf2,stress,domain_aggregate,fGn,all_lengths,,,,DFA::balanced_scales,heavy_tail_noise__df_3__scale_1,absolute_error_inflation,,0.0602561129761481,0.0584652896471623,0.0620116280521885,joint_parent_percentile,,0.0009003431582139,4000,4000,0,fixed_equal_cell_weights__common_complete_all_declared_methods_conditions,,
43d0a7f75c8afab6d32ab6fd1f2ff8db49cca59e36971e2b74404173f4cbfcf2,stress,domain_aggregate,fGn,all_lengths,,,,DFA::long_scales,heavy_tail_noise__df_3__scale_1,absolute_error_inflation,,0.0528752315471426,0.0508624731076177,0.0548116867319468,joint_parent_percentile,,0.0009842594338155,4000,4000,0,fixed_equal_cell_weights__common_complete_all_declared_methods_conditions,,
43d0a7f75c8afab6d32ab6fd1f2ff8db49cca59e36971e2b74404173f4cbfcf2,stress,domain_aggregate,fGn,all_lengths,,,,DFA::short_scales,heavy_tail_noise__df_3__scale_1,absolute_error_inflation,,0.0681019050564397,0.0665397906168934,0.0696266693343617,joint_parent_percentile,,0.0007931749976721,4000,4000,0,fixed_equal_cell_weights__common_complete_all_declared_methods_conditions,,
43d0a7f75c8afab6d32ab6fd1f2ff8db49cca59e36971e2b74404173f4cbfcf2,stress,domain_aggregate,fGn,all_lengths,,,,DMA::balanced_windows,heavy_tail_noise__df_3__scale_1,absolute_error_inflation,,0.0472995877129343,0.0453145767001863,0.0493253048469368,joint_parent_percentile,,0.0010332743770601,4000,4000,0,fixed_equal_cell_weights__common_complete_all_declared_methods_conditions,,
43d0a7f75c8afab6d32ab6fd1f2ff8db49cca59e36971e2b74404173f4cbfcf2,stress,domain_aggregate,fGn,all_lengths,,,,DMA::long_windows,heavy_tail_noise__df_3__scale_1,absolute_error_inflation,,0.0378954684886191,0.0355793895165542,0.0402224834011218,joint_parent_percentile,,0.0012069459968399,4000,4000,0,fixed_equal_cell_weights__common_complete_all_declared_methods_conditions,,
43d0a7f75c8afab6d32ab6fd1f2ff8db49cca59e36971e2b74404173f4cbfcf2,stress,domain_aggregate,fGn,all_lengths,,,,DMA::short_windows,heavy_tail_noise__df_3__scale_1,absolute_error_inflation,,0.0546202113847408,0.0528942770121396,0.0563269868558872,joint_parent_percentile,,0.0008696348904646,4000,4000,0,fixed_equal_cell_weights__common_complete_all_declared_methods_conditions,,
43d0a7f75c8afab6d32ab6fd1f2ff8db49cca59e36971e2b74404173f4cbfcf2,stress,domain_aggregate,fGn,all_lengths,,,,GHE,heavy_tail_noise__df_3__scale_1,absolute_error_inflation,,0.0526779708990641,0.0512246245645783,0.054028359771262,joint_parent_percentile,,0.0007206212473658,4000,4000,0,fixed_equal_cell_weights__common_complete_all_declared_methods_conditions,,
43d0a7f75c8afab6d32ab6fd1f2ff8db49cca59e36971e2b74404173f4cbfcf2,stress,domain_aggregate,fGn,all_lengths,,,,GHE::centered,heavy_tail_noise__df_3__scale_1,absolute_error_inflation,,0.060612722194088,0.0594107574105216,0.0618965278414067,joint_parent_percentile,,0.0006342515818291,4000,4000,0,fixed_equal_cell_weights__common_complete_all_declared_methods_conditions,,
43d0a7f75c8afab6d32ab6fd1f2ff8db49cca59e36971e2b74404173f4cbfcf2,stress,domain_aggregate,fGn,all_lengths,,,,GPH::narrow_band,heavy_tail_noise__df_3__scale_1,absolute_error_inflation,,0.0325178304920857,0.0288964550067382,0.0360586609201445,joint_parent_percentile,,0.0018074273327537,4000,4000,0,fixed_equal_cell_weights__common_complete_all_declared_methods_conditions,,
43d0a7f75c8afab6d32ab6fd1f2ff8db49cca59e36971e2b74404173f4cbfcf2,stress,domain_aggregate,fGn,all_lengths,,,,GPH::wider_band,heavy_tail_noise__df_3__scale_1,absolute_error_inflation,,0.0388863527917821,0.0363111476415387,0.0414181747208429,joint_parent_percentile,,0.001331977566873,4000,4000,0,fixed_equal_cell_weights__common_complete_all_declared_methods_conditions,,
43d0a7f75c8afab6d32ab6fd1f2ff8db49cca59e36971e2b74404173f4cbfcf2,stress,domain_aggregate,fGn,all_lengths,,,,Higuchi,heavy_tail_noise__df_3__scale_1,absolute_error_inflation,,0.0549731190462621,0.0536097883655507,0.0563273264987293,joint_parent_percentile,,0.0006892607361224,4000,4000,0,fixed_equal_cell_weights__common_complete_all_declared_methods_conditions,,
43d0a7f75c8afab6d32ab6fd1f2ff8db49cca59e36971e2b74404173f4cbfcf2,stress,domain_aggregate,fGn,all_lengths,,,,Higuchi::centered,heavy_tail_noise__df_3__scale_1,absolute_error_inflation,,0.0640244083005678,0.0628897699463311,0.065146896265775,joint_parent_percentile,,0.0005721104692973,4000,4000,0,fixed_equal_cell_weights__common_complete_all_declared_methods_conditions,,
43d0a7f75c8afab6d32ab6fd1f2ff8db49cca59e36971e2b74404173f4cbfcf2,stress,domain_aggregate,fGn,all_lengths,,,,ModifiedLocalWhittle,heavy_tail_noise__df_3__scale_1,absolute_error_inflation,,0.0459852461182193,0.043840602811754,0.047958188517356,joint_parent_percentile,,0.0010806321937111,4000,4000,0,fixed_equal_cell_weights__common_complete_all_declared_methods_conditions,,
43d0a7f75c8afab6d32ab6fd1f2ff8db49cca59e36971e2b74404173f4cbfcf2,stress,domain_aggregate,fGn,all_lengths,,,,RS,heavy_tail_noise__df_3__scale_1,absolute_error_inflation,,0.0539334244467794,0.0527702345667469,0.0551721125637792,joint_parent_percentile,,0.000604730646778,4000,4000,0,fixed_equal_cell_weights__common_complete_all_declared_methods_conditions,,
43d0a7f75c8afab6d32ab6fd1f2ff8db49cca59e36971e2b74404173f4cbfcf2,stress,domain_aggregate,fGn,all_lengths,,,,Variance,heavy_tail_noise__df_3__scale_1,absolute_error_inflation,,0.0240048527925355,0.0193773566332632,0.0286898272929877,joint_parent_percentile,,0.0024201907614106,4000,4000,0,fixed_equal_cell_weights__common_complete_all_declared_methods_conditions,,
43d0a7f75c8afab6d32ab6fd1f2ff8db49cca59e36971e2b74404173f4cbfcf2,stress,domain_aggregate,fGn,all_lengths,,,,VarianceResidual,heavy_tail_noise__df_3__scale_1,absolute_error_inflation,,0.0652363661429513,0.0636562450390789,0.0667833830504282,joint_parent_percentile,,0.0008043052661772,4000,4000,0,fixed_equal_cell_weights__common_complete_all_declared_methods_conditions,,
43d0a7f75c8afab6d32ab6fd1f2ff8db49cca59e36971e2b74404173f4cbfcf2,stress,domain_aggregate,fGn,all_lengths,,,,WaveletOLS::broad_band,heavy_tail_noise__df_3__scale_1,absolute_error_inflation,,0.0476632482083984,0.0451204046368992,0.0502462470792342,joint_parent_percentile,,0.0013384737302809,4000,4000,0,fixed_equal_cell_weights__common_complete_all_declared_methods_conditions,,
43d0a7f75c8afab6d32ab6fd1f2ff8db49cca59e36971e2b74404173f4cbfcf2,stress,domain_aggregate,fGn,all_lengths,,,,WaveletOLS::conservative_band,heavy_tail_noise__df_3__scale_1,absolute_error_inflation,,0.0405274309897951,0.0370949156762068,0.0439660905930641,joint_parent_percentile,,0.001740461907961,4000,4000,0,fixed_equal_cell_weights__common_complete_all_declared_methods_conditions,,
43d0a7f75c8afab6d32ab6fd1f2ff8db49cca59e36971e2b74404173f4cbfcf2,stress,domain_aggregate,fGn,all_lengths,,,,WaveletOLS::upper_band,heavy_tail_noise__df_3__scale_1,absolute_error_inflation,,0.0541813093090573,0.0515609932374661,0.0566937444062516,joint_parent_percentile,,0.0013140991350821,4000,4000,0,fixed_equal_cell_weights__common_complete_all_declared_methods_conditions,,
43d0a7f75c8afab6d32ab6fd1f2ff8db49cca59e36971e2b74404173f4cbfcf2,stress,domain_aggregate,fGn,all_lengths,,,,WhittleMLE,heavy_tail_noise__df_3__scale_1,absolute_error_inflation,,0.0453126357607428,0.0431501997995582,0.0472943910332283,joint_parent_percentile,,0.0010884650666845,4000,4000,0,fixed_equal_cell_weights__common_complete_all_declared_methods_conditions,,
43d0a7f75c8afab6d32ab6fd1f2ff8db49cca59e36971e2b74404173f4cbfcf2,stress,domain_aggregate,fGn,all_lengths,,,,AbsoluteMoment,heavy_tail_noise__df_5__scale_0.5,absolute_error_inflation,,0.002999119636106,-0.0012304414252662,0.0073793808497437,joint_parent_percentile,,0.0021720695420038,4000,4000,0,fixed_equal_cell_weights__common_complete_all_declared_methods_conditions,,
43d0a7f75c8afab6d32ab6fd1f2ff8db49cca59e36971e2b74404173f4cbfcf2,stress,domain_aggregate,fGn,all_lengths,,,,DFA::balanced_scales,heavy_tail_noise__df_5__scale_0.5,absolute_error_inflation,,0.0207836090299258,0.0196422589224319,0.0219361517711093,joint_parent_percentile,,0.0005873908399092,4000,4000,0,fixed_equal_cell_weights__common_complete_all_declared_methods_conditions,,
43d0a7f75c8afab6d32ab6fd1f2ff8db49cca59e36971e2b74404173f4cbfcf2,stress,domain_aggregate,fGn,all_lengths,,,,DFA::long_scales,heavy_tail_noise__df_5__scale_0.5,absolute_error_inflation,,0.0190803835418983,0.0177784908726005,0.0203255786384979,joint_parent_percentile,,0.000643285709108,4000,4000,0,fixed_equal_cell_weights__common_complete_all_declared_methods_conditions,,
43d0a7f75c8afab6d32ab6fd1f2ff8db49cca59e36971e2b74404173f4cbfcf2,stress,domain_aggregate,fGn,all_lengths,,,,DFA::short_scales,heavy_tail_noise__df_5__scale_0.5,absolute_error_inflation,,0.0220180075006532,0.0209361487041555,0.023043212148086,joint_parent_percentile,,0.0005269326202447,4000,4000,0,fixed_equal_cell_weights__common_complete_all_declared_methods_conditions,,
43d0a7f75c8afab6d32ab6fd1f2ff8db49cca59e36971e2b74404173f4cbfcf2,stress,domain_aggregate,fGn,all_lengths,,,,DMA::balanced_windows,heavy_tail_noise__df_5__scale_0.5,absolute_error_inflation,,0.0222396915387634,0.0207869013843593,0.0238029163525782,joint_parent_percentile,,0.000763434724774,4000,4000,0,fixed_equal_cell_weights__common_complete_all_declared_methods_conditions,,
43d0a7f75c8afab6d32ab6fd1f2ff8db49cca59e36971e2b74404173f4cbfcf2,stress,domain_aggregate,fGn,all_lengths,,,,DMA::long_windows,heavy_tail_noise__df_5__scale_0.5,absolute_error_inflation,,0.0176563249827498,0.0159048656801831,0.0194959740883941,joint_parent_percentile,,0.0009063214336699,4000,4000,0,fixed_equal_cell_weights__common_complete_all_declared_methods_conditions,,
43d0a7f75c8afab6d32ab6fd1f2ff8db49cca59e36971e2b74404173f4cbfcf2,stress,domain_aggregate,fGn,all_lengths,,,,DMA::short_windows,heavy_tail_noise__df_5__scale_0.5,absolute_error_inflation,,0.0260657618328061,0.0248339744577236,0.0273167869806079,joint_parent_percentile,,0.0006267531249997,4000,4000,0,fixed_equal_cell_weights__common_complete_all_declared_methods_conditions,,
43d0a7f75c8afab6d32ab6fd1f2ff8db49cca59e36971e2b74404173f4cbfcf2,stress,domain_aggregate,fGn,all_lengths,,,,GHE,heavy_tail_noise__df_5__scale_0.5,absolute_error_inflation,,0.0223285886313452,0.0214064905842586,0.0232483575695263,joint_parent_percentile,,0.0004767545508283,4000,4000,0,fixed_equal_cell_weights__common_complete_all_declared_methods_conditions,,
43d0a7f75c8afab6d32ab6fd1f2ff8db49cca59e36971e2b74404173f4cbfcf2,stress,domain_aggregate,fGn,all_lengths,,,,GHE::centered,heavy_tail_noise__df_5__scale_0.5,absolute_error_inflation,,0.0247069412506979,0.0237642919428698,0.0256123024371294,joint_parent_percentile,,0.0004751550016877,4000,4000,0,fixed_equal_cell_weights__common_complete_all_declared_methods_conditions,,
43d0a7f75c8afab6d32ab6fd1f2ff8db49cca59e36971e2b74404173f4cbfcf2,stress,domain_aggregate,fGn,all_lengths,,,,GPH::narrow_band,heavy_tail_noise__df_5__scale_0.5,absolute_error_inflation,,0.0127932997434488,0.0099691508437955,0.0154937581583623,joint_parent_percentile,,0.0013940910909834,4000,4000,0,fixed_equal_cell_weights__common_complete_all_declared_methods_conditions,,
43d0a7f75c8afab6d32ab6fd1f2ff8db49cca59e36971e2b74404173f4cbfcf2,stress,domain_aggregate,fGn,all_lengths,,,,GPH::wider_band,heavy_tail_noise__df_5__scale_0.5,absolute_error_inflation,,0.0132360463992187,0.0111731562078243,0.0151883843550526,joint_parent_percentile,,0.0010492168531194,4000,4000,0,fixed_equal_cell_weights__common_complete_all_declared_methods_conditions,,
43d0a7f75c8afab6d32ab6fd1f2ff8db49cca59e36971e2b74404173f4cbfcf2,stress,domain_aggregate,fGn,all_lengths,,,,Higuchi,heavy_tail_noise__df_5__scale_0.5,absolute_error_inflation,,0.0210478061336519,0.0201452443780567,0.0219863250646631,joint_parent_percentile,,0.0004655760671092,4000,4000,0,fixed_equal_cell_weights__common_complete_all_declared_methods_conditions,,
43d0a7f75c8afab6d32ab6fd1f2ff8db49cca59e36971e2b74404173f4cbfcf2,stress,domain_aggregate,fGn,all_lengths,,,,Higuchi::centered,heavy_tail_noise__df_5__scale_0.5,absolute_error_inflation,,0.0247306745559959,0.0238038970352323,0.0256748799632681,joint_parent_percentile,,0.0004577615079539,4000,4000,0,fixed_equal_cell_weights__common_complete_all_declared_methods_conditions,,
43d0a7f75c8afab6d32ab6fd1f2ff8db49cca59e36971e2b74404173f4cbfcf2,stress,domain_aggregate,fGn,all_lengths,,,,ModifiedLocalWhittle,heavy_tail_noise__df_5__scale_0.5,absolute_error_inflation,,0.0162201248616252,0.0145939044111757,0.017795126679087,joint_parent_percentile,,0.0008198356766947,4000,4000,0,fixed_equal_cell_weights__common_complete_all_declared_methods_conditions,,
43d0a7f75c8afab6d32ab6fd1f2ff8db49cca59e36971e2b74404173f4cbfcf2,stress,domain_aggregate,fGn,all_lengths,,,,RS,heavy_tail_noise__df_5__scale_0.5,absolute_error_inflation,,0.0230347004641111,0.0222049103995948,0.0238552445383556,joint_parent_percentile,,0.0004201240606933,4000,4000,0,fixed_equal_cell_weights__common_complete_all_declared_methods_conditions,,
43d0a7f75c8afab6d32ab6fd1f2ff8db49cca59e36971e2b74404173f4cbfcf2,stress,domain_aggregate,fGn,all_lengths,,,,Variance,heavy_tail_noise__df_5__scale_0.5,absolute_error_inflation,,0.0066166483406538,0.0024133213136548,0.0108605245120215,joint_parent_percentile,,0.0021424792689305,4000,4000,0,fixed_equal_cell_weights__common_complete_all_declared_methods_conditions,,
43d0a7f75c8afab6d32ab6fd1f2ff8db49cca59e36971e2b74404173f4cbfcf2,stress,domain_aggregate,fGn,all_lengths,,,,VarianceResidual,heavy_tail_noise__df_5__scale_0.5,absolute_error_inflation,,0.0208462994994835,0.0197171042700805,0.0219032658298059,joint_parent_percentile,,0.0005629987606849,4000,4000,0,fixed_equal_cell_weights__common_complete_all_declared_methods_conditions,,
43d0a7f75c8afab6d32ab6fd1f2ff8db49cca59e36971e2b74404173f4cbfcf2,stress,domain_aggregate,fGn,all_lengths,,,,WaveletOLS::broad_band,heavy_tail_noise__df_5__scale_0.5,absolute_error_inflation,,0.0126183082752137,0.0109531406592557,0.0144692834556797,joint_parent_percentile,,0.0009081952535958,4000,4000,0,fixed_equal_cell_weights__common_complete_all_declared_methods_conditions,,
43d0a7f75c8afab6d32ab6fd1f2ff8db49cca59e36971e2b74404173f4cbfcf2,stress,domain_aggregate,fGn,all_lengths,,,,WaveletOLS::conservative_band,heavy_tail_noise__df_5__scale_0.5,absolute_error_inflation,,0.0089193652706818,0.0064573183607595,0.011553067592935,joint_parent_percentile,,0.0012870545340376,4000,4000,0,fixed_equal_cell_weights__common_complete_all_declared_methods_conditions,,
43d0a7f75c8afab6d32ab6fd1f2ff8db49cca59e36971e2b74404173f4cbfcf2,stress,domain_aggregate,fGn,all_lengths,,,,WaveletOLS::upper_band,heavy_tail_noise__df_5__scale_0.5,absolute_error_inflation,,0.0108774127015178,0.0090191144097644,0.0126398479781584,joint_parent_percentile,,0.0009120386014371,4000,4000,0,fixed_equal_cell_weights__common_complete_all_declared_methods_conditions,,
43d0a7f75c8afab6d32ab6fd1f2ff8db49cca59e36971e2b74404173f4cbfcf2,stress,domain_aggregate,fGn,all_lengths,,,,WhittleMLE,heavy_tail_noise__df_5__scale_0.5,absolute_error_inflation,,0.0157772841485089,0.0141365519983312,0.0173504242281631,joint_parent_percentile,,0.000824852102447,4000,4000,0,fixed_equal_cell_weights__common_complete_all_declared_methods_conditions,,
43d0a7f75c8afab6d32ab6fd1f2ff8db49cca59e36971e2b74404173f4cbfcf2,stress,domain_aggregate,fGn,all_lengths,,,,AbsoluteMoment,heavy_tail_noise__df_5__scale_1,absolute_error_inflation,,0.0191803811854642,0.0140301814089757,0.0240309253765536,joint_parent_percentile,,0.0025631248990042,4000,4000,0,fixed_equal_cell_weights__common_complete_all_declared_methods_conditions,,
43d0a7f75c8afab6d32ab6fd1f2ff8db49cca59e36971e2b74404173f4cbfcf2,stress,domain_aggregate,fGn,all_lengths,,,,DFA::balanced_scales,heavy_tail_noise__df_5__scale_1,absolute_error_inflation,,0.0604337958657695,0.0586426891481238,0.0622512676616464,joint_parent_percentile,,0.0009061723220132,4000,4000,0,fixed_equal_cell_weights__common_complete_all_declared_methods_conditions,,
43d0a7f75c8afab6d32ab6fd1f2ff8db49cca59e36971e2b74404173f4cbfcf2,stress,domain_aggregate,fGn,all_lengths,,,,DFA::long_scales,heavy_tail_noise__df_5__scale_1,absolute_error_inflation,,0.0535081230217397,0.0515060832224416,0.055447728297423,joint_parent_percentile,,0.0009922153578225,4000,4000,0,fixed_equal_cell_weights__common_complete_all_declared_methods_conditions,,
43d0a7f75c8afab6d32ab6fd1f2ff8db49cca59e36971e2b74404173f4cbfcf2,stress,domain_aggregate,fGn,all_lengths,,,,DFA::short_scales,heavy_tail_noise__df_5__scale_1,absolute_error_inflation,,0.0683509330303448,0.0667819313481762,0.0699312315315155,joint_parent_percentile,,0.0008153300085189,4000,4000,0,fixed_equal_cell_weights__common_complete_all_declared_methods_conditions,,
43d0a7f75c8afab6d32ab6fd1f2ff8db49cca59e36971e2b74404173f4cbfcf2,stress,domain_aggregate,fGn,all_lengths,,,,DMA::balanced_windows,heavy_tail_noise__df_5__scale_1,absolute_error_inflation,,0.0471624772573729,0.0450492859905138,0.0493180544980289,joint_parent_percentile,,0.0010602060901641,4000,4000,0,fixed_equal_cell_weights__common_complete_all_declared_methods_conditions,,
43d0a7f75c8afab6d32ab6fd1f2ff8db49cca59e36971e2b74404173f4cbfcf2,stress,domain_aggregate,fGn,all_lengths,,,,DMA::long_windows,heavy_tail_noise__df_5__scale_1,absolute_error_inflation,,0.0376359060069318,0.0352526070566158,0.0400327683724886,joint_parent_percentile,,0.0012113971606618,4000,4000,0,fixed_equal_cell_weights__common_complete_all_declared_methods_conditions,,
43d0a7f75c8afab6d32ab6fd1f2ff8db49cca59e36971e2b74404173f4cbfcf2,stress,domain_aggregate,fGn,all_lengths,,,,DMA::short_windows,heavy_tail_noise__df_5__scale_1,absolute_error_inflation,,0.0553722408662665,0.0537277964555319,0.0571042340061049,joint_parent_percentile,,0.0008842465296861,4000,4000,0,fixed_equal_cell_weights__common_complete_all_declared_methods_conditions,,
43d0a7f75c8afab6d32ab6fd1f2ff8db49cca59e36971e2b74404173f4cbfcf2,stress,domain_aggregate,fGn,all_lengths,,,,GHE,heavy_tail_noise__df_5__scale_1,absolute_error_inflation,,0.0526022963812397,0.0510698639564472,0.0539927474717307,joint_parent_percentile,,0.0007530092652898,4000,4000,0,fixed_equal_cell_weights__common_complete_all_declared_methods_conditions,,
43d0a7f75c8afab6d32ab6fd1f2ff8db49cca59e36971e2b74404173f4cbfcf2,stress,domain_aggregate,fGn,all_lengths,,,,GHE::centered,heavy_tail_noise__df_5__scale_1,absolute_error_inflation,,0.0617801998909592,0.0605165457789921,0.0630547047743914,joint_parent_percentile,,0.000652269045447,4000,4000,0,fixed_equal_cell_weights__common_complete_all_declared_methods_conditions,,
43d0a7f75c8afab6d32ab6fd1f2ff8db49cca59e36971e2b74404173f4cbfcf2,stress,domain_aggregate,fGn,all_lengths,,,,GPH::narrow_band,heavy_tail_noise__df_5__scale_1,absolute_error_inflation,,0.032001953308678,0.0283616066109674,0.0353967377876271,joint_parent_percentile,,0.0017902344599709,4000,4000,0,fixed_equal_cell_weights__common_complete_all_declared_methods_conditions,,
43d0a7f75c8afab6d32ab6fd1f2ff8db49cca59e36971e2b74404173f4cbfcf2,stress,domain_aggregate,fGn,all_lengths,,,,GPH::wider_band,heavy_tail_noise__df_5__scale_1,absolute_error_inflation,,0.0379546847626549,0.035231225228819,0.0406005462364943,joint_parent_percentile,,0.001357894033408,4000,4000,0,fixed_equal_cell_weights__common_complete_all_declared_methods_conditions,,
43d0a7f75c8afab6d32ab6fd1f2ff8db49cca59e36971e2b74404173f4cbfcf2,stress,domain_aggregate,fGn,all_lengths,,,,Higuchi,heavy_tail_noise__df_5__scale_1,absolute_error_inflation,,0.0552200239401295,0.0536932425891732,0.0565963182564918,joint_parent_percentile,,0.0007289747019724,4000,4000,0,fixed_equal_cell_weights__common_complete_all_declared_methods_conditions,,
43d0a7f75c8afab6d32ab6fd1f2ff8db49cca59e36971e2b74404173f4cbfcf2,stress,domain_aggregate,fGn,all_lengths,,,,Higuchi::centered,heavy_tail_noise__df_5__scale_1,absolute_error_inflation,,0.0655781514074892,0.0643771454603631,0.0667410872669922,joint_parent_percentile,,0.0006054894135429,4000,4000,0,fixed_equal_cell_weights__common_complete_all_declared_methods_conditions,,
43d0a7f75c8afab6d32ab6fd1f2ff8db49cca59e36971e2b74404173f4cbfcf2,stress,domain_aggregate,fGn,all_lengths,,,,ModifiedLocalWhittle,heavy_tail_noise__df_5__scale_1,absolute_error_inflation,,0.0457972399918522,0.0437321689579274,0.0478975047597276,joint_parent_percentile,,0.0010765337142059,4000,4000,0,fixed_equal_cell_weights__common_complete_all_declared_methods_conditions,,
43d0a7f75c8afab6d32ab6fd1f2ff8db49cca59e36971e2b74404173f4cbfcf2,stress,domain_aggregate,fGn,all_lengths,,,,RS,heavy_tail_noise__df_5__scale_1,absolute_error_inflation,,0.0549160922542487,0.0536653401745673,0.0562335588447595,joint_parent_percentile,,0.0006426502064868,4000,4000,0,fixed_equal_cell_weights__common_complete_all_declared_methods_conditions,,
43d0a7f75c8afab6d32ab6fd1f2ff8db49cca59e36971e2b74404173f4cbfcf2,stress,domain_aggregate,fGn,all_lengths,,,,Variance,heavy_tail_noise__df_5__scale_1,absolute_error_inflation,,0.0233134993825756,0.0183044135888427,0.0280890654414757,joint_parent_percentile,,0.0025021428506264,4000,4000,0,fixed_equal_cell_weights__common_complete_all_declared_methods_conditions,,
43d0a7f75c8afab6d32ab6fd1f2ff8db49cca59e36971e2b74404173f4cbfcf2,stress,domain_aggregate,fGn,all_lengths,,,,VarianceResidual,heavy_tail_noise__df_5__scale_1,absolute_error_inflation,,0.0651033090024087,0.0635064213213996,0.0667221846874267,joint_parent_percentile,,0.0008297226465138,4000,4000,0,fixed_equal_cell_weights__common_complete_all_declared_methods_conditions,,
43d0a7f75c8afab6d32ab6fd1f2ff8db49cca59e36971e2b74404173f4cbfcf2,stress,domain_aggregate,fGn,all_lengths,,,,WaveletOLS::broad_band,heavy_tail_noise__df_5__scale_1,absolute_error_inflation,,0.0483558172884611,0.0456703331933722,0.0509391203009673,joint_parent_percentile,,0.001364940987137,4000,4000,0,fixed_equal_cell_weights__common_complete_all_declared_methods_conditions,,
43d0a7f75c8afab6d32ab6fd1f2ff8db49cca59e36971e2b74404173f4cbfcf2,stress,domain_aggregate,fGn,all_lengths,,,,WaveletOLS::conservative_band,heavy_tail_noise__df_5__scale_1,absolute_error_inflation,,0.0419822643394655,0.0386360823033304,0.0457183877160068,joint_parent_percentile,,0.0017805918799517,4000,4000,0,fixed_equal_cell_weights__common_complete_all_declared_methods_conditions,,
43d0a7f75c8afab6d32ab6fd1f2ff8db49cca59e36971e2b74404173f4cbfcf2,stress,domain_aggregate,fGn,all_lengths,,,,WaveletOLS::upper_band,heavy_tail_noise__df_5__scale_1,absolute_error_inflation,,0.0542426887993615,0.0516587946350516,0.0567212935551797,joint_parent_percentile,,0.001321811320216,4000,4000,0,fixed_equal_cell_weights__common_complete_all_declared_methods_conditions,,
43d0a7f75c8afab6d32ab6fd1f2ff8db49cca59e36971e2b74404173f4cbfcf2,stress,domain_aggregate,fGn,all_lengths,,,,WhittleMLE,heavy_tail_noise__df_5__scale_1,absolute_error_inflation,,0.0451288338781588,0.0430692238857026,0.0472455141067203,joint_parent_percentile,,0.0010848896506486,4000,4000,0,fixed_equal_cell_weights__common_complete_all_declared_methods_conditions,,
43d0a7f75c8afab6d32ab6fd1f2ff8db49cca59e36971e2b74404173f4cbfcf2,stress,domain_aggregate,fGn,all_lengths,,,,AbsoluteMoment,outliers__amplitude_8__rate_0.005,absolute_error_inflation,,0.0105113705195387,0.0063317352751621,0.0149659011865336,joint_parent_percentile,,0.0022182750072904,4000,4000,0,fixed_equal_cell_weights__common_complete_all_declared_methods_conditions,,
43d0a7f75c8afab6d32ab6fd1f2ff8db49cca59e36971e2b74404173f4cbfcf2,stress,domain_aggregate,fGn,all_lengths,,,,DFA::balanced_scales,outliers__amplitude_8__rate_0.005,absolute_error_inflation,,0.0275929896161849,0.0262909430300539,0.0288840917374208,joint_parent_percentile,,0.0006686754070652,4000,4000,0,fixed_equal_cell_weights__common_complete_all_declared_methods_conditions,,
43d0a7f75c8afab6d32ab6fd1f2ff8db49cca59e36971e2b74404173f4cbfcf2,stress,domain_aggregate,fGn,all_lengths,,,,DFA::long_scales,outliers__amplitude_8__rate_0.005,absolute_error_inflation,,0.02616995003594,0.024781323030581,0.0275477760487277,joint_parent_percentile,,0.0007231548530909,4000,4000,0,fixed_equal_cell_weights__common_complete_all_declared_methods_conditions,,
43d0a7f75c8afab6d32ab6fd1f2ff8db49cca59e36971e2b74404173f4cbfcf2,stress,domain_aggregate,fGn,all_lengths,,,,DFA::short_scales,outliers__amplitude_8__rate_0.005,absolute_error_inflation,,0.0292442025603945,0.0280845250999197,0.0304446191506772,joint_parent_percentile,,0.0006208360382535,4000,4000,0,fixed_equal_cell_weights__common_complete_all_declared_methods_conditions,,
43d0a7f75c8afab6d32ab6fd1f2ff8db49cca59e36971e2b74404173f4cbfcf2,stress,domain_aggregate,fGn,all_lengths,,,,DMA::balanced_windows,outliers__amplitude_8__rate_0.005,absolute_error_inflation,,0.0284341453293768,0.026747694137579,0.0300876140783241,joint_parent_percentile,,0.0008449996518413,4000,4000,0,fixed_equal_cell_weights__common_complete_all_declared_methods_conditions,,
43d0a7f75c8afab6d32ab6fd1f2ff8db49cca59e36971e2b74404173f4cbfcf2,stress,domain_aggregate,fGn,all_lengths,,,,DMA::long_windows,outliers__amplitude_8__rate_0.005,absolute_error_inflation,,0.02265674954977,0.0207227377371628,0.0246444670432267,joint_parent_percentile,,0.0009974716719334,4000,4000,0,fixed_equal_cell_weights__common_complete_all_declared_methods_conditions,,
43d0a7f75c8afab6d32ab6fd1f2ff8db49cca59e36971e2b74404173f4cbfcf2,stress,domain_aggregate,fGn,all_lengths,,,,DMA::short_windows,outliers__amplitude_8__rate_0.005,absolute_error_inflation,,0.0329128087391843,0.0314899073927388,0.0342869514073285,joint_parent_percentile,,0.0006981831789291,4000,4000,0,fixed_equal_cell_weights__common_complete_all_declared_methods_conditions,,
43d0a7f75c8afab6d32ab6fd1f2ff8db49cca59e36971e2b74404173f4cbfcf2,stress,domain_aggregate,fGn,all_lengths,,,,GHE,outliers__amplitude_8__rate_0.005,absolute_error_inflation,,0.0292217583169382,0.0282029507975351,0.03020871230518,joint_parent_percentile,,0.000512797691768,4000,4000,0,fixed_equal_cell_weights__common_complete_all_declared_methods_conditions,,
43d0a7f75c8afab6d32ab6fd1f2ff8db49cca59e36971e2b74404173f4cbfcf2,stress,domain_aggregate,fGn,all_lengths,,,,GHE::centered,outliers__amplitude_8__rate_0.005,absolute_error_inflation,,0.0294720734392851,0.0284048507659734,0.0304876971465311,joint_parent_percentile,,0.000529994639846,4000,4000,0,fixed_equal_cell_weights__common_complete_all_declared_methods_conditions,,
43d0a7f75c8afab6d32ab6fd1f2ff8db49cca59e36971e2b74404173f4cbfcf2,stress,domain_aggregate,fGn,all_lengths,,,,GPH::narrow_band,outliers__amplitude_8__rate_0.005,absolute_error_inflation,,0.0176968355695084,0.0148927618875996,0.0204989286666976,joint_parent_percentile,,0.0014718876720924,4000,4000,0,fixed_equal_cell_weights__common_complete_all_declared_methods_conditions,,
43d0a7f75c8afab6d32ab6fd1f2ff8db49cca59e36971e2b74404173f4cbfcf2,stress,domain_aggregate,fGn,all_lengths,,,,GPH::wider_band,outliers__amplitude_8__rate_0.005,absolute_error_inflation,,0.0202799987835757,0.0181069773159404,0.0224810502805141,joint_parent_percentile,,0.0011033115202843,4000,4000,0,fixed_equal_cell_weights__common_complete_all_declared_methods_conditions,,
43d0a7f75c8afab6d32ab6fd1f2ff8db49cca59e36971e2b74404173f4cbfcf2,stress,domain_aggregate,fGn,all_lengths,,,,Higuchi,outliers__amplitude_8__rate_0.005,absolute_error_inflation,,0.0253276770194516,0.0244136400081881,0.0261943347564171,joint_parent_percentile,,0.0004583061156286,4000,4000,0,fixed_equal_cell_weights__common_complete_all_declared_methods_conditions,,
43d0a7f75c8afab6d32ab6fd1f2ff8db49cca59e36971e2b74404173f4cbfcf2,stress,domain_aggregate,fGn,all_lengths,,,,Higuchi::centered,outliers__amplitude_8__rate_0.005,absolute_error_inflation,,0.0267632253197305,0.0258267901121093,0.0276577277060294,joint_parent_percentile,,0.0004714784635502,4000,4000,0,fixed_equal_cell_weights__common_complete_all_declared_methods_conditions,,
43d0a7f75c8afab6d32ab6fd1f2ff8db49cca59e36971e2b74404173f4cbfcf2,stress,domain_aggregate,fGn,all_lengths,,,,ModifiedLocalWhittle,outliers__amplitude_8__rate_0.005,absolute_error_inflation,,0.0225730939643407,0.0208859960200861,0.0242591806996553,joint_parent_percentile,,0.000861819633236,4000,4000,0,fixed_equal_cell_weights__common_complete_all_declared_methods_conditions,,
43d0a7f75c8afab6d32ab6fd1f2ff8db49cca59e36971e2b74404173f4cbfcf2,stress,domain_aggregate,fGn,all_lengths,,,,RS,outliers__amplitude_8__rate_0.005,absolute_error_inflation,,0.0272538792698573,0.0264235649241466,0.028077828972231,joint_parent_percentile,,0.0004208231137971,4000,4000,0,fixed_equal_cell_weights__common_complete_all_declared_methods_conditions,,
43d0a7f75c8afab6d32ab6fd1f2ff8db49cca59e36971e2b74404173f4cbfcf2,stress,domain_aggregate,fGn,all_lengths,,,,Variance,outliers__amplitude_8__rate_0.005,absolute_error_inflation,,0.0101981325563423,0.0060606662712791,0.0145472277972142,joint_parent_percentile,,0.002147281478643,4000,4000,0,fixed_equal_cell_weights__common_complete_all_declared_methods_conditions,,
43d0a7f75c8afab6d32ab6fd1f2ff8db49cca59e36971e2b74404173f4cbfcf2,stress,domain_aggregate,fGn,all_lengths,,,,VarianceResidual,outliers__amplitude_8__rate_0.005,absolute_error_inflation,,0.0285742138225737,0.0273746822913713,0.0298278422105666,joint_parent_percentile,,0.000634302653921,4000,4000,0,fixed_equal_cell_weights__common_complete_all_declared_methods_conditions,,
43d0a7f75c8afab6d32ab6fd1f2ff8db49cca59e36971e2b74404173f4cbfcf2,stress,domain_aggregate,fGn,all_lengths,,,,WaveletOLS::broad_band,outliers__amplitude_8__rate_0.005,absolute_error_inflation,,0.0165274302584452,0.0143206024660433,0.0188440126214099,joint_parent_percentile,,0.0011410935462016,4000,4000,0,fixed_equal_cell_weights__common_complete_all_declared_methods_conditions,,
43d0a7f75c8afab6d32ab6fd1f2ff8db49cca59e36971e2b74404173f4cbfcf2,stress,domain_aggregate,fGn,all_lengths,,,,WaveletOLS::conservative_band,outliers__amplitude_8__rate_0.005,absolute_error_inflation,,0.0156561101692783,0.0127940467946576,0.0185340109935785,joint_parent_percentile,,0.0014463737184542,4000,4000,0,fixed_equal_cell_weights__common_complete_all_declared_methods_conditions,,
43d0a7f75c8afab6d32ab6fd1f2ff8db49cca59e36971e2b74404173f4cbfcf2,stress,domain_aggregate,fGn,all_lengths,,,,WaveletOLS::upper_band,outliers__amplitude_8__rate_0.005,absolute_error_inflation,,0.0203950624473312,0.0182743076118165,0.0226711494626248,joint_parent_percentile,,0.0011474257354544,4000,4000,0,fixed_equal_cell_weights__common_complete_all_declared_methods_conditions,,
43d0a7f75c8afab6d32ab6fd1f2ff8db49cca59e36971e2b74404173f4cbfcf2,stress,domain_aggregate,fGn,all_lengths,,,,WhittleMLE,outliers__amplitude_8__rate_0.005,absolute_error_inflation,,0.0220914953720338,0.0204071605455454,0.0237731315393767,joint_parent_percentile,,0.0008670698888361,4000,4000,0,fixed_equal_cell_weights__common_complete_all_declared_methods_conditions,,
43d0a7f75c8afab6d32ab6fd1f2ff8db49cca59e36971e2b74404173f4cbfcf2,stress,domain_aggregate,fGn,all_lengths,,,,AbsoluteMoment,outliers__amplitude_8__rate_0.01,absolute_error_inflation,,0.0200989871250528,0.0154694677038661,0.0247091784206623,joint_parent_percentile,,0.0023465720642456,4000,4000,0,fixed_equal_cell_weights__common_complete_all_declared_methods_conditions,,
43d0a7f75c8afab6d32ab6fd1f2ff8db49cca59e36971e2b74404173f4cbfcf2,stress,domain_aggregate,fGn,all_lengths,,,,DFA::balanced_scales,outliers__amplitude_8__rate_0.01,absolute_error_inflation,,0.0439356534677521,0.0423244044883872,0.0456013032666959,joint_parent_percentile,,0.0008321582045065,4000,4000,0,fixed_equal_cell_weights__common_complete_all_declared_methods_conditions,,
43d0a7f75c8afab6d32ab6fd1f2ff8db49cca59e36971e2b74404173f4cbfcf2,stress,domain_aggregate,fGn,all_lengths,,,,DFA::long_scales,outliers__amplitude_8__rate_0.01,absolute_error_inflation,,0.0392716122732687,0.037518224851892,0.0409731204381561,joint_parent_percentile,,0.0008853108191355,4000,4000,0,fixed_equal_cell_weights__common_complete_all_declared_methods_conditions,,
43d0a7f75c8afab6d32ab6fd1f2ff8db49cca59e36971e2b74404173f4cbfcf2,stress,domain_aggregate,fGn,all_lengths,,,,DFA::short_scales,outliers__amplitude_8__rate_0.01,absolute_error_inflation,,0.0494074231414643,0.0479494573568701,0.0509524650745037,joint_parent_percentile,,0.0007633152164206,4000,4000,0,fixed_equal_cell_weights__common_complete_all_declared_methods_conditions,,
43d0a7f75c8afab6d32ab6fd1f2ff8db49cca59e36971e2b74404173f4cbfcf2,stress,domain_aggregate,fGn,all_lengths,,,,DMA::balanced_windows,outliers__amplitude_8__rate_0.01,absolute_error_inflation,,0.0371887244066947,0.0354200371039349,0.0390335560738982,joint_parent_percentile,,0.0009448406688075,4000,4000,0,fixed_equal_cell_weights__common_complete_all_declared_methods_conditions,,
43d0a7f75c8afab6d32ab6fd1f2ff8db49cca59e36971e2b74404173f4cbfcf2,stress,domain_aggregate,fGn,all_lengths,,,,DMA::long_windows,outliers__amplitude_8__rate_0.01,absolute_error_inflation,,0.0306892602898709,0.0286520931729177,0.0327747683996312,joint_parent_percentile,,0.0010735399237632,4000,4000,0,fixed_equal_cell_weights__common_complete_all_declared_methods_conditions,,
43d0a7f75c8afab6d32ab6fd1f2ff8db49cca59e36971e2b74404173f4cbfcf2,stress,domain_aggregate,fGn,all_lengths,,,,DMA::short_windows,outliers__amplitude_8__rate_0.01,absolute_error_inflation,,0.0429377680098091,0.0414340200166662,0.044550153427099,joint_parent_percentile,,0.0007860943675166,4000,4000,0,fixed_equal_cell_weights__common_complete_all_declared_methods_conditions,,
43d0a7f75c8afab6d32ab6fd1f2ff8db49cca59e36971e2b74404173f4cbfcf2,stress,domain_aggregate,fGn,all_lengths,,,,GHE,outliers__amplitude_8__rate_0.01,absolute_error_inflation,,0.0451114350029331,0.0440075917810034,0.04619784043743,joint_parent_percentile,,0.0005571078153123,4000,4000,0,fixed_equal_cell_weights__common_complete_all_declared_methods_conditions,,
43d0a7f75c8afab6d32ab6fd1f2ff8db49cca59e36971e2b74404173f4cbfcf2,stress,domain_aggregate,fGn,all_lengths,,,,GHE::centered,outliers__amplitude_8__rate_0.01,absolute_error_inflation,,0.0460498878050607,0.0449266815010959,0.0471762274331614,joint_parent_percentile,,0.0005720566026338,4000,4000,0,fixed_equal_cell_weights__common_complete_all_declared_methods_conditions,,
43d0a7f75c8afab6d32ab6fd1f2ff8db49cca59e36971e2b74404173f4cbfcf2,stress,domain_aggregate,fGn,all_lengths,,,,GPH::narrow_band,outliers__amplitude_8__rate_0.01,absolute_error_inflation,,0.0246982825114391,0.0215688580296552,0.0279037666542148,joint_parent_percentile,,0.0016387749148602,4000,4000,0,fixed_equal_cell_weights__common_complete_all_declared_methods_conditions,,
43d0a7f75c8afab6d32ab6fd1f2ff8db49cca59e36971e2b74404173f4cbfcf2,stress,domain_aggregate,fGn,all_lengths,,,,GPH::wider_band,outliers__amplitude_8__rate_0.01,absolute_error_inflation,,0.0292386534947008,0.0267494379815127,0.0316054145140233,joint_parent_percentile,,0.0012360777982715,4000,4000,0,fixed_equal_cell_weights__common_complete_all_declared_methods_conditions,,
43d0a7f75c8afab6d32ab6fd1f2ff8db49cca59e36971e2b74404173f4cbfcf2,stress,domain_aggregate,fGn,all_lengths,,,,Higuchi,outliers__amplitude_8__rate_0.01,absolute_error_inflation,,0.0430369288758501,0.0419760560410203,0.0440328938696829,joint_parent_percentile,,0.000517810267329,4000,4000,0,fixed_equal_cell_weights__common_complete_all_declared_methods_conditions,,
43d0a7f75c8afab6d32ab6fd1f2ff8db49cca59e36971e2b74404173f4cbfcf2,stress,domain_aggregate,fGn,all_lengths,,,,Higuchi::centered,outliers__amplitude_8__rate_0.01,absolute_error_inflation,,0.0459837612388201,0.0449695246432508,0.0470209860755863,joint_parent_percentile,,0.0005237374598337,4000,4000,0,fixed_equal_cell_weights__common_complete_all_declared_methods_conditions,,
43d0a7f75c8afab6d32ab6fd1f2ff8db49cca59e36971e2b74404173f4cbfcf2,stress,domain_aggregate,fGn,all_lengths,,,,ModifiedLocalWhittle,outliers__amplitude_8__rate_0.01,absolute_error_inflation,,0.0340382924654817,0.0320348275788004,0.0358036541216989,joint_parent_percentile,,0.0009627825803635,4000,4000,0,fixed_equal_cell_weights__common_complete_all_declared_methods_conditions,,
43d0a7f75c8afab6d32ab6fd1f2ff8db49cca59e36971e2b74404173f4cbfcf2,stress,domain_aggregate,fGn,all_lengths,,,,RS,outliers__amplitude_8__rate_0.01,absolute_error_inflation,,0.0432460835284271,0.0422383241815572,0.0442752961355648,joint_parent_percentile,,0.0005184292180268,4000,4000,0,fixed_equal_cell_weights__common_complete_all_declared_methods_conditions,,
43d0a7f75c8afab6d32ab6fd1f2ff8db49cca59e36971e2b74404173f4cbfcf2,stress,domain_aggregate,fGn,all_lengths,,,,Variance,outliers__amplitude_8__rate_0.01,absolute_error_inflation,,0.0183250664443033,0.0139549908560544,0.0229399436081372,joint_parent_percentile,,0.0022954708250925,4000,4000,0,fixed_equal_cell_weights__common_complete_all_declared_methods_conditions,,
43d0a7f75c8afab6d32ab6fd1f2ff8db49cca59e36971e2b74404173f4cbfcf2,stress,domain_aggregate,fGn,all_lengths,,,,VarianceResidual,outliers__amplitude_8__rate_0.01,absolute_error_inflation,,0.0477298889158929,0.0462447407410532,0.0491862792143166,joint_parent_percentile,,0.0007606954711162,4000,4000,0,fixed_equal_cell_weights__common_complete_all_declared_methods_conditions,,
43d0a7f75c8afab6d32ab6fd1f2ff8db49cca59e36971e2b74404173f4cbfcf2,stress,domain_aggregate,fGn,all_lengths,,,,WaveletOLS::broad_band,outliers__amplitude_8__rate_0.01,absolute_error_inflation,,0.0304180363261574,0.0279032552656798,0.0330089991720161,joint_parent_percentile,,0.0013210534716719,4000,4000,0,fixed_equal_cell_weights__common_complete_all_declared_methods_conditions,,
43d0a7f75c8afab6d32ab6fd1f2ff8db49cca59e36971e2b74404173f4cbfcf2,stress,domain_aggregate,fGn,all_lengths,,,,WaveletOLS::conservative_band,outliers__amplitude_8__rate_0.01,absolute_error_inflation,,0.02829255188497,0.0250905560411911,0.0312852765306102,joint_parent_percentile,,0.0016064180263119,4000,4000,0,fixed_equal_cell_weights__common_complete_all_declared_methods_conditions,,
43d0a7f75c8afab6d32ab6fd1f2ff8db49cca59e36971e2b74404173f4cbfcf2,stress,domain_aggregate,fGn,all_lengths,,,,WaveletOLS::upper_band,outliers__amplitude_8__rate_0.01,absolute_error_inflation,,0.0361320291658958,0.0336044036519391,0.0387764945784831,joint_parent_percentile,,0.0013144070743565,4000,4000,0,fixed_equal_cell_weights__common_complete_all_declared_methods_conditions,,
43d0a7f75c8afab6d32ab6fd1f2ff8db49cca59e36971e2b74404173f4cbfcf2,stress,domain_aggregate,fGn,all_lengths,,,,WhittleMLE,outliers__amplitude_8__rate_0.01,absolute_error_inflation,,0.0334490717618934,0.0314369631365224,0.0352373382307357,joint_parent_percentile,,0.0009694257895717,4000,4000,0,fixed_equal_cell_weights__common_complete_all_declared_methods_conditions,,
43d0a7f75c8afab6d32ab6fd1f2ff8db49cca59e36971e2b74404173f4cbfcf2,stress,domain_aggregate,fGn,all_lengths,,,,AbsoluteMoment,outliers__amplitude_8__rate_0.05,absolute_error_inflation,,0.0463290356835495,0.0407654320547105,0.052018804651049,joint_parent_percentile,,0.0028965705044913,4000,4000,0,fixed_equal_cell_weights__common_complete_all_declared_methods_conditions,,
43d0a7f75c8afab6d32ab6fd1f2ff8db49cca59e36971e2b74404173f4cbfcf2,stress,domain_aggregate,fGn,all_lengths,,,,DFA::balanced_scales,outliers__amplitude_8__rate_0.05,absolute_error_inflation,,0.1096536217388265,0.1075252113798188,0.1116911194755679,joint_parent_percentile,,0.0010707099039334,4000,4000,0,fixed_equal_cell_weights__common_complete_all_declared_methods_conditions,,
43d0a7f75c8afab6d32ab6fd1f2ff8db49cca59e36971e2b74404173f4cbfcf2,stress,domain_aggregate,fGn,all_lengths,,,,DFA::long_scales,outliers__amplitude_8__rate_0.05,absolute_error_inflation,,0.0977349292916821,0.0955632778573438,0.100002130155409,joint_parent_percentile,,0.0011480998899077,4000,4000,0,fixed_equal_cell_weights__common_complete_all_declared_methods_conditions,,
43d0a7f75c8afab6d32ab6fd1f2ff8db49cca59e36971e2b74404173f4cbfcf2,stress,domain_aggregate,fGn,all_lengths,,,,DFA::short_scales,outliers__amplitude_8__rate_0.05,absolute_error_inflation,,0.1200985309459822,0.1183003194461714,0.1218148937848522,joint_parent_percentile,,0.0009069421149336,4000,4000,0,fixed_equal_cell_weights__common_complete_all_declared_methods_conditions,,
43d0a7f75c8afab6d32ab6fd1f2ff8db49cca59e36971e2b74404173f4cbfcf2,stress,domain_aggregate,fGn,all_lengths,,,,DMA::balanced_windows,outliers__amplitude_8__rate_0.05,absolute_error_inflation,,0.0752582949557637,0.0728182463822526,0.0777763407520321,joint_parent_percentile,,0.0012482138130759,4000,4000,0,fixed_equal_cell_weights__common_complete_all_declared_methods_conditions,,
43d0a7f75c8afab6d32ab6fd1f2ff8db49cca59e36971e2b74404173f4cbfcf2,stress,domain_aggregate,fGn,all_lengths,,,,DMA::long_windows,outliers__amplitude_8__rate_0.05,absolute_error_inflation,,0.0612731117168339,0.0584308373775471,0.064198971994416,joint_parent_percentile,,0.0014602472126918,4000,4000,0,fixed_equal_cell_weights__common_complete_all_declared_methods_conditions,,
43d0a7f75c8afab6d32ab6fd1f2ff8db49cca59e36971e2b74404173f4cbfcf2,stress,domain_aggregate,fGn,all_lengths,,,,DMA::short_windows,outliers__amplitude_8__rate_0.05,absolute_error_inflation,,0.0881494448276362,0.0860310241707817,0.0902228399834211,joint_parent_percentile,,0.0010748560087143,4000,4000,0,fixed_equal_cell_weights__common_complete_all_declared_methods_conditions,,
43d0a7f75c8afab6d32ab6fd1f2ff8db49cca59e36971e2b74404173f4cbfcf2,stress,domain_aggregate,fGn,all_lengths,,,,GHE,outliers__amplitude_8__rate_0.05,absolute_error_inflation,,0.0944146811956495,0.0926753492752886,0.096116533424306,joint_parent_percentile,,0.0008971136884857,4000,4000,0,fixed_equal_cell_weights__common_complete_all_declared_methods_conditions,,
43d0a7f75c8afab6d32ab6fd1f2ff8db49cca59e36971e2b74404173f4cbfcf2,stress,domain_aggregate,fGn,all_lengths,,,,GHE::centered,outliers__amplitude_8__rate_0.05,absolute_error_inflation,,0.0996054415446606,0.0980008261107583,0.1010703835287731,joint_parent_percentile,,0.0007818311339375,4000,4000,0,fixed_equal_cell_weights__common_complete_all_declared_methods_conditions,,
43d0a7f75c8afab6d32ab6fd1f2ff8db49cca59e36971e2b74404173f4cbfcf2,stress,domain_aggregate,fGn,all_lengths,,,,GPH::narrow_band,outliers__amplitude_8__rate_0.05,absolute_error_inflation,,0.0542326444206088,0.0497629124732282,0.0582317625500009,joint_parent_percentile,,0.0021254406090462,4000,4000,0,fixed_equal_cell_weights__common_complete_all_declared_methods_conditions,,
43d0a7f75c8afab6d32ab6fd1f2ff8db49cca59e36971e2b74404173f4cbfcf2,stress,domain_aggregate,fGn,all_lengths,,,,GPH::wider_band,outliers__amplitude_8__rate_0.05,absolute_error_inflation,,0.0769610521116324,0.0738082449873098,0.0799020007962117,joint_parent_percentile,,0.0015503313324836,4000,4000,0,fixed_equal_cell_weights__common_complete_all_declared_methods_conditions,,
43d0a7f75c8afab6d32ab6fd1f2ff8db49cca59e36971e2b74404173f4cbfcf2,stress,domain_aggregate,fGn,all_lengths,,,,Higuchi,outliers__amplitude_8__rate_0.05,absolute_error_inflation,,0.1049786427063133,0.1032446124909148,0.1065810138476853,joint_parent_percentile,,0.0008519365624332,4000,4000,0,fixed_equal_cell_weights__common_complete_all_declared_methods_conditions,,
43d0a7f75c8afab6d32ab6fd1f2ff8db49cca59e36971e2b74404173f4cbfcf2,stress,domain_aggregate,fGn,all_lengths,,,,Higuchi::centered,outliers__amplitude_8__rate_0.05,absolute_error_inflation,,0.1118634384413867,0.1103596845701501,0.1132681637444783,joint_parent_percentile,,0.0007415601241932,4000,4000,0,fixed_equal_cell_weights__common_complete_all_declared_methods_conditions,,
43d0a7f75c8afab6d32ab6fd1f2ff8db49cca59e36971e2b74404173f4cbfcf2,stress,domain_aggregate,fGn,all_lengths,,,,ModifiedLocalWhittle,outliers__amplitude_8__rate_0.05,absolute_error_inflation,,0.0891982337660488,0.0867416843013051,0.091548291302823,joint_parent_percentile,,0.0012280471216494,4000,4000,0,fixed_equal_cell_weights__common_complete_all_declared_methods_conditions,,
43d0a7f75c8afab6d32ab6fd1f2ff8db49cca59e36971e2b74404173f4cbfcf2,stress,domain_aggregate,fGn,all_lengths,,,,RS,outliers__amplitude_8__rate_0.05,absolute_error_inflation,,0.0971655658991966,0.0957288938490074,0.0986326138905913,joint_parent_percentile,,0.0007343456985048,4000,4000,0,fixed_equal_cell_weights__common_complete_all_declared_methods_conditions,,
43d0a7f75c8afab6d32ab6fd1f2ff8db49cca59e36971e2b74404173f4cbfcf2,stress,domain_aggregate,fGn,all_lengths,,,,Variance,outliers__amplitude_8__rate_0.05,absolute_error_inflation,,0.0479214072576689,0.0424379203860688,0.0534907197975404,joint_parent_percentile,,0.0028358123493474,4000,4000,0,fixed_equal_cell_weights__common_complete_all_declared_methods_conditions,,
43d0a7f75c8afab6d32ab6fd1f2ff8db49cca59e36971e2b74404173f4cbfcf2,stress,domain_aggregate,fGn,all_lengths,,,,VarianceResidual,outliers__amplitude_8__rate_0.05,absolute_error_inflation,,0.1140964046269942,0.1122661453577739,0.115857228604287,joint_parent_percentile,,0.0009244577755048,4000,4000,0,fixed_equal_cell_weights__common_complete_all_declared_methods_conditions,,
43d0a7f75c8afab6d32ab6fd1f2ff8db49cca59e36971e2b74404173f4cbfcf2,stress,domain_aggregate,fGn,all_lengths,,,,WaveletOLS::broad_band,outliers__amplitude_8__rate_0.05,absolute_error_inflation,,0.0920424497082331,0.0887412621507395,0.095255802998451,joint_parent_percentile,,0.0016636944718465,4000,4000,0,fixed_equal_cell_weights__common_complete_all_declared_methods_conditions,,
43d0a7f75c8afab6d32ab6fd1f2ff8db49cca59e36971e2b74404173f4cbfcf2,stress,domain_aggregate,fGn,all_lengths,,,,WaveletOLS::conservative_band,outliers__amplitude_8__rate_0.05,absolute_error_inflation,,0.0861920449582634,0.0824441838862257,0.0903484785436182,joint_parent_percentile,,0.0020393643414309,4000,4000,0,fixed_equal_cell_weights__common_complete_all_declared_methods_conditions,,
43d0a7f75c8afab6d32ab6fd1f2ff8db49cca59e36971e2b74404173f4cbfcf2,stress,domain_aggregate,fGn,all_lengths,,,,WaveletOLS::upper_band,outliers__amplitude_8__rate_0.05,absolute_error_inflation,,0.1043860695506339,0.1012873093755373,0.1075824251579814,joint_parent_percentile,,0.0015629587747817,4000,4000,0,fixed_equal_cell_weights__common_complete_all_declared_methods_conditions,,
43d0a7f75c8afab6d32ab6fd1f2ff8db49cca59e36971e2b74404173f4cbfcf2,stress,domain_aggregate,fGn,all_lengths,,,,WhittleMLE,outliers__amplitude_8__rate_0.05,absolute_error_inflation,,0.0885804398788105,0.0861142059533317,0.0909540581304092,joint_parent_percentile,,0.001236766187442,4000,4000,0,fixed_equal_cell_weights__common_complete_all_declared_methods_conditions,,
43d0a7f75c8afab6d32ab6fd1f2ff8db49cca59e36971e2b74404173f4cbfcf2,stress,domain_aggregate,fGn,all_lengths,,,,AbsoluteMoment,polynomial_trend__order_1__strength_0.25,absolute_error_inflation,,0.1374547089851676,0.1307704985940969,0.1437540781129516,joint_parent_percentile,,0.0032550250956793,4000,4000,0,fixed_equal_cell_weights__common_complete_all_declared_methods_conditions,,
43d0a7f75c8afab6d32ab6fd1f2ff8db49cca59e36971e2b74404173f4cbfcf2,stress,domain_aggregate,fGn,all_lengths,,,,DFA::balanced_scales,polynomial_trend__order_1__strength_0.25,absolute_error_inflation,,0.0087839561560048,0.0081096472873961,0.0094546673698849,joint_parent_percentile,,0.0003491760830339,4000,4000,0,fixed_equal_cell_weights__common_complete_all_declared_methods_conditions,,
43d0a7f75c8afab6d32ab6fd1f2ff8db49cca59e36971e2b74404173f4cbfcf2,stress,domain_aggregate,fGn,all_lengths,,,,DFA::long_scales,polynomial_trend__order_1__strength_0.25,absolute_error_inflation,,0.0335518254457663,0.0323890720572196,0.0346757180501021,joint_parent_percentile,,0.0005926506894738,4000,4000,0,fixed_equal_cell_weights__common_complete_all_declared_methods_conditions,,
43d0a7f75c8afab6d32ab6fd1f2ff8db49cca59e36971e2b74404173f4cbfcf2,stress,domain_aggregate,fGn,all_lengths,,,,DFA::short_scales,polynomial_trend__order_1__strength_0.25,absolute_error_inflation,,0.0021506225691881,0.0018351991084434,0.0024703225670143,joint_parent_percentile,,0.0001620507770296,4000,4000,0,fixed_equal_cell_weights__common_complete_all_declared_methods_conditions,,
43d0a7f75c8afab6d32ab6fd1f2ff8db49cca59e36971e2b74404173f4cbfcf2,stress,domain_aggregate,fGn,all_lengths,,,,DMA::balanced_windows,polynomial_trend__order_1__strength_0.25,absolute_error_inflation,,0.1782625147959878,0.1756940499001764,0.1806743646158926,joint_parent_percentile,,0.0012868008244049,4000,4000,0,fixed_equal_cell_weights__common_complete_all_declared_methods_conditions,,
43d0a7f75c8afab6d32ab6fd1f2ff8db49cca59e36971e2b74404173f4cbfcf2,stress,domain_aggregate,fGn,all_lengths,,,,DMA::long_windows,polynomial_trend__order_1__strength_0.25,absolute_error_inflation,,0.1562230811301128,0.1531672269875404,0.1592867907636049,joint_parent_percentile,,0.0015898816855594,4000,4000,0,fixed_equal_cell_weights__common_complete_all_declared_methods_conditions,,
43d0a7f75c8afab6d32ab6fd1f2ff8db49cca59e36971e2b74404173f4cbfcf2,stress,domain_aggregate,fGn,all_lengths,,,,DMA::short_windows,polynomial_trend__order_1__strength_0.25,absolute_error_inflation,,0.1876819929055102,0.1856824793924629,0.1896183099843124,joint_parent_percentile,,0.0009781350988391,4000,4000,0,fixed_equal_cell_weights__common_complete_all_declared_methods_conditions,,
43d0a7f75c8afab6d32ab6fd1f2ff8db49cca59e36971e2b74404173f4cbfcf2,stress,domain_aggregate,fGn,all_lengths,,,,GHE,polynomial_trend__order_1__strength_0.25,absolute_error_inflation,,0.1500118481408429,0.1487396577960623,0.1512378675641718,joint_parent_percentile,,0.0006472933023994,4000,4000,0,fixed_equal_cell_weights__common_complete_all_declared_methods_conditions,,
43d0a7f75c8afab6d32ab6fd1f2ff8db49cca59e36971e2b74404173f4cbfcf2,stress,domain_aggregate,fGn,all_lengths,,,,GHE::centered,polynomial_trend__order_1__strength_0.25,absolute_error_inflation,,0.1425634601017178,0.1410022227588373,0.1440999477897715,joint_parent_percentile,,0.0007937538499713,4000,4000,0,fixed_equal_cell_weights__common_complete_all_declared_methods_conditions,,
43d0a7f75c8afab6d32ab6fd1f2ff8db49cca59e36971e2b74404173f4cbfcf2,stress,domain_aggregate,fGn,all_lengths,,,,GPH::narrow_band,polynomial_trend__order_1__strength_0.25,absolute_error_inflation,,0.2291061021229973,0.2257416466360889,0.2325559085655754,joint_parent_percentile,,0.0017461009920746,4000,4000,0,fixed_equal_cell_weights__common_complete_all_declared_methods_conditions,,
43d0a7f75c8afab6d32ab6fd1f2ff8db49cca59e36971e2b74404173f4cbfcf2,stress,domain_aggregate,fGn,all_lengths,,,,GPH::wider_band,polynomial_trend__order_1__strength_0.25,absolute_error_inflation,,0.1452281897530769,0.1427992919774208,0.1476218042237693,joint_parent_percentile,,0.0012503020942287,4000,4000,0,fixed_equal_cell_weights__common_complete_all_declared_methods_conditions,,
43d0a7f75c8afab6d32ab6fd1f2ff8db49cca59e36971e2b74404173f4cbfcf2,stress,domain_aggregate,fGn,all_lengths,,,,Higuchi,polynomial_trend__order_1__strength_0.25,absolute_error_inflation,,0.1358079497864625,0.1346419793699859,0.1369650127871964,joint_parent_percentile,,0.0005882435209964,4000,4000,0,fixed_equal_cell_weights__common_complete_all_declared_methods_conditions,,
43d0a7f75c8afab6d32ab6fd1f2ff8db49cca59e36971e2b74404173f4cbfcf2,stress,domain_aggregate,fGn,all_lengths,,,,Higuchi::centered,polynomial_trend__order_1__strength_0.25,absolute_error_inflation,,0.1301827096980098,0.128817293584784,0.1314624367494615,joint_parent_percentile,,0.0006789756348509,4000,4000,0,fixed_equal_cell_weights__common_complete_all_declared_methods_conditions,,
43d0a7f75c8afab6d32ab6fd1f2ff8db49cca59e36971e2b74404173f4cbfcf2,stress,domain_aggregate,fGn,all_lengths,,,,ModifiedLocalWhittle,polynomial_trend__order_1__strength_0.25,absolute_error_inflation,,0.1593885739280601,0.1576682204626101,0.1611159056312779,joint_parent_percentile,,0.0008791311573513,4000,4000,0,fixed_equal_cell_weights__common_complete_all_declared_methods_conditions,,
43d0a7f75c8afab6d32ab6fd1f2ff8db49cca59e36971e2b74404173f4cbfcf2,stress,domain_aggregate,fGn,all_lengths,,,,RS,polynomial_trend__order_1__strength_0.25,absolute_error_inflation,,0.0375171405361105,0.0368616494982268,0.038160018311761,joint_parent_percentile,,0.000341090388469,4000,4000,0,fixed_equal_cell_weights__common_complete_all_declared_methods_conditions,,
43d0a7f75c8afab6d32ab6fd1f2ff8db49cca59e36971e2b74404173f4cbfcf2,stress,domain_aggregate,fGn,all_lengths,,,,Variance,polynomial_trend__order_1__strength_0.25,absolute_error_inflation,,0.1602543088102649,0.1536501260711439,0.1662134498872902,joint_parent_percentile,,0.0031982524027849,4000,4000,0,fixed_equal_cell_weights__common_complete_all_declared_methods_conditions,,
43d0a7f75c8afab6d32ab6fd1f2ff8db49cca59e36971e2b74404173f4cbfcf2,stress,domain_aggregate,fGn,all_lengths,,,,VarianceResidual,polynomial_trend__order_1__strength_0.25,absolute_error_inflation,,0.0143208746641175,0.01337778593628,0.0152002985861772,joint_parent_percentile,,0.0004571043586148,4000,4000,0,fixed_equal_cell_weights__common_complete_all_declared_methods_conditions,,
43d0a7f75c8afab6d32ab6fd1f2ff8db49cca59e36971e2b74404173f4cbfcf2,stress,domain_aggregate,fGn,all_lengths,,,,WaveletOLS::broad_band,polynomial_trend__order_1__strength_0.25,absolute_error_inflation,,0.0001668375777515,-0.0001717699014202,0.0004994857170031,joint_parent_percentile,,0.0001730132306753,4000,4000,0,fixed_equal_cell_weights__common_complete_all_declared_methods_conditions,,
43d0a7f75c8afab6d32ab6fd1f2ff8db49cca59e36971e2b74404173f4cbfcf2,stress,domain_aggregate,fGn,all_lengths,,,,WaveletOLS::conservative_band,polynomial_trend__order_1__strength_0.25,absolute_error_inflation,,1.739332149960915e-06,-5.497579291350255e-05,5.665644691845135e-05,joint_parent_percentile,,2.8707856206107226e-05,4000,4000,0,fixed_equal_cell_weights__common_complete_all_declared_methods_conditions,,
43d0a7f75c8afab6d32ab6fd1f2ff8db49cca59e36971e2b74404173f4cbfcf2,stress,domain_aggregate,fGn,all_lengths,,,,WaveletOLS::upper_band,polynomial_trend__order_1__strength_0.25,absolute_error_inflation,,-4.754474859325255e-05,-0.0001428345015019,5.584799722414647e-05,joint_parent_percentile,,5.081651636664914e-05,4000,4000,0,fixed_equal_cell_weights__common_complete_all_declared_methods_conditions,,
43d0a7f75c8afab6d32ab6fd1f2ff8db49cca59e36971e2b74404173f4cbfcf2,stress,domain_aggregate,fGn,all_lengths,,,,WhittleMLE,polynomial_trend__order_1__strength_0.25,absolute_error_inflation,,0.1599127411507271,0.1581747681790133,0.1616384490995234,joint_parent_percentile,,0.0008839149802745,4000,4000,0,fixed_equal_cell_weights__common_complete_all_declared_methods_conditions,,
43d0a7f75c8afab6d32ab6fd1f2ff8db49cca59e36971e2b74404173f4cbfcf2,stress,domain_aggregate,fGn,all_lengths,,,,AbsoluteMoment,polynomial_trend__order_1__strength_0.5,absolute_error_inflation,,0.1507027336348518,0.1445691619213518,0.1565614134383655,joint_parent_percentile,,0.00307843770882,4000,4000,0,fixed_equal_cell_weights__common_complete_all_declared_methods_conditions,,
43d0a7f75c8afab6d32ab6fd1f2ff8db49cca59e36971e2b74404173f4cbfcf2,stress,domain_aggregate,fGn,all_lengths,,,,DFA::balanced_scales,polynomial_trend__order_1__strength_0.5,absolute_error_inflation,,0.0380976719555149,0.0369945686619113,0.0391479606883642,joint_parent_percentile,,0.0005511109974798,4000,4000,0,fixed_equal_cell_weights__common_complete_all_declared_methods_conditions,,
43d0a7f75c8afab6d32ab6fd1f2ff8db49cca59e36971e2b74404173f4cbfcf2,stress,domain_aggregate,fGn,all_lengths,,,,DFA::long_scales,polynomial_trend__order_1__strength_0.5,absolute_error_inflation,,0.0992785954991669,0.0976750707367952,0.100815908741447,joint_parent_percentile,,0.0008100478596287,4000,4000,0,fixed_equal_cell_weights__common_complete_all_declared_methods_conditions,,
43d0a7f75c8afab6d32ab6fd1f2ff8db49cca59e36971e2b74404173f4cbfcf2,stress,domain_aggregate,fGn,all_lengths,,,,DFA::short_scales,polynomial_trend__order_1__strength_0.5,absolute_error_inflation,,0.0108087129550068,0.0102100765021316,0.01138449694489,joint_parent_percentile,,0.0002974381399865,4000,4000,0,fixed_equal_cell_weights__common_complete_all_declared_methods_conditions,,
43d0a7f75c8afab6d32ab6fd1f2ff8db49cca59e36971e2b74404173f4cbfcf2,stress,domain_aggregate,fGn,all_lengths,,,,DMA::balanced_windows,polynomial_trend__order_1__strength_0.5,absolute_error_inflation,,0.218038521749586,0.2153002040462912,0.2207102107033699,joint_parent_percentile,,0.001370064653299,4000,4000,0,fixed_equal_cell_weights__common_complete_all_declared_methods_conditions,,
43d0a7f75c8afab6d32ab6fd1f2ff8db49cca59e36971e2b74404173f4cbfcf2,stress,domain_aggregate,fGn,all_lengths,,,,DMA::long_windows,polynomial_trend__order_1__strength_0.5,absolute_error_inflation,,0.1725006454862264,0.1691118909059828,0.175851190994124,joint_parent_percentile,,0.0016960181353877,4000,4000,0,fixed_equal_cell_weights__common_complete_all_declared_methods_conditions,,
43d0a7f75c8afab6d32ab6fd1f2ff8db49cca59e36971e2b74404173f4cbfcf2,stress,domain_aggregate,fGn,all_lengths,,,,DMA::short_windows,polynomial_trend__order_1__strength_0.5,absolute_error_inflation,,0.2556376145563264,0.2535866984019063,0.2575884718608128,joint_parent_percentile,,0.0010420990733518,4000,4000,0,fixed_equal_cell_weights__common_complete_all_declared_methods_conditions,,
43d0a7f75c8afab6d32ab6fd1f2ff8db49cca59e36971e2b74404173f4cbfcf2,stress,domain_aggregate,fGn,all_lengths,,,,GHE,polynomial_trend__order_1__strength_0.5,absolute_error_inflation,,0.2278710097940018,0.2265347482850614,0.2291243645955256,joint_parent_percentile,,0.0006760047432905,4000,4000,0,fixed_equal_cell_weights__common_complete_all_declared_methods_conditions,,
43d0a7f75c8afab6d32ab6fd1f2ff8db49cca59e36971e2b74404173f4cbfcf2,stress,domain_aggregate,fGn,all_lengths,,,,GHE::centered,polynomial_trend__order_1__strength_0.5,absolute_error_inflation,,0.2154320351431471,0.213781689749913,0.2171068740870124,joint_parent_percentile,,0.0008533080560256,4000,4000,0,fixed_equal_cell_weights__common_complete_all_declared_methods_conditions,,
43d0a7f75c8afab6d32ab6fd1f2ff8db49cca59e36971e2b74404173f4cbfcf2,stress,domain_aggregate,fGn,all_lengths,,,,GPH::narrow_band,polynomial_trend__order_1__strength_0.5,absolute_error_inflation,,0.3894216904358827,0.3856759896869479,0.393250306493869,joint_parent_percentile,,0.001931860359362,4000,4000,0,fixed_equal_cell_weights__common_complete_all_declared_methods_conditions,,
43d0a7f75c8afab6d32ab6fd1f2ff8db49cca59e36971e2b74404173f4cbfcf2,stress,domain_aggregate,fGn,all_lengths,,,,GPH::wider_band,polynomial_trend__order_1__strength_0.5,absolute_error_inflation,,0.2733219330930095,0.2706685045355513,0.2759748615038343,joint_parent_percentile,,0.0013584430494514,4000,4000,0,fixed_equal_cell_weights__common_complete_all_declared_methods_conditions,,
43d0a7f75c8afab6d32ab6fd1f2ff8db49cca59e36971e2b74404173f4cbfcf2,stress,domain_aggregate,fGn,all_lengths,,,,Higuchi,polynomial_trend__order_1__strength_0.5,absolute_error_inflation,,0.2264743431030338,0.2252509161670283,0.2276899414462238,joint_parent_percentile,,0.0006279939307214,4000,4000,0,fixed_equal_cell_weights__common_complete_all_declared_methods_conditions,,
43d0a7f75c8afab6d32ab6fd1f2ff8db49cca59e36971e2b74404173f4cbfcf2,stress,domain_aggregate,fGn,all_lengths,,,,Higuchi::centered,polynomial_trend__order_1__strength_0.5,absolute_error_inflation,,0.2170425745355157,0.2155449000224858,0.2185692232847957,joint_parent_percentile,,0.0007593405091784,4000,4000,0,fixed_equal_cell_weights__common_complete_all_declared_methods_conditions,,
43d0a7f75c8afab6d32ab6fd1f2ff8db49cca59e36971e2b74404173f4cbfcf2,stress,domain_aggregate,fGn,all_lengths,,,,ModifiedLocalWhittle,polynomial_trend__order_1__strength_0.5,absolute_error_inflation,,0.2634101526749049,0.2615487358541597,0.2653224395644921,joint_parent_percentile,,0.0009728655670228,4000,4000,0,fixed_equal_cell_weights__common_complete_all_declared_methods_conditions,,
43d0a7f75c8afab6d32ab6fd1f2ff8db49cca59e36971e2b74404173f4cbfcf2,stress,domain_aggregate,fGn,all_lengths,,,,RS,polynomial_trend__order_1__strength_0.5,absolute_error_inflation,,0.0833920913636682,0.0824639955651009,0.0843462069911943,joint_parent_percentile,,0.0004776399282718,4000,4000,0,fixed_equal_cell_weights__common_complete_all_declared_methods_conditions,,
43d0a7f75c8afab6d32ab6fd1f2ff8db49cca59e36971e2b74404173f4cbfcf2,stress,domain_aggregate,fGn,all_lengths,,,,Variance,polynomial_trend__order_1__strength_0.5,absolute_error_inflation,,0.1879222517315219,0.1820584323021193,0.1935734797217038,joint_parent_percentile,,0.0029775573981421,4000,4000,0,fixed_equal_cell_weights__common_complete_all_declared_methods_conditions,,
43d0a7f75c8afab6d32ab6fd1f2ff8db49cca59e36971e2b74404173f4cbfcf2,stress,domain_aggregate,fGn,all_lengths,,,,VarianceResidual,polynomial_trend__order_1__strength_0.5,absolute_error_inflation,,0.0517842501700484,0.0505222466506398,0.0529700019250185,joint_parent_percentile,,0.0006398111165679,4000,4000,0,fixed_equal_cell_weights__common_complete_all_declared_methods_conditions,,
43d0a7f75c8afab6d32ab6fd1f2ff8db49cca59e36971e2b74404173f4cbfcf2,stress,domain_aggregate,fGn,all_lengths,,,,WaveletOLS::broad_band,polynomial_trend__order_1__strength_0.5,absolute_error_inflation,,0.0007780598787625,0.0001188034616965,0.0014468625033838,joint_parent_percentile,,0.0003418293418188,4000,4000,0,fixed_equal_cell_weights__common_complete_all_declared_methods_conditions,,
43d0a7f75c8afab6d32ab6fd1f2ff8db49cca59e36971e2b74404173f4cbfcf2,stress,domain_aggregate,fGn,all_lengths,,,,WaveletOLS::conservative_band,polynomial_trend__order_1__strength_0.5,absolute_error_inflation,,-1.0078065777165137e-05,-0.0001215804870245,9.966299850909483e-05,joint_parent_percentile,,5.727252641890661e-05,4000,4000,0,fixed_equal_cell_weights__common_complete_all_declared_methods_conditions,,
43d0a7f75c8afab6d32ab6fd1f2ff8db49cca59e36971e2b74404173f4cbfcf2,stress,domain_aggregate,fGn,all_lengths,,,,WaveletOLS::upper_band,polynomial_trend__order_1__strength_0.5,absolute_error_inflation,,-5.999347061993142e-05,-0.0002493216030497,0.0001485574120166,joint_parent_percentile,,0.0001010139454899,4000,4000,0,fixed_equal_cell_weights__common_complete_all_declared_methods_conditions,,
43d0a7f75c8afab6d32ab6fd1f2ff8db49cca59e36971e2b74404173f4cbfcf2,stress,domain_aggregate,fGn,all_lengths,,,,WhittleMLE,polynomial_trend__order_1__strength_0.5,absolute_error_inflation,,0.2644051690916286,0.2625370415261618,0.2663193418440058,joint_parent_percentile,,0.0009750636303412,4000,4000,0,fixed_equal_cell_weights__common_complete_all_declared_methods_conditions,,
43d0a7f75c8afab6d32ab6fd1f2ff8db49cca59e36971e2b74404173f4cbfcf2,stress,domain_aggregate,fGn,all_lengths,,,,AbsoluteMoment,polynomial_trend__order_1__strength_1,absolute_error_inflation,,0.1641757295602654,0.1590188947555968,0.1692478688102181,joint_parent_percentile,,0.0025946043504186,4000,4000,0,fixed_equal_cell_weights__common_complete_all_declared_methods_conditions,,
43d0a7f75c8afab6d32ab6fd1f2ff8db49cca59e36971e2b74404173f4cbfcf2,stress,domain_aggregate,fGn,all_lengths,,,,DFA::balanced_scales,polynomial_trend__order_1__strength_1,absolute_error_inflation,,0.1141427368902431,0.1126559399889433,0.1156212836818198,joint_parent_percentile,,0.0007578463928008,4000,4000,0,fixed_equal_cell_weights__common_complete_all_declared_methods_conditions,,
43d0a7f75c8afab6d32ab6fd1f2ff8db49cca59e36971e2b74404173f4cbfcf2,stress,domain_aggregate,fGn,all_lengths,,,,DFA::long_scales,polynomial_trend__order_1__strength_1,absolute_error_inflation,,0.227768673714993,0.2257077924063321,0.2297739427135282,joint_parent_percentile,,0.0010519447641645,4000,4000,0,fixed_equal_cell_weights__common_complete_all_declared_methods_conditions,,
43d0a7f75c8afab6d32ab6fd1f2ff8db49cca59e36971e2b74404173f4cbfcf2,stress,domain_aggregate,fGn,all_lengths,,,,DFA::short_scales,polynomial_trend__order_1__strength_1,absolute_error_inflation,,0.0416608160770475,0.0407229492725202,0.0426682352103816,joint_parent_percentile,,0.0004940288995525,4000,4000,0,fixed_equal_cell_weights__common_complete_all_declared_methods_conditions,,
43d0a7f75c8afab6d32ab6fd1f2ff8db49cca59e36971e2b74404173f4cbfcf2,stress,domain_aggregate,fGn,all_lengths,,,,DMA::balanced_windows,polynomial_trend__order_1__strength_1,absolute_error_inflation,,0.2471968669859931,0.2448997149465158,0.2495152474602841,joint_parent_percentile,,0.0012041799871476,4000,4000,0,fixed_equal_cell_weights__common_complete_all_declared_methods_conditions,,
43d0a7f75c8afab6d32ab6fd1f2ff8db49cca59e36971e2b74404173f4cbfcf2,stress,domain_aggregate,fGn,all_lengths,,,,DMA::long_windows,polynomial_trend__order_1__strength_1,absolute_error_inflation,,0.1806232514882246,0.177703398718773,0.1836366481351608,joint_parent_percentile,,0.0015014368169465,4000,4000,0,fixed_equal_cell_weights__common_complete_all_declared_methods_conditions,,
43d0a7f75c8afab6d32ab6fd1f2ff8db49cca59e36971e2b74404173f4cbfcf2,stress,domain_aggregate,fGn,all_lengths,,,,DMA::short_windows,polynomial_trend__order_1__strength_1,absolute_error_inflation,,0.3081532126409359,0.3063588658679029,0.3099228359410875,joint_parent_percentile,,0.0008902540272983,4000,4000,0,fixed_equal_cell_weights__common_complete_all_declared_methods_conditions,,
43d0a7f75c8afab6d32ab6fd1f2ff8db49cca59e36971e2b74404173f4cbfcf2,stress,domain_aggregate,fGn,all_lengths,,,,GHE,polynomial_trend__order_1__strength_1,absolute_error_inflation,,0.2951748873122143,0.2940098732933606,0.2963120328202255,joint_parent_percentile,,0.0005945314895691,4000,4000,0,fixed_equal_cell_weights__common_complete_all_declared_methods_conditions,,
43d0a7f75c8afab6d32ab6fd1f2ff8db49cca59e36971e2b74404173f4cbfcf2,stress,domain_aggregate,fGn,all_lengths,,,,GHE::centered,polynomial_trend__order_1__strength_1,absolute_error_inflation,,0.2836089548362028,0.2822198895547412,0.2849484826299334,joint_parent_percentile,,0.0007073974761104,4000,4000,0,fixed_equal_cell_weights__common_complete_all_declared_methods_conditions,,
43d0a7f75c8afab6d32ab6fd1f2ff8db49cca59e36971e2b74404173f4cbfcf2,stress,domain_aggregate,fGn,all_lengths,,,,GPH::narrow_band,polynomial_trend__order_1__strength_1,absolute_error_inflation,,0.5876373807170462,0.5839329028140327,0.5913416149547502,joint_parent_percentile,,0.0019067344784932,4000,4000,0,fixed_equal_cell_weights__common_complete_all_declared_methods_conditions,,
43d0a7f75c8afab6d32ab6fd1f2ff8db49cca59e36971e2b74404173f4cbfcf2,stress,domain_aggregate,fGn,all_lengths,,,,GPH::wider_band,polynomial_trend__order_1__strength_1,absolute_error_inflation,,0.4618869138360914,0.4592155359429118,0.4645421409180255,joint_parent_percentile,,0.0013678892831634,4000,4000,0,fixed_equal_cell_weights__common_complete_all_declared_methods_conditions,,
43d0a7f75c8afab6d32ab6fd1f2ff8db49cca59e36971e2b74404173f4cbfcf2,stress,domain_aggregate,fGn,all_lengths,,,,Higuchi,polynomial_trend__order_1__strength_1,absolute_error_inflation,,0.3042655785978841,0.3031855129867123,0.3053501722626681,joint_parent_percentile,,0.0005452457419349,4000,4000,0,fixed_equal_cell_weights__common_complete_all_declared_methods_conditions,,
43d0a7f75c8afab6d32ab6fd1f2ff8db49cca59e36971e2b74404173f4cbfcf2,stress,domain_aggregate,fGn,all_lengths,,,,Higuchi::centered,polynomial_trend__order_1__strength_1,absolute_error_inflation,,0.2966154469644642,0.2953548268547414,0.2978343952620729,joint_parent_percentile,,0.0006283936678579,4000,4000,0,fixed_equal_cell_weights__common_complete_all_declared_methods_conditions,,
43d0a7f75c8afab6d32ab6fd1f2ff8db49cca59e36971e2b74404173f4cbfcf2,stress,domain_aggregate,fGn,all_lengths,,,,ModifiedLocalWhittle,polynomial_trend__order_1__strength_1,absolute_error_inflation,,0.3415345363765082,0.3400946171053533,0.3429534003809098,joint_parent_percentile,,0.0007358032653258,4000,4000,0,fixed_equal_cell_weights__common_complete_all_declared_methods_conditions,,
43d0a7f75c8afab6d32ab6fd1f2ff8db49cca59e36971e2b74404173f4cbfcf2,stress,domain_aggregate,fGn,all_lengths,,,,RS,polynomial_trend__order_1__strength_1,absolute_error_inflation,,0.1593293505141745,0.158133333830284,0.1605752713687604,joint_parent_percentile,,0.0006300040505732,4000,4000,0,fixed_equal_cell_weights__common_complete_all_declared_methods_conditions,,
43d0a7f75c8afab6d32ab6fd1f2ff8db49cca59e36971e2b74404173f4cbfcf2,stress,domain_aggregate,fGn,all_lengths,,,,Variance,polynomial_trend__order_1__strength_1,absolute_error_inflation,,0.217373072198761,0.2123726457534825,0.22215207756366,joint_parent_percentile,,0.0024856214326103,4000,4000,0,fixed_equal_cell_weights__common_complete_all_declared_methods_conditions,,
43d0a7f75c8afab6d32ab6fd1f2ff8db49cca59e36971e2b74404173f4cbfcf2,stress,domain_aggregate,fGn,all_lengths,,,,VarianceResidual,polynomial_trend__order_1__strength_1,absolute_error_inflation,,0.1329943081996956,0.1313401623713121,0.1346986202073158,joint_parent_percentile,,0.0008491351992986,4000,4000,0,fixed_equal_cell_weights__common_complete_all_declared_methods_conditions,,
43d0a7f75c8afab6d32ab6fd1f2ff8db49cca59e36971e2b74404173f4cbfcf2,stress,domain_aggregate,fGn,all_lengths,,,,WaveletOLS::broad_band,polynomial_trend__order_1__strength_1,absolute_error_inflation,,0.0039784492777853,0.0027846639580204,0.0052094402745927,joint_parent_percentile,,0.0006218607678871,4000,4000,0,fixed_equal_cell_weights__common_complete_all_declared_methods_conditions,,
43d0a7f75c8afab6d32ab6fd1f2ff8db49cca59e36971e2b74404173f4cbfcf2,stress,domain_aggregate,fGn,all_lengths,,,,WaveletOLS::conservative_band,polynomial_trend__order_1__strength_1,absolute_error_inflation,,-8.617447700449282e-05,-0.000308789524043,0.0001316351843482,joint_parent_percentile,,0.0001138570666296,4000,4000,0,fixed_equal_cell_weights__common_complete_all_declared_methods_conditions,,
43d0a7f75c8afab6d32ab6fd1f2ff8db49cca59e36971e2b74404173f4cbfcf2,stress,domain_aggregate,fGn,all_lengths,,,,WaveletOLS::upper_band,polynomial_trend__order_1__strength_1,absolute_error_inflation,,5.489314665704445e-05,-0.0003132228848651,0.0004659165471545,joint_parent_percentile,,0.0001966447936941,4000,4000,0,fixed_equal_cell_weights__common_complete_all_declared_methods_conditions,,
43d0a7f75c8afab6d32ab6fd1f2ff8db49cca59e36971e2b74404173f4cbfcf2,stress,domain_aggregate,fGn,all_lengths,,,,WhittleMLE,polynomial_trend__order_1__strength_1,absolute_error_inflation,,0.3415149022622302,0.3400690877213901,0.3429197877378265,joint_parent_percentile,,0.0007356128691163,4000,4000,0,fixed_equal_cell_weights__common_complete_all_declared_methods_conditions,,
43d0a7f75c8afab6d32ab6fd1f2ff8db49cca59e36971e2b74404173f4cbfcf2,stress,domain_aggregate,fGn,all_lengths,,,,AbsoluteMoment,polynomial_trend__order_2__strength_0.25,absolute_error_inflation,,0.1038989047500693,0.0980717492630701,0.1096868607264646,joint_parent_percentile,,0.002978100479207,4000,4000,0,fixed_equal_cell_weights__common_complete_all_declared_methods_conditions,,
43d0a7f75c8afab6d32ab6fd1f2ff8db49cca59e36971e2b74404173f4cbfcf2,stress,domain_aggregate,fGn,all_lengths,,,,DFA::balanced_scales,polynomial_trend__order_2__strength_0.25,absolute_error_inflation,,0.0118812171410585,0.0111687728776962,0.0126061033253305,joint_parent_percentile,,0.0003691132254639,4000,4000,0,fixed_equal_cell_weights__common_complete_all_declared_methods_conditions,,
43d0a7f75c8afab6d32ab6fd1f2ff8db49cca59e36971e2b74404173f4cbfcf2,stress,domain_aggregate,fGn,all_lengths,,,,DFA::long_scales,polynomial_trend__order_2__strength_0.25,absolute_error_inflation,,0.0367903585384286,0.035639470755504,0.0379239626147157,joint_parent_percentile,,0.0006022073335592,4000,4000,0,fixed_equal_cell_weights__common_complete_all_declared_methods_conditions,,
43d0a7f75c8afab6d32ab6fd1f2ff8db49cca59e36971e2b74404173f4cbfcf2,stress,domain_aggregate,fGn,all_lengths,,,,DFA::short_scales,polynomial_trend__order_2__strength_0.25,absolute_error_inflation,,0.0034745849699136,0.003088686573672,0.0038579771515293,joint_parent_percentile,,0.0001983758345223,4000,4000,0,fixed_equal_cell_weights__common_complete_all_declared_methods_conditions,,
43d0a7f75c8afab6d32ab6fd1f2ff8db49cca59e36971e2b74404173f4cbfcf2,stress,domain_aggregate,fGn,all_lengths,,,,DMA::balanced_windows,polynomial_trend__order_2__strength_0.25,absolute_error_inflation,,0.1873003387778928,0.1847384681558542,0.1897166062629947,joint_parent_percentile,,0.0012788777090114,4000,4000,0,fixed_equal_cell_weights__common_complete_all_declared_methods_conditions,,
43d0a7f75c8afab6d32ab6fd1f2ff8db49cca59e36971e2b74404173f4cbfcf2,stress,domain_aggregate,fGn,all_lengths,,,,DMA::long_windows,polynomial_trend__order_2__strength_0.25,absolute_error_inflation,,0.1658387647623974,0.1627845662334319,0.1688682102856748,joint_parent_percentile,,0.0015834847535116,4000,4000,0,fixed_equal_cell_weights__common_complete_all_declared_methods_conditions,,
43d0a7f75c8afab6d32ab6fd1f2ff8db49cca59e36971e2b74404173f4cbfcf2,stress,domain_aggregate,fGn,all_lengths,,,,DMA::short_windows,polynomial_trend__order_2__strength_0.25,absolute_error_inflation,,0.1944303966340839,0.1924772232265753,0.1962729269978847,joint_parent_percentile,,0.0009736359706358,4000,4000,0,fixed_equal_cell_weights__common_complete_all_declared_methods_conditions,,
43d0a7f75c8afab6d32ab6fd1f2ff8db49cca59e36971e2b74404173f4cbfcf2,stress,domain_aggregate,fGn,all_lengths,,,,GHE,polynomial_trend__order_2__strength_0.25,absolute_error_inflation,,0.1465740747193456,0.1453151873299698,0.1477993323123869,joint_parent_percentile,,0.0006414326401691,4000,4000,0,fixed_equal_cell_weights__common_complete_all_declared_methods_conditions,,
43d0a7f75c8afab6d32ab6fd1f2ff8db49cca59e36971e2b74404173f4cbfcf2,stress,domain_aggregate,fGn,all_lengths,,,,GHE::centered,polynomial_trend__order_2__strength_0.25,absolute_error_inflation,,0.1392652054613391,0.1377661468345225,0.1407635423197911,joint_parent_percentile,,0.0007574619063382,4000,4000,0,fixed_equal_cell_weights__common_complete_all_declared_methods_conditions,,
43d0a7f75c8afab6d32ab6fd1f2ff8db49cca59e36971e2b74404173f4cbfcf2,stress,domain_aggregate,fGn,all_lengths,,,,GPH::narrow_band,polynomial_trend__order_2__strength_0.25,absolute_error_inflation,,0.2208770345639136,0.2175888471424661,0.2244014918192411,joint_parent_percentile,,0.0017261066648213,4000,4000,0,fixed_equal_cell_weights__common_complete_all_declared_methods_conditions,,
43d0a7f75c8afab6d32ab6fd1f2ff8db49cca59e36971e2b74404173f4cbfcf2,stress,domain_aggregate,fGn,all_lengths,,,,GPH::wider_band,polynomial_trend__order_2__strength_0.25,absolute_error_inflation,,0.1369913652165597,0.134561581983876,0.1393441293096398,joint_parent_percentile,,0.0012371922085683,4000,4000,0,fixed_equal_cell_weights__common_complete_all_declared_methods_conditions,,
43d0a7f75c8afab6d32ab6fd1f2ff8db49cca59e36971e2b74404173f4cbfcf2,stress,domain_aggregate,fGn,all_lengths,,,,Higuchi,polynomial_trend__order_2__strength_0.25,absolute_error_inflation,,0.1305357745671585,0.1293697249069014,0.131688829626487,joint_parent_percentile,,0.0005800419700653,4000,4000,0,fixed_equal_cell_weights__common_complete_all_declared_methods_conditions,,
43d0a7f75c8afab6d32ab6fd1f2ff8db49cca59e36971e2b74404173f4cbfcf2,stress,domain_aggregate,fGn,all_lengths,,,,Higuchi::centered,polynomial_trend__order_2__strength_0.25,absolute_error_inflation,,0.1250271857496723,0.1237442071629149,0.1263034653337051,joint_parent_percentile,,0.0006519680543878,4000,4000,0,fixed_equal_cell_weights__common_complete_all_declared_methods_conditions,,
43d0a7f75c8afab6d32ab6fd1f2ff8db49cca59e36971e2b74404173f4cbfcf2,stress,domain_aggregate,fGn,all_lengths,,,,ModifiedLocalWhittle,polynomial_trend__order_2__strength_0.25,absolute_error_inflation,,0.1596483764825884,0.1579837295361207,0.1614121982314683,joint_parent_percentile,,0.000867213531624,4000,4000,0,fixed_equal_cell_weights__common_complete_all_declared_methods_conditions,,
43d0a7f75c8afab6d32ab6fd1f2ff8db49cca59e36971e2b74404173f4cbfcf2,stress,domain_aggregate,fGn,all_lengths,,,,RS,polynomial_trend__order_2__strength_0.25,absolute_error_inflation,,0.0346313763977725,0.0339881133273771,0.035314115081161,joint_parent_percentile,,0.00033825087077,4000,4000,0,fixed_equal_cell_weights__common_complete_all_declared_methods_conditions,,
43d0a7f75c8afab6d32ab6fd1f2ff8db49cca59e36971e2b74404173f4cbfcf2,stress,domain_aggregate,fGn,all_lengths,,,,Variance,polynomial_trend__order_2__strength_0.25,absolute_error_inflation,,0.1199351736926569,0.1142432604681467,0.1255876308051805,joint_parent_percentile,,0.0029037077760313,4000,4000,0,fixed_equal_cell_weights__common_complete_all_declared_methods_conditions,,
43d0a7f75c8afab6d32ab6fd1f2ff8db49cca59e36971e2b74404173f4cbfcf2,stress,domain_aggregate,fGn,all_lengths,,,,VarianceResidual,polynomial_trend__order_2__strength_0.25,absolute_error_inflation,,0.015848345715818,0.0148606152598046,0.0167300862507611,joint_parent_percentile,,0.0004844325127788,4000,4000,0,fixed_equal_cell_weights__common_complete_all_declared_methods_conditions,,
43d0a7f75c8afab6d32ab6fd1f2ff8db49cca59e36971e2b74404173f4cbfcf2,stress,domain_aggregate,fGn,all_lengths,,,,WaveletOLS::broad_band,polynomial_trend__order_2__strength_0.25,absolute_error_inflation,,0.0012793255747156,0.000456496786509,0.002125767414457,joint_parent_percentile,,0.0004140116246945,4000,4000,0,fixed_equal_cell_weights__common_complete_all_declared_methods_conditions,,
43d0a7f75c8afab6d32ab6fd1f2ff8db49cca59e36971e2b74404173f4cbfcf2,stress,domain_aggregate,fGn,all_lengths,,,,WaveletOLS::conservative_band,polynomial_trend__order_2__strength_0.25,absolute_error_inflation,,-2.2507272101962225e-05,-0.0001515580782849,0.0001015079479284,joint_parent_percentile,,6.489492031914676e-05,4000,4000,0,fixed_equal_cell_weights__common_complete_all_declared_methods_conditions,,
43d0a7f75c8afab6d32ab6fd1f2ff8db49cca59e36971e2b74404173f4cbfcf2,stress,domain_aggregate,fGn,all_lengths,,,,WaveletOLS::upper_band,polynomial_trend__order_2__strength_0.25,absolute_error_inflation,,-6.974211104226156e-05,-0.0003067772090274,0.0001827709477665,joint_parent_percentile,,0.0001256436364926,4000,4000,0,fixed_equal_cell_weights__common_complete_all_declared_methods_conditions,,
43d0a7f75c8afab6d32ab6fd1f2ff8db49cca59e36971e2b74404173f4cbfcf2,stress,domain_aggregate,fGn,all_lengths,,,,WhittleMLE,polynomial_trend__order_2__strength_0.25,absolute_error_inflation,,0.1601763022591538,0.1585084291336334,0.1619476090296978,joint_parent_percentile,,0.0008722615220072,4000,4000,0,fixed_equal_cell_weights__common_complete_all_declared_methods_conditions,,
43d0a7f75c8afab6d32ab6fd1f2ff8db49cca59e36971e2b74404173f4cbfcf2,stress,domain_aggregate,fGn,all_lengths,,,,AbsoluteMoment,polynomial_trend__order_2__strength_0.5,absolute_error_inflation,,0.1245142905378213,0.1179433821615137,0.1307014373092756,joint_parent_percentile,,0.003219140605638,4000,4000,0,fixed_equal_cell_weights__common_complete_all_declared_methods_conditions,,
43d0a7f75c8afab6d32ab6fd1f2ff8db49cca59e36971e2b74404173f4cbfcf2,stress,domain_aggregate,fGn,all_lengths,,,,DFA::balanced_scales,polynomial_trend__order_2__strength_0.5,absolute_error_inflation,,0.0476486759853671,0.0464947773878959,0.0487875664225288,joint_parent_percentile,,0.0005861479247547,4000,4000,0,fixed_equal_cell_weights__common_complete_all_declared_methods_conditions,,
43d0a7f75c8afab6d32ab6fd1f2ff8db49cca59e36971e2b74404173f4cbfcf2,stress,domain_aggregate,fGn,all_lengths,,,,DFA::long_scales,polynomial_trend__order_2__strength_0.5,absolute_error_inflation,,0.1075043054971848,0.105799492581528,0.1091101382436101,joint_parent_percentile,,0.0008457515773536,4000,4000,0,fixed_equal_cell_weights__common_complete_all_declared_methods_conditions,,
43d0a7f75c8afab6d32ab6fd1f2ff8db49cca59e36971e2b74404173f4cbfcf2,stress,domain_aggregate,fGn,all_lengths,,,,DFA::short_scales,polynomial_trend__order_2__strength_0.5,absolute_error_inflation,,0.0159274092257694,0.0152415463770344,0.0166050825591736,joint_parent_percentile,,0.0003551081292531,4000,4000,0,fixed_equal_cell_weights__common_complete_all_declared_methods_conditions,,
43d0a7f75c8afab6d32ab6fd1f2ff8db49cca59e36971e2b74404173f4cbfcf2,stress,domain_aggregate,fGn,all_lengths,,,,DMA::balanced_windows,polynomial_trend__order_2__strength_0.5,absolute_error_inflation,,0.2303115295417894,0.2276034324709878,0.2330234022880941,joint_parent_percentile,,0.0013749926256899,4000,4000,0,fixed_equal_cell_weights__common_complete_all_declared_methods_conditions,,
43d0a7f75c8afab6d32ab6fd1f2ff8db49cca59e36971e2b74404173f4cbfcf2,stress,domain_aggregate,fGn,all_lengths,,,,DMA::long_windows,polynomial_trend__order_2__strength_0.5,absolute_error_inflation,,0.1844625107723889,0.1812218122451399,0.1877411117726693,joint_parent_percentile,,0.0017127059983012,4000,4000,0,fixed_equal_cell_weights__common_complete_all_declared_methods_conditions,,
43d0a7f75c8afab6d32ab6fd1f2ff8db49cca59e36971e2b74404173f4cbfcf2,stress,domain_aggregate,fGn,all_lengths,,,,DMA::short_windows,polynomial_trend__order_2__strength_0.5,absolute_error_inflation,,0.2659449254854434,0.2639406555126317,0.2680014921523544,joint_parent_percentile,,0.0010386532303628,4000,4000,0,fixed_equal_cell_weights__common_complete_all_declared_methods_conditions,,
43d0a7f75c8afab6d32ab6fd1f2ff8db49cca59e36971e2b74404173f4cbfcf2,stress,domain_aggregate,fGn,all_lengths,,,,GHE,polynomial_trend__order_2__strength_0.5,absolute_error_inflation,,0.2257353433760591,0.2244126851158835,0.2269976418964055,joint_parent_percentile,,0.0006835580900299,4000,4000,0,fixed_equal_cell_weights__common_complete_all_declared_methods_conditions,,
43d0a7f75c8afab6d32ab6fd1f2ff8db49cca59e36971e2b74404173f4cbfcf2,stress,domain_aggregate,fGn,all_lengths,,,,GHE::centered,polynomial_trend__order_2__strength_0.5,absolute_error_inflation,,0.2129972461538692,0.2113401981701026,0.2146648788225532,joint_parent_percentile,,0.0008407752844636,4000,4000,0,fixed_equal_cell_weights__common_complete_all_declared_methods_conditions,,
43d0a7f75c8afab6d32ab6fd1f2ff8db49cca59e36971e2b74404173f4cbfcf2,stress,domain_aggregate,fGn,all_lengths,,,,GPH::narrow_band,polynomial_trend__order_2__strength_0.5,absolute_error_inflation,,0.379558414043111,0.3758658677506702,0.3833087489265936,joint_parent_percentile,,0.0019075290819998,4000,4000,0,fixed_equal_cell_weights__common_complete_all_declared_methods_conditions,,
43d0a7f75c8afab6d32ab6fd1f2ff8db49cca59e36971e2b74404173f4cbfcf2,stress,domain_aggregate,fGn,all_lengths,,,,GPH::wider_band,polynomial_trend__order_2__strength_0.5,absolute_error_inflation,,0.2591558235653958,0.2564881805014885,0.261713280775059,joint_parent_percentile,,0.0013427918910415,4000,4000,0,fixed_equal_cell_weights__common_complete_all_declared_methods_conditions,,
43d0a7f75c8afab6d32ab6fd1f2ff8db49cca59e36971e2b74404173f4cbfcf2,stress,domain_aggregate,fGn,all_lengths,,,,Higuchi,polynomial_trend__order_2__strength_0.5,absolute_error_inflation,,0.2220778655216551,0.2208225465712013,0.2232849217058594,joint_parent_percentile,,0.0006370640747977,4000,4000,0,fixed_equal_cell_weights__common_complete_all_declared_methods_conditions,,
43d0a7f75c8afab6d32ab6fd1f2ff8db49cca59e36971e2b74404173f4cbfcf2,stress,domain_aggregate,fGn,all_lengths,,,,Higuchi::centered,polynomial_trend__order_2__strength_0.5,absolute_error_inflation,,0.2125061724928515,0.2110346138459585,0.2140093760167273,joint_parent_percentile,,0.0007486953233969,4000,4000,0,fixed_equal_cell_weights__common_complete_all_declared_methods_conditions,,
43d0a7f75c8afab6d32ab6fd1f2ff8db49cca59e36971e2b74404173f4cbfcf2,stress,domain_aggregate,fGn,all_lengths,,,,ModifiedLocalWhittle,polynomial_trend__order_2__strength_0.5,absolute_error_inflation,,0.2624676944576785,0.2605669327430225,0.2643725598158811,joint_parent_percentile,,0.0009648699776017,4000,4000,0,fixed_equal_cell_weights__common_complete_all_declared_methods_conditions,,
43d0a7f75c8afab6d32ab6fd1f2ff8db49cca59e36971e2b74404173f4cbfcf2,stress,domain_aggregate,fGn,all_lengths,,,,RS,polynomial_trend__order_2__strength_0.5,absolute_error_inflation,,0.0754290011854551,0.0745322911487199,0.0764085999321573,joint_parent_percentile,,0.0004844088337798,4000,4000,0,fixed_equal_cell_weights__common_complete_all_declared_methods_conditions,,
43d0a7f75c8afab6d32ab6fd1f2ff8db49cca59e36971e2b74404173f4cbfcf2,stress,domain_aggregate,fGn,all_lengths,,,,Variance,polynomial_trend__order_2__strength_0.5,absolute_error_inflation,,0.1474364354435589,0.1410404065791741,0.1533495338190257,joint_parent_percentile,,0.0031739938189296,4000,4000,0,fixed_equal_cell_weights__common_complete_all_declared_methods_conditions,,
43d0a7f75c8afab6d32ab6fd1f2ff8db49cca59e36971e2b74404173f4cbfcf2,stress,domain_aggregate,fGn,all_lengths,,,,VarianceResidual,polynomial_trend__order_2__strength_0.5,absolute_error_inflation,,0.0558168712319501,0.0544988947028388,0.0571445455979209,joint_parent_percentile,,0.0006764346174205,4000,4000,0,fixed_equal_cell_weights__common_complete_all_declared_methods_conditions,,
43d0a7f75c8afab6d32ab6fd1f2ff8db49cca59e36971e2b74404173f4cbfcf2,stress,domain_aggregate,fGn,all_lengths,,,,WaveletOLS::broad_band,polynomial_trend__order_2__strength_0.5,absolute_error_inflation,,0.0065473648288112,0.005215986484083,0.0079903624209394,joint_parent_percentile,,0.0007160129938478,4000,4000,0,fixed_equal_cell_weights__common_complete_all_declared_methods_conditions,,
43d0a7f75c8afab6d32ab6fd1f2ff8db49cca59e36971e2b74404173f4cbfcf2,stress,domain_aggregate,fGn,all_lengths,,,,WaveletOLS::conservative_band,polynomial_trend__order_2__strength_0.5,absolute_error_inflation,,-6.892732270077223e-05,-0.0003286513956179,0.0001764158520225,joint_parent_percentile,,0.000129104014406,4000,4000,0,fixed_equal_cell_weights__common_complete_all_declared_methods_conditions,,
43d0a7f75c8afab6d32ab6fd1f2ff8db49cca59e36971e2b74404173f4cbfcf2,stress,domain_aggregate,fGn,all_lengths,,,,WaveletOLS::upper_band,polynomial_trend__order_2__strength_0.5,absolute_error_inflation,,9.14817469779578e-05,-0.0003785863472594,0.0005912580452696,joint_parent_percentile,,0.000247593656211,4000,4000,0,fixed_equal_cell_weights__common_complete_all_declared_methods_conditions,,
43d0a7f75c8afab6d32ab6fd1f2ff8db49cca59e36971e2b74404173f4cbfcf2,stress,domain_aggregate,fGn,all_lengths,,,,WhittleMLE,polynomial_trend__order_2__strength_0.5,absolute_error_inflation,,0.2634735936221375,0.2615865412315059,0.2653847311144466,joint_parent_percentile,,0.00096681372879,4000,4000,0,fixed_equal_cell_weights__common_complete_all_declared_methods_conditions,,
43d0a7f75c8afab6d32ab6fd1f2ff8db49cca59e36971e2b74404173f4cbfcf2,stress,domain_aggregate,fGn,all_lengths,,,,AbsoluteMoment,polynomial_trend__order_2__strength_1,absolute_error_inflation,,0.1251104281037906,0.1190484802540001,0.1310001071549916,joint_parent_percentile,,0.0030138457356315,4000,4000,0,fixed_equal_cell_weights__common_complete_all_declared_methods_conditions,,
43d0a7f75c8afab6d32ab6fd1f2ff8db49cca59e36971e2b74404173f4cbfcf2,stress,domain_aggregate,fGn,all_lengths,,,,DFA::balanced_scales,polynomial_trend__order_2__strength_1,absolute_error_inflation,,0.1366090752676737,0.1349562346185912,0.1381383281069383,joint_parent_percentile,,0.0008306621446147,4000,4000,0,fixed_equal_cell_weights__common_complete_all_declared_methods_conditions,,
43d0a7f75c8afab6d32ab6fd1f2ff8db49cca59e36971e2b74404173f4cbfcf2,stress,domain_aggregate,fGn,all_lengths,,,,DFA::long_scales,polynomial_trend__order_2__strength_1,absolute_error_inflation,,0.2451889324147136,0.2430863431502135,0.2472337066019434,joint_parent_percentile,,0.0010743449021078,4000,4000,0,fixed_equal_cell_weights__common_complete_all_declared_methods_conditions,,
43d0a7f75c8afab6d32ab6fd1f2ff8db49cca59e36971e2b74404173f4cbfcf2,stress,domain_aggregate,fGn,all_lengths,,,,DFA::short_scales,polynomial_trend__order_2__strength_1,absolute_error_inflation,,0.0572643600324419,0.056169517348426,0.0584184123393154,joint_parent_percentile,,0.0005687433160186,4000,4000,0,fixed_equal_cell_weights__common_complete_all_declared_methods_conditions,,
43d0a7f75c8afab6d32ab6fd1f2ff8db49cca59e36971e2b74404173f4cbfcf2,stress,domain_aggregate,fGn,all_lengths,,,,DMA::balanced_windows,polynomial_trend__order_2__strength_1,absolute_error_inflation,,0.2663457923074873,0.2640665834575995,0.2686743539298003,joint_parent_percentile,,0.0011808963866452,4000,4000,0,fixed_equal_cell_weights__common_complete_all_declared_methods_conditions,,
43d0a7f75c8afab6d32ab6fd1f2ff8db49cca59e36971e2b74404173f4cbfcf2,stress,domain_aggregate,fGn,all_lengths,,,,DMA::long_windows,polynomial_trend__order_2__strength_1,absolute_error_inflation,,0.200052867696768,0.1971830765645608,0.2029741497747544,joint_parent_percentile,,0.0014827420093745,4000,4000,0,fixed_equal_cell_weights__common_complete_all_declared_methods_conditions,,
43d0a7f75c8afab6d32ab6fd1f2ff8db49cca59e36971e2b74404173f4cbfcf2,stress,domain_aggregate,fGn,all_lengths,,,,DMA::short_windows,polynomial_trend__order_2__strength_1,absolute_error_inflation,,0.3225318897893115,0.3207987768907132,0.3242090686919218,joint_parent_percentile,,0.0008739482923633,4000,4000,0,fixed_equal_cell_weights__common_complete_all_declared_methods_conditions,,
43d0a7f75c8afab6d32ab6fd1f2ff8db49cca59e36971e2b74404173f4cbfcf2,stress,domain_aggregate,fGn,all_lengths,,,,GHE,polynomial_trend__order_2__strength_1,absolute_error_inflation,,0.2957533564930505,0.294569172038755,0.2969425804755335,joint_parent_percentile,,0.000610634755653,4000,4000,0,fixed_equal_cell_weights__common_complete_all_declared_methods_conditions,,
43d0a7f75c8afab6d32ab6fd1f2ff8db49cca59e36971e2b74404173f4cbfcf2,stress,domain_aggregate,fGn,all_lengths,,,,GHE::centered,polynomial_trend__order_2__strength_1,absolute_error_inflation,,0.2847780051852712,0.2834431167954133,0.2861178037518612,joint_parent_percentile,,0.0007001037769032,4000,4000,0,fixed_equal_cell_weights__common_complete_all_declared_methods_conditions,,
43d0a7f75c8afab6d32ab6fd1f2ff8db49cca59e36971e2b74404173f4cbfcf2,stress,domain_aggregate,fGn,all_lengths,,,,GPH::narrow_band,polynomial_trend__order_2__strength_1,absolute_error_inflation,,0.5798284133434685,0.5761620901767244,0.583612599275123,joint_parent_percentile,,0.0019181913205062,4000,4000,0,fixed_equal_cell_weights__common_complete_all_declared_methods_conditions,,
43d0a7f75c8afab6d32ab6fd1f2ff8db49cca59e36971e2b74404173f4cbfcf2,stress,domain_aggregate,fGn,all_lengths,,,,GPH::wider_band,polynomial_trend__order_2__strength_1,absolute_error_inflation,,0.4412323950085064,0.4385685410195192,0.4438787113689693,joint_parent_percentile,,0.0013767503524314,4000,4000,0,fixed_equal_cell_weights__common_complete_all_declared_methods_conditions,,
43d0a7f75c8afab6d32ab6fd1f2ff8db49cca59e36971e2b74404173f4cbfcf2,stress,domain_aggregate,fGn,all_lengths,,,,Higuchi,polynomial_trend__order_2__strength_1,absolute_error_inflation,,0.3028407234259812,0.3017278806616783,0.3039512985557329,joint_parent_percentile,,0.0005624209411556,4000,4000,0,fixed_equal_cell_weights__common_complete_all_declared_methods_conditions,,
43d0a7f75c8afab6d32ab6fd1f2ff8db49cca59e36971e2b74404173f4cbfcf2,stress,domain_aggregate,fGn,all_lengths,,,,Higuchi::centered,polynomial_trend__order_2__strength_1,absolute_error_inflation,,0.2954105532390967,0.2942056014342856,0.2966178222043784,joint_parent_percentile,,0.0006270009400052,4000,4000,0,fixed_equal_cell_weights__common_complete_all_declared_methods_conditions,,
43d0a7f75c8afab6d32ab6fd1f2ff8db49cca59e36971e2b74404173f4cbfcf2,stress,domain_aggregate,fGn,all_lengths,,,,ModifiedLocalWhittle,polynomial_trend__order_2__strength_1,absolute_error_inflation,,0.3413810068195143,0.339955451967701,0.3427694020713592,joint_parent_percentile,,0.0007365491643915,4000,4000,0,fixed_equal_cell_weights__common_complete_all_declared_methods_conditions,,
43d0a7f75c8afab6d32ab6fd1f2ff8db49cca59e36971e2b74404173f4cbfcf2,stress,domain_aggregate,fGn,all_lengths,,,,RS,polynomial_trend__order_2__strength_1,absolute_error_inflation,,0.1420578711332145,0.1408244130993624,0.1432939411507934,joint_parent_percentile,,0.0006393661804589,4000,4000,0,fixed_equal_cell_weights__common_complete_all_declared_methods_conditions,,
43d0a7f75c8afab6d32ab6fd1f2ff8db49cca59e36971e2b74404173f4cbfcf2,stress,domain_aggregate,fGn,all_lengths,,,,Variance,polynomial_trend__order_2__strength_1,absolute_error_inflation,,0.1550172910506306,0.1490970928251367,0.1606490792665329,joint_parent_percentile,,0.0029359429882439,4000,4000,0,fixed_equal_cell_weights__common_complete_all_declared_methods_conditions,,
43d0a7f75c8afab6d32ab6fd1f2ff8db49cca59e36971e2b74404173f4cbfcf2,stress,domain_aggregate,fGn,all_lengths,,,,VarianceResidual,polynomial_trend__order_2__strength_1,absolute_error_inflation,,0.1434004630429691,0.1416008779129638,0.1451271995134292,joint_parent_percentile,,0.0009007270118914,4000,4000,0,fixed_equal_cell_weights__common_complete_all_declared_methods_conditions,,
43d0a7f75c8afab6d32ab6fd1f2ff8db49cca59e36971e2b74404173f4cbfcf2,stress,domain_aggregate,fGn,all_lengths,,,,WaveletOLS::broad_band,polynomial_trend__order_2__strength_1,absolute_error_inflation,,0.0289569172662044,0.0269454986100191,0.0311159203884581,joint_parent_percentile,,0.0010758074925797,4000,4000,0,fixed_equal_cell_weights__common_complete_all_declared_methods_conditions,,
43d0a7f75c8afab6d32ab6fd1f2ff8db49cca59e36971e2b74404173f4cbfcf2,stress,domain_aggregate,fGn,all_lengths,,,,WaveletOLS::conservative_band,polynomial_trend__order_2__strength_1,absolute_error_inflation,,-0.0002124629794801,-0.0007143523254757,0.0002645740971841,joint_parent_percentile,,0.0002537704724187,4000,4000,0,fixed_equal_cell_weights__common_complete_all_declared_methods_conditions,,
43d0a7f75c8afab6d32ab6fd1f2ff8db49cca59e36971e2b74404173f4cbfcf2,stress,domain_aggregate,fGn,all_lengths,,,,WaveletOLS::upper_band,polynomial_trend__order_2__strength_1,absolute_error_inflation,,0.0013089597386158,0.0004116754902899,0.0022604000370711,joint_parent_percentile,,0.0004787386835364,4000,4000,0,fixed_equal_cell_weights__common_complete_all_declared_methods_conditions,,
43d0a7f75c8afab6d32ab6fd1f2ff8db49cca59e36971e2b74404173f4cbfcf2,stress,domain_aggregate,fGn,all_lengths,,,,WhittleMLE,polynomial_trend__order_2__strength_1,absolute_error_inflation,,0.3413591722214074,0.3399107487348909,0.3427538987512165,joint_parent_percentile,,0.0007363765261638,4000,4000,0,fixed_equal_cell_weights__common_complete_all_declared_methods_conditions,,
43d0a7f75c8afab6d32ab6fd1f2ff8db49cca59e36971e2b74404173f4cbfcf2,stress,domain_aggregate,fGn,all_lengths,,,,AbsoluteMoment,step_change__position_0.25__shift_0.5,absolute_error_inflation,,0.1383680852818809,0.1318713884576833,0.1445949324884431,joint_parent_percentile,,0.0032185129700866,4000,4000,0,fixed_equal_cell_weights__common_complete_all_declared_methods_conditions,,
43d0a7f75c8afab6d32ab6fd1f2ff8db49cca59e36971e2b74404173f4cbfcf2,stress,domain_aggregate,fGn,all_lengths,,,,DFA::balanced_scales,step_change__position_0.25__shift_0.5,absolute_error_inflation,,0.0184179981239378,0.0176425019426187,0.0191185809155448,joint_parent_percentile,,0.0003810738677405,4000,4000,0,fixed_equal_cell_weights__common_complete_all_declared_methods_conditions,,
43d0a7f75c8afab6d32ab6fd1f2ff8db49cca59e36971e2b74404173f4cbfcf2,stress,domain_aggregate,fGn,all_lengths,,,,DFA::long_scales,step_change__position_0.25__shift_0.5,absolute_error_inflation,,0.0652605278206669,0.0636743881516382,0.0667618363829128,joint_parent_percentile,,0.0007903531776655,4000,4000,0,fixed_equal_cell_weights__common_complete_all_declared_methods_conditions,,
43d0a7f75c8afab6d32ab6fd1f2ff8db49cca59e36971e2b74404173f4cbfcf2,stress,domain_aggregate,fGn,all_lengths,,,,DFA::short_scales,step_change__position_0.25__shift_0.5,absolute_error_inflation,,0.0189800834042619,0.0183205627586207,0.0196653025773809,joint_parent_percentile,,0.0003518229526474,4000,4000,0,fixed_equal_cell_weights__common_complete_all_declared_methods_conditions,,
43d0a7f75c8afab6d32ab6fd1f2ff8db49cca59e36971e2b74404173f4cbfcf2,stress,domain_aggregate,fGn,all_lengths,,,,DMA::balanced_windows,step_change__position_0.25__shift_0.5,absolute_error_inflation,,0.1475925267250502,0.1454255263344198,0.1497433213397948,joint_parent_percentile,,0.0010856919413058,4000,4000,0,fixed_equal_cell_weights__common_complete_all_declared_methods_conditions,,
43d0a7f75c8afab6d32ab6fd1f2ff8db49cca59e36971e2b74404173f4cbfcf2,stress,domain_aggregate,fGn,all_lengths,,,,DMA::long_windows,step_change__position_0.25__shift_0.5,absolute_error_inflation,,0.1208243245908486,0.1182708178220553,0.1234047155880189,joint_parent_percentile,,0.0013083288467274,4000,4000,0,fixed_equal_cell_weights__common_complete_all_declared_methods_conditions,,
43d0a7f75c8afab6d32ab6fd1f2ff8db49cca59e36971e2b74404173f4cbfcf2,stress,domain_aggregate,fGn,all_lengths,,,,DMA::short_windows,step_change__position_0.25__shift_0.5,absolute_error_inflation,,0.165042384250393,0.1632508362630806,0.1667253123646928,joint_parent_percentile,,0.00089255149451,4000,4000,0,fixed_equal_cell_weights__common_complete_all_declared_methods_conditions,,
43d0a7f75c8afab6d32ab6fd1f2ff8db49cca59e36971e2b74404173f4cbfcf2,stress,domain_aggregate,fGn,all_lengths,,,,GHE,step_change__position_0.25__shift_0.5,absolute_error_inflation,,0.2379851016491968,0.2364421133690707,0.2395330426515464,joint_parent_percentile,,0.0008017864544541,4000,4000,0,fixed_equal_cell_weights__common_complete_all_declared_methods_conditions,,
43d0a7f75c8afab6d32ab6fd1f2ff8db49cca59e36971e2b74404173f4cbfcf2,stress,domain_aggregate,fGn,all_lengths,,,,GHE::centered,step_change__position_0.25__shift_0.5,absolute_error_inflation,,0.1234372812268944,0.1219936269590909,0.124838781828692,joint_parent_percentile,,0.0007325691548939,4000,4000,0,fixed_equal_cell_weights__common_complete_all_declared_methods_conditions,,
43d0a7f75c8afab6d32ab6fd1f2ff8db49cca59e36971e2b74404173f4cbfcf2,stress,domain_aggregate,fGn,all_lengths,,,,GPH::narrow_band,step_change__position_0.25__shift_0.5,absolute_error_inflation,,0.1900021553918006,0.1866308466195917,0.1932672060081015,joint_parent_percentile,,0.0017166662890612,4000,4000,0,fixed_equal_cell_weights__common_complete_all_declared_methods_conditions,,
43d0a7f75c8afab6d32ab6fd1f2ff8db49cca59e36971e2b74404173f4cbfcf2,stress,domain_aggregate,fGn,all_lengths,,,,GPH::wider_band,step_change__position_0.25__shift_0.5,absolute_error_inflation,,0.1148613249195504,0.112589859222477,0.1171620358247877,joint_parent_percentile,,0.001203289688956,4000,4000,0,fixed_equal_cell_weights__common_complete_all_declared_methods_conditions,,
43d0a7f75c8afab6d32ab6fd1f2ff8db49cca59e36971e2b74404173f4cbfcf2,stress,domain_aggregate,fGn,all_lengths,,,,Higuchi,step_change__position_0.25__shift_0.5,absolute_error_inflation,,0.2262220780551775,0.2247839900481699,0.2276751385762969,joint_parent_percentile,,0.0007322669885277,4000,4000,0,fixed_equal_cell_weights__common_complete_all_declared_methods_conditions,,
43d0a7f75c8afab6d32ab6fd1f2ff8db49cca59e36971e2b74404173f4cbfcf2,stress,domain_aggregate,fGn,all_lengths,,,,Higuchi::centered,step_change__position_0.25__shift_0.5,absolute_error_inflation,,0.1075076097776128,0.1062790454287473,0.1087071597695876,joint_parent_percentile,,0.000636531551974,4000,4000,0,fixed_equal_cell_weights__common_complete_all_declared_methods_conditions,,
43d0a7f75c8afab6d32ab6fd1f2ff8db49cca59e36971e2b74404173f4cbfcf2,stress,domain_aggregate,fGn,all_lengths,,,,ModifiedLocalWhittle,step_change__position_0.25__shift_0.5,absolute_error_inflation,,0.140699911960979,0.1389863729412471,0.1423841085777004,joint_parent_percentile,,0.0008615066435683,4000,4000,0,fixed_equal_cell_weights__common_complete_all_declared_methods_conditions,,
43d0a7f75c8afab6d32ab6fd1f2ff8db49cca59e36971e2b74404173f4cbfcf2,stress,domain_aggregate,fGn,all_lengths,,,,RS,step_change__position_0.25__shift_0.5,absolute_error_inflation,,0.052964155652001,0.0521799591061365,0.0537323923046635,joint_parent_percentile,,0.0003996172879127,4000,4000,0,fixed_equal_cell_weights__common_complete_all_declared_methods_conditions,,
43d0a7f75c8afab6d32ab6fd1f2ff8db49cca59e36971e2b74404173f4cbfcf2,stress,domain_aggregate,fGn,all_lengths,,,,Variance,step_change__position_0.25__shift_0.5,absolute_error_inflation,,0.1596143916562615,0.1532159713783885,0.165704762615872,joint_parent_percentile,,0.0031715577005796,4000,4000,0,fixed_equal_cell_weights__common_complete_all_declared_methods_conditions,,
43d0a7f75c8afab6d32ab6fd1f2ff8db49cca59e36971e2b74404173f4cbfcf2,stress,domain_aggregate,fGn,all_lengths,,,,VarianceResidual,step_change__position_0.25__shift_0.5,absolute_error_inflation,,0.0323607468502011,0.0312242088759152,0.033484689176197,joint_parent_percentile,,0.0005850581308979,4000,4000,0,fixed_equal_cell_weights__common_complete_all_declared_methods_conditions,,
43d0a7f75c8afab6d32ab6fd1f2ff8db49cca59e36971e2b74404173f4cbfcf2,stress,domain_aggregate,fGn,all_lengths,,,,WaveletOLS::broad_band,step_change__position_0.25__shift_0.5,absolute_error_inflation,,0.0066966515254021,0.0057182490990421,0.0076373740304536,joint_parent_percentile,,0.0004910320906503,4000,4000,0,fixed_equal_cell_weights__common_complete_all_declared_methods_conditions,,
43d0a7f75c8afab6d32ab6fd1f2ff8db49cca59e36971e2b74404173f4cbfcf2,stress,domain_aggregate,fGn,all_lengths,,,,WaveletOLS::conservative_band,step_change__position_0.25__shift_0.5,absolute_error_inflation,,-0.0017806228501381,-0.0025211970606488,-0.0010406366678488,joint_parent_percentile,,0.0003829753622609,4000,4000,0,fixed_equal_cell_weights__common_complete_all_declared_methods_conditions,,
43d0a7f75c8afab6d32ab6fd1f2ff8db49cca59e36971e2b74404173f4cbfcf2,stress,domain_aggregate,fGn,all_lengths,,,,WaveletOLS::upper_band,step_change__position_0.25__shift_0.5,absolute_error_inflation,,0.0004841881823804,-0.0001548637791706,0.0011039833213636,joint_parent_percentile,,0.0003195946626267,4000,4000,0,fixed_equal_cell_weights__common_complete_all_declared_methods_conditions,,
43d0a7f75c8afab6d32ab6fd1f2ff8db49cca59e36971e2b74404173f4cbfcf2,stress,domain_aggregate,fGn,all_lengths,,,,WhittleMLE,step_change__position_0.25__shift_0.5,absolute_error_inflation,,0.1411365775602092,0.1394116359276296,0.1428364575544521,joint_parent_percentile,,0.000866277590422,4000,4000,0,fixed_equal_cell_weights__common_complete_all_declared_methods_conditions,,
43d0a7f75c8afab6d32ab6fd1f2ff8db49cca59e36971e2b74404173f4cbfcf2,stress,domain_aggregate,fGn,all_lengths,,,,AbsoluteMoment,step_change__position_0.25__shift_1,absolute_error_inflation,,0.1609313208817065,0.1548657573883789,0.1667696045808279,joint_parent_percentile,,0.0030791695874051,4000,4000,0,fixed_equal_cell_weights__common_complete_all_declared_methods_conditions,,
43d0a7f75c8afab6d32ab6fd1f2ff8db49cca59e36971e2b74404173f4cbfcf2,stress,domain_aggregate,fGn,all_lengths,,,,DFA::balanced_scales,step_change__position_0.25__shift_1,absolute_error_inflation,,0.0656335805832115,0.0644962988525447,0.0667630947633456,joint_parent_percentile,,0.0005854008921477,4000,4000,0,fixed_equal_cell_weights__common_complete_all_declared_methods_conditions,,
43d0a7f75c8afab6d32ab6fd1f2ff8db49cca59e36971e2b74404173f4cbfcf2,stress,domain_aggregate,fGn,all_lengths,,,,DFA::long_scales,step_change__position_0.25__shift_1,absolute_error_inflation,,0.1543280490483023,0.1522766981470497,0.1562846822451008,joint_parent_percentile,,0.0010227886613768,4000,4000,0,fixed_equal_cell_weights__common_complete_all_declared_methods_conditions,,
43d0a7f75c8afab6d32ab6fd1f2ff8db49cca59e36971e2b74404173f4cbfcf2,stress,domain_aggregate,fGn,all_lengths,,,,DFA::short_scales,step_change__position_0.25__shift_1,absolute_error_inflation,,0.0649135704523603,0.063790172386909,0.066087062133819,joint_parent_percentile,,0.0005864598409539,4000,4000,0,fixed_equal_cell_weights__common_complete_all_declared_methods_conditions,,
43d0a7f75c8afab6d32ab6fd1f2ff8db49cca59e36971e2b74404173f4cbfcf2,stress,domain_aggregate,fGn,all_lengths,,,,DMA::balanced_windows,step_change__position_0.25__shift_1,absolute_error_inflation,,0.1887189342057278,0.1863284386495135,0.1911249520146958,joint_parent_percentile,,0.0012183533327091,4000,4000,0,fixed_equal_cell_weights__common_complete_all_declared_methods_conditions,,
43d0a7f75c8afab6d32ab6fd1f2ff8db49cca59e36971e2b74404173f4cbfcf2,stress,domain_aggregate,fGn,all_lengths,,,,DMA::long_windows,step_change__position_0.25__shift_1,absolute_error_inflation,,0.1413054993168698,0.138379813385415,0.1441608567137625,joint_parent_percentile,,0.0014874208990033,4000,4000,0,fixed_equal_cell_weights__common_complete_all_declared_methods_conditions,,
43d0a7f75c8afab6d32ab6fd1f2ff8db49cca59e36971e2b74404173f4cbfcf2,stress,domain_aggregate,fGn,all_lengths,,,,DMA::short_windows,step_change__position_0.25__shift_1,absolute_error_inflation,,0.2344898192297065,0.2325371565209287,0.2363885860252061,joint_parent_percentile,,0.0009882961977207,4000,4000,0,fixed_equal_cell_weights__common_complete_all_declared_methods_conditions,,
43d0a7f75c8afab6d32ab6fd1f2ff8db49cca59e36971e2b74404173f4cbfcf2,stress,domain_aggregate,fGn,all_lengths,,,,GHE,step_change__position_0.25__shift_1,absolute_error_inflation,,0.3132255837586662,0.3118742280509131,0.3144569106933188,joint_parent_percentile,,0.000662282733067,4000,4000,0,fixed_equal_cell_weights__common_complete_all_declared_methods_conditions,,
43d0a7f75c8afab6d32ab6fd1f2ff8db49cca59e36971e2b74404173f4cbfcf2,stress,domain_aggregate,fGn,all_lengths,,,,GHE::centered,step_change__position_0.25__shift_1,absolute_error_inflation,,0.1965813655643087,0.195028169702881,0.1982064213094205,joint_parent_percentile,,0.0008096930041787,4000,4000,0,fixed_equal_cell_weights__common_complete_all_declared_methods_conditions,,
43d0a7f75c8afab6d32ab6fd1f2ff8db49cca59e36971e2b74404173f4cbfcf2,stress,domain_aggregate,fGn,all_lengths,,,,GPH::narrow_band,step_change__position_0.25__shift_1,absolute_error_inflation,,0.3251436244193893,0.3215789886018355,0.3288588162462724,joint_parent_percentile,,0.0018755190288485,4000,4000,0,fixed_equal_cell_weights__common_complete_all_declared_methods_conditions,,
43d0a7f75c8afab6d32ab6fd1f2ff8db49cca59e36971e2b74404173f4cbfcf2,stress,domain_aggregate,fGn,all_lengths,,,,GPH::wider_band,step_change__position_0.25__shift_1,absolute_error_inflation,,0.2159676011606871,0.2133424046802317,0.2185203135685708,joint_parent_percentile,,0.0013293704657833,4000,4000,0,fixed_equal_cell_weights__common_complete_all_declared_methods_conditions,,
43d0a7f75c8afab6d32ab6fd1f2ff8db49cca59e36971e2b74404173f4cbfcf2,stress,domain_aggregate,fGn,all_lengths,,,,Higuchi,step_change__position_0.25__shift_1,absolute_error_inflation,,0.3093470075106547,0.3080602049694881,0.3105569052457333,joint_parent_percentile,,0.0006294750173914,4000,4000,0,fixed_equal_cell_weights__common_complete_all_declared_methods_conditions,,
43d0a7f75c8afab6d32ab6fd1f2ff8db49cca59e36971e2b74404173f4cbfcf2,stress,domain_aggregate,fGn,all_lengths,,,,Higuchi::centered,step_change__position_0.25__shift_1,absolute_error_inflation,,0.1942538159002748,0.1928518907236758,0.1956131453802291,joint_parent_percentile,,0.0007142240637009,4000,4000,0,fixed_equal_cell_weights__common_complete_all_declared_methods_conditions,,
43d0a7f75c8afab6d32ab6fd1f2ff8db49cca59e36971e2b74404173f4cbfcf2,stress,domain_aggregate,fGn,all_lengths,,,,ModifiedLocalWhittle,step_change__position_0.25__shift_1,absolute_error_inflation,,0.2423800825728691,0.2405330329079468,0.2442578249314832,joint_parent_percentile,,0.0009638092987049,4000,4000,0,fixed_equal_cell_weights__common_complete_all_declared_methods_conditions,,
43d0a7f75c8afab6d32ab6fd1f2ff8db49cca59e36971e2b74404173f4cbfcf2,stress,domain_aggregate,fGn,all_lengths,,,,RS,step_change__position_0.25__shift_1,absolute_error_inflation,,0.0962927584247895,0.095265269164693,0.097320441815534,joint_parent_percentile,,0.0005245621858183,4000,4000,0,fixed_equal_cell_weights__common_complete_all_declared_methods_conditions,,
43d0a7f75c8afab6d32ab6fd1f2ff8db49cca59e36971e2b74404173f4cbfcf2,stress,domain_aggregate,fGn,all_lengths,,,,Variance,step_change__position_0.25__shift_1,absolute_error_inflation,,0.1929136377168331,0.1870578298471843,0.1985314624070524,joint_parent_percentile,,0.0029705253350344,4000,4000,0,fixed_equal_cell_weights__common_complete_all_declared_methods_conditions,,
43d0a7f75c8afab6d32ab6fd1f2ff8db49cca59e36971e2b74404173f4cbfcf2,stress,domain_aggregate,fGn,all_lengths,,,,VarianceResidual,step_change__position_0.25__shift_1,absolute_error_inflation,,0.0838381889978114,0.082333742194994,0.0854074815147973,joint_parent_percentile,,0.0007835238176194,4000,4000,0,fixed_equal_cell_weights__common_complete_all_declared_methods_conditions,,
43d0a7f75c8afab6d32ab6fd1f2ff8db49cca59e36971e2b74404173f4cbfcf2,stress,domain_aggregate,fGn,all_lengths,,,,WaveletOLS::broad_band,step_change__position_0.25__shift_1,absolute_error_inflation,,0.0327229876032459,0.031276208760871,0.0342021382140514,joint_parent_percentile,,0.0007566414948799,4000,4000,0,fixed_equal_cell_weights__common_complete_all_declared_methods_conditions,,
43d0a7f75c8afab6d32ab6fd1f2ff8db49cca59e36971e2b74404173f4cbfcf2,stress,domain_aggregate,fGn,all_lengths,,,,WaveletOLS::conservative_band,step_change__position_0.25__shift_1,absolute_error_inflation,,-0.0012544125854512,-0.0028295829243006,0.0002220549090172,joint_parent_percentile,,0.0007749234690403,4000,4000,0,fixed_equal_cell_weights__common_complete_all_declared_methods_conditions,,
43d0a7f75c8afab6d32ab6fd1f2ff8db49cca59e36971e2b74404173f4cbfcf2,stress,domain_aggregate,fGn,all_lengths,,,,WaveletOLS::upper_band,step_change__position_0.25__shift_1,absolute_error_inflation,,0.0094297510170422,0.0082423781323014,0.0106019005977673,joint_parent_percentile,,0.0006063381951538,4000,4000,0,fixed_equal_cell_weights__common_complete_all_declared_methods_conditions,,
43d0a7f75c8afab6d32ab6fd1f2ff8db49cca59e36971e2b74404173f4cbfcf2,stress,domain_aggregate,fGn,all_lengths,,,,WhittleMLE,step_change__position_0.25__shift_1,absolute_error_inflation,,0.2433352591090629,0.2414804930244998,0.2452166518824164,joint_parent_percentile,,0.000966591760445,4000,4000,0,fixed_equal_cell_weights__common_complete_all_declared_methods_conditions,,
43d0a7f75c8afab6d32ab6fd1f2ff8db49cca59e36971e2b74404173f4cbfcf2,stress,domain_aggregate,fGn,all_lengths,,,,AbsoluteMoment,step_change__position_0.25__shift_2,absolute_error_inflation,,0.1866234788627172,0.1814710611435539,0.1915135490793066,joint_parent_percentile,,0.0025695992907181,4000,4000,0,fixed_equal_cell_weights__common_complete_all_declared_methods_conditions,,
43d0a7f75c8afab6d32ab6fd1f2ff8db49cca59e36971e2b74404173f4cbfcf2,stress,domain_aggregate,fGn,all_lengths,,,,DFA::balanced_scales,step_change__position_0.25__shift_2,absolute_error_inflation,,0.1671130688945003,0.1655282579056021,0.1687642233749053,joint_parent_percentile,,0.0008325325357325,4000,4000,0,fixed_equal_cell_weights__common_complete_all_declared_methods_conditions,,
43d0a7f75c8afab6d32ab6fd1f2ff8db49cca59e36971e2b74404173f4cbfcf2,stress,domain_aggregate,fGn,all_lengths,,,,DFA::long_scales,step_change__position_0.25__shift_2,absolute_error_inflation,,0.3107586389848984,0.308454694876124,0.3129556934045896,joint_parent_percentile,,0.0011451397417993,4000,4000,0,fixed_equal_cell_weights__common_complete_all_declared_methods_conditions,,
43d0a7f75c8afab6d32ab6fd1f2ff8db49cca59e36971e2b74404173f4cbfcf2,stress,domain_aggregate,fGn,all_lengths,,,,DFA::short_scales,step_change__position_0.25__shift_2,absolute_error_inflation,,0.1762242364438294,0.1746390373881326,0.1778628047476963,joint_parent_percentile,,0.0008182723974033,4000,4000,0,fixed_equal_cell_weights__common_complete_all_declared_methods_conditions,,
43d0a7f75c8afab6d32ab6fd1f2ff8db49cca59e36971e2b74404173f4cbfcf2,stress,domain_aggregate,fGn,all_lengths,,,,DMA::balanced_windows,step_change__position_0.25__shift_2,absolute_error_inflation,,0.2120103706220341,0.2097133734737968,0.2143016668764886,joint_parent_percentile,,0.0011815244780917,4000,4000,0,fixed_equal_cell_weights__common_complete_all_declared_methods_conditions,,
43d0a7f75c8afab6d32ab6fd1f2ff8db49cca59e36971e2b74404173f4cbfcf2,stress,domain_aggregate,fGn,all_lengths,,,,DMA::long_windows,step_change__position_0.25__shift_2,absolute_error_inflation,,0.1441043946727042,0.1412391998292424,0.1470188969164412,joint_parent_percentile,,0.0014738045169689,4000,4000,0,fixed_equal_cell_weights__common_complete_all_declared_methods_conditions,,
43d0a7f75c8afab6d32ab6fd1f2ff8db49cca59e36971e2b74404173f4cbfcf2,stress,domain_aggregate,fGn,all_lengths,,,,DMA::short_windows,step_change__position_0.25__shift_2,absolute_error_inflation,,0.2896102929429103,0.2877486421637558,0.2913962314516273,joint_parent_percentile,,0.000908308524826,4000,4000,0,fixed_equal_cell_weights__common_complete_all_declared_methods_conditions,,
43d0a7f75c8afab6d32ab6fd1f2ff8db49cca59e36971e2b74404173f4cbfcf2,stress,domain_aggregate,fGn,all_lengths,,,,GHE,step_change__position_0.25__shift_2,absolute_error_inflation,,0.3536040919499323,0.3525352371470956,0.3546457645360693,joint_parent_percentile,,0.0005441510849838,4000,4000,0,fixed_equal_cell_weights__common_complete_all_declared_methods_conditions,,
43d0a7f75c8afab6d32ab6fd1f2ff8db49cca59e36971e2b74404173f4cbfcf2,stress,domain_aggregate,fGn,all_lengths,,,,GHE::centered,step_change__position_0.25__shift_2,absolute_error_inflation,,0.2722333996796837,0.2708517685333738,0.2736109346049363,joint_parent_percentile,,0.000715032265681,4000,4000,0,fixed_equal_cell_weights__common_complete_all_declared_methods_conditions,,
43d0a7f75c8afab6d32ab6fd1f2ff8db49cca59e36971e2b74404173f4cbfcf2,stress,domain_aggregate,fGn,all_lengths,,,,GPH::narrow_band,step_change__position_0.25__shift_2,absolute_error_inflation,,0.4997261789198217,0.4961267738087401,0.5034003688568933,joint_parent_percentile,,0.0018815373368827,4000,4000,0,fixed_equal_cell_weights__common_complete_all_declared_methods_conditions,,
43d0a7f75c8afab6d32ab6fd1f2ff8db49cca59e36971e2b74404173f4cbfcf2,stress,domain_aggregate,fGn,all_lengths,,,,GPH::wider_band,step_change__position_0.25__shift_2,absolute_error_inflation,,0.3663304469769352,0.3636557509628073,0.3689524140584049,joint_parent_percentile,,0.0013816638974566,4000,4000,0,fixed_equal_cell_weights__common_complete_all_declared_methods_conditions,,
43d0a7f75c8afab6d32ab6fd1f2ff8db49cca59e36971e2b74404173f4cbfcf2,stress,domain_aggregate,fGn,all_lengths,,,,Higuchi,step_change__position_0.25__shift_2,absolute_error_inflation,,0.3538380683291602,0.3528689073500783,0.3548037031030202,joint_parent_percentile,,0.0004913948697423,4000,4000,0,fixed_equal_cell_weights__common_complete_all_declared_methods_conditions,,
43d0a7f75c8afab6d32ab6fd1f2ff8db49cca59e36971e2b74404173f4cbfcf2,stress,domain_aggregate,fGn,all_lengths,,,,Higuchi::centered,step_change__position_0.25__shift_2,absolute_error_inflation,,0.283023871261836,0.2817679963944781,0.2842599401770994,joint_parent_percentile,,0.0006420573090426,4000,4000,0,fixed_equal_cell_weights__common_complete_all_declared_methods_conditions,,
43d0a7f75c8afab6d32ab6fd1f2ff8db49cca59e36971e2b74404173f4cbfcf2,stress,domain_aggregate,fGn,all_lengths,,,,ModifiedLocalWhittle,step_change__position_0.25__shift_2,absolute_error_inflation,,0.3352876593856296,0.3336992950305124,0.3368520272731726,joint_parent_percentile,,0.0008012163945278,4000,4000,0,fixed_equal_cell_weights__common_complete_all_declared_methods_conditions,,
43d0a7f75c8afab6d32ab6fd1f2ff8db49cca59e36971e2b74404173f4cbfcf2,stress,domain_aggregate,fGn,all_lengths,,,,RS,step_change__position_0.25__shift_2,absolute_error_inflation,,0.1519187069644208,0.1507345906407119,0.1531224763182216,joint_parent_percentile,,0.0006191939983729,4000,4000,0,fixed_equal_cell_weights__common_complete_all_declared_methods_conditions,,
43d0a7f75c8afab6d32ab6fd1f2ff8db49cca59e36971e2b74404173f4cbfcf2,stress,domain_aggregate,fGn,all_lengths,,,,Variance,step_change__position_0.25__shift_2,absolute_error_inflation,,0.2331453754875694,0.2281688977303957,0.237870689070087,joint_parent_percentile,,0.0024643415558295,4000,4000,0,fixed_equal_cell_weights__common_complete_all_declared_methods_conditions,,
43d0a7f75c8afab6d32ab6fd1f2ff8db49cca59e36971e2b74404173f4cbfcf2,stress,domain_aggregate,fGn,all_lengths,,,,VarianceResidual,step_change__position_0.25__shift_2,absolute_error_inflation,,0.1816378594728722,0.179684100454266,0.1834985815335644,joint_parent_percentile,,0.0009531289873728,4000,4000,0,fixed_equal_cell_weights__common_complete_all_declared_methods_conditions,,
43d0a7f75c8afab6d32ab6fd1f2ff8db49cca59e36971e2b74404173f4cbfcf2,stress,domain_aggregate,fGn,all_lengths,,,,WaveletOLS::broad_band,step_change__position_0.25__shift_2,absolute_error_inflation,,0.1017868041073069,0.0997713148751304,0.103821729509983,joint_parent_percentile,,0.0010338814066707,4000,4000,0,fixed_equal_cell_weights__common_complete_all_declared_methods_conditions,,
43d0a7f75c8afab6d32ab6fd1f2ff8db49cca59e36971e2b74404173f4cbfcf2,stress,domain_aggregate,fGn,all_lengths,,,,WaveletOLS::conservative_band,step_change__position_0.25__shift_2,absolute_error_inflation,,0.0198967664610652,0.0173650871859048,0.0222266239208658,joint_parent_percentile,,0.0012320989207476,4000,4000,0,fixed_equal_cell_weights__common_complete_all_declared_methods_conditions,,
43d0a7f75c8afab6d32ab6fd1f2ff8db49cca59e36971e2b74404173f4cbfcf2,stress,domain_aggregate,fGn,all_lengths,,,,WaveletOLS::upper_band,step_change__position_0.25__shift_2,absolute_error_inflation,,0.0529475665076909,0.0511789522359629,0.0546919764615153,joint_parent_percentile,,0.000901107578898,4000,4000,0,fixed_equal_cell_weights__common_complete_all_declared_methods_conditions,,
43d0a7f75c8afab6d32ab6fd1f2ff8db49cca59e36971e2b74404173f4cbfcf2,stress,domain_aggregate,fGn,all_lengths,,,,WhittleMLE,step_change__position_0.25__shift_2,absolute_error_inflation,,0.3355936643178069,0.3339952809639116,0.3371509082565044,joint_parent_percentile,,0.0007991409579685,4000,4000,0,fixed_equal_cell_weights__common_complete_all_declared_methods_conditions,,
43d0a7f75c8afab6d32ab6fd1f2ff8db49cca59e36971e2b74404173f4cbfcf2,stress,domain_aggregate,fGn,all_lengths,,,,AbsoluteMoment,step_change__position_0.5__shift_0.5,absolute_error_inflation,,0.1472797865967543,0.1407739459690688,0.1535215867379754,joint_parent_percentile,,0.0032238148390515,4000,4000,0,fixed_equal_cell_weights__common_complete_all_declared_methods_conditions,,
43d0a7f75c8afab6d32ab6fd1f2ff8db49cca59e36971e2b74404173f4cbfcf2,stress,domain_aggregate,fGn,all_lengths,,,,DFA::balanced_scales,step_change__position_0.5__shift_0.5,absolute_error_inflation,,0.0419965280197897,0.0408440175896041,0.0430567102217828,joint_parent_percentile,,0.000574482829645,4000,4000,0,fixed_equal_cell_weights__common_complete_all_declared_methods_conditions,,
43d0a7f75c8afab6d32ab6fd1f2ff8db49cca59e36971e2b74404173f4cbfcf2,stress,domain_aggregate,fGn,all_lengths,,,,DFA::long_scales,step_change__position_0.5__shift_0.5,absolute_error_inflation,,0.0551677762031834,0.0537918727930535,0.0565065964329307,joint_parent_percentile,,0.0006908215642796,4000,4000,0,fixed_equal_cell_weights__common_complete_all_declared_methods_conditions,,
43d0a7f75c8afab6d32ab6fd1f2ff8db49cca59e36971e2b74404173f4cbfcf2,stress,domain_aggregate,fGn,all_lengths,,,,DFA::short_scales,step_change__position_0.5__shift_0.5,absolute_error_inflation,,0.0202587918583897,0.0195020654076851,0.0210144579023353,joint_parent_percentile,,0.0003864875444773,4000,4000,0,fixed_equal_cell_weights__common_complete_all_declared_methods_conditions,,
43d0a7f75c8afab6d32ab6fd1f2ff8db49cca59e36971e2b74404173f4cbfcf2,stress,domain_aggregate,fGn,all_lengths,,,,DMA::balanced_windows,step_change__position_0.5__shift_0.5,absolute_error_inflation,,0.2013866038602307,0.1987217317340917,0.2040451451318309,joint_parent_percentile,,0.0013694739358146,4000,4000,0,fixed_equal_cell_weights__common_complete_all_declared_methods_conditions,,
43d0a7f75c8afab6d32ab6fd1f2ff8db49cca59e36971e2b74404173f4cbfcf2,stress,domain_aggregate,fGn,all_lengths,,,,DMA::long_windows,step_change__position_0.5__shift_0.5,absolute_error_inflation,,0.1828794034881809,0.1795842812516593,0.1861430825097097,joint_parent_percentile,,0.0017176247355331,4000,4000,0,fixed_equal_cell_weights__common_complete_all_declared_methods_conditions,,
43d0a7f75c8afab6d32ab6fd1f2ff8db49cca59e36971e2b74404173f4cbfcf2,stress,domain_aggregate,fGn,all_lengths,,,,DMA::short_windows,step_change__position_0.5__shift_0.5,absolute_error_inflation,,0.2041596478857628,0.2021275215135057,0.2061438533624448,joint_parent_percentile,,0.0010246589404951,4000,4000,0,fixed_equal_cell_weights__common_complete_all_declared_methods_conditions,,
43d0a7f75c8afab6d32ab6fd1f2ff8db49cca59e36971e2b74404173f4cbfcf2,stress,domain_aggregate,fGn,all_lengths,,,,GHE,step_change__position_0.5__shift_0.5,absolute_error_inflation,,0.1893902337801077,0.1879548175376434,0.1907686356928306,joint_parent_percentile,,0.0007329167779007,4000,4000,0,fixed_equal_cell_weights__common_complete_all_declared_methods_conditions,,
43d0a7f75c8afab6d32ab6fd1f2ff8db49cca59e36971e2b74404173f4cbfcf2,stress,domain_aggregate,fGn,all_lengths,,,,GHE::centered,step_change__position_0.5__shift_0.5,absolute_error_inflation,,0.1630303488427676,0.161416918871356,0.1646694094942605,joint_parent_percentile,,0.0008164470086761,4000,4000,0,fixed_equal_cell_weights__common_complete_all_declared_methods_conditions,,
43d0a7f75c8afab6d32ab6fd1f2ff8db49cca59e36971e2b74404173f4cbfcf2,stress,domain_aggregate,fGn,all_lengths,,,,GPH::narrow_band,step_change__position_0.5__shift_0.5,absolute_error_inflation,,0.1523685394098214,0.1490238451990799,0.1557236034101108,joint_parent_percentile,,0.0017606743138985,4000,4000,0,fixed_equal_cell_weights__common_complete_all_declared_methods_conditions,,
43d0a7f75c8afab6d32ab6fd1f2ff8db49cca59e36971e2b74404173f4cbfcf2,stress,domain_aggregate,fGn,all_lengths,,,,GPH::wider_band,step_change__position_0.5__shift_0.5,absolute_error_inflation,,0.090752064304592,0.0882420390558645,0.0931614405554874,joint_parent_percentile,,0.0012567575761149,4000,4000,0,fixed_equal_cell_weights__common_complete_all_declared_methods_conditions,,
43d0a7f75c8afab6d32ab6fd1f2ff8db49cca59e36971e2b74404173f4cbfcf2,stress,domain_aggregate,fGn,all_lengths,,,,Higuchi,step_change__position_0.5__shift_0.5,absolute_error_inflation,,0.1768476254603101,0.1755496051846048,0.1781286017958591,joint_parent_percentile,,0.0006656863122206,4000,4000,0,fixed_equal_cell_weights__common_complete_all_declared_methods_conditions,,
43d0a7f75c8afab6d32ab6fd1f2ff8db49cca59e36971e2b74404173f4cbfcf2,stress,domain_aggregate,fGn,all_lengths,,,,Higuchi::centered,step_change__position_0.5__shift_0.5,absolute_error_inflation,,0.1476981152516937,0.1463324561945717,0.1490198180750623,joint_parent_percentile,,0.0006973781357425,4000,4000,0,fixed_equal_cell_weights__common_complete_all_declared_methods_conditions,,
43d0a7f75c8afab6d32ab6fd1f2ff8db49cca59e36971e2b74404173f4cbfcf2,stress,domain_aggregate,fGn,all_lengths,,,,ModifiedLocalWhittle,step_change__position_0.5__shift_0.5,absolute_error_inflation,,0.1589214168255505,0.1572957500115057,0.1605776090699212,joint_parent_percentile,,0.0008564828167682,4000,4000,0,fixed_equal_cell_weights__common_complete_all_declared_methods_conditions,,
43d0a7f75c8afab6d32ab6fd1f2ff8db49cca59e36971e2b74404173f4cbfcf2,stress,domain_aggregate,fGn,all_lengths,,,,RS,step_change__position_0.5__shift_0.5,absolute_error_inflation,,0.0438543914326891,0.0431750517678932,0.0445634499377297,joint_parent_percentile,,0.0003561772712396,4000,4000,0,fixed_equal_cell_weights__common_complete_all_declared_methods_conditions,,
43d0a7f75c8afab6d32ab6fd1f2ff8db49cca59e36971e2b74404173f4cbfcf2,stress,domain_aggregate,fGn,all_lengths,,,,Variance,step_change__position_0.5__shift_0.5,absolute_error_inflation,,0.163728222848444,0.1575535574638398,0.1697934260918928,joint_parent_percentile,,0.0031537169951948,4000,4000,0,fixed_equal_cell_weights__common_complete_all_declared_methods_conditions,,
43d0a7f75c8afab6d32ab6fd1f2ff8db49cca59e36971e2b74404173f4cbfcf2,stress,domain_aggregate,fGn,all_lengths,,,,VarianceResidual,step_change__position_0.5__shift_0.5,absolute_error_inflation,,0.0348063584564473,0.0336821580782775,0.035943599479162,joint_parent_percentile,,0.0005798467251609,4000,4000,0,fixed_equal_cell_weights__common_complete_all_declared_methods_conditions,,
43d0a7f75c8afab6d32ab6fd1f2ff8db49cca59e36971e2b74404173f4cbfcf2,stress,domain_aggregate,fGn,all_lengths,,,,WaveletOLS::broad_band,step_change__position_0.5__shift_0.5,absolute_error_inflation,,0.0062124144098318,0.0052686545272066,0.0071643898866202,joint_parent_percentile,,0.0004966367932075,4000,4000,0,fixed_equal_cell_weights__common_complete_all_declared_methods_conditions,,
43d0a7f75c8afab6d32ab6fd1f2ff8db49cca59e36971e2b74404173f4cbfcf2,stress,domain_aggregate,fGn,all_lengths,,,,WaveletOLS::conservative_band,step_change__position_0.5__shift_0.5,absolute_error_inflation,,-0.0020778811817039,-0.0028527610327378,-0.0013300724767012,joint_parent_percentile,,0.0003838138965897,4000,4000,0,fixed_equal_cell_weights__common_complete_all_declared_methods_conditions,,
43d0a7f75c8afab6d32ab6fd1f2ff8db49cca59e36971e2b74404173f4cbfcf2,stress,domain_aggregate,fGn,all_lengths,,,,WaveletOLS::upper_band,step_change__position_0.5__shift_0.5,absolute_error_inflation,,0.0006543937929338,4.762930726704283e-05,0.0012661843914406,joint_parent_percentile,,0.0003144293539665,4000,4000,0,fixed_equal_cell_weights__common_complete_all_declared_methods_conditions,,
43d0a7f75c8afab6d32ab6fd1f2ff8db49cca59e36971e2b74404173f4cbfcf2,stress,domain_aggregate,fGn,all_lengths,,,,WhittleMLE,step_change__position_0.5__shift_0.5,absolute_error_inflation,,0.1594446238780559,0.1578051285326791,0.1611068927663289,joint_parent_percentile,,0.0008612256830306,4000,4000,0,fixed_equal_cell_weights__common_complete_all_declared_methods_conditions,,
43d0a7f75c8afab6d32ab6fd1f2ff8db49cca59e36971e2b74404173f4cbfcf2,stress,domain_aggregate,fGn,all_lengths,,,,AbsoluteMoment,step_change__position_0.5__shift_1,absolute_error_inflation,,0.1550127846763636,0.1491461870075083,0.1605161630985102,joint_parent_percentile,,0.0029149230341671,4000,4000,0,fixed_equal_cell_weights__common_complete_all_declared_methods_conditions,,
43d0a7f75c8afab6d32ab6fd1f2ff8db49cca59e36971e2b74404173f4cbfcf2,stress,domain_aggregate,fGn,all_lengths,,,,DFA::balanced_scales,step_change__position_0.5__shift_1,absolute_error_inflation,,0.1236495102261945,0.1221013469063933,0.1252806734429154,joint_parent_percentile,,0.0008358905604287,4000,4000,0,fixed_equal_cell_weights__common_complete_all_declared_methods_conditions,,
43d0a7f75c8afab6d32ab6fd1f2ff8db49cca59e36971e2b74404173f4cbfcf2,stress,domain_aggregate,fGn,all_lengths,,,,DFA::long_scales,step_change__position_0.5__shift_1,absolute_error_inflation,,0.1472359963919045,0.1453755171386599,0.1490364983495568,joint_parent_percentile,,0.0009369770783772,4000,4000,0,fixed_equal_cell_weights__common_complete_all_declared_methods_conditions,,
43d0a7f75c8afab6d32ab6fd1f2ff8db49cca59e36971e2b74404173f4cbfcf2,stress,domain_aggregate,fGn,all_lengths,,,,DFA::short_scales,step_change__position_0.5__shift_1,absolute_error_inflation,,0.0711455310166804,0.0699205475488882,0.0724405340931139,joint_parent_percentile,,0.0006334613474869,4000,4000,0,fixed_equal_cell_weights__common_complete_all_declared_methods_conditions,,
43d0a7f75c8afab6d32ab6fd1f2ff8db49cca59e36971e2b74404173f4cbfcf2,stress,domain_aggregate,fGn,all_lengths,,,,DMA::balanced_windows,step_change__position_0.5__shift_1,absolute_error_inflation,,0.248433277903958,0.2458483104691182,0.2509914972544683,joint_parent_percentile,,0.00135392891705,4000,4000,0,fixed_equal_cell_weights__common_complete_all_declared_methods_conditions,,
43d0a7f75c8afab6d32ab6fd1f2ff8db49cca59e36971e2b74404173f4cbfcf2,stress,domain_aggregate,fGn,all_lengths,,,,DMA::long_windows,step_change__position_0.5__shift_1,absolute_error_inflation,,0.2049730378486406,0.2016979352712541,0.2082387769906687,joint_parent_percentile,,0.0016486890757175,4000,4000,0,fixed_equal_cell_weights__common_complete_all_declared_methods_conditions,,
43d0a7f75c8afab6d32ab6fd1f2ff8db49cca59e36971e2b74404173f4cbfcf2,stress,domain_aggregate,fGn,all_lengths,,,,DMA::short_windows,step_change__position_0.5__shift_1,absolute_error_inflation,,0.2784806311476701,0.2764432279260554,0.2804674836513646,joint_parent_percentile,,0.0010441105946723,4000,4000,0,fixed_equal_cell_weights__common_complete_all_declared_methods_conditions,,
43d0a7f75c8afab6d32ab6fd1f2ff8db49cca59e36971e2b74404173f4cbfcf2,stress,domain_aggregate,fGn,all_lengths,,,,GHE,step_change__position_0.5__shift_1,absolute_error_inflation,,0.2615145908005256,0.2601677159170388,0.262839405661554,joint_parent_percentile,,0.0006909504031483,4000,4000,0,fixed_equal_cell_weights__common_complete_all_declared_methods_conditions,,
43d0a7f75c8afab6d32ab6fd1f2ff8db49cca59e36971e2b74404173f4cbfcf2,stress,domain_aggregate,fGn,all_lengths,,,,GHE::centered,step_change__position_0.5__shift_1,absolute_error_inflation,,0.2447659342451588,0.2431101913356317,0.2463924498036492,joint_parent_percentile,,0.0008408973677727,4000,4000,0,fixed_equal_cell_weights__common_complete_all_declared_methods_conditions,,
43d0a7f75c8afab6d32ab6fd1f2ff8db49cca59e36971e2b74404173f4cbfcf2,stress,domain_aggregate,fGn,all_lengths,,,,GPH::narrow_band,step_change__position_0.5__shift_1,absolute_error_inflation,,0.2500063449394508,0.2462773034412043,0.2537244520533432,joint_parent_percentile,,0.001937793081397,4000,4000,0,fixed_equal_cell_weights__common_complete_all_declared_methods_conditions,,
43d0a7f75c8afab6d32ab6fd1f2ff8db49cca59e36971e2b74404173f4cbfcf2,stress,domain_aggregate,fGn,all_lengths,,,,GPH::wider_band,step_change__position_0.5__shift_1,absolute_error_inflation,,0.1665789523372536,0.1639423927832178,0.1692431471139348,joint_parent_percentile,,0.0013832421034417,4000,4000,0,fixed_equal_cell_weights__common_complete_all_declared_methods_conditions,,
43d0a7f75c8afab6d32ab6fd1f2ff8db49cca59e36971e2b74404173f4cbfcf2,stress,domain_aggregate,fGn,all_lengths,,,,Higuchi,step_change__position_0.5__shift_1,absolute_error_inflation,,0.2572561278035288,0.2559917538530201,0.2584693926855237,joint_parent_percentile,,0.0006441433916182,4000,4000,0,fixed_equal_cell_weights__common_complete_all_declared_methods_conditions,,
43d0a7f75c8afab6d32ab6fd1f2ff8db49cca59e36971e2b74404173f4cbfcf2,stress,domain_aggregate,fGn,all_lengths,,,,Higuchi::centered,step_change__position_0.5__shift_1,absolute_error_inflation,,0.2450432158325531,0.2435789550770293,0.2464908247990156,joint_parent_percentile,,0.0007590783190604,4000,4000,0,fixed_equal_cell_weights__common_complete_all_declared_methods_conditions,,
43d0a7f75c8afab6d32ab6fd1f2ff8db49cca59e36971e2b74404173f4cbfcf2,stress,domain_aggregate,fGn,all_lengths,,,,ModifiedLocalWhittle,step_change__position_0.5__shift_1,absolute_error_inflation,,0.2596835341925245,0.2578272209543243,0.2615639137901391,joint_parent_percentile,,0.0009528715556286,4000,4000,0,fixed_equal_cell_weights__common_complete_all_declared_methods_conditions,,
43d0a7f75c8afab6d32ab6fd1f2ff8db49cca59e36971e2b74404173f4cbfcf2,stress,domain_aggregate,fGn,all_lengths,,,,RS,step_change__position_0.5__shift_1,absolute_error_inflation,,0.0858945896859542,0.0849741271872781,0.0868640832033801,joint_parent_percentile,,0.0004788899519299,4000,4000,0,fixed_equal_cell_weights__common_complete_all_declared_methods_conditions,,
43d0a7f75c8afab6d32ab6fd1f2ff8db49cca59e36971e2b74404173f4cbfcf2,stress,domain_aggregate,fGn,all_lengths,,,,Variance,step_change__position_0.5__shift_1,absolute_error_inflation,,0.1924443835633792,0.1868032421558244,0.1977639086462991,joint_parent_percentile,,0.002802375020494,4000,4000,0,fixed_equal_cell_weights__common_complete_all_declared_methods_conditions,,
43d0a7f75c8afab6d32ab6fd1f2ff8db49cca59e36971e2b74404173f4cbfcf2,stress,domain_aggregate,fGn,all_lengths,,,,VarianceResidual,step_change__position_0.5__shift_1,absolute_error_inflation,,0.0969901798309025,0.0955316909165786,0.0985694907512421,joint_parent_percentile,,0.0007814167998436,4000,4000,0,fixed_equal_cell_weights__common_complete_all_declared_methods_conditions,,
43d0a7f75c8afab6d32ab6fd1f2ff8db49cca59e36971e2b74404173f4cbfcf2,stress,domain_aggregate,fGn,all_lengths,,,,WaveletOLS::broad_band,step_change__position_0.5__shift_1,absolute_error_inflation,,0.0331805412236759,0.0317801198522982,0.0346667330359356,joint_parent_percentile,,0.0007465467462356,4000,4000,0,fixed_equal_cell_weights__common_complete_all_declared_methods_conditions,,
43d0a7f75c8afab6d32ab6fd1f2ff8db49cca59e36971e2b74404173f4cbfcf2,stress,domain_aggregate,fGn,all_lengths,,,,WaveletOLS::conservative_band,step_change__position_0.5__shift_1,absolute_error_inflation,,-0.0010373105629855,-0.0025022880270742,0.000446530127174,joint_parent_percentile,,0.0007691569432275,4000,4000,0,fixed_equal_cell_weights__common_complete_all_declared_methods_conditions,,
43d0a7f75c8afab6d32ab6fd1f2ff8db49cca59e36971e2b74404173f4cbfcf2,stress,domain_aggregate,fGn,all_lengths,,,,WaveletOLS::upper_band,step_change__position_0.5__shift_1,absolute_error_inflation,,0.0092479951850623,0.0080157368833724,0.010514140291555,joint_parent_percentile,,0.0006296902817244,4000,4000,0,fixed_equal_cell_weights__common_complete_all_declared_methods_conditions,,
43d0a7f75c8afab6d32ab6fd1f2ff8db49cca59e36971e2b74404173f4cbfcf2,stress,domain_aggregate,fGn,all_lengths,,,,WhittleMLE,step_change__position_0.5__shift_1,absolute_error_inflation,,0.2606686017710982,0.2588018451203793,0.2625364558714367,joint_parent_percentile,,0.0009552892671909,4000,4000,0,fixed_equal_cell_weights__common_complete_all_declared_methods_conditions,,
43d0a7f75c8afab6d32ab6fd1f2ff8db49cca59e36971e2b74404173f4cbfcf2,stress,domain_aggregate,fGn,all_lengths,,,,AbsoluteMoment,step_change__position_0.5__shift_2,absolute_error_inflation,,0.168116822305392,0.1630506665993787,0.1730569433313002,joint_parent_percentile,,0.0025405723363429,4000,4000,0,fixed_equal_cell_weights__common_complete_all_declared_methods_conditions,,
43d0a7f75c8afab6d32ab6fd1f2ff8db49cca59e36971e2b74404173f4cbfcf2,stress,domain_aggregate,fGn,all_lengths,,,,DFA::balanced_scales,step_change__position_0.5__shift_2,absolute_error_inflation,,0.2821219528410777,0.2800854376438227,0.2841774707495246,joint_parent_percentile,,0.0010481945956005,4000,4000,0,fixed_equal_cell_weights__common_complete_all_declared_methods_conditions,,
43d0a7f75c8afab6d32ab6fd1f2ff8db49cca59e36971e2b74404173f4cbfcf2,stress,domain_aggregate,fGn,all_lengths,,,,DFA::long_scales,step_change__position_0.5__shift_2,absolute_error_inflation,,0.3067430610016958,0.3044826576759196,0.3089141644749916,joint_parent_percentile,,0.0011340248493917,4000,4000,0,fixed_equal_cell_weights__common_complete_all_declared_methods_conditions,,
43d0a7f75c8afab6d32ab6fd1f2ff8db49cca59e36971e2b74404173f4cbfcf2,stress,domain_aggregate,fGn,all_lengths,,,,DFA::short_scales,step_change__position_0.5__shift_2,absolute_error_inflation,,0.1940089754962532,0.1922761584896653,0.1957516294105293,joint_parent_percentile,,0.0008846851469176,4000,4000,0,fixed_equal_cell_weights__common_complete_all_declared_methods_conditions,,
43d0a7f75c8afab6d32ab6fd1f2ff8db49cca59e36971e2b74404173f4cbfcf2,stress,domain_aggregate,fGn,all_lengths,,,,DMA::balanced_windows,step_change__position_0.5__shift_2,absolute_error_inflation,,0.2939178840505958,0.2917218187721531,0.2962010400487278,joint_parent_percentile,,0.0011515656751374,4000,4000,0,fixed_equal_cell_weights__common_complete_all_declared_methods_conditions,,
43d0a7f75c8afab6d32ab6fd1f2ff8db49cca59e36971e2b74404173f4cbfcf2,stress,domain_aggregate,fGn,all_lengths,,,,DMA::long_windows,step_change__position_0.5__shift_2,absolute_error_inflation,,0.2336830633070692,0.2308905964380599,0.2364899479228548,joint_parent_percentile,,0.0014350770001077,4000,4000,0,fixed_equal_cell_weights__common_complete_all_declared_methods_conditions,,
43d0a7f75c8afab6d32ab6fd1f2ff8db49cca59e36971e2b74404173f4cbfcf2,stress,domain_aggregate,fGn,all_lengths,,,,DMA::short_windows,step_change__position_0.5__shift_2,absolute_error_inflation,,0.340819167856893,0.3391092766852007,0.342529683200335,joint_parent_percentile,,0.0008565168755906,4000,4000,0,fixed_equal_cell_weights__common_complete_all_declared_methods_conditions,,
43d0a7f75c8afab6d32ab6fd1f2ff8db49cca59e36971e2b74404173f4cbfcf2,stress,domain_aggregate,fGn,all_lengths,,,,GHE,step_change__position_0.5__shift_2,absolute_error_inflation,,0.313627823843323,0.3125064114765322,0.3147116170332668,joint_parent_percentile,,0.0005702159345329,4000,4000,0,fixed_equal_cell_weights__common_complete_all_declared_methods_conditions,,
43d0a7f75c8afab6d32ab6fd1f2ff8db49cca59e36971e2b74404173f4cbfcf2,stress,domain_aggregate,fGn,all_lengths,,,,GHE::centered,step_change__position_0.5__shift_2,absolute_error_inflation,,0.3197813540236779,0.318501828956035,0.3210003222613229,joint_parent_percentile,,0.0006500260817067,4000,4000,0,fixed_equal_cell_weights__common_complete_all_declared_methods_conditions,,
43d0a7f75c8afab6d32ab6fd1f2ff8db49cca59e36971e2b74404173f4cbfcf2,stress,domain_aggregate,fGn,all_lengths,,,,GPH::narrow_band,step_change__position_0.5__shift_2,absolute_error_inflation,,0.3672016258152289,0.3632031260265818,0.3710694431540657,joint_parent_percentile,,0.002017981215495,4000,4000,0,fixed_equal_cell_weights__common_complete_all_declared_methods_conditions,,
43d0a7f75c8afab6d32ab6fd1f2ff8db49cca59e36971e2b74404173f4cbfcf2,stress,domain_aggregate,fGn,all_lengths,,,,GPH::wider_band,step_change__position_0.5__shift_2,absolute_error_inflation,,0.273636935038807,0.2707977849516463,0.2764752363261288,joint_parent_percentile,,0.0014637717741046,4000,4000,0,fixed_equal_cell_weights__common_complete_all_declared_methods_conditions,,
43d0a7f75c8afab6d32ab6fd1f2ff8db49cca59e36971e2b74404173f4cbfcf2,stress,domain_aggregate,fGn,all_lengths,,,,Higuchi,step_change__position_0.5__shift_2,absolute_error_inflation,,0.3143913812147912,0.3133920055493426,0.3153971858535193,joint_parent_percentile,,0.0005171176649789,4000,4000,0,fixed_equal_cell_weights__common_complete_all_declared_methods_conditions,,
43d0a7f75c8afab6d32ab6fd1f2ff8db49cca59e36971e2b74404173f4cbfcf2,stress,domain_aggregate,fGn,all_lengths,,,,Higuchi::centered,step_change__position_0.5__shift_2,absolute_error_inflation,,0.3304093668272105,0.329311611124908,0.3315103803623242,joint_parent_percentile,,0.0005719238710775,4000,4000,0,fixed_equal_cell_weights__common_complete_all_declared_methods_conditions,,
43d0a7f75c8afab6d32ab6fd1f2ff8db49cca59e36971e2b74404173f4cbfcf2,stress,domain_aggregate,fGn,all_lengths,,,,ModifiedLocalWhittle,step_change__position_0.5__shift_2,absolute_error_inflation,,0.3405905096010663,0.3391268423661017,0.3420200919820109,joint_parent_percentile,,0.000744738202864,4000,4000,0,fixed_equal_cell_weights__common_complete_all_declared_methods_conditions,,
43d0a7f75c8afab6d32ab6fd1f2ff8db49cca59e36971e2b74404173f4cbfcf2,stress,domain_aggregate,fGn,all_lengths,,,,RS,step_change__position_0.5__shift_2,absolute_error_inflation,,0.1408066740394414,0.1396714366752848,0.1419672754830259,joint_parent_percentile,,0.0005847556827512,4000,4000,0,fixed_equal_cell_weights__common_complete_all_declared_methods_conditions,,
43d0a7f75c8afab6d32ab6fd1f2ff8db49cca59e36971e2b74404173f4cbfcf2,stress,domain_aggregate,fGn,all_lengths,,,,Variance,step_change__position_0.5__shift_2,absolute_error_inflation,,0.2308500341484091,0.2259435290786136,0.2354868351674272,joint_parent_percentile,,0.002453998693856,4000,4000,0,fixed_equal_cell_weights__common_complete_all_declared_methods_conditions,,
43d0a7f75c8afab6d32ab6fd1f2ff8db49cca59e36971e2b74404173f4cbfcf2,stress,domain_aggregate,fGn,all_lengths,,,,VarianceResidual,step_change__position_0.5__shift_2,absolute_error_inflation,,0.2163425451140558,0.214484208057272,0.2183174707864711,joint_parent_percentile,,0.0009746592593099,4000,4000,0,fixed_equal_cell_weights__common_complete_all_declared_methods_conditions,,
43d0a7f75c8afab6d32ab6fd1f2ff8db49cca59e36971e2b74404173f4cbfcf2,stress,domain_aggregate,fGn,all_lengths,,,,WaveletOLS::broad_band,step_change__position_0.5__shift_2,absolute_error_inflation,,0.1022903142281071,0.1003189114896524,0.1044153340907599,joint_parent_percentile,,0.0010484203465582,4000,4000,0,fixed_equal_cell_weights__common_complete_all_declared_methods_conditions,,
43d0a7f75c8afab6d32ab6fd1f2ff8db49cca59e36971e2b74404173f4cbfcf2,stress,domain_aggregate,fGn,all_lengths,,,,WaveletOLS::conservative_band,step_change__position_0.5__shift_2,absolute_error_inflation,,0.0191373379576326,0.016517308892804,0.021583666724022,joint_parent_percentile,,0.0012678294184138,4000,4000,0,fixed_equal_cell_weights__common_complete_all_declared_methods_conditions,,
43d0a7f75c8afab6d32ab6fd1f2ff8db49cca59e36971e2b74404173f4cbfcf2,stress,domain_aggregate,fGn,all_lengths,,,,WaveletOLS::upper_band,step_change__position_0.5__shift_2,absolute_error_inflation,,0.0531193516479183,0.0513409667739334,0.0549939458100109,joint_parent_percentile,,0.0009351738639763,4000,4000,0,fixed_equal_cell_weights__common_complete_all_declared_methods_conditions,,
43d0a7f75c8afab6d32ab6fd1f2ff8db49cca59e36971e2b74404173f4cbfcf2,stress,domain_aggregate,fGn,all_lengths,,,,WhittleMLE,step_change__position_0.5__shift_2,absolute_error_inflation,,0.3406404244370458,0.3391699570244055,0.3420857398672151,joint_parent_percentile,,0.0007441876888958,4000,4000,0,fixed_equal_cell_weights__common_complete_all_declared_methods_conditions,,
43d0a7f75c8afab6d32ab6fd1f2ff8db49cca59e36971e2b74404173f4cbfcf2,stress,domain_aggregate,fGn,all_lengths,,,,AbsoluteMoment,step_change__position_0.75__shift_0.5,absolute_error_inflation,,0.068957483347829,0.0641569526382019,0.0735419300087366,joint_parent_percentile,,0.0024408408178029,4000,4000,0,fixed_equal_cell_weights__common_complete_all_declared_methods_conditions,,
43d0a7f75c8afab6d32ab6fd1f2ff8db49cca59e36971e2b74404173f4cbfcf2,stress,domain_aggregate,fGn,all_lengths,,,,DFA::balanced_scales,step_change__position_0.75__shift_0.5,absolute_error_inflation,,0.0335676941361609,0.0324830592148591,0.0346505841623697,joint_parent_percentile,,0.0005573296369492,4000,4000,0,fixed_equal_cell_weights__common_complete_all_declared_methods_conditions,,
43d0a7f75c8afab6d32ab6fd1f2ff8db49cca59e36971e2b74404173f4cbfcf2,stress,domain_aggregate,fGn,all_lengths,,,,DFA::long_scales,step_change__position_0.75__shift_0.5,absolute_error_inflation,,0.0530914734804504,0.0516314420615539,0.0544651704668401,joint_parent_percentile,,0.0007231857907836,4000,4000,0,fixed_equal_cell_weights__common_complete_all_declared_methods_conditions,,
43d0a7f75c8afab6d32ab6fd1f2ff8db49cca59e36971e2b74404173f4cbfcf2,stress,domain_aggregate,fGn,all_lengths,,,,DFA::short_scales,step_change__position_0.75__shift_0.5,absolute_error_inflation,,0.0039401902131997,0.0035986124301841,0.0042806204193422,joint_parent_percentile,,0.0001731044155255,4000,4000,0,fixed_equal_cell_weights__common_complete_all_declared_methods_conditions,,
43d0a7f75c8afab6d32ab6fd1f2ff8db49cca59e36971e2b74404173f4cbfcf2,stress,domain_aggregate,fGn,all_lengths,,,,DMA::balanced_windows,step_change__position_0.75__shift_0.5,absolute_error_inflation,,0.1762804706911145,0.173950372627231,0.1785753077183992,joint_parent_percentile,,0.0011831807311672,4000,4000,0,fixed_equal_cell_weights__common_complete_all_declared_methods_conditions,,
43d0a7f75c8afab6d32ab6fd1f2ff8db49cca59e36971e2b74404173f4cbfcf2,stress,domain_aggregate,fGn,all_lengths,,,,DMA::long_windows,step_change__position_0.75__shift_0.5,absolute_error_inflation,,0.1570865287198742,0.1542566904982326,0.1599805401670447,joint_parent_percentile,,0.0014642145392562,4000,4000,0,fixed_equal_cell_weights__common_complete_all_declared_methods_conditions,,
43d0a7f75c8afab6d32ab6fd1f2ff8db49cca59e36971e2b74404173f4cbfcf2,stress,domain_aggregate,fGn,all_lengths,,,,DMA::short_windows,step_change__position_0.75__shift_0.5,absolute_error_inflation,,0.1797965355513344,0.177927394973876,0.1815691990997133,joint_parent_percentile,,0.0009276697644823,4000,4000,0,fixed_equal_cell_weights__common_complete_all_declared_methods_conditions,,
43d0a7f75c8afab6d32ab6fd1f2ff8db49cca59e36971e2b74404173f4cbfcf2,stress,domain_aggregate,fGn,all_lengths,,,,GHE,step_change__position_0.75__shift_0.5,absolute_error_inflation,,0.1133630153924209,0.1121421917317603,0.1145250735488202,joint_parent_percentile,,0.0006161182618366,4000,4000,0,fixed_equal_cell_weights__common_complete_all_declared_methods_conditions,,
43d0a7f75c8afab6d32ab6fd1f2ff8db49cca59e36971e2b74404173f4cbfcf2,stress,domain_aggregate,fGn,all_lengths,,,,GHE::centered,step_change__position_0.75__shift_0.5,absolute_error_inflation,,0.1238040098494471,0.1224629180566831,0.1251935788344126,joint_parent_percentile,,0.0007058213929205,4000,4000,0,fixed_equal_cell_weights__common_complete_all_declared_methods_conditions,,
43d0a7f75c8afab6d32ab6fd1f2ff8db49cca59e36971e2b74404173f4cbfcf2,stress,domain_aggregate,fGn,all_lengths,,,,GPH::narrow_band,step_change__position_0.75__shift_0.5,absolute_error_inflation,,0.1926980617265258,0.1895178955201644,0.1960550202108904,joint_parent_percentile,,0.0016951077850053,4000,4000,0,fixed_equal_cell_weights__common_complete_all_declared_methods_conditions,,
43d0a7f75c8afab6d32ab6fd1f2ff8db49cca59e36971e2b74404173f4cbfcf2,stress,domain_aggregate,fGn,all_lengths,,,,GPH::wider_band,step_change__position_0.75__shift_0.5,absolute_error_inflation,,0.1160974990459704,0.1137289454914086,0.118447224383017,joint_parent_percentile,,0.0012111126457702,4000,4000,0,fixed_equal_cell_weights__common_complete_all_declared_methods_conditions,,
43d0a7f75c8afab6d32ab6fd1f2ff8db49cca59e36971e2b74404173f4cbfcf2,stress,domain_aggregate,fGn,all_lengths,,,,Higuchi,step_change__position_0.75__shift_0.5,absolute_error_inflation,,0.1039258483076053,0.1028683349071927,0.10506964547104,joint_parent_percentile,,0.0005665006904371,4000,4000,0,fixed_equal_cell_weights__common_complete_all_declared_methods_conditions,,
43d0a7f75c8afab6d32ab6fd1f2ff8db49cca59e36971e2b74404173f4cbfcf2,stress,domain_aggregate,fGn,all_lengths,,,,Higuchi::centered,step_change__position_0.75__shift_0.5,absolute_error_inflation,,0.1082997653824945,0.1070766387568327,0.1095560501951235,joint_parent_percentile,,0.0006215459579647,4000,4000,0,fixed_equal_cell_weights__common_complete_all_declared_methods_conditions,,
43d0a7f75c8afab6d32ab6fd1f2ff8db49cca59e36971e2b74404173f4cbfcf2,stress,domain_aggregate,fGn,all_lengths,,,,ModifiedLocalWhittle,step_change__position_0.75__shift_0.5,absolute_error_inflation,,0.1417104923160491,0.139981552234853,0.1433387857589069,joint_parent_percentile,,0.0008522906698949,4000,4000,0,fixed_equal_cell_weights__common_complete_all_declared_methods_conditions,,
43d0a7f75c8afab6d32ab6fd1f2ff8db49cca59e36971e2b74404173f4cbfcf2,stress,domain_aggregate,fGn,all_lengths,,,,RS,step_change__position_0.75__shift_0.5,absolute_error_inflation,,0.0460886968294427,0.045343479230828,0.0468384689500235,joint_parent_percentile,,0.0003771938458151,4000,4000,0,fixed_equal_cell_weights__common_complete_all_declared_methods_conditions,,
43d0a7f75c8afab6d32ab6fd1f2ff8db49cca59e36971e2b74404173f4cbfcf2,stress,domain_aggregate,fGn,all_lengths,,,,Variance,step_change__position_0.75__shift_0.5,absolute_error_inflation,,0.085217495204884,0.0806456608442823,0.0895590023269039,joint_parent_percentile,,0.002356019629512,4000,4000,0,fixed_equal_cell_weights__common_complete_all_declared_methods_conditions,,
43d0a7f75c8afab6d32ab6fd1f2ff8db49cca59e36971e2b74404173f4cbfcf2,stress,domain_aggregate,fGn,all_lengths,,,,VarianceResidual,step_change__position_0.75__shift_0.5,absolute_error_inflation,,0.0167228204091996,0.015889877423321,0.0175466519388098,joint_parent_percentile,,0.0004307210248061,4000,4000,0,fixed_equal_cell_weights__common_complete_all_declared_methods_conditions,,
43d0a7f75c8afab6d32ab6fd1f2ff8db49cca59e36971e2b74404173f4cbfcf2,stress,domain_aggregate,fGn,all_lengths,,,,WaveletOLS::broad_band,step_change__position_0.75__shift_0.5,absolute_error_inflation,,0.0070411966659176,0.0060559201487958,0.0080666650684001,joint_parent_percentile,,0.0005100114427385,4000,4000,0,fixed_equal_cell_weights__common_complete_all_declared_methods_conditions,,
43d0a7f75c8afab6d32ab6fd1f2ff8db49cca59e36971e2b74404173f4cbfcf2,stress,domain_aggregate,fGn,all_lengths,,,,WaveletOLS::conservative_band,step_change__position_0.75__shift_0.5,absolute_error_inflation,,-0.0006202833601136,-0.0013527762138054,9.796013899450852e-05,joint_parent_percentile,,0.0003775290765689,4000,4000,0,fixed_equal_cell_weights__common_complete_all_declared_methods_conditions,,
43d0a7f75c8afab6d32ab6fd1f2ff8db49cca59e36971e2b74404173f4cbfcf2,stress,domain_aggregate,fGn,all_lengths,,,,WaveletOLS::upper_band,step_change__position_0.75__shift_0.5,absolute_error_inflation,,0.0008425992020886,0.0001635787715072,0.0014624074530747,joint_parent_percentile,,0.0003302900833566,4000,4000,0,fixed_equal_cell_weights__common_complete_all_declared_methods_conditions,,
43d0a7f75c8afab6d32ab6fd1f2ff8db49cca59e36971e2b74404173f4cbfcf2,stress,domain_aggregate,fGn,all_lengths,,,,WhittleMLE,step_change__position_0.75__shift_0.5,absolute_error_inflation,,0.1421500559330927,0.1404127086042828,0.1437914896398137,joint_parent_percentile,,0.0008574484798137,4000,4000,0,fixed_equal_cell_weights__common_complete_all_declared_methods_conditions,,
43d0a7f75c8afab6d32ab6fd1f2ff8db49cca59e36971e2b74404173f4cbfcf2,stress,domain_aggregate,fGn,all_lengths,,,,AbsoluteMoment,step_change__position_0.75__shift_1,absolute_error_inflation,,0.085904833012254,0.0805268426410736,0.0910000082770864,joint_parent_percentile,,0.0027086641675799,4000,4000,0,fixed_equal_cell_weights__common_complete_all_declared_methods_conditions,,
43d0a7f75c8afab6d32ab6fd1f2ff8db49cca59e36971e2b74404173f4cbfcf2,stress,domain_aggregate,fGn,all_lengths,,,,DFA::balanced_scales,step_change__position_0.75__shift_1,absolute_error_inflation,,0.0975451655369659,0.0960382662008193,0.0990902647172512,joint_parent_percentile,,0.0007921241093354,4000,4000,0,fixed_equal_cell_weights__common_complete_all_declared_methods_conditions,,
43d0a7f75c8afab6d32ab6fd1f2ff8db49cca59e36971e2b74404173f4cbfcf2,stress,domain_aggregate,fGn,all_lengths,,,,DFA::long_scales,step_change__position_0.75__shift_1,absolute_error_inflation,,0.1268537470351089,0.1249649655473564,0.1286431441262177,joint_parent_percentile,,0.0009465414276719,4000,4000,0,fixed_equal_cell_weights__common_complete_all_declared_methods_conditions,,
43d0a7f75c8afab6d32ab6fd1f2ff8db49cca59e36971e2b74404173f4cbfcf2,stress,domain_aggregate,fGn,all_lengths,,,,DFA::short_scales,step_change__position_0.75__shift_1,absolute_error_inflation,,0.0178608968497848,0.0172286622848606,0.0184910689233999,joint_parent_percentile,,0.0003165914970925,4000,4000,0,fixed_equal_cell_weights__common_complete_all_declared_methods_conditions,,
43d0a7f75c8afab6d32ab6fd1f2ff8db49cca59e36971e2b74404173f4cbfcf2,stress,domain_aggregate,fGn,all_lengths,,,,DMA::balanced_windows,step_change__position_0.75__shift_1,absolute_error_inflation,,0.2239696424543253,0.22136958265206,0.2266089364755615,joint_parent_percentile,,0.0013491088992834,4000,4000,0,fixed_equal_cell_weights__common_complete_all_declared_methods_conditions,,
43d0a7f75c8afab6d32ab6fd1f2ff8db49cca59e36971e2b74404173f4cbfcf2,stress,domain_aggregate,fGn,all_lengths,,,,DMA::long_windows,step_change__position_0.75__shift_1,absolute_error_inflation,,0.1802445652157718,0.1770289662571038,0.1835207252967863,joint_parent_percentile,,0.0016624680220728,4000,4000,0,fixed_equal_cell_weights__common_complete_all_declared_methods_conditions,,
43d0a7f75c8afab6d32ab6fd1f2ff8db49cca59e36971e2b74404173f4cbfcf2,stress,domain_aggregate,fGn,all_lengths,,,,DMA::short_windows,step_change__position_0.75__shift_1,absolute_error_inflation,,0.2557304296942417,0.2537303258846098,0.2578205814800263,joint_parent_percentile,,0.001039687562764,4000,4000,0,fixed_equal_cell_weights__common_complete_all_declared_methods_conditions,,
43d0a7f75c8afab6d32ab6fd1f2ff8db49cca59e36971e2b74404173f4cbfcf2,stress,domain_aggregate,fGn,all_lengths,,,,GHE,step_change__position_0.75__shift_1,absolute_error_inflation,,0.1717746976460547,0.1704412276414404,0.1730672123713374,joint_parent_percentile,,0.0006705204873189,4000,4000,0,fixed_equal_cell_weights__common_complete_all_declared_methods_conditions,,
43d0a7f75c8afab6d32ab6fd1f2ff8db49cca59e36971e2b74404173f4cbfcf2,stress,domain_aggregate,fGn,all_lengths,,,,GHE::centered,step_change__position_0.75__shift_1,absolute_error_inflation,,0.197038676005562,0.1954349153365395,0.1986086567172403,joint_parent_percentile,,0.0008104660569107,4000,4000,0,fixed_equal_cell_weights__common_complete_all_declared_methods_conditions,,
43d0a7f75c8afab6d32ab6fd1f2ff8db49cca59e36971e2b74404173f4cbfcf2,stress,domain_aggregate,fGn,all_lengths,,,,GPH::narrow_band,step_change__position_0.75__shift_1,absolute_error_inflation,,0.3283549376964439,0.324552624337718,0.3321387302998845,joint_parent_percentile,,0.0019017299354009,4000,4000,0,fixed_equal_cell_weights__common_complete_all_declared_methods_conditions,,
43d0a7f75c8afab6d32ab6fd1f2ff8db49cca59e36971e2b74404173f4cbfcf2,stress,domain_aggregate,fGn,all_lengths,,,,GPH::wider_band,step_change__position_0.75__shift_1,absolute_error_inflation,,0.2177252080824964,0.2150990640769632,0.2201831538944823,joint_parent_percentile,,0.0013123083781245,4000,4000,0,fixed_equal_cell_weights__common_complete_all_declared_methods_conditions,,
43d0a7f75c8afab6d32ab6fd1f2ff8db49cca59e36971e2b74404173f4cbfcf2,stress,domain_aggregate,fGn,all_lengths,,,,Higuchi,step_change__position_0.75__shift_1,absolute_error_inflation,,0.1696923440283452,0.1684841122141272,0.1708708921030635,joint_parent_percentile,,0.0006159319633696,4000,4000,0,fixed_equal_cell_weights__common_complete_all_declared_methods_conditions,,
43d0a7f75c8afab6d32ab6fd1f2ff8db49cca59e36971e2b74404173f4cbfcf2,stress,domain_aggregate,fGn,all_lengths,,,,Higuchi::centered,step_change__position_0.75__shift_1,absolute_error_inflation,,0.1952373215540407,0.1938074608263596,0.1966106826590515,joint_parent_percentile,,0.0007229155515386,4000,4000,0,fixed_equal_cell_weights__common_complete_all_declared_methods_conditions,,
43d0a7f75c8afab6d32ab6fd1f2ff8db49cca59e36971e2b74404173f4cbfcf2,stress,domain_aggregate,fGn,all_lengths,,,,ModifiedLocalWhittle,step_change__position_0.75__shift_1,absolute_error_inflation,,0.2431786648295356,0.2413016775124566,0.2450965332222059,joint_parent_percentile,,0.0009690567002177,4000,4000,0,fixed_equal_cell_weights__common_complete_all_declared_methods_conditions,,
43d0a7f75c8afab6d32ab6fd1f2ff8db49cca59e36971e2b74404173f4cbfcf2,stress,domain_aggregate,fGn,all_lengths,,,,RS,step_change__position_0.75__shift_1,absolute_error_inflation,,0.0888624325492744,0.0879101675330299,0.0897970366690716,joint_parent_percentile,,0.0004833613229723,4000,4000,0,fixed_equal_cell_weights__common_complete_all_declared_methods_conditions,,
43d0a7f75c8afab6d32ab6fd1f2ff8db49cca59e36971e2b74404173f4cbfcf2,stress,domain_aggregate,fGn,all_lengths,,,,Variance,step_change__position_0.75__shift_1,absolute_error_inflation,,0.108668441087879,0.103485541122136,0.1137621530338002,joint_parent_percentile,,0.0026447910139389,4000,4000,0,fixed_equal_cell_weights__common_complete_all_declared_methods_conditions,,
43d0a7f75c8afab6d32ab6fd1f2ff8db49cca59e36971e2b74404173f4cbfcf2,stress,domain_aggregate,fGn,all_lengths,,,,VarianceResidual,step_change__position_0.75__shift_1,absolute_error_inflation,,0.064595988573892,0.0633280206547605,0.0658608294231768,joint_parent_percentile,,0.0006361745310542,4000,4000,0,fixed_equal_cell_weights__common_complete_all_declared_methods_conditions,,
43d0a7f75c8afab6d32ab6fd1f2ff8db49cca59e36971e2b74404173f4cbfcf2,stress,domain_aggregate,fGn,all_lengths,,,,WaveletOLS::broad_band,step_change__position_0.75__shift_1,absolute_error_inflation,,0.0338537407886549,0.0323986251378383,0.0354247003567782,joint_parent_percentile,,0.0007747716848668,4000,4000,0,fixed_equal_cell_weights__common_complete_all_declared_methods_conditions,,
43d0a7f75c8afab6d32ab6fd1f2ff8db49cca59e36971e2b74404173f4cbfcf2,stress,domain_aggregate,fGn,all_lengths,,,,WaveletOLS::conservative_band,step_change__position_0.75__shift_1,absolute_error_inflation,,0.0004102967687105,-0.0010121544796142,0.0018500927739132,joint_parent_percentile,,0.000746716513013,4000,4000,0,fixed_equal_cell_weights__common_complete_all_declared_methods_conditions,,
43d0a7f75c8afab6d32ab6fd1f2ff8db49cca59e36971e2b74404173f4cbfcf2,stress,domain_aggregate,fGn,all_lengths,,,,WaveletOLS::upper_band,step_change__position_0.75__shift_1,absolute_error_inflation,,0.0098251051169572,0.0086433893826447,0.0110768393633019,joint_parent_percentile,,0.0006168278857033,4000,4000,0,fixed_equal_cell_weights__common_complete_all_declared_methods_conditions,,
43d0a7f75c8afab6d32ab6fd1f2ff8db49cca59e36971e2b74404173f4cbfcf2,stress,domain_aggregate,fGn,all_lengths,,,,WhittleMLE,step_change__position_0.75__shift_1,absolute_error_inflation,,0.2441444046272333,0.2422573145903637,0.2460766329343878,joint_parent_percentile,,0.0009721607784012,4000,4000,0,fixed_equal_cell_weights__common_complete_all_declared_methods_conditions,,
43d0a7f75c8afab6d32ab6fd1f2ff8db49cca59e36971e2b74404173f4cbfcf2,stress,domain_aggregate,fGn,all_lengths,,,,AbsoluteMoment,step_change__position_0.75__shift_2,absolute_error_inflation,,0.1083327270499406,0.1022825574292243,0.113987674949308,joint_parent_percentile,,0.0030201526505855,4000,4000,0,fixed_equal_cell_weights__common_complete_all_declared_methods_conditions,,
43d0a7f75c8afab6d32ab6fd1f2ff8db49cca59e36971e2b74404173f4cbfcf2,stress,domain_aggregate,fGn,all_lengths,,,,DFA::balanced_scales,step_change__position_0.75__shift_2,absolute_error_inflation,,0.2249478517252083,0.223013996366152,0.2269139594443666,joint_parent_percentile,,0.0010004885824739,4000,4000,0,fixed_equal_cell_weights__common_complete_all_declared_methods_conditions,,
43d0a7f75c8afab6d32ab6fd1f2ff8db49cca59e36971e2b74404173f4cbfcf2,stress,domain_aggregate,fGn,all_lengths,,,,DFA::long_scales,step_change__position_0.75__shift_2,absolute_error_inflation,,0.2466113596398736,0.2443312732945221,0.2487809372654665,joint_parent_percentile,,0.0011454703712576,4000,4000,0,fixed_equal_cell_weights__common_complete_all_declared_methods_conditions,,
43d0a7f75c8afab6d32ab6fd1f2ff8db49cca59e36971e2b74404173f4cbfcf2,stress,domain_aggregate,fGn,all_lengths,,,,DFA::short_scales,step_change__position_0.75__shift_2,absolute_error_inflation,,0.061228946529982,0.0602033206450344,0.0622997419255868,joint_parent_percentile,,0.0005307852645439,4000,4000,0,fixed_equal_cell_weights__common_complete_all_declared_methods_conditions,,
43d0a7f75c8afab6d32ab6fd1f2ff8db49cca59e36971e2b74404173f4cbfcf2,stress,domain_aggregate,fGn,all_lengths,,,,DMA::balanced_windows,step_change__position_0.75__shift_2,absolute_error_inflation,,0.263916362404597,0.2615959423739426,0.2662665650185603,joint_parent_percentile,,0.0012042317817023,4000,4000,0,fixed_equal_cell_weights__common_complete_all_declared_methods_conditions,,
43d0a7f75c8afab6d32ab6fd1f2ff8db49cca59e36971e2b74404173f4cbfcf2,stress,domain_aggregate,fGn,all_lengths,,,,DMA::long_windows,step_change__position_0.75__shift_2,absolute_error_inflation,,0.1969231285673757,0.1940322253841283,0.1998986416136104,joint_parent_percentile,,0.0015054532928053,4000,4000,0,fixed_equal_cell_weights__common_complete_all_declared_methods_conditions,,
43d0a7f75c8afab6d32ab6fd1f2ff8db49cca59e36971e2b74404173f4cbfcf2,stress,domain_aggregate,fGn,all_lengths,,,,DMA::short_windows,step_change__position_0.75__shift_2,absolute_error_inflation,,0.3189824468138552,0.317210990076565,0.3206994354822598,joint_parent_percentile,,0.000891145248511,4000,4000,0,fixed_equal_cell_weights__common_complete_all_declared_methods_conditions,,
43d0a7f75c8afab6d32ab6fd1f2ff8db49cca59e36971e2b74404173f4cbfcf2,stress,domain_aggregate,fGn,all_lengths,,,,GHE,step_change__position_0.75__shift_2,absolute_error_inflation,,0.2276250884675161,0.2263851058615965,0.2288167417757878,joint_parent_percentile,,0.0006376305044986,4000,4000,0,fixed_equal_cell_weights__common_complete_all_declared_methods_conditions,,
43d0a7f75c8afab6d32ab6fd1f2ff8db49cca59e36971e2b74404173f4cbfcf2,stress,domain_aggregate,fGn,all_lengths,,,,GHE::centered,step_change__position_0.75__shift_2,absolute_error_inflation,,0.2726584248348183,0.2712917548147144,0.2740348607510608,joint_parent_percentile,,0.0007146970954382,4000,4000,0,fixed_equal_cell_weights__common_complete_all_declared_methods_conditions,,
43d0a7f75c8afab6d32ab6fd1f2ff8db49cca59e36971e2b74404173f4cbfcf2,stress,domain_aggregate,fGn,all_lengths,,,,GPH::narrow_band,step_change__position_0.75__shift_2,absolute_error_inflation,,0.501692649875824,0.4978565405051304,0.5055371383611053,joint_parent_percentile,,0.001906070242355,4000,4000,0,fixed_equal_cell_weights__common_complete_all_declared_methods_conditions,,
43d0a7f75c8afab6d32ab6fd1f2ff8db49cca59e36971e2b74404173f4cbfcf2,stress,domain_aggregate,fGn,all_lengths,,,,GPH::wider_band,step_change__position_0.75__shift_2,absolute_error_inflation,,0.3683837723946543,0.3656203679700469,0.3710202672839929,joint_parent_percentile,,0.0013690898523824,4000,4000,0,fixed_equal_cell_weights__common_complete_all_declared_methods_conditions,,
43d0a7f75c8afab6d32ab6fd1f2ff8db49cca59e36971e2b74404173f4cbfcf2,stress,domain_aggregate,fGn,all_lengths,,,,Higuchi,step_change__position_0.75__shift_2,absolute_error_inflation,,0.2328777646539861,0.231779142427853,0.2340032836260467,joint_parent_percentile,,0.000578580566055,4000,4000,0,fixed_equal_cell_weights__common_complete_all_declared_methods_conditions,,
43d0a7f75c8afab6d32ab6fd1f2ff8db49cca59e36971e2b74404173f4cbfcf2,stress,domain_aggregate,fGn,all_lengths,,,,Higuchi::centered,step_change__position_0.75__shift_2,absolute_error_inflation,,0.2835164304962416,0.2823039714724694,0.284787265339723,joint_parent_percentile,,0.0006394197061124,4000,4000,0,fixed_equal_cell_weights__common_complete_all_declared_methods_conditions,,
43d0a7f75c8afab6d32ab6fd1f2ff8db49cca59e36971e2b74404173f4cbfcf2,stress,domain_aggregate,fGn,all_lengths,,,,ModifiedLocalWhittle,step_change__position_0.75__shift_2,absolute_error_inflation,,0.3359509206825104,0.3344350806244843,0.3375057211565143,joint_parent_percentile,,0.0007866381045335,4000,4000,0,fixed_equal_cell_weights__common_complete_all_declared_methods_conditions,,
43d0a7f75c8afab6d32ab6fd1f2ff8db49cca59e36971e2b74404173f4cbfcf2,stress,domain_aggregate,fGn,all_lengths,,,,RS,step_change__position_0.75__shift_2,absolute_error_inflation,,0.1447271132682354,0.143649928250502,0.1458651089922683,joint_parent_percentile,,0.0005632768149018,4000,4000,0,fixed_equal_cell_weights__common_complete_all_declared_methods_conditions,,
43d0a7f75c8afab6d32ab6fd1f2ff8db49cca59e36971e2b74404173f4cbfcf2,stress,domain_aggregate,fGn,all_lengths,,,,Variance,step_change__position_0.75__shift_2,absolute_error_inflation,,0.1384158837273188,0.1324635485653447,0.1438741351118062,joint_parent_percentile,,0.0029282333368316,4000,4000,0,fixed_equal_cell_weights__common_complete_all_declared_methods_conditions,,
43d0a7f75c8afab6d32ab6fd1f2ff8db49cca59e36971e2b74404173f4cbfcf2,stress,domain_aggregate,fGn,all_lengths,,,,VarianceResidual,step_change__position_0.75__shift_2,absolute_error_inflation,,0.1670359085021925,0.165340181739627,0.1687088819252508,joint_parent_percentile,,0.0008606988816062,4000,4000,0,fixed_equal_cell_weights__common_complete_all_declared_methods_conditions,,
43d0a7f75c8afab6d32ab6fd1f2ff8db49cca59e36971e2b74404173f4cbfcf2,stress,domain_aggregate,fGn,all_lengths,,,,WaveletOLS::broad_band,step_change__position_0.75__shift_2,absolute_error_inflation,,0.1038181190099613,0.1018101223672714,0.1059944663829009,joint_parent_percentile,,0.0010723543297823,4000,4000,0,fixed_equal_cell_weights__common_complete_all_declared_methods_conditions,,
43d0a7f75c8afab6d32ab6fd1f2ff8db49cca59e36971e2b74404173f4cbfcf2,stress,domain_aggregate,fGn,all_lengths,,,,WaveletOLS::conservative_band,step_change__position_0.75__shift_2,absolute_error_inflation,,0.0200940232956641,0.017825234709575,0.0224894002545896,joint_parent_percentile,,0.0012062951380759,4000,4000,0,fixed_equal_cell_weights__common_complete_all_declared_methods_conditions,,
43d0a7f75c8afab6d32ab6fd1f2ff8db49cca59e36971e2b74404173f4cbfcf2,stress,domain_aggregate,fGn,all_lengths,,,,WaveletOLS::upper_band,step_change__position_0.75__shift_2,absolute_error_inflation,,0.0541790128197731,0.0523919481636411,0.0559546006873339,joint_parent_percentile,,0.0009156718975248,4000,4000,0,fixed_equal_cell_weights__common_complete_all_declared_methods_conditions,,
43d0a7f75c8afab6d32ab6fd1f2ff8db49cca59e36971e2b74404173f4cbfcf2,stress,domain_aggregate,fGn,all_lengths,,,,WhittleMLE,step_change__position_0.75__shift_2,absolute_error_inflation,,0.3362455151998009,0.3347051572401229,0.3377647756973999,joint_parent_percentile,,0.0007849173619163,4000,4000,0,fixed_equal_cell_weights__common_complete_all_declared_methods_conditions,,
