run_identity_sha256,scope,cell,domain,interval_role,parameter,n,H_target,method,condition,metric,contrast,value,ci_low,ci_high,interval_method,mcse,bootstrap_se,parents_attempted,parents_used,parents_excluded,support,successes,denominator
43d0a7f75c8afab6d32ab6fd1f2ff8db49cca59e36971e2b74404173f4cbfcf2,stress,domain_aggregate,ARFIMA,all_lengths,,,,AbsoluteMoment,constant_offset__shift_1,absolute_error_inflation,,-4.163336342344337e-17,-5.551115123125783e-17,2.775557561562892e-17,joint_parent_percentile,,1.9730032941922858e-17,1000,1000,0,fixed_equal_cell_weights__common_complete_all_declared_methods_conditions,,
43d0a7f75c8afab6d32ab6fd1f2ff8db49cca59e36971e2b74404173f4cbfcf2,stress,domain_aggregate,ARFIMA,all_lengths,,,,DFA::balanced_scales,constant_offset__shift_1,absolute_error_inflation,,3.4694469519536136e-17,-1.0408340855860844e-17,2.4286128663675302e-17,joint_parent_percentile,,8.987956715642557e-18,1000,1000,0,fixed_equal_cell_weights__common_complete_all_declared_methods_conditions,,
43d0a7f75c8afab6d32ab6fd1f2ff8db49cca59e36971e2b74404173f4cbfcf2,stress,domain_aggregate,ARFIMA,all_lengths,,,,DFA::long_scales,constant_offset__shift_1,absolute_error_inflation,,1.3877787807814457e-17,-1.3877787807814457e-17,2.0816681711721685e-17,joint_parent_percentile,,9.071841660277266e-18,1000,1000,0,fixed_equal_cell_weights__common_complete_all_declared_methods_conditions,,
43d0a7f75c8afab6d32ab6fd1f2ff8db49cca59e36971e2b74404173f4cbfcf2,stress,domain_aggregate,ARFIMA,all_lengths,,,,DFA::short_scales,constant_offset__shift_1,absolute_error_inflation,,-3.4694469519536136e-17,-2.0816681711721685e-17,6.938893903907228e-18,joint_parent_percentile,,7.042127672913399e-18,1000,1000,0,fixed_equal_cell_weights__common_complete_all_declared_methods_conditions,,
43d0a7f75c8afab6d32ab6fd1f2ff8db49cca59e36971e2b74404173f4cbfcf2,stress,domain_aggregate,ARFIMA,all_lengths,,,,DMA::balanced_windows,constant_offset__shift_1,absolute_error_inflation,,-3.4694469519536136e-17,-2.775557561562892e-17,2.0816681711721685e-17,joint_parent_percentile,,1.2682016334191465e-17,1000,1000,0,fixed_equal_cell_weights__common_complete_all_declared_methods_conditions,,
43d0a7f75c8afab6d32ab6fd1f2ff8db49cca59e36971e2b74404173f4cbfcf2,stress,domain_aggregate,ARFIMA,all_lengths,,,,DMA::long_windows,constant_offset__shift_1,absolute_error_inflation,,0.0,-2.775557561562892e-17,2.775557561562892e-17,joint_parent_percentile,,1.4216335165732065e-17,1000,1000,0,fixed_equal_cell_weights__common_complete_all_declared_methods_conditions,,
43d0a7f75c8afab6d32ab6fd1f2ff8db49cca59e36971e2b74404173f4cbfcf2,stress,domain_aggregate,ARFIMA,all_lengths,,,,DMA::short_windows,constant_offset__shift_1,absolute_error_inflation,,3.4694469519536136e-17,-1.7347234759768068e-17,1.7347234759768068e-17,joint_parent_percentile,,9.172724000857233e-18,1000,1000,0,fixed_equal_cell_weights__common_complete_all_declared_methods_conditions,,
43d0a7f75c8afab6d32ab6fd1f2ff8db49cca59e36971e2b74404173f4cbfcf2,stress,domain_aggregate,ARFIMA,all_lengths,,,,GHE,constant_offset__shift_1,absolute_error_inflation,,0.1650727399169209,0.1620770419169016,0.1679268374126125,joint_parent_percentile,,0.0014648418043299,1000,1000,0,fixed_equal_cell_weights__common_complete_all_declared_methods_conditions,,
43d0a7f75c8afab6d32ab6fd1f2ff8db49cca59e36971e2b74404173f4cbfcf2,stress,domain_aggregate,ARFIMA,all_lengths,,,,GHE::centered,constant_offset__shift_1,absolute_error_inflation,,0.0,-2.0816681711721685e-17,2.0816681711721685e-17,joint_parent_percentile,,9.508392127981082e-18,1000,1000,0,fixed_equal_cell_weights__common_complete_all_declared_methods_conditions,,
43d0a7f75c8afab6d32ab6fd1f2ff8db49cca59e36971e2b74404173f4cbfcf2,stress,domain_aggregate,ARFIMA,all_lengths,,,,GPH::narrow_band,constant_offset__shift_1,absolute_error_inflation,,6.938893903907228e-18,-2.775557561562892e-17,1.3877787807814457e-17,joint_parent_percentile,,1.0572970834825038e-17,1000,1000,0,fixed_equal_cell_weights__common_complete_all_declared_methods_conditions,,
43d0a7f75c8afab6d32ab6fd1f2ff8db49cca59e36971e2b74404173f4cbfcf2,stress,domain_aggregate,ARFIMA,all_lengths,,,,GPH::wider_band,constant_offset__shift_1,absolute_error_inflation,,0.0,-1.3877787807814457e-17,1.3877787807814457e-17,joint_parent_percentile,,8.196035308693569e-18,1000,1000,0,fixed_equal_cell_weights__common_complete_all_declared_methods_conditions,,
43d0a7f75c8afab6d32ab6fd1f2ff8db49cca59e36971e2b74404173f4cbfcf2,stress,domain_aggregate,ARFIMA,all_lengths,,,,Higuchi,constant_offset__shift_1,absolute_error_inflation,,0.1677573417138688,0.1649434132360578,0.1702630333524195,joint_parent_percentile,,0.0013602266321472,1000,1000,0,fixed_equal_cell_weights__common_complete_all_declared_methods_conditions,,
43d0a7f75c8afab6d32ab6fd1f2ff8db49cca59e36971e2b74404173f4cbfcf2,stress,domain_aggregate,ARFIMA,all_lengths,,,,Higuchi::centered,constant_offset__shift_1,absolute_error_inflation,,-1.3877787807814457e-17,-6.938893903907228e-18,2.4286128663675302e-17,joint_parent_percentile,,8.418949647536406e-18,1000,1000,0,fixed_equal_cell_weights__common_complete_all_declared_methods_conditions,,
43d0a7f75c8afab6d32ab6fd1f2ff8db49cca59e36971e2b74404173f4cbfcf2,stress,domain_aggregate,ARFIMA,all_lengths,,,,ModifiedLocalWhittle,constant_offset__shift_1,absolute_error_inflation,,1.3700846013264822e-14,-5.65377605843409e-14,9.702585956894437e-14,joint_parent_percentile,,3.8889920719659566e-14,1000,1000,0,fixed_equal_cell_weights__common_complete_all_declared_methods_conditions,,
43d0a7f75c8afab6d32ab6fd1f2ff8db49cca59e36971e2b74404173f4cbfcf2,stress,domain_aggregate,ARFIMA,all_lengths,,,,RS,constant_offset__shift_1,absolute_error_inflation,,1.3877787807814457e-17,-1.3877787807814457e-17,1.0408340855860844e-17,joint_parent_percentile,,6.605486535570509e-18,1000,1000,0,fixed_equal_cell_weights__common_complete_all_declared_methods_conditions,,
43d0a7f75c8afab6d32ab6fd1f2ff8db49cca59e36971e2b74404173f4cbfcf2,stress,domain_aggregate,ARFIMA,all_lengths,,,,Variance,constant_offset__shift_1,absolute_error_inflation,,-1.3877787807814457e-17,-3.4694469519536136e-17,3.4694469519536136e-17,joint_parent_percentile,,1.6814008905143177e-17,1000,1000,0,fixed_equal_cell_weights__common_complete_all_declared_methods_conditions,,
43d0a7f75c8afab6d32ab6fd1f2ff8db49cca59e36971e2b74404173f4cbfcf2,stress,domain_aggregate,ARFIMA,all_lengths,,,,VarianceResidual,constant_offset__shift_1,absolute_error_inflation,,-1.7347234759768068e-17,-2.0816681711721685e-17,1.3877787807814457e-17,joint_parent_percentile,,7.94970171452777e-18,1000,1000,0,fixed_equal_cell_weights__common_complete_all_declared_methods_conditions,,
43d0a7f75c8afab6d32ab6fd1f2ff8db49cca59e36971e2b74404173f4cbfcf2,stress,domain_aggregate,ARFIMA,all_lengths,,,,WaveletOLS::broad_band,constant_offset__shift_1,absolute_error_inflation,,1.3877787807814457e-17,-2.0816681711721685e-17,6.938893903907228e-18,joint_parent_percentile,,6.982157067712898e-18,1000,1000,0,fixed_equal_cell_weights__common_complete_all_declared_methods_conditions,,
43d0a7f75c8afab6d32ab6fd1f2ff8db49cca59e36971e2b74404173f4cbfcf2,stress,domain_aggregate,ARFIMA,all_lengths,,,,WaveletOLS::conservative_band,constant_offset__shift_1,absolute_error_inflation,,4.163336342344337e-17,-2.775557561562892e-17,2.0816681711721685e-17,joint_parent_percentile,,1.3526762623906692e-17,1000,1000,0,fixed_equal_cell_weights__common_complete_all_declared_methods_conditions,,
43d0a7f75c8afab6d32ab6fd1f2ff8db49cca59e36971e2b74404173f4cbfcf2,stress,domain_aggregate,ARFIMA,all_lengths,,,,WaveletOLS::upper_band,constant_offset__shift_1,absolute_error_inflation,,-1.0408340855860844e-17,-2.0816681711721685e-17,6.938893903907228e-18,joint_parent_percentile,,7.351198907901061e-18,1000,1000,0,fixed_equal_cell_weights__common_complete_all_declared_methods_conditions,,
43d0a7f75c8afab6d32ab6fd1f2ff8db49cca59e36971e2b74404173f4cbfcf2,stress,domain_aggregate,ARFIMA,all_lengths,,,,WhittleMLE,constant_offset__shift_1,absolute_error_inflation,,1.7787854522666183e-14,-1.3743867155469046e-14,5.11800671287865e-14,joint_parent_percentile,,1.6434344831569664e-14,1000,1000,0,fixed_equal_cell_weights__common_complete_all_declared_methods_conditions,,
43d0a7f75c8afab6d32ab6fd1f2ff8db49cca59e36971e2b74404173f4cbfcf2,stress,domain_aggregate,ARFIMA,all_lengths,,,,AbsoluteMoment,heavy_tail_noise__df_3__scale_0.5,absolute_error_inflation,,0.0117242500290231,0.005532164088102,0.0184090952704431,joint_parent_percentile,,0.0031596143797335,1000,1000,0,fixed_equal_cell_weights__common_complete_all_declared_methods_conditions,,
43d0a7f75c8afab6d32ab6fd1f2ff8db49cca59e36971e2b74404173f4cbfcf2,stress,domain_aggregate,ARFIMA,all_lengths,,,,DFA::balanced_scales,heavy_tail_noise__df_3__scale_0.5,absolute_error_inflation,,0.0075630563144912,0.0053770841396752,0.0096159959274882,joint_parent_percentile,,0.0010627384097734,1000,1000,0,fixed_equal_cell_weights__common_complete_all_declared_methods_conditions,,
43d0a7f75c8afab6d32ab6fd1f2ff8db49cca59e36971e2b74404173f4cbfcf2,stress,domain_aggregate,ARFIMA,all_lengths,,,,DFA::long_scales,heavy_tail_noise__df_3__scale_0.5,absolute_error_inflation,,0.0060805251421714,0.0039117270175324,0.0080902339357683,joint_parent_percentile,,0.0010758786469214,1000,1000,0,fixed_equal_cell_weights__common_complete_all_declared_methods_conditions,,
43d0a7f75c8afab6d32ab6fd1f2ff8db49cca59e36971e2b74404173f4cbfcf2,stress,domain_aggregate,ARFIMA,all_lengths,,,,DFA::short_scales,heavy_tail_noise__df_3__scale_0.5,absolute_error_inflation,,0.0129070707187773,0.0109432580566367,0.014759117767404,joint_parent_percentile,,0.0009790553737712,1000,1000,0,fixed_equal_cell_weights__common_complete_all_declared_methods_conditions,,
43d0a7f75c8afab6d32ab6fd1f2ff8db49cca59e36971e2b74404173f4cbfcf2,stress,domain_aggregate,ARFIMA,all_lengths,,,,DMA::balanced_windows,heavy_tail_noise__df_3__scale_0.5,absolute_error_inflation,,0.0092390952698165,0.0075113997146444,0.011032972052607,joint_parent_percentile,,0.0009027464374351,1000,1000,0,fixed_equal_cell_weights__common_complete_all_declared_methods_conditions,,
43d0a7f75c8afab6d32ab6fd1f2ff8db49cca59e36971e2b74404173f4cbfcf2,stress,domain_aggregate,ARFIMA,all_lengths,,,,DMA::long_windows,heavy_tail_noise__df_3__scale_0.5,absolute_error_inflation,,0.0087024542836956,0.0065505445660717,0.0108480794664089,joint_parent_percentile,,0.0011006640945003,1000,1000,0,fixed_equal_cell_weights__common_complete_all_declared_methods_conditions,,
43d0a7f75c8afab6d32ab6fd1f2ff8db49cca59e36971e2b74404173f4cbfcf2,stress,domain_aggregate,ARFIMA,all_lengths,,,,DMA::short_windows,heavy_tail_noise__df_3__scale_0.5,absolute_error_inflation,,0.0066710568031161,0.0050932315987681,0.0082015975500452,joint_parent_percentile,,0.0007957796011582,1000,1000,0,fixed_equal_cell_weights__common_complete_all_declared_methods_conditions,,
43d0a7f75c8afab6d32ab6fd1f2ff8db49cca59e36971e2b74404173f4cbfcf2,stress,domain_aggregate,ARFIMA,all_lengths,,,,GHE,heavy_tail_noise__df_3__scale_0.5,absolute_error_inflation,,0.0068994969880785,0.0055577343013626,0.0081557021865828,joint_parent_percentile,,0.000663346588306,1000,1000,0,fixed_equal_cell_weights__common_complete_all_declared_methods_conditions,,
43d0a7f75c8afab6d32ab6fd1f2ff8db49cca59e36971e2b74404173f4cbfcf2,stress,domain_aggregate,ARFIMA,all_lengths,,,,GHE::centered,heavy_tail_noise__df_3__scale_0.5,absolute_error_inflation,,0.0139883461725736,0.0127912899494038,0.0151907802161298,joint_parent_percentile,,0.0006054371652809,1000,1000,0,fixed_equal_cell_weights__common_complete_all_declared_methods_conditions,,
43d0a7f75c8afab6d32ab6fd1f2ff8db49cca59e36971e2b74404173f4cbfcf2,stress,domain_aggregate,ARFIMA,all_lengths,,,,GPH::narrow_band,heavy_tail_noise__df_3__scale_0.5,absolute_error_inflation,,0.0010248209257884,-0.0032427604499558,0.0051538023255317,joint_parent_percentile,,0.0021766106746347,1000,1000,0,fixed_equal_cell_weights__common_complete_all_declared_methods_conditions,,
43d0a7f75c8afab6d32ab6fd1f2ff8db49cca59e36971e2b74404173f4cbfcf2,stress,domain_aggregate,ARFIMA,all_lengths,,,,GPH::wider_band,heavy_tail_noise__df_3__scale_0.5,absolute_error_inflation,,0.0024341236021366,-0.0006984689370518,0.0055985043503282,joint_parent_percentile,,0.0016120668018784,1000,1000,0,fixed_equal_cell_weights__common_complete_all_declared_methods_conditions,,
43d0a7f75c8afab6d32ab6fd1f2ff8db49cca59e36971e2b74404173f4cbfcf2,stress,domain_aggregate,ARFIMA,all_lengths,,,,Higuchi,heavy_tail_noise__df_3__scale_0.5,absolute_error_inflation,,0.0081463910611216,0.0067536953970492,0.0094490334647545,joint_parent_percentile,,0.0006878052278717,1000,1000,0,fixed_equal_cell_weights__common_complete_all_declared_methods_conditions,,
43d0a7f75c8afab6d32ab6fd1f2ff8db49cca59e36971e2b74404173f4cbfcf2,stress,domain_aggregate,ARFIMA,all_lengths,,,,Higuchi::centered,heavy_tail_noise__df_3__scale_0.5,absolute_error_inflation,,0.0148671116696852,0.0136531516546222,0.0160478550048349,joint_parent_percentile,,0.0006269712949846,1000,1000,0,fixed_equal_cell_weights__common_complete_all_declared_methods_conditions,,
43d0a7f75c8afab6d32ab6fd1f2ff8db49cca59e36971e2b74404173f4cbfcf2,stress,domain_aggregate,ARFIMA,all_lengths,,,,ModifiedLocalWhittle,heavy_tail_noise__df_3__scale_0.5,absolute_error_inflation,,0.0025887217387697,0.0006586516288632,0.004597206401536,joint_parent_percentile,,0.0010424942176423,1000,1000,0,fixed_equal_cell_weights__common_complete_all_declared_methods_conditions,,
43d0a7f75c8afab6d32ab6fd1f2ff8db49cca59e36971e2b74404173f4cbfcf2,stress,domain_aggregate,ARFIMA,all_lengths,,,,RS,heavy_tail_noise__df_3__scale_0.5,absolute_error_inflation,,0.0066288023367016,0.0052233102847772,0.0079573516803319,joint_parent_percentile,,0.0007041243737327,1000,1000,0,fixed_equal_cell_weights__common_complete_all_declared_methods_conditions,,
43d0a7f75c8afab6d32ab6fd1f2ff8db49cca59e36971e2b74404173f4cbfcf2,stress,domain_aggregate,ARFIMA,all_lengths,,,,Variance,heavy_tail_noise__df_3__scale_0.5,absolute_error_inflation,,0.0104586896081896,0.0043942559352795,0.0172377762798309,joint_parent_percentile,,0.0031546655886226,1000,1000,0,fixed_equal_cell_weights__common_complete_all_declared_methods_conditions,,
43d0a7f75c8afab6d32ab6fd1f2ff8db49cca59e36971e2b74404173f4cbfcf2,stress,domain_aggregate,ARFIMA,all_lengths,,,,VarianceResidual,heavy_tail_noise__df_3__scale_0.5,absolute_error_inflation,,0.0155107423763558,0.0137184938832072,0.0173576585504145,joint_parent_percentile,,0.00091857121309,1000,1000,0,fixed_equal_cell_weights__common_complete_all_declared_methods_conditions,,
43d0a7f75c8afab6d32ab6fd1f2ff8db49cca59e36971e2b74404173f4cbfcf2,stress,domain_aggregate,ARFIMA,all_lengths,,,,WaveletOLS::broad_band,heavy_tail_noise__df_3__scale_0.5,absolute_error_inflation,,0.0094943263184977,0.0069432824035378,0.0120966152081208,joint_parent_percentile,,0.0013356480956784,1000,1000,0,fixed_equal_cell_weights__common_complete_all_declared_methods_conditions,,
43d0a7f75c8afab6d32ab6fd1f2ff8db49cca59e36971e2b74404173f4cbfcf2,stress,domain_aggregate,ARFIMA,all_lengths,,,,WaveletOLS::conservative_band,heavy_tail_noise__df_3__scale_0.5,absolute_error_inflation,,0.010352592831902,0.0068131288974419,0.0140571953910778,joint_parent_percentile,,0.001835737659698,1000,1000,0,fixed_equal_cell_weights__common_complete_all_declared_methods_conditions,,
43d0a7f75c8afab6d32ab6fd1f2ff8db49cca59e36971e2b74404173f4cbfcf2,stress,domain_aggregate,ARFIMA,all_lengths,,,,WaveletOLS::upper_band,heavy_tail_noise__df_3__scale_0.5,absolute_error_inflation,,0.0110208440229841,0.0083455364868806,0.0136346558704744,joint_parent_percentile,,0.001391027091684,1000,1000,0,fixed_equal_cell_weights__common_complete_all_declared_methods_conditions,,
43d0a7f75c8afab6d32ab6fd1f2ff8db49cca59e36971e2b74404173f4cbfcf2,stress,domain_aggregate,ARFIMA,all_lengths,,,,WhittleMLE,heavy_tail_noise__df_3__scale_0.5,absolute_error_inflation,,0.0023044331432231,0.0003677772780767,0.0043521850551693,joint_parent_percentile,,0.0010489010965963,1000,1000,0,fixed_equal_cell_weights__common_complete_all_declared_methods_conditions,,
43d0a7f75c8afab6d32ab6fd1f2ff8db49cca59e36971e2b74404173f4cbfcf2,stress,domain_aggregate,ARFIMA,all_lengths,,,,AbsoluteMoment,heavy_tail_noise__df_3__scale_1,absolute_error_inflation,,0.0321311714364409,0.0233595909222219,0.0408984310079458,joint_parent_percentile,,0.0044262251008915,1000,1000,0,fixed_equal_cell_weights__common_complete_all_declared_methods_conditions,,
43d0a7f75c8afab6d32ab6fd1f2ff8db49cca59e36971e2b74404173f4cbfcf2,stress,domain_aggregate,ARFIMA,all_lengths,,,,DFA::balanced_scales,heavy_tail_noise__df_3__scale_1,absolute_error_inflation,,0.0454545628489034,0.0416535695364958,0.0492628378267385,joint_parent_percentile,,0.0019768148111622,1000,1000,0,fixed_equal_cell_weights__common_complete_all_declared_methods_conditions,,
43d0a7f75c8afab6d32ab6fd1f2ff8db49cca59e36971e2b74404173f4cbfcf2,stress,domain_aggregate,ARFIMA,all_lengths,,,,DFA::long_scales,heavy_tail_noise__df_3__scale_1,absolute_error_inflation,,0.0364548914081197,0.0324219025603327,0.0405431901604465,joint_parent_percentile,,0.0020701380345694,1000,1000,0,fixed_equal_cell_weights__common_complete_all_declared_methods_conditions,,
43d0a7f75c8afab6d32ab6fd1f2ff8db49cca59e36971e2b74404173f4cbfcf2,stress,domain_aggregate,ARFIMA,all_lengths,,,,DFA::short_scales,heavy_tail_noise__df_3__scale_1,absolute_error_inflation,,0.0586378385132619,0.0553149924649097,0.0620485049563736,joint_parent_percentile,,0.0017157836457951,1000,1000,0,fixed_equal_cell_weights__common_complete_all_declared_methods_conditions,,
43d0a7f75c8afab6d32ab6fd1f2ff8db49cca59e36971e2b74404173f4cbfcf2,stress,domain_aggregate,ARFIMA,all_lengths,,,,DMA::balanced_windows,heavy_tail_noise__df_3__scale_1,absolute_error_inflation,,0.0303049799372597,0.0270203082996882,0.0336437439124754,joint_parent_percentile,,0.0017315429047438,1000,1000,0,fixed_equal_cell_weights__common_complete_all_declared_methods_conditions,,
43d0a7f75c8afab6d32ab6fd1f2ff8db49cca59e36971e2b74404173f4cbfcf2,stress,domain_aggregate,ARFIMA,all_lengths,,,,DMA::long_windows,heavy_tail_noise__df_3__scale_1,absolute_error_inflation,,0.0280498045270943,0.0240758886909677,0.0319567003171993,joint_parent_percentile,,0.0020136247595081,1000,1000,0,fixed_equal_cell_weights__common_complete_all_declared_methods_conditions,,
43d0a7f75c8afab6d32ab6fd1f2ff8db49cca59e36971e2b74404173f4cbfcf2,stress,domain_aggregate,ARFIMA,all_lengths,,,,DMA::short_windows,heavy_tail_noise__df_3__scale_1,absolute_error_inflation,,0.0289924140585917,0.025750238069074,0.0320877654943287,joint_parent_percentile,,0.0015913391211239,1000,1000,0,fixed_equal_cell_weights__common_complete_all_declared_methods_conditions,,
43d0a7f75c8afab6d32ab6fd1f2ff8db49cca59e36971e2b74404173f4cbfcf2,stress,domain_aggregate,ARFIMA,all_lengths,,,,GHE,heavy_tail_noise__df_3__scale_1,absolute_error_inflation,,0.0262115609816871,0.0233514020948161,0.0290214262480328,joint_parent_percentile,,0.0014574781014958,1000,1000,0,fixed_equal_cell_weights__common_complete_all_declared_methods_conditions,,
43d0a7f75c8afab6d32ab6fd1f2ff8db49cca59e36971e2b74404173f4cbfcf2,stress,domain_aggregate,ARFIMA,all_lengths,,,,GHE::centered,heavy_tail_noise__df_3__scale_1,absolute_error_inflation,,0.0426453408792783,0.0404278518331878,0.0449938049739195,joint_parent_percentile,,0.0011747564867393,1000,1000,0,fixed_equal_cell_weights__common_complete_all_declared_methods_conditions,,
43d0a7f75c8afab6d32ab6fd1f2ff8db49cca59e36971e2b74404173f4cbfcf2,stress,domain_aggregate,ARFIMA,all_lengths,,,,GPH::narrow_band,heavy_tail_noise__df_3__scale_1,absolute_error_inflation,,0.0068417144810151,0.0004965066442746,0.0128118991343924,joint_parent_percentile,,0.0031943391090424,1000,1000,0,fixed_equal_cell_weights__common_complete_all_declared_methods_conditions,,
43d0a7f75c8afab6d32ab6fd1f2ff8db49cca59e36971e2b74404173f4cbfcf2,stress,domain_aggregate,ARFIMA,all_lengths,,,,GPH::wider_band,heavy_tail_noise__df_3__scale_1,absolute_error_inflation,,0.019306150386464,0.0145064721202339,0.0238498324503579,joint_parent_percentile,,0.0024141019098358,1000,1000,0,fixed_equal_cell_weights__common_complete_all_declared_methods_conditions,,
43d0a7f75c8afab6d32ab6fd1f2ff8db49cca59e36971e2b74404173f4cbfcf2,stress,domain_aggregate,ARFIMA,all_lengths,,,,Higuchi,heavy_tail_noise__df_3__scale_1,absolute_error_inflation,,0.0331051164406336,0.0303765596652407,0.0358668056619256,joint_parent_percentile,,0.0013884861903419,1000,1000,0,fixed_equal_cell_weights__common_complete_all_declared_methods_conditions,,
43d0a7f75c8afab6d32ab6fd1f2ff8db49cca59e36971e2b74404173f4cbfcf2,stress,domain_aggregate,ARFIMA,all_lengths,,,,Higuchi::centered,heavy_tail_noise__df_3__scale_1,absolute_error_inflation,,0.0469052657559479,0.0447184225431586,0.0492134307145188,joint_parent_percentile,,0.0011596943634463,1000,1000,0,fixed_equal_cell_weights__common_complete_all_declared_methods_conditions,,
43d0a7f75c8afab6d32ab6fd1f2ff8db49cca59e36971e2b74404173f4cbfcf2,stress,domain_aggregate,ARFIMA,all_lengths,,,,ModifiedLocalWhittle,heavy_tail_noise__df_3__scale_1,absolute_error_inflation,,0.0292806716017013,0.0254667132511367,0.0331798750424077,joint_parent_percentile,,0.0019379234194699,1000,1000,0,fixed_equal_cell_weights__common_complete_all_declared_methods_conditions,,
43d0a7f75c8afab6d32ab6fd1f2ff8db49cca59e36971e2b74404173f4cbfcf2,stress,domain_aggregate,ARFIMA,all_lengths,,,,RS,heavy_tail_noise__df_3__scale_1,absolute_error_inflation,,0.035418527226565,0.0329658711219531,0.0378826582961437,joint_parent_percentile,,0.0012617147456223,1000,1000,0,fixed_equal_cell_weights__common_complete_all_declared_methods_conditions,,
43d0a7f75c8afab6d32ab6fd1f2ff8db49cca59e36971e2b74404173f4cbfcf2,stress,domain_aggregate,ARFIMA,all_lengths,,,,Variance,heavy_tail_noise__df_3__scale_1,absolute_error_inflation,,0.0311798403894458,0.0222657301134504,0.0397658514034836,joint_parent_percentile,,0.004385494037678,1000,1000,0,fixed_equal_cell_weights__common_complete_all_declared_methods_conditions,,
43d0a7f75c8afab6d32ab6fd1f2ff8db49cca59e36971e2b74404173f4cbfcf2,stress,domain_aggregate,ARFIMA,all_lengths,,,,VarianceResidual,heavy_tail_noise__df_3__scale_1,absolute_error_inflation,,0.06065445686647,0.057462142817409,0.0638271725630571,joint_parent_percentile,,0.0016328836926407,1000,1000,0,fixed_equal_cell_weights__common_complete_all_declared_methods_conditions,,
43d0a7f75c8afab6d32ab6fd1f2ff8db49cca59e36971e2b74404173f4cbfcf2,stress,domain_aggregate,ARFIMA,all_lengths,,,,WaveletOLS::broad_band,heavy_tail_noise__df_3__scale_1,absolute_error_inflation,,0.0435044745763404,0.0390780870307482,0.047898254530647,joint_parent_percentile,,0.0022409651537411,1000,1000,0,fixed_equal_cell_weights__common_complete_all_declared_methods_conditions,,
43d0a7f75c8afab6d32ab6fd1f2ff8db49cca59e36971e2b74404173f4cbfcf2,stress,domain_aggregate,ARFIMA,all_lengths,,,,WaveletOLS::conservative_band,heavy_tail_noise__df_3__scale_1,absolute_error_inflation,,0.0456504117169302,0.0395754888044612,0.0519983172821391,joint_parent_percentile,,0.003177159300458,1000,1000,0,fixed_equal_cell_weights__common_complete_all_declared_methods_conditions,,
43d0a7f75c8afab6d32ab6fd1f2ff8db49cca59e36971e2b74404173f4cbfcf2,stress,domain_aggregate,ARFIMA,all_lengths,,,,WaveletOLS::upper_band,heavy_tail_noise__df_3__scale_1,absolute_error_inflation,,0.0497238612904536,0.0451049352506851,0.0543150869962429,joint_parent_percentile,,0.0023487720656328,1000,1000,0,fixed_equal_cell_weights__common_complete_all_declared_methods_conditions,,
43d0a7f75c8afab6d32ab6fd1f2ff8db49cca59e36971e2b74404173f4cbfcf2,stress,domain_aggregate,ARFIMA,all_lengths,,,,WhittleMLE,heavy_tail_noise__df_3__scale_1,absolute_error_inflation,,0.0286690853203275,0.0248221517129705,0.0326311176382885,joint_parent_percentile,,0.0019506904811879,1000,1000,0,fixed_equal_cell_weights__common_complete_all_declared_methods_conditions,,
43d0a7f75c8afab6d32ab6fd1f2ff8db49cca59e36971e2b74404173f4cbfcf2,stress,domain_aggregate,ARFIMA,all_lengths,,,,AbsoluteMoment,heavy_tail_noise__df_5__scale_0.5,absolute_error_inflation,,0.0081377496715054,0.0024393043640624,0.0138492137705916,joint_parent_percentile,,0.0029473800912925,1000,1000,0,fixed_equal_cell_weights__common_complete_all_declared_methods_conditions,,
43d0a7f75c8afab6d32ab6fd1f2ff8db49cca59e36971e2b74404173f4cbfcf2,stress,domain_aggregate,ARFIMA,all_lengths,,,,DFA::balanced_scales,heavy_tail_noise__df_5__scale_0.5,absolute_error_inflation,,0.0083152584348407,0.0061873748304265,0.0103659542497257,joint_parent_percentile,,0.0010620010489931,1000,1000,0,fixed_equal_cell_weights__common_complete_all_declared_methods_conditions,,
43d0a7f75c8afab6d32ab6fd1f2ff8db49cca59e36971e2b74404173f4cbfcf2,stress,domain_aggregate,ARFIMA,all_lengths,,,,DFA::long_scales,heavy_tail_noise__df_5__scale_0.5,absolute_error_inflation,,0.0076733005449755,0.005616891400979,0.0096980534667065,joint_parent_percentile,,0.0010357317041762,1000,1000,0,fixed_equal_cell_weights__common_complete_all_declared_methods_conditions,,
43d0a7f75c8afab6d32ab6fd1f2ff8db49cca59e36971e2b74404173f4cbfcf2,stress,domain_aggregate,ARFIMA,all_lengths,,,,DFA::short_scales,heavy_tail_noise__df_5__scale_0.5,absolute_error_inflation,,0.0132543778279328,0.0112578610670535,0.0152442902112551,joint_parent_percentile,,0.0010070224115868,1000,1000,0,fixed_equal_cell_weights__common_complete_all_declared_methods_conditions,,
43d0a7f75c8afab6d32ab6fd1f2ff8db49cca59e36971e2b74404173f4cbfcf2,stress,domain_aggregate,ARFIMA,all_lengths,,,,DMA::balanced_windows,heavy_tail_noise__df_5__scale_0.5,absolute_error_inflation,,0.0081735372021721,0.0062699034397491,0.0100400061613837,joint_parent_percentile,,0.0009589706406604,1000,1000,0,fixed_equal_cell_weights__common_complete_all_declared_methods_conditions,,
43d0a7f75c8afab6d32ab6fd1f2ff8db49cca59e36971e2b74404173f4cbfcf2,stress,domain_aggregate,ARFIMA,all_lengths,,,,DMA::long_windows,heavy_tail_noise__df_5__scale_0.5,absolute_error_inflation,,0.0079710450438488,0.0057416697308712,0.0102050564323535,joint_parent_percentile,,0.0011342322406698,1000,1000,0,fixed_equal_cell_weights__common_complete_all_declared_methods_conditions,,
43d0a7f75c8afab6d32ab6fd1f2ff8db49cca59e36971e2b74404173f4cbfcf2,stress,domain_aggregate,ARFIMA,all_lengths,,,,DMA::short_windows,heavy_tail_noise__df_5__scale_0.5,absolute_error_inflation,,0.0063897683891049,0.0047784742222946,0.0079408577377311,joint_parent_percentile,,0.0007976928582606,1000,1000,0,fixed_equal_cell_weights__common_complete_all_declared_methods_conditions,,
43d0a7f75c8afab6d32ab6fd1f2ff8db49cca59e36971e2b74404173f4cbfcf2,stress,domain_aggregate,ARFIMA,all_lengths,,,,GHE,heavy_tail_noise__df_5__scale_0.5,absolute_error_inflation,,0.0067420758147916,0.0054179513480179,0.0081032324241413,joint_parent_percentile,,0.0006840114490552,1000,1000,0,fixed_equal_cell_weights__common_complete_all_declared_methods_conditions,,
43d0a7f75c8afab6d32ab6fd1f2ff8db49cca59e36971e2b74404173f4cbfcf2,stress,domain_aggregate,ARFIMA,all_lengths,,,,GHE::centered,heavy_tail_noise__df_5__scale_0.5,absolute_error_inflation,,0.014464524696727,0.0132919473194559,0.0157244415800917,joint_parent_percentile,,0.000624198991635,1000,1000,0,fixed_equal_cell_weights__common_complete_all_declared_methods_conditions,,
43d0a7f75c8afab6d32ab6fd1f2ff8db49cca59e36971e2b74404173f4cbfcf2,stress,domain_aggregate,ARFIMA,all_lengths,,,,GPH::narrow_band,heavy_tail_noise__df_5__scale_0.5,absolute_error_inflation,,-0.0018222517665956,-0.005887161553037,0.0021023130441823,joint_parent_percentile,,0.0020725027522876,1000,1000,0,fixed_equal_cell_weights__common_complete_all_declared_methods_conditions,,
43d0a7f75c8afab6d32ab6fd1f2ff8db49cca59e36971e2b74404173f4cbfcf2,stress,domain_aggregate,ARFIMA,all_lengths,,,,GPH::wider_band,heavy_tail_noise__df_5__scale_0.5,absolute_error_inflation,,-0.000524873834288,-0.0035942728864176,0.0025411596428371,joint_parent_percentile,,0.0015131608921798,1000,1000,0,fixed_equal_cell_weights__common_complete_all_declared_methods_conditions,,
43d0a7f75c8afab6d32ab6fd1f2ff8db49cca59e36971e2b74404173f4cbfcf2,stress,domain_aggregate,ARFIMA,all_lengths,,,,Higuchi,heavy_tail_noise__df_5__scale_0.5,absolute_error_inflation,,0.0089816243389793,0.0075709077975967,0.0103371473464466,joint_parent_percentile,,0.0007095979071412,1000,1000,0,fixed_equal_cell_weights__common_complete_all_declared_methods_conditions,,
43d0a7f75c8afab6d32ab6fd1f2ff8db49cca59e36971e2b74404173f4cbfcf2,stress,domain_aggregate,ARFIMA,all_lengths,,,,Higuchi::centered,heavy_tail_noise__df_5__scale_0.5,absolute_error_inflation,,0.0159521327287316,0.0147616016147564,0.0172112160091097,joint_parent_percentile,,0.0006348554120506,1000,1000,0,fixed_equal_cell_weights__common_complete_all_declared_methods_conditions,,
43d0a7f75c8afab6d32ab6fd1f2ff8db49cca59e36971e2b74404173f4cbfcf2,stress,domain_aggregate,ARFIMA,all_lengths,,,,ModifiedLocalWhittle,heavy_tail_noise__df_5__scale_0.5,absolute_error_inflation,,0.0040754199964635,0.0019460251697259,0.006239201779689,joint_parent_percentile,,0.0010787246966526,1000,1000,0,fixed_equal_cell_weights__common_complete_all_declared_methods_conditions,,
43d0a7f75c8afab6d32ab6fd1f2ff8db49cca59e36971e2b74404173f4cbfcf2,stress,domain_aggregate,ARFIMA,all_lengths,,,,RS,heavy_tail_noise__df_5__scale_0.5,absolute_error_inflation,,0.0069755038749624,0.0055507334832382,0.008326682354493,joint_parent_percentile,,0.0007093047865866,1000,1000,0,fixed_equal_cell_weights__common_complete_all_declared_methods_conditions,,
43d0a7f75c8afab6d32ab6fd1f2ff8db49cca59e36971e2b74404173f4cbfcf2,stress,domain_aggregate,ARFIMA,all_lengths,,,,Variance,heavy_tail_noise__df_5__scale_0.5,absolute_error_inflation,,0.0070575462357299,0.001392494323076,0.0129516013922611,joint_parent_percentile,,0.0029213578780712,1000,1000,0,fixed_equal_cell_weights__common_complete_all_declared_methods_conditions,,
43d0a7f75c8afab6d32ab6fd1f2ff8db49cca59e36971e2b74404173f4cbfcf2,stress,domain_aggregate,ARFIMA,all_lengths,,,,VarianceResidual,heavy_tail_noise__df_5__scale_0.5,absolute_error_inflation,,0.0162690040444858,0.0144469929771996,0.0180146005028457,joint_parent_percentile,,0.0009154830199491,1000,1000,0,fixed_equal_cell_weights__common_complete_all_declared_methods_conditions,,
43d0a7f75c8afab6d32ab6fd1f2ff8db49cca59e36971e2b74404173f4cbfcf2,stress,domain_aggregate,ARFIMA,all_lengths,,,,WaveletOLS::broad_band,heavy_tail_noise__df_5__scale_0.5,absolute_error_inflation,,0.0085918811000886,0.0058520262040013,0.0113427327974702,joint_parent_percentile,,0.0013791182258323,1000,1000,0,fixed_equal_cell_weights__common_complete_all_declared_methods_conditions,,
43d0a7f75c8afab6d32ab6fd1f2ff8db49cca59e36971e2b74404173f4cbfcf2,stress,domain_aggregate,ARFIMA,all_lengths,,,,WaveletOLS::conservative_band,heavy_tail_noise__df_5__scale_0.5,absolute_error_inflation,,0.0131828148852385,0.0096372480399,0.0168994792531976,joint_parent_percentile,,0.0018842576645861,1000,1000,0,fixed_equal_cell_weights__common_complete_all_declared_methods_conditions,,
43d0a7f75c8afab6d32ab6fd1f2ff8db49cca59e36971e2b74404173f4cbfcf2,stress,domain_aggregate,ARFIMA,all_lengths,,,,WaveletOLS::upper_band,heavy_tail_noise__df_5__scale_0.5,absolute_error_inflation,,0.0095400429635779,0.0068121232230538,0.0123507663081615,joint_parent_percentile,,0.0014187112713055,1000,1000,0,fixed_equal_cell_weights__common_complete_all_declared_methods_conditions,,
43d0a7f75c8afab6d32ab6fd1f2ff8db49cca59e36971e2b74404173f4cbfcf2,stress,domain_aggregate,ARFIMA,all_lengths,,,,WhittleMLE,heavy_tail_noise__df_5__scale_0.5,absolute_error_inflation,,0.0037625334805178,0.0016205284684033,0.0059386885687739,joint_parent_percentile,,0.0010835535453716,1000,1000,0,fixed_equal_cell_weights__common_complete_all_declared_methods_conditions,,
43d0a7f75c8afab6d32ab6fd1f2ff8db49cca59e36971e2b74404173f4cbfcf2,stress,domain_aggregate,ARFIMA,all_lengths,,,,AbsoluteMoment,heavy_tail_noise__df_5__scale_1,absolute_error_inflation,,0.0265580806962698,0.0186442898327905,0.0342293365405701,joint_parent_percentile,,0.0039373433206103,1000,1000,0,fixed_equal_cell_weights__common_complete_all_declared_methods_conditions,,
43d0a7f75c8afab6d32ab6fd1f2ff8db49cca59e36971e2b74404173f4cbfcf2,stress,domain_aggregate,ARFIMA,all_lengths,,,,DFA::balanced_scales,heavy_tail_noise__df_5__scale_1,absolute_error_inflation,,0.0453858157672316,0.0415119459236974,0.0491494238822582,joint_parent_percentile,,0.0019396375175804,1000,1000,0,fixed_equal_cell_weights__common_complete_all_declared_methods_conditions,,
43d0a7f75c8afab6d32ab6fd1f2ff8db49cca59e36971e2b74404173f4cbfcf2,stress,domain_aggregate,ARFIMA,all_lengths,,,,DFA::long_scales,heavy_tail_noise__df_5__scale_1,absolute_error_inflation,,0.0360622670976928,0.0319158688578094,0.0400522150827835,joint_parent_percentile,,0.0020901356213717,1000,1000,0,fixed_equal_cell_weights__common_complete_all_declared_methods_conditions,,
43d0a7f75c8afab6d32ab6fd1f2ff8db49cca59e36971e2b74404173f4cbfcf2,stress,domain_aggregate,ARFIMA,all_lengths,,,,DFA::short_scales,heavy_tail_noise__df_5__scale_1,absolute_error_inflation,,0.059886782640631,0.0565706520122875,0.0631390158982527,joint_parent_percentile,,0.0016696420319102,1000,1000,0,fixed_equal_cell_weights__common_complete_all_declared_methods_conditions,,
43d0a7f75c8afab6d32ab6fd1f2ff8db49cca59e36971e2b74404173f4cbfcf2,stress,domain_aggregate,ARFIMA,all_lengths,,,,DMA::balanced_windows,heavy_tail_noise__df_5__scale_1,absolute_error_inflation,,0.0292187255422493,0.0255389389291927,0.0327183703766229,joint_parent_percentile,,0.0018257791555282,1000,1000,0,fixed_equal_cell_weights__common_complete_all_declared_methods_conditions,,
43d0a7f75c8afab6d32ab6fd1f2ff8db49cca59e36971e2b74404173f4cbfcf2,stress,domain_aggregate,ARFIMA,all_lengths,,,,DMA::long_windows,heavy_tail_noise__df_5__scale_1,absolute_error_inflation,,0.0262035752877169,0.0221939243212157,0.0303695758511312,joint_parent_percentile,,0.0020741349432692,1000,1000,0,fixed_equal_cell_weights__common_complete_all_declared_methods_conditions,,
43d0a7f75c8afab6d32ab6fd1f2ff8db49cca59e36971e2b74404173f4cbfcf2,stress,domain_aggregate,ARFIMA,all_lengths,,,,DMA::short_windows,heavy_tail_noise__df_5__scale_1,absolute_error_inflation,,0.0285684027525423,0.0251409697744845,0.0316415206670905,joint_parent_percentile,,0.001670810362475,1000,1000,0,fixed_equal_cell_weights__common_complete_all_declared_methods_conditions,,
43d0a7f75c8afab6d32ab6fd1f2ff8db49cca59e36971e2b74404173f4cbfcf2,stress,domain_aggregate,ARFIMA,all_lengths,,,,GHE,heavy_tail_noise__df_5__scale_1,absolute_error_inflation,,0.0308499272859429,0.0278746885010527,0.0337145371891818,joint_parent_percentile,,0.0015050508230337,1000,1000,0,fixed_equal_cell_weights__common_complete_all_declared_methods_conditions,,
43d0a7f75c8afab6d32ab6fd1f2ff8db49cca59e36971e2b74404173f4cbfcf2,stress,domain_aggregate,ARFIMA,all_lengths,,,,GHE::centered,heavy_tail_noise__df_5__scale_1,absolute_error_inflation,,0.0475706098355401,0.045094099462848,0.0498734316807834,joint_parent_percentile,,0.0012045019545293,1000,1000,0,fixed_equal_cell_weights__common_complete_all_declared_methods_conditions,,
43d0a7f75c8afab6d32ab6fd1f2ff8db49cca59e36971e2b74404173f4cbfcf2,stress,domain_aggregate,ARFIMA,all_lengths,,,,GPH::narrow_band,heavy_tail_noise__df_5__scale_1,absolute_error_inflation,,0.0074982957563563,0.0010574346302325,0.0137282994625067,joint_parent_percentile,,0.0032542476883577,1000,1000,0,fixed_equal_cell_weights__common_complete_all_declared_methods_conditions,,
43d0a7f75c8afab6d32ab6fd1f2ff8db49cca59e36971e2b74404173f4cbfcf2,stress,domain_aggregate,ARFIMA,all_lengths,,,,GPH::wider_band,heavy_tail_noise__df_5__scale_1,absolute_error_inflation,,0.0222781543744843,0.0172242359710079,0.027057564864653,joint_parent_percentile,,0.0025117193818572,1000,1000,0,fixed_equal_cell_weights__common_complete_all_declared_methods_conditions,,
43d0a7f75c8afab6d32ab6fd1f2ff8db49cca59e36971e2b74404173f4cbfcf2,stress,domain_aggregate,ARFIMA,all_lengths,,,,Higuchi,heavy_tail_noise__df_5__scale_1,absolute_error_inflation,,0.0383333445853636,0.0355020029909411,0.041060171059261,joint_parent_percentile,,0.0014568670726514,1000,1000,0,fixed_equal_cell_weights__common_complete_all_declared_methods_conditions,,
43d0a7f75c8afab6d32ab6fd1f2ff8db49cca59e36971e2b74404173f4cbfcf2,stress,domain_aggregate,ARFIMA,all_lengths,,,,Higuchi::centered,heavy_tail_noise__df_5__scale_1,absolute_error_inflation,,0.0530448949757577,0.0507254794465607,0.0553290188488572,joint_parent_percentile,,0.0011754001263255,1000,1000,0,fixed_equal_cell_weights__common_complete_all_declared_methods_conditions,,
43d0a7f75c8afab6d32ab6fd1f2ff8db49cca59e36971e2b74404173f4cbfcf2,stress,domain_aggregate,ARFIMA,all_lengths,,,,ModifiedLocalWhittle,heavy_tail_noise__df_5__scale_1,absolute_error_inflation,,0.0303074168825137,0.0260460529278146,0.0342091301616846,joint_parent_percentile,,0.002074563285372,1000,1000,0,fixed_equal_cell_weights__common_complete_all_declared_methods_conditions,,
43d0a7f75c8afab6d32ab6fd1f2ff8db49cca59e36971e2b74404173f4cbfcf2,stress,domain_aggregate,ARFIMA,all_lengths,,,,RS,heavy_tail_noise__df_5__scale_1,absolute_error_inflation,,0.0346400465474492,0.0318679311982787,0.0371899093079191,joint_parent_percentile,,0.0013392950167795,1000,1000,0,fixed_equal_cell_weights__common_complete_all_declared_methods_conditions,,
43d0a7f75c8afab6d32ab6fd1f2ff8db49cca59e36971e2b74404173f4cbfcf2,stress,domain_aggregate,ARFIMA,all_lengths,,,,Variance,heavy_tail_noise__df_5__scale_1,absolute_error_inflation,,0.0244914325391106,0.0168843117351378,0.0321110423797603,joint_parent_percentile,,0.0038810673745998,1000,1000,0,fixed_equal_cell_weights__common_complete_all_declared_methods_conditions,,
43d0a7f75c8afab6d32ab6fd1f2ff8db49cca59e36971e2b74404173f4cbfcf2,stress,domain_aggregate,ARFIMA,all_lengths,,,,VarianceResidual,heavy_tail_noise__df_5__scale_1,absolute_error_inflation,,0.0616752369969292,0.0585230147328333,0.064792060185376,joint_parent_percentile,,0.0016136710736993,1000,1000,0,fixed_equal_cell_weights__common_complete_all_declared_methods_conditions,,
43d0a7f75c8afab6d32ab6fd1f2ff8db49cca59e36971e2b74404173f4cbfcf2,stress,domain_aggregate,ARFIMA,all_lengths,,,,WaveletOLS::broad_band,heavy_tail_noise__df_5__scale_1,absolute_error_inflation,,0.045443072253032,0.0409947231121191,0.0497991674794388,joint_parent_percentile,,0.002275901645906,1000,1000,0,fixed_equal_cell_weights__common_complete_all_declared_methods_conditions,,
43d0a7f75c8afab6d32ab6fd1f2ff8db49cca59e36971e2b74404173f4cbfcf2,stress,domain_aggregate,ARFIMA,all_lengths,,,,WaveletOLS::conservative_band,heavy_tail_noise__df_5__scale_1,absolute_error_inflation,,0.0508267849833648,0.0440704044248031,0.0574645972171396,joint_parent_percentile,,0.0033721988332346,1000,1000,0,fixed_equal_cell_weights__common_complete_all_declared_methods_conditions,,
43d0a7f75c8afab6d32ab6fd1f2ff8db49cca59e36971e2b74404173f4cbfcf2,stress,domain_aggregate,ARFIMA,all_lengths,,,,WaveletOLS::upper_band,heavy_tail_noise__df_5__scale_1,absolute_error_inflation,,0.0537219326002205,0.0492000833144288,0.0583063197565061,joint_parent_percentile,,0.002372040027838,1000,1000,0,fixed_equal_cell_weights__common_complete_all_declared_methods_conditions,,
43d0a7f75c8afab6d32ab6fd1f2ff8db49cca59e36971e2b74404173f4cbfcf2,stress,domain_aggregate,ARFIMA,all_lengths,,,,WhittleMLE,heavy_tail_noise__df_5__scale_1,absolute_error_inflation,,0.0296628492188361,0.025360881802893,0.0336050448938403,joint_parent_percentile,,0.0020899368932002,1000,1000,0,fixed_equal_cell_weights__common_complete_all_declared_methods_conditions,,
43d0a7f75c8afab6d32ab6fd1f2ff8db49cca59e36971e2b74404173f4cbfcf2,stress,domain_aggregate,ARFIMA,all_lengths,,,,AbsoluteMoment,outliers__amplitude_8__rate_0.005,absolute_error_inflation,,0.0124401619842685,0.0066979260728724,0.0182232451624674,joint_parent_percentile,,0.0029894863887253,1000,1000,0,fixed_equal_cell_weights__common_complete_all_declared_methods_conditions,,
43d0a7f75c8afab6d32ab6fd1f2ff8db49cca59e36971e2b74404173f4cbfcf2,stress,domain_aggregate,ARFIMA,all_lengths,,,,DFA::balanced_scales,outliers__amplitude_8__rate_0.005,absolute_error_inflation,,0.01293698460645,0.0102888405832144,0.0152959711493831,joint_parent_percentile,,0.0012983040547057,1000,1000,0,fixed_equal_cell_weights__common_complete_all_declared_methods_conditions,,
43d0a7f75c8afab6d32ab6fd1f2ff8db49cca59e36971e2b74404173f4cbfcf2,stress,domain_aggregate,ARFIMA,all_lengths,,,,DFA::long_scales,outliers__amplitude_8__rate_0.005,absolute_error_inflation,,0.0090960288239213,0.0066383383168994,0.0114415627701846,joint_parent_percentile,,0.0012671432645357,1000,1000,0,fixed_equal_cell_weights__common_complete_all_declared_methods_conditions,,
43d0a7f75c8afab6d32ab6fd1f2ff8db49cca59e36971e2b74404173f4cbfcf2,stress,domain_aggregate,ARFIMA,all_lengths,,,,DFA::short_scales,outliers__amplitude_8__rate_0.005,absolute_error_inflation,,0.0190933615940279,0.0167293894594924,0.0214837821806917,joint_parent_percentile,,0.0012205581667465,1000,1000,0,fixed_equal_cell_weights__common_complete_all_declared_methods_conditions,,
43d0a7f75c8afab6d32ab6fd1f2ff8db49cca59e36971e2b74404173f4cbfcf2,stress,domain_aggregate,ARFIMA,all_lengths,,,,DMA::balanced_windows,outliers__amplitude_8__rate_0.005,absolute_error_inflation,,0.0096409156438155,0.0075880992511127,0.0116936047689256,joint_parent_percentile,,0.0010465771034072,1000,1000,0,fixed_equal_cell_weights__common_complete_all_declared_methods_conditions,,
43d0a7f75c8afab6d32ab6fd1f2ff8db49cca59e36971e2b74404173f4cbfcf2,stress,domain_aggregate,ARFIMA,all_lengths,,,,DMA::long_windows,outliers__amplitude_8__rate_0.005,absolute_error_inflation,,0.0097801093086356,0.0074311609815246,0.0122476871074194,joint_parent_percentile,,0.0012305519430137,1000,1000,0,fixed_equal_cell_weights__common_complete_all_declared_methods_conditions,,
43d0a7f75c8afab6d32ab6fd1f2ff8db49cca59e36971e2b74404173f4cbfcf2,stress,domain_aggregate,ARFIMA,all_lengths,,,,DMA::short_windows,outliers__amplitude_8__rate_0.005,absolute_error_inflation,,0.0083406596208354,0.0064458673658116,0.0101502409878516,joint_parent_percentile,,0.0009359760750375,1000,1000,0,fixed_equal_cell_weights__common_complete_all_declared_methods_conditions,,
43d0a7f75c8afab6d32ab6fd1f2ff8db49cca59e36971e2b74404173f4cbfcf2,stress,domain_aggregate,ARFIMA,all_lengths,,,,GHE,outliers__amplitude_8__rate_0.005,absolute_error_inflation,,0.0013162892014603,0.0001178249044513,0.0024405483193194,joint_parent_percentile,,0.000608178759655,1000,1000,0,fixed_equal_cell_weights__common_complete_all_declared_methods_conditions,,
43d0a7f75c8afab6d32ab6fd1f2ff8db49cca59e36971e2b74404173f4cbfcf2,stress,domain_aggregate,ARFIMA,all_lengths,,,,GHE::centered,outliers__amplitude_8__rate_0.005,absolute_error_inflation,,0.0045086079976587,0.0032484113752493,0.0057935243488785,joint_parent_percentile,,0.000643525420032,1000,1000,0,fixed_equal_cell_weights__common_complete_all_declared_methods_conditions,,
43d0a7f75c8afab6d32ab6fd1f2ff8db49cca59e36971e2b74404173f4cbfcf2,stress,domain_aggregate,ARFIMA,all_lengths,,,,GPH::narrow_band,outliers__amplitude_8__rate_0.005,absolute_error_inflation,,0.0001804614610015,-0.0046060845168436,0.0047852919035575,joint_parent_percentile,,0.002392793990158,1000,1000,0,fixed_equal_cell_weights__common_complete_all_declared_methods_conditions,,
43d0a7f75c8afab6d32ab6fd1f2ff8db49cca59e36971e2b74404173f4cbfcf2,stress,domain_aggregate,ARFIMA,all_lengths,,,,GPH::wider_band,outliers__amplitude_8__rate_0.005,absolute_error_inflation,,0.0020924929636033,-0.0014803825060488,0.0056174228959552,joint_parent_percentile,,0.0018306697163025,1000,1000,0,fixed_equal_cell_weights__common_complete_all_declared_methods_conditions,,
43d0a7f75c8afab6d32ab6fd1f2ff8db49cca59e36971e2b74404173f4cbfcf2,stress,domain_aggregate,ARFIMA,all_lengths,,,,Higuchi,outliers__amplitude_8__rate_0.005,absolute_error_inflation,,0.0014822953864418,0.0002610186413519,0.0026707391177626,joint_parent_percentile,,0.0006146493795807,1000,1000,0,fixed_equal_cell_weights__common_complete_all_declared_methods_conditions,,
43d0a7f75c8afab6d32ab6fd1f2ff8db49cca59e36971e2b74404173f4cbfcf2,stress,domain_aggregate,ARFIMA,all_lengths,,,,Higuchi::centered,outliers__amplitude_8__rate_0.005,absolute_error_inflation,,0.0042748542975188,0.0030249296887719,0.0055690075117055,joint_parent_percentile,,0.0006492617128574,1000,1000,0,fixed_equal_cell_weights__common_complete_all_declared_methods_conditions,,
43d0a7f75c8afab6d32ab6fd1f2ff8db49cca59e36971e2b74404173f4cbfcf2,stress,domain_aggregate,ARFIMA,all_lengths,,,,ModifiedLocalWhittle,outliers__amplitude_8__rate_0.005,absolute_error_inflation,,0.0056040453372836,0.003089053300459,0.0079909037583819,joint_parent_percentile,,0.0012478654549535,1000,1000,0,fixed_equal_cell_weights__common_complete_all_declared_methods_conditions,,
43d0a7f75c8afab6d32ab6fd1f2ff8db49cca59e36971e2b74404173f4cbfcf2,stress,domain_aggregate,ARFIMA,all_lengths,,,,RS,outliers__amplitude_8__rate_0.005,absolute_error_inflation,,0.0124400273885417,0.0105858543611218,0.0141231200978268,joint_parent_percentile,,0.0008926347771845,1000,1000,0,fixed_equal_cell_weights__common_complete_all_declared_methods_conditions,,
43d0a7f75c8afab6d32ab6fd1f2ff8db49cca59e36971e2b74404173f4cbfcf2,stress,domain_aggregate,ARFIMA,all_lengths,,,,Variance,outliers__amplitude_8__rate_0.005,absolute_error_inflation,,0.0137983599922577,0.008069611406857,0.0196642028487559,joint_parent_percentile,,0.0029827841411725,1000,1000,0,fixed_equal_cell_weights__common_complete_all_declared_methods_conditions,,
43d0a7f75c8afab6d32ab6fd1f2ff8db49cca59e36971e2b74404173f4cbfcf2,stress,domain_aggregate,ARFIMA,all_lengths,,,,VarianceResidual,outliers__amplitude_8__rate_0.005,absolute_error_inflation,,0.0217142631590905,0.0195053767899519,0.0238491146388637,joint_parent_percentile,,0.0011229194561068,1000,1000,0,fixed_equal_cell_weights__common_complete_all_declared_methods_conditions,,
43d0a7f75c8afab6d32ab6fd1f2ff8db49cca59e36971e2b74404173f4cbfcf2,stress,domain_aggregate,ARFIMA,all_lengths,,,,WaveletOLS::broad_band,outliers__amplitude_8__rate_0.005,absolute_error_inflation,,0.0173849442192174,0.0140241832749003,0.0207674509940948,joint_parent_percentile,,0.0017163160099123,1000,1000,0,fixed_equal_cell_weights__common_complete_all_declared_methods_conditions,,
43d0a7f75c8afab6d32ab6fd1f2ff8db49cca59e36971e2b74404173f4cbfcf2,stress,domain_aggregate,ARFIMA,all_lengths,,,,WaveletOLS::conservative_band,outliers__amplitude_8__rate_0.005,absolute_error_inflation,,0.0154422651108939,0.0113038187812733,0.0196072076158926,joint_parent_percentile,,0.0021312236318289,1000,1000,0,fixed_equal_cell_weights__common_complete_all_declared_methods_conditions,,
43d0a7f75c8afab6d32ab6fd1f2ff8db49cca59e36971e2b74404173f4cbfcf2,stress,domain_aggregate,ARFIMA,all_lengths,,,,WaveletOLS::upper_band,outliers__amplitude_8__rate_0.005,absolute_error_inflation,,0.0197942892541767,0.0163654997550879,0.0232934701460079,joint_parent_percentile,,0.0017349777022388,1000,1000,0,fixed_equal_cell_weights__common_complete_all_declared_methods_conditions,,
43d0a7f75c8afab6d32ab6fd1f2ff8db49cca59e36971e2b74404173f4cbfcf2,stress,domain_aggregate,ARFIMA,all_lengths,,,,WhittleMLE,outliers__amplitude_8__rate_0.005,absolute_error_inflation,,0.0051949492569901,0.0026523262482432,0.0076013098703184,joint_parent_percentile,,0.0012557045559169,1000,1000,0,fixed_equal_cell_weights__common_complete_all_declared_methods_conditions,,
43d0a7f75c8afab6d32ab6fd1f2ff8db49cca59e36971e2b74404173f4cbfcf2,stress,domain_aggregate,ARFIMA,all_lengths,,,,AbsoluteMoment,outliers__amplitude_8__rate_0.01,absolute_error_inflation,,0.0118764200662122,0.0054557924966117,0.0185002365491993,joint_parent_percentile,,0.0033612864400354,1000,1000,0,fixed_equal_cell_weights__common_complete_all_declared_methods_conditions,,
43d0a7f75c8afab6d32ab6fd1f2ff8db49cca59e36971e2b74404173f4cbfcf2,stress,domain_aggregate,ARFIMA,all_lengths,,,,DFA::balanced_scales,outliers__amplitude_8__rate_0.01,absolute_error_inflation,,0.0271771750586174,0.023621444600864,0.0302866702684399,joint_parent_percentile,,0.0016954933886834,1000,1000,0,fixed_equal_cell_weights__common_complete_all_declared_methods_conditions,,
43d0a7f75c8afab6d32ab6fd1f2ff8db49cca59e36971e2b74404173f4cbfcf2,stress,domain_aggregate,ARFIMA,all_lengths,,,,DFA::long_scales,outliers__amplitude_8__rate_0.01,absolute_error_inflation,,0.0210141795022976,0.0176172374370115,0.0243352067593157,joint_parent_percentile,,0.0017234493579871,1000,1000,0,fixed_equal_cell_weights__common_complete_all_declared_methods_conditions,,
43d0a7f75c8afab6d32ab6fd1f2ff8db49cca59e36971e2b74404173f4cbfcf2,stress,domain_aggregate,ARFIMA,all_lengths,,,,DFA::short_scales,outliers__amplitude_8__rate_0.01,absolute_error_inflation,,0.037899594966478,0.0349407869142584,0.0407992914296128,joint_parent_percentile,,0.0014783774675709,1000,1000,0,fixed_equal_cell_weights__common_complete_all_declared_methods_conditions,,
43d0a7f75c8afab6d32ab6fd1f2ff8db49cca59e36971e2b74404173f4cbfcf2,stress,domain_aggregate,ARFIMA,all_lengths,,,,DMA::balanced_windows,outliers__amplitude_8__rate_0.01,absolute_error_inflation,,0.0200863122953596,0.0170181088163207,0.0229692587099396,joint_parent_percentile,,0.0015083427783563,1000,1000,0,fixed_equal_cell_weights__common_complete_all_declared_methods_conditions,,
43d0a7f75c8afab6d32ab6fd1f2ff8db49cca59e36971e2b74404173f4cbfcf2,stress,domain_aggregate,ARFIMA,all_lengths,,,,DMA::long_windows,outliers__amplitude_8__rate_0.01,absolute_error_inflation,,0.0183389054943734,0.0149621940980571,0.0217266164637081,joint_parent_percentile,,0.0017249529057972,1000,1000,0,fixed_equal_cell_weights__common_complete_all_declared_methods_conditions,,
43d0a7f75c8afab6d32ab6fd1f2ff8db49cca59e36971e2b74404173f4cbfcf2,stress,domain_aggregate,ARFIMA,all_lengths,,,,DMA::short_windows,outliers__amplitude_8__rate_0.01,absolute_error_inflation,,0.0185281058193054,0.0158251353504704,0.0211092045093225,joint_parent_percentile,,0.0013407774589098,1000,1000,0,fixed_equal_cell_weights__common_complete_all_declared_methods_conditions,,
43d0a7f75c8afab6d32ab6fd1f2ff8db49cca59e36971e2b74404173f4cbfcf2,stress,domain_aggregate,ARFIMA,all_lengths,,,,GHE,outliers__amplitude_8__rate_0.01,absolute_error_inflation,,0.0048289632819562,0.0032035052086722,0.0063646964580179,joint_parent_percentile,,0.0008197520137023,1000,1000,0,fixed_equal_cell_weights__common_complete_all_declared_methods_conditions,,
43d0a7f75c8afab6d32ab6fd1f2ff8db49cca59e36971e2b74404173f4cbfcf2,stress,domain_aggregate,ARFIMA,all_lengths,,,,GHE::centered,outliers__amplitude_8__rate_0.01,absolute_error_inflation,,0.0102546307829504,0.0084876159134216,0.0119263598976648,joint_parent_percentile,,0.0008798810278898,1000,1000,0,fixed_equal_cell_weights__common_complete_all_declared_methods_conditions,,
43d0a7f75c8afab6d32ab6fd1f2ff8db49cca59e36971e2b74404173f4cbfcf2,stress,domain_aggregate,ARFIMA,all_lengths,,,,GPH::narrow_band,outliers__amplitude_8__rate_0.01,absolute_error_inflation,,6.842398727686244e-05,-0.0052792899699243,0.0053417110260419,joint_parent_percentile,,0.0027535501764377,1000,1000,0,fixed_equal_cell_weights__common_complete_all_declared_methods_conditions,,
43d0a7f75c8afab6d32ab6fd1f2ff8db49cca59e36971e2b74404173f4cbfcf2,stress,domain_aggregate,ARFIMA,all_lengths,,,,GPH::wider_band,outliers__amplitude_8__rate_0.01,absolute_error_inflation,,0.0092105290123924,0.0049749015654688,0.0132833842648217,joint_parent_percentile,,0.0021131031527977,1000,1000,0,fixed_equal_cell_weights__common_complete_all_declared_methods_conditions,,
43d0a7f75c8afab6d32ab6fd1f2ff8db49cca59e36971e2b74404173f4cbfcf2,stress,domain_aggregate,ARFIMA,all_lengths,,,,Higuchi,outliers__amplitude_8__rate_0.01,absolute_error_inflation,,0.0048466769037269,0.0032262084220087,0.0064415640355678,joint_parent_percentile,,0.0008350710718098,1000,1000,0,fixed_equal_cell_weights__common_complete_all_declared_methods_conditions,,
43d0a7f75c8afab6d32ab6fd1f2ff8db49cca59e36971e2b74404173f4cbfcf2,stress,domain_aggregate,ARFIMA,all_lengths,,,,Higuchi::centered,outliers__amplitude_8__rate_0.01,absolute_error_inflation,,0.0088940924096335,0.0071534639101438,0.0105869494426287,joint_parent_percentile,,0.0008647297995507,1000,1000,0,fixed_equal_cell_weights__common_complete_all_declared_methods_conditions,,
43d0a7f75c8afab6d32ab6fd1f2ff8db49cca59e36971e2b74404173f4cbfcf2,stress,domain_aggregate,ARFIMA,all_lengths,,,,ModifiedLocalWhittle,outliers__amplitude_8__rate_0.01,absolute_error_inflation,,0.0170332668879654,0.0136545541457963,0.0202390476399307,joint_parent_percentile,,0.0016476779125295,1000,1000,0,fixed_equal_cell_weights__common_complete_all_declared_methods_conditions,,
43d0a7f75c8afab6d32ab6fd1f2ff8db49cca59e36971e2b74404173f4cbfcf2,stress,domain_aggregate,ARFIMA,all_lengths,,,,RS,outliers__amplitude_8__rate_0.01,absolute_error_inflation,,0.0265003383107158,0.0243226827437691,0.0285467107927144,joint_parent_percentile,,0.0010969832186481,1000,1000,0,fixed_equal_cell_weights__common_complete_all_declared_methods_conditions,,
43d0a7f75c8afab6d32ab6fd1f2ff8db49cca59e36971e2b74404173f4cbfcf2,stress,domain_aggregate,ARFIMA,all_lengths,,,,Variance,outliers__amplitude_8__rate_0.01,absolute_error_inflation,,0.0140126620143029,0.0076154496194961,0.0206091080103431,joint_parent_percentile,,0.0033138120118864,1000,1000,0,fixed_equal_cell_weights__common_complete_all_declared_methods_conditions,,
43d0a7f75c8afab6d32ab6fd1f2ff8db49cca59e36971e2b74404173f4cbfcf2,stress,domain_aggregate,ARFIMA,all_lengths,,,,VarianceResidual,outliers__amplitude_8__rate_0.01,absolute_error_inflation,,0.0406844784042778,0.0379353986796318,0.0433919496731416,joint_parent_percentile,,0.0013768668044487,1000,1000,0,fixed_equal_cell_weights__common_complete_all_declared_methods_conditions,,
43d0a7f75c8afab6d32ab6fd1f2ff8db49cca59e36971e2b74404173f4cbfcf2,stress,domain_aggregate,ARFIMA,all_lengths,,,,WaveletOLS::broad_band,outliers__amplitude_8__rate_0.01,absolute_error_inflation,,0.0321369520523574,0.0279990194822837,0.0361735439777415,joint_parent_percentile,,0.0020437894412157,1000,1000,0,fixed_equal_cell_weights__common_complete_all_declared_methods_conditions,,
43d0a7f75c8afab6d32ab6fd1f2ff8db49cca59e36971e2b74404173f4cbfcf2,stress,domain_aggregate,ARFIMA,all_lengths,,,,WaveletOLS::conservative_band,outliers__amplitude_8__rate_0.01,absolute_error_inflation,,0.0338558005372026,0.0284678333808119,0.0394297339030408,joint_parent_percentile,,0.0028388675265398,1000,1000,0,fixed_equal_cell_weights__common_complete_all_declared_methods_conditions,,
43d0a7f75c8afab6d32ab6fd1f2ff8db49cca59e36971e2b74404173f4cbfcf2,stress,domain_aggregate,ARFIMA,all_lengths,,,,WaveletOLS::upper_band,outliers__amplitude_8__rate_0.01,absolute_error_inflation,,0.0375261515014911,0.0334409204659767,0.0415767492374298,joint_parent_percentile,,0.0021137506238492,1000,1000,0,fixed_equal_cell_weights__common_complete_all_declared_methods_conditions,,
43d0a7f75c8afab6d32ab6fd1f2ff8db49cca59e36971e2b74404173f4cbfcf2,stress,domain_aggregate,ARFIMA,all_lengths,,,,WhittleMLE,outliers__amplitude_8__rate_0.01,absolute_error_inflation,,0.016476280339861,0.0130652355742836,0.0196735478599692,joint_parent_percentile,,0.001657765610181,1000,1000,0,fixed_equal_cell_weights__common_complete_all_declared_methods_conditions,,
43d0a7f75c8afab6d32ab6fd1f2ff8db49cca59e36971e2b74404173f4cbfcf2,stress,domain_aggregate,ARFIMA,all_lengths,,,,AbsoluteMoment,outliers__amplitude_8__rate_0.05,absolute_error_inflation,,0.0624274725545004,0.0516657943234487,0.07315708625986,joint_parent_percentile,,0.0054976615967174,1000,1000,0,fixed_equal_cell_weights__common_complete_all_declared_methods_conditions,,
43d0a7f75c8afab6d32ab6fd1f2ff8db49cca59e36971e2b74404173f4cbfcf2,stress,domain_aggregate,ARFIMA,all_lengths,,,,DFA::balanced_scales,outliers__amplitude_8__rate_0.05,absolute_error_inflation,,0.1072944760910308,0.102928412521134,0.1120505689185481,joint_parent_percentile,,0.0023070538124272,1000,1000,0,fixed_equal_cell_weights__common_complete_all_declared_methods_conditions,,
43d0a7f75c8afab6d32ab6fd1f2ff8db49cca59e36971e2b74404173f4cbfcf2,stress,domain_aggregate,ARFIMA,all_lengths,,,,DFA::long_scales,outliers__amplitude_8__rate_0.05,absolute_error_inflation,,0.0961016203915936,0.0910095020105417,0.1013116233986246,joint_parent_percentile,,0.0026348820915339,1000,1000,0,fixed_equal_cell_weights__common_complete_all_declared_methods_conditions,,
43d0a7f75c8afab6d32ab6fd1f2ff8db49cca59e36971e2b74404173f4cbfcf2,stress,domain_aggregate,ARFIMA,all_lengths,,,,DFA::short_scales,outliers__amplitude_8__rate_0.05,absolute_error_inflation,,0.1204093459547593,0.1168456007874443,0.1240620511599068,joint_parent_percentile,,0.0018528358883764,1000,1000,0,fixed_equal_cell_weights__common_complete_all_declared_methods_conditions,,
43d0a7f75c8afab6d32ab6fd1f2ff8db49cca59e36971e2b74404173f4cbfcf2,stress,domain_aggregate,ARFIMA,all_lengths,,,,DMA::balanced_windows,outliers__amplitude_8__rate_0.05,absolute_error_inflation,,0.0715984685036536,0.0664732491251189,0.0768563524319622,joint_parent_percentile,,0.0027019097615779,1000,1000,0,fixed_equal_cell_weights__common_complete_all_declared_methods_conditions,,
43d0a7f75c8afab6d32ab6fd1f2ff8db49cca59e36971e2b74404173f4cbfcf2,stress,domain_aggregate,ARFIMA,all_lengths,,,,DMA::long_windows,outliers__amplitude_8__rate_0.05,absolute_error_inflation,,0.0646330947813479,0.0583425833095593,0.0707758809084569,joint_parent_percentile,,0.0031819258718257,1000,1000,0,fixed_equal_cell_weights__common_complete_all_declared_methods_conditions,,
43d0a7f75c8afab6d32ab6fd1f2ff8db49cca59e36971e2b74404173f4cbfcf2,stress,domain_aggregate,ARFIMA,all_lengths,,,,DMA::short_windows,outliers__amplitude_8__rate_0.05,absolute_error_inflation,,0.0748346223089319,0.0704663265377955,0.0791983064354282,joint_parent_percentile,,0.0022726823976181,1000,1000,0,fixed_equal_cell_weights__common_complete_all_declared_methods_conditions,,
43d0a7f75c8afab6d32ab6fd1f2ff8db49cca59e36971e2b74404173f4cbfcf2,stress,domain_aggregate,ARFIMA,all_lengths,,,,GHE,outliers__amplitude_8__rate_0.05,absolute_error_inflation,,0.0316167209028457,0.0281258480467096,0.0350526251202223,joint_parent_percentile,,0.0017709670509133,1000,1000,0,fixed_equal_cell_weights__common_complete_all_declared_methods_conditions,,
43d0a7f75c8afab6d32ab6fd1f2ff8db49cca59e36971e2b74404173f4cbfcf2,stress,domain_aggregate,ARFIMA,all_lengths,,,,GHE::centered,outliers__amplitude_8__rate_0.05,absolute_error_inflation,,0.0446575545739781,0.041647090922288,0.0476014478762226,joint_parent_percentile,,0.0015198101519444,1000,1000,0,fixed_equal_cell_weights__common_complete_all_declared_methods_conditions,,
43d0a7f75c8afab6d32ab6fd1f2ff8db49cca59e36971e2b74404173f4cbfcf2,stress,domain_aggregate,ARFIMA,all_lengths,,,,GPH::narrow_band,outliers__amplitude_8__rate_0.05,absolute_error_inflation,,0.0382552246691567,0.0303222739781347,0.0462500795228689,joint_parent_percentile,,0.004100401388556,1000,1000,0,fixed_equal_cell_weights__common_complete_all_declared_methods_conditions,,
43d0a7f75c8afab6d32ab6fd1f2ff8db49cca59e36971e2b74404173f4cbfcf2,stress,domain_aggregate,ARFIMA,all_lengths,,,,GPH::wider_band,outliers__amplitude_8__rate_0.05,absolute_error_inflation,,0.0708858341579275,0.0647363294256174,0.076709107422653,joint_parent_percentile,,0.0030543588330783,1000,1000,0,fixed_equal_cell_weights__common_complete_all_declared_methods_conditions,,
43d0a7f75c8afab6d32ab6fd1f2ff8db49cca59e36971e2b74404173f4cbfcf2,stress,domain_aggregate,ARFIMA,all_lengths,,,,Higuchi,outliers__amplitude_8__rate_0.05,absolute_error_inflation,,0.0332409810464642,0.0299833035777356,0.0362974707787417,joint_parent_percentile,,0.0016433646402504,1000,1000,0,fixed_equal_cell_weights__common_complete_all_declared_methods_conditions,,
43d0a7f75c8afab6d32ab6fd1f2ff8db49cca59e36971e2b74404173f4cbfcf2,stress,domain_aggregate,ARFIMA,all_lengths,,,,Higuchi::centered,outliers__amplitude_8__rate_0.05,absolute_error_inflation,,0.0421901338635941,0.039335565943179,0.0450701974168345,joint_parent_percentile,,0.0014729833105645,1000,1000,0,fixed_equal_cell_weights__common_complete_all_declared_methods_conditions,,
43d0a7f75c8afab6d32ab6fd1f2ff8db49cca59e36971e2b74404173f4cbfcf2,stress,domain_aggregate,ARFIMA,all_lengths,,,,ModifiedLocalWhittle,outliers__amplitude_8__rate_0.05,absolute_error_inflation,,0.0871010476042395,0.0822424863155721,0.0919627914510726,joint_parent_percentile,,0.0024773655117042,1000,1000,0,fixed_equal_cell_weights__common_complete_all_declared_methods_conditions,,
43d0a7f75c8afab6d32ab6fd1f2ff8db49cca59e36971e2b74404173f4cbfcf2,stress,domain_aggregate,ARFIMA,all_lengths,,,,RS,outliers__amplitude_8__rate_0.05,absolute_error_inflation,,0.0921538521642778,0.0892855346363663,0.0949919554728785,joint_parent_percentile,,0.0014525043869543,1000,1000,0,fixed_equal_cell_weights__common_complete_all_declared_methods_conditions,,
43d0a7f75c8afab6d32ab6fd1f2ff8db49cca59e36971e2b74404173f4cbfcf2,stress,domain_aggregate,ARFIMA,all_lengths,,,,Variance,outliers__amplitude_8__rate_0.05,absolute_error_inflation,,0.0645077229368166,0.0540308944742967,0.0749169168463374,joint_parent_percentile,,0.0054285611159299,1000,1000,0,fixed_equal_cell_weights__common_complete_all_declared_methods_conditions,,
43d0a7f75c8afab6d32ab6fd1f2ff8db49cca59e36971e2b74404173f4cbfcf2,stress,domain_aggregate,ARFIMA,all_lengths,,,,VarianceResidual,outliers__amplitude_8__rate_0.05,absolute_error_inflation,,0.1233629002704767,0.1197281455933926,0.12730669364842,joint_parent_percentile,,0.0019261004070909,1000,1000,0,fixed_equal_cell_weights__common_complete_all_declared_methods_conditions,,
43d0a7f75c8afab6d32ab6fd1f2ff8db49cca59e36971e2b74404173f4cbfcf2,stress,domain_aggregate,ARFIMA,all_lengths,,,,WaveletOLS::broad_band,outliers__amplitude_8__rate_0.05,absolute_error_inflation,,0.1058645197545606,0.1003937302392249,0.1119549210692971,joint_parent_percentile,,0.0029594962377646,1000,1000,0,fixed_equal_cell_weights__common_complete_all_declared_methods_conditions,,
43d0a7f75c8afab6d32ab6fd1f2ff8db49cca59e36971e2b74404173f4cbfcf2,stress,domain_aggregate,ARFIMA,all_lengths,,,,WaveletOLS::conservative_band,outliers__amplitude_8__rate_0.05,absolute_error_inflation,,0.1055902234165486,0.0978205894174779,0.1135557889110683,joint_parent_percentile,,0.0040909252658114,1000,1000,0,fixed_equal_cell_weights__common_complete_all_declared_methods_conditions,,
43d0a7f75c8afab6d32ab6fd1f2ff8db49cca59e36971e2b74404173f4cbfcf2,stress,domain_aggregate,ARFIMA,all_lengths,,,,WaveletOLS::upper_band,outliers__amplitude_8__rate_0.05,absolute_error_inflation,,0.1146362112834015,0.1090250365718817,0.1204430134003906,joint_parent_percentile,,0.0028828701923634,1000,1000,0,fixed_equal_cell_weights__common_complete_all_declared_methods_conditions,,
43d0a7f75c8afab6d32ab6fd1f2ff8db49cca59e36971e2b74404173f4cbfcf2,stress,domain_aggregate,ARFIMA,all_lengths,,,,WhittleMLE,outliers__amplitude_8__rate_0.05,absolute_error_inflation,,0.0864876992538296,0.081544823969102,0.0913966908124738,joint_parent_percentile,,0.002496284130488,1000,1000,0,fixed_equal_cell_weights__common_complete_all_declared_methods_conditions,,
43d0a7f75c8afab6d32ab6fd1f2ff8db49cca59e36971e2b74404173f4cbfcf2,stress,domain_aggregate,ARFIMA,all_lengths,,,,AbsoluteMoment,polynomial_trend__order_1__strength_0.25,absolute_error_inflation,,-0.0645120459961199,-0.0802381264201669,-0.0489403596550842,joint_parent_percentile,,0.0079649328127981,1000,1000,0,fixed_equal_cell_weights__common_complete_all_declared_methods_conditions,,
43d0a7f75c8afab6d32ab6fd1f2ff8db49cca59e36971e2b74404173f4cbfcf2,stress,domain_aggregate,ARFIMA,all_lengths,,,,DFA::balanced_scales,polynomial_trend__order_1__strength_0.25,absolute_error_inflation,,-0.0012388335672501,-0.002092017870217,-0.0003530996909128,joint_parent_percentile,,0.0004384845934143,1000,1000,0,fixed_equal_cell_weights__common_complete_all_declared_methods_conditions,,
43d0a7f75c8afab6d32ab6fd1f2ff8db49cca59e36971e2b74404173f4cbfcf2,stress,domain_aggregate,ARFIMA,all_lengths,,,,DFA::long_scales,polynomial_trend__order_1__strength_0.25,absolute_error_inflation,,-0.0036178994238162,-0.0054630821006664,-0.0016376596378882,joint_parent_percentile,,0.0009777884036408,1000,1000,0,fixed_equal_cell_weights__common_complete_all_declared_methods_conditions,,
43d0a7f75c8afab6d32ab6fd1f2ff8db49cca59e36971e2b74404173f4cbfcf2,stress,domain_aggregate,ARFIMA,all_lengths,,,,DFA::short_scales,polynomial_trend__order_1__strength_0.25,absolute_error_inflation,,-9.545971605142214e-05,-0.0004803548993234,0.0003239241405538,joint_parent_percentile,,0.0002029463390175,1000,1000,0,fixed_equal_cell_weights__common_complete_all_declared_methods_conditions,,
43d0a7f75c8afab6d32ab6fd1f2ff8db49cca59e36971e2b74404173f4cbfcf2,stress,domain_aggregate,ARFIMA,all_lengths,,,,DMA::balanced_windows,polynomial_trend__order_1__strength_0.25,absolute_error_inflation,,-0.0245473098713586,-0.0310475379045312,-0.0183438937930255,joint_parent_percentile,,0.0032610829672181,1000,1000,0,fixed_equal_cell_weights__common_complete_all_declared_methods_conditions,,
43d0a7f75c8afab6d32ab6fd1f2ff8db49cca59e36971e2b74404173f4cbfcf2,stress,domain_aggregate,ARFIMA,all_lengths,,,,DMA::long_windows,polynomial_trend__order_1__strength_0.25,absolute_error_inflation,,-0.0506162203275612,-0.058418767777922,-0.0425774650563944,joint_parent_percentile,,0.0041398712351265,1000,1000,0,fixed_equal_cell_weights__common_complete_all_declared_methods_conditions,,
43d0a7f75c8afab6d32ab6fd1f2ff8db49cca59e36971e2b74404173f4cbfcf2,stress,domain_aggregate,ARFIMA,all_lengths,,,,DMA::short_windows,polynomial_trend__order_1__strength_0.25,absolute_error_inflation,,0.0008461790769668,-0.0041473149327482,0.0057108575072687,joint_parent_percentile,,0.0024489898179164,1000,1000,0,fixed_equal_cell_weights__common_complete_all_declared_methods_conditions,,
43d0a7f75c8afab6d32ab6fd1f2ff8db49cca59e36971e2b74404173f4cbfcf2,stress,domain_aggregate,ARFIMA,all_lengths,,,,GHE,polynomial_trend__order_1__strength_0.25,absolute_error_inflation,,0.0001679085210328,-0.0030263422840123,0.0034561184992216,joint_parent_percentile,,0.0016473326837128,1000,1000,0,fixed_equal_cell_weights__common_complete_all_declared_methods_conditions,,
43d0a7f75c8afab6d32ab6fd1f2ff8db49cca59e36971e2b74404173f4cbfcf2,stress,domain_aggregate,ARFIMA,all_lengths,,,,GHE::centered,polynomial_trend__order_1__strength_0.25,absolute_error_inflation,,-0.0168187665485851,-0.0205887658407018,-0.0130711592210716,joint_parent_percentile,,0.0019647566224832,1000,1000,0,fixed_equal_cell_weights__common_complete_all_declared_methods_conditions,,
43d0a7f75c8afab6d32ab6fd1f2ff8db49cca59e36971e2b74404173f4cbfcf2,stress,domain_aggregate,ARFIMA,all_lengths,,,,GPH::narrow_band,polynomial_trend__order_1__strength_0.25,absolute_error_inflation,,0.0281080575440063,0.021158680701247,0.0354996722680626,joint_parent_percentile,,0.0036447450676458,1000,1000,0,fixed_equal_cell_weights__common_complete_all_declared_methods_conditions,,
43d0a7f75c8afab6d32ab6fd1f2ff8db49cca59e36971e2b74404173f4cbfcf2,stress,domain_aggregate,ARFIMA,all_lengths,,,,GPH::wider_band,polynomial_trend__order_1__strength_0.25,absolute_error_inflation,,0.0145223544439731,0.0100952152979458,0.018978120863373,joint_parent_percentile,,0.0022456552544548,1000,1000,0,fixed_equal_cell_weights__common_complete_all_declared_methods_conditions,,
43d0a7f75c8afab6d32ab6fd1f2ff8db49cca59e36971e2b74404173f4cbfcf2,stress,domain_aggregate,ARFIMA,all_lengths,,,,Higuchi,polynomial_trend__order_1__strength_0.25,absolute_error_inflation,,0.00276232638846,-0.0001026559271931,0.0056149222285803,joint_parent_percentile,,0.0014319332811155,1000,1000,0,fixed_equal_cell_weights__common_complete_all_declared_methods_conditions,,
43d0a7f75c8afab6d32ab6fd1f2ff8db49cca59e36971e2b74404173f4cbfcf2,stress,domain_aggregate,ARFIMA,all_lengths,,,,Higuchi::centered,polynomial_trend__order_1__strength_0.25,absolute_error_inflation,,-0.0098016469110035,-0.0128732935919911,-0.0066991477571909,joint_parent_percentile,,0.001603154952571,1000,1000,0,fixed_equal_cell_weights__common_complete_all_declared_methods_conditions,,
43d0a7f75c8afab6d32ab6fd1f2ff8db49cca59e36971e2b74404173f4cbfcf2,stress,domain_aggregate,ARFIMA,all_lengths,,,,ModifiedLocalWhittle,polynomial_trend__order_1__strength_0.25,absolute_error_inflation,,0.0156968129535052,0.0121796372098859,0.0193096986635163,joint_parent_percentile,,0.0018647523615717,1000,1000,0,fixed_equal_cell_weights__common_complete_all_declared_methods_conditions,,
43d0a7f75c8afab6d32ab6fd1f2ff8db49cca59e36971e2b74404173f4cbfcf2,stress,domain_aggregate,ARFIMA,all_lengths,,,,RS,polynomial_trend__order_1__strength_0.25,absolute_error_inflation,,-0.0024790913197563,-0.0035057965394088,-0.0013708248340482,joint_parent_percentile,,0.0005486803595176,1000,1000,0,fixed_equal_cell_weights__common_complete_all_declared_methods_conditions,,
43d0a7f75c8afab6d32ab6fd1f2ff8db49cca59e36971e2b74404173f4cbfcf2,stress,domain_aggregate,ARFIMA,all_lengths,,,,Variance,polynomial_trend__order_1__strength_0.25,absolute_error_inflation,,-0.0501305396042908,-0.0653462068628186,-0.0346589148864104,joint_parent_percentile,,0.0077790794439637,1000,1000,0,fixed_equal_cell_weights__common_complete_all_declared_methods_conditions,,
43d0a7f75c8afab6d32ab6fd1f2ff8db49cca59e36971e2b74404173f4cbfcf2,stress,domain_aggregate,ARFIMA,all_lengths,,,,VarianceResidual,polynomial_trend__order_1__strength_0.25,absolute_error_inflation,,-0.0034832978092124,-0.004789034645537,-0.0021110144574525,joint_parent_percentile,,0.0006775778302526,1000,1000,0,fixed_equal_cell_weights__common_complete_all_declared_methods_conditions,,
43d0a7f75c8afab6d32ab6fd1f2ff8db49cca59e36971e2b74404173f4cbfcf2,stress,domain_aggregate,ARFIMA,all_lengths,,,,WaveletOLS::broad_band,polynomial_trend__order_1__strength_0.25,absolute_error_inflation,,-0.0001011083605856,-0.0003837786014304,0.0001789815594711,joint_parent_percentile,,0.000141674979576,1000,1000,0,fixed_equal_cell_weights__common_complete_all_declared_methods_conditions,,
43d0a7f75c8afab6d32ab6fd1f2ff8db49cca59e36971e2b74404173f4cbfcf2,stress,domain_aggregate,ARFIMA,all_lengths,,,,WaveletOLS::conservative_band,polynomial_trend__order_1__strength_0.25,absolute_error_inflation,,3.4012280918149784e-05,-2.1885927616747265e-05,8.961132988500979e-05,joint_parent_percentile,,2.847604421025716e-05,1000,1000,0,fixed_equal_cell_weights__common_complete_all_declared_methods_conditions,,
43d0a7f75c8afab6d32ab6fd1f2ff8db49cca59e36971e2b74404173f4cbfcf2,stress,domain_aggregate,ARFIMA,all_lengths,,,,WaveletOLS::upper_band,polynomial_trend__order_1__strength_0.25,absolute_error_inflation,,1.626201886868739e-05,-7.01864343254744e-05,0.0001023656048385,joint_parent_percentile,,4.403618336139932e-05,1000,1000,0,fixed_equal_cell_weights__common_complete_all_declared_methods_conditions,,
43d0a7f75c8afab6d32ab6fd1f2ff8db49cca59e36971e2b74404173f4cbfcf2,stress,domain_aggregate,ARFIMA,all_lengths,,,,WhittleMLE,polynomial_trend__order_1__strength_0.25,absolute_error_inflation,,0.0162609144114372,0.0127258600601419,0.0198939382278552,joint_parent_percentile,,0.0018703541392558,1000,1000,0,fixed_equal_cell_weights__common_complete_all_declared_methods_conditions,,
43d0a7f75c8afab6d32ab6fd1f2ff8db49cca59e36971e2b74404173f4cbfcf2,stress,domain_aggregate,ARFIMA,all_lengths,,,,AbsoluteMoment,polynomial_trend__order_1__strength_0.5,absolute_error_inflation,,-0.065624267362454,-0.0776293639482253,-0.0533610973838048,joint_parent_percentile,,0.0063048724016396,1000,1000,0,fixed_equal_cell_weights__common_complete_all_declared_methods_conditions,,
43d0a7f75c8afab6d32ab6fd1f2ff8db49cca59e36971e2b74404173f4cbfcf2,stress,domain_aggregate,ARFIMA,all_lengths,,,,DFA::balanced_scales,polynomial_trend__order_1__strength_0.5,absolute_error_inflation,,-0.0034378706332311,-0.0052113431946713,-0.0015016305428684,joint_parent_percentile,,0.0009352728549894,1000,1000,0,fixed_equal_cell_weights__common_complete_all_declared_methods_conditions,,
43d0a7f75c8afab6d32ab6fd1f2ff8db49cca59e36971e2b74404173f4cbfcf2,stress,domain_aggregate,ARFIMA,all_lengths,,,,DFA::long_scales,polynomial_trend__order_1__strength_0.5,absolute_error_inflation,,-0.0033514219566999,-0.0070864703420295,0.0003834223833859,joint_parent_percentile,,0.0019037765378901,1000,1000,0,fixed_equal_cell_weights__common_complete_all_declared_methods_conditions,,
43d0a7f75c8afab6d32ab6fd1f2ff8db49cca59e36971e2b74404173f4cbfcf2,stress,domain_aggregate,ARFIMA,all_lengths,,,,DFA::short_scales,polynomial_trend__order_1__strength_0.5,absolute_error_inflation,,-0.00065540230402,-0.0014902852237866,0.0002171478146837,joint_parent_percentile,,0.0004315247744457,1000,1000,0,fixed_equal_cell_weights__common_complete_all_declared_methods_conditions,,
43d0a7f75c8afab6d32ab6fd1f2ff8db49cca59e36971e2b74404173f4cbfcf2,stress,domain_aggregate,ARFIMA,all_lengths,,,,DMA::balanced_windows,polynomial_trend__order_1__strength_0.5,absolute_error_inflation,,-0.0072946846580177,-0.0141301946523262,-0.0005100485616044,joint_parent_percentile,,0.0035064954535066,1000,1000,0,fixed_equal_cell_weights__common_complete_all_declared_methods_conditions,,
43d0a7f75c8afab6d32ab6fd1f2ff8db49cca59e36971e2b74404173f4cbfcf2,stress,domain_aggregate,ARFIMA,all_lengths,,,,DMA::long_windows,polynomial_trend__order_1__strength_0.5,absolute_error_inflation,,-0.0680431900142599,-0.0766667582262239,-0.0595203767892375,joint_parent_percentile,,0.0043744387624527,1000,1000,0,fixed_equal_cell_weights__common_complete_all_declared_methods_conditions,,
43d0a7f75c8afab6d32ab6fd1f2ff8db49cca59e36971e2b74404173f4cbfcf2,stress,domain_aggregate,ARFIMA,all_lengths,,,,DMA::short_windows,polynomial_trend__order_1__strength_0.5,absolute_error_inflation,,0.0491734725983707,0.0439808776862905,0.0543768319192788,joint_parent_percentile,,0.0026797273055611,1000,1000,0,fixed_equal_cell_weights__common_complete_all_declared_methods_conditions,,
43d0a7f75c8afab6d32ab6fd1f2ff8db49cca59e36971e2b74404173f4cbfcf2,stress,domain_aggregate,ARFIMA,all_lengths,,,,GHE,polynomial_trend__order_1__strength_0.5,absolute_error_inflation,,0.0415891474341207,0.0376828804289134,0.0454979802867162,joint_parent_percentile,,0.0020055605066581,1000,1000,0,fixed_equal_cell_weights__common_complete_all_declared_methods_conditions,,
43d0a7f75c8afab6d32ab6fd1f2ff8db49cca59e36971e2b74404173f4cbfcf2,stress,domain_aggregate,ARFIMA,all_lengths,,,,GHE::centered,polynomial_trend__order_1__strength_0.5,absolute_error_inflation,,0.0190755264237157,0.0147058256771143,0.0234704511559224,joint_parent_percentile,,0.0022628588480454,1000,1000,0,fixed_equal_cell_weights__common_complete_all_declared_methods_conditions,,
43d0a7f75c8afab6d32ab6fd1f2ff8db49cca59e36971e2b74404173f4cbfcf2,stress,domain_aggregate,ARFIMA,all_lengths,,,,GPH::narrow_band,polynomial_trend__order_1__strength_0.5,absolute_error_inflation,,0.1373525503728482,0.1290522932583542,0.1458582862590852,joint_parent_percentile,,0.0043407475237521,1000,1000,0,fixed_equal_cell_weights__common_complete_all_declared_methods_conditions,,
43d0a7f75c8afab6d32ab6fd1f2ff8db49cca59e36971e2b74404173f4cbfcf2,stress,domain_aggregate,ARFIMA,all_lengths,,,,GPH::wider_band,polynomial_trend__order_1__strength_0.5,absolute_error_inflation,,0.0868555078214157,0.0810041067979701,0.0926509035278996,joint_parent_percentile,,0.0029046656139909,1000,1000,0,fixed_equal_cell_weights__common_complete_all_declared_methods_conditions,,
43d0a7f75c8afab6d32ab6fd1f2ff8db49cca59e36971e2b74404173f4cbfcf2,stress,domain_aggregate,ARFIMA,all_lengths,,,,Higuchi,polynomial_trend__order_1__strength_0.5,absolute_error_inflation,,0.046747048449962,0.0430745107068363,0.0504608029151657,joint_parent_percentile,,0.0018826117587174,1000,1000,0,fixed_equal_cell_weights__common_complete_all_declared_methods_conditions,,
43d0a7f75c8afab6d32ab6fd1f2ff8db49cca59e36971e2b74404173f4cbfcf2,stress,domain_aggregate,ARFIMA,all_lengths,,,,Higuchi::centered,polynomial_trend__order_1__strength_0.5,absolute_error_inflation,,0.0298705275938413,0.0256851567598609,0.0340541733712435,joint_parent_percentile,,0.0021176965478903,1000,1000,0,fixed_equal_cell_weights__common_complete_all_declared_methods_conditions,,
43d0a7f75c8afab6d32ab6fd1f2ff8db49cca59e36971e2b74404173f4cbfcf2,stress,domain_aggregate,ARFIMA,all_lengths,,,,ModifiedLocalWhittle,polynomial_trend__order_1__strength_0.5,absolute_error_inflation,,0.0883471215557238,0.0834519224671706,0.093011969673747,joint_parent_percentile,,0.0023731115254032,1000,1000,0,fixed_equal_cell_weights__common_complete_all_declared_methods_conditions,,
43d0a7f75c8afab6d32ab6fd1f2ff8db49cca59e36971e2b74404173f4cbfcf2,stress,domain_aggregate,ARFIMA,all_lengths,,,,RS,polynomial_trend__order_1__strength_0.5,absolute_error_inflation,,-0.0029076654078914,-0.0048554628290437,-0.0007990209326186,joint_parent_percentile,,0.0010454689166741,1000,1000,0,fixed_equal_cell_weights__common_complete_all_declared_methods_conditions,,
43d0a7f75c8afab6d32ab6fd1f2ff8db49cca59e36971e2b74404173f4cbfcf2,stress,domain_aggregate,ARFIMA,all_lengths,,,,Variance,polynomial_trend__order_1__strength_0.5,absolute_error_inflation,,-0.0298210431781584,-0.0408808929997309,-0.018495184750328,joint_parent_percentile,,0.0058747065770391,1000,1000,0,fixed_equal_cell_weights__common_complete_all_declared_methods_conditions,,
43d0a7f75c8afab6d32ab6fd1f2ff8db49cca59e36971e2b74404173f4cbfcf2,stress,domain_aggregate,ARFIMA,all_lengths,,,,VarianceResidual,polynomial_trend__order_1__strength_0.5,absolute_error_inflation,,-0.0089877213967091,-0.0114521248590334,-0.0063649760134137,joint_parent_percentile,,0.0013045021849412,1000,1000,0,fixed_equal_cell_weights__common_complete_all_declared_methods_conditions,,
43d0a7f75c8afab6d32ab6fd1f2ff8db49cca59e36971e2b74404173f4cbfcf2,stress,domain_aggregate,ARFIMA,all_lengths,,,,WaveletOLS::broad_band,polynomial_trend__order_1__strength_0.5,absolute_error_inflation,,-0.0002966042291379,-0.0008491951062904,0.0002570437045354,joint_parent_percentile,,0.000281467602059,1000,1000,0,fixed_equal_cell_weights__common_complete_all_declared_methods_conditions,,
43d0a7f75c8afab6d32ab6fd1f2ff8db49cca59e36971e2b74404173f4cbfcf2,stress,domain_aggregate,ARFIMA,all_lengths,,,,WaveletOLS::conservative_band,polynomial_trend__order_1__strength_0.5,absolute_error_inflation,,6.277260221633496e-05,-4.806306400977657e-05,0.0001725721185195,joint_parent_percentile,,5.694341288491399e-05,1000,1000,0,fixed_equal_cell_weights__common_complete_all_declared_methods_conditions,,
43d0a7f75c8afab6d32ab6fd1f2ff8db49cca59e36971e2b74404173f4cbfcf2,stress,domain_aggregate,ARFIMA,all_lengths,,,,WaveletOLS::upper_band,polynomial_trend__order_1__strength_0.5,absolute_error_inflation,,1.2201907613990788e-05,-0.0001602748767919,0.0001846277949354,joint_parent_percentile,,8.787905510538388e-05,1000,1000,0,fixed_equal_cell_weights__common_complete_all_declared_methods_conditions,,
43d0a7f75c8afab6d32ab6fd1f2ff8db49cca59e36971e2b74404173f4cbfcf2,stress,domain_aggregate,ARFIMA,all_lengths,,,,WhittleMLE,polynomial_trend__order_1__strength_0.5,absolute_error_inflation,,0.0896638257754091,0.0847918597121737,0.0942868524704021,joint_parent_percentile,,0.0023666929958165,1000,1000,0,fixed_equal_cell_weights__common_complete_all_declared_methods_conditions,,
43d0a7f75c8afab6d32ab6fd1f2ff8db49cca59e36971e2b74404173f4cbfcf2,stress,domain_aggregate,ARFIMA,all_lengths,,,,AbsoluteMoment,polynomial_trend__order_1__strength_1,absolute_error_inflation,,-0.0181864552284603,-0.0286878099030074,-0.0075116178707703,joint_parent_percentile,,0.0055123225242916,1000,1000,0,fixed_equal_cell_weights__common_complete_all_declared_methods_conditions,,
43d0a7f75c8afab6d32ab6fd1f2ff8db49cca59e36971e2b74404173f4cbfcf2,stress,domain_aggregate,ARFIMA,all_lengths,,,,DFA::balanced_scales,polynomial_trend__order_1__strength_1,absolute_error_inflation,,0.0089989080519673,0.0054332903448852,0.0128773023670233,joint_parent_percentile,,0.0019041488085028,1000,1000,0,fixed_equal_cell_weights__common_complete_all_declared_methods_conditions,,
43d0a7f75c8afab6d32ab6fd1f2ff8db49cca59e36971e2b74404173f4cbfcf2,stress,domain_aggregate,ARFIMA,all_lengths,,,,DFA::long_scales,polynomial_trend__order_1__strength_1,absolute_error_inflation,,0.0515855104218734,0.046052179270301,0.0568493085172124,joint_parent_percentile,,0.0027407715294255,1000,1000,0,fixed_equal_cell_weights__common_complete_all_declared_methods_conditions,,
43d0a7f75c8afab6d32ab6fd1f2ff8db49cca59e36971e2b74404173f4cbfcf2,stress,domain_aggregate,ARFIMA,all_lengths,,,,DFA::short_scales,polynomial_trend__order_1__strength_1,absolute_error_inflation,,-0.0004682209806427,-0.0023983816761406,0.0015396381661306,joint_parent_percentile,,0.000981224814266,1000,1000,0,fixed_equal_cell_weights__common_complete_all_declared_methods_conditions,,
43d0a7f75c8afab6d32ab6fd1f2ff8db49cca59e36971e2b74404173f4cbfcf2,stress,domain_aggregate,ARFIMA,all_lengths,,,,DMA::balanced_windows,polynomial_trend__order_1__strength_1,absolute_error_inflation,,0.054475789523806,0.0489406337989635,0.060229523851214,joint_parent_percentile,,0.002878832087759,1000,1000,0,fixed_equal_cell_weights__common_complete_all_declared_methods_conditions,,
43d0a7f75c8afab6d32ab6fd1f2ff8db49cca59e36971e2b74404173f4cbfcf2,stress,domain_aggregate,ARFIMA,all_lengths,,,,DMA::long_windows,polynomial_trend__order_1__strength_1,absolute_error_inflation,,-0.032124494080701,-0.0393948897896046,-0.0247334542156016,joint_parent_percentile,,0.0036977430698242,1000,1000,0,fixed_equal_cell_weights__common_complete_all_declared_methods_conditions,,
43d0a7f75c8afab6d32ab6fd1f2ff8db49cca59e36971e2b74404173f4cbfcf2,stress,domain_aggregate,ARFIMA,all_lengths,,,,DMA::short_windows,polynomial_trend__order_1__strength_1,absolute_error_inflation,,0.1275264873254697,0.1236047983295507,0.1316833697330217,joint_parent_percentile,,0.0020797389991663,1000,1000,0,fixed_equal_cell_weights__common_complete_all_declared_methods_conditions,,
43d0a7f75c8afab6d32ab6fd1f2ff8db49cca59e36971e2b74404173f4cbfcf2,stress,domain_aggregate,ARFIMA,all_lengths,,,,GHE,polynomial_trend__order_1__strength_1,absolute_error_inflation,,0.1191655668273838,0.1160584506020405,0.122075070145761,joint_parent_percentile,,0.0015166590187639,1000,1000,0,fixed_equal_cell_weights__common_complete_all_declared_methods_conditions,,
43d0a7f75c8afab6d32ab6fd1f2ff8db49cca59e36971e2b74404173f4cbfcf2,stress,domain_aggregate,ARFIMA,all_lengths,,,,GHE::centered,polynomial_trend__order_1__strength_1,absolute_error_inflation,,0.1022659313616211,0.0990000436026509,0.1055520187862443,joint_parent_percentile,,0.0017067939671401,1000,1000,0,fixed_equal_cell_weights__common_complete_all_declared_methods_conditions,,
43d0a7f75c8afab6d32ab6fd1f2ff8db49cca59e36971e2b74404173f4cbfcf2,stress,domain_aggregate,ARFIMA,all_lengths,,,,GPH::narrow_band,polynomial_trend__order_1__strength_1,absolute_error_inflation,,0.3564791795512754,0.3486522372822518,0.3642551070931033,joint_parent_percentile,,0.0040123056755539,1000,1000,0,fixed_equal_cell_weights__common_complete_all_declared_methods_conditions,,
43d0a7f75c8afab6d32ab6fd1f2ff8db49cca59e36971e2b74404173f4cbfcf2,stress,domain_aggregate,ARFIMA,all_lengths,,,,GPH::wider_band,polynomial_trend__order_1__strength_1,absolute_error_inflation,,0.2566933966547756,0.2512248181735315,0.2622303588318198,joint_parent_percentile,,0.0027915484960505,1000,1000,0,fixed_equal_cell_weights__common_complete_all_declared_methods_conditions,,
43d0a7f75c8afab6d32ab6fd1f2ff8db49cca59e36971e2b74404173f4cbfcf2,stress,domain_aggregate,ARFIMA,all_lengths,,,,Higuchi,polynomial_trend__order_1__strength_1,absolute_error_inflation,,0.1310905079928743,0.1283755959508278,0.1337018469064519,joint_parent_percentile,,0.0013714269736955,1000,1000,0,fixed_equal_cell_weights__common_complete_all_declared_methods_conditions,,
43d0a7f75c8afab6d32ab6fd1f2ff8db49cca59e36971e2b74404173f4cbfcf2,stress,domain_aggregate,ARFIMA,all_lengths,,,,Higuchi::centered,polynomial_trend__order_1__strength_1,absolute_error_inflation,,0.1198338199621805,0.1169116969816966,0.1228037157724153,joint_parent_percentile,,0.0015417017914696,1000,1000,0,fixed_equal_cell_weights__common_complete_all_declared_methods_conditions,,
43d0a7f75c8afab6d32ab6fd1f2ff8db49cca59e36971e2b74404173f4cbfcf2,stress,domain_aggregate,ARFIMA,all_lengths,,,,ModifiedLocalWhittle,polynomial_trend__order_1__strength_1,absolute_error_inflation,,0.1802893696246392,0.1776809323665359,0.183129966713639,joint_parent_percentile,,0.0014403794930527,1000,1000,0,fixed_equal_cell_weights__common_complete_all_declared_methods_conditions,,
43d0a7f75c8afab6d32ab6fd1f2ff8db49cca59e36971e2b74404173f4cbfcf2,stress,domain_aggregate,ARFIMA,all_lengths,,,,RS,polynomial_trend__order_1__strength_1,absolute_error_inflation,,0.0340181696517928,0.0311399342441981,0.037062387139433,joint_parent_percentile,,0.001515166204614,1000,1000,0,fixed_equal_cell_weights__common_complete_all_declared_methods_conditions,,
43d0a7f75c8afab6d32ab6fd1f2ff8db49cca59e36971e2b74404173f4cbfcf2,stress,domain_aggregate,ARFIMA,all_lengths,,,,Variance,polynomial_trend__order_1__strength_1,absolute_error_inflation,,0.0360634931399281,0.0256396543824543,0.0463840394383138,joint_parent_percentile,,0.0052690857309731,1000,1000,0,fixed_equal_cell_weights__common_complete_all_declared_methods_conditions,,
43d0a7f75c8afab6d32ab6fd1f2ff8db49cca59e36971e2b74404173f4cbfcf2,stress,domain_aggregate,ARFIMA,all_lengths,,,,VarianceResidual,polynomial_trend__order_1__strength_1,absolute_error_inflation,,0.0061757512776778,0.0019273653945082,0.010492096677693,joint_parent_percentile,,0.0021653729533623,1000,1000,0,fixed_equal_cell_weights__common_complete_all_declared_methods_conditions,,
43d0a7f75c8afab6d32ab6fd1f2ff8db49cca59e36971e2b74404173f4cbfcf2,stress,domain_aggregate,ARFIMA,all_lengths,,,,WaveletOLS::broad_band,polynomial_trend__order_1__strength_1,absolute_error_inflation,,-0.0010562857075964,-0.0021545790085703,5.571959447289893e-05,joint_parent_percentile,,0.0005606950704372,1000,1000,0,fixed_equal_cell_weights__common_complete_all_declared_methods_conditions,,
43d0a7f75c8afab6d32ab6fd1f2ff8db49cca59e36971e2b74404173f4cbfcf2,stress,domain_aggregate,ARFIMA,all_lengths,,,,WaveletOLS::conservative_band,polynomial_trend__order_1__strength_1,absolute_error_inflation,,0.0001027662191225,-0.0001164363677494,0.0003216582010499,joint_parent_percentile,,0.0001137477200695,1000,1000,0,fixed_equal_cell_weights__common_complete_all_declared_methods_conditions,,
43d0a7f75c8afab6d32ab6fd1f2ff8db49cca59e36971e2b74404173f4cbfcf2,stress,domain_aggregate,ARFIMA,all_lengths,,,,WaveletOLS::upper_band,polynomial_trend__order_1__strength_1,absolute_error_inflation,,-1.883254681926336e-05,-0.0003547774363563,0.0003223203573472,joint_parent_percentile,,0.0001742112073868,1000,1000,0,fixed_equal_cell_weights__common_complete_all_declared_methods_conditions,,
43d0a7f75c8afab6d32ab6fd1f2ff8db49cca59e36971e2b74404173f4cbfcf2,stress,domain_aggregate,ARFIMA,all_lengths,,,,WhittleMLE,polynomial_trend__order_1__strength_1,absolute_error_inflation,,0.1804617937996328,0.1778605493766402,0.1832467506481719,joint_parent_percentile,,0.0014325077700659,1000,1000,0,fixed_equal_cell_weights__common_complete_all_declared_methods_conditions,,
43d0a7f75c8afab6d32ab6fd1f2ff8db49cca59e36971e2b74404173f4cbfcf2,stress,domain_aggregate,ARFIMA,all_lengths,,,,AbsoluteMoment,polynomial_trend__order_2__strength_0.25,absolute_error_inflation,,-0.0373726464265386,-0.0499531847533394,-0.0249331027337866,joint_parent_percentile,,0.0063837094561532,1000,1000,0,fixed_equal_cell_weights__common_complete_all_declared_methods_conditions,,
43d0a7f75c8afab6d32ab6fd1f2ff8db49cca59e36971e2b74404173f4cbfcf2,stress,domain_aggregate,ARFIMA,all_lengths,,,,DFA::balanced_scales,polynomial_trend__order_2__strength_0.25,absolute_error_inflation,,-0.0012607145372246,-0.0022025908685461,-0.0002906989957103,joint_parent_percentile,,0.0004861837308495,1000,1000,0,fixed_equal_cell_weights__common_complete_all_declared_methods_conditions,,
43d0a7f75c8afab6d32ab6fd1f2ff8db49cca59e36971e2b74404173f4cbfcf2,stress,domain_aggregate,ARFIMA,all_lengths,,,,DFA::long_scales,polynomial_trend__order_2__strength_0.25,absolute_error_inflation,,-0.0030600434051172,-0.0049952830571795,-0.0011520498059764,joint_parent_percentile,,0.0009811552245613,1000,1000,0,fixed_equal_cell_weights__common_complete_all_declared_methods_conditions,,
43d0a7f75c8afab6d32ab6fd1f2ff8db49cca59e36971e2b74404173f4cbfcf2,stress,domain_aggregate,ARFIMA,all_lengths,,,,DFA::short_scales,polynomial_trend__order_2__strength_0.25,absolute_error_inflation,,-0.0003197163944332,-0.0008464099280606,0.0002133723255066,joint_parent_percentile,,0.0002755510227165,1000,1000,0,fixed_equal_cell_weights__common_complete_all_declared_methods_conditions,,
43d0a7f75c8afab6d32ab6fd1f2ff8db49cca59e36971e2b74404173f4cbfcf2,stress,domain_aggregate,ARFIMA,all_lengths,,,,DMA::balanced_windows,polynomial_trend__order_2__strength_0.25,absolute_error_inflation,,-0.0277323095784311,-0.0342089590329782,-0.021500413758884,joint_parent_percentile,,0.0033305198560651,1000,1000,0,fixed_equal_cell_weights__common_complete_all_declared_methods_conditions,,
43d0a7f75c8afab6d32ab6fd1f2ff8db49cca59e36971e2b74404173f4cbfcf2,stress,domain_aggregate,ARFIMA,all_lengths,,,,DMA::long_windows,polynomial_trend__order_2__strength_0.25,absolute_error_inflation,,-0.0566062515440421,-0.0650403757411279,-0.0485094866644763,joint_parent_percentile,,0.004257824333826,1000,1000,0,fixed_equal_cell_weights__common_complete_all_declared_methods_conditions,,
43d0a7f75c8afab6d32ab6fd1f2ff8db49cca59e36971e2b74404173f4cbfcf2,stress,domain_aggregate,ARFIMA,all_lengths,,,,DMA::short_windows,polynomial_trend__order_2__strength_0.25,absolute_error_inflation,,0.0007010197572087,-0.0042176058922088,0.0054951320081157,joint_parent_percentile,,0.0024909545144047,1000,1000,0,fixed_equal_cell_weights__common_complete_all_declared_methods_conditions,,
43d0a7f75c8afab6d32ab6fd1f2ff8db49cca59e36971e2b74404173f4cbfcf2,stress,domain_aggregate,ARFIMA,all_lengths,,,,GHE,polynomial_trend__order_2__strength_0.25,absolute_error_inflation,,-0.0017774158159098,-0.0049719369573419,0.0013420736687692,joint_parent_percentile,,0.0016089631914455,1000,1000,0,fixed_equal_cell_weights__common_complete_all_declared_methods_conditions,,
43d0a7f75c8afab6d32ab6fd1f2ff8db49cca59e36971e2b74404173f4cbfcf2,stress,domain_aggregate,ARFIMA,all_lengths,,,,GHE::centered,polynomial_trend__order_2__strength_0.25,absolute_error_inflation,,-0.0186908941285505,-0.022388349897996,-0.0149116343249558,joint_parent_percentile,,0.001919105899385,1000,1000,0,fixed_equal_cell_weights__common_complete_all_declared_methods_conditions,,
43d0a7f75c8afab6d32ab6fd1f2ff8db49cca59e36971e2b74404173f4cbfcf2,stress,domain_aggregate,ARFIMA,all_lengths,,,,GPH::narrow_band,polynomial_trend__order_2__strength_0.25,absolute_error_inflation,,0.0272780486931885,0.0204875357900669,0.0344304141646588,joint_parent_percentile,,0.0035143915343334,1000,1000,0,fixed_equal_cell_weights__common_complete_all_declared_methods_conditions,,
43d0a7f75c8afab6d32ab6fd1f2ff8db49cca59e36971e2b74404173f4cbfcf2,stress,domain_aggregate,ARFIMA,all_lengths,,,,GPH::wider_band,polynomial_trend__order_2__strength_0.25,absolute_error_inflation,,0.0141788059222099,0.010141855300745,0.0185571865218268,joint_parent_percentile,,0.0021621477618842,1000,1000,0,fixed_equal_cell_weights__common_complete_all_declared_methods_conditions,,
43d0a7f75c8afab6d32ab6fd1f2ff8db49cca59e36971e2b74404173f4cbfcf2,stress,domain_aggregate,ARFIMA,all_lengths,,,,Higuchi,polynomial_trend__order_2__strength_0.25,absolute_error_inflation,,0.0012565636285334,-0.0014684740507221,0.0040270567815217,joint_parent_percentile,,0.0014043449833919,1000,1000,0,fixed_equal_cell_weights__common_complete_all_declared_methods_conditions,,
43d0a7f75c8afab6d32ab6fd1f2ff8db49cca59e36971e2b74404173f4cbfcf2,stress,domain_aggregate,ARFIMA,all_lengths,,,,Higuchi::centered,polynomial_trend__order_2__strength_0.25,absolute_error_inflation,,-0.0113464060527511,-0.0142940177451546,-0.0082595723930648,joint_parent_percentile,,0.0015769136553933,1000,1000,0,fixed_equal_cell_weights__common_complete_all_declared_methods_conditions,,
43d0a7f75c8afab6d32ab6fd1f2ff8db49cca59e36971e2b74404173f4cbfcf2,stress,domain_aggregate,ARFIMA,all_lengths,,,,ModifiedLocalWhittle,polynomial_trend__order_2__strength_0.25,absolute_error_inflation,,0.0151805780872283,0.0117436827756824,0.0188366235199732,joint_parent_percentile,,0.0018516195124376,1000,1000,0,fixed_equal_cell_weights__common_complete_all_declared_methods_conditions,,
43d0a7f75c8afab6d32ab6fd1f2ff8db49cca59e36971e2b74404173f4cbfcf2,stress,domain_aggregate,ARFIMA,all_lengths,,,,RS,polynomial_trend__order_2__strength_0.25,absolute_error_inflation,,-0.0017890038692884,-0.0028741899052911,-0.0006747747517334,joint_parent_percentile,,0.0005735063166376,1000,1000,0,fixed_equal_cell_weights__common_complete_all_declared_methods_conditions,,
43d0a7f75c8afab6d32ab6fd1f2ff8db49cca59e36971e2b74404173f4cbfcf2,stress,domain_aggregate,ARFIMA,all_lengths,,,,Variance,polynomial_trend__order_2__strength_0.25,absolute_error_inflation,,-0.0305998136992301,-0.0431200431047458,-0.0186059391948561,joint_parent_percentile,,0.0063097036616651,1000,1000,0,fixed_equal_cell_weights__common_complete_all_declared_methods_conditions,,
43d0a7f75c8afab6d32ab6fd1f2ff8db49cca59e36971e2b74404173f4cbfcf2,stress,domain_aggregate,ARFIMA,all_lengths,,,,VarianceResidual,polynomial_trend__order_2__strength_0.25,absolute_error_inflation,,-0.0024927224067841,-0.003701646927428,-0.0011469639107388,joint_parent_percentile,,0.0006655992103881,1000,1000,0,fixed_equal_cell_weights__common_complete_all_declared_methods_conditions,,
43d0a7f75c8afab6d32ab6fd1f2ff8db49cca59e36971e2b74404173f4cbfcf2,stress,domain_aggregate,ARFIMA,all_lengths,,,,WaveletOLS::broad_band,polynomial_trend__order_2__strength_0.25,absolute_error_inflation,,-0.0007545270686223,-0.0014893632879813,-6.11906355897308e-05,joint_parent_percentile,,0.0003580257950517,1000,1000,0,fixed_equal_cell_weights__common_complete_all_declared_methods_conditions,,
43d0a7f75c8afab6d32ab6fd1f2ff8db49cca59e36971e2b74404173f4cbfcf2,stress,domain_aggregate,ARFIMA,all_lengths,,,,WaveletOLS::conservative_band,polynomial_trend__order_2__strength_0.25,absolute_error_inflation,,-2.64781787211385e-05,-0.0001492302069789,9.67583912461413e-05,joint_parent_percentile,,6.193502096359753e-05,1000,1000,0,fixed_equal_cell_weights__common_complete_all_declared_methods_conditions,,
43d0a7f75c8afab6d32ab6fd1f2ff8db49cca59e36971e2b74404173f4cbfcf2,stress,domain_aggregate,ARFIMA,all_lengths,,,,WaveletOLS::upper_band,polynomial_trend__order_2__strength_0.25,absolute_error_inflation,,2.0322090519893365e-05,-0.0001946272692461,0.0002402189822266,joint_parent_percentile,,0.0001101229677374,1000,1000,0,fixed_equal_cell_weights__common_complete_all_declared_methods_conditions,,
43d0a7f75c8afab6d32ab6fd1f2ff8db49cca59e36971e2b74404173f4cbfcf2,stress,domain_aggregate,ARFIMA,all_lengths,,,,WhittleMLE,polynomial_trend__order_2__strength_0.25,absolute_error_inflation,,0.0157518613300064,0.0122808768434692,0.0194138650850934,joint_parent_percentile,,0.0018582931674753,1000,1000,0,fixed_equal_cell_weights__common_complete_all_declared_methods_conditions,,
43d0a7f75c8afab6d32ab6fd1f2ff8db49cca59e36971e2b74404173f4cbfcf2,stress,domain_aggregate,ARFIMA,all_lengths,,,,AbsoluteMoment,polynomial_trend__order_2__strength_0.5,absolute_error_inflation,,-0.0469697411727092,-0.0615392539185948,-0.0317446196398438,joint_parent_percentile,,0.0075257886167197,1000,1000,0,fixed_equal_cell_weights__common_complete_all_declared_methods_conditions,,
43d0a7f75c8afab6d32ab6fd1f2ff8db49cca59e36971e2b74404173f4cbfcf2,stress,domain_aggregate,ARFIMA,all_lengths,,,,DFA::balanced_scales,polynomial_trend__order_2__strength_0.5,absolute_error_inflation,,-0.0032817183652652,-0.0052502358351787,-0.0011895266044405,joint_parent_percentile,,0.0010330810803402,1000,1000,0,fixed_equal_cell_weights__common_complete_all_declared_methods_conditions,,
43d0a7f75c8afab6d32ab6fd1f2ff8db49cca59e36971e2b74404173f4cbfcf2,stress,domain_aggregate,ARFIMA,all_lengths,,,,DFA::long_scales,polynomial_trend__order_2__strength_0.5,absolute_error_inflation,,-0.0029702418616701,-0.0069118848692794,0.0006510893715438,joint_parent_percentile,,0.0019436903791731,1000,1000,0,fixed_equal_cell_weights__common_complete_all_declared_methods_conditions,,
43d0a7f75c8afab6d32ab6fd1f2ff8db49cca59e36971e2b74404173f4cbfcf2,stress,domain_aggregate,ARFIMA,all_lengths,,,,DFA::short_scales,polynomial_trend__order_2__strength_0.5,absolute_error_inflation,,-0.0008491716859203,-0.0019736075682099,0.0002687203576411,joint_parent_percentile,,0.0005691113804016,1000,1000,0,fixed_equal_cell_weights__common_complete_all_declared_methods_conditions,,
43d0a7f75c8afab6d32ab6fd1f2ff8db49cca59e36971e2b74404173f4cbfcf2,stress,domain_aggregate,ARFIMA,all_lengths,,,,DMA::balanced_windows,polynomial_trend__order_2__strength_0.5,absolute_error_inflation,,0.0033331692797653,-0.0031618701093316,0.0098103541846612,joint_parent_percentile,,0.0033683403138665,1000,1000,0,fixed_equal_cell_weights__common_complete_all_declared_methods_conditions,,
43d0a7f75c8afab6d32ab6fd1f2ff8db49cca59e36971e2b74404173f4cbfcf2,stress,domain_aggregate,ARFIMA,all_lengths,,,,DMA::long_windows,polynomial_trend__order_2__strength_0.5,absolute_error_inflation,,-0.0602129565406851,-0.0685796186719822,-0.0519584217783676,joint_parent_percentile,,0.0042857378257208,1000,1000,0,fixed_equal_cell_weights__common_complete_all_declared_methods_conditions,,
43d0a7f75c8afab6d32ab6fd1f2ff8db49cca59e36971e2b74404173f4cbfcf2,stress,domain_aggregate,ARFIMA,all_lengths,,,,DMA::short_windows,polynomial_trend__order_2__strength_0.5,absolute_error_inflation,,0.0586369816531441,0.0537169040521582,0.0636578274989878,joint_parent_percentile,,0.0025735189838631,1000,1000,0,fixed_equal_cell_weights__common_complete_all_declared_methods_conditions,,
43d0a7f75c8afab6d32ab6fd1f2ff8db49cca59e36971e2b74404173f4cbfcf2,stress,domain_aggregate,ARFIMA,all_lengths,,,,GHE,polynomial_trend__order_2__strength_0.5,absolute_error_inflation,,0.0365651383921831,0.0325604286195503,0.0403710315583957,joint_parent_percentile,,0.0019706032161128,1000,1000,0,fixed_equal_cell_weights__common_complete_all_declared_methods_conditions,,
43d0a7f75c8afab6d32ab6fd1f2ff8db49cca59e36971e2b74404173f4cbfcf2,stress,domain_aggregate,ARFIMA,all_lengths,,,,GHE::centered,polynomial_trend__order_2__strength_0.5,absolute_error_inflation,,0.0132479275780874,0.0089851157622729,0.0175059479648521,joint_parent_percentile,,0.0022149475658069,1000,1000,0,fixed_equal_cell_weights__common_complete_all_declared_methods_conditions,,
43d0a7f75c8afab6d32ab6fd1f2ff8db49cca59e36971e2b74404173f4cbfcf2,stress,domain_aggregate,ARFIMA,all_lengths,,,,GPH::narrow_band,polynomial_trend__order_2__strength_0.5,absolute_error_inflation,,0.13002164424798,0.121699776696009,0.1385225335271758,joint_parent_percentile,,0.0043302466636632,1000,1000,0,fixed_equal_cell_weights__common_complete_all_declared_methods_conditions,,
43d0a7f75c8afab6d32ab6fd1f2ff8db49cca59e36971e2b74404173f4cbfcf2,stress,domain_aggregate,ARFIMA,all_lengths,,,,GPH::wider_band,polynomial_trend__order_2__strength_0.5,absolute_error_inflation,,0.0796808664179638,0.0739348451899989,0.0853493102902489,joint_parent_percentile,,0.0028765663313221,1000,1000,0,fixed_equal_cell_weights__common_complete_all_declared_methods_conditions,,
43d0a7f75c8afab6d32ab6fd1f2ff8db49cca59e36971e2b74404173f4cbfcf2,stress,domain_aggregate,ARFIMA,all_lengths,,,,Higuchi,polynomial_trend__order_2__strength_0.5,absolute_error_inflation,,0.0406964820702596,0.0370441582433742,0.0443500442593084,joint_parent_percentile,,0.0018570105969063,1000,1000,0,fixed_equal_cell_weights__common_complete_all_declared_methods_conditions,,
43d0a7f75c8afab6d32ab6fd1f2ff8db49cca59e36971e2b74404173f4cbfcf2,stress,domain_aggregate,ARFIMA,all_lengths,,,,Higuchi::centered,polynomial_trend__order_2__strength_0.5,absolute_error_inflation,,0.0227864125906512,0.0186552050070373,0.0268783230692609,joint_parent_percentile,,0.0020869409429804,1000,1000,0,fixed_equal_cell_weights__common_complete_all_declared_methods_conditions,,
43d0a7f75c8afab6d32ab6fd1f2ff8db49cca59e36971e2b74404173f4cbfcf2,stress,domain_aggregate,ARFIMA,all_lengths,,,,ModifiedLocalWhittle,polynomial_trend__order_2__strength_0.5,absolute_error_inflation,,0.0871806192103409,0.0825593669625166,0.0916741002172746,joint_parent_percentile,,0.0023203140632631,1000,1000,0,fixed_equal_cell_weights__common_complete_all_declared_methods_conditions,,
43d0a7f75c8afab6d32ab6fd1f2ff8db49cca59e36971e2b74404173f4cbfcf2,stress,domain_aggregate,ARFIMA,all_lengths,,,,RS,polynomial_trend__order_2__strength_0.5,absolute_error_inflation,,-0.0003807166189526,-0.0024107113230482,0.0016753101189685,joint_parent_percentile,,0.0010378538919907,1000,1000,0,fixed_equal_cell_weights__common_complete_all_declared_methods_conditions,,
43d0a7f75c8afab6d32ab6fd1f2ff8db49cca59e36971e2b74404173f4cbfcf2,stress,domain_aggregate,ARFIMA,all_lengths,,,,Variance,polynomial_trend__order_2__strength_0.5,absolute_error_inflation,,-0.0272347182597709,-0.041683927235325,-0.0123580350093531,joint_parent_percentile,,0.0074188955950695,1000,1000,0,fixed_equal_cell_weights__common_complete_all_declared_methods_conditions,,
43d0a7f75c8afab6d32ab6fd1f2ff8db49cca59e36971e2b74404173f4cbfcf2,stress,domain_aggregate,ARFIMA,all_lengths,,,,VarianceResidual,polynomial_trend__order_2__strength_0.5,absolute_error_inflation,,-0.0073205084489299,-0.0098762854313635,-0.0047250249323378,joint_parent_percentile,,0.0012975666695958,1000,1000,0,fixed_equal_cell_weights__common_complete_all_declared_methods_conditions,,
43d0a7f75c8afab6d32ab6fd1f2ff8db49cca59e36971e2b74404173f4cbfcf2,stress,domain_aggregate,ARFIMA,all_lengths,,,,WaveletOLS::broad_band,polynomial_trend__order_2__strength_0.5,absolute_error_inflation,,-0.0020695795498975,-0.0034915340373864,-0.0006969602879878,joint_parent_percentile,,0.0007122117722832,1000,1000,0,fixed_equal_cell_weights__common_complete_all_declared_methods_conditions,,
43d0a7f75c8afab6d32ab6fd1f2ff8db49cca59e36971e2b74404173f4cbfcf2,stress,domain_aggregate,ARFIMA,all_lengths,,,,WaveletOLS::conservative_band,polynomial_trend__order_2__strength_0.5,absolute_error_inflation,,-5.083819016845487e-05,-0.0002883916154713,0.0001875120541043,joint_parent_percentile,,0.0001228166246017,1000,1000,0,fixed_equal_cell_weights__common_complete_all_declared_methods_conditions,,
43d0a7f75c8afab6d32ab6fd1f2ff8db49cca59e36971e2b74404173f4cbfcf2,stress,domain_aggregate,ARFIMA,all_lengths,,,,WaveletOLS::upper_band,polynomial_trend__order_2__strength_0.5,absolute_error_inflation,,-3.937204888340359e-05,-0.0004640803735973,0.0003992493165779,joint_parent_percentile,,0.0002185121974287,1000,1000,0,fixed_equal_cell_weights__common_complete_all_declared_methods_conditions,,
43d0a7f75c8afab6d32ab6fd1f2ff8db49cca59e36971e2b74404173f4cbfcf2,stress,domain_aggregate,ARFIMA,all_lengths,,,,WhittleMLE,polynomial_trend__order_2__strength_0.5,absolute_error_inflation,,0.0884718091660759,0.0838695067945424,0.0929299821115597,joint_parent_percentile,,0.0023141915314599,1000,1000,0,fixed_equal_cell_weights__common_complete_all_declared_methods_conditions,,
43d0a7f75c8afab6d32ab6fd1f2ff8db49cca59e36971e2b74404173f4cbfcf2,stress,domain_aggregate,ARFIMA,all_lengths,,,,AbsoluteMoment,polynomial_trend__order_2__strength_1,absolute_error_inflation,,-0.0562454861356566,-0.0686568241368441,-0.0439135298403374,joint_parent_percentile,,0.0063464933146028,1000,1000,0,fixed_equal_cell_weights__common_complete_all_declared_methods_conditions,,
43d0a7f75c8afab6d32ab6fd1f2ff8db49cca59e36971e2b74404173f4cbfcf2,stress,domain_aggregate,ARFIMA,all_lengths,,,,DFA::balanced_scales,polynomial_trend__order_2__strength_1,absolute_error_inflation,,0.0159383029668096,0.0118254376936186,0.0201137670194606,joint_parent_percentile,,0.0020850067184922,1000,1000,0,fixed_equal_cell_weights__common_complete_all_declared_methods_conditions,,
43d0a7f75c8afab6d32ab6fd1f2ff8db49cca59e36971e2b74404173f4cbfcf2,stress,domain_aggregate,ARFIMA,all_lengths,,,,DFA::long_scales,polynomial_trend__order_2__strength_1,absolute_error_inflation,,0.0573768682962188,0.0516517799774783,0.0630440796518312,joint_parent_percentile,,0.0029040075884965,1000,1000,0,fixed_equal_cell_weights__common_complete_all_declared_methods_conditions,,
43d0a7f75c8afab6d32ab6fd1f2ff8db49cca59e36971e2b74404173f4cbfcf2,stress,domain_aggregate,ARFIMA,all_lengths,,,,DFA::short_scales,polynomial_trend__order_2__strength_1,absolute_error_inflation,,0.0023965887287869,1.833539664143385e-05,0.0047307625569094,joint_parent_percentile,,0.0012215109189674,1000,1000,0,fixed_equal_cell_weights__common_complete_all_declared_methods_conditions,,
43d0a7f75c8afab6d32ab6fd1f2ff8db49cca59e36971e2b74404173f4cbfcf2,stress,domain_aggregate,ARFIMA,all_lengths,,,,DMA::balanced_windows,polynomial_trend__order_2__strength_1,absolute_error_inflation,,0.0760177232393664,0.0706380654455501,0.0815853090278029,joint_parent_percentile,,0.0027946596636915,1000,1000,0,fixed_equal_cell_weights__common_complete_all_declared_methods_conditions,,
43d0a7f75c8afab6d32ab6fd1f2ff8db49cca59e36971e2b74404173f4cbfcf2,stress,domain_aggregate,ARFIMA,all_lengths,,,,DMA::long_windows,polynomial_trend__order_2__strength_1,absolute_error_inflation,,-0.0079404419864974,-0.0149759584748144,-0.0008104235973219,joint_parent_percentile,,0.0036049702421166,1000,1000,0,fixed_equal_cell_weights__common_complete_all_declared_methods_conditions,,
43d0a7f75c8afab6d32ab6fd1f2ff8db49cca59e36971e2b74404173f4cbfcf2,stress,domain_aggregate,ARFIMA,all_lengths,,,,DMA::short_windows,polynomial_trend__order_2__strength_1,absolute_error_inflation,,0.1422256393821171,0.1384192147642813,0.1461722254052683,joint_parent_percentile,,0.0019967641552028,1000,1000,0,fixed_equal_cell_weights__common_complete_all_declared_methods_conditions,,
43d0a7f75c8afab6d32ab6fd1f2ff8db49cca59e36971e2b74404173f4cbfcf2,stress,domain_aggregate,ARFIMA,all_lengths,,,,GHE,polynomial_trend__order_2__strength_1,absolute_error_inflation,,0.1171441352199268,0.1139000990127987,0.1201943464595059,joint_parent_percentile,,0.0015640495139106,1000,1000,0,fixed_equal_cell_weights__common_complete_all_declared_methods_conditions,,
43d0a7f75c8afab6d32ab6fd1f2ff8db49cca59e36971e2b74404173f4cbfcf2,stress,domain_aggregate,ARFIMA,all_lengths,,,,GHE::centered,polynomial_trend__order_2__strength_1,absolute_error_inflation,,0.1019251151522082,0.0987074948632912,0.1052245513837653,joint_parent_percentile,,0.001660769892494,1000,1000,0,fixed_equal_cell_weights__common_complete_all_declared_methods_conditions,,
43d0a7f75c8afab6d32ab6fd1f2ff8db49cca59e36971e2b74404173f4cbfcf2,stress,domain_aggregate,ARFIMA,all_lengths,,,,GPH::narrow_band,polynomial_trend__order_2__strength_1,absolute_error_inflation,,0.3415684503074304,0.3335283446920822,0.3494282822425696,joint_parent_percentile,,0.0040776975276747,1000,1000,0,fixed_equal_cell_weights__common_complete_all_declared_methods_conditions,,
43d0a7f75c8afab6d32ab6fd1f2ff8db49cca59e36971e2b74404173f4cbfcf2,stress,domain_aggregate,ARFIMA,all_lengths,,,,GPH::wider_band,polynomial_trend__order_2__strength_1,absolute_error_inflation,,0.2367991078387278,0.2311419639380147,0.2423626825311138,joint_parent_percentile,,0.0028522974642937,1000,1000,0,fixed_equal_cell_weights__common_complete_all_declared_methods_conditions,,
43d0a7f75c8afab6d32ab6fd1f2ff8db49cca59e36971e2b74404173f4cbfcf2,stress,domain_aggregate,ARFIMA,all_lengths,,,,Higuchi,polynomial_trend__order_2__strength_1,absolute_error_inflation,,0.1261120384335232,0.1233169156068681,0.1289175617053879,joint_parent_percentile,,0.0014163519482119,1000,1000,0,fixed_equal_cell_weights__common_complete_all_declared_methods_conditions,,
43d0a7f75c8afab6d32ab6fd1f2ff8db49cca59e36971e2b74404173f4cbfcf2,stress,domain_aggregate,ARFIMA,all_lengths,,,,Higuchi::centered,polynomial_trend__order_2__strength_1,absolute_error_inflation,,0.1159531167059758,0.1130328849997401,0.1189247602856082,joint_parent_percentile,,0.0015112772236848,1000,1000,0,fixed_equal_cell_weights__common_complete_all_declared_methods_conditions,,
43d0a7f75c8afab6d32ab6fd1f2ff8db49cca59e36971e2b74404173f4cbfcf2,stress,domain_aggregate,ARFIMA,all_lengths,,,,ModifiedLocalWhittle,polynomial_trend__order_2__strength_1,absolute_error_inflation,,0.1799415608999654,0.1772734719259947,0.1828102795672914,joint_parent_percentile,,0.0014557795640084,1000,1000,0,fixed_equal_cell_weights__common_complete_all_declared_methods_conditions,,
43d0a7f75c8afab6d32ab6fd1f2ff8db49cca59e36971e2b74404173f4cbfcf2,stress,domain_aggregate,ARFIMA,all_lengths,,,,RS,polynomial_trend__order_2__strength_1,absolute_error_inflation,,0.0269843554943332,0.0239104675223344,0.0301244517490895,joint_parent_percentile,,0.0016080816810307,1000,1000,0,fixed_equal_cell_weights__common_complete_all_declared_methods_conditions,,
43d0a7f75c8afab6d32ab6fd1f2ff8db49cca59e36971e2b74404173f4cbfcf2,stress,domain_aggregate,ARFIMA,all_lengths,,,,Variance,polynomial_trend__order_2__strength_1,absolute_error_inflation,,-0.0313393504642763,-0.0430557062229635,-0.0192915884503557,joint_parent_percentile,,0.0061537543792201,1000,1000,0,fixed_equal_cell_weights__common_complete_all_declared_methods_conditions,,
43d0a7f75c8afab6d32ab6fd1f2ff8db49cca59e36971e2b74404173f4cbfcf2,stress,domain_aggregate,ARFIMA,all_lengths,,,,VarianceResidual,polynomial_trend__order_2__strength_1,absolute_error_inflation,,0.0049476924938036,0.0003257407346918,0.0095804509336204,joint_parent_percentile,,0.0023791893608817,1000,1000,0,fixed_equal_cell_weights__common_complete_all_declared_methods_conditions,,
43d0a7f75c8afab6d32ab6fd1f2ff8db49cca59e36971e2b74404173f4cbfcf2,stress,domain_aggregate,ARFIMA,all_lengths,,,,WaveletOLS::broad_band,polynomial_trend__order_2__strength_1,absolute_error_inflation,,-0.0042663102851428,-0.0070875855370695,-0.0016003872823114,joint_parent_percentile,,0.0013792746411543,1000,1000,0,fixed_equal_cell_weights__common_complete_all_declared_methods_conditions,,
43d0a7f75c8afab6d32ab6fd1f2ff8db49cca59e36971e2b74404173f4cbfcf2,stress,domain_aggregate,ARFIMA,all_lengths,,,,WaveletOLS::conservative_band,polynomial_trend__order_2__strength_1,absolute_error_inflation,,-0.0001186841428169,-0.0005840525062728,0.0003596759800991,joint_parent_percentile,,0.0002440637360243,1000,1000,0,fixed_equal_cell_weights__common_complete_all_declared_methods_conditions,,
43d0a7f75c8afab6d32ab6fd1f2ff8db49cca59e36971e2b74404173f4cbfcf2,stress,domain_aggregate,ARFIMA,all_lengths,,,,WaveletOLS::upper_band,polynomial_trend__order_2__strength_1,absolute_error_inflation,,-0.0003340653986162,-0.0011809239053358,0.0005246859989896,joint_parent_percentile,,0.0004339603737375,1000,1000,0,fixed_equal_cell_weights__common_complete_all_declared_methods_conditions,,
43d0a7f75c8afab6d32ab6fd1f2ff8db49cca59e36971e2b74404173f4cbfcf2,stress,domain_aggregate,ARFIMA,all_lengths,,,,WhittleMLE,polynomial_trend__order_2__strength_1,absolute_error_inflation,,0.1801490484641984,0.1775076867277346,0.182974334320748,joint_parent_percentile,,0.0014459770572639,1000,1000,0,fixed_equal_cell_weights__common_complete_all_declared_methods_conditions,,
43d0a7f75c8afab6d32ab6fd1f2ff8db49cca59e36971e2b74404173f4cbfcf2,stress,domain_aggregate,ARFIMA,all_lengths,,,,AbsoluteMoment,step_change__position_0.25__shift_0.5,absolute_error_inflation,,-0.0675300651175087,-0.0830734909326465,-0.0519499741594775,joint_parent_percentile,,0.0079185484254922,1000,1000,0,fixed_equal_cell_weights__common_complete_all_declared_methods_conditions,,
43d0a7f75c8afab6d32ab6fd1f2ff8db49cca59e36971e2b74404173f4cbfcf2,stress,domain_aggregate,ARFIMA,all_lengths,,,,DFA::balanced_scales,step_change__position_0.25__shift_0.5,absolute_error_inflation,,-0.0018885964561376,-0.0028621176956133,-0.0008904647591252,joint_parent_percentile,,0.0005116122910786,1000,1000,0,fixed_equal_cell_weights__common_complete_all_declared_methods_conditions,,
43d0a7f75c8afab6d32ab6fd1f2ff8db49cca59e36971e2b74404173f4cbfcf2,stress,domain_aggregate,ARFIMA,all_lengths,,,,DFA::long_scales,step_change__position_0.25__shift_0.5,absolute_error_inflation,,-0.001052023054128,-0.0041356186808579,0.0021802363933249,joint_parent_percentile,,0.0016264170065655,1000,1000,0,fixed_equal_cell_weights__common_complete_all_declared_methods_conditions,,
43d0a7f75c8afab6d32ab6fd1f2ff8db49cca59e36971e2b74404173f4cbfcf2,stress,domain_aggregate,ARFIMA,all_lengths,,,,DFA::short_scales,step_change__position_0.25__shift_0.5,absolute_error_inflation,,-0.0002333354569861,-0.0013538399335554,0.0009873959323528,joint_parent_percentile,,0.000597655205451,1000,1000,0,fixed_equal_cell_weights__common_complete_all_declared_methods_conditions,,
43d0a7f75c8afab6d32ab6fd1f2ff8db49cca59e36971e2b74404173f4cbfcf2,stress,domain_aggregate,ARFIMA,all_lengths,,,,DMA::balanced_windows,step_change__position_0.25__shift_0.5,absolute_error_inflation,,-0.0225737187623716,-0.0276004949701085,-0.0178664064609348,joint_parent_percentile,,0.0025034701084603,1000,1000,0,fixed_equal_cell_weights__common_complete_all_declared_methods_conditions,,
43d0a7f75c8afab6d32ab6fd1f2ff8db49cca59e36971e2b74404173f4cbfcf2,stress,domain_aggregate,ARFIMA,all_lengths,,,,DMA::long_windows,step_change__position_0.25__shift_0.5,absolute_error_inflation,,-0.0380989057901109,-0.0438561889157204,-0.0323802995377162,joint_parent_percentile,,0.0030193431802725,1000,1000,0,fixed_equal_cell_weights__common_complete_all_declared_methods_conditions,,
43d0a7f75c8afab6d32ab6fd1f2ff8db49cca59e36971e2b74404173f4cbfcf2,stress,domain_aggregate,ARFIMA,all_lengths,,,,DMA::short_windows,step_change__position_0.25__shift_0.5,absolute_error_inflation,,-0.0040213929571559,-0.0081580568612147,2.150553475219798e-05,joint_parent_percentile,,0.0021233552379121,1000,1000,0,fixed_equal_cell_weights__common_complete_all_declared_methods_conditions,,
43d0a7f75c8afab6d32ab6fd1f2ff8db49cca59e36971e2b74404173f4cbfcf2,stress,domain_aggregate,ARFIMA,all_lengths,,,,GHE,step_change__position_0.25__shift_0.5,absolute_error_inflation,,0.0485004410198814,0.044134496664797,0.0527683924201551,joint_parent_percentile,,0.0022004873615746,1000,1000,0,fixed_equal_cell_weights__common_complete_all_declared_methods_conditions,,
43d0a7f75c8afab6d32ab6fd1f2ff8db49cca59e36971e2b74404173f4cbfcf2,stress,domain_aggregate,ARFIMA,all_lengths,,,,GHE::centered,step_change__position_0.25__shift_0.5,absolute_error_inflation,,-0.0186334808542281,-0.022003655500955,-0.0152824161163705,joint_parent_percentile,,0.0017395286082001,1000,1000,0,fixed_equal_cell_weights__common_complete_all_declared_methods_conditions,,
43d0a7f75c8afab6d32ab6fd1f2ff8db49cca59e36971e2b74404173f4cbfcf2,stress,domain_aggregate,ARFIMA,all_lengths,,,,GPH::narrow_band,step_change__position_0.25__shift_0.5,absolute_error_inflation,,0.0216338513156007,0.0152039489608747,0.0284809222536932,joint_parent_percentile,,0.0034052607511028,1000,1000,0,fixed_equal_cell_weights__common_complete_all_declared_methods_conditions,,
43d0a7f75c8afab6d32ab6fd1f2ff8db49cca59e36971e2b74404173f4cbfcf2,stress,domain_aggregate,ARFIMA,all_lengths,,,,GPH::wider_band,step_change__position_0.25__shift_0.5,absolute_error_inflation,,0.010319600781525,0.0063651975426126,0.0144411798350235,joint_parent_percentile,,0.0020738950817125,1000,1000,0,fixed_equal_cell_weights__common_complete_all_declared_methods_conditions,,
43d0a7f75c8afab6d32ab6fd1f2ff8db49cca59e36971e2b74404173f4cbfcf2,stress,domain_aggregate,ARFIMA,all_lengths,,,,Higuchi,step_change__position_0.25__shift_0.5,absolute_error_inflation,,0.0440220471025406,0.039887149901165,0.0480321459211728,joint_parent_percentile,,0.0021017016534497,1000,1000,0,fixed_equal_cell_weights__common_complete_all_declared_methods_conditions,,
43d0a7f75c8afab6d32ab6fd1f2ff8db49cca59e36971e2b74404173f4cbfcf2,stress,domain_aggregate,ARFIMA,all_lengths,,,,Higuchi::centered,step_change__position_0.25__shift_0.5,absolute_error_inflation,,-0.011974799866645,-0.0147599630035172,-0.0092217963532591,joint_parent_percentile,,0.0014013591325604,1000,1000,0,fixed_equal_cell_weights__common_complete_all_declared_methods_conditions,,
43d0a7f75c8afab6d32ab6fd1f2ff8db49cca59e36971e2b74404173f4cbfcf2,stress,domain_aggregate,ARFIMA,all_lengths,,,,ModifiedLocalWhittle,step_change__position_0.25__shift_0.5,absolute_error_inflation,,0.0098291370038233,0.0065201281838482,0.0131685501527487,joint_parent_percentile,,0.0016840043922954,1000,1000,0,fixed_equal_cell_weights__common_complete_all_declared_methods_conditions,,
43d0a7f75c8afab6d32ab6fd1f2ff8db49cca59e36971e2b74404173f4cbfcf2,stress,domain_aggregate,ARFIMA,all_lengths,,,,RS,step_change__position_0.25__shift_0.5,absolute_error_inflation,,-0.002077742597696,-0.0036995914359125,-0.0002701597539445,joint_parent_percentile,,0.0008740947144804,1000,1000,0,fixed_equal_cell_weights__common_complete_all_declared_methods_conditions,,
43d0a7f75c8afab6d32ab6fd1f2ff8db49cca59e36971e2b74404173f4cbfcf2,stress,domain_aggregate,ARFIMA,all_lengths,,,,Variance,step_change__position_0.25__shift_0.5,absolute_error_inflation,,-0.0532413240423326,-0.0684094098613262,-0.0379292337060798,joint_parent_percentile,,0.007724576172755,1000,1000,0,fixed_equal_cell_weights__common_complete_all_declared_methods_conditions,,
43d0a7f75c8afab6d32ab6fd1f2ff8db49cca59e36971e2b74404173f4cbfcf2,stress,domain_aggregate,ARFIMA,all_lengths,,,,VarianceResidual,step_change__position_0.25__shift_0.5,absolute_error_inflation,,-0.0052492516691851,-0.0073426852115743,-0.0030520653272524,joint_parent_percentile,,0.0010731658092901,1000,1000,0,fixed_equal_cell_weights__common_complete_all_declared_methods_conditions,,
43d0a7f75c8afab6d32ab6fd1f2ff8db49cca59e36971e2b74404173f4cbfcf2,stress,domain_aggregate,ARFIMA,all_lengths,,,,WaveletOLS::broad_band,step_change__position_0.25__shift_0.5,absolute_error_inflation,,-0.0005039222336007,-0.0017198185120206,0.0007281756403101,joint_parent_percentile,,0.0006269229628168,1000,1000,0,fixed_equal_cell_weights__common_complete_all_declared_methods_conditions,,
43d0a7f75c8afab6d32ab6fd1f2ff8db49cca59e36971e2b74404173f4cbfcf2,stress,domain_aggregate,ARFIMA,all_lengths,,,,WaveletOLS::conservative_band,step_change__position_0.25__shift_0.5,absolute_error_inflation,,-0.0012891111658278,-0.0021200795852691,-0.0005296470870271,joint_parent_percentile,,0.0004058687664131,1000,1000,0,fixed_equal_cell_weights__common_complete_all_declared_methods_conditions,,
43d0a7f75c8afab6d32ab6fd1f2ff8db49cca59e36971e2b74404173f4cbfcf2,stress,domain_aggregate,ARFIMA,all_lengths,,,,WaveletOLS::upper_band,step_change__position_0.25__shift_0.5,absolute_error_inflation,,-0.0004170079368621,-0.001147621697879,0.000345357701738,joint_parent_percentile,,0.0003781594567419,1000,1000,0,fixed_equal_cell_weights__common_complete_all_declared_methods_conditions,,
43d0a7f75c8afab6d32ab6fd1f2ff8db49cca59e36971e2b74404173f4cbfcf2,stress,domain_aggregate,ARFIMA,all_lengths,,,,WhittleMLE,step_change__position_0.25__shift_0.5,absolute_error_inflation,,0.0102890191612195,0.0069704021862637,0.0136555340443092,joint_parent_percentile,,0.0016890427659789,1000,1000,0,fixed_equal_cell_weights__common_complete_all_declared_methods_conditions,,
43d0a7f75c8afab6d32ab6fd1f2ff8db49cca59e36971e2b74404173f4cbfcf2,stress,domain_aggregate,ARFIMA,all_lengths,,,,AbsoluteMoment,step_change__position_0.25__shift_1,absolute_error_inflation,,-0.0716881116570258,-0.0833890240835587,-0.0601253090753869,joint_parent_percentile,,0.0062007124290745,1000,1000,0,fixed_equal_cell_weights__common_complete_all_declared_methods_conditions,,
43d0a7f75c8afab6d32ab6fd1f2ff8db49cca59e36971e2b74404173f4cbfcf2,stress,domain_aggregate,ARFIMA,all_lengths,,,,DFA::balanced_scales,step_change__position_0.25__shift_1,absolute_error_inflation,,-0.003179179965142,-0.0053367899215502,-0.0007990351955974,joint_parent_percentile,,0.0011682404635552,1000,1000,0,fixed_equal_cell_weights__common_complete_all_declared_methods_conditions,,
43d0a7f75c8afab6d32ab6fd1f2ff8db49cca59e36971e2b74404173f4cbfcf2,stress,domain_aggregate,ARFIMA,all_lengths,,,,DFA::long_scales,step_change__position_0.25__shift_1,absolute_error_inflation,,0.0205435151140829,0.0153896408267321,0.0256284064152142,joint_parent_percentile,,0.0026467830013174,1000,1000,0,fixed_equal_cell_weights__common_complete_all_declared_methods_conditions,,
43d0a7f75c8afab6d32ab6fd1f2ff8db49cca59e36971e2b74404173f4cbfcf2,stress,domain_aggregate,ARFIMA,all_lengths,,,,DFA::short_scales,step_change__position_0.25__shift_1,absolute_error_inflation,,0.0019132659532248,-0.000646442023179,0.0046280696109787,joint_parent_percentile,,0.0013101765222364,1000,1000,0,fixed_equal_cell_weights__common_complete_all_declared_methods_conditions,,
43d0a7f75c8afab6d32ab6fd1f2ff8db49cca59e36971e2b74404173f4cbfcf2,stress,domain_aggregate,ARFIMA,all_lengths,,,,DMA::balanced_windows,step_change__position_0.25__shift_1,absolute_error_inflation,,-0.0283600684225135,-0.0348717780507682,-0.0222839657318367,joint_parent_percentile,,0.0032307869689104,1000,1000,0,fixed_equal_cell_weights__common_complete_all_declared_methods_conditions,,
43d0a7f75c8afab6d32ab6fd1f2ff8db49cca59e36971e2b74404173f4cbfcf2,stress,domain_aggregate,ARFIMA,all_lengths,,,,DMA::long_windows,step_change__position_0.25__shift_1,absolute_error_inflation,,-0.0725173647238871,-0.0797577637696806,-0.0652358087931899,joint_parent_percentile,,0.0037026077904765,1000,1000,0,fixed_equal_cell_weights__common_complete_all_declared_methods_conditions,,
43d0a7f75c8afab6d32ab6fd1f2ff8db49cca59e36971e2b74404173f4cbfcf2,stress,domain_aggregate,ARFIMA,all_lengths,,,,DMA::short_windows,step_change__position_0.25__shift_1,absolute_error_inflation,,0.028011322403422,0.0226263418182459,0.0334273505445187,joint_parent_percentile,,0.0027114602645816,1000,1000,0,fixed_equal_cell_weights__common_complete_all_declared_methods_conditions,,
43d0a7f75c8afab6d32ab6fd1f2ff8db49cca59e36971e2b74404173f4cbfcf2,stress,domain_aggregate,ARFIMA,all_lengths,,,,GHE,step_change__position_0.25__shift_1,absolute_error_inflation,,0.1395530677900483,0.1363060193994872,0.1426246026916134,joint_parent_percentile,,0.0015978068883203,1000,1000,0,fixed_equal_cell_weights__common_complete_all_declared_methods_conditions,,
43d0a7f75c8afab6d32ab6fd1f2ff8db49cca59e36971e2b74404173f4cbfcf2,stress,domain_aggregate,ARFIMA,all_lengths,,,,GHE::centered,step_change__position_0.25__shift_1,absolute_error_inflation,,-0.0005150062200851,-0.0048778209467084,0.0040349269303979,joint_parent_percentile,,0.0022601154672196,1000,1000,0,fixed_equal_cell_weights__common_complete_all_declared_methods_conditions,,
43d0a7f75c8afab6d32ab6fd1f2ff8db49cca59e36971e2b74404173f4cbfcf2,stress,domain_aggregate,ARFIMA,all_lengths,,,,GPH::narrow_band,step_change__position_0.25__shift_1,absolute_error_inflation,,0.1033526786207272,0.0953291017286007,0.1117542965011832,joint_parent_percentile,,0.0043300352772547,1000,1000,0,fixed_equal_cell_weights__common_complete_all_declared_methods_conditions,,
43d0a7f75c8afab6d32ab6fd1f2ff8db49cca59e36971e2b74404173f4cbfcf2,stress,domain_aggregate,ARFIMA,all_lengths,,,,GPH::wider_band,step_change__position_0.25__shift_1,absolute_error_inflation,,0.0633705638592751,0.0579801949097466,0.069003076186874,joint_parent_percentile,,0.002789406091672,1000,1000,0,fixed_equal_cell_weights__common_complete_all_declared_methods_conditions,,
43d0a7f75c8afab6d32ab6fd1f2ff8db49cca59e36971e2b74404173f4cbfcf2,stress,domain_aggregate,ARFIMA,all_lengths,,,,Higuchi,step_change__position_0.25__shift_1,absolute_error_inflation,,0.1389418088405795,0.1358123613461647,0.1418302043264498,joint_parent_percentile,,0.0015112429121626,1000,1000,0,fixed_equal_cell_weights__common_complete_all_declared_methods_conditions,,
43d0a7f75c8afab6d32ab6fd1f2ff8db49cca59e36971e2b74404173f4cbfcf2,stress,domain_aggregate,ARFIMA,all_lengths,,,,Higuchi::centered,step_change__position_0.25__shift_1,absolute_error_inflation,,0.0106605324598513,0.0064379850486613,0.0148025666150182,joint_parent_percentile,,0.0021110976289922,1000,1000,0,fixed_equal_cell_weights__common_complete_all_declared_methods_conditions,,
43d0a7f75c8afab6d32ab6fd1f2ff8db49cca59e36971e2b74404173f4cbfcf2,stress,domain_aggregate,ARFIMA,all_lengths,,,,ModifiedLocalWhittle,step_change__position_0.25__shift_1,absolute_error_inflation,,0.0682839112383701,0.0633904340572723,0.0727828195172681,joint_parent_percentile,,0.0023516244687828,1000,1000,0,fixed_equal_cell_weights__common_complete_all_declared_methods_conditions,,
43d0a7f75c8afab6d32ab6fd1f2ff8db49cca59e36971e2b74404173f4cbfcf2,stress,domain_aggregate,ARFIMA,all_lengths,,,,RS,step_change__position_0.25__shift_1,absolute_error_inflation,,0.0088189107764447,0.0061228107385828,0.0116174601566429,joint_parent_percentile,,0.0014251101691268,1000,1000,0,fixed_equal_cell_weights__common_complete_all_declared_methods_conditions,,
43d0a7f75c8afab6d32ab6fd1f2ff8db49cca59e36971e2b74404173f4cbfcf2,stress,domain_aggregate,ARFIMA,all_lengths,,,,Variance,step_change__position_0.25__shift_1,absolute_error_inflation,,-0.0332992455997879,-0.0443844199850688,-0.0224021447088687,joint_parent_percentile,,0.005794808330386,1000,1000,0,fixed_equal_cell_weights__common_complete_all_declared_methods_conditions,,
43d0a7f75c8afab6d32ab6fd1f2ff8db49cca59e36971e2b74404173f4cbfcf2,stress,domain_aggregate,ARFIMA,all_lengths,,,,VarianceResidual,step_change__position_0.25__shift_1,absolute_error_inflation,,-0.0047668932788998,-0.0085449444244695,-0.0009853282727224,joint_parent_percentile,,0.0019080764369603,1000,1000,0,fixed_equal_cell_weights__common_complete_all_declared_methods_conditions,,
43d0a7f75c8afab6d32ab6fd1f2ff8db49cca59e36971e2b74404173f4cbfcf2,stress,domain_aggregate,ARFIMA,all_lengths,,,,WaveletOLS::broad_band,step_change__position_0.25__shift_1,absolute_error_inflation,,-0.001955254439839,-0.004435881457105,0.0004564949068165,joint_parent_percentile,,0.0012508310538036,1000,1000,0,fixed_equal_cell_weights__common_complete_all_declared_methods_conditions,,
43d0a7f75c8afab6d32ab6fd1f2ff8db49cca59e36971e2b74404173f4cbfcf2,stress,domain_aggregate,ARFIMA,all_lengths,,,,WaveletOLS::conservative_band,step_change__position_0.25__shift_1,absolute_error_inflation,,-0.0034538376739659,-0.0050953882657988,-0.0019171087487953,joint_parent_percentile,,0.0008120009379374,1000,1000,0,fixed_equal_cell_weights__common_complete_all_declared_methods_conditions,,
43d0a7f75c8afab6d32ab6fd1f2ff8db49cca59e36971e2b74404173f4cbfcf2,stress,domain_aggregate,ARFIMA,all_lengths,,,,WaveletOLS::upper_band,step_change__position_0.25__shift_1,absolute_error_inflation,,-0.001542483120269,-0.0029628317106153,-7.314875191725933e-05,joint_parent_percentile,,0.0007460085476449,1000,1000,0,fixed_equal_cell_weights__common_complete_all_declared_methods_conditions,,
43d0a7f75c8afab6d32ab6fd1f2ff8db49cca59e36971e2b74404173f4cbfcf2,stress,domain_aggregate,ARFIMA,all_lengths,,,,WhittleMLE,step_change__position_0.25__shift_1,absolute_error_inflation,,0.0695086532752403,0.064648694630546,0.0740137759880213,joint_parent_percentile,,0.0023464407872791,1000,1000,0,fixed_equal_cell_weights__common_complete_all_declared_methods_conditions,,
43d0a7f75c8afab6d32ab6fd1f2ff8db49cca59e36971e2b74404173f4cbfcf2,stress,domain_aggregate,ARFIMA,all_lengths,,,,AbsoluteMoment,step_change__position_0.25__shift_2,absolute_error_inflation,,0.0050795547882993,-0.0053413134681079,0.0153832525407814,joint_parent_percentile,,0.0054263055914377,1000,1000,0,fixed_equal_cell_weights__common_complete_all_declared_methods_conditions,,
43d0a7f75c8afab6d32ab6fd1f2ff8db49cca59e36971e2b74404173f4cbfcf2,stress,domain_aggregate,ARFIMA,all_lengths,,,,DFA::balanced_scales,step_change__position_0.25__shift_2,absolute_error_inflation,,0.0295546374951912,0.0253274318460948,0.0339847812730735,joint_parent_percentile,,0.0022273727663961,1000,1000,0,fixed_equal_cell_weights__common_complete_all_declared_methods_conditions,,
43d0a7f75c8afab6d32ab6fd1f2ff8db49cca59e36971e2b74404173f4cbfcf2,stress,domain_aggregate,ARFIMA,all_lengths,,,,DFA::long_scales,step_change__position_0.25__shift_2,absolute_error_inflation,,0.1333223046283507,0.127616675753452,0.1386889340077016,joint_parent_percentile,,0.0028648200397657,1000,1000,0,fixed_equal_cell_weights__common_complete_all_declared_methods_conditions,,
43d0a7f75c8afab6d32ab6fd1f2ff8db49cca59e36971e2b74404173f4cbfcf2,stress,domain_aggregate,ARFIMA,all_lengths,,,,DFA::short_scales,step_change__position_0.25__shift_2,absolute_error_inflation,,0.0531562955658547,0.0489164057224801,0.0575213416493072,joint_parent_percentile,,0.0021873393277286,1000,1000,0,fixed_equal_cell_weights__common_complete_all_declared_methods_conditions,,
43d0a7f75c8afab6d32ab6fd1f2ff8db49cca59e36971e2b74404173f4cbfcf2,stress,domain_aggregate,ARFIMA,all_lengths,,,,DMA::balanced_windows,step_change__position_0.25__shift_2,absolute_error_inflation,,0.0093203549589559,0.0032868955565057,0.0153654199209882,joint_parent_percentile,,0.0030566863558262,1000,1000,0,fixed_equal_cell_weights__common_complete_all_declared_methods_conditions,,
43d0a7f75c8afab6d32ab6fd1f2ff8db49cca59e36971e2b74404173f4cbfcf2,stress,domain_aggregate,ARFIMA,all_lengths,,,,DMA::long_windows,step_change__position_0.25__shift_2,absolute_error_inflation,,-0.0690145846333098,-0.0761026950636399,-0.0616795190982334,joint_parent_percentile,,0.0036804103090554,1000,1000,0,fixed_equal_cell_weights__common_complete_all_declared_methods_conditions,,
43d0a7f75c8afab6d32ab6fd1f2ff8db49cca59e36971e2b74404173f4cbfcf2,stress,domain_aggregate,ARFIMA,all_lengths,,,,DMA::short_windows,step_change__position_0.25__shift_2,absolute_error_inflation,,0.1067696948775835,0.1027502997923296,0.1110917814721821,joint_parent_percentile,,0.0021445429483841,1000,1000,0,fixed_equal_cell_weights__common_complete_all_declared_methods_conditions,,
43d0a7f75c8afab6d32ab6fd1f2ff8db49cca59e36971e2b74404173f4cbfcf2,stress,domain_aggregate,ARFIMA,all_lengths,,,,GHE,step_change__position_0.25__shift_2,absolute_error_inflation,,0.1821833052483076,0.1793439663215082,0.1847971234163259,joint_parent_percentile,,0.0013701788826395,1000,1000,0,fixed_equal_cell_weights__common_complete_all_declared_methods_conditions,,
43d0a7f75c8afab6d32ab6fd1f2ff8db49cca59e36971e2b74404173f4cbfcf2,stress,domain_aggregate,ARFIMA,all_lengths,,,,GHE::centered,step_change__position_0.25__shift_2,absolute_error_inflation,,0.0865551718089596,0.0831324078119384,0.0898714876887201,joint_parent_percentile,,0.0017134961060065,1000,1000,0,fixed_equal_cell_weights__common_complete_all_declared_methods_conditions,,
43d0a7f75c8afab6d32ab6fd1f2ff8db49cca59e36971e2b74404173f4cbfcf2,stress,domain_aggregate,ARFIMA,all_lengths,,,,GPH::narrow_band,step_change__position_0.25__shift_2,absolute_error_inflation,,0.2895669978784408,0.2815053684773856,0.2976734607726314,joint_parent_percentile,,0.0041974437167182,1000,1000,0,fixed_equal_cell_weights__common_complete_all_declared_methods_conditions,,
43d0a7f75c8afab6d32ab6fd1f2ff8db49cca59e36971e2b74404173f4cbfcf2,stress,domain_aggregate,ARFIMA,all_lengths,,,,GPH::wider_band,step_change__position_0.25__shift_2,absolute_error_inflation,,0.1976585905160313,0.1920381528904533,0.2033568849770988,joint_parent_percentile,,0.0028480055407316,1000,1000,0,fixed_equal_cell_weights__common_complete_all_declared_methods_conditions,,
43d0a7f75c8afab6d32ab6fd1f2ff8db49cca59e36971e2b74404173f4cbfcf2,stress,domain_aggregate,ARFIMA,all_lengths,,,,Higuchi,step_change__position_0.25__shift_2,absolute_error_inflation,,0.1860311913996893,0.1836129530692743,0.1882630100914454,joint_parent_percentile,,0.0012086521165229,1000,1000,0,fixed_equal_cell_weights__common_complete_all_declared_methods_conditions,,
43d0a7f75c8afab6d32ab6fd1f2ff8db49cca59e36971e2b74404173f4cbfcf2,stress,domain_aggregate,ARFIMA,all_lengths,,,,Higuchi::centered,step_change__position_0.25__shift_2,absolute_error_inflation,,0.1002478640709787,0.0971096800300523,0.103309400764508,joint_parent_percentile,,0.0015694662237297,1000,1000,0,fixed_equal_cell_weights__common_complete_all_declared_methods_conditions,,
43d0a7f75c8afab6d32ab6fd1f2ff8db49cca59e36971e2b74404173f4cbfcf2,stress,domain_aggregate,ARFIMA,all_lengths,,,,ModifiedLocalWhittle,step_change__position_0.25__shift_2,absolute_error_inflation,,0.1730186673141072,0.1699997378240218,0.1761512714858721,joint_parent_percentile,,0.0015921817562524,1000,1000,0,fixed_equal_cell_weights__common_complete_all_declared_methods_conditions,,
43d0a7f75c8afab6d32ab6fd1f2ff8db49cca59e36971e2b74404173f4cbfcf2,stress,domain_aggregate,ARFIMA,all_lengths,,,,RS,step_change__position_0.25__shift_2,absolute_error_inflation,,0.0531982843545,0.0501704608621019,0.0561784920109181,joint_parent_percentile,,0.0015623529392389,1000,1000,0,fixed_equal_cell_weights__common_complete_all_declared_methods_conditions,,
43d0a7f75c8afab6d32ab6fd1f2ff8db49cca59e36971e2b74404173f4cbfcf2,stress,domain_aggregate,ARFIMA,all_lengths,,,,Variance,step_change__position_0.25__shift_2,absolute_error_inflation,,0.0507711849888867,0.0403624133184805,0.0609210508841873,joint_parent_percentile,,0.0052186058513894,1000,1000,0,fixed_equal_cell_weights__common_complete_all_declared_methods_conditions,,
43d0a7f75c8afab6d32ab6fd1f2ff8db49cca59e36971e2b74404173f4cbfcf2,stress,domain_aggregate,ARFIMA,all_lengths,,,,VarianceResidual,step_change__position_0.25__shift_2,absolute_error_inflation,,0.050376033071174,0.0454776404166211,0.0550259820065433,joint_parent_percentile,,0.0024558017745268,1000,1000,0,fixed_equal_cell_weights__common_complete_all_declared_methods_conditions,,
43d0a7f75c8afab6d32ab6fd1f2ff8db49cca59e36971e2b74404173f4cbfcf2,stress,domain_aggregate,ARFIMA,all_lengths,,,,WaveletOLS::broad_band,step_change__position_0.25__shift_2,absolute_error_inflation,,0.0080283698514302,0.0037820551940525,0.012242959890215,joint_parent_percentile,,0.0021945409812373,1000,1000,0,fixed_equal_cell_weights__common_complete_all_declared_methods_conditions,,
43d0a7f75c8afab6d32ab6fd1f2ff8db49cca59e36971e2b74404173f4cbfcf2,stress,domain_aggregate,ARFIMA,all_lengths,,,,WaveletOLS::conservative_band,step_change__position_0.25__shift_2,absolute_error_inflation,,-0.0078115048544139,-0.0108772019951631,-0.0048744476889636,joint_parent_percentile,,0.0015890198140503,1000,1000,0,fixed_equal_cell_weights__common_complete_all_declared_methods_conditions,,
43d0a7f75c8afab6d32ab6fd1f2ff8db49cca59e36971e2b74404173f4cbfcf2,stress,domain_aggregate,ARFIMA,all_lengths,,,,WaveletOLS::upper_band,step_change__position_0.25__shift_2,absolute_error_inflation,,-0.000862688894131,-0.0037302461215178,0.0021668732880314,joint_parent_percentile,,0.0015301380550851,1000,1000,0,fixed_equal_cell_weights__common_complete_all_declared_methods_conditions,,
43d0a7f75c8afab6d32ab6fd1f2ff8db49cca59e36971e2b74404173f4cbfcf2,stress,domain_aggregate,ARFIMA,all_lengths,,,,WhittleMLE,step_change__position_0.25__shift_2,absolute_error_inflation,,0.1735865294504214,0.1706116640150844,0.1767017830106728,joint_parent_percentile,,0.0015763652206838,1000,1000,0,fixed_equal_cell_weights__common_complete_all_declared_methods_conditions,,
43d0a7f75c8afab6d32ab6fd1f2ff8db49cca59e36971e2b74404173f4cbfcf2,stress,domain_aggregate,ARFIMA,all_lengths,,,,AbsoluteMoment,step_change__position_0.5__shift_0.5,absolute_error_inflation,,-0.0697207366735931,-0.0857747244477214,-0.0534086759511716,joint_parent_percentile,,0.0081881634856363,1000,1000,0,fixed_equal_cell_weights__common_complete_all_declared_methods_conditions,,
43d0a7f75c8afab6d32ab6fd1f2ff8db49cca59e36971e2b74404173f4cbfcf2,stress,domain_aggregate,ARFIMA,all_lengths,,,,DFA::balanced_scales,step_change__position_0.5__shift_0.5,absolute_error_inflation,,-0.001090315541658,-0.0029968221904227,0.0008404581048081,joint_parent_percentile,,0.0009870057563194,1000,1000,0,fixed_equal_cell_weights__common_complete_all_declared_methods_conditions,,
43d0a7f75c8afab6d32ab6fd1f2ff8db49cca59e36971e2b74404173f4cbfcf2,stress,domain_aggregate,ARFIMA,all_lengths,,,,DFA::long_scales,step_change__position_0.5__shift_0.5,absolute_error_inflation,,-0.003945966966746,-0.0061935554612779,-0.0015112405939368,joint_parent_percentile,,0.0012174709359909,1000,1000,0,fixed_equal_cell_weights__common_complete_all_declared_methods_conditions,,
43d0a7f75c8afab6d32ab6fd1f2ff8db49cca59e36971e2b74404173f4cbfcf2,stress,domain_aggregate,ARFIMA,all_lengths,,,,DFA::short_scales,step_change__position_0.5__shift_0.5,absolute_error_inflation,,-0.0002926738704158,-0.001584715720264,0.0009838039430626,joint_parent_percentile,,0.0006581107399849,1000,1000,0,fixed_equal_cell_weights__common_complete_all_declared_methods_conditions,,
43d0a7f75c8afab6d32ab6fd1f2ff8db49cca59e36971e2b74404173f4cbfcf2,stress,domain_aggregate,ARFIMA,all_lengths,,,,DMA::balanced_windows,step_change__position_0.5__shift_0.5,absolute_error_inflation,,-0.0246889646687772,-0.0317396905142201,-0.0177859371815754,joint_parent_percentile,,0.003615531004356,1000,1000,0,fixed_equal_cell_weights__common_complete_all_declared_methods_conditions,,
43d0a7f75c8afab6d32ab6fd1f2ff8db49cca59e36971e2b74404173f4cbfcf2,stress,domain_aggregate,ARFIMA,all_lengths,,,,DMA::long_windows,step_change__position_0.5__shift_0.5,absolute_error_inflation,,-0.0589170029916422,-0.0678591246675171,-0.0499209752760794,joint_parent_percentile,,0.0046109700232745,1000,1000,0,fixed_equal_cell_weights__common_complete_all_declared_methods_conditions,,
43d0a7f75c8afab6d32ab6fd1f2ff8db49cca59e36971e2b74404173f4cbfcf2,stress,domain_aggregate,ARFIMA,all_lengths,,,,DMA::short_windows,step_change__position_0.5__shift_0.5,absolute_error_inflation,,0.003832564863402,-0.0012946341478425,0.0090318877923536,joint_parent_percentile,,0.0026284944795943,1000,1000,0,fixed_equal_cell_weights__common_complete_all_declared_methods_conditions,,
43d0a7f75c8afab6d32ab6fd1f2ff8db49cca59e36971e2b74404173f4cbfcf2,stress,domain_aggregate,ARFIMA,all_lengths,,,,GHE,step_change__position_0.5__shift_0.5,absolute_error_inflation,,0.0209016462158117,0.0167004648604419,0.0253464763602635,joint_parent_percentile,,0.0021668075847563,1000,1000,0,fixed_equal_cell_weights__common_complete_all_declared_methods_conditions,,
43d0a7f75c8afab6d32ab6fd1f2ff8db49cca59e36971e2b74404173f4cbfcf2,stress,domain_aggregate,ARFIMA,all_lengths,,,,GHE::centered,step_change__position_0.5__shift_0.5,absolute_error_inflation,,-0.0145964441351798,-0.0186355640189339,-0.0105691534235226,joint_parent_percentile,,0.0020811825984323,1000,1000,0,fixed_equal_cell_weights__common_complete_all_declared_methods_conditions,,
43d0a7f75c8afab6d32ab6fd1f2ff8db49cca59e36971e2b74404173f4cbfcf2,stress,domain_aggregate,ARFIMA,all_lengths,,,,GPH::narrow_band,step_change__position_0.5__shift_0.5,absolute_error_inflation,,0.0220340493951733,0.0159043939628618,0.0287923510214305,joint_parent_percentile,,0.0032830345539586,1000,1000,0,fixed_equal_cell_weights__common_complete_all_declared_methods_conditions,,
43d0a7f75c8afab6d32ab6fd1f2ff8db49cca59e36971e2b74404173f4cbfcf2,stress,domain_aggregate,ARFIMA,all_lengths,,,,GPH::wider_band,step_change__position_0.5__shift_0.5,absolute_error_inflation,,0.0101393527336635,0.0059762205455961,0.0141625681269573,joint_parent_percentile,,0.0020557918675232,1000,1000,0,fixed_equal_cell_weights__common_complete_all_declared_methods_conditions,,
43d0a7f75c8afab6d32ab6fd1f2ff8db49cca59e36971e2b74404173f4cbfcf2,stress,domain_aggregate,ARFIMA,all_lengths,,,,Higuchi,step_change__position_0.5__shift_0.5,absolute_error_inflation,,0.020457866661163,0.0166841248309986,0.0243332195240122,joint_parent_percentile,,0.0019421527960272,1000,1000,0,fixed_equal_cell_weights__common_complete_all_declared_methods_conditions,,
43d0a7f75c8afab6d32ab6fd1f2ff8db49cca59e36971e2b74404173f4cbfcf2,stress,domain_aggregate,ARFIMA,all_lengths,,,,Higuchi::centered,step_change__position_0.5__shift_0.5,absolute_error_inflation,,-0.0090740301006608,-0.0124107412313714,-0.0059564782288051,joint_parent_percentile,,0.001680125486711,1000,1000,0,fixed_equal_cell_weights__common_complete_all_declared_methods_conditions,,
43d0a7f75c8afab6d32ab6fd1f2ff8db49cca59e36971e2b74404173f4cbfcf2,stress,domain_aggregate,ARFIMA,all_lengths,,,,ModifiedLocalWhittle,step_change__position_0.5__shift_0.5,absolute_error_inflation,,0.0143419858748398,0.0109332566594131,0.0179391790475724,joint_parent_percentile,,0.001801285608653,1000,1000,0,fixed_equal_cell_weights__common_complete_all_declared_methods_conditions,,
43d0a7f75c8afab6d32ab6fd1f2ff8db49cca59e36971e2b74404173f4cbfcf2,stress,domain_aggregate,ARFIMA,all_lengths,,,,RS,step_change__position_0.5__shift_0.5,absolute_error_inflation,,-0.003280984580685,-0.0045983325749003,-0.0018972431541436,joint_parent_percentile,,0.0006847085344529,1000,1000,0,fixed_equal_cell_weights__common_complete_all_declared_methods_conditions,,
43d0a7f75c8afab6d32ab6fd1f2ff8db49cca59e36971e2b74404173f4cbfcf2,stress,domain_aggregate,ARFIMA,all_lengths,,,,Variance,step_change__position_0.5__shift_0.5,absolute_error_inflation,,-0.0550926934606075,-0.0704320979511,-0.0393419007711319,joint_parent_percentile,,0.0078999332018416,1000,1000,0,fixed_equal_cell_weights__common_complete_all_declared_methods_conditions,,
43d0a7f75c8afab6d32ab6fd1f2ff8db49cca59e36971e2b74404173f4cbfcf2,stress,domain_aggregate,ARFIMA,all_lengths,,,,VarianceResidual,step_change__position_0.5__shift_0.5,absolute_error_inflation,,-0.0074760509788147,-0.0092005963839168,-0.0056649402447156,joint_parent_percentile,,0.000911272952746,1000,1000,0,fixed_equal_cell_weights__common_complete_all_declared_methods_conditions,,
43d0a7f75c8afab6d32ab6fd1f2ff8db49cca59e36971e2b74404173f4cbfcf2,stress,domain_aggregate,ARFIMA,all_lengths,,,,WaveletOLS::broad_band,step_change__position_0.5__shift_0.5,absolute_error_inflation,,-0.0012338249288706,-0.0024396471397172,-1.2647375413380935e-05,joint_parent_percentile,,0.0006200161846698,1000,1000,0,fixed_equal_cell_weights__common_complete_all_declared_methods_conditions,,
43d0a7f75c8afab6d32ab6fd1f2ff8db49cca59e36971e2b74404173f4cbfcf2,stress,domain_aggregate,ARFIMA,all_lengths,,,,WaveletOLS::conservative_band,step_change__position_0.5__shift_0.5,absolute_error_inflation,,-0.000411993141898,-0.0011529715282081,0.0003592176813737,joint_parent_percentile,,0.0003901981828145,1000,1000,0,fixed_equal_cell_weights__common_complete_all_declared_methods_conditions,,
43d0a7f75c8afab6d32ab6fd1f2ff8db49cca59e36971e2b74404173f4cbfcf2,stress,domain_aggregate,ARFIMA,all_lengths,,,,WaveletOLS::upper_band,step_change__position_0.5__shift_0.5,absolute_error_inflation,,-0.0002023705081859,-0.0009581919855268,0.0005605224650292,joint_parent_percentile,,0.0003840943236969,1000,1000,0,fixed_equal_cell_weights__common_complete_all_declared_methods_conditions,,
43d0a7f75c8afab6d32ab6fd1f2ff8db49cca59e36971e2b74404173f4cbfcf2,stress,domain_aggregate,ARFIMA,all_lengths,,,,WhittleMLE,step_change__position_0.5__shift_0.5,absolute_error_inflation,,0.0149334482573773,0.0115063876352896,0.0185504388255619,joint_parent_percentile,,0.001805962418121,1000,1000,0,fixed_equal_cell_weights__common_complete_all_declared_methods_conditions,,
43d0a7f75c8afab6d32ab6fd1f2ff8db49cca59e36971e2b74404173f4cbfcf2,stress,domain_aggregate,ARFIMA,all_lengths,,,,AbsoluteMoment,step_change__position_0.5__shift_1,absolute_error_inflation,,-0.0548417341558526,-0.0657168561486875,-0.0436710153570909,joint_parent_percentile,,0.0058042939787367,1000,1000,0,fixed_equal_cell_weights__common_complete_all_declared_methods_conditions,,
43d0a7f75c8afab6d32ab6fd1f2ff8db49cca59e36971e2b74404173f4cbfcf2,stress,domain_aggregate,ARFIMA,all_lengths,,,,DFA::balanced_scales,step_change__position_0.5__shift_1,absolute_error_inflation,,0.0098912588352565,0.0062940262264291,0.0136863932638808,joint_parent_percentile,,0.0019314189972572,1000,1000,0,fixed_equal_cell_weights__common_complete_all_declared_methods_conditions,,
43d0a7f75c8afab6d32ab6fd1f2ff8db49cca59e36971e2b74404173f4cbfcf2,stress,domain_aggregate,ARFIMA,all_lengths,,,,DFA::long_scales,step_change__position_0.5__shift_1,absolute_error_inflation,,0.0047027212087946,0.000108592196696,0.0095007710572631,joint_parent_percentile,,0.0024107133253421,1000,1000,0,fixed_equal_cell_weights__common_complete_all_declared_methods_conditions,,
43d0a7f75c8afab6d32ab6fd1f2ff8db49cca59e36971e2b74404173f4cbfcf2,stress,domain_aggregate,ARFIMA,all_lengths,,,,DFA::short_scales,step_change__position_0.5__shift_1,absolute_error_inflation,,0.0052089351943667,0.002641186399945,0.0077623144499187,joint_parent_percentile,,0.0013313889571303,1000,1000,0,fixed_equal_cell_weights__common_complete_all_declared_methods_conditions,,
43d0a7f75c8afab6d32ab6fd1f2ff8db49cca59e36971e2b74404173f4cbfcf2,stress,domain_aggregate,ARFIMA,all_lengths,,,,DMA::balanced_windows,step_change__position_0.5__shift_1,absolute_error_inflation,,0.0258001312616274,0.0193232337097584,0.0323111845774172,joint_parent_percentile,,0.0032961157300663,1000,1000,0,fixed_equal_cell_weights__common_complete_all_declared_methods_conditions,,
43d0a7f75c8afab6d32ab6fd1f2ff8db49cca59e36971e2b74404173f4cbfcf2,stress,domain_aggregate,ARFIMA,all_lengths,,,,DMA::long_windows,step_change__position_0.5__shift_1,absolute_error_inflation,,-0.036344129752824,-0.0443445829561454,-0.0280169057694683,joint_parent_percentile,,0.0040947576107623,1000,1000,0,fixed_equal_cell_weights__common_complete_all_declared_methods_conditions,,
43d0a7f75c8afab6d32ab6fd1f2ff8db49cca59e36971e2b74404173f4cbfcf2,stress,domain_aggregate,ARFIMA,all_lengths,,,,DMA::short_windows,step_change__position_0.5__shift_1,absolute_error_inflation,,0.0730290579460653,0.0679568624218308,0.0782339144181517,joint_parent_percentile,,0.0025762462872972,1000,1000,0,fixed_equal_cell_weights__common_complete_all_declared_methods_conditions,,
43d0a7f75c8afab6d32ab6fd1f2ff8db49cca59e36971e2b74404173f4cbfcf2,stress,domain_aggregate,ARFIMA,all_lengths,,,,GHE,step_change__position_0.5__shift_1,absolute_error_inflation,,0.091921837141809,0.0882833634816455,0.0954006918946446,joint_parent_percentile,,0.0018014197629908,1000,1000,0,fixed_equal_cell_weights__common_complete_all_declared_methods_conditions,,
43d0a7f75c8afab6d32ab6fd1f2ff8db49cca59e36971e2b74404173f4cbfcf2,stress,domain_aggregate,ARFIMA,all_lengths,,,,GHE::centered,step_change__position_0.5__shift_1,absolute_error_inflation,,0.0435410865717861,0.0393642419207689,0.0476763458756717,joint_parent_percentile,,0.0021392002980978,1000,1000,0,fixed_equal_cell_weights__common_complete_all_declared_methods_conditions,,
43d0a7f75c8afab6d32ab6fd1f2ff8db49cca59e36971e2b74404173f4cbfcf2,stress,domain_aggregate,ARFIMA,all_lengths,,,,GPH::narrow_band,step_change__position_0.5__shift_1,absolute_error_inflation,,0.0948142617504735,0.0870500623708734,0.1030812340079351,joint_parent_percentile,,0.0041330040460405,1000,1000,0,fixed_equal_cell_weights__common_complete_all_declared_methods_conditions,,
43d0a7f75c8afab6d32ab6fd1f2ff8db49cca59e36971e2b74404173f4cbfcf2,stress,domain_aggregate,ARFIMA,all_lengths,,,,GPH::wider_band,step_change__position_0.5__shift_1,absolute_error_inflation,,0.0557281712642803,0.0504741608404764,0.0610514290274759,joint_parent_percentile,,0.0027166037793066,1000,1000,0,fixed_equal_cell_weights__common_complete_all_declared_methods_conditions,,
43d0a7f75c8afab6d32ab6fd1f2ff8db49cca59e36971e2b74404173f4cbfcf2,stress,domain_aggregate,ARFIMA,all_lengths,,,,Higuchi,step_change__position_0.5__shift_1,absolute_error_inflation,,0.0933924380876975,0.0899090948244599,0.0966669244975361,joint_parent_percentile,,0.0017242589667128,1000,1000,0,fixed_equal_cell_weights__common_complete_all_declared_methods_conditions,,
43d0a7f75c8afab6d32ab6fd1f2ff8db49cca59e36971e2b74404173f4cbfcf2,stress,domain_aggregate,ARFIMA,all_lengths,,,,Higuchi::centered,step_change__position_0.5__shift_1,absolute_error_inflation,,0.0462439139589471,0.0420397131051725,0.0504652541866826,joint_parent_percentile,,0.0020801093117497,1000,1000,0,fixed_equal_cell_weights__common_complete_all_declared_methods_conditions,,
43d0a7f75c8afab6d32ab6fd1f2ff8db49cca59e36971e2b74404173f4cbfcf2,stress,domain_aggregate,ARFIMA,all_lengths,,,,ModifiedLocalWhittle,step_change__position_0.5__shift_1,absolute_error_inflation,,0.084216977631377,0.0795547210724837,0.0886635479658076,joint_parent_percentile,,0.0023060873530391,1000,1000,0,fixed_equal_cell_weights__common_complete_all_declared_methods_conditions,,
43d0a7f75c8afab6d32ab6fd1f2ff8db49cca59e36971e2b74404173f4cbfcf2,stress,domain_aggregate,ARFIMA,all_lengths,,,,RS,step_change__position_0.5__shift_1,absolute_error_inflation,,0.0001064147540631,-0.00223816757793,0.002574924348117,joint_parent_percentile,,0.0012277741562088,1000,1000,0,fixed_equal_cell_weights__common_complete_all_declared_methods_conditions,,
43d0a7f75c8afab6d32ab6fd1f2ff8db49cca59e36971e2b74404173f4cbfcf2,stress,domain_aggregate,ARFIMA,all_lengths,,,,Variance,step_change__position_0.5__shift_1,absolute_error_inflation,,-0.0238408296536372,-0.0341679146453891,-0.0132150706518443,joint_parent_percentile,,0.0055516380078837,1000,1000,0,fixed_equal_cell_weights__common_complete_all_declared_methods_conditions,,
43d0a7f75c8afab6d32ab6fd1f2ff8db49cca59e36971e2b74404173f4cbfcf2,stress,domain_aggregate,ARFIMA,all_lengths,,,,VarianceResidual,step_change__position_0.5__shift_1,absolute_error_inflation,,-0.010134959744884,-0.0136374667140697,-0.0066600529279695,joint_parent_percentile,,0.001808680396215,1000,1000,0,fixed_equal_cell_weights__common_complete_all_declared_methods_conditions,,
43d0a7f75c8afab6d32ab6fd1f2ff8db49cca59e36971e2b74404173f4cbfcf2,stress,domain_aggregate,ARFIMA,all_lengths,,,,WaveletOLS::broad_band,step_change__position_0.5__shift_1,absolute_error_inflation,,-0.0025941282387027,-0.0049976284396506,-0.0001672299498076,joint_parent_percentile,,0.0012384496136229,1000,1000,0,fixed_equal_cell_weights__common_complete_all_declared_methods_conditions,,
43d0a7f75c8afab6d32ab6fd1f2ff8db49cca59e36971e2b74404173f4cbfcf2,stress,domain_aggregate,ARFIMA,all_lengths,,,,WaveletOLS::conservative_band,step_change__position_0.5__shift_1,absolute_error_inflation,,-0.0017733767080016,-0.0033419171561152,-0.0002368259658945,joint_parent_percentile,,0.0007806638451161,1000,1000,0,fixed_equal_cell_weights__common_complete_all_declared_methods_conditions,,
43d0a7f75c8afab6d32ab6fd1f2ff8db49cca59e36971e2b74404173f4cbfcf2,stress,domain_aggregate,ARFIMA,all_lengths,,,,WaveletOLS::upper_band,step_change__position_0.5__shift_1,absolute_error_inflation,,-0.000985810270892,-0.0024396302777733,0.0005399871228674,joint_parent_percentile,,0.0007676006531305,1000,1000,0,fixed_equal_cell_weights__common_complete_all_declared_methods_conditions,,
43d0a7f75c8afab6d32ab6fd1f2ff8db49cca59e36971e2b74404173f4cbfcf2,stress,domain_aggregate,ARFIMA,all_lengths,,,,WhittleMLE,step_change__position_0.5__shift_1,absolute_error_inflation,,0.0855012943193063,0.0808511067459358,0.0899409858613701,joint_parent_percentile,,0.0023000549071885,1000,1000,0,fixed_equal_cell_weights__common_complete_all_declared_methods_conditions,,
43d0a7f75c8afab6d32ab6fd1f2ff8db49cca59e36971e2b74404173f4cbfcf2,stress,domain_aggregate,ARFIMA,all_lengths,,,,AbsoluteMoment,step_change__position_0.5__shift_2,absolute_error_inflation,,-0.0061627600927512,-0.0164732203161526,0.0043482512311295,joint_parent_percentile,,0.0054341817426513,1000,1000,0,fixed_equal_cell_weights__common_complete_all_declared_methods_conditions,,
43d0a7f75c8afab6d32ab6fd1f2ff8db49cca59e36971e2b74404173f4cbfcf2,stress,domain_aggregate,ARFIMA,all_lengths,,,,DFA::balanced_scales,step_change__position_0.5__shift_2,absolute_error_inflation,,0.108404334521966,0.1034499555930745,0.1133926591466921,joint_parent_percentile,,0.0025459612818879,1000,1000,0,fixed_equal_cell_weights__common_complete_all_declared_methods_conditions,,
43d0a7f75c8afab6d32ab6fd1f2ff8db49cca59e36971e2b74404173f4cbfcf2,stress,domain_aggregate,ARFIMA,all_lengths,,,,DFA::long_scales,step_change__position_0.5__shift_2,absolute_error_inflation,,0.1101980456759637,0.1045041447423029,0.1158225114675329,joint_parent_percentile,,0.002917970563374,1000,1000,0,fixed_equal_cell_weights__common_complete_all_declared_methods_conditions,,
43d0a7f75c8afab6d32ab6fd1f2ff8db49cca59e36971e2b74404173f4cbfcf2,stress,domain_aggregate,ARFIMA,all_lengths,,,,DFA::short_scales,step_change__position_0.5__shift_2,absolute_error_inflation,,0.0646668915086106,0.0603524559991744,0.0690846539525788,joint_parent_percentile,,0.0022681200503211,1000,1000,0,fixed_equal_cell_weights__common_complete_all_declared_methods_conditions,,
43d0a7f75c8afab6d32ab6fd1f2ff8db49cca59e36971e2b74404173f4cbfcf2,stress,domain_aggregate,ARFIMA,all_lengths,,,,DMA::balanced_windows,step_change__position_0.5__shift_2,absolute_error_inflation,,0.1045671079253933,0.099209451027984,0.1101812513454531,joint_parent_percentile,,0.0027711064715751,1000,1000,0,fixed_equal_cell_weights__common_complete_all_declared_methods_conditions,,
43d0a7f75c8afab6d32ab6fd1f2ff8db49cca59e36971e2b74404173f4cbfcf2,stress,domain_aggregate,ARFIMA,all_lengths,,,,DMA::long_windows,step_change__position_0.5__shift_2,absolute_error_inflation,,0.0317204697965472,0.0246987596959404,0.038842040097672,joint_parent_percentile,,0.0035847253204629,1000,1000,0,fixed_equal_cell_weights__common_complete_all_declared_methods_conditions,,
43d0a7f75c8afab6d32ab6fd1f2ff8db49cca59e36971e2b74404173f4cbfcf2,stress,domain_aggregate,ARFIMA,all_lengths,,,,DMA::short_windows,step_change__position_0.5__shift_2,absolute_error_inflation,,0.1604429931057977,0.1566631227247954,0.1644375568735913,joint_parent_percentile,,0.0019789418973998,1000,1000,0,fixed_equal_cell_weights__common_complete_all_declared_methods_conditions,,
43d0a7f75c8afab6d32ab6fd1f2ff8db49cca59e36971e2b74404173f4cbfcf2,stress,domain_aggregate,ARFIMA,all_lengths,,,,GHE,step_change__position_0.5__shift_2,absolute_error_inflation,,0.1444919464458984,0.1415240970804987,0.1473075103386591,joint_parent_percentile,,0.0014609332617641,1000,1000,0,fixed_equal_cell_weights__common_complete_all_declared_methods_conditions,,
43d0a7f75c8afab6d32ab6fd1f2ff8db49cca59e36971e2b74404173f4cbfcf2,stress,domain_aggregate,ARFIMA,all_lengths,,,,GHE::centered,step_change__position_0.5__shift_2,absolute_error_inflation,,0.1399763228889847,0.136971986419727,0.1430498612239064,joint_parent_percentile,,0.0015703867132335,1000,1000,0,fixed_equal_cell_weights__common_complete_all_declared_methods_conditions,,
43d0a7f75c8afab6d32ab6fd1f2ff8db49cca59e36971e2b74404173f4cbfcf2,stress,domain_aggregate,ARFIMA,all_lengths,,,,GPH::narrow_band,step_change__position_0.5__shift_2,absolute_error_inflation,,0.2272450790467629,0.218878232086455,0.2355184911418014,joint_parent_percentile,,0.0042692305204285,1000,1000,0,fixed_equal_cell_weights__common_complete_all_declared_methods_conditions,,
43d0a7f75c8afab6d32ab6fd1f2ff8db49cca59e36971e2b74404173f4cbfcf2,stress,domain_aggregate,ARFIMA,all_lengths,,,,GPH::wider_band,step_change__position_0.5__shift_2,absolute_error_inflation,,0.1555164395050534,0.1497985071328781,0.1614136396362369,joint_parent_percentile,,0.0028973678453275,1000,1000,0,fixed_equal_cell_weights__common_complete_all_declared_methods_conditions,,
43d0a7f75c8afab6d32ab6fd1f2ff8db49cca59e36971e2b74404173f4cbfcf2,stress,domain_aggregate,ARFIMA,all_lengths,,,,Higuchi,step_change__position_0.5__shift_2,absolute_error_inflation,,0.1500128806909776,0.147330005967869,0.1524964840343835,joint_parent_percentile,,0.0013145747434831,1000,1000,0,fixed_equal_cell_weights__common_complete_all_declared_methods_conditions,,
43d0a7f75c8afab6d32ab6fd1f2ff8db49cca59e36971e2b74404173f4cbfcf2,stress,domain_aggregate,ARFIMA,all_lengths,,,,Higuchi::centered,step_change__position_0.5__shift_2,absolute_error_inflation,,0.1539699921463771,0.1512656848496467,0.1566344689232995,joint_parent_percentile,,0.0013937690449513,1000,1000,0,fixed_equal_cell_weights__common_complete_all_declared_methods_conditions,,
43d0a7f75c8afab6d32ab6fd1f2ff8db49cca59e36971e2b74404173f4cbfcf2,stress,domain_aggregate,ARFIMA,all_lengths,,,,ModifiedLocalWhittle,step_change__position_0.5__shift_2,absolute_error_inflation,,0.17891162490742,0.1761960056212623,0.1818604314195311,joint_parent_percentile,,0.001484130300933,1000,1000,0,fixed_equal_cell_weights__common_complete_all_declared_methods_conditions,,
43d0a7f75c8afab6d32ab6fd1f2ff8db49cca59e36971e2b74404173f4cbfcf2,stress,domain_aggregate,ARFIMA,all_lengths,,,,RS,step_change__position_0.5__shift_2,absolute_error_inflation,,0.0367082537350524,0.0337183968820088,0.0397545504107064,joint_parent_percentile,,0.0015607406094218,1000,1000,0,fixed_equal_cell_weights__common_complete_all_declared_methods_conditions,,
43d0a7f75c8afab6d32ab6fd1f2ff8db49cca59e36971e2b74404173f4cbfcf2,stress,domain_aggregate,ARFIMA,all_lengths,,,,Variance,step_change__position_0.5__shift_2,absolute_error_inflation,,0.05086869270474,0.0406224183061862,0.0610209707595884,joint_parent_percentile,,0.0052181805494733,1000,1000,0,fixed_equal_cell_weights__common_complete_all_declared_methods_conditions,,
43d0a7f75c8afab6d32ab6fd1f2ff8db49cca59e36971e2b74404173f4cbfcf2,stress,domain_aggregate,ARFIMA,all_lengths,,,,VarianceResidual,step_change__position_0.5__shift_2,absolute_error_inflation,,0.0605335855724447,0.0557849794599958,0.0653286118787867,joint_parent_percentile,,0.0024580796541787,1000,1000,0,fixed_equal_cell_weights__common_complete_all_declared_methods_conditions,,
43d0a7f75c8afab6d32ab6fd1f2ff8db49cca59e36971e2b74404173f4cbfcf2,stress,domain_aggregate,ARFIMA,all_lengths,,,,WaveletOLS::broad_band,step_change__position_0.5__shift_2,absolute_error_inflation,,0.0085433027293955,0.0042174201672238,0.0129975054262585,joint_parent_percentile,,0.0022319754946497,1000,1000,0,fixed_equal_cell_weights__common_complete_all_declared_methods_conditions,,
43d0a7f75c8afab6d32ab6fd1f2ff8db49cca59e36971e2b74404173f4cbfcf2,stress,domain_aggregate,ARFIMA,all_lengths,,,,WaveletOLS::conservative_band,step_change__position_0.5__shift_2,absolute_error_inflation,,-0.005825193580398,-0.008859668964402,-0.0028916468463634,joint_parent_percentile,,0.0015328816056947,1000,1000,0,fixed_equal_cell_weights__common_complete_all_declared_methods_conditions,,
43d0a7f75c8afab6d32ab6fd1f2ff8db49cca59e36971e2b74404173f4cbfcf2,stress,domain_aggregate,ARFIMA,all_lengths,,,,WaveletOLS::upper_band,step_change__position_0.5__shift_2,absolute_error_inflation,,0.0001781819723799,-0.0028013554647649,0.0032174291528455,joint_parent_percentile,,0.0015668124724336,1000,1000,0,fixed_equal_cell_weights__common_complete_all_declared_methods_conditions,,
43d0a7f75c8afab6d32ab6fd1f2ff8db49cca59e36971e2b74404173f4cbfcf2,stress,domain_aggregate,ARFIMA,all_lengths,,,,WhittleMLE,step_change__position_0.5__shift_2,absolute_error_inflation,,0.1791679424498184,0.1764682342980096,0.1820672922335937,joint_parent_percentile,,0.0014731624462063,1000,1000,0,fixed_equal_cell_weights__common_complete_all_declared_methods_conditions,,
43d0a7f75c8afab6d32ab6fd1f2ff8db49cca59e36971e2b74404173f4cbfcf2,stress,domain_aggregate,ARFIMA,all_lengths,,,,AbsoluteMoment,step_change__position_0.75__shift_0.5,absolute_error_inflation,,-0.0200684983825851,-0.0273047052927695,-0.0128751013455719,joint_parent_percentile,,0.0035967856308118,1000,1000,0,fixed_equal_cell_weights__common_complete_all_declared_methods_conditions,,
43d0a7f75c8afab6d32ab6fd1f2ff8db49cca59e36971e2b74404173f4cbfcf2,stress,domain_aggregate,ARFIMA,all_lengths,,,,DFA::balanced_scales,step_change__position_0.75__shift_0.5,absolute_error_inflation,,-0.0018230971560905,-0.0036635919052746,2.917666963438216e-05,joint_parent_percentile,,0.0009316730434602,1000,1000,0,fixed_equal_cell_weights__common_complete_all_declared_methods_conditions,,
43d0a7f75c8afab6d32ab6fd1f2ff8db49cca59e36971e2b74404173f4cbfcf2,stress,domain_aggregate,ARFIMA,all_lengths,,,,DFA::long_scales,step_change__position_0.75__shift_0.5,absolute_error_inflation,,-0.0043759545787085,-0.0069975832034443,-0.0017754533177759,joint_parent_percentile,,0.0013762895834837,1000,1000,0,fixed_equal_cell_weights__common_complete_all_declared_methods_conditions,,
43d0a7f75c8afab6d32ab6fd1f2ff8db49cca59e36971e2b74404173f4cbfcf2,stress,domain_aggregate,ARFIMA,all_lengths,,,,DFA::short_scales,step_change__position_0.75__shift_0.5,absolute_error_inflation,,-0.0004309482279258,-0.0008716879980864,2.4717222402669124e-05,joint_parent_percentile,,0.0002390813270358,1000,1000,0,fixed_equal_cell_weights__common_complete_all_declared_methods_conditions,,
43d0a7f75c8afab6d32ab6fd1f2ff8db49cca59e36971e2b74404173f4cbfcf2,stress,domain_aggregate,ARFIMA,all_lengths,,,,DMA::balanced_windows,step_change__position_0.75__shift_0.5,absolute_error_inflation,,-0.0279373648012081,-0.0339639759880194,-0.022036888770223,joint_parent_percentile,,0.003097975083278,1000,1000,0,fixed_equal_cell_weights__common_complete_all_declared_methods_conditions,,
43d0a7f75c8afab6d32ab6fd1f2ff8db49cca59e36971e2b74404173f4cbfcf2,stress,domain_aggregate,ARFIMA,all_lengths,,,,DMA::long_windows,step_change__position_0.75__shift_0.5,absolute_error_inflation,,-0.0511466678916975,-0.0588524757139098,-0.0435198083241343,joint_parent_percentile,,0.0039828983022369,1000,1000,0,fixed_equal_cell_weights__common_complete_all_declared_methods_conditions,,
43d0a7f75c8afab6d32ab6fd1f2ff8db49cca59e36971e2b74404173f4cbfcf2,stress,domain_aggregate,ARFIMA,all_lengths,,,,DMA::short_windows,step_change__position_0.75__shift_0.5,absolute_error_inflation,,-0.0031675159127001,-0.0077316607034006,0.0014677202348646,joint_parent_percentile,,0.0022896881625223,1000,1000,0,fixed_equal_cell_weights__common_complete_all_declared_methods_conditions,,
43d0a7f75c8afab6d32ab6fd1f2ff8db49cca59e36971e2b74404173f4cbfcf2,stress,domain_aggregate,ARFIMA,all_lengths,,,,GHE,step_change__position_0.75__shift_0.5,absolute_error_inflation,,-0.0027951139250724,-0.0057970854159513,0.0004017060248494,joint_parent_percentile,,0.0015786304746781,1000,1000,0,fixed_equal_cell_weights__common_complete_all_declared_methods_conditions,,
43d0a7f75c8afab6d32ab6fd1f2ff8db49cca59e36971e2b74404173f4cbfcf2,stress,domain_aggregate,ARFIMA,all_lengths,,,,GHE::centered,step_change__position_0.75__shift_0.5,absolute_error_inflation,,-0.0201802987815299,-0.0234353038586374,-0.0167756921666148,joint_parent_percentile,,0.0017281388737786,1000,1000,0,fixed_equal_cell_weights__common_complete_all_declared_methods_conditions,,
43d0a7f75c8afab6d32ab6fd1f2ff8db49cca59e36971e2b74404173f4cbfcf2,stress,domain_aggregate,ARFIMA,all_lengths,,,,GPH::narrow_band,step_change__position_0.75__shift_0.5,absolute_error_inflation,,0.0192960410722079,0.0130070672859541,0.0258330197146145,joint_parent_percentile,,0.0032582408554513,1000,1000,0,fixed_equal_cell_weights__common_complete_all_declared_methods_conditions,,
43d0a7f75c8afab6d32ab6fd1f2ff8db49cca59e36971e2b74404173f4cbfcf2,stress,domain_aggregate,ARFIMA,all_lengths,,,,GPH::wider_band,step_change__position_0.75__shift_0.5,absolute_error_inflation,,0.0099527568364375,0.005696693099163,0.0140285533836731,joint_parent_percentile,,0.0020702580128076,1000,1000,0,fixed_equal_cell_weights__common_complete_all_declared_methods_conditions,,
43d0a7f75c8afab6d32ab6fd1f2ff8db49cca59e36971e2b74404173f4cbfcf2,stress,domain_aggregate,ARFIMA,all_lengths,,,,Higuchi,step_change__position_0.75__shift_0.5,absolute_error_inflation,,0.0003081854841078,-0.0023382377035456,0.003153848013477,joint_parent_percentile,,0.0013862597029872,1000,1000,0,fixed_equal_cell_weights__common_complete_all_declared_methods_conditions,,
43d0a7f75c8afab6d32ab6fd1f2ff8db49cca59e36971e2b74404173f4cbfcf2,stress,domain_aggregate,ARFIMA,all_lengths,,,,Higuchi::centered,step_change__position_0.75__shift_0.5,absolute_error_inflation,,-0.0125591537592628,-0.0153447729283232,-0.0097488292942124,joint_parent_percentile,,0.0014158624680651,1000,1000,0,fixed_equal_cell_weights__common_complete_all_declared_methods_conditions,,
43d0a7f75c8afab6d32ab6fd1f2ff8db49cca59e36971e2b74404173f4cbfcf2,stress,domain_aggregate,ARFIMA,all_lengths,,,,ModifiedLocalWhittle,step_change__position_0.75__shift_0.5,absolute_error_inflation,,0.0095570880201832,0.0065958611804139,0.012733860884197,joint_parent_percentile,,0.0016303815110391,1000,1000,0,fixed_equal_cell_weights__common_complete_all_declared_methods_conditions,,
43d0a7f75c8afab6d32ab6fd1f2ff8db49cca59e36971e2b74404173f4cbfcf2,stress,domain_aggregate,ARFIMA,all_lengths,,,,RS,step_change__position_0.75__shift_0.5,absolute_error_inflation,,-0.0006192293993787,-0.0021224607436334,0.0009206864755024,joint_parent_percentile,,0.0007642651803186,1000,1000,0,fixed_equal_cell_weights__common_complete_all_declared_methods_conditions,,
43d0a7f75c8afab6d32ab6fd1f2ff8db49cca59e36971e2b74404173f4cbfcf2,stress,domain_aggregate,ARFIMA,all_lengths,,,,Variance,step_change__position_0.75__shift_0.5,absolute_error_inflation,,-0.0161175389196702,-0.0233948570261199,-0.0090221789407132,joint_parent_percentile,,0.0036190284138356,1000,1000,0,fixed_equal_cell_weights__common_complete_all_declared_methods_conditions,,
43d0a7f75c8afab6d32ab6fd1f2ff8db49cca59e36971e2b74404173f4cbfcf2,stress,domain_aggregate,ARFIMA,all_lengths,,,,VarianceResidual,step_change__position_0.75__shift_0.5,absolute_error_inflation,,-0.0034669589163351,-0.0045241224188617,-0.0023301430566386,joint_parent_percentile,,0.0005577818959825,1000,1000,0,fixed_equal_cell_weights__common_complete_all_declared_methods_conditions,,
43d0a7f75c8afab6d32ab6fd1f2ff8db49cca59e36971e2b74404173f4cbfcf2,stress,domain_aggregate,ARFIMA,all_lengths,,,,WaveletOLS::broad_band,step_change__position_0.75__shift_0.5,absolute_error_inflation,,-7.07435490120735e-05,-0.0012448833504008,0.0010667351225542,joint_parent_percentile,,0.0005812962020924,1000,1000,0,fixed_equal_cell_weights__common_complete_all_declared_methods_conditions,,
43d0a7f75c8afab6d32ab6fd1f2ff8db49cca59e36971e2b74404173f4cbfcf2,stress,domain_aggregate,ARFIMA,all_lengths,,,,WaveletOLS::conservative_band,step_change__position_0.75__shift_0.5,absolute_error_inflation,,-0.0008399603390149,-0.001580825284058,-0.0001181284979818,joint_parent_percentile,,0.0003803087455499,1000,1000,0,fixed_equal_cell_weights__common_complete_all_declared_methods_conditions,,
43d0a7f75c8afab6d32ab6fd1f2ff8db49cca59e36971e2b74404173f4cbfcf2,stress,domain_aggregate,ARFIMA,all_lengths,,,,WaveletOLS::upper_band,step_change__position_0.75__shift_0.5,absolute_error_inflation,,-0.0005940950769459,-0.0013455830439582,0.0001829507597508,joint_parent_percentile,,0.0003879591162824,1000,1000,0,fixed_equal_cell_weights__common_complete_all_declared_methods_conditions,,
43d0a7f75c8afab6d32ab6fd1f2ff8db49cca59e36971e2b74404173f4cbfcf2,stress,domain_aggregate,ARFIMA,all_lengths,,,,WhittleMLE,step_change__position_0.75__shift_0.5,absolute_error_inflation,,0.010049283965403,0.0070546761349196,0.0132224476627483,joint_parent_percentile,,0.0016352478689362,1000,1000,0,fixed_equal_cell_weights__common_complete_all_declared_methods_conditions,,
43d0a7f75c8afab6d32ab6fd1f2ff8db49cca59e36971e2b74404173f4cbfcf2,stress,domain_aggregate,ARFIMA,all_lengths,,,,AbsoluteMoment,step_change__position_0.75__shift_1,absolute_error_inflation,,-0.0087033251604858,-0.0190325132090169,0.0015491060150937,joint_parent_percentile,,0.0051426496135991,1000,1000,0,fixed_equal_cell_weights__common_complete_all_declared_methods_conditions,,
43d0a7f75c8afab6d32ab6fd1f2ff8db49cca59e36971e2b74404173f4cbfcf2,stress,domain_aggregate,ARFIMA,all_lengths,,,,DFA::balanced_scales,step_change__position_0.75__shift_1,absolute_error_inflation,,0.0042655109874781,0.0005866841605851,0.0077936316726893,joint_parent_percentile,,0.0018106747061056,1000,1000,0,fixed_equal_cell_weights__common_complete_all_declared_methods_conditions,,
43d0a7f75c8afab6d32ab6fd1f2ff8db49cca59e36971e2b74404173f4cbfcf2,stress,domain_aggregate,ARFIMA,all_lengths,,,,DFA::long_scales,step_change__position_0.75__shift_1,absolute_error_inflation,,0.0060221398187609,0.0011104781113756,0.0107758283683322,joint_parent_percentile,,0.0024517788837432,1000,1000,0,fixed_equal_cell_weights__common_complete_all_declared_methods_conditions,,
43d0a7f75c8afab6d32ab6fd1f2ff8db49cca59e36971e2b74404173f4cbfcf2,stress,domain_aggregate,ARFIMA,all_lengths,,,,DFA::short_scales,step_change__position_0.75__shift_1,absolute_error_inflation,,-0.0018138372700365,-0.0028099972329516,-0.000825546725087,joint_parent_percentile,,0.0005270956062115,1000,1000,0,fixed_equal_cell_weights__common_complete_all_declared_methods_conditions,,
43d0a7f75c8afab6d32ab6fd1f2ff8db49cca59e36971e2b74404173f4cbfcf2,stress,domain_aggregate,ARFIMA,all_lengths,,,,DMA::balanced_windows,step_change__position_0.75__shift_1,absolute_error_inflation,,-0.0089294669188835,-0.0155162096742242,-0.0023438794772686,joint_parent_percentile,,0.0034342280032189,1000,1000,0,fixed_equal_cell_weights__common_complete_all_declared_methods_conditions,,
43d0a7f75c8afab6d32ab6fd1f2ff8db49cca59e36971e2b74404173f4cbfcf2,stress,domain_aggregate,ARFIMA,all_lengths,,,,DMA::long_windows,step_change__position_0.75__shift_1,absolute_error_inflation,,-0.06683304899077,-0.0754028082220027,-0.0585513262943994,joint_parent_percentile,,0.00433512950534,1000,1000,0,fixed_equal_cell_weights__common_complete_all_declared_methods_conditions,,
43d0a7f75c8afab6d32ab6fd1f2ff8db49cca59e36971e2b74404173f4cbfcf2,stress,domain_aggregate,ARFIMA,all_lengths,,,,DMA::short_windows,step_change__position_0.75__shift_1,absolute_error_inflation,,0.0438492303012273,0.0386460425150827,0.0489391104571505,joint_parent_percentile,,0.0026368141595557,1000,1000,0,fixed_equal_cell_weights__common_complete_all_declared_methods_conditions,,
43d0a7f75c8afab6d32ab6fd1f2ff8db49cca59e36971e2b74404173f4cbfcf2,stress,domain_aggregate,ARFIMA,all_lengths,,,,GHE,step_change__position_0.75__shift_1,absolute_error_inflation,,0.0200390454276654,0.0159378648516474,0.0240957001986535,joint_parent_percentile,,0.0020084098374595,1000,1000,0,fixed_equal_cell_weights__common_complete_all_declared_methods_conditions,,
43d0a7f75c8afab6d32ab6fd1f2ff8db49cca59e36971e2b74404173f4cbfcf2,stress,domain_aggregate,ARFIMA,all_lengths,,,,GHE::centered,step_change__position_0.75__shift_1,absolute_error_inflation,,-0.0013286442982084,-0.0054101878755895,0.0028750591706536,joint_parent_percentile,,0.002173488549673,1000,1000,0,fixed_equal_cell_weights__common_complete_all_declared_methods_conditions,,
43d0a7f75c8afab6d32ab6fd1f2ff8db49cca59e36971e2b74404173f4cbfcf2,stress,domain_aggregate,ARFIMA,all_lengths,,,,GPH::narrow_band,step_change__position_0.75__shift_1,absolute_error_inflation,,0.1067626571701436,0.0986921559441266,0.1152249264837916,joint_parent_percentile,,0.0042519615798013,1000,1000,0,fixed_equal_cell_weights__common_complete_all_declared_methods_conditions,,
43d0a7f75c8afab6d32ab6fd1f2ff8db49cca59e36971e2b74404173f4cbfcf2,stress,domain_aggregate,ARFIMA,all_lengths,,,,GPH::wider_band,step_change__position_0.75__shift_1,absolute_error_inflation,,0.0641067629877603,0.0588421916744257,0.0695820963995749,joint_parent_percentile,,0.0027718735350845,1000,1000,0,fixed_equal_cell_weights__common_complete_all_declared_methods_conditions,,
43d0a7f75c8afab6d32ab6fd1f2ff8db49cca59e36971e2b74404173f4cbfcf2,stress,domain_aggregate,ARFIMA,all_lengths,,,,Higuchi,step_change__position_0.75__shift_1,absolute_error_inflation,,0.0285991287120194,0.0249681346373379,0.0321531012049789,joint_parent_percentile,,0.0018538642001376,1000,1000,0,fixed_equal_cell_weights__common_complete_all_declared_methods_conditions,,
43d0a7f75c8afab6d32ab6fd1f2ff8db49cca59e36971e2b74404173f4cbfcf2,stress,domain_aggregate,ARFIMA,all_lengths,,,,Higuchi::centered,step_change__position_0.75__shift_1,absolute_error_inflation,,0.0093162405080906,0.0054444383479076,0.0133097718105584,joint_parent_percentile,,0.0020193717203876,1000,1000,0,fixed_equal_cell_weights__common_complete_all_declared_methods_conditions,,
43d0a7f75c8afab6d32ab6fd1f2ff8db49cca59e36971e2b74404173f4cbfcf2,stress,domain_aggregate,ARFIMA,all_lengths,,,,ModifiedLocalWhittle,step_change__position_0.75__shift_1,absolute_error_inflation,,0.0669313611832771,0.0623622873261448,0.071420146743391,joint_parent_percentile,,0.0023130266620934,1000,1000,0,fixed_equal_cell_weights__common_complete_all_declared_methods_conditions,,
43d0a7f75c8afab6d32ab6fd1f2ff8db49cca59e36971e2b74404173f4cbfcf2,stress,domain_aggregate,ARFIMA,all_lengths,,,,RS,step_change__position_0.75__shift_1,absolute_error_inflation,,0.0085318299179473,0.0061941470277368,0.0109515543014216,joint_parent_percentile,,0.0012187587758947,1000,1000,0,fixed_equal_cell_weights__common_complete_all_declared_methods_conditions,,
43d0a7f75c8afab6d32ab6fd1f2ff8db49cca59e36971e2b74404173f4cbfcf2,stress,domain_aggregate,ARFIMA,all_lengths,,,,Variance,step_change__position_0.75__shift_1,absolute_error_inflation,,0.0093442567880863,-0.0007256926606625,0.0195262169444297,joint_parent_percentile,,0.0050615535062167,1000,1000,0,fixed_equal_cell_weights__common_complete_all_declared_methods_conditions,,
43d0a7f75c8afab6d32ab6fd1f2ff8db49cca59e36971e2b74404173f4cbfcf2,stress,domain_aggregate,ARFIMA,all_lengths,,,,VarianceResidual,step_change__position_0.75__shift_1,absolute_error_inflation,,-0.0092084056699317,-0.0114100157784965,-0.0067225508631477,joint_parent_percentile,,0.0011856985822885,1000,1000,0,fixed_equal_cell_weights__common_complete_all_declared_methods_conditions,,
43d0a7f75c8afab6d32ab6fd1f2ff8db49cca59e36971e2b74404173f4cbfcf2,stress,domain_aggregate,ARFIMA,all_lengths,,,,WaveletOLS::broad_band,step_change__position_0.75__shift_1,absolute_error_inflation,,-0.0012455936992248,-0.0035586238091661,0.0010157800044103,joint_parent_percentile,,0.0011636972404513,1000,1000,0,fixed_equal_cell_weights__common_complete_all_declared_methods_conditions,,
43d0a7f75c8afab6d32ab6fd1f2ff8db49cca59e36971e2b74404173f4cbfcf2,stress,domain_aggregate,ARFIMA,all_lengths,,,,WaveletOLS::conservative_band,step_change__position_0.75__shift_1,absolute_error_inflation,,-0.0026866025649045,-0.0041522138360397,-0.0012232440558449,joint_parent_percentile,,0.0007636227667388,1000,1000,0,fixed_equal_cell_weights__common_complete_all_declared_methods_conditions,,
43d0a7f75c8afab6d32ab6fd1f2ff8db49cca59e36971e2b74404173f4cbfcf2,stress,domain_aggregate,ARFIMA,all_lengths,,,,WaveletOLS::upper_band,step_change__position_0.75__shift_1,absolute_error_inflation,,-0.0016960979188391,-0.0032029207373505,-0.0001266949272398,joint_parent_percentile,,0.0007734052478808,1000,1000,0,fixed_equal_cell_weights__common_complete_all_declared_methods_conditions,,
43d0a7f75c8afab6d32ab6fd1f2ff8db49cca59e36971e2b74404173f4cbfcf2,stress,domain_aggregate,ARFIMA,all_lengths,,,,WhittleMLE,step_change__position_0.75__shift_1,absolute_error_inflation,,0.0681592047707444,0.0635714821753886,0.0726548950129117,joint_parent_percentile,,0.0023080759716925,1000,1000,0,fixed_equal_cell_weights__common_complete_all_declared_methods_conditions,,
43d0a7f75c8afab6d32ab6fd1f2ff8db49cca59e36971e2b74404173f4cbfcf2,stress,domain_aggregate,ARFIMA,all_lengths,,,,AbsoluteMoment,step_change__position_0.75__shift_2,absolute_error_inflation,,0.0448327679321505,0.0315795657667884,0.0575314052766532,joint_parent_percentile,,0.0064997161673229,1000,1000,0,fixed_equal_cell_weights__common_complete_all_declared_methods_conditions,,
43d0a7f75c8afab6d32ab6fd1f2ff8db49cca59e36971e2b74404173f4cbfcf2,stress,domain_aggregate,ARFIMA,all_lengths,,,,DFA::balanced_scales,step_change__position_0.75__shift_2,absolute_error_inflation,,0.0778871159279483,0.0729124905513185,0.0828462673844691,joint_parent_percentile,,0.0025406102169693,1000,1000,0,fixed_equal_cell_weights__common_complete_all_declared_methods_conditions,,
43d0a7f75c8afab6d32ab6fd1f2ff8db49cca59e36971e2b74404173f4cbfcf2,stress,domain_aggregate,ARFIMA,all_lengths,,,,DFA::long_scales,step_change__position_0.75__shift_2,absolute_error_inflation,,0.0917079937682877,0.0857308455421662,0.0975561196596356,joint_parent_percentile,,0.003016766111104,1000,1000,0,fixed_equal_cell_weights__common_complete_all_declared_methods_conditions,,
43d0a7f75c8afab6d32ab6fd1f2ff8db49cca59e36971e2b74404173f4cbfcf2,stress,domain_aggregate,ARFIMA,all_lengths,,,,DFA::short_scales,step_change__position_0.75__shift_2,absolute_error_inflation,,-0.0006619089456794,-0.0032109487985487,0.0016814759951651,joint_parent_percentile,,0.0012347436550056,1000,1000,0,fixed_equal_cell_weights__common_complete_all_declared_methods_conditions,,
43d0a7f75c8afab6d32ab6fd1f2ff8db49cca59e36971e2b74404173f4cbfcf2,stress,domain_aggregate,ARFIMA,all_lengths,,,,DMA::balanced_windows,step_change__position_0.75__shift_2,absolute_error_inflation,,0.0704319336199561,0.0650554887373681,0.0760539622266757,joint_parent_percentile,,0.002808929151224,1000,1000,0,fixed_equal_cell_weights__common_complete_all_declared_methods_conditions,,
43d0a7f75c8afab6d32ab6fd1f2ff8db49cca59e36971e2b74404173f4cbfcf2,stress,domain_aggregate,ARFIMA,all_lengths,,,,DMA::long_windows,step_change__position_0.75__shift_2,absolute_error_inflation,,-0.0163876146445579,-0.023492020720542,-0.0090754755105683,joint_parent_percentile,,0.0036437578171424,1000,1000,0,fixed_equal_cell_weights__common_complete_all_declared_methods_conditions,,
43d0a7f75c8afab6d32ab6fd1f2ff8db49cca59e36971e2b74404173f4cbfcf2,stress,domain_aggregate,ARFIMA,all_lengths,,,,DMA::short_windows,step_change__position_0.75__shift_2,absolute_error_inflation,,0.135855230976481,0.1320301503485605,0.1398493543812894,joint_parent_percentile,,0.0020128383266635,1000,1000,0,fixed_equal_cell_weights__common_complete_all_declared_methods_conditions,,
43d0a7f75c8afab6d32ab6fd1f2ff8db49cca59e36971e2b74404173f4cbfcf2,stress,domain_aggregate,ARFIMA,all_lengths,,,,GHE,step_change__position_0.75__shift_2,absolute_error_inflation,,0.0678583062081041,0.0643910351774554,0.0712648856277233,joint_parent_percentile,,0.001732010414694,1000,1000,0,fixed_equal_cell_weights__common_complete_all_declared_methods_conditions,,
43d0a7f75c8afab6d32ab6fd1f2ff8db49cca59e36971e2b74404173f4cbfcf2,stress,domain_aggregate,ARFIMA,all_lengths,,,,GHE::centered,step_change__position_0.75__shift_2,absolute_error_inflation,,0.085743572417886,0.0825840249631204,0.0890192707958661,joint_parent_percentile,,0.0016603306194047,1000,1000,0,fixed_equal_cell_weights__common_complete_all_declared_methods_conditions,,
43d0a7f75c8afab6d32ab6fd1f2ff8db49cca59e36971e2b74404173f4cbfcf2,stress,domain_aggregate,ARFIMA,all_lengths,,,,GPH::narrow_band,step_change__position_0.75__shift_2,absolute_error_inflation,,0.2922181028657032,0.2842561039654183,0.3001832002431363,joint_parent_percentile,,0.0041352508593628,1000,1000,0,fixed_equal_cell_weights__common_complete_all_declared_methods_conditions,,
43d0a7f75c8afab6d32ab6fd1f2ff8db49cca59e36971e2b74404173f4cbfcf2,stress,domain_aggregate,ARFIMA,all_lengths,,,,GPH::wider_band,step_change__position_0.75__shift_2,absolute_error_inflation,,0.1977682339022655,0.1923848086592711,0.2032260387336532,joint_parent_percentile,,0.002780446637273,1000,1000,0,fixed_equal_cell_weights__common_complete_all_declared_methods_conditions,,
43d0a7f75c8afab6d32ab6fd1f2ff8db49cca59e36971e2b74404173f4cbfcf2,stress,domain_aggregate,ARFIMA,all_lengths,,,,Higuchi,step_change__position_0.75__shift_2,absolute_error_inflation,,0.0808161949661463,0.0777455619101982,0.0837554080747399,joint_parent_percentile,,0.0015576402253788,1000,1000,0,fixed_equal_cell_weights__common_complete_all_declared_methods_conditions,,
43d0a7f75c8afab6d32ab6fd1f2ff8db49cca59e36971e2b74404173f4cbfcf2,stress,domain_aggregate,ARFIMA,all_lengths,,,,Higuchi::centered,step_change__position_0.75__shift_2,absolute_error_inflation,,0.0991447580526114,0.0961554360888328,0.1021289364533824,joint_parent_percentile,,0.0015323408178933,1000,1000,0,fixed_equal_cell_weights__common_complete_all_declared_methods_conditions,,
43d0a7f75c8afab6d32ab6fd1f2ff8db49cca59e36971e2b74404173f4cbfcf2,stress,domain_aggregate,ARFIMA,all_lengths,,,,ModifiedLocalWhittle,step_change__position_0.75__shift_2,absolute_error_inflation,,0.1729048949380283,0.169803199854238,0.176128046806169,joint_parent_percentile,,0.0016117722116304,1000,1000,0,fixed_equal_cell_weights__common_complete_all_declared_methods_conditions,,
43d0a7f75c8afab6d32ab6fd1f2ff8db49cca59e36971e2b74404173f4cbfcf2,stress,domain_aggregate,ARFIMA,all_lengths,,,,RS,step_change__position_0.75__shift_2,absolute_error_inflation,,0.0413634382074681,0.0384258148839116,0.0443067615593817,joint_parent_percentile,,0.0014951186192781,1000,1000,0,fixed_equal_cell_weights__common_complete_all_declared_methods_conditions,,
43d0a7f75c8afab6d32ab6fd1f2ff8db49cca59e36971e2b74404173f4cbfcf2,stress,domain_aggregate,ARFIMA,all_lengths,,,,Variance,step_change__position_0.75__shift_2,absolute_error_inflation,,0.0642013764819514,0.0515184326492647,0.0765672445026808,joint_parent_percentile,,0.00640382468496,1000,1000,0,fixed_equal_cell_weights__common_complete_all_declared_methods_conditions,,
43d0a7f75c8afab6d32ab6fd1f2ff8db49cca59e36971e2b74404173f4cbfcf2,stress,domain_aggregate,ARFIMA,all_lengths,,,,VarianceResidual,step_change__position_0.75__shift_2,absolute_error_inflation,,0.0164272451100931,0.0119770876775034,0.0209997774245411,joint_parent_percentile,,0.0023220397509639,1000,1000,0,fixed_equal_cell_weights__common_complete_all_declared_methods_conditions,,
43d0a7f75c8afab6d32ab6fd1f2ff8db49cca59e36971e2b74404173f4cbfcf2,stress,domain_aggregate,ARFIMA,all_lengths,,,,WaveletOLS::broad_band,step_change__position_0.75__shift_2,absolute_error_inflation,,0.0063944332304021,0.0020317985154908,0.0107616895599852,joint_parent_percentile,,0.0022064814775198,1000,1000,0,fixed_equal_cell_weights__common_complete_all_declared_methods_conditions,,
43d0a7f75c8afab6d32ab6fd1f2ff8db49cca59e36971e2b74404173f4cbfcf2,stress,domain_aggregate,ARFIMA,all_lengths,,,,WaveletOLS::conservative_band,step_change__position_0.75__shift_2,absolute_error_inflation,,-0.0073646541911506,-0.0103172872464763,-0.004321697368725,joint_parent_percentile,,0.0015414183613552,1000,1000,0,fixed_equal_cell_weights__common_complete_all_declared_methods_conditions,,
43d0a7f75c8afab6d32ab6fd1f2ff8db49cca59e36971e2b74404173f4cbfcf2,stress,domain_aggregate,ARFIMA,all_lengths,,,,WaveletOLS::upper_band,step_change__position_0.75__shift_2,absolute_error_inflation,,-0.000460472168784,-0.0034988778239474,0.002564552694241,joint_parent_percentile,,0.0015510849093488,1000,1000,0,fixed_equal_cell_weights__common_complete_all_declared_methods_conditions,,
43d0a7f75c8afab6d32ab6fd1f2ff8db49cca59e36971e2b74404173f4cbfcf2,stress,domain_aggregate,ARFIMA,all_lengths,,,,WhittleMLE,step_change__position_0.75__shift_2,absolute_error_inflation,,0.1734832749566764,0.1704213277213125,0.1766687933057206,joint_parent_percentile,,0.0015964120910236,1000,1000,0,fixed_equal_cell_weights__common_complete_all_declared_methods_conditions,,
