run_identity_sha256,scope,cell,domain,interval_role,parameter,n,H_target,method,condition,metric,contrast,value,ci_low,ci_high,interval_method,mcse,bootstrap_se,parents_attempted,parents_used,parents_excluded,support,successes,denominator
43d0a7f75c8afab6d32ab6fd1f2ff8db49cca59e36971e2b74404173f4cbfcf2,stress,domain_aggregate,AR1,all_lengths,,,,AbsoluteMoment,constant_offset__shift_1,absolute_error_inflation,,-1.3877787807814457e-17,-6.938893903907227e-17,2.775557561562892e-17,joint_parent_percentile,,2.4885850863743185e-17,2000,2000,0,fixed_equal_cell_weights__common_complete_all_declared_methods_conditions,,
43d0a7f75c8afab6d32ab6fd1f2ff8db49cca59e36971e2b74404173f4cbfcf2,stress,domain_aggregate,AR1,all_lengths,,,,DFA::balanced_scales,constant_offset__shift_1,absolute_error_inflation,,-1.3877787807814457e-17,-6.938893903907227e-17,5.551115123125783e-17,joint_parent_percentile,,2.9047751383974907e-17,2000,2000,0,fixed_equal_cell_weights__common_complete_all_declared_methods_conditions,,
43d0a7f75c8afab6d32ab6fd1f2ff8db49cca59e36971e2b74404173f4cbfcf2,stress,domain_aggregate,AR1,all_lengths,,,,DFA::long_scales,constant_offset__shift_1,absolute_error_inflation,,1.3877787807814457e-17,-4.163336342344337e-17,6.938893903907227e-17,joint_parent_percentile,,2.785176465925608e-17,2000,2000,0,fixed_equal_cell_weights__common_complete_all_declared_methods_conditions,,
43d0a7f75c8afab6d32ab6fd1f2ff8db49cca59e36971e2b74404173f4cbfcf2,stress,domain_aggregate,AR1,all_lengths,,,,DFA::short_scales,constant_offset__shift_1,absolute_error_inflation,,-4.163336342344337e-17,-5.551115123125783e-17,5.551115123125783e-17,joint_parent_percentile,,2.886614255175662e-17,2000,2000,0,fixed_equal_cell_weights__common_complete_all_declared_methods_conditions,,
43d0a7f75c8afab6d32ab6fd1f2ff8db49cca59e36971e2b74404173f4cbfcf2,stress,domain_aggregate,AR1,all_lengths,,,,DMA::balanced_windows,constant_offset__shift_1,absolute_error_inflation,,-1.0408340855860844e-17,-1.7347234759768068e-17,3.122502256758253e-17,joint_parent_percentile,,1.1389788047968141e-17,2000,2000,0,fixed_equal_cell_weights__common_complete_all_declared_methods_conditions,,
43d0a7f75c8afab6d32ab6fd1f2ff8db49cca59e36971e2b74404173f4cbfcf2,stress,domain_aggregate,AR1,all_lengths,,,,DMA::long_windows,constant_offset__shift_1,absolute_error_inflation,,-3.4694469519536136e-17,-2.4286128663675302e-17,1.7347234759768068e-17,joint_parent_percentile,,9.801862528028332e-18,2000,2000,0,fixed_equal_cell_weights__common_complete_all_declared_methods_conditions,,
43d0a7f75c8afab6d32ab6fd1f2ff8db49cca59e36971e2b74404173f4cbfcf2,stress,domain_aggregate,AR1,all_lengths,,,,DMA::short_windows,constant_offset__shift_1,absolute_error_inflation,,6.938893903907228e-18,-3.4694469519536136e-17,2.0816681711721685e-17,joint_parent_percentile,,1.3788013722269616e-17,2000,2000,0,fixed_equal_cell_weights__common_complete_all_declared_methods_conditions,,
43d0a7f75c8afab6d32ab6fd1f2ff8db49cca59e36971e2b74404173f4cbfcf2,stress,domain_aggregate,AR1,all_lengths,,,,GHE,constant_offset__shift_1,absolute_error_inflation,,0.1570576478441309,0.1548977228130172,0.1591265503154981,joint_parent_percentile,,0.0010609200226453,2000,2000,0,fixed_equal_cell_weights__common_complete_all_declared_methods_conditions,,
43d0a7f75c8afab6d32ab6fd1f2ff8db49cca59e36971e2b74404173f4cbfcf2,stress,domain_aggregate,AR1,all_lengths,,,,GHE::centered,constant_offset__shift_1,absolute_error_inflation,,0.0,-4.163336342344337e-17,2.0816681711721685e-17,joint_parent_percentile,,1.592745229284118e-17,2000,2000,0,fixed_equal_cell_weights__common_complete_all_declared_methods_conditions,,
43d0a7f75c8afab6d32ab6fd1f2ff8db49cca59e36971e2b74404173f4cbfcf2,stress,domain_aggregate,AR1,all_lengths,,,,GPH::narrow_band,constant_offset__shift_1,absolute_error_inflation,,0.0,-5.551115123125783e-17,2.775557561562892e-17,joint_parent_percentile,,2.099639457760958e-17,2000,2000,0,fixed_equal_cell_weights__common_complete_all_declared_methods_conditions,,
43d0a7f75c8afab6d32ab6fd1f2ff8db49cca59e36971e2b74404173f4cbfcf2,stress,domain_aggregate,AR1,all_lengths,,,,GPH::wider_band,constant_offset__shift_1,absolute_error_inflation,,0.0,-5.551115123125783e-17,4.163336342344337e-17,joint_parent_percentile,,2.3843468046217722e-17,2000,2000,0,fixed_equal_cell_weights__common_complete_all_declared_methods_conditions,,
43d0a7f75c8afab6d32ab6fd1f2ff8db49cca59e36971e2b74404173f4cbfcf2,stress,domain_aggregate,AR1,all_lengths,,,,Higuchi,constant_offset__shift_1,absolute_error_inflation,,0.1162493098312686,0.1145763500400602,0.1178058996901292,joint_parent_percentile,,0.0008121704670849,2000,2000,0,fixed_equal_cell_weights__common_complete_all_declared_methods_conditions,,
43d0a7f75c8afab6d32ab6fd1f2ff8db49cca59e36971e2b74404173f4cbfcf2,stress,domain_aggregate,AR1,all_lengths,,,,Higuchi::centered,constant_offset__shift_1,absolute_error_inflation,,-5.551115123125783e-17,-2.775557561562892e-17,2.775557561562892e-17,joint_parent_percentile,,1.6829467557286886e-17,2000,2000,0,fixed_equal_cell_weights__common_complete_all_declared_methods_conditions,,
43d0a7f75c8afab6d32ab6fd1f2ff8db49cca59e36971e2b74404173f4cbfcf2,stress,domain_aggregate,AR1,all_lengths,,,,ModifiedLocalWhittle,constant_offset__shift_1,absolute_error_inflation,,-9.950373858202964e-15,-4.066781633671468e-14,1.63050128954012e-14,joint_parent_percentile,,1.440553036668597e-14,2000,2000,0,fixed_equal_cell_weights__common_complete_all_declared_methods_conditions,,
43d0a7f75c8afab6d32ab6fd1f2ff8db49cca59e36971e2b74404173f4cbfcf2,stress,domain_aggregate,AR1,all_lengths,,,,RS,constant_offset__shift_1,absolute_error_inflation,,1.3877787807814457e-17,-2.775557561562892e-17,4.163336342344337e-17,joint_parent_percentile,,1.9710454587009042e-17,2000,2000,0,fixed_equal_cell_weights__common_complete_all_declared_methods_conditions,,
43d0a7f75c8afab6d32ab6fd1f2ff8db49cca59e36971e2b74404173f4cbfcf2,stress,domain_aggregate,AR1,all_lengths,,,,Variance,constant_offset__shift_1,absolute_error_inflation,,-2.0816681711721685e-17,-7.979727989493313e-17,1.3877787807814457e-17,joint_parent_percentile,,2.3832399518800567e-17,2000,2000,0,fixed_equal_cell_weights__common_complete_all_declared_methods_conditions,,
43d0a7f75c8afab6d32ab6fd1f2ff8db49cca59e36971e2b74404173f4cbfcf2,stress,domain_aggregate,AR1,all_lengths,,,,VarianceResidual,constant_offset__shift_1,absolute_error_inflation,,0.0,-6.938893903907227e-17,2.775557561562892e-17,joint_parent_percentile,,2.620472689123831e-17,2000,2000,0,fixed_equal_cell_weights__common_complete_all_declared_methods_conditions,,
43d0a7f75c8afab6d32ab6fd1f2ff8db49cca59e36971e2b74404173f4cbfcf2,stress,domain_aggregate,AR1,all_lengths,,,,WaveletOLS::broad_band,constant_offset__shift_1,absolute_error_inflation,,0.0,-2.775557561562892e-17,4.163336342344337e-17,joint_parent_percentile,,1.889261403715998e-17,2000,2000,0,fixed_equal_cell_weights__common_complete_all_declared_methods_conditions,,
43d0a7f75c8afab6d32ab6fd1f2ff8db49cca59e36971e2b74404173f4cbfcf2,stress,domain_aggregate,AR1,all_lengths,,,,WaveletOLS::conservative_band,constant_offset__shift_1,absolute_error_inflation,,-2.775557561562892e-17,-5.551115123125783e-17,4.163336342344337e-17,joint_parent_percentile,,2.4064509392396122e-17,2000,2000,0,fixed_equal_cell_weights__common_complete_all_declared_methods_conditions,,
43d0a7f75c8afab6d32ab6fd1f2ff8db49cca59e36971e2b74404173f4cbfcf2,stress,domain_aggregate,AR1,all_lengths,,,,WaveletOLS::upper_band,constant_offset__shift_1,absolute_error_inflation,,2.775557561562892e-17,-5.551115123125783e-17,2.775557561562892e-17,joint_parent_percentile,,2.407551377058448e-17,2000,2000,0,fixed_equal_cell_weights__common_complete_all_declared_methods_conditions,,
43d0a7f75c8afab6d32ab6fd1f2ff8db49cca59e36971e2b74404173f4cbfcf2,stress,domain_aggregate,AR1,all_lengths,,,,WhittleMLE,constant_offset__shift_1,absolute_error_inflation,,5.134781488891349e-16,-5.906039546310637e-15,7.383677003147681e-15,joint_parent_percentile,,3.4485262051635245e-15,2000,2000,0,fixed_equal_cell_weights__common_complete_all_declared_methods_conditions,,
43d0a7f75c8afab6d32ab6fd1f2ff8db49cca59e36971e2b74404173f4cbfcf2,stress,domain_aggregate,AR1,all_lengths,,,,AbsoluteMoment,heavy_tail_noise__df_3__scale_0.5,absolute_error_inflation,,-0.0044890748791191,-0.0081537540697794,-0.0009020584907984,joint_parent_percentile,,0.0018278360078003,2000,2000,0,fixed_equal_cell_weights__common_complete_all_declared_methods_conditions,,
43d0a7f75c8afab6d32ab6fd1f2ff8db49cca59e36971e2b74404173f4cbfcf2,stress,domain_aggregate,AR1,all_lengths,,,,DFA::balanced_scales,heavy_tail_noise__df_3__scale_0.5,absolute_error_inflation,,-0.0471966508072708,-0.0481443123033635,-0.0462317243328531,joint_parent_percentile,,0.0004920142164368,2000,2000,0,fixed_equal_cell_weights__common_complete_all_declared_methods_conditions,,
43d0a7f75c8afab6d32ab6fd1f2ff8db49cca59e36971e2b74404173f4cbfcf2,stress,domain_aggregate,AR1,all_lengths,,,,DFA::long_scales,heavy_tail_noise__df_3__scale_0.5,absolute_error_inflation,,-0.0283495624347126,-0.0292290116423437,-0.0274502327903234,joint_parent_percentile,,0.000456177711316,2000,2000,0,fixed_equal_cell_weights__common_complete_all_declared_methods_conditions,,
43d0a7f75c8afab6d32ab6fd1f2ff8db49cca59e36971e2b74404173f4cbfcf2,stress,domain_aggregate,AR1,all_lengths,,,,DFA::short_scales,heavy_tail_noise__df_3__scale_0.5,absolute_error_inflation,,-0.0866704427008933,-0.087757269327839,-0.0855420653793025,joint_parent_percentile,,0.0005656606309172,2000,2000,0,fixed_equal_cell_weights__common_complete_all_declared_methods_conditions,,
43d0a7f75c8afab6d32ab6fd1f2ff8db49cca59e36971e2b74404173f4cbfcf2,stress,domain_aggregate,AR1,all_lengths,,,,DMA::balanced_windows,heavy_tail_noise__df_3__scale_0.5,absolute_error_inflation,,-0.003148580175574,-0.003906165716128,-0.0024013609776177,joint_parent_percentile,,0.0003892570711855,2000,2000,0,fixed_equal_cell_weights__common_complete_all_declared_methods_conditions,,
43d0a7f75c8afab6d32ab6fd1f2ff8db49cca59e36971e2b74404173f4cbfcf2,stress,domain_aggregate,AR1,all_lengths,,,,DMA::long_windows,heavy_tail_noise__df_3__scale_0.5,absolute_error_inflation,,-0.0009527894213831,-0.0018870724116238,-4.694249245734467e-05,joint_parent_percentile,,0.0004682184120727,2000,2000,0,fixed_equal_cell_weights__common_complete_all_declared_methods_conditions,,
43d0a7f75c8afab6d32ab6fd1f2ff8db49cca59e36971e2b74404173f4cbfcf2,stress,domain_aggregate,AR1,all_lengths,,,,DMA::short_windows,heavy_tail_noise__df_3__scale_0.5,absolute_error_inflation,,-0.0066860491493459,-0.0073132512870979,-0.0060652598253401,joint_parent_percentile,,0.0003140211167762,2000,2000,0,fixed_equal_cell_weights__common_complete_all_declared_methods_conditions,,
43d0a7f75c8afab6d32ab6fd1f2ff8db49cca59e36971e2b74404173f4cbfcf2,stress,domain_aggregate,AR1,all_lengths,,,,GHE,heavy_tail_noise__df_3__scale_0.5,absolute_error_inflation,,-0.0154345543793749,-0.0158704191955665,-0.0150032666290677,joint_parent_percentile,,0.0002247008196549,2000,2000,0,fixed_equal_cell_weights__common_complete_all_declared_methods_conditions,,
43d0a7f75c8afab6d32ab6fd1f2ff8db49cca59e36971e2b74404173f4cbfcf2,stress,domain_aggregate,AR1,all_lengths,,,,GHE::centered,heavy_tail_noise__df_3__scale_0.5,absolute_error_inflation,,-0.0158716562971872,-0.016344110671074,-0.0154213370908139,joint_parent_percentile,,0.0002361618615189,2000,2000,0,fixed_equal_cell_weights__common_complete_all_declared_methods_conditions,,
43d0a7f75c8afab6d32ab6fd1f2ff8db49cca59e36971e2b74404173f4cbfcf2,stress,domain_aggregate,AR1,all_lengths,,,,GPH::narrow_band,heavy_tail_noise__df_3__scale_0.5,absolute_error_inflation,,-0.0173649947339682,-0.0199534515335165,-0.014801416871572,joint_parent_percentile,,0.0013094935195756,2000,2000,0,fixed_equal_cell_weights__common_complete_all_declared_methods_conditions,,
43d0a7f75c8afab6d32ab6fd1f2ff8db49cca59e36971e2b74404173f4cbfcf2,stress,domain_aggregate,AR1,all_lengths,,,,GPH::wider_band,heavy_tail_noise__df_3__scale_0.5,absolute_error_inflation,,-0.0501201510840005,-0.0523880664250538,-0.0477938376251418,joint_parent_percentile,,0.0011511019632467,2000,2000,0,fixed_equal_cell_weights__common_complete_all_declared_methods_conditions,,
43d0a7f75c8afab6d32ab6fd1f2ff8db49cca59e36971e2b74404173f4cbfcf2,stress,domain_aggregate,AR1,all_lengths,,,,Higuchi,heavy_tail_noise__df_3__scale_0.5,absolute_error_inflation,,-0.0179801505268226,-0.0184142035566182,-0.0175680533421543,joint_parent_percentile,,0.0002148381748812,2000,2000,0,fixed_equal_cell_weights__common_complete_all_declared_methods_conditions,,
43d0a7f75c8afab6d32ab6fd1f2ff8db49cca59e36971e2b74404173f4cbfcf2,stress,domain_aggregate,AR1,all_lengths,,,,Higuchi::centered,heavy_tail_noise__df_3__scale_0.5,absolute_error_inflation,,-0.0184128039927118,-0.0188509169727363,-0.0179933228113256,joint_parent_percentile,,0.0002187463833755,2000,2000,0,fixed_equal_cell_weights__common_complete_all_declared_methods_conditions,,
43d0a7f75c8afab6d32ab6fd1f2ff8db49cca59e36971e2b74404173f4cbfcf2,stress,domain_aggregate,AR1,all_lengths,,,,ModifiedLocalWhittle,heavy_tail_noise__df_3__scale_0.5,absolute_error_inflation,,-0.0108466516083776,-0.0116558829228881,-0.0100293670432195,joint_parent_percentile,,0.0004181510827041,2000,2000,0,fixed_equal_cell_weights__common_complete_all_declared_methods_conditions,,
43d0a7f75c8afab6d32ab6fd1f2ff8db49cca59e36971e2b74404173f4cbfcf2,stress,domain_aggregate,AR1,all_lengths,,,,RS,heavy_tail_noise__df_3__scale_0.5,absolute_error_inflation,,-0.0022056140678274,-0.0027238612488781,-0.001677121055371,joint_parent_percentile,,0.0002743017312583,2000,2000,0,fixed_equal_cell_weights__common_complete_all_declared_methods_conditions,,
43d0a7f75c8afab6d32ab6fd1f2ff8db49cca59e36971e2b74404173f4cbfcf2,stress,domain_aggregate,AR1,all_lengths,,,,Variance,heavy_tail_noise__df_3__scale_0.5,absolute_error_inflation,,-0.0046873300716499,-0.0082511236305644,-0.0010967175645613,joint_parent_percentile,,0.0018224765841684,2000,2000,0,fixed_equal_cell_weights__common_complete_all_declared_methods_conditions,,
43d0a7f75c8afab6d32ab6fd1f2ff8db49cca59e36971e2b74404173f4cbfcf2,stress,domain_aggregate,AR1,all_lengths,,,,VarianceResidual,heavy_tail_noise__df_3__scale_0.5,absolute_error_inflation,,-0.0636679949824912,-0.0645890980818161,-0.0627456394950995,joint_parent_percentile,,0.0004695406942281,2000,2000,0,fixed_equal_cell_weights__common_complete_all_declared_methods_conditions,,
43d0a7f75c8afab6d32ab6fd1f2ff8db49cca59e36971e2b74404173f4cbfcf2,stress,domain_aggregate,AR1,all_lengths,,,,WaveletOLS::broad_band,heavy_tail_noise__df_3__scale_0.5,absolute_error_inflation,,-0.113696150860891,-0.1152362756267795,-0.1121173414323693,joint_parent_percentile,,0.0007970049080578,2000,2000,0,fixed_equal_cell_weights__common_complete_all_declared_methods_conditions,,
43d0a7f75c8afab6d32ab6fd1f2ff8db49cca59e36971e2b74404173f4cbfcf2,stress,domain_aggregate,AR1,all_lengths,,,,WaveletOLS::conservative_band,heavy_tail_noise__df_3__scale_0.5,absolute_error_inflation,,-0.0897661277626388,-0.0921649260349561,-0.0873709478026429,joint_parent_percentile,,0.0012096994976621,2000,2000,0,fixed_equal_cell_weights__common_complete_all_declared_methods_conditions,,
43d0a7f75c8afab6d32ab6fd1f2ff8db49cca59e36971e2b74404173f4cbfcf2,stress,domain_aggregate,AR1,all_lengths,,,,WaveletOLS::upper_band,heavy_tail_noise__df_3__scale_0.5,absolute_error_inflation,,-0.1536112343169939,-0.1555180167664598,-0.1516043131356826,joint_parent_percentile,,0.0010035432732628,2000,2000,0,fixed_equal_cell_weights__common_complete_all_declared_methods_conditions,,
43d0a7f75c8afab6d32ab6fd1f2ff8db49cca59e36971e2b74404173f4cbfcf2,stress,domain_aggregate,AR1,all_lengths,,,,WhittleMLE,heavy_tail_noise__df_3__scale_0.5,absolute_error_inflation,,-0.0107699265741676,-0.0115695713842148,-0.0099616941720766,joint_parent_percentile,,0.000418171972892,2000,2000,0,fixed_equal_cell_weights__common_complete_all_declared_methods_conditions,,
43d0a7f75c8afab6d32ab6fd1f2ff8db49cca59e36971e2b74404173f4cbfcf2,stress,domain_aggregate,AR1,all_lengths,,,,AbsoluteMoment,heavy_tail_noise__df_3__scale_1,absolute_error_inflation,,-0.0048926330120376,-0.0097465778227754,-0.000101247131878,joint_parent_percentile,,0.0024536283182537,2000,2000,0,fixed_equal_cell_weights__common_complete_all_declared_methods_conditions,,
43d0a7f75c8afab6d32ab6fd1f2ff8db49cca59e36971e2b74404173f4cbfcf2,stress,domain_aggregate,AR1,all_lengths,,,,DFA::balanced_scales,heavy_tail_noise__df_3__scale_1,absolute_error_inflation,,-0.1386862047641104,-0.1404743470270409,-0.1368855444435409,joint_parent_percentile,,0.0009209078459097,2000,2000,0,fixed_equal_cell_weights__common_complete_all_declared_methods_conditions,,
43d0a7f75c8afab6d32ab6fd1f2ff8db49cca59e36971e2b74404173f4cbfcf2,stress,domain_aggregate,AR1,all_lengths,,,,DFA::long_scales,heavy_tail_noise__df_3__scale_1,absolute_error_inflation,,-0.0905195202060361,-0.0922051308482266,-0.0888292392399649,joint_parent_percentile,,0.0008438746758115,2000,2000,0,fixed_equal_cell_weights__common_complete_all_declared_methods_conditions,,
43d0a7f75c8afab6d32ab6fd1f2ff8db49cca59e36971e2b74404173f4cbfcf2,stress,domain_aggregate,AR1,all_lengths,,,,DFA::short_scales,heavy_tail_noise__df_3__scale_1,absolute_error_inflation,,-0.2196323233924514,-0.2215355536851548,-0.2177076921438176,joint_parent_percentile,,0.0009897721940857,2000,2000,0,fixed_equal_cell_weights__common_complete_all_declared_methods_conditions,,
43d0a7f75c8afab6d32ab6fd1f2ff8db49cca59e36971e2b74404173f4cbfcf2,stress,domain_aggregate,AR1,all_lengths,,,,DMA::balanced_windows,heavy_tail_noise__df_3__scale_1,absolute_error_inflation,,-0.0126278881960181,-0.0139467232661832,-0.0113057805545165,joint_parent_percentile,,0.0006911238624659,2000,2000,0,fixed_equal_cell_weights__common_complete_all_declared_methods_conditions,,
43d0a7f75c8afab6d32ab6fd1f2ff8db49cca59e36971e2b74404173f4cbfcf2,stress,domain_aggregate,AR1,all_lengths,,,,DMA::long_windows,heavy_tail_noise__df_3__scale_1,absolute_error_inflation,,-0.0051492215631442,-0.0068393201137128,-0.0034568033961632,joint_parent_percentile,,0.0008658621262777,2000,2000,0,fixed_equal_cell_weights__common_complete_all_declared_methods_conditions,,
43d0a7f75c8afab6d32ab6fd1f2ff8db49cca59e36971e2b74404173f4cbfcf2,stress,domain_aggregate,AR1,all_lengths,,,,DMA::short_windows,heavy_tail_noise__df_3__scale_1,absolute_error_inflation,,-0.0254427050505235,-0.0264499635364314,-0.0243397276229988,joint_parent_percentile,,0.0005511307860933,2000,2000,0,fixed_equal_cell_weights__common_complete_all_declared_methods_conditions,,
43d0a7f75c8afab6d32ab6fd1f2ff8db49cca59e36971e2b74404173f4cbfcf2,stress,domain_aggregate,AR1,all_lengths,,,,GHE,heavy_tail_noise__df_3__scale_1,absolute_error_inflation,,-0.0468895338907712,-0.0476886268991767,-0.0460458452705294,joint_parent_percentile,,0.000422986186657,2000,2000,0,fixed_equal_cell_weights__common_complete_all_declared_methods_conditions,,
43d0a7f75c8afab6d32ab6fd1f2ff8db49cca59e36971e2b74404173f4cbfcf2,stress,domain_aggregate,AR1,all_lengths,,,,GHE::centered,heavy_tail_noise__df_3__scale_1,absolute_error_inflation,,-0.0483891848898303,-0.0492337099616253,-0.0475104513263898,joint_parent_percentile,,0.000440967206167,2000,2000,0,fixed_equal_cell_weights__common_complete_all_declared_methods_conditions,,
43d0a7f75c8afab6d32ab6fd1f2ff8db49cca59e36971e2b74404173f4cbfcf2,stress,domain_aggregate,AR1,all_lengths,,,,GPH::narrow_band,heavy_tail_noise__df_3__scale_1,absolute_error_inflation,,-0.0554202879356004,-0.0592491376274611,-0.0516793318238754,joint_parent_percentile,,0.0019262740674241,2000,2000,0,fixed_equal_cell_weights__common_complete_all_declared_methods_conditions,,
43d0a7f75c8afab6d32ab6fd1f2ff8db49cca59e36971e2b74404173f4cbfcf2,stress,domain_aggregate,AR1,all_lengths,,,,GPH::wider_band,heavy_tail_noise__df_3__scale_1,absolute_error_inflation,,-0.1374550696252267,-0.1407679326428576,-0.1341975137329718,joint_parent_percentile,,0.0016630725089677,2000,2000,0,fixed_equal_cell_weights__common_complete_all_declared_methods_conditions,,
43d0a7f75c8afab6d32ab6fd1f2ff8db49cca59e36971e2b74404173f4cbfcf2,stress,domain_aggregate,AR1,all_lengths,,,,Higuchi,heavy_tail_noise__df_3__scale_1,absolute_error_inflation,,-0.054641661647935,-0.0554815037698242,-0.0537820332137537,joint_parent_percentile,,0.0004296494633874,2000,2000,0,fixed_equal_cell_weights__common_complete_all_declared_methods_conditions,,
43d0a7f75c8afab6d32ab6fd1f2ff8db49cca59e36971e2b74404173f4cbfcf2,stress,domain_aggregate,AR1,all_lengths,,,,Higuchi::centered,heavy_tail_noise__df_3__scale_1,absolute_error_inflation,,-0.0560733376246017,-0.0569533544772745,-0.0552387619108644,joint_parent_percentile,,0.0004393888758401,2000,2000,0,fixed_equal_cell_weights__common_complete_all_declared_methods_conditions,,
43d0a7f75c8afab6d32ab6fd1f2ff8db49cca59e36971e2b74404173f4cbfcf2,stress,domain_aggregate,AR1,all_lengths,,,,ModifiedLocalWhittle,heavy_tail_noise__df_3__scale_1,absolute_error_inflation,,-0.0440306460368815,-0.0457847192270853,-0.0424328709066573,joint_parent_percentile,,0.000850092327198,2000,2000,0,fixed_equal_cell_weights__common_complete_all_declared_methods_conditions,,
43d0a7f75c8afab6d32ab6fd1f2ff8db49cca59e36971e2b74404173f4cbfcf2,stress,domain_aggregate,AR1,all_lengths,,,,RS,heavy_tail_noise__df_3__scale_1,absolute_error_inflation,,-0.0403484231383186,-0.0413179347049154,-0.0394170099484297,joint_parent_percentile,,0.0004922807715812,2000,2000,0,fixed_equal_cell_weights__common_complete_all_declared_methods_conditions,,
43d0a7f75c8afab6d32ab6fd1f2ff8db49cca59e36971e2b74404173f4cbfcf2,stress,domain_aggregate,AR1,all_lengths,,,,Variance,heavy_tail_noise__df_3__scale_1,absolute_error_inflation,,-0.0065338412714814,-0.0111753515000069,-0.0017166810750674,joint_parent_percentile,,0.0024177594160626,2000,2000,0,fixed_equal_cell_weights__common_complete_all_declared_methods_conditions,,
43d0a7f75c8afab6d32ab6fd1f2ff8db49cca59e36971e2b74404173f4cbfcf2,stress,domain_aggregate,AR1,all_lengths,,,,VarianceResidual,heavy_tail_noise__df_3__scale_1,absolute_error_inflation,,-0.164610508979519,-0.1662574246065222,-0.1630201072787797,joint_parent_percentile,,0.0008165356363908,2000,2000,0,fixed_equal_cell_weights__common_complete_all_declared_methods_conditions,,
43d0a7f75c8afab6d32ab6fd1f2ff8db49cca59e36971e2b74404173f4cbfcf2,stress,domain_aggregate,AR1,all_lengths,,,,WaveletOLS::broad_band,heavy_tail_noise__df_3__scale_1,absolute_error_inflation,,-0.2488157389272517,-0.2513141138694927,-0.2463427223972413,joint_parent_percentile,,0.0012488393206276,2000,2000,0,fixed_equal_cell_weights__common_complete_all_declared_methods_conditions,,
43d0a7f75c8afab6d32ab6fd1f2ff8db49cca59e36971e2b74404173f4cbfcf2,stress,domain_aggregate,AR1,all_lengths,,,,WaveletOLS::conservative_band,heavy_tail_noise__df_3__scale_1,absolute_error_inflation,,-0.2328882813529842,-0.236967597652806,-0.2288738462225522,joint_parent_percentile,,0.0020759657355985,2000,2000,0,fixed_equal_cell_weights__common_complete_all_declared_methods_conditions,,
43d0a7f75c8afab6d32ab6fd1f2ff8db49cca59e36971e2b74404173f4cbfcf2,stress,domain_aggregate,AR1,all_lengths,,,,WaveletOLS::upper_band,heavy_tail_noise__df_3__scale_1,absolute_error_inflation,,-0.3244591236167682,-0.327179253017111,-0.3215110457595932,joint_parent_percentile,,0.0014552859886325,2000,2000,0,fixed_equal_cell_weights__common_complete_all_declared_methods_conditions,,
43d0a7f75c8afab6d32ab6fd1f2ff8db49cca59e36971e2b74404173f4cbfcf2,stress,domain_aggregate,AR1,all_lengths,,,,WhittleMLE,heavy_tail_noise__df_3__scale_1,absolute_error_inflation,,-0.0436708609702693,-0.0453974071700688,-0.0420667152972683,joint_parent_percentile,,0.0008488031403571,2000,2000,0,fixed_equal_cell_weights__common_complete_all_declared_methods_conditions,,
43d0a7f75c8afab6d32ab6fd1f2ff8db49cca59e36971e2b74404173f4cbfcf2,stress,domain_aggregate,AR1,all_lengths,,,,AbsoluteMoment,heavy_tail_noise__df_5__scale_0.5,absolute_error_inflation,,-0.0002895727602728,-0.0037763824362697,0.0031077626590635,joint_parent_percentile,,0.001774370173037,2000,2000,0,fixed_equal_cell_weights__common_complete_all_declared_methods_conditions,,
43d0a7f75c8afab6d32ab6fd1f2ff8db49cca59e36971e2b74404173f4cbfcf2,stress,domain_aggregate,AR1,all_lengths,,,,DFA::balanced_scales,heavy_tail_noise__df_5__scale_0.5,absolute_error_inflation,,-0.0480116741183944,-0.0489780805748079,-0.0470432917387282,joint_parent_percentile,,0.0004944689544555,2000,2000,0,fixed_equal_cell_weights__common_complete_all_declared_methods_conditions,,
43d0a7f75c8afab6d32ab6fd1f2ff8db49cca59e36971e2b74404173f4cbfcf2,stress,domain_aggregate,AR1,all_lengths,,,,DFA::long_scales,heavy_tail_noise__df_5__scale_0.5,absolute_error_inflation,,-0.0289429272464662,-0.0298225923234579,-0.0280491859429437,joint_parent_percentile,,0.0004537522918001,2000,2000,0,fixed_equal_cell_weights__common_complete_all_declared_methods_conditions,,
43d0a7f75c8afab6d32ab6fd1f2ff8db49cca59e36971e2b74404173f4cbfcf2,stress,domain_aggregate,AR1,all_lengths,,,,DFA::short_scales,heavy_tail_noise__df_5__scale_0.5,absolute_error_inflation,,-0.0866674627924637,-0.087764293419267,-0.085573214390248,joint_parent_percentile,,0.0005714399210562,2000,2000,0,fixed_equal_cell_weights__common_complete_all_declared_methods_conditions,,
43d0a7f75c8afab6d32ab6fd1f2ff8db49cca59e36971e2b74404173f4cbfcf2,stress,domain_aggregate,AR1,all_lengths,,,,DMA::balanced_windows,heavy_tail_noise__df_5__scale_0.5,absolute_error_inflation,,-0.0031885692188236,-0.0039411323611403,-0.0024486226912845,joint_parent_percentile,,0.0003735552984738,2000,2000,0,fixed_equal_cell_weights__common_complete_all_declared_methods_conditions,,
43d0a7f75c8afab6d32ab6fd1f2ff8db49cca59e36971e2b74404173f4cbfcf2,stress,domain_aggregate,AR1,all_lengths,,,,DMA::long_windows,heavy_tail_noise__df_5__scale_0.5,absolute_error_inflation,,-0.0011985515507977,-0.0020912805939644,-0.0003251983545616,joint_parent_percentile,,0.0004501031813804,2000,2000,0,fixed_equal_cell_weights__common_complete_all_declared_methods_conditions,,
43d0a7f75c8afab6d32ab6fd1f2ff8db49cca59e36971e2b74404173f4cbfcf2,stress,domain_aggregate,AR1,all_lengths,,,,DMA::short_windows,heavy_tail_noise__df_5__scale_0.5,absolute_error_inflation,,-0.0066194213797634,-0.0071878196491776,-0.0060483825874866,joint_parent_percentile,,0.0002943717884539,2000,2000,0,fixed_equal_cell_weights__common_complete_all_declared_methods_conditions,,
43d0a7f75c8afab6d32ab6fd1f2ff8db49cca59e36971e2b74404173f4cbfcf2,stress,domain_aggregate,AR1,all_lengths,,,,GHE,heavy_tail_noise__df_5__scale_0.5,absolute_error_inflation,,-0.0162471292525981,-0.0166600926234051,-0.0158219097200326,joint_parent_percentile,,0.0002199559988239,2000,2000,0,fixed_equal_cell_weights__common_complete_all_declared_methods_conditions,,
43d0a7f75c8afab6d32ab6fd1f2ff8db49cca59e36971e2b74404173f4cbfcf2,stress,domain_aggregate,AR1,all_lengths,,,,GHE::centered,heavy_tail_noise__df_5__scale_0.5,absolute_error_inflation,,-0.0168009072905342,-0.0172136820282906,-0.0163738089419116,joint_parent_percentile,,0.0002203534038638,2000,2000,0,fixed_equal_cell_weights__common_complete_all_declared_methods_conditions,,
43d0a7f75c8afab6d32ab6fd1f2ff8db49cca59e36971e2b74404173f4cbfcf2,stress,domain_aggregate,AR1,all_lengths,,,,GPH::narrow_band,heavy_tail_noise__df_5__scale_0.5,absolute_error_inflation,,-0.016314206675484,-0.0186400140223623,-0.0138666128149972,joint_parent_percentile,,0.0012129702764427,2000,2000,0,fixed_equal_cell_weights__common_complete_all_declared_methods_conditions,,
43d0a7f75c8afab6d32ab6fd1f2ff8db49cca59e36971e2b74404173f4cbfcf2,stress,domain_aggregate,AR1,all_lengths,,,,GPH::wider_band,heavy_tail_noise__df_5__scale_0.5,absolute_error_inflation,,-0.0503307182352089,-0.0524411710874989,-0.0481040380206169,joint_parent_percentile,,0.0011179180348074,2000,2000,0,fixed_equal_cell_weights__common_complete_all_declared_methods_conditions,,
43d0a7f75c8afab6d32ab6fd1f2ff8db49cca59e36971e2b74404173f4cbfcf2,stress,domain_aggregate,AR1,all_lengths,,,,Higuchi,heavy_tail_noise__df_5__scale_0.5,absolute_error_inflation,,-0.0189510900211983,-0.0193522555990096,-0.0185265409927542,joint_parent_percentile,,0.0002106753024335,2000,2000,0,fixed_equal_cell_weights__common_complete_all_declared_methods_conditions,,
43d0a7f75c8afab6d32ab6fd1f2ff8db49cca59e36971e2b74404173f4cbfcf2,stress,domain_aggregate,AR1,all_lengths,,,,Higuchi::centered,heavy_tail_noise__df_5__scale_0.5,absolute_error_inflation,,-0.0195986803135216,-0.0200052292552278,-0.0191842090499329,joint_parent_percentile,,0.0002114966929686,2000,2000,0,fixed_equal_cell_weights__common_complete_all_declared_methods_conditions,,
43d0a7f75c8afab6d32ab6fd1f2ff8db49cca59e36971e2b74404173f4cbfcf2,stress,domain_aggregate,AR1,all_lengths,,,,ModifiedLocalWhittle,heavy_tail_noise__df_5__scale_0.5,absolute_error_inflation,,-0.0118125107718202,-0.0126940405349561,-0.0109430444065614,joint_parent_percentile,,0.000444514771789,2000,2000,0,fixed_equal_cell_weights__common_complete_all_declared_methods_conditions,,
43d0a7f75c8afab6d32ab6fd1f2ff8db49cca59e36971e2b74404173f4cbfcf2,stress,domain_aggregate,AR1,all_lengths,,,,RS,heavy_tail_noise__df_5__scale_0.5,absolute_error_inflation,,-0.0008350686062939,-0.0013830358398587,-0.000295936613747,joint_parent_percentile,,0.0002809059381485,2000,2000,0,fixed_equal_cell_weights__common_complete_all_declared_methods_conditions,,
43d0a7f75c8afab6d32ab6fd1f2ff8db49cca59e36971e2b74404173f4cbfcf2,stress,domain_aggregate,AR1,all_lengths,,,,Variance,heavy_tail_noise__df_5__scale_0.5,absolute_error_inflation,,-0.000712947711929,-0.0041945057187023,0.0026825243735247,joint_parent_percentile,,0.0017790815706726,2000,2000,0,fixed_equal_cell_weights__common_complete_all_declared_methods_conditions,,
43d0a7f75c8afab6d32ab6fd1f2ff8db49cca59e36971e2b74404173f4cbfcf2,stress,domain_aggregate,AR1,all_lengths,,,,VarianceResidual,heavy_tail_noise__df_5__scale_0.5,absolute_error_inflation,,-0.0643563159532225,-0.0653025331278825,-0.0634472546521727,joint_parent_percentile,,0.0004699830642103,2000,2000,0,fixed_equal_cell_weights__common_complete_all_declared_methods_conditions,,
43d0a7f75c8afab6d32ab6fd1f2ff8db49cca59e36971e2b74404173f4cbfcf2,stress,domain_aggregate,AR1,all_lengths,,,,WaveletOLS::broad_band,heavy_tail_noise__df_5__scale_0.5,absolute_error_inflation,,-0.1148113385872652,-0.116229551897337,-0.1134582700912016,joint_parent_percentile,,0.000706643809889,2000,2000,0,fixed_equal_cell_weights__common_complete_all_declared_methods_conditions,,
43d0a7f75c8afab6d32ab6fd1f2ff8db49cca59e36971e2b74404173f4cbfcf2,stress,domain_aggregate,AR1,all_lengths,,,,WaveletOLS::conservative_band,heavy_tail_noise__df_5__scale_0.5,absolute_error_inflation,,-0.0900096104354318,-0.0924746573410075,-0.0876249444113927,joint_parent_percentile,,0.0012409103752202,2000,2000,0,fixed_equal_cell_weights__common_complete_all_declared_methods_conditions,,
43d0a7f75c8afab6d32ab6fd1f2ff8db49cca59e36971e2b74404173f4cbfcf2,stress,domain_aggregate,AR1,all_lengths,,,,WaveletOLS::upper_band,heavy_tail_noise__df_5__scale_0.5,absolute_error_inflation,,-0.1547954318689893,-0.1565816278136764,-0.1531204802310821,joint_parent_percentile,,0.0008868337653364,2000,2000,0,fixed_equal_cell_weights__common_complete_all_declared_methods_conditions,,
43d0a7f75c8afab6d32ab6fd1f2ff8db49cca59e36971e2b74404173f4cbfcf2,stress,domain_aggregate,AR1,all_lengths,,,,WhittleMLE,heavy_tail_noise__df_5__scale_0.5,absolute_error_inflation,,-0.0117142677056771,-0.0125977163837456,-0.0108356804561983,joint_parent_percentile,,0.0004446949397224,2000,2000,0,fixed_equal_cell_weights__common_complete_all_declared_methods_conditions,,
43d0a7f75c8afab6d32ab6fd1f2ff8db49cca59e36971e2b74404173f4cbfcf2,stress,domain_aggregate,AR1,all_lengths,,,,AbsoluteMoment,heavy_tail_noise__df_5__scale_1,absolute_error_inflation,,-0.0066753903818182,-0.0115727341821537,-0.002318458959245,joint_parent_percentile,,0.0023493530785749,2000,2000,0,fixed_equal_cell_weights__common_complete_all_declared_methods_conditions,,
43d0a7f75c8afab6d32ab6fd1f2ff8db49cca59e36971e2b74404173f4cbfcf2,stress,domain_aggregate,AR1,all_lengths,,,,DFA::balanced_scales,heavy_tail_noise__df_5__scale_1,absolute_error_inflation,,-0.1395391880461636,-0.1413853996541572,-0.1378211777959249,joint_parent_percentile,,0.0009255681928157,2000,2000,0,fixed_equal_cell_weights__common_complete_all_declared_methods_conditions,,
43d0a7f75c8afab6d32ab6fd1f2ff8db49cca59e36971e2b74404173f4cbfcf2,stress,domain_aggregate,AR1,all_lengths,,,,DFA::long_scales,heavy_tail_noise__df_5__scale_1,absolute_error_inflation,,-0.0906860385326326,-0.0924245797665398,-0.0889926624203804,joint_parent_percentile,,0.0008829507436142,2000,2000,0,fixed_equal_cell_weights__common_complete_all_declared_methods_conditions,,
43d0a7f75c8afab6d32ab6fd1f2ff8db49cca59e36971e2b74404173f4cbfcf2,stress,domain_aggregate,AR1,all_lengths,,,,DFA::short_scales,heavy_tail_noise__df_5__scale_1,absolute_error_inflation,,-0.2212530340893627,-0.2231378072867422,-0.2193519472921166,joint_parent_percentile,,0.0009719011052044,2000,2000,0,fixed_equal_cell_weights__common_complete_all_declared_methods_conditions,,
43d0a7f75c8afab6d32ab6fd1f2ff8db49cca59e36971e2b74404173f4cbfcf2,stress,domain_aggregate,AR1,all_lengths,,,,DMA::balanced_windows,heavy_tail_noise__df_5__scale_1,absolute_error_inflation,,-0.0114987079547353,-0.0128933135828103,-0.0101578150401885,joint_parent_percentile,,0.0006978964050525,2000,2000,0,fixed_equal_cell_weights__common_complete_all_declared_methods_conditions,,
43d0a7f75c8afab6d32ab6fd1f2ff8db49cca59e36971e2b74404173f4cbfcf2,stress,domain_aggregate,AR1,all_lengths,,,,DMA::long_windows,heavy_tail_noise__df_5__scale_1,absolute_error_inflation,,-0.0042967892905584,-0.0060699321801115,-0.0026361072206411,joint_parent_percentile,,0.0008882052358252,2000,2000,0,fixed_equal_cell_weights__common_complete_all_declared_methods_conditions,,
43d0a7f75c8afab6d32ab6fd1f2ff8db49cca59e36971e2b74404173f4cbfcf2,stress,domain_aggregate,AR1,all_lengths,,,,DMA::short_windows,heavy_tail_noise__df_5__scale_1,absolute_error_inflation,,-0.0236493326893451,-0.024792062590071,-0.0225169192625684,joint_parent_percentile,,0.0005773412590094,2000,2000,0,fixed_equal_cell_weights__common_complete_all_declared_methods_conditions,,
43d0a7f75c8afab6d32ab6fd1f2ff8db49cca59e36971e2b74404173f4cbfcf2,stress,domain_aggregate,AR1,all_lengths,,,,GHE,heavy_tail_noise__df_5__scale_1,absolute_error_inflation,,-0.0512779731928835,-0.0521747434222365,-0.0504564106379998,joint_parent_percentile,,0.000439174753246,2000,2000,0,fixed_equal_cell_weights__common_complete_all_declared_methods_conditions,,
43d0a7f75c8afab6d32ab6fd1f2ff8db49cca59e36971e2b74404173f4cbfcf2,stress,domain_aggregate,AR1,all_lengths,,,,GHE::centered,heavy_tail_noise__df_5__scale_1,absolute_error_inflation,,-0.0528121315105127,-0.0536829591037655,-0.0519671858238316,joint_parent_percentile,,0.0004375452781131,2000,2000,0,fixed_equal_cell_weights__common_complete_all_declared_methods_conditions,,
43d0a7f75c8afab6d32ab6fd1f2ff8db49cca59e36971e2b74404173f4cbfcf2,stress,domain_aggregate,AR1,all_lengths,,,,GPH::narrow_band,heavy_tail_noise__df_5__scale_1,absolute_error_inflation,,-0.0539748869592084,-0.0578214085608157,-0.0501327182763558,joint_parent_percentile,,0.0019681223258291,2000,2000,0,fixed_equal_cell_weights__common_complete_all_declared_methods_conditions,,
43d0a7f75c8afab6d32ab6fd1f2ff8db49cca59e36971e2b74404173f4cbfcf2,stress,domain_aggregate,AR1,all_lengths,,,,GPH::wider_band,heavy_tail_noise__df_5__scale_1,absolute_error_inflation,,-0.1355133283508892,-0.1385706603860415,-0.1323775837124448,joint_parent_percentile,,0.0015705245780475,2000,2000,0,fixed_equal_cell_weights__common_complete_all_declared_methods_conditions,,
43d0a7f75c8afab6d32ab6fd1f2ff8db49cca59e36971e2b74404173f4cbfcf2,stress,domain_aggregate,AR1,all_lengths,,,,Higuchi,heavy_tail_noise__df_5__scale_1,absolute_error_inflation,,-0.060463025592063,-0.0612629121466954,-0.0596894194383239,joint_parent_percentile,,0.0004073829821076,2000,2000,0,fixed_equal_cell_weights__common_complete_all_declared_methods_conditions,,
43d0a7f75c8afab6d32ab6fd1f2ff8db49cca59e36971e2b74404173f4cbfcf2,stress,domain_aggregate,AR1,all_lengths,,,,Higuchi::centered,heavy_tail_noise__df_5__scale_1,absolute_error_inflation,,-0.0620355056303067,-0.0628566098498784,-0.0612790660273902,joint_parent_percentile,,0.0004072569254393,2000,2000,0,fixed_equal_cell_weights__common_complete_all_declared_methods_conditions,,
43d0a7f75c8afab6d32ab6fd1f2ff8db49cca59e36971e2b74404173f4cbfcf2,stress,domain_aggregate,AR1,all_lengths,,,,ModifiedLocalWhittle,heavy_tail_noise__df_5__scale_1,absolute_error_inflation,,-0.0437200878749771,-0.045191182413906,-0.0422607963366651,joint_parent_percentile,,0.0007691937863776,2000,2000,0,fixed_equal_cell_weights__common_complete_all_declared_methods_conditions,,
43d0a7f75c8afab6d32ab6fd1f2ff8db49cca59e36971e2b74404173f4cbfcf2,stress,domain_aggregate,AR1,all_lengths,,,,RS,heavy_tail_noise__df_5__scale_1,absolute_error_inflation,,-0.0385792223130858,-0.0395295925009481,-0.0376047120168764,joint_parent_percentile,,0.0004937166935164,2000,2000,0,fixed_equal_cell_weights__common_complete_all_declared_methods_conditions,,
43d0a7f75c8afab6d32ab6fd1f2ff8db49cca59e36971e2b74404173f4cbfcf2,stress,domain_aggregate,AR1,all_lengths,,,,Variance,heavy_tail_noise__df_5__scale_1,absolute_error_inflation,,-0.0081556400174256,-0.0129093360419802,-0.0038562878844294,joint_parent_percentile,,0.0023103951333739,2000,2000,0,fixed_equal_cell_weights__common_complete_all_declared_methods_conditions,,
43d0a7f75c8afab6d32ab6fd1f2ff8db49cca59e36971e2b74404173f4cbfcf2,stress,domain_aggregate,AR1,all_lengths,,,,VarianceResidual,heavy_tail_noise__df_5__scale_1,absolute_error_inflation,,-0.1652684365536019,-0.1669481067849575,-0.1636751902231437,joint_parent_percentile,,0.0008275854037613,2000,2000,0,fixed_equal_cell_weights__common_complete_all_declared_methods_conditions,,
43d0a7f75c8afab6d32ab6fd1f2ff8db49cca59e36971e2b74404173f4cbfcf2,stress,domain_aggregate,AR1,all_lengths,,,,WaveletOLS::broad_band,heavy_tail_noise__df_5__scale_1,absolute_error_inflation,,-0.2508826600221549,-0.2533398146842291,-0.2484893115055944,joint_parent_percentile,,0.0012444988204679,2000,2000,0,fixed_equal_cell_weights__common_complete_all_declared_methods_conditions,,
43d0a7f75c8afab6d32ab6fd1f2ff8db49cca59e36971e2b74404173f4cbfcf2,stress,domain_aggregate,AR1,all_lengths,,,,WaveletOLS::conservative_band,heavy_tail_noise__df_5__scale_1,absolute_error_inflation,,-0.2312341471201083,-0.2350751730901201,-0.227346664785469,joint_parent_percentile,,0.0020111256439115,2000,2000,0,fixed_equal_cell_weights__common_complete_all_declared_methods_conditions,,
43d0a7f75c8afab6d32ab6fd1f2ff8db49cca59e36971e2b74404173f4cbfcf2,stress,domain_aggregate,AR1,all_lengths,,,,WaveletOLS::upper_band,heavy_tail_noise__df_5__scale_1,absolute_error_inflation,,-0.3264210876867136,-0.3291259693503989,-0.3236410670891628,joint_parent_percentile,,0.0014169632123453,2000,2000,0,fixed_equal_cell_weights__common_complete_all_declared_methods_conditions,,
43d0a7f75c8afab6d32ab6fd1f2ff8db49cca59e36971e2b74404173f4cbfcf2,stress,domain_aggregate,AR1,all_lengths,,,,WhittleMLE,heavy_tail_noise__df_5__scale_1,absolute_error_inflation,,-0.0433490581405367,-0.0448275646396928,-0.0418985993142659,joint_parent_percentile,,0.0007672779487217,2000,2000,0,fixed_equal_cell_weights__common_complete_all_declared_methods_conditions,,
43d0a7f75c8afab6d32ab6fd1f2ff8db49cca59e36971e2b74404173f4cbfcf2,stress,domain_aggregate,AR1,all_lengths,,,,AbsoluteMoment,outliers__amplitude_8__rate_0.005,absolute_error_inflation,,-0.0010064417730775,-0.0046755867199724,0.0026250985009655,joint_parent_percentile,,0.0018701104202537,2000,2000,0,fixed_equal_cell_weights__common_complete_all_declared_methods_conditions,,
43d0a7f75c8afab6d32ab6fd1f2ff8db49cca59e36971e2b74404173f4cbfcf2,stress,domain_aggregate,AR1,all_lengths,,,,DFA::balanced_scales,outliers__amplitude_8__rate_0.005,absolute_error_inflation,,-0.0612895650205544,-0.0625417506089843,-0.0601282602173868,joint_parent_percentile,,0.0006064210179689,2000,2000,0,fixed_equal_cell_weights__common_complete_all_declared_methods_conditions,,
43d0a7f75c8afab6d32ab6fd1f2ff8db49cca59e36971e2b74404173f4cbfcf2,stress,domain_aggregate,AR1,all_lengths,,,,DFA::long_scales,outliers__amplitude_8__rate_0.005,absolute_error_inflation,,-0.0374700280652865,-0.0385334745177249,-0.0363900993687804,joint_parent_percentile,,0.0005492267835795,2000,2000,0,fixed_equal_cell_weights__common_complete_all_declared_methods_conditions,,
43d0a7f75c8afab6d32ab6fd1f2ff8db49cca59e36971e2b74404173f4cbfcf2,stress,domain_aggregate,AR1,all_lengths,,,,DFA::short_scales,outliers__amplitude_8__rate_0.005,absolute_error_inflation,,-0.1088536336425587,-0.1102923865056746,-0.1074793177234092,joint_parent_percentile,,0.000713707896582,2000,2000,0,fixed_equal_cell_weights__common_complete_all_declared_methods_conditions,,
43d0a7f75c8afab6d32ab6fd1f2ff8db49cca59e36971e2b74404173f4cbfcf2,stress,domain_aggregate,AR1,all_lengths,,,,DMA::balanced_windows,outliers__amplitude_8__rate_0.005,absolute_error_inflation,,-0.0050725749228843,-0.005957757406141,-0.004233062506644,joint_parent_percentile,,0.0004442133750492,2000,2000,0,fixed_equal_cell_weights__common_complete_all_declared_methods_conditions,,
43d0a7f75c8afab6d32ab6fd1f2ff8db49cca59e36971e2b74404173f4cbfcf2,stress,domain_aggregate,AR1,all_lengths,,,,DMA::long_windows,outliers__amplitude_8__rate_0.005,absolute_error_inflation,,-0.0029490283010791,-0.0040710536918981,-0.0018865089438296,joint_parent_percentile,,0.0005535182063077,2000,2000,0,fixed_equal_cell_weights__common_complete_all_declared_methods_conditions,,
43d0a7f75c8afab6d32ab6fd1f2ff8db49cca59e36971e2b74404173f4cbfcf2,stress,domain_aggregate,AR1,all_lengths,,,,DMA::short_windows,outliers__amplitude_8__rate_0.005,absolute_error_inflation,,-0.0089730025582739,-0.0096957680769838,-0.0082859612147286,joint_parent_percentile,,0.0003530728647935,2000,2000,0,fixed_equal_cell_weights__common_complete_all_declared_methods_conditions,,
43d0a7f75c8afab6d32ab6fd1f2ff8db49cca59e36971e2b74404173f4cbfcf2,stress,domain_aggregate,AR1,all_lengths,,,,GHE,outliers__amplitude_8__rate_0.005,absolute_error_inflation,,-0.0085616494743162,-0.0090907022809092,-0.0080681905956112,joint_parent_percentile,,0.0002662713395924,2000,2000,0,fixed_equal_cell_weights__common_complete_all_declared_methods_conditions,,
43d0a7f75c8afab6d32ab6fd1f2ff8db49cca59e36971e2b74404173f4cbfcf2,stress,domain_aggregate,AR1,all_lengths,,,,GHE::centered,outliers__amplitude_8__rate_0.005,absolute_error_inflation,,-0.0090042036378978,-0.0095661062920616,-0.0084866644426304,joint_parent_percentile,,0.0002738414866139,2000,2000,0,fixed_equal_cell_weights__common_complete_all_declared_methods_conditions,,
43d0a7f75c8afab6d32ab6fd1f2ff8db49cca59e36971e2b74404173f4cbfcf2,stress,domain_aggregate,AR1,all_lengths,,,,GPH::narrow_band,outliers__amplitude_8__rate_0.005,absolute_error_inflation,,-0.0248611549921267,-0.0280366820504467,-0.0221745472721937,joint_parent_percentile,,0.0014451501524363,2000,2000,0,fixed_equal_cell_weights__common_complete_all_declared_methods_conditions,,
43d0a7f75c8afab6d32ab6fd1f2ff8db49cca59e36971e2b74404173f4cbfcf2,stress,domain_aggregate,AR1,all_lengths,,,,GPH::wider_band,outliers__amplitude_8__rate_0.005,absolute_error_inflation,,-0.0696271533238543,-0.0720703426348814,-0.0670783918434032,joint_parent_percentile,,0.0012985287976917,2000,2000,0,fixed_equal_cell_weights__common_complete_all_declared_methods_conditions,,
43d0a7f75c8afab6d32ab6fd1f2ff8db49cca59e36971e2b74404173f4cbfcf2,stress,domain_aggregate,AR1,all_lengths,,,,Higuchi,outliers__amplitude_8__rate_0.005,absolute_error_inflation,,-0.0099055401423382,-0.0104297585365307,-0.0093995402991339,joint_parent_percentile,,0.000263669763049,2000,2000,0,fixed_equal_cell_weights__common_complete_all_declared_methods_conditions,,
43d0a7f75c8afab6d32ab6fd1f2ff8db49cca59e36971e2b74404173f4cbfcf2,stress,domain_aggregate,AR1,all_lengths,,,,Higuchi::centered,outliers__amplitude_8__rate_0.005,absolute_error_inflation,,-0.0103160105811021,-0.0108570459585299,-0.0097860975855265,joint_parent_percentile,,0.0002720742108636,2000,2000,0,fixed_equal_cell_weights__common_complete_all_declared_methods_conditions,,
43d0a7f75c8afab6d32ab6fd1f2ff8db49cca59e36971e2b74404173f4cbfcf2,stress,domain_aggregate,AR1,all_lengths,,,,ModifiedLocalWhittle,outliers__amplitude_8__rate_0.005,absolute_error_inflation,,-0.0162225060344428,-0.0171860543773771,-0.0152656058622972,joint_parent_percentile,,0.0004965094011509,2000,2000,0,fixed_equal_cell_weights__common_complete_all_declared_methods_conditions,,
43d0a7f75c8afab6d32ab6fd1f2ff8db49cca59e36971e2b74404173f4cbfcf2,stress,domain_aggregate,AR1,all_lengths,,,,RS,outliers__amplitude_8__rate_0.005,absolute_error_inflation,,-0.036663681252791,-0.0373590253113232,-0.0359887122130085,joint_parent_percentile,,0.0003483942863424,2000,2000,0,fixed_equal_cell_weights__common_complete_all_declared_methods_conditions,,
43d0a7f75c8afab6d32ab6fd1f2ff8db49cca59e36971e2b74404173f4cbfcf2,stress,domain_aggregate,AR1,all_lengths,,,,Variance,outliers__amplitude_8__rate_0.005,absolute_error_inflation,,-0.0013373174758042,-0.0048290892384775,0.0022039644587469,joint_parent_percentile,,0.0018487965140179,2000,2000,0,fixed_equal_cell_weights__common_complete_all_declared_methods_conditions,,
43d0a7f75c8afab6d32ab6fd1f2ff8db49cca59e36971e2b74404173f4cbfcf2,stress,domain_aggregate,AR1,all_lengths,,,,VarianceResidual,outliers__amplitude_8__rate_0.005,absolute_error_inflation,,-0.0801891764634998,-0.0813813242684707,-0.0790416257126717,joint_parent_percentile,,0.0006003989061073,2000,2000,0,fixed_equal_cell_weights__common_complete_all_declared_methods_conditions,,
43d0a7f75c8afab6d32ab6fd1f2ff8db49cca59e36971e2b74404173f4cbfcf2,stress,domain_aggregate,AR1,all_lengths,,,,WaveletOLS::broad_band,outliers__amplitude_8__rate_0.005,absolute_error_inflation,,-0.1374528642488303,-0.1396706826102166,-0.1351984143304298,joint_parent_percentile,,0.0011387875738415,2000,2000,0,fixed_equal_cell_weights__common_complete_all_declared_methods_conditions,,
43d0a7f75c8afab6d32ab6fd1f2ff8db49cca59e36971e2b74404173f4cbfcf2,stress,domain_aggregate,AR1,all_lengths,,,,WaveletOLS::conservative_band,outliers__amplitude_8__rate_0.005,absolute_error_inflation,,-0.113428361101242,-0.1164854986522167,-0.1103952716032109,joint_parent_percentile,,0.0015886974110572,2000,2000,0,fixed_equal_cell_weights__common_complete_all_declared_methods_conditions,,
43d0a7f75c8afab6d32ab6fd1f2ff8db49cca59e36971e2b74404173f4cbfcf2,stress,domain_aggregate,AR1,all_lengths,,,,WaveletOLS::upper_band,outliers__amplitude_8__rate_0.005,absolute_error_inflation,,-0.1837311686684188,-0.1865918574131243,-0.1805742506671248,joint_parent_percentile,,0.0015327141048615,2000,2000,0,fixed_equal_cell_weights__common_complete_all_declared_methods_conditions,,
43d0a7f75c8afab6d32ab6fd1f2ff8db49cca59e36971e2b74404173f4cbfcf2,stress,domain_aggregate,AR1,all_lengths,,,,WhittleMLE,outliers__amplitude_8__rate_0.005,absolute_error_inflation,,-0.0161229570159086,-0.0170963743824682,-0.0151596004228594,joint_parent_percentile,,0.0004972738304604,2000,2000,0,fixed_equal_cell_weights__common_complete_all_declared_methods_conditions,,
43d0a7f75c8afab6d32ab6fd1f2ff8db49cca59e36971e2b74404173f4cbfcf2,stress,domain_aggregate,AR1,all_lengths,,,,AbsoluteMoment,outliers__amplitude_8__rate_0.01,absolute_error_inflation,,-0.0035093498189506,-0.0078629246295042,0.0007175946739389,joint_parent_percentile,,0.0021942744083831,2000,2000,0,fixed_equal_cell_weights__common_complete_all_declared_methods_conditions,,
43d0a7f75c8afab6d32ab6fd1f2ff8db49cca59e36971e2b74404173f4cbfcf2,stress,domain_aggregate,AR1,all_lengths,,,,DFA::balanced_scales,outliers__amplitude_8__rate_0.01,absolute_error_inflation,,-0.1003666332442231,-0.1018218222752851,-0.09888340497472,joint_parent_percentile,,0.0007652789770844,2000,2000,0,fixed_equal_cell_weights__common_complete_all_declared_methods_conditions,,
43d0a7f75c8afab6d32ab6fd1f2ff8db49cca59e36971e2b74404173f4cbfcf2,stress,domain_aggregate,AR1,all_lengths,,,,DFA::long_scales,outliers__amplitude_8__rate_0.01,absolute_error_inflation,,-0.0634347088553075,-0.0648604595777786,-0.0620501843644938,joint_parent_percentile,,0.0007044671185333,2000,2000,0,fixed_equal_cell_weights__common_complete_all_declared_methods_conditions,,
43d0a7f75c8afab6d32ab6fd1f2ff8db49cca59e36971e2b74404173f4cbfcf2,stress,domain_aggregate,AR1,all_lengths,,,,DFA::short_scales,outliers__amplitude_8__rate_0.01,absolute_error_inflation,,-0.1662686269825652,-0.1679177879664735,-0.1645919068305714,joint_parent_percentile,,0.000862264580302,2000,2000,0,fixed_equal_cell_weights__common_complete_all_declared_methods_conditions,,
43d0a7f75c8afab6d32ab6fd1f2ff8db49cca59e36971e2b74404173f4cbfcf2,stress,domain_aggregate,AR1,all_lengths,,,,DMA::balanced_windows,outliers__amplitude_8__rate_0.01,absolute_error_inflation,,-0.0078849768115145,-0.0089975611398929,-0.0067553839668542,joint_parent_percentile,,0.0005759288403578,2000,2000,0,fixed_equal_cell_weights__common_complete_all_declared_methods_conditions,,
43d0a7f75c8afab6d32ab6fd1f2ff8db49cca59e36971e2b74404173f4cbfcf2,stress,domain_aggregate,AR1,all_lengths,,,,DMA::long_windows,outliers__amplitude_8__rate_0.01,absolute_error_inflation,,-0.0023938991163791,-0.0037897516723363,-0.0010184605266391,joint_parent_percentile,,0.0007232201429437,2000,2000,0,fixed_equal_cell_weights__common_complete_all_declared_methods_conditions,,
43d0a7f75c8afab6d32ab6fd1f2ff8db49cca59e36971e2b74404173f4cbfcf2,stress,domain_aggregate,AR1,all_lengths,,,,DMA::short_windows,outliers__amplitude_8__rate_0.01,absolute_error_inflation,,-0.0162444479381776,-0.0171620778666977,-0.0152928341831569,joint_parent_percentile,,0.000471481111424,2000,2000,0,fixed_equal_cell_weights__common_complete_all_declared_methods_conditions,,
43d0a7f75c8afab6d32ab6fd1f2ff8db49cca59e36971e2b74404173f4cbfcf2,stress,domain_aggregate,AR1,all_lengths,,,,GHE,outliers__amplitude_8__rate_0.01,absolute_error_inflation,,-0.0159464767662551,-0.0166206137351366,-0.0152437169238211,joint_parent_percentile,,0.0003556358397814,2000,2000,0,fixed_equal_cell_weights__common_complete_all_declared_methods_conditions,,
43d0a7f75c8afab6d32ab6fd1f2ff8db49cca59e36971e2b74404173f4cbfcf2,stress,domain_aggregate,AR1,all_lengths,,,,GHE::centered,outliers__amplitude_8__rate_0.01,absolute_error_inflation,,-0.0159737430907093,-0.0166573207548478,-0.0152329055831965,joint_parent_percentile,,0.0003587311032348,2000,2000,0,fixed_equal_cell_weights__common_complete_all_declared_methods_conditions,,
43d0a7f75c8afab6d32ab6fd1f2ff8db49cca59e36971e2b74404173f4cbfcf2,stress,domain_aggregate,AR1,all_lengths,,,,GPH::narrow_band,outliers__amplitude_8__rate_0.01,absolute_error_inflation,,-0.0359895145366377,-0.0395337326895559,-0.0325275231406079,joint_parent_percentile,,0.0017904303953147,2000,2000,0,fixed_equal_cell_weights__common_complete_all_declared_methods_conditions,,
43d0a7f75c8afab6d32ab6fd1f2ff8db49cca59e36971e2b74404173f4cbfcf2,stress,domain_aggregate,AR1,all_lengths,,,,GPH::wider_band,outliers__amplitude_8__rate_0.01,absolute_error_inflation,,-0.1030307627714582,-0.1059561955340073,-0.1001954247757504,joint_parent_percentile,,0.0014657409964079,2000,2000,0,fixed_equal_cell_weights__common_complete_all_declared_methods_conditions,,
43d0a7f75c8afab6d32ab6fd1f2ff8db49cca59e36971e2b74404173f4cbfcf2,stress,domain_aggregate,AR1,all_lengths,,,,Higuchi,outliers__amplitude_8__rate_0.01,absolute_error_inflation,,-0.0183166019786571,-0.0189523275796879,-0.0176678286676824,joint_parent_percentile,,0.0003332490656414,2000,2000,0,fixed_equal_cell_weights__common_complete_all_declared_methods_conditions,,
43d0a7f75c8afab6d32ab6fd1f2ff8db49cca59e36971e2b74404173f4cbfcf2,stress,domain_aggregate,AR1,all_lengths,,,,Higuchi::centered,outliers__amplitude_8__rate_0.01,absolute_error_inflation,,-0.0184265261470276,-0.0190846515514845,-0.0177665990354704,joint_parent_percentile,,0.0003387342829174,2000,2000,0,fixed_equal_cell_weights__common_complete_all_declared_methods_conditions,,
43d0a7f75c8afab6d32ab6fd1f2ff8db49cca59e36971e2b74404173f4cbfcf2,stress,domain_aggregate,AR1,all_lengths,,,,ModifiedLocalWhittle,outliers__amplitude_8__rate_0.01,absolute_error_inflation,,-0.0281342681911078,-0.0293631234665018,-0.0269150714081502,joint_parent_percentile,,0.0006234142117015,2000,2000,0,fixed_equal_cell_weights__common_complete_all_declared_methods_conditions,,
43d0a7f75c8afab6d32ab6fd1f2ff8db49cca59e36971e2b74404173f4cbfcf2,stress,domain_aggregate,AR1,all_lengths,,,,RS,outliers__amplitude_8__rate_0.01,absolute_error_inflation,,-0.0608148597994733,-0.0616194108210563,-0.0600019293495184,joint_parent_percentile,,0.0004155006188784,2000,2000,0,fixed_equal_cell_weights__common_complete_all_declared_methods_conditions,,
43d0a7f75c8afab6d32ab6fd1f2ff8db49cca59e36971e2b74404173f4cbfcf2,stress,domain_aggregate,AR1,all_lengths,,,,Variance,outliers__amplitude_8__rate_0.01,absolute_error_inflation,,-0.0045721064784048,-0.0089213480115329,-0.000453535665699,joint_parent_percentile,,0.0021725078953451,2000,2000,0,fixed_equal_cell_weights__common_complete_all_declared_methods_conditions,,
43d0a7f75c8afab6d32ab6fd1f2ff8db49cca59e36971e2b74404173f4cbfcf2,stress,domain_aggregate,AR1,all_lengths,,,,VarianceResidual,outliers__amplitude_8__rate_0.01,absolute_error_inflation,,-0.123967440323838,-0.1253777294882776,-0.1225857930028118,joint_parent_percentile,,0.0007207527958739,2000,2000,0,fixed_equal_cell_weights__common_complete_all_declared_methods_conditions,,
43d0a7f75c8afab6d32ab6fd1f2ff8db49cca59e36971e2b74404173f4cbfcf2,stress,domain_aggregate,AR1,all_lengths,,,,WaveletOLS::broad_band,outliers__amplitude_8__rate_0.01,absolute_error_inflation,,-0.1968066004562575,-0.1992224333453948,-0.194413411642605,joint_parent_percentile,,0.0012183507863362,2000,2000,0,fixed_equal_cell_weights__common_complete_all_declared_methods_conditions,,
43d0a7f75c8afab6d32ab6fd1f2ff8db49cca59e36971e2b74404173f4cbfcf2,stress,domain_aggregate,AR1,all_lengths,,,,WaveletOLS::conservative_band,outliers__amplitude_8__rate_0.01,absolute_error_inflation,,-0.1733534572911876,-0.1770234371764476,-0.1697102418929195,joint_parent_percentile,,0.0018885352652837,2000,2000,0,fixed_equal_cell_weights__common_complete_all_declared_methods_conditions,,
43d0a7f75c8afab6d32ab6fd1f2ff8db49cca59e36971e2b74404173f4cbfcf2,stress,domain_aggregate,AR1,all_lengths,,,,WaveletOLS::upper_band,outliers__amplitude_8__rate_0.01,absolute_error_inflation,,-0.2596397932419767,-0.262799230419902,-0.2565358167564304,joint_parent_percentile,,0.0015538623975036,2000,2000,0,fixed_equal_cell_weights__common_complete_all_declared_methods_conditions,,
43d0a7f75c8afab6d32ab6fd1f2ff8db49cca59e36971e2b74404173f4cbfcf2,stress,domain_aggregate,AR1,all_lengths,,,,WhittleMLE,outliers__amplitude_8__rate_0.01,absolute_error_inflation,,-0.0279912866434183,-0.0292235919073744,-0.0267801635327193,joint_parent_percentile,,0.0006244269994319,2000,2000,0,fixed_equal_cell_weights__common_complete_all_declared_methods_conditions,,
43d0a7f75c8afab6d32ab6fd1f2ff8db49cca59e36971e2b74404173f4cbfcf2,stress,domain_aggregate,AR1,all_lengths,,,,AbsoluteMoment,outliers__amplitude_8__rate_0.05,absolute_error_inflation,,-0.0165155823409854,-0.022448694068714,-0.0104383910951716,joint_parent_percentile,,0.0030703806040829,2000,2000,0,fixed_equal_cell_weights__common_complete_all_declared_methods_conditions,,
43d0a7f75c8afab6d32ab6fd1f2ff8db49cca59e36971e2b74404173f4cbfcf2,stress,domain_aggregate,AR1,all_lengths,,,,DFA::balanced_scales,outliers__amplitude_8__rate_0.05,absolute_error_inflation,,-0.2638181587805745,-0.2664254158244128,-0.2611482442194975,joint_parent_percentile,,0.0013871933990834,2000,2000,0,fixed_equal_cell_weights__common_complete_all_declared_methods_conditions,,
43d0a7f75c8afab6d32ab6fd1f2ff8db49cca59e36971e2b74404173f4cbfcf2,stress,domain_aggregate,AR1,all_lengths,,,,DFA::long_scales,outliers__amplitude_8__rate_0.05,absolute_error_inflation,,-0.1874010254527506,-0.1900032836955856,-0.184620777507499,joint_parent_percentile,,0.0013934167273829,2000,2000,0,fixed_equal_cell_weights__common_complete_all_declared_methods_conditions,,
43d0a7f75c8afab6d32ab6fd1f2ff8db49cca59e36971e2b74404173f4cbfcf2,stress,domain_aggregate,AR1,all_lengths,,,,DFA::short_scales,outliers__amplitude_8__rate_0.05,absolute_error_inflation,,-0.3711183566424825,-0.3737923848986076,-0.3684665108839874,joint_parent_percentile,,0.0013512020442686,2000,2000,0,fixed_equal_cell_weights__common_complete_all_declared_methods_conditions,,
43d0a7f75c8afab6d32ab6fd1f2ff8db49cca59e36971e2b74404173f4cbfcf2,stress,domain_aggregate,AR1,all_lengths,,,,DMA::balanced_windows,outliers__amplitude_8__rate_0.05,absolute_error_inflation,,-0.034535751159538,-0.0368472446289281,-0.0322252403754806,joint_parent_percentile,,0.0011961775642144,2000,2000,0,fixed_equal_cell_weights__common_complete_all_declared_methods_conditions,,
43d0a7f75c8afab6d32ab6fd1f2ff8db49cca59e36971e2b74404173f4cbfcf2,stress,domain_aggregate,AR1,all_lengths,,,,DMA::long_windows,outliers__amplitude_8__rate_0.05,absolute_error_inflation,,-0.0162036268843184,-0.0190129041380731,-0.0133776420979424,joint_parent_percentile,,0.0014331564221051,2000,2000,0,fixed_equal_cell_weights__common_complete_all_declared_methods_conditions,,
43d0a7f75c8afab6d32ab6fd1f2ff8db49cca59e36971e2b74404173f4cbfcf2,stress,domain_aggregate,AR1,all_lengths,,,,DMA::short_windows,outliers__amplitude_8__rate_0.05,absolute_error_inflation,,-0.062102149979111,-0.0639664876118825,-0.0600835918450592,joint_parent_percentile,,0.0010035154203054,2000,2000,0,fixed_equal_cell_weights__common_complete_all_declared_methods_conditions,,
43d0a7f75c8afab6d32ab6fd1f2ff8db49cca59e36971e2b74404173f4cbfcf2,stress,domain_aggregate,AR1,all_lengths,,,,GHE,outliers__amplitude_8__rate_0.05,absolute_error_inflation,,-0.066623035383351,-0.0680712418915577,-0.0651608647340517,joint_parent_percentile,,0.000745586979197,2000,2000,0,fixed_equal_cell_weights__common_complete_all_declared_methods_conditions,,
43d0a7f75c8afab6d32ab6fd1f2ff8db49cca59e36971e2b74404173f4cbfcf2,stress,domain_aggregate,AR1,all_lengths,,,,GHE::centered,outliers__amplitude_8__rate_0.05,absolute_error_inflation,,-0.0680573983127623,-0.0695273221207885,-0.0665608653564393,joint_parent_percentile,,0.000760449298358,2000,2000,0,fixed_equal_cell_weights__common_complete_all_declared_methods_conditions,,
43d0a7f75c8afab6d32ab6fd1f2ff8db49cca59e36971e2b74404173f4cbfcf2,stress,domain_aggregate,AR1,all_lengths,,,,GPH::narrow_band,outliers__amplitude_8__rate_0.05,absolute_error_inflation,,-0.1175917087366594,-0.122597960588024,-0.1124624389803921,joint_parent_percentile,,0.0025732214972624,2000,2000,0,fixed_equal_cell_weights__common_complete_all_declared_methods_conditions,,
43d0a7f75c8afab6d32ab6fd1f2ff8db49cca59e36971e2b74404173f4cbfcf2,stress,domain_aggregate,AR1,all_lengths,,,,GPH::wider_band,outliers__amplitude_8__rate_0.05,absolute_error_inflation,,-0.246258573248222,-0.250538950093745,-0.2420307793866593,joint_parent_percentile,,0.0021152716569126,2000,2000,0,fixed_equal_cell_weights__common_complete_all_declared_methods_conditions,,
43d0a7f75c8afab6d32ab6fd1f2ff8db49cca59e36971e2b74404173f4cbfcf2,stress,domain_aggregate,AR1,all_lengths,,,,Higuchi,outliers__amplitude_8__rate_0.05,absolute_error_inflation,,-0.0780323776035664,-0.0793753836901043,-0.076634529504081,joint_parent_percentile,,0.0006989399280204,2000,2000,0,fixed_equal_cell_weights__common_complete_all_declared_methods_conditions,,
43d0a7f75c8afab6d32ab6fd1f2ff8db49cca59e36971e2b74404173f4cbfcf2,stress,domain_aggregate,AR1,all_lengths,,,,Higuchi::centered,outliers__amplitude_8__rate_0.05,absolute_error_inflation,,-0.0797239473284927,-0.0811486086277783,-0.0782849853800733,joint_parent_percentile,,0.0007120278240099,2000,2000,0,fixed_equal_cell_weights__common_complete_all_declared_methods_conditions,,
43d0a7f75c8afab6d32ab6fd1f2ff8db49cca59e36971e2b74404173f4cbfcf2,stress,domain_aggregate,AR1,all_lengths,,,,ModifiedLocalWhittle,outliers__amplitude_8__rate_0.05,absolute_error_inflation,,-0.139829941709731,-0.142461899209073,-0.1371820227056153,joint_parent_percentile,,0.0013387731791583,2000,2000,0,fixed_equal_cell_weights__common_complete_all_declared_methods_conditions,,
43d0a7f75c8afab6d32ab6fd1f2ff8db49cca59e36971e2b74404173f4cbfcf2,stress,domain_aggregate,AR1,all_lengths,,,,RS,outliers__amplitude_8__rate_0.05,absolute_error_inflation,,-0.1509592691120988,-0.1523414091387815,-0.1495169018749839,joint_parent_percentile,,0.0007283884096158,2000,2000,0,fixed_equal_cell_weights__common_complete_all_declared_methods_conditions,,
43d0a7f75c8afab6d32ab6fd1f2ff8db49cca59e36971e2b74404173f4cbfcf2,stress,domain_aggregate,AR1,all_lengths,,,,Variance,outliers__amplitude_8__rate_0.05,absolute_error_inflation,,-0.0199786013634373,-0.0256497271351893,-0.0140603078905255,joint_parent_percentile,,0.0029716096791967,2000,2000,0,fixed_equal_cell_weights__common_complete_all_declared_methods_conditions,,
43d0a7f75c8afab6d32ab6fd1f2ff8db49cca59e36971e2b74404173f4cbfcf2,stress,domain_aggregate,AR1,all_lengths,,,,VarianceResidual,outliers__amplitude_8__rate_0.05,absolute_error_inflation,,-0.2866993909270133,-0.2890248135025307,-0.2843126153556584,joint_parent_percentile,,0.0012209727474613,2000,2000,0,fixed_equal_cell_weights__common_complete_all_declared_methods_conditions,,
43d0a7f75c8afab6d32ab6fd1f2ff8db49cca59e36971e2b74404173f4cbfcf2,stress,domain_aggregate,AR1,all_lengths,,,,WaveletOLS::broad_band,outliers__amplitude_8__rate_0.05,absolute_error_inflation,,-0.3877851333591527,-0.3912604138096828,-0.384348600031472,joint_parent_percentile,,0.0017916893268718,2000,2000,0,fixed_equal_cell_weights__common_complete_all_declared_methods_conditions,,
43d0a7f75c8afab6d32ab6fd1f2ff8db49cca59e36971e2b74404173f4cbfcf2,stress,domain_aggregate,AR1,all_lengths,,,,WaveletOLS::conservative_band,outliers__amplitude_8__rate_0.05,absolute_error_inflation,,-0.3934005198356787,-0.3988139027134662,-0.3876902331091076,joint_parent_percentile,,0.0028531822974805,2000,2000,0,fixed_equal_cell_weights__common_complete_all_declared_methods_conditions,,
43d0a7f75c8afab6d32ab6fd1f2ff8db49cca59e36971e2b74404173f4cbfcf2,stress,domain_aggregate,AR1,all_lengths,,,,WaveletOLS::upper_band,outliers__amplitude_8__rate_0.05,absolute_error_inflation,,-0.488606273845625,-0.492572079127101,-0.4848832601137055,joint_parent_percentile,,0.0019145596608234,2000,2000,0,fixed_equal_cell_weights__common_complete_all_declared_methods_conditions,,
43d0a7f75c8afab6d32ab6fd1f2ff8db49cca59e36971e2b74404173f4cbfcf2,stress,domain_aggregate,AR1,all_lengths,,,,WhittleMLE,outliers__amplitude_8__rate_0.05,absolute_error_inflation,,-0.1391087063876034,-0.1417456411533108,-0.1364583955017956,joint_parent_percentile,,0.0013419003278537,2000,2000,0,fixed_equal_cell_weights__common_complete_all_declared_methods_conditions,,
43d0a7f75c8afab6d32ab6fd1f2ff8db49cca59e36971e2b74404173f4cbfcf2,stress,domain_aggregate,AR1,all_lengths,,,,AbsoluteMoment,polynomial_trend__order_1__strength_0.25,absolute_error_inflation,,0.0316378496772831,0.0240178256614136,0.0388729955835384,joint_parent_percentile,,0.0038384918855728,2000,2000,0,fixed_equal_cell_weights__common_complete_all_declared_methods_conditions,,
43d0a7f75c8afab6d32ab6fd1f2ff8db49cca59e36971e2b74404173f4cbfcf2,stress,domain_aggregate,AR1,all_lengths,,,,DFA::balanced_scales,polynomial_trend__order_1__strength_0.25,absolute_error_inflation,,0.0018722629125462,0.0015135044423793,0.0022031904173584,joint_parent_percentile,,0.0001784552623523,2000,2000,0,fixed_equal_cell_weights__common_complete_all_declared_methods_conditions,,
43d0a7f75c8afab6d32ab6fd1f2ff8db49cca59e36971e2b74404173f4cbfcf2,stress,domain_aggregate,AR1,all_lengths,,,,DFA::long_scales,polynomial_trend__order_1__strength_0.25,absolute_error_inflation,,0.0044900591934076,0.003742317891451,0.0052538737001202,joint_parent_percentile,,0.0003800326805665,2000,2000,0,fixed_equal_cell_weights__common_complete_all_declared_methods_conditions,,
43d0a7f75c8afab6d32ab6fd1f2ff8db49cca59e36971e2b74404173f4cbfcf2,stress,domain_aggregate,AR1,all_lengths,,,,DFA::short_scales,polynomial_trend__order_1__strength_0.25,absolute_error_inflation,,0.0004836597524154,0.0003083803943838,0.0006609485883026,joint_parent_percentile,,9.229447494028302e-05,2000,2000,0,fixed_equal_cell_weights__common_complete_all_declared_methods_conditions,,
43d0a7f75c8afab6d32ab6fd1f2ff8db49cca59e36971e2b74404173f4cbfcf2,stress,domain_aggregate,AR1,all_lengths,,,,DMA::balanced_windows,polynomial_trend__order_1__strength_0.25,absolute_error_inflation,,0.0363801124353636,0.0335432187419933,0.0391281866914347,joint_parent_percentile,,0.0014286484234607,2000,2000,0,fixed_equal_cell_weights__common_complete_all_declared_methods_conditions,,
43d0a7f75c8afab6d32ab6fd1f2ff8db49cca59e36971e2b74404173f4cbfcf2,stress,domain_aggregate,AR1,all_lengths,,,,DMA::long_windows,polynomial_trend__order_1__strength_0.25,absolute_error_inflation,,0.0285750799399236,0.0250557451621622,0.0322747304442658,joint_parent_percentile,,0.0018577711408526,2000,2000,0,fixed_equal_cell_weights__common_complete_all_declared_methods_conditions,,
43d0a7f75c8afab6d32ab6fd1f2ff8db49cca59e36971e2b74404173f4cbfcf2,stress,domain_aggregate,AR1,all_lengths,,,,DMA::short_windows,polynomial_trend__order_1__strength_0.25,absolute_error_inflation,,0.0305487525438532,0.0285101305906378,0.0326199536567099,joint_parent_percentile,,0.0010408637575324,2000,2000,0,fixed_equal_cell_weights__common_complete_all_declared_methods_conditions,,
43d0a7f75c8afab6d32ab6fd1f2ff8db49cca59e36971e2b74404173f4cbfcf2,stress,domain_aggregate,AR1,all_lengths,,,,GHE,polynomial_trend__order_1__strength_0.25,absolute_error_inflation,,0.0224030173228923,0.0209613201815058,0.0238246308289216,joint_parent_percentile,,0.0007249180276333,2000,2000,0,fixed_equal_cell_weights__common_complete_all_declared_methods_conditions,,
43d0a7f75c8afab6d32ab6fd1f2ff8db49cca59e36971e2b74404173f4cbfcf2,stress,domain_aggregate,AR1,all_lengths,,,,GHE::centered,polynomial_trend__order_1__strength_0.25,absolute_error_inflation,,0.0254533882801084,0.0238670669997426,0.0269677189263216,joint_parent_percentile,,0.0007857567236124,2000,2000,0,fixed_equal_cell_weights__common_complete_all_declared_methods_conditions,,
43d0a7f75c8afab6d32ab6fd1f2ff8db49cca59e36971e2b74404173f4cbfcf2,stress,domain_aggregate,AR1,all_lengths,,,,GPH::narrow_band,polynomial_trend__order_1__strength_0.25,absolute_error_inflation,,0.0411981972381093,0.037111695979316,0.0451063253095385,joint_parent_percentile,,0.0020725914527301,2000,2000,0,fixed_equal_cell_weights__common_complete_all_declared_methods_conditions,,
43d0a7f75c8afab6d32ab6fd1f2ff8db49cca59e36971e2b74404173f4cbfcf2,stress,domain_aggregate,AR1,all_lengths,,,,GPH::wider_band,polynomial_trend__order_1__strength_0.25,absolute_error_inflation,,0.0302947260087067,0.0275996616149313,0.0328667555325198,joint_parent_percentile,,0.0013422560449986,2000,2000,0,fixed_equal_cell_weights__common_complete_all_declared_methods_conditions,,
43d0a7f75c8afab6d32ab6fd1f2ff8db49cca59e36971e2b74404173f4cbfcf2,stress,domain_aggregate,AR1,all_lengths,,,,Higuchi,polynomial_trend__order_1__strength_0.25,absolute_error_inflation,,0.0143834824841313,0.0134331670146734,0.0153547976277632,joint_parent_percentile,,0.0004883887595168,2000,2000,0,fixed_equal_cell_weights__common_complete_all_declared_methods_conditions,,
43d0a7f75c8afab6d32ab6fd1f2ff8db49cca59e36971e2b74404173f4cbfcf2,stress,domain_aggregate,AR1,all_lengths,,,,Higuchi::centered,polynomial_trend__order_1__strength_0.25,absolute_error_inflation,,0.0155790662663008,0.0145890990166502,0.0165933368197562,joint_parent_percentile,,0.0005145731999216,2000,2000,0,fixed_equal_cell_weights__common_complete_all_declared_methods_conditions,,
43d0a7f75c8afab6d32ab6fd1f2ff8db49cca59e36971e2b74404173f4cbfcf2,stress,domain_aggregate,AR1,all_lengths,,,,ModifiedLocalWhittle,polynomial_trend__order_1__strength_0.25,absolute_error_inflation,,0.0150002396319699,0.0139839061968259,0.0158973708071013,joint_parent_percentile,,0.0004766995708442,2000,2000,0,fixed_equal_cell_weights__common_complete_all_declared_methods_conditions,,
43d0a7f75c8afab6d32ab6fd1f2ff8db49cca59e36971e2b74404173f4cbfcf2,stress,domain_aggregate,AR1,all_lengths,,,,RS,polynomial_trend__order_1__strength_0.25,absolute_error_inflation,,0.0025514557124752,0.0021047210180748,0.0029868035896019,joint_parent_percentile,,0.0002284593463535,2000,2000,0,fixed_equal_cell_weights__common_complete_all_declared_methods_conditions,,
43d0a7f75c8afab6d32ab6fd1f2ff8db49cca59e36971e2b74404173f4cbfcf2,stress,domain_aggregate,AR1,all_lengths,,,,Variance,polynomial_trend__order_1__strength_0.25,absolute_error_inflation,,0.0389088032511694,0.0315234597362264,0.0457137339519248,joint_parent_percentile,,0.0035952234504748,2000,2000,0,fixed_equal_cell_weights__common_complete_all_declared_methods_conditions,,
43d0a7f75c8afab6d32ab6fd1f2ff8db49cca59e36971e2b74404173f4cbfcf2,stress,domain_aggregate,AR1,all_lengths,,,,VarianceResidual,polynomial_trend__order_1__strength_0.25,absolute_error_inflation,,0.0023615288012096,0.0018087270541139,0.0029030717202896,joint_parent_percentile,,0.0002829781596883,2000,2000,0,fixed_equal_cell_weights__common_complete_all_declared_methods_conditions,,
43d0a7f75c8afab6d32ab6fd1f2ff8db49cca59e36971e2b74404173f4cbfcf2,stress,domain_aggregate,AR1,all_lengths,,,,WaveletOLS::broad_band,polynomial_trend__order_1__strength_0.25,absolute_error_inflation,,9.764316799722172e-05,-1.6967493728269747e-05,0.00021160944869,joint_parent_percentile,,5.849296374520307e-05,2000,2000,0,fixed_equal_cell_weights__common_complete_all_declared_methods_conditions,,
43d0a7f75c8afab6d32ab6fd1f2ff8db49cca59e36971e2b74404173f4cbfcf2,stress,domain_aggregate,AR1,all_lengths,,,,WaveletOLS::conservative_band,polynomial_trend__order_1__strength_0.25,absolute_error_inflation,,-1.516285917241289e-06,-2.750462498256404e-05,2.361403850518126e-05,joint_parent_percentile,,1.3100047104774411e-05,2000,2000,0,fixed_equal_cell_weights__common_complete_all_declared_methods_conditions,,
43d0a7f75c8afab6d32ab6fd1f2ff8db49cca59e36971e2b74404173f4cbfcf2,stress,domain_aggregate,AR1,all_lengths,,,,WaveletOLS::upper_band,polynomial_trend__order_1__strength_0.25,absolute_error_inflation,,1.6070934230671963e-05,-1.6540834697825745e-05,4.998458820271723e-05,joint_parent_percentile,,1.7167614716911613e-05,2000,2000,0,fixed_equal_cell_weights__common_complete_all_declared_methods_conditions,,
43d0a7f75c8afab6d32ab6fd1f2ff8db49cca59e36971e2b74404173f4cbfcf2,stress,domain_aggregate,AR1,all_lengths,,,,WhittleMLE,polynomial_trend__order_1__strength_0.25,absolute_error_inflation,,0.0150067098053742,0.0139869826208967,0.0159061549054724,joint_parent_percentile,,0.0004782700408168,2000,2000,0,fixed_equal_cell_weights__common_complete_all_declared_methods_conditions,,
43d0a7f75c8afab6d32ab6fd1f2ff8db49cca59e36971e2b74404173f4cbfcf2,stress,domain_aggregate,AR1,all_lengths,,,,AbsoluteMoment,polynomial_trend__order_1__strength_0.5,absolute_error_inflation,,0.1098810116491476,0.103112692935918,0.1162303849793524,joint_parent_percentile,,0.0033447991948751,2000,2000,0,fixed_equal_cell_weights__common_complete_all_declared_methods_conditions,,
43d0a7f75c8afab6d32ab6fd1f2ff8db49cca59e36971e2b74404173f4cbfcf2,stress,domain_aggregate,AR1,all_lengths,,,,DFA::balanced_scales,polynomial_trend__order_1__strength_0.5,absolute_error_inflation,,0.0067275061354598,0.0060299091540394,0.0073687291695275,joint_parent_percentile,,0.0003473429992136,2000,2000,0,fixed_equal_cell_weights__common_complete_all_declared_methods_conditions,,
43d0a7f75c8afab6d32ab6fd1f2ff8db49cca59e36971e2b74404173f4cbfcf2,stress,domain_aggregate,AR1,all_lengths,,,,DFA::long_scales,polynomial_trend__order_1__strength_0.5,absolute_error_inflation,,0.0170828891661562,0.0156773687862281,0.0184900764583468,joint_parent_percentile,,0.0007122863322693,2000,2000,0,fixed_equal_cell_weights__common_complete_all_declared_methods_conditions,,
43d0a7f75c8afab6d32ab6fd1f2ff8db49cca59e36971e2b74404173f4cbfcf2,stress,domain_aggregate,AR1,all_lengths,,,,DFA::short_scales,polynomial_trend__order_1__strength_0.5,absolute_error_inflation,,0.0020512894375337,0.0016969297212993,0.0024040654040421,joint_parent_percentile,,0.00018330709395,2000,2000,0,fixed_equal_cell_weights__common_complete_all_declared_methods_conditions,,
43d0a7f75c8afab6d32ab6fd1f2ff8db49cca59e36971e2b74404173f4cbfcf2,stress,domain_aggregate,AR1,all_lengths,,,,DMA::balanced_windows,polynomial_trend__order_1__strength_0.5,absolute_error_inflation,,0.102126586518714,0.0983990661345976,0.1058037505955045,joint_parent_percentile,,0.0018507846776002,2000,2000,0,fixed_equal_cell_weights__common_complete_all_declared_methods_conditions,,
43d0a7f75c8afab6d32ab6fd1f2ff8db49cca59e36971e2b74404173f4cbfcf2,stress,domain_aggregate,AR1,all_lengths,,,,DMA::long_windows,polynomial_trend__order_1__strength_0.5,absolute_error_inflation,,0.0939401528777457,0.089652699788777,0.0982015146016097,joint_parent_percentile,,0.0021906614420859,2000,2000,0,fixed_equal_cell_weights__common_complete_all_declared_methods_conditions,,
43d0a7f75c8afab6d32ab6fd1f2ff8db49cca59e36971e2b74404173f4cbfcf2,stress,domain_aggregate,AR1,all_lengths,,,,DMA::short_windows,polynomial_trend__order_1__strength_0.5,absolute_error_inflation,,0.0865472378431653,0.0837083858029806,0.0892835940323635,joint_parent_percentile,,0.001406781992238,2000,2000,0,fixed_equal_cell_weights__common_complete_all_declared_methods_conditions,,
43d0a7f75c8afab6d32ab6fd1f2ff8db49cca59e36971e2b74404173f4cbfcf2,stress,domain_aggregate,AR1,all_lengths,,,,GHE,polynomial_trend__order_1__strength_0.5,absolute_error_inflation,,0.0639958157071553,0.0621193646679791,0.0658950924858981,joint_parent_percentile,,0.0009664158203122,2000,2000,0,fixed_equal_cell_weights__common_complete_all_declared_methods_conditions,,
43d0a7f75c8afab6d32ab6fd1f2ff8db49cca59e36971e2b74404173f4cbfcf2,stress,domain_aggregate,AR1,all_lengths,,,,GHE::centered,polynomial_trend__order_1__strength_0.5,absolute_error_inflation,,0.0711175871199497,0.0690768368713056,0.0731007172847565,joint_parent_percentile,,0.001029468491594,2000,2000,0,fixed_equal_cell_weights__common_complete_all_declared_methods_conditions,,
43d0a7f75c8afab6d32ab6fd1f2ff8db49cca59e36971e2b74404173f4cbfcf2,stress,domain_aggregate,AR1,all_lengths,,,,GPH::narrow_band,polynomial_trend__order_1__strength_0.5,absolute_error_inflation,,0.1283328829194279,0.1232215880378741,0.1331171538941399,joint_parent_percentile,,0.00257543105734,2000,2000,0,fixed_equal_cell_weights__common_complete_all_declared_methods_conditions,,
43d0a7f75c8afab6d32ab6fd1f2ff8db49cca59e36971e2b74404173f4cbfcf2,stress,domain_aggregate,AR1,all_lengths,,,,GPH::wider_band,polynomial_trend__order_1__strength_0.5,absolute_error_inflation,,0.085801790047697,0.0824032850331227,0.0890350802608708,joint_parent_percentile,,0.0016704050161724,2000,2000,0,fixed_equal_cell_weights__common_complete_all_declared_methods_conditions,,
43d0a7f75c8afab6d32ab6fd1f2ff8db49cca59e36971e2b74404173f4cbfcf2,stress,domain_aggregate,AR1,all_lengths,,,,Higuchi,polynomial_trend__order_1__strength_0.5,absolute_error_inflation,,0.0444249385443555,0.043031929655261,0.0457804509542813,joint_parent_percentile,,0.0007172239278158,2000,2000,0,fixed_equal_cell_weights__common_complete_all_declared_methods_conditions,,
43d0a7f75c8afab6d32ab6fd1f2ff8db49cca59e36971e2b74404173f4cbfcf2,stress,domain_aggregate,AR1,all_lengths,,,,Higuchi::centered,polynomial_trend__order_1__strength_0.5,absolute_error_inflation,,0.0478791086610267,0.0464307394904146,0.0493370279353842,joint_parent_percentile,,0.0007504758784392,2000,2000,0,fixed_equal_cell_weights__common_complete_all_declared_methods_conditions,,
43d0a7f75c8afab6d32ab6fd1f2ff8db49cca59e36971e2b74404173f4cbfcf2,stress,domain_aggregate,AR1,all_lengths,,,,ModifiedLocalWhittle,polynomial_trend__order_1__strength_0.5,absolute_error_inflation,,0.0424244382183476,0.0410788774727008,0.0437149514289859,joint_parent_percentile,,0.0006718894923926,2000,2000,0,fixed_equal_cell_weights__common_complete_all_declared_methods_conditions,,
43d0a7f75c8afab6d32ab6fd1f2ff8db49cca59e36971e2b74404173f4cbfcf2,stress,domain_aggregate,AR1,all_lengths,,,,RS,polynomial_trend__order_1__strength_0.5,absolute_error_inflation,,0.0094711089094556,0.0086670913535012,0.0102783585281555,joint_parent_percentile,,0.0004167098111585,2000,2000,0,fixed_equal_cell_weights__common_complete_all_declared_methods_conditions,,
43d0a7f75c8afab6d32ab6fd1f2ff8db49cca59e36971e2b74404173f4cbfcf2,stress,domain_aggregate,AR1,all_lengths,,,,Variance,polynomial_trend__order_1__strength_0.5,absolute_error_inflation,,0.1223044698822661,0.1157269801697653,0.1286198832847987,joint_parent_percentile,,0.0032818685068138,2000,2000,0,fixed_equal_cell_weights__common_complete_all_declared_methods_conditions,,
43d0a7f75c8afab6d32ab6fd1f2ff8db49cca59e36971e2b74404173f4cbfcf2,stress,domain_aggregate,AR1,all_lengths,,,,VarianceResidual,polynomial_trend__order_1__strength_0.5,absolute_error_inflation,,0.0094538295525634,0.0084155809744857,0.0105046640409054,joint_parent_percentile,,0.0005414427574949,2000,2000,0,fixed_equal_cell_weights__common_complete_all_declared_methods_conditions,,
43d0a7f75c8afab6d32ab6fd1f2ff8db49cca59e36971e2b74404173f4cbfcf2,stress,domain_aggregate,AR1,all_lengths,,,,WaveletOLS::broad_band,polynomial_trend__order_1__strength_0.5,absolute_error_inflation,,0.0003684082833441,0.0001414555644957,0.000594401592569,joint_parent_percentile,,0.0001166276021798,2000,2000,0,fixed_equal_cell_weights__common_complete_all_declared_methods_conditions,,
43d0a7f75c8afab6d32ab6fd1f2ff8db49cca59e36971e2b74404173f4cbfcf2,stress,domain_aggregate,AR1,all_lengths,,,,WaveletOLS::conservative_band,polynomial_trend__order_1__strength_0.5,absolute_error_inflation,,2.815304052369849e-06,-4.909482085131006e-05,5.301953660052441e-05,joint_parent_percentile,,2.6198037987141524e-05,2000,2000,0,fixed_equal_cell_weights__common_complete_all_declared_methods_conditions,,
43d0a7f75c8afab6d32ab6fd1f2ff8db49cca59e36971e2b74404173f4cbfcf2,stress,domain_aggregate,AR1,all_lengths,,,,WaveletOLS::upper_band,polynomial_trend__order_1__strength_0.5,absolute_error_inflation,,5.613134449061752e-05,-9.175254085087849e-06,0.0001239215784787,joint_parent_percentile,,3.431458121668076e-05,2000,2000,0,fixed_equal_cell_weights__common_complete_all_declared_methods_conditions,,
43d0a7f75c8afab6d32ab6fd1f2ff8db49cca59e36971e2b74404173f4cbfcf2,stress,domain_aggregate,AR1,all_lengths,,,,WhittleMLE,polynomial_trend__order_1__strength_0.5,absolute_error_inflation,,0.0423679193185108,0.0410163767389036,0.04366238477009,joint_parent_percentile,,0.0006741915374312,2000,2000,0,fixed_equal_cell_weights__common_complete_all_declared_methods_conditions,,
43d0a7f75c8afab6d32ab6fd1f2ff8db49cca59e36971e2b74404173f4cbfcf2,stress,domain_aggregate,AR1,all_lengths,,,,AbsoluteMoment,polynomial_trend__order_1__strength_1,absolute_error_inflation,,0.2081841170001713,0.2017189450336093,0.2140600117826535,joint_parent_percentile,,0.0031835858910899,2000,2000,0,fixed_equal_cell_weights__common_complete_all_declared_methods_conditions,,
43d0a7f75c8afab6d32ab6fd1f2ff8db49cca59e36971e2b74404173f4cbfcf2,stress,domain_aggregate,AR1,all_lengths,,,,DFA::balanced_scales,polynomial_trend__order_1__strength_1,absolute_error_inflation,,0.0243150127956061,0.023026274720322,0.0255068014931411,joint_parent_percentile,,0.0006367628590824,2000,2000,0,fixed_equal_cell_weights__common_complete_all_declared_methods_conditions,,
43d0a7f75c8afab6d32ab6fd1f2ff8db49cca59e36971e2b74404173f4cbfcf2,stress,domain_aggregate,AR1,all_lengths,,,,DFA::long_scales,polynomial_trend__order_1__strength_1,absolute_error_inflation,,0.059363043173938,0.0570406158464151,0.0616093955042284,joint_parent_percentile,,0.0011699118647313,2000,2000,0,fixed_equal_cell_weights__common_complete_all_declared_methods_conditions,,
43d0a7f75c8afab6d32ab6fd1f2ff8db49cca59e36971e2b74404173f4cbfcf2,stress,domain_aggregate,AR1,all_lengths,,,,DFA::short_scales,polynomial_trend__order_1__strength_1,absolute_error_inflation,,0.0083049552614605,0.0076121580274933,0.0089957211754944,joint_parent_percentile,,0.0003555931168972,2000,2000,0,fixed_equal_cell_weights__common_complete_all_declared_methods_conditions,,
43d0a7f75c8afab6d32ab6fd1f2ff8db49cca59e36971e2b74404173f4cbfcf2,stress,domain_aggregate,AR1,all_lengths,,,,DMA::balanced_windows,polynomial_trend__order_1__strength_1,absolute_error_inflation,,0.1905492092598665,0.1869379206376951,0.1941658362955551,joint_parent_percentile,,0.0018114322457518,2000,2000,0,fixed_equal_cell_weights__common_complete_all_declared_methods_conditions,,
43d0a7f75c8afab6d32ab6fd1f2ff8db49cca59e36971e2b74404173f4cbfcf2,stress,domain_aggregate,AR1,all_lengths,,,,DMA::long_windows,polynomial_trend__order_1__strength_1,absolute_error_inflation,,0.1848324867463881,0.1808177270976132,0.1889793810459062,joint_parent_percentile,,0.0020798148699054,2000,2000,0,fixed_equal_cell_weights__common_complete_all_declared_methods_conditions,,
43d0a7f75c8afab6d32ab6fd1f2ff8db49cca59e36971e2b74404173f4cbfcf2,stress,domain_aggregate,AR1,all_lengths,,,,DMA::short_windows,polynomial_trend__order_1__strength_1,absolute_error_inflation,,0.1649993401821897,0.1620978886873891,0.167804922203078,joint_parent_percentile,,0.0014331620269544,2000,2000,0,fixed_equal_cell_weights__common_complete_all_declared_methods_conditions,,
43d0a7f75c8afab6d32ab6fd1f2ff8db49cca59e36971e2b74404173f4cbfcf2,stress,domain_aggregate,AR1,all_lengths,,,,GHE,polynomial_trend__order_1__strength_1,absolute_error_inflation,,0.122000792525326,0.120061467909246,0.123942435479393,joint_parent_percentile,,0.0009894309342282,2000,2000,0,fixed_equal_cell_weights__common_complete_all_declared_methods_conditions,,
43d0a7f75c8afab6d32ab6fd1f2ff8db49cca59e36971e2b74404173f4cbfcf2,stress,domain_aggregate,AR1,all_lengths,,,,GHE::centered,polynomial_trend__order_1__strength_1,absolute_error_inflation,,0.1329221528597631,0.1309501065883472,0.1348905824999277,joint_parent_percentile,,0.0010274240489975,2000,2000,0,fixed_equal_cell_weights__common_complete_all_declared_methods_conditions,,
43d0a7f75c8afab6d32ab6fd1f2ff8db49cca59e36971e2b74404173f4cbfcf2,stress,domain_aggregate,AR1,all_lengths,,,,GPH::narrow_band,polynomial_trend__order_1__strength_1,absolute_error_inflation,,0.2849305396754392,0.2795750857376909,0.2901777364675346,joint_parent_percentile,,0.0027276983190656,2000,2000,0,fixed_equal_cell_weights__common_complete_all_declared_methods_conditions,,
43d0a7f75c8afab6d32ab6fd1f2ff8db49cca59e36971e2b74404173f4cbfcf2,stress,domain_aggregate,AR1,all_lengths,,,,GPH::wider_band,polynomial_trend__order_1__strength_1,absolute_error_inflation,,0.1876192471951207,0.1837071018635444,0.1912289139730058,joint_parent_percentile,,0.0018697330412988,2000,2000,0,fixed_equal_cell_weights__common_complete_all_declared_methods_conditions,,
43d0a7f75c8afab6d32ab6fd1f2ff8db49cca59e36971e2b74404173f4cbfcf2,stress,domain_aggregate,AR1,all_lengths,,,,Higuchi,polynomial_trend__order_1__strength_1,absolute_error_inflation,,0.0945616174472598,0.0930599779478129,0.096081753816052,joint_parent_percentile,,0.0007739576509256,2000,2000,0,fixed_equal_cell_weights__common_complete_all_declared_methods_conditions,,
43d0a7f75c8afab6d32ab6fd1f2ff8db49cca59e36971e2b74404173f4cbfcf2,stress,domain_aggregate,AR1,all_lengths,,,,Higuchi::centered,polynomial_trend__order_1__strength_1,absolute_error_inflation,,0.1005673014549981,0.0990312364842272,0.1020805814056867,joint_parent_percentile,,0.0008014358514522,2000,2000,0,fixed_equal_cell_weights__common_complete_all_declared_methods_conditions,,
43d0a7f75c8afab6d32ab6fd1f2ff8db49cca59e36971e2b74404173f4cbfcf2,stress,domain_aggregate,AR1,all_lengths,,,,ModifiedLocalWhittle,polynomial_trend__order_1__strength_1,absolute_error_inflation,,0.077785766393926,0.0759372253421603,0.0796095239872343,joint_parent_percentile,,0.0009390839033645,2000,2000,0,fixed_equal_cell_weights__common_complete_all_declared_methods_conditions,,
43d0a7f75c8afab6d32ab6fd1f2ff8db49cca59e36971e2b74404173f4cbfcf2,stress,domain_aggregate,AR1,all_lengths,,,,RS,polynomial_trend__order_1__strength_1,absolute_error_inflation,,0.031218184051123,0.0299478823667374,0.0324409723133489,joint_parent_percentile,,0.0006493294868611,2000,2000,0,fixed_equal_cell_weights__common_complete_all_declared_methods_conditions,,
43d0a7f75c8afab6d32ab6fd1f2ff8db49cca59e36971e2b74404173f4cbfcf2,stress,domain_aggregate,AR1,all_lengths,,,,Variance,polynomial_trend__order_1__strength_1,absolute_error_inflation,,0.2290584775946652,0.2225849873845338,0.2350686863278208,joint_parent_percentile,,0.0031824045627048,2000,2000,0,fixed_equal_cell_weights__common_complete_all_declared_methods_conditions,,
43d0a7f75c8afab6d32ab6fd1f2ff8db49cca59e36971e2b74404173f4cbfcf2,stress,domain_aggregate,AR1,all_lengths,,,,VarianceResidual,polynomial_trend__order_1__strength_1,absolute_error_inflation,,0.034792896105695,0.0329935994276984,0.036585518952958,joint_parent_percentile,,0.0009215724708183,2000,2000,0,fixed_equal_cell_weights__common_complete_all_declared_methods_conditions,,
43d0a7f75c8afab6d32ab6fd1f2ff8db49cca59e36971e2b74404173f4cbfcf2,stress,domain_aggregate,AR1,all_lengths,,,,WaveletOLS::broad_band,polynomial_trend__order_1__strength_1,absolute_error_inflation,,0.0014254696229189,0.0009786095820452,0.0018739804304657,joint_parent_percentile,,0.0002311483135378,2000,2000,0,fixed_equal_cell_weights__common_complete_all_declared_methods_conditions,,
43d0a7f75c8afab6d32ab6fd1f2ff8db49cca59e36971e2b74404173f4cbfcf2,stress,domain_aggregate,AR1,all_lengths,,,,WaveletOLS::conservative_band,polynomial_trend__order_1__strength_1,absolute_error_inflation,,2.902434565084377e-05,-7.481556630909159e-05,0.0001294584654703,joint_parent_percentile,,5.238541058161456e-05,2000,2000,0,fixed_equal_cell_weights__common_complete_all_declared_methods_conditions,,
43d0a7f75c8afab6d32ab6fd1f2ff8db49cca59e36971e2b74404173f4cbfcf2,stress,domain_aggregate,AR1,all_lengths,,,,WaveletOLS::upper_band,polynomial_trend__order_1__strength_1,absolute_error_inflation,,0.0002081747653266,7.826963093158084e-05,0.0003432581766167,joint_parent_percentile,,6.853169661161931e-05,2000,2000,0,fixed_equal_cell_weights__common_complete_all_declared_methods_conditions,,
43d0a7f75c8afab6d32ab6fd1f2ff8db49cca59e36971e2b74404173f4cbfcf2,stress,domain_aggregate,AR1,all_lengths,,,,WhittleMLE,polynomial_trend__order_1__strength_1,absolute_error_inflation,,0.077461372670165,0.0756082394982521,0.079288904381755,joint_parent_percentile,,0.0009410090414477,2000,2000,0,fixed_equal_cell_weights__common_complete_all_declared_methods_conditions,,
43d0a7f75c8afab6d32ab6fd1f2ff8db49cca59e36971e2b74404173f4cbfcf2,stress,domain_aggregate,AR1,all_lengths,,,,AbsoluteMoment,polynomial_trend__order_2__strength_0.25,absolute_error_inflation,,0.0227465276743764,0.0158811788113196,0.0296067440217848,joint_parent_percentile,,0.0035836993984212,2000,2000,0,fixed_equal_cell_weights__common_complete_all_declared_methods_conditions,,
43d0a7f75c8afab6d32ab6fd1f2ff8db49cca59e36971e2b74404173f4cbfcf2,stress,domain_aggregate,AR1,all_lengths,,,,DFA::balanced_scales,polynomial_trend__order_2__strength_0.25,absolute_error_inflation,,0.0021412223633112,0.0017416249775951,0.0025460396457226,joint_parent_percentile,,0.0002027333383676,2000,2000,0,fixed_equal_cell_weights__common_complete_all_declared_methods_conditions,,
43d0a7f75c8afab6d32ab6fd1f2ff8db49cca59e36971e2b74404173f4cbfcf2,stress,domain_aggregate,AR1,all_lengths,,,,DFA::long_scales,polynomial_trend__order_2__strength_0.25,absolute_error_inflation,,0.0052208710031569,0.0044960774015887,0.0059538820406038,joint_parent_percentile,,0.0003829556182182,2000,2000,0,fixed_equal_cell_weights__common_complete_all_declared_methods_conditions,,
43d0a7f75c8afab6d32ab6fd1f2ff8db49cca59e36971e2b74404173f4cbfcf2,stress,domain_aggregate,AR1,all_lengths,,,,DFA::short_scales,polynomial_trend__order_2__strength_0.25,absolute_error_inflation,,0.000593874905206,0.0003597913315272,0.000827937944464,joint_parent_percentile,,0.0001206959524374,2000,2000,0,fixed_equal_cell_weights__common_complete_all_declared_methods_conditions,,
43d0a7f75c8afab6d32ab6fd1f2ff8db49cca59e36971e2b74404173f4cbfcf2,stress,domain_aggregate,AR1,all_lengths,,,,DMA::balanced_windows,polynomial_trend__order_2__strength_0.25,absolute_error_inflation,,0.0409208322919679,0.0380304086697898,0.0438193672639775,joint_parent_percentile,,0.0014753254946128,2000,2000,0,fixed_equal_cell_weights__common_complete_all_declared_methods_conditions,,
43d0a7f75c8afab6d32ab6fd1f2ff8db49cca59e36971e2b74404173f4cbfcf2,stress,domain_aggregate,AR1,all_lengths,,,,DMA::long_windows,polynomial_trend__order_2__strength_0.25,absolute_error_inflation,,0.0344280478938904,0.0308764330097485,0.0382913572970545,joint_parent_percentile,,0.0019281280464555,2000,2000,0,fixed_equal_cell_weights__common_complete_all_declared_methods_conditions,,
43d0a7f75c8afab6d32ab6fd1f2ff8db49cca59e36971e2b74404173f4cbfcf2,stress,domain_aggregate,AR1,all_lengths,,,,DMA::short_windows,polynomial_trend__order_2__strength_0.25,absolute_error_inflation,,0.0333865670792135,0.0313152235817019,0.0353667739590117,joint_parent_percentile,,0.0010529700418083,2000,2000,0,fixed_equal_cell_weights__common_complete_all_declared_methods_conditions,,
43d0a7f75c8afab6d32ab6fd1f2ff8db49cca59e36971e2b74404173f4cbfcf2,stress,domain_aggregate,AR1,all_lengths,,,,GHE,polynomial_trend__order_2__strength_0.25,absolute_error_inflation,,0.0209347135178449,0.0195447353217525,0.0223423581716865,joint_parent_percentile,,0.0006998810384013,2000,2000,0,fixed_equal_cell_weights__common_complete_all_declared_methods_conditions,,
43d0a7f75c8afab6d32ab6fd1f2ff8db49cca59e36971e2b74404173f4cbfcf2,stress,domain_aggregate,AR1,all_lengths,,,,GHE::centered,polynomial_trend__order_2__strength_0.25,absolute_error_inflation,,0.0240379684635483,0.022536341098503,0.0255589571860562,joint_parent_percentile,,0.0007491205829124,2000,2000,0,fixed_equal_cell_weights__common_complete_all_declared_methods_conditions,,
43d0a7f75c8afab6d32ab6fd1f2ff8db49cca59e36971e2b74404173f4cbfcf2,stress,domain_aggregate,AR1,all_lengths,,,,GPH::narrow_band,polynomial_trend__order_2__strength_0.25,absolute_error_inflation,,0.0441058367940312,0.0401217582882724,0.0479186641106762,joint_parent_percentile,,0.001965482923879,2000,2000,0,fixed_equal_cell_weights__common_complete_all_declared_methods_conditions,,
43d0a7f75c8afab6d32ab6fd1f2ff8db49cca59e36971e2b74404173f4cbfcf2,stress,domain_aggregate,AR1,all_lengths,,,,GPH::wider_band,polynomial_trend__order_2__strength_0.25,absolute_error_inflation,,0.0313727198288295,0.0287986339810279,0.0337778826355977,joint_parent_percentile,,0.0012794663064772,2000,2000,0,fixed_equal_cell_weights__common_complete_all_declared_methods_conditions,,
43d0a7f75c8afab6d32ab6fd1f2ff8db49cca59e36971e2b74404173f4cbfcf2,stress,domain_aggregate,AR1,all_lengths,,,,Higuchi,polynomial_trend__order_2__strength_0.25,absolute_error_inflation,,0.0135279519280944,0.0126343280794265,0.014454308888163,joint_parent_percentile,,0.0004700017685431,2000,2000,0,fixed_equal_cell_weights__common_complete_all_declared_methods_conditions,,
43d0a7f75c8afab6d32ab6fd1f2ff8db49cca59e36971e2b74404173f4cbfcf2,stress,domain_aggregate,AR1,all_lengths,,,,Higuchi::centered,polynomial_trend__order_2__strength_0.25,absolute_error_inflation,,0.0147054086610198,0.0137618345379319,0.0156586009297675,joint_parent_percentile,,0.0004888771238155,2000,2000,0,fixed_equal_cell_weights__common_complete_all_declared_methods_conditions,,
43d0a7f75c8afab6d32ab6fd1f2ff8db49cca59e36971e2b74404173f4cbfcf2,stress,domain_aggregate,AR1,all_lengths,,,,ModifiedLocalWhittle,polynomial_trend__order_2__strength_0.25,absolute_error_inflation,,0.0149238822499289,0.0139427388349952,0.01582484436717,joint_parent_percentile,,0.0004709636302175,2000,2000,0,fixed_equal_cell_weights__common_complete_all_declared_methods_conditions,,
43d0a7f75c8afab6d32ab6fd1f2ff8db49cca59e36971e2b74404173f4cbfcf2,stress,domain_aggregate,AR1,all_lengths,,,,RS,polynomial_trend__order_2__strength_0.25,absolute_error_inflation,,0.0027239313154881,0.0022790133469047,0.0031801750221741,joint_parent_percentile,,0.0002287207923188,2000,2000,0,fixed_equal_cell_weights__common_complete_all_declared_methods_conditions,,
43d0a7f75c8afab6d32ab6fd1f2ff8db49cca59e36971e2b74404173f4cbfcf2,stress,domain_aggregate,AR1,all_lengths,,,,Variance,polynomial_trend__order_2__strength_0.25,absolute_error_inflation,,0.027729903189764,0.0210695922628017,0.0343432531652026,joint_parent_percentile,,0.0034502206416704,2000,2000,0,fixed_equal_cell_weights__common_complete_all_declared_methods_conditions,,
43d0a7f75c8afab6d32ab6fd1f2ff8db49cca59e36971e2b74404173f4cbfcf2,stress,domain_aggregate,AR1,all_lengths,,,,VarianceResidual,polynomial_trend__order_2__strength_0.25,absolute_error_inflation,,0.0023371027527939,0.0017723456140018,0.0028881039583091,joint_parent_percentile,,0.0002843251116897,2000,2000,0,fixed_equal_cell_weights__common_complete_all_declared_methods_conditions,,
43d0a7f75c8afab6d32ab6fd1f2ff8db49cca59e36971e2b74404173f4cbfcf2,stress,domain_aggregate,AR1,all_lengths,,,,WaveletOLS::broad_band,polynomial_trend__order_2__strength_0.25,absolute_error_inflation,,0.0005504511983529,0.0002624296920916,0.000829569838737,joint_parent_percentile,,0.0001451959274793,2000,2000,0,fixed_equal_cell_weights__common_complete_all_declared_methods_conditions,,
43d0a7f75c8afab6d32ab6fd1f2ff8db49cca59e36971e2b74404173f4cbfcf2,stress,domain_aggregate,AR1,all_lengths,,,,WaveletOLS::conservative_band,polynomial_trend__order_2__strength_0.25,absolute_error_inflation,,1.1392629523265809e-05,-4.333628360608313e-05,6.609936304887776e-05,joint_parent_percentile,,2.82887496382759e-05,2000,2000,0,fixed_equal_cell_weights__common_complete_all_declared_methods_conditions,,
43d0a7f75c8afab6d32ab6fd1f2ff8db49cca59e36971e2b74404173f4cbfcf2,stress,domain_aggregate,AR1,all_lengths,,,,WaveletOLS::upper_band,polynomial_trend__order_2__strength_0.25,absolute_error_inflation,,7.232245279747973e-05,-1.230134812220951e-05,0.0001603432518565,joint_parent_percentile,,4.389952835893518e-05,2000,2000,0,fixed_equal_cell_weights__common_complete_all_declared_methods_conditions,,
43d0a7f75c8afab6d32ab6fd1f2ff8db49cca59e36971e2b74404173f4cbfcf2,stress,domain_aggregate,AR1,all_lengths,,,,WhittleMLE,polynomial_trend__order_2__strength_0.25,absolute_error_inflation,,0.0149380960594846,0.0139565480684867,0.0158429820603171,joint_parent_percentile,,0.0004724324764905,2000,2000,0,fixed_equal_cell_weights__common_complete_all_declared_methods_conditions,,
43d0a7f75c8afab6d32ab6fd1f2ff8db49cca59e36971e2b74404173f4cbfcf2,stress,domain_aggregate,AR1,all_lengths,,,,AbsoluteMoment,polynomial_trend__order_2__strength_0.5,absolute_error_inflation,,0.0670811273553232,0.0596139242471179,0.0745163669066649,joint_parent_percentile,,0.0038229172757777,2000,2000,0,fixed_equal_cell_weights__common_complete_all_declared_methods_conditions,,
43d0a7f75c8afab6d32ab6fd1f2ff8db49cca59e36971e2b74404173f4cbfcf2,stress,domain_aggregate,AR1,all_lengths,,,,DFA::balanced_scales,polynomial_trend__order_2__strength_0.5,absolute_error_inflation,,0.0080029081142056,0.0072223969838974,0.0087942237662486,joint_parent_percentile,,0.0003963864799175,2000,2000,0,fixed_equal_cell_weights__common_complete_all_declared_methods_conditions,,
43d0a7f75c8afab6d32ab6fd1f2ff8db49cca59e36971e2b74404173f4cbfcf2,stress,domain_aggregate,AR1,all_lengths,,,,DFA::long_scales,polynomial_trend__order_2__strength_0.5,absolute_error_inflation,,0.0192496965011498,0.017881614690932,0.0206307271139198,joint_parent_percentile,,0.0007039199783977,2000,2000,0,fixed_equal_cell_weights__common_complete_all_declared_methods_conditions,,
43d0a7f75c8afab6d32ab6fd1f2ff8db49cca59e36971e2b74404173f4cbfcf2,stress,domain_aggregate,AR1,all_lengths,,,,DFA::short_scales,polynomial_trend__order_2__strength_0.5,absolute_error_inflation,,0.0027087755378213,0.0022420399692838,0.0031654156660291,joint_parent_percentile,,0.0002386745918325,2000,2000,0,fixed_equal_cell_weights__common_complete_all_declared_methods_conditions,,
43d0a7f75c8afab6d32ab6fd1f2ff8db49cca59e36971e2b74404173f4cbfcf2,stress,domain_aggregate,AR1,all_lengths,,,,DMA::balanced_windows,polynomial_trend__order_2__strength_0.5,absolute_error_inflation,,0.1143584877492872,0.1107374519939629,0.1179194790820357,joint_parent_percentile,,0.0018464704084838,2000,2000,0,fixed_equal_cell_weights__common_complete_all_declared_methods_conditions,,
43d0a7f75c8afab6d32ab6fd1f2ff8db49cca59e36971e2b74404173f4cbfcf2,stress,domain_aggregate,AR1,all_lengths,,,,DMA::long_windows,polynomial_trend__order_2__strength_0.5,absolute_error_inflation,,0.1091406787608582,0.1048071002526393,0.1134934933400045,joint_parent_percentile,,0.0022090462655581,2000,2000,0,fixed_equal_cell_weights__common_complete_all_declared_methods_conditions,,
43d0a7f75c8afab6d32ab6fd1f2ff8db49cca59e36971e2b74404173f4cbfcf2,stress,domain_aggregate,AR1,all_lengths,,,,DMA::short_windows,polynomial_trend__order_2__strength_0.5,absolute_error_inflation,,0.0940808830639007,0.0914007227890708,0.0966987805166337,joint_parent_percentile,,0.0013722415001639,2000,2000,0,fixed_equal_cell_weights__common_complete_all_declared_methods_conditions,,
43d0a7f75c8afab6d32ab6fd1f2ff8db49cca59e36971e2b74404173f4cbfcf2,stress,domain_aggregate,AR1,all_lengths,,,,GHE,polynomial_trend__order_2__strength_0.5,absolute_error_inflation,,0.0602640032803892,0.0584719104156038,0.0620728699882205,joint_parent_percentile,,0.0009511014670731,2000,2000,0,fixed_equal_cell_weights__common_complete_all_declared_methods_conditions,,
43d0a7f75c8afab6d32ab6fd1f2ff8db49cca59e36971e2b74404173f4cbfcf2,stress,domain_aggregate,AR1,all_lengths,,,,GHE::centered,polynomial_trend__order_2__strength_0.5,absolute_error_inflation,,0.0676147981476948,0.0656641772943738,0.0695620304394532,joint_parent_percentile,,0.0009928299943297,2000,2000,0,fixed_equal_cell_weights__common_complete_all_declared_methods_conditions,,
43d0a7f75c8afab6d32ab6fd1f2ff8db49cca59e36971e2b74404173f4cbfcf2,stress,domain_aggregate,AR1,all_lengths,,,,GPH::narrow_band,polynomial_trend__order_2__strength_0.5,absolute_error_inflation,,0.1277692130139543,0.1227373785596159,0.1326179453718373,joint_parent_percentile,,0.0025252154731083,2000,2000,0,fixed_equal_cell_weights__common_complete_all_declared_methods_conditions,,
43d0a7f75c8afab6d32ab6fd1f2ff8db49cca59e36971e2b74404173f4cbfcf2,stress,domain_aggregate,AR1,all_lengths,,,,GPH::wider_band,polynomial_trend__order_2__strength_0.5,absolute_error_inflation,,0.084223314553485,0.0810636934004808,0.0874288987073608,joint_parent_percentile,,0.0016123894589267,2000,2000,0,fixed_equal_cell_weights__common_complete_all_declared_methods_conditions,,
43d0a7f75c8afab6d32ab6fd1f2ff8db49cca59e36971e2b74404173f4cbfcf2,stress,domain_aggregate,AR1,all_lengths,,,,Higuchi,polynomial_trend__order_2__strength_0.5,absolute_error_inflation,,0.0414186701325006,0.0400667109650431,0.0427827933692768,joint_parent_percentile,,0.0006868098005698,2000,2000,0,fixed_equal_cell_weights__common_complete_all_declared_methods_conditions,,
43d0a7f75c8afab6d32ab6fd1f2ff8db49cca59e36971e2b74404173f4cbfcf2,stress,domain_aggregate,AR1,all_lengths,,,,Higuchi::centered,polynomial_trend__order_2__strength_0.5,absolute_error_inflation,,0.0449333650872794,0.043540404290478,0.0463326501578003,joint_parent_percentile,,0.0007097318734752,2000,2000,0,fixed_equal_cell_weights__common_complete_all_declared_methods_conditions,,
43d0a7f75c8afab6d32ab6fd1f2ff8db49cca59e36971e2b74404173f4cbfcf2,stress,domain_aggregate,AR1,all_lengths,,,,ModifiedLocalWhittle,polynomial_trend__order_2__strength_0.5,absolute_error_inflation,,0.042102692358967,0.0408149436956185,0.0433950301254972,joint_parent_percentile,,0.0006523835911511,2000,2000,0,fixed_equal_cell_weights__common_complete_all_declared_methods_conditions,,
43d0a7f75c8afab6d32ab6fd1f2ff8db49cca59e36971e2b74404173f4cbfcf2,stress,domain_aggregate,AR1,all_lengths,,,,RS,polynomial_trend__order_2__strength_0.5,absolute_error_inflation,,0.0097905402148323,0.0089882498874436,0.0105405099757312,joint_parent_percentile,,0.0003991868279832,2000,2000,0,fixed_equal_cell_weights__common_complete_all_declared_methods_conditions,,
43d0a7f75c8afab6d32ab6fd1f2ff8db49cca59e36971e2b74404173f4cbfcf2,stress,domain_aggregate,AR1,all_lengths,,,,Variance,polynomial_trend__order_2__strength_0.5,absolute_error_inflation,,0.0762829948437223,0.0690710728646082,0.0831842550074291,joint_parent_percentile,,0.0035904559100569,2000,2000,0,fixed_equal_cell_weights__common_complete_all_declared_methods_conditions,,
43d0a7f75c8afab6d32ab6fd1f2ff8db49cca59e36971e2b74404173f4cbfcf2,stress,domain_aggregate,AR1,all_lengths,,,,VarianceResidual,polynomial_trend__order_2__strength_0.5,absolute_error_inflation,,0.0095124861442328,0.0084550386994076,0.0105721583626091,joint_parent_percentile,,0.0005453726692862,2000,2000,0,fixed_equal_cell_weights__common_complete_all_declared_methods_conditions,,
43d0a7f75c8afab6d32ab6fd1f2ff8db49cca59e36971e2b74404173f4cbfcf2,stress,domain_aggregate,AR1,all_lengths,,,,WaveletOLS::broad_band,polynomial_trend__order_2__strength_0.5,absolute_error_inflation,,0.0021232095430444,0.0015504913466853,0.0026780227930084,joint_parent_percentile,,0.0002869000270936,2000,2000,0,fixed_equal_cell_weights__common_complete_all_declared_methods_conditions,,
43d0a7f75c8afab6d32ab6fd1f2ff8db49cca59e36971e2b74404173f4cbfcf2,stress,domain_aggregate,AR1,all_lengths,,,,WaveletOLS::conservative_band,polynomial_trend__order_2__strength_0.5,absolute_error_inflation,,4.551756870350976e-05,-6.433992535143027e-05,0.0001554129492237,joint_parent_percentile,,5.656235469559246e-05,2000,2000,0,fixed_equal_cell_weights__common_complete_all_declared_methods_conditions,,
43d0a7f75c8afab6d32ab6fd1f2ff8db49cca59e36971e2b74404173f4cbfcf2,stress,domain_aggregate,AR1,all_lengths,,,,WaveletOLS::upper_band,polynomial_trend__order_2__strength_0.5,absolute_error_inflation,,0.0002925198112536,0.0001252748920006,0.0004692724170078,joint_parent_percentile,,8.763967388117796e-05,2000,2000,0,fixed_equal_cell_weights__common_complete_all_declared_methods_conditions,,
43d0a7f75c8afab6d32ab6fd1f2ff8db49cca59e36971e2b74404173f4cbfcf2,stress,domain_aggregate,AR1,all_lengths,,,,WhittleMLE,polynomial_trend__order_2__strength_0.5,absolute_error_inflation,,0.0420538326924178,0.0407681705292371,0.0433598557730273,joint_parent_percentile,,0.000655006219327,2000,2000,0,fixed_equal_cell_weights__common_complete_all_declared_methods_conditions,,
43d0a7f75c8afab6d32ab6fd1f2ff8db49cca59e36971e2b74404173f4cbfcf2,stress,domain_aggregate,AR1,all_lengths,,,,AbsoluteMoment,polynomial_trend__order_2__strength_1,absolute_error_inflation,,0.1235514169409361,0.1170413041265375,0.1299108604705198,joint_parent_percentile,,0.0033231771877626,2000,2000,0,fixed_equal_cell_weights__common_complete_all_declared_methods_conditions,,
43d0a7f75c8afab6d32ab6fd1f2ff8db49cca59e36971e2b74404173f4cbfcf2,stress,domain_aggregate,AR1,all_lengths,,,,DFA::balanced_scales,polynomial_trend__order_2__strength_1,absolute_error_inflation,,0.0293558019249447,0.0279449044067386,0.0308207638733739,joint_parent_percentile,,0.0007268047480526,2000,2000,0,fixed_equal_cell_weights__common_complete_all_declared_methods_conditions,,
43d0a7f75c8afab6d32ab6fd1f2ff8db49cca59e36971e2b74404173f4cbfcf2,stress,domain_aggregate,AR1,all_lengths,,,,DFA::long_scales,polynomial_trend__order_2__strength_1,absolute_error_inflation,,0.0650943370460905,0.0629106977722,0.0673133679191126,joint_parent_percentile,,0.0011223782612162,2000,2000,0,fixed_equal_cell_weights__common_complete_all_declared_methods_conditions,,
43d0a7f75c8afab6d32ab6fd1f2ff8db49cca59e36971e2b74404173f4cbfcf2,stress,domain_aggregate,AR1,all_lengths,,,,DFA::short_scales,polynomial_trend__order_2__strength_1,absolute_error_inflation,,0.0112628301085119,0.0103766887836226,0.0121350157872243,joint_parent_percentile,,0.0004560265968263,2000,2000,0,fixed_equal_cell_weights__common_complete_all_declared_methods_conditions,,
43d0a7f75c8afab6d32ab6fd1f2ff8db49cca59e36971e2b74404173f4cbfcf2,stress,domain_aggregate,AR1,all_lengths,,,,DMA::balanced_windows,polynomial_trend__order_2__strength_1,absolute_error_inflation,,0.2097220935261468,0.2062843295392169,0.2131231031404772,joint_parent_percentile,,0.0017316875540065,2000,2000,0,fixed_equal_cell_weights__common_complete_all_declared_methods_conditions,,
43d0a7f75c8afab6d32ab6fd1f2ff8db49cca59e36971e2b74404173f4cbfcf2,stress,domain_aggregate,AR1,all_lengths,,,,DMA::long_windows,polynomial_trend__order_2__strength_1,absolute_error_inflation,,0.2080584247033177,0.2041891020592463,0.2120511000525361,joint_parent_percentile,,0.0020154713772845,2000,2000,0,fixed_equal_cell_weights__common_complete_all_declared_methods_conditions,,
43d0a7f75c8afab6d32ab6fd1f2ff8db49cca59e36971e2b74404173f4cbfcf2,stress,domain_aggregate,AR1,all_lengths,,,,DMA::short_windows,polynomial_trend__order_2__strength_1,absolute_error_inflation,,0.1774163767413935,0.1747082819287359,0.1800336267622585,joint_parent_percentile,,0.0013643956843997,2000,2000,0,fixed_equal_cell_weights__common_complete_all_declared_methods_conditions,,
43d0a7f75c8afab6d32ab6fd1f2ff8db49cca59e36971e2b74404173f4cbfcf2,stress,domain_aggregate,AR1,all_lengths,,,,GHE,polynomial_trend__order_2__strength_1,absolute_error_inflation,,0.119084336370711,0.1170681762622841,0.1209924448941146,joint_parent_percentile,,0.0009965115776593,2000,2000,0,fixed_equal_cell_weights__common_complete_all_declared_methods_conditions,,
43d0a7f75c8afab6d32ab6fd1f2ff8db49cca59e36971e2b74404173f4cbfcf2,stress,domain_aggregate,AR1,all_lengths,,,,GHE::centered,polynomial_trend__order_2__strength_1,absolute_error_inflation,,0.1303550021586112,0.1282692763482895,0.132303410907571,joint_parent_percentile,,0.00102108085566,2000,2000,0,fixed_equal_cell_weights__common_complete_all_declared_methods_conditions,,
43d0a7f75c8afab6d32ab6fd1f2ff8db49cca59e36971e2b74404173f4cbfcf2,stress,domain_aggregate,AR1,all_lengths,,,,GPH::narrow_band,polynomial_trend__order_2__strength_1,absolute_error_inflation,,0.2782075954974398,0.2729860755026823,0.2834066752444933,joint_parent_percentile,,0.0026434753183943,2000,2000,0,fixed_equal_cell_weights__common_complete_all_declared_methods_conditions,,
43d0a7f75c8afab6d32ab6fd1f2ff8db49cca59e36971e2b74404173f4cbfcf2,stress,domain_aggregate,AR1,all_lengths,,,,GPH::wider_band,polynomial_trend__order_2__strength_1,absolute_error_inflation,,0.1804992722378309,0.1768918675999271,0.184126845671697,joint_parent_percentile,,0.0018070436290682,2000,2000,0,fixed_equal_cell_weights__common_complete_all_declared_methods_conditions,,
43d0a7f75c8afab6d32ab6fd1f2ff8db49cca59e36971e2b74404173f4cbfcf2,stress,domain_aggregate,AR1,all_lengths,,,,Higuchi,polynomial_trend__order_2__strength_1,absolute_error_inflation,,0.0902113451563061,0.0887828763521132,0.09171361520166,joint_parent_percentile,,0.0007623984529218,2000,2000,0,fixed_equal_cell_weights__common_complete_all_declared_methods_conditions,,
43d0a7f75c8afab6d32ab6fd1f2ff8db49cca59e36971e2b74404173f4cbfcf2,stress,domain_aggregate,AR1,all_lengths,,,,Higuchi::centered,polynomial_trend__order_2__strength_1,absolute_error_inflation,,0.096406011909233,0.0948606802365963,0.0979159206173443,joint_parent_percentile,,0.0007780254628708,2000,2000,0,fixed_equal_cell_weights__common_complete_all_declared_methods_conditions,,
43d0a7f75c8afab6d32ab6fd1f2ff8db49cca59e36971e2b74404173f4cbfcf2,stress,domain_aggregate,AR1,all_lengths,,,,ModifiedLocalWhittle,polynomial_trend__order_2__strength_1,absolute_error_inflation,,0.0774196473838589,0.0756013128495007,0.0792067115310903,joint_parent_percentile,,0.0009251105852092,2000,2000,0,fixed_equal_cell_weights__common_complete_all_declared_methods_conditions,,
43d0a7f75c8afab6d32ab6fd1f2ff8db49cca59e36971e2b74404173f4cbfcf2,stress,domain_aggregate,AR1,all_lengths,,,,RS,polynomial_trend__order_2__strength_1,absolute_error_inflation,,0.0293968945187725,0.0282644156568298,0.0305142370909333,joint_parent_percentile,,0.0005837260787059,2000,2000,0,fixed_equal_cell_weights__common_complete_all_declared_methods_conditions,,
43d0a7f75c8afab6d32ab6fd1f2ff8db49cca59e36971e2b74404173f4cbfcf2,stress,domain_aggregate,AR1,all_lengths,,,,Variance,polynomial_trend__order_2__strength_1,absolute_error_inflation,,0.1383702496224262,0.1318216748446106,0.1445642469040348,joint_parent_percentile,,0.0032522345210288,2000,2000,0,fixed_equal_cell_weights__common_complete_all_declared_methods_conditions,,
43d0a7f75c8afab6d32ab6fd1f2ff8db49cca59e36971e2b74404173f4cbfcf2,stress,domain_aggregate,AR1,all_lengths,,,,VarianceResidual,polynomial_trend__order_2__strength_1,absolute_error_inflation,,0.0356465633145954,0.0338953084011661,0.0374951490732839,joint_parent_percentile,,0.0009389378358783,2000,2000,0,fixed_equal_cell_weights__common_complete_all_declared_methods_conditions,,
43d0a7f75c8afab6d32ab6fd1f2ff8db49cca59e36971e2b74404173f4cbfcf2,stress,domain_aggregate,AR1,all_lengths,,,,WaveletOLS::broad_band,polynomial_trend__order_2__strength_1,absolute_error_inflation,,0.0081854662831326,0.0070977522523575,0.009254348777315,joint_parent_percentile,,0.0005530968200828,2000,2000,0,fixed_equal_cell_weights__common_complete_all_declared_methods_conditions,,
43d0a7f75c8afab6d32ab6fd1f2ff8db49cca59e36971e2b74404173f4cbfcf2,stress,domain_aggregate,AR1,all_lengths,,,,WaveletOLS::conservative_band,polynomial_trend__order_2__strength_1,absolute_error_inflation,,0.000181931022994,-3.896241420782986e-05,0.0004015245650173,joint_parent_percentile,,0.0001130438465802,2000,2000,0,fixed_equal_cell_weights__common_complete_all_declared_methods_conditions,,
43d0a7f75c8afab6d32ab6fd1f2ff8db49cca59e36971e2b74404173f4cbfcf2,stress,domain_aggregate,AR1,all_lengths,,,,WaveletOLS::upper_band,polynomial_trend__order_2__strength_1,absolute_error_inflation,,0.0011745060522006,0.000846530189044,0.0015253983188067,joint_parent_percentile,,0.0001744131711793,2000,2000,0,fixed_equal_cell_weights__common_complete_all_declared_methods_conditions,,
43d0a7f75c8afab6d32ab6fd1f2ff8db49cca59e36971e2b74404173f4cbfcf2,stress,domain_aggregate,AR1,all_lengths,,,,WhittleMLE,polynomial_trend__order_2__strength_1,absolute_error_inflation,,0.0771060620864629,0.0752942637535081,0.0789150500700084,joint_parent_percentile,,0.0009270764261669,2000,2000,0,fixed_equal_cell_weights__common_complete_all_declared_methods_conditions,,
43d0a7f75c8afab6d32ab6fd1f2ff8db49cca59e36971e2b74404173f4cbfcf2,stress,domain_aggregate,AR1,all_lengths,,,,AbsoluteMoment,step_change__position_0.25__shift_0.5,absolute_error_inflation,,0.0222833722114877,0.0147472798293868,0.02946427992226,joint_parent_percentile,,0.0037312988995317,2000,2000,0,fixed_equal_cell_weights__common_complete_all_declared_methods_conditions,,
43d0a7f75c8afab6d32ab6fd1f2ff8db49cca59e36971e2b74404173f4cbfcf2,stress,domain_aggregate,AR1,all_lengths,,,,DFA::balanced_scales,step_change__position_0.25__shift_0.5,absolute_error_inflation,,0.0018548910036231,0.0014587658066719,0.0022423348353363,joint_parent_percentile,,0.000198309788206,2000,2000,0,fixed_equal_cell_weights__common_complete_all_declared_methods_conditions,,
43d0a7f75c8afab6d32ab6fd1f2ff8db49cca59e36971e2b74404173f4cbfcf2,stress,domain_aggregate,AR1,all_lengths,,,,DFA::long_scales,step_change__position_0.25__shift_0.5,absolute_error_inflation,,0.0097402752659354,0.0082777325446209,0.0112065518166702,joint_parent_percentile,,0.0007404740970986,2000,2000,0,fixed_equal_cell_weights__common_complete_all_declared_methods_conditions,,
43d0a7f75c8afab6d32ab6fd1f2ff8db49cca59e36971e2b74404173f4cbfcf2,stress,domain_aggregate,AR1,all_lengths,,,,DFA::short_scales,step_change__position_0.25__shift_0.5,absolute_error_inflation,,0.0026279504329321,0.0021105479635892,0.0031307069454802,joint_parent_percentile,,0.0002650537193384,2000,2000,0,fixed_equal_cell_weights__common_complete_all_declared_methods_conditions,,
43d0a7f75c8afab6d32ab6fd1f2ff8db49cca59e36971e2b74404173f4cbfcf2,stress,domain_aggregate,AR1,all_lengths,,,,DMA::balanced_windows,step_change__position_0.25__shift_0.5,absolute_error_inflation,,0.022819843686524,0.020699723844711,0.024869941926254,joint_parent_percentile,,0.0010839705277278,2000,2000,0,fixed_equal_cell_weights__common_complete_all_declared_methods_conditions,,
43d0a7f75c8afab6d32ab6fd1f2ff8db49cca59e36971e2b74404173f4cbfcf2,stress,domain_aggregate,AR1,all_lengths,,,,DMA::long_windows,step_change__position_0.25__shift_0.5,absolute_error_inflation,,0.0134416894869054,0.0106499402007691,0.0160906486484847,joint_parent_percentile,,0.0013780662314669,2000,2000,0,fixed_equal_cell_weights__common_complete_all_declared_methods_conditions,,
43d0a7f75c8afab6d32ab6fd1f2ff8db49cca59e36971e2b74404173f4cbfcf2,stress,domain_aggregate,AR1,all_lengths,,,,DMA::short_windows,step_change__position_0.25__shift_0.5,absolute_error_inflation,,0.0223007627699193,0.0205166601020139,0.0239746741964618,joint_parent_percentile,,0.0008934229123111,2000,2000,0,fixed_equal_cell_weights__common_complete_all_declared_methods_conditions,,
43d0a7f75c8afab6d32ab6fd1f2ff8db49cca59e36971e2b74404173f4cbfcf2,stress,domain_aggregate,AR1,all_lengths,,,,GHE,step_change__position_0.25__shift_0.5,absolute_error_inflation,,0.066774498396937,0.0647255720498771,0.0687158170765983,joint_parent_percentile,,0.0010137092210829,2000,2000,0,fixed_equal_cell_weights__common_complete_all_declared_methods_conditions,,
43d0a7f75c8afab6d32ab6fd1f2ff8db49cca59e36971e2b74404173f4cbfcf2,stress,domain_aggregate,AR1,all_lengths,,,,GHE::centered,step_change__position_0.25__shift_0.5,absolute_error_inflation,,0.0199965196790798,0.0186065109959132,0.021289569742872,joint_parent_percentile,,0.000691100334875,2000,2000,0,fixed_equal_cell_weights__common_complete_all_declared_methods_conditions,,
43d0a7f75c8afab6d32ab6fd1f2ff8db49cca59e36971e2b74404173f4cbfcf2,stress,domain_aggregate,AR1,all_lengths,,,,GPH::narrow_band,step_change__position_0.25__shift_0.5,absolute_error_inflation,,0.0315481867617166,0.0274087482560357,0.0354096285433343,joint_parent_percentile,,0.0020299533352106,2000,2000,0,fixed_equal_cell_weights__common_complete_all_declared_methods_conditions,,
43d0a7f75c8afab6d32ab6fd1f2ff8db49cca59e36971e2b74404173f4cbfcf2,stress,domain_aggregate,AR1,all_lengths,,,,GPH::wider_band,step_change__position_0.25__shift_0.5,absolute_error_inflation,,0.0241932015044115,0.0216429183073046,0.0265895759715342,joint_parent_percentile,,0.0012591790355972,2000,2000,0,fixed_equal_cell_weights__common_complete_all_declared_methods_conditions,,
43d0a7f75c8afab6d32ab6fd1f2ff8db49cca59e36971e2b74404173f4cbfcf2,stress,domain_aggregate,AR1,all_lengths,,,,Higuchi,step_change__position_0.25__shift_0.5,absolute_error_inflation,,0.0414926746481899,0.0400874173030994,0.0428454266716285,joint_parent_percentile,,0.0006984671013115,2000,2000,0,fixed_equal_cell_weights__common_complete_all_declared_methods_conditions,,
43d0a7f75c8afab6d32ab6fd1f2ff8db49cca59e36971e2b74404173f4cbfcf2,stress,domain_aggregate,AR1,all_lengths,,,,Higuchi::centered,step_change__position_0.25__shift_0.5,absolute_error_inflation,,0.0119832336426269,0.0110679210346543,0.0128664246281156,joint_parent_percentile,,0.000455067952344,2000,2000,0,fixed_equal_cell_weights__common_complete_all_declared_methods_conditions,,
43d0a7f75c8afab6d32ab6fd1f2ff8db49cca59e36971e2b74404173f4cbfcf2,stress,domain_aggregate,AR1,all_lengths,,,,ModifiedLocalWhittle,step_change__position_0.25__shift_0.5,absolute_error_inflation,,0.0117209288189976,0.0108217262101512,0.0125513900046546,joint_parent_percentile,,0.0004379163485156,2000,2000,0,fixed_equal_cell_weights__common_complete_all_declared_methods_conditions,,
43d0a7f75c8afab6d32ab6fd1f2ff8db49cca59e36971e2b74404173f4cbfcf2,stress,domain_aggregate,AR1,all_lengths,,,,RS,step_change__position_0.25__shift_0.5,absolute_error_inflation,,0.0059320784183872,0.0052268902591577,0.0066681007405325,joint_parent_percentile,,0.000364032863444,2000,2000,0,fixed_equal_cell_weights__common_complete_all_declared_methods_conditions,,
43d0a7f75c8afab6d32ab6fd1f2ff8db49cca59e36971e2b74404173f4cbfcf2,stress,domain_aggregate,AR1,all_lengths,,,,Variance,step_change__position_0.25__shift_0.5,absolute_error_inflation,,0.0303876448061179,0.0234031186730884,0.0371854204451957,joint_parent_percentile,,0.0035044335146958,2000,2000,0,fixed_equal_cell_weights__common_complete_all_declared_methods_conditions,,
43d0a7f75c8afab6d32ab6fd1f2ff8db49cca59e36971e2b74404173f4cbfcf2,stress,domain_aggregate,AR1,all_lengths,,,,VarianceResidual,step_change__position_0.25__shift_0.5,absolute_error_inflation,,0.0059412506051204,0.00497391739917,0.0068979830836831,joint_parent_percentile,,0.0004978858141408,2000,2000,0,fixed_equal_cell_weights__common_complete_all_declared_methods_conditions,,
43d0a7f75c8afab6d32ab6fd1f2ff8db49cca59e36971e2b74404173f4cbfcf2,stress,domain_aggregate,AR1,all_lengths,,,,WaveletOLS::broad_band,step_change__position_0.25__shift_0.5,absolute_error_inflation,,0.0010684625084054,0.0005028888794357,0.001625873806853,joint_parent_percentile,,0.0002851262215746,2000,2000,0,fixed_equal_cell_weights__common_complete_all_declared_methods_conditions,,
43d0a7f75c8afab6d32ab6fd1f2ff8db49cca59e36971e2b74404173f4cbfcf2,stress,domain_aggregate,AR1,all_lengths,,,,WaveletOLS::conservative_band,step_change__position_0.25__shift_0.5,absolute_error_inflation,,-0.0005569776940095,-0.0009663452860196,-0.0001608889514961,joint_parent_percentile,,0.0002037986832793,2000,2000,0,fixed_equal_cell_weights__common_complete_all_declared_methods_conditions,,
43d0a7f75c8afab6d32ab6fd1f2ff8db49cca59e36971e2b74404173f4cbfcf2,stress,domain_aggregate,AR1,all_lengths,,,,WaveletOLS::upper_band,step_change__position_0.25__shift_0.5,absolute_error_inflation,,0.0002844138585171,-6.681517861464176e-05,0.000630261350234,joint_parent_percentile,,0.0001813824537637,2000,2000,0,fixed_equal_cell_weights__common_complete_all_declared_methods_conditions,,
43d0a7f75c8afab6d32ab6fd1f2ff8db49cca59e36971e2b74404173f4cbfcf2,stress,domain_aggregate,AR1,all_lengths,,,,WhittleMLE,step_change__position_0.25__shift_0.5,absolute_error_inflation,,0.0117291594001243,0.0108229504759204,0.0125590566607471,joint_parent_percentile,,0.0004394758563239,2000,2000,0,fixed_equal_cell_weights__common_complete_all_declared_methods_conditions,,
43d0a7f75c8afab6d32ab6fd1f2ff8db49cca59e36971e2b74404173f4cbfcf2,stress,domain_aggregate,AR1,all_lengths,,,,AbsoluteMoment,step_change__position_0.25__shift_1,absolute_error_inflation,,0.0970745399033165,0.0903200055717536,0.1034888419676151,joint_parent_percentile,,0.0032939645383728,2000,2000,0,fixed_equal_cell_weights__common_complete_all_declared_methods_conditions,,
43d0a7f75c8afab6d32ab6fd1f2ff8db49cca59e36971e2b74404173f4cbfcf2,stress,domain_aggregate,AR1,all_lengths,,,,DFA::balanced_scales,step_change__position_0.25__shift_1,absolute_error_inflation,,0.0079005662055449,0.0071263847088322,0.0086514165368614,joint_parent_percentile,,0.0003856130319877,2000,2000,0,fixed_equal_cell_weights__common_complete_all_declared_methods_conditions,,
43d0a7f75c8afab6d32ab6fd1f2ff8db49cca59e36971e2b74404173f4cbfcf2,stress,domain_aggregate,AR1,all_lengths,,,,DFA::long_scales,step_change__position_0.25__shift_1,absolute_error_inflation,,0.036353156885883,0.0338604851437589,0.0387626520639569,joint_parent_percentile,,0.0012604151855629,2000,2000,0,fixed_equal_cell_weights__common_complete_all_declared_methods_conditions,,
43d0a7f75c8afab6d32ab6fd1f2ff8db49cca59e36971e2b74404173f4cbfcf2,stress,domain_aggregate,AR1,all_lengths,,,,DFA::short_scales,step_change__position_0.25__shift_1,absolute_error_inflation,,0.0109245948265257,0.0099329004445208,0.0118935421553795,joint_parent_percentile,,0.0005085177762217,2000,2000,0,fixed_equal_cell_weights__common_complete_all_declared_methods_conditions,,
43d0a7f75c8afab6d32ab6fd1f2ff8db49cca59e36971e2b74404173f4cbfcf2,stress,domain_aggregate,AR1,all_lengths,,,,DMA::balanced_windows,step_change__position_0.25__shift_1,absolute_error_inflation,,0.0700034785927072,0.0670045122886243,0.0728421240581222,joint_parent_percentile,,0.0015155181378344,2000,2000,0,fixed_equal_cell_weights__common_complete_all_declared_methods_conditions,,
43d0a7f75c8afab6d32ab6fd1f2ff8db49cca59e36971e2b74404173f4cbfcf2,stress,domain_aggregate,AR1,all_lengths,,,,DMA::long_windows,step_change__position_0.25__shift_1,absolute_error_inflation,,0.0521358525815238,0.0484004918115102,0.0556837771038678,joint_parent_percentile,,0.0018636530175859,2000,2000,0,fixed_equal_cell_weights__common_complete_all_declared_methods_conditions,,
43d0a7f75c8afab6d32ab6fd1f2ff8db49cca59e36971e2b74404173f4cbfcf2,stress,domain_aggregate,AR1,all_lengths,,,,DMA::short_windows,step_change__position_0.25__shift_1,absolute_error_inflation,,0.0680411942628831,0.0654090823536156,0.0704298633297345,joint_parent_percentile,,0.001292530256159,2000,2000,0,fixed_equal_cell_weights__common_complete_all_declared_methods_conditions,,
43d0a7f75c8afab6d32ab6fd1f2ff8db49cca59e36971e2b74404173f4cbfcf2,stress,domain_aggregate,AR1,all_lengths,,,,GHE,step_change__position_0.25__shift_1,absolute_error_inflation,,0.1373252427931185,0.135256021369196,0.13934950333295,joint_parent_percentile,,0.0010252752219185,2000,2000,0,fixed_equal_cell_weights__common_complete_all_declared_methods_conditions,,
43d0a7f75c8afab6d32ab6fd1f2ff8db49cca59e36971e2b74404173f4cbfcf2,stress,domain_aggregate,AR1,all_lengths,,,,GHE::centered,step_change__position_0.25__shift_1,absolute_error_inflation,,0.058148866239242,0.0562515379870926,0.0599233056953528,joint_parent_percentile,,0.0009485713585168,2000,2000,0,fixed_equal_cell_weights__common_complete_all_declared_methods_conditions,,
43d0a7f75c8afab6d32ab6fd1f2ff8db49cca59e36971e2b74404173f4cbfcf2,stress,domain_aggregate,AR1,all_lengths,,,,GPH::narrow_band,step_change__position_0.25__shift_1,absolute_error_inflation,,0.1077192914750785,0.102472008009663,0.1124315051521828,joint_parent_percentile,,0.0025120058675068,2000,2000,0,fixed_equal_cell_weights__common_complete_all_declared_methods_conditions,,
43d0a7f75c8afab6d32ab6fd1f2ff8db49cca59e36971e2b74404173f4cbfcf2,stress,domain_aggregate,AR1,all_lengths,,,,GPH::wider_band,step_change__position_0.25__shift_1,absolute_error_inflation,,0.0719231063824198,0.0687241804510376,0.0748104843704057,joint_parent_percentile,,0.0015740700159653,2000,2000,0,fixed_equal_cell_weights__common_complete_all_declared_methods_conditions,,
43d0a7f75c8afab6d32ab6fd1f2ff8db49cca59e36971e2b74404173f4cbfcf2,stress,domain_aggregate,AR1,all_lengths,,,,Higuchi,step_change__position_0.25__shift_1,absolute_error_inflation,,0.0987688756087693,0.0972089258021356,0.1002433519245455,joint_parent_percentile,,0.0007783663915035,2000,2000,0,fixed_equal_cell_weights__common_complete_all_declared_methods_conditions,,
43d0a7f75c8afab6d32ab6fd1f2ff8db49cca59e36971e2b74404173f4cbfcf2,stress,domain_aggregate,AR1,all_lengths,,,,Higuchi::centered,step_change__position_0.25__shift_1,absolute_error_inflation,,0.0384016080116893,0.0370456080704621,0.0397093339778001,joint_parent_percentile,,0.0006820615319706,2000,2000,0,fixed_equal_cell_weights__common_complete_all_declared_methods_conditions,,
43d0a7f75c8afab6d32ab6fd1f2ff8db49cca59e36971e2b74404173f4cbfcf2,stress,domain_aggregate,AR1,all_lengths,,,,ModifiedLocalWhittle,step_change__position_0.25__shift_1,absolute_error_inflation,,0.0355469991698132,0.0342267327312267,0.0367832024157371,joint_parent_percentile,,0.0006482685016463,2000,2000,0,fixed_equal_cell_weights__common_complete_all_declared_methods_conditions,,
43d0a7f75c8afab6d32ab6fd1f2ff8db49cca59e36971e2b74404173f4cbfcf2,stress,domain_aggregate,AR1,all_lengths,,,,RS,step_change__position_0.25__shift_1,absolute_error_inflation,,0.0192428590602151,0.0182075948017653,0.0203080177859571,joint_parent_percentile,,0.0005335457097867,2000,2000,0,fixed_equal_cell_weights__common_complete_all_declared_methods_conditions,,
43d0a7f75c8afab6d32ab6fd1f2ff8db49cca59e36971e2b74404173f4cbfcf2,stress,domain_aggregate,AR1,all_lengths,,,,Variance,step_change__position_0.25__shift_1,absolute_error_inflation,,0.1133257446602314,0.1068004114847546,0.1196203468658789,joint_parent_percentile,,0.0032738942262177,2000,2000,0,fixed_equal_cell_weights__common_complete_all_declared_methods_conditions,,
43d0a7f75c8afab6d32ab6fd1f2ff8db49cca59e36971e2b74404173f4cbfcf2,stress,domain_aggregate,AR1,all_lengths,,,,VarianceResidual,step_change__position_0.25__shift_1,absolute_error_inflation,,0.0223753508578821,0.0207184165534819,0.0240069511111491,joint_parent_percentile,,0.000861647892787,2000,2000,0,fixed_equal_cell_weights__common_complete_all_declared_methods_conditions,,
43d0a7f75c8afab6d32ab6fd1f2ff8db49cca59e36971e2b74404173f4cbfcf2,stress,domain_aggregate,AR1,all_lengths,,,,WaveletOLS::broad_band,step_change__position_0.25__shift_1,absolute_error_inflation,,0.0044319649233142,0.0033172231117346,0.0055121102981784,joint_parent_percentile,,0.0005552380459423,2000,2000,0,fixed_equal_cell_weights__common_complete_all_declared_methods_conditions,,
43d0a7f75c8afab6d32ab6fd1f2ff8db49cca59e36971e2b74404173f4cbfcf2,stress,domain_aggregate,AR1,all_lengths,,,,WaveletOLS::conservative_band,step_change__position_0.25__shift_1,absolute_error_inflation,,-0.0018590388071527,-0.0026669863328938,-0.0010707252631358,joint_parent_percentile,,0.0004050763600093,2000,2000,0,fixed_equal_cell_weights__common_complete_all_declared_methods_conditions,,
43d0a7f75c8afab6d32ab6fd1f2ff8db49cca59e36971e2b74404173f4cbfcf2,stress,domain_aggregate,AR1,all_lengths,,,,WaveletOLS::upper_band,step_change__position_0.25__shift_1,absolute_error_inflation,,0.0012121530698105,0.0005231475442927,0.0019118812184971,joint_parent_percentile,,0.0003586526416916,2000,2000,0,fixed_equal_cell_weights__common_complete_all_declared_methods_conditions,,
43d0a7f75c8afab6d32ab6fd1f2ff8db49cca59e36971e2b74404173f4cbfcf2,stress,domain_aggregate,AR1,all_lengths,,,,WhittleMLE,step_change__position_0.25__shift_1,absolute_error_inflation,,0.0355172154115523,0.0341804327762882,0.0367539004396983,joint_parent_percentile,,0.0006500842166363,2000,2000,0,fixed_equal_cell_weights__common_complete_all_declared_methods_conditions,,
43d0a7f75c8afab6d32ab6fd1f2ff8db49cca59e36971e2b74404173f4cbfcf2,stress,domain_aggregate,AR1,all_lengths,,,,AbsoluteMoment,step_change__position_0.25__shift_2,absolute_error_inflation,,0.2129684452580825,0.2065904909491094,0.2188783655360958,joint_parent_percentile,,0.0031741493421895,2000,2000,0,fixed_equal_cell_weights__common_complete_all_declared_methods_conditions,,
43d0a7f75c8afab6d32ab6fd1f2ff8db49cca59e36971e2b74404173f4cbfcf2,stress,domain_aggregate,AR1,all_lengths,,,,DFA::balanced_scales,step_change__position_0.25__shift_2,absolute_error_inflation,,0.0292324928078855,0.0278711126114181,0.030595442670677,joint_parent_percentile,,0.0006898965106858,2000,2000,0,fixed_equal_cell_weights__common_complete_all_declared_methods_conditions,,
43d0a7f75c8afab6d32ab6fd1f2ff8db49cca59e36971e2b74404173f4cbfcf2,stress,domain_aggregate,AR1,all_lengths,,,,DFA::long_scales,step_change__position_0.25__shift_2,absolute_error_inflation,,0.1092001597555539,0.1059044536700566,0.1122254193709047,joint_parent_percentile,,0.0016202486711391,2000,2000,0,fixed_equal_cell_weights__common_complete_all_declared_methods_conditions,,
43d0a7f75c8afab6d32ab6fd1f2ff8db49cca59e36971e2b74404173f4cbfcf2,stress,domain_aggregate,AR1,all_lengths,,,,DFA::short_scales,step_change__position_0.25__shift_2,absolute_error_inflation,,0.0407501817075165,0.0390264498167188,0.042412436258701,joint_parent_percentile,,0.0008649916992202,2000,2000,0,fixed_equal_cell_weights__common_complete_all_declared_methods_conditions,,
43d0a7f75c8afab6d32ab6fd1f2ff8db49cca59e36971e2b74404173f4cbfcf2,stress,domain_aggregate,AR1,all_lengths,,,,DMA::balanced_windows,step_change__position_0.25__shift_2,absolute_error_inflation,,0.1452988913269121,0.1419810235810254,0.1483400965702914,joint_parent_percentile,,0.0016043048371463,2000,2000,0,fixed_equal_cell_weights__common_complete_all_declared_methods_conditions,,
43d0a7f75c8afab6d32ab6fd1f2ff8db49cca59e36971e2b74404173f4cbfcf2,stress,domain_aggregate,AR1,all_lengths,,,,DMA::long_windows,step_change__position_0.25__shift_2,absolute_error_inflation,,0.1192256524772402,0.1154635672576059,0.1229489337568756,joint_parent_percentile,,0.0019041556565643,2000,2000,0,fixed_equal_cell_weights__common_complete_all_declared_methods_conditions,,
43d0a7f75c8afab6d32ab6fd1f2ff8db49cca59e36971e2b74404173f4cbfcf2,stress,domain_aggregate,AR1,all_lengths,,,,DMA::short_windows,step_change__position_0.25__shift_2,absolute_error_inflation,,0.1426518401567116,0.1397804591465488,0.1453208449003551,joint_parent_percentile,,0.0013893971145835,2000,2000,0,fixed_equal_cell_weights__common_complete_all_declared_methods_conditions,,
43d0a7f75c8afab6d32ab6fd1f2ff8db49cca59e36971e2b74404173f4cbfcf2,stress,domain_aggregate,AR1,all_lengths,,,,GHE,step_change__position_0.25__shift_2,absolute_error_inflation,,0.1826861162245979,0.1808904967415862,0.1844350024473426,joint_parent_percentile,,0.0009257340709312,2000,2000,0,fixed_equal_cell_weights__common_complete_all_declared_methods_conditions,,
43d0a7f75c8afab6d32ab6fd1f2ff8db49cca59e36971e2b74404173f4cbfcf2,stress,domain_aggregate,AR1,all_lengths,,,,GHE::centered,step_change__position_0.25__shift_2,absolute_error_inflation,,0.1182367132502187,0.1162268121050569,0.1201518927384732,joint_parent_percentile,,0.0010019883181863,2000,2000,0,fixed_equal_cell_weights__common_complete_all_declared_methods_conditions,,
43d0a7f75c8afab6d32ab6fd1f2ff8db49cca59e36971e2b74404173f4cbfcf2,stress,domain_aggregate,AR1,all_lengths,,,,GPH::narrow_band,step_change__position_0.25__shift_2,absolute_error_inflation,,0.2457933443515647,0.2405327466107698,0.2508236748788867,joint_parent_percentile,,0.0026030369870496,2000,2000,0,fixed_equal_cell_weights__common_complete_all_declared_methods_conditions,,
43d0a7f75c8afab6d32ab6fd1f2ff8db49cca59e36971e2b74404173f4cbfcf2,stress,domain_aggregate,AR1,all_lengths,,,,GPH::wider_band,step_change__position_0.25__shift_2,absolute_error_inflation,,0.1590150413311172,0.1554774777661743,0.1622421388666282,joint_parent_percentile,,0.0017603946888323,2000,2000,0,fixed_equal_cell_weights__common_complete_all_declared_methods_conditions,,
43d0a7f75c8afab6d32ab6fd1f2ff8db49cca59e36971e2b74404173f4cbfcf2,stress,domain_aggregate,AR1,all_lengths,,,,Higuchi,step_change__position_0.25__shift_2,absolute_error_inflation,,0.1416826948679723,0.1402500335538337,0.1431102915245178,joint_parent_percentile,,0.0007140702051873,2000,2000,0,fixed_equal_cell_weights__common_complete_all_declared_methods_conditions,,
43d0a7f75c8afab6d32ab6fd1f2ff8db49cca59e36971e2b74404173f4cbfcf2,stress,domain_aggregate,AR1,all_lengths,,,,Higuchi::centered,step_change__position_0.25__shift_2,absolute_error_inflation,,0.0870943017393873,0.0855782846799386,0.0884764972694954,joint_parent_percentile,,0.0007579906712856,2000,2000,0,fixed_equal_cell_weights__common_complete_all_declared_methods_conditions,,
43d0a7f75c8afab6d32ab6fd1f2ff8db49cca59e36971e2b74404173f4cbfcf2,stress,domain_aggregate,AR1,all_lengths,,,,ModifiedLocalWhittle,step_change__position_0.25__shift_2,absolute_error_inflation,,0.0723152520063598,0.0706435335320357,0.0740031767032686,joint_parent_percentile,,0.0008715248792635,2000,2000,0,fixed_equal_cell_weights__common_complete_all_declared_methods_conditions,,
43d0a7f75c8afab6d32ab6fd1f2ff8db49cca59e36971e2b74404173f4cbfcf2,stress,domain_aggregate,AR1,all_lengths,,,,RS,step_change__position_0.25__shift_2,absolute_error_inflation,,0.0448174037747302,0.0437431768922714,0.0459110137095366,joint_parent_percentile,,0.0005571554708369,2000,2000,0,fixed_equal_cell_weights__common_complete_all_declared_methods_conditions,,
43d0a7f75c8afab6d32ab6fd1f2ff8db49cca59e36971e2b74404173f4cbfcf2,stress,domain_aggregate,AR1,all_lengths,,,,Variance,step_change__position_0.25__shift_2,absolute_error_inflation,,0.2340538006361273,0.2277293149914784,0.2400899689782647,joint_parent_percentile,,0.0031385224453443,2000,2000,0,fixed_equal_cell_weights__common_complete_all_declared_methods_conditions,,
43d0a7f75c8afab6d32ab6fd1f2ff8db49cca59e36971e2b74404173f4cbfcf2,stress,domain_aggregate,AR1,all_lengths,,,,VarianceResidual,step_change__position_0.25__shift_2,absolute_error_inflation,,0.0686381736012855,0.0664148067792822,0.0707374438293228,joint_parent_percentile,,0.0011351622659687,2000,2000,0,fixed_equal_cell_weights__common_complete_all_declared_methods_conditions,,
43d0a7f75c8afab6d32ab6fd1f2ff8db49cca59e36971e2b74404173f4cbfcf2,stress,domain_aggregate,AR1,all_lengths,,,,WaveletOLS::broad_band,step_change__position_0.25__shift_2,absolute_error_inflation,,0.0170829268202845,0.015027128815953,0.0190646795420881,joint_parent_percentile,,0.0010107308768545,2000,2000,0,fixed_equal_cell_weights__common_complete_all_declared_methods_conditions,,
43d0a7f75c8afab6d32ab6fd1f2ff8db49cca59e36971e2b74404173f4cbfcf2,stress,domain_aggregate,AR1,all_lengths,,,,WaveletOLS::conservative_band,step_change__position_0.25__shift_2,absolute_error_inflation,,-0.0062432349231679,-0.0078184697228833,-0.0047107683132219,joint_parent_percentile,,0.0007877187388679,2000,2000,0,fixed_equal_cell_weights__common_complete_all_declared_methods_conditions,,
43d0a7f75c8afab6d32ab6fd1f2ff8db49cca59e36971e2b74404173f4cbfcf2,stress,domain_aggregate,AR1,all_lengths,,,,WaveletOLS::upper_band,step_change__position_0.25__shift_2,absolute_error_inflation,,0.0049025383600501,0.0035654774311433,0.0062701382147374,joint_parent_percentile,,0.0006893948417832,2000,2000,0,fixed_equal_cell_weights__common_complete_all_declared_methods_conditions,,
43d0a7f75c8afab6d32ab6fd1f2ff8db49cca59e36971e2b74404173f4cbfcf2,stress,domain_aggregate,AR1,all_lengths,,,,WhittleMLE,step_change__position_0.25__shift_2,absolute_error_inflation,,0.0720648296350822,0.0703768941778625,0.0737571144836,joint_parent_percentile,,0.0008732764143205,2000,2000,0,fixed_equal_cell_weights__common_complete_all_declared_methods_conditions,,
43d0a7f75c8afab6d32ab6fd1f2ff8db49cca59e36971e2b74404173f4cbfcf2,stress,domain_aggregate,AR1,all_lengths,,,,AbsoluteMoment,step_change__position_0.5__shift_0.5,absolute_error_inflation,,0.0320718404088649,0.0246984679738747,0.0389990228210612,joint_parent_percentile,,0.003657609519997,2000,2000,0,fixed_equal_cell_weights__common_complete_all_declared_methods_conditions,,
43d0a7f75c8afab6d32ab6fd1f2ff8db49cca59e36971e2b74404173f4cbfcf2,stress,domain_aggregate,AR1,all_lengths,,,,DFA::balanced_scales,step_change__position_0.5__shift_0.5,absolute_error_inflation,,0.006542864731157,0.0057884442590078,0.0072908448712441,joint_parent_percentile,,0.0003942781079674,2000,2000,0,fixed_equal_cell_weights__common_complete_all_declared_methods_conditions,,
43d0a7f75c8afab6d32ab6fd1f2ff8db49cca59e36971e2b74404173f4cbfcf2,stress,domain_aggregate,AR1,all_lengths,,,,DFA::long_scales,step_change__position_0.5__shift_0.5,absolute_error_inflation,,0.0084341786856185,0.0075013108249649,0.0093413038925221,joint_parent_percentile,,0.00047654823734,2000,2000,0,fixed_equal_cell_weights__common_complete_all_declared_methods_conditions,,
43d0a7f75c8afab6d32ab6fd1f2ff8db49cca59e36971e2b74404173f4cbfcf2,stress,domain_aggregate,AR1,all_lengths,,,,DFA::short_scales,step_change__position_0.5__shift_0.5,absolute_error_inflation,,0.0040839670308861,0.0035103209193144,0.0046267124757262,joint_parent_percentile,,0.0002841427638219,2000,2000,0,fixed_equal_cell_weights__common_complete_all_declared_methods_conditions,,
43d0a7f75c8afab6d32ab6fd1f2ff8db49cca59e36971e2b74404173f4cbfcf2,stress,domain_aggregate,AR1,all_lengths,,,,DMA::balanced_windows,step_change__position_0.5__shift_0.5,absolute_error_inflation,,0.04706776276688,0.0437547907282811,0.0502269517021624,joint_parent_percentile,,0.0016430841203732,2000,2000,0,fixed_equal_cell_weights__common_complete_all_declared_methods_conditions,,
43d0a7f75c8afab6d32ab6fd1f2ff8db49cca59e36971e2b74404173f4cbfcf2,stress,domain_aggregate,AR1,all_lengths,,,,DMA::long_windows,step_change__position_0.5__shift_0.5,absolute_error_inflation,,0.0428622425257248,0.0388305485048326,0.0467894729980001,joint_parent_percentile,,0.0020596369594578,2000,2000,0,fixed_equal_cell_weights__common_complete_all_declared_methods_conditions,,
43d0a7f75c8afab6d32ab6fd1f2ff8db49cca59e36971e2b74404173f4cbfcf2,stress,domain_aggregate,AR1,all_lengths,,,,DMA::short_windows,step_change__position_0.5__shift_0.5,absolute_error_inflation,,0.0373701523676956,0.0351716670063951,0.039583019666012,joint_parent_percentile,,0.0011126090897706,2000,2000,0,fixed_equal_cell_weights__common_complete_all_declared_methods_conditions,,
43d0a7f75c8afab6d32ab6fd1f2ff8db49cca59e36971e2b74404173f4cbfcf2,stress,domain_aggregate,AR1,all_lengths,,,,GHE,step_change__position_0.5__shift_0.5,absolute_error_inflation,,0.0467258375371897,0.0449040551989183,0.048492115492932,joint_parent_percentile,,0.0008905127515863,2000,2000,0,fixed_equal_cell_weights__common_complete_all_declared_methods_conditions,,
43d0a7f75c8afab6d32ab6fd1f2ff8db49cca59e36971e2b74404173f4cbfcf2,stress,domain_aggregate,AR1,all_lengths,,,,GHE::centered,step_change__position_0.5__shift_0.5,absolute_error_inflation,,0.0297124519663535,0.0280459084391042,0.0313806840462191,joint_parent_percentile,,0.0008560723769146,2000,2000,0,fixed_equal_cell_weights__common_complete_all_declared_methods_conditions,,
43d0a7f75c8afab6d32ab6fd1f2ff8db49cca59e36971e2b74404173f4cbfcf2,stress,domain_aggregate,AR1,all_lengths,,,,GPH::narrow_band,step_change__position_0.5__shift_0.5,absolute_error_inflation,,0.0418076062488566,0.0380149228575265,0.045606334615098,joint_parent_percentile,,0.0019560164326368,2000,2000,0,fixed_equal_cell_weights__common_complete_all_declared_methods_conditions,,
43d0a7f75c8afab6d32ab6fd1f2ff8db49cca59e36971e2b74404173f4cbfcf2,stress,domain_aggregate,AR1,all_lengths,,,,GPH::wider_band,step_change__position_0.5__shift_0.5,absolute_error_inflation,,0.0304067090117043,0.0281257145097166,0.0327038719878829,joint_parent_percentile,,0.0011631120549624,2000,2000,0,fixed_equal_cell_weights__common_complete_all_declared_methods_conditions,,
43d0a7f75c8afab6d32ab6fd1f2ff8db49cca59e36971e2b74404173f4cbfcf2,stress,domain_aggregate,AR1,all_lengths,,,,Higuchi,step_change__position_0.5__shift_0.5,absolute_error_inflation,,0.029082231355527,0.0278146881608601,0.0302905393444677,joint_parent_percentile,,0.0006238273198674,2000,2000,0,fixed_equal_cell_weights__common_complete_all_declared_methods_conditions,,
43d0a7f75c8afab6d32ab6fd1f2ff8db49cca59e36971e2b74404173f4cbfcf2,stress,domain_aggregate,AR1,all_lengths,,,,Higuchi::centered,step_change__position_0.5__shift_0.5,absolute_error_inflation,,0.0171954605850641,0.0160978515292079,0.0182951721188658,joint_parent_percentile,,0.0005458214898625,2000,2000,0,fixed_equal_cell_weights__common_complete_all_declared_methods_conditions,,
43d0a7f75c8afab6d32ab6fd1f2ff8db49cca59e36971e2b74404173f4cbfcf2,stress,domain_aggregate,AR1,all_lengths,,,,ModifiedLocalWhittle,step_change__position_0.5__shift_0.5,absolute_error_inflation,,0.0149660493026336,0.0140455567045178,0.0158767196787981,joint_parent_percentile,,0.0004607073934718,2000,2000,0,fixed_equal_cell_weights__common_complete_all_declared_methods_conditions,,
43d0a7f75c8afab6d32ab6fd1f2ff8db49cca59e36971e2b74404173f4cbfcf2,stress,domain_aggregate,AR1,all_lengths,,,,RS,step_change__position_0.5__shift_0.5,absolute_error_inflation,,0.0038810760830718,0.0033506390484198,0.0044132321733134,joint_parent_percentile,,0.0002693256081608,2000,2000,0,fixed_equal_cell_weights__common_complete_all_declared_methods_conditions,,
43d0a7f75c8afab6d32ab6fd1f2ff8db49cca59e36971e2b74404173f4cbfcf2,stress,domain_aggregate,AR1,all_lengths,,,,Variance,step_change__position_0.5__shift_0.5,absolute_error_inflation,,0.038896886728201,0.0318676652087577,0.0453862475012913,joint_parent_percentile,,0.0034090930016793,2000,2000,0,fixed_equal_cell_weights__common_complete_all_declared_methods_conditions,,
43d0a7f75c8afab6d32ab6fd1f2ff8db49cca59e36971e2b74404173f4cbfcf2,stress,domain_aggregate,AR1,all_lengths,,,,VarianceResidual,step_change__position_0.5__shift_0.5,absolute_error_inflation,,0.0061365898362438,0.0053817209080178,0.0069366811849476,joint_parent_percentile,,0.0003954536977146,2000,2000,0,fixed_equal_cell_weights__common_complete_all_declared_methods_conditions,,
43d0a7f75c8afab6d32ab6fd1f2ff8db49cca59e36971e2b74404173f4cbfcf2,stress,domain_aggregate,AR1,all_lengths,,,,WaveletOLS::broad_band,step_change__position_0.5__shift_0.5,absolute_error_inflation,,0.0012476247569448,0.0007330741021965,0.0017805117859156,joint_parent_percentile,,0.0002638279713391,2000,2000,0,fixed_equal_cell_weights__common_complete_all_declared_methods_conditions,,
43d0a7f75c8afab6d32ab6fd1f2ff8db49cca59e36971e2b74404173f4cbfcf2,stress,domain_aggregate,AR1,all_lengths,,,,WaveletOLS::conservative_band,step_change__position_0.5__shift_0.5,absolute_error_inflation,,2.3979287995842813e-05,-0.0003604766516843,0.00040509382312,joint_parent_percentile,,0.0001945514640609,2000,2000,0,fixed_equal_cell_weights__common_complete_all_declared_methods_conditions,,
43d0a7f75c8afab6d32ab6fd1f2ff8db49cca59e36971e2b74404173f4cbfcf2,stress,domain_aggregate,AR1,all_lengths,,,,WaveletOLS::upper_band,step_change__position_0.5__shift_0.5,absolute_error_inflation,,0.0007737001673497,0.0003826206114325,0.0011430804397406,joint_parent_percentile,,0.0001905633847997,2000,2000,0,fixed_equal_cell_weights__common_complete_all_declared_methods_conditions,,
43d0a7f75c8afab6d32ab6fd1f2ff8db49cca59e36971e2b74404173f4cbfcf2,stress,domain_aggregate,AR1,all_lengths,,,,WhittleMLE,step_change__position_0.5__shift_0.5,absolute_error_inflation,,0.0149718282279561,0.0140445461067152,0.0158819187420108,joint_parent_percentile,,0.000462370670489,2000,2000,0,fixed_equal_cell_weights__common_complete_all_declared_methods_conditions,,
43d0a7f75c8afab6d32ab6fd1f2ff8db49cca59e36971e2b74404173f4cbfcf2,stress,domain_aggregate,AR1,all_lengths,,,,AbsoluteMoment,step_change__position_0.5__shift_1,absolute_error_inflation,,0.1241265480608912,0.1173544421386135,0.1303166153404341,joint_parent_percentile,,0.0033864354750995,2000,2000,0,fixed_equal_cell_weights__common_complete_all_declared_methods_conditions,,
43d0a7f75c8afab6d32ab6fd1f2ff8db49cca59e36971e2b74404173f4cbfcf2,stress,domain_aggregate,AR1,all_lengths,,,,DFA::balanced_scales,step_change__position_0.5__shift_1,absolute_error_inflation,,0.0233290874898172,0.0219005273835411,0.0247362158410696,joint_parent_percentile,,0.0007363786440095,2000,2000,0,fixed_equal_cell_weights__common_complete_all_declared_methods_conditions,,
43d0a7f75c8afab6d32ab6fd1f2ff8db49cca59e36971e2b74404173f4cbfcf2,stress,domain_aggregate,AR1,all_lengths,,,,DFA::long_scales,step_change__position_0.5__shift_1,absolute_error_inflation,,0.0300050078146666,0.0283921076848924,0.0316208725972097,joint_parent_percentile,,0.0008327014413523,2000,2000,0,fixed_equal_cell_weights__common_complete_all_declared_methods_conditions,,
43d0a7f75c8afab6d32ab6fd1f2ff8db49cca59e36971e2b74404173f4cbfcf2,stress,domain_aggregate,AR1,all_lengths,,,,DFA::short_scales,step_change__position_0.5__shift_1,absolute_error_inflation,,0.014746296720379,0.013649859750735,0.0157930138966789,joint_parent_percentile,,0.0005451624264704,2000,2000,0,fixed_equal_cell_weights__common_complete_all_declared_methods_conditions,,
43d0a7f75c8afab6d32ab6fd1f2ff8db49cca59e36971e2b74404173f4cbfcf2,stress,domain_aggregate,AR1,all_lengths,,,,DMA::balanced_windows,step_change__position_0.5__shift_1,absolute_error_inflation,,0.131061940683589,0.1272191935303906,0.1348025607076902,joint_parent_percentile,,0.0019299569879916,2000,2000,0,fixed_equal_cell_weights__common_complete_all_declared_methods_conditions,,
43d0a7f75c8afab6d32ab6fd1f2ff8db49cca59e36971e2b74404173f4cbfcf2,stress,domain_aggregate,AR1,all_lengths,,,,DMA::long_windows,step_change__position_0.5__shift_1,absolute_error_inflation,,0.1344725176782543,0.1300504630490763,0.1390604720260984,joint_parent_percentile,,0.0022563644916156,2000,2000,0,fixed_equal_cell_weights__common_complete_all_declared_methods_conditions,,
43d0a7f75c8afab6d32ab6fd1f2ff8db49cca59e36971e2b74404173f4cbfcf2,stress,domain_aggregate,AR1,all_lengths,,,,DMA::short_windows,step_change__position_0.5__shift_1,absolute_error_inflation,,0.1036724092757322,0.1008490026209077,0.1064576358158774,joint_parent_percentile,,0.0014102892729216,2000,2000,0,fixed_equal_cell_weights__common_complete_all_declared_methods_conditions,,
43d0a7f75c8afab6d32ab6fd1f2ff8db49cca59e36971e2b74404173f4cbfcf2,stress,domain_aggregate,AR1,all_lengths,,,,GHE,step_change__position_0.5__shift_1,absolute_error_inflation,,0.1037433340638656,0.1018736562972769,0.1055813933025749,joint_parent_percentile,,0.0009280306354173,2000,2000,0,fixed_equal_cell_weights__common_complete_all_declared_methods_conditions,,
43d0a7f75c8afab6d32ab6fd1f2ff8db49cca59e36971e2b74404173f4cbfcf2,stress,domain_aggregate,AR1,all_lengths,,,,GHE::centered,step_change__position_0.5__shift_1,absolute_error_inflation,,0.084486006382138,0.0823109394355782,0.0866171470154977,joint_parent_percentile,,0.0011039687117719,2000,2000,0,fixed_equal_cell_weights__common_complete_all_declared_methods_conditions,,
43d0a7f75c8afab6d32ab6fd1f2ff8db49cca59e36971e2b74404173f4cbfcf2,stress,domain_aggregate,AR1,all_lengths,,,,GPH::narrow_band,step_change__position_0.5__shift_1,absolute_error_inflation,,0.112458382317616,0.1080425672952048,0.1166912221509926,joint_parent_percentile,,0.0022103712018885,2000,2000,0,fixed_equal_cell_weights__common_complete_all_declared_methods_conditions,,
43d0a7f75c8afab6d32ab6fd1f2ff8db49cca59e36971e2b74404173f4cbfcf2,stress,domain_aggregate,AR1,all_lengths,,,,GPH::wider_band,step_change__position_0.5__shift_1,absolute_error_inflation,,0.0742507521203614,0.0716995207900049,0.0768506526306745,joint_parent_percentile,,0.0013189437965119,2000,2000,0,fixed_equal_cell_weights__common_complete_all_declared_methods_conditions,,
43d0a7f75c8afab6d32ab6fd1f2ff8db49cca59e36971e2b74404173f4cbfcf2,stress,domain_aggregate,AR1,all_lengths,,,,Higuchi,step_change__position_0.5__shift_1,absolute_error_inflation,,0.073925482441499,0.0725143292166315,0.0752612768618688,joint_parent_percentile,,0.0007086731454386,2000,2000,0,fixed_equal_cell_weights__common_complete_all_declared_methods_conditions,,
43d0a7f75c8afab6d32ab6fd1f2ff8db49cca59e36971e2b74404173f4cbfcf2,stress,domain_aggregate,AR1,all_lengths,,,,Higuchi::centered,step_change__position_0.5__shift_1,absolute_error_inflation,,0.0542647781344895,0.0526682246058744,0.0558585876407553,joint_parent_percentile,,0.0008035945808205,2000,2000,0,fixed_equal_cell_weights__common_complete_all_declared_methods_conditions,,
43d0a7f75c8afab6d32ab6fd1f2ff8db49cca59e36971e2b74404173f4cbfcf2,stress,domain_aggregate,AR1,all_lengths,,,,ModifiedLocalWhittle,step_change__position_0.5__shift_1,absolute_error_inflation,,0.0415513886850806,0.0402080545596583,0.0428290431828132,joint_parent_percentile,,0.0006555774915581,2000,2000,0,fixed_equal_cell_weights__common_complete_all_declared_methods_conditions,,
43d0a7f75c8afab6d32ab6fd1f2ff8db49cca59e36971e2b74404173f4cbfcf2,stress,domain_aggregate,AR1,all_lengths,,,,RS,step_change__position_0.5__shift_1,absolute_error_inflation,,0.0129677507198141,0.012152477243434,0.013803189347011,joint_parent_percentile,,0.0004270252073576,2000,2000,0,fixed_equal_cell_weights__common_complete_all_declared_methods_conditions,,
43d0a7f75c8afab6d32ab6fd1f2ff8db49cca59e36971e2b74404173f4cbfcf2,stress,domain_aggregate,AR1,all_lengths,,,,Variance,step_change__position_0.5__shift_1,absolute_error_inflation,,0.1315501246679766,0.1248839319689881,0.137876245977515,joint_parent_percentile,,0.0033338546102283,2000,2000,0,fixed_equal_cell_weights__common_complete_all_declared_methods_conditions,,
43d0a7f75c8afab6d32ab6fd1f2ff8db49cca59e36971e2b74404173f4cbfcf2,stress,domain_aggregate,AR1,all_lengths,,,,VarianceResidual,step_change__position_0.5__shift_1,absolute_error_inflation,,0.0226265122952674,0.0212778630099105,0.024031610226943,joint_parent_percentile,,0.0007002002464995,2000,2000,0,fixed_equal_cell_weights__common_complete_all_declared_methods_conditions,,
43d0a7f75c8afab6d32ab6fd1f2ff8db49cca59e36971e2b74404173f4cbfcf2,stress,domain_aggregate,AR1,all_lengths,,,,WaveletOLS::broad_band,step_change__position_0.5__shift_1,absolute_error_inflation,,0.0049399605538522,0.0039307824184761,0.0059970514841289,joint_parent_percentile,,0.0005143907495802,2000,2000,0,fixed_equal_cell_weights__common_complete_all_declared_methods_conditions,,
43d0a7f75c8afab6d32ab6fd1f2ff8db49cca59e36971e2b74404173f4cbfcf2,stress,domain_aggregate,AR1,all_lengths,,,,WaveletOLS::conservative_band,step_change__position_0.5__shift_1,absolute_error_inflation,,-0.0007230945019098,-0.0014865382673329,3.972222210743207e-05,joint_parent_percentile,,0.0003864450623728,2000,2000,0,fixed_equal_cell_weights__common_complete_all_declared_methods_conditions,,
43d0a7f75c8afab6d32ab6fd1f2ff8db49cca59e36971e2b74404173f4cbfcf2,stress,domain_aggregate,AR1,all_lengths,,,,WaveletOLS::upper_band,step_change__position_0.5__shift_1,absolute_error_inflation,,0.0021747461735194,0.001391913241243,0.0028936191728238,joint_parent_percentile,,0.0003778314668951,2000,2000,0,fixed_equal_cell_weights__common_complete_all_declared_methods_conditions,,
43d0a7f75c8afab6d32ab6fd1f2ff8db49cca59e36971e2b74404173f4cbfcf2,stress,domain_aggregate,AR1,all_lengths,,,,WhittleMLE,step_change__position_0.5__shift_1,absolute_error_inflation,,0.0414869680577666,0.0401374641018505,0.0427652123017751,joint_parent_percentile,,0.0006582344088289,2000,2000,0,fixed_equal_cell_weights__common_complete_all_declared_methods_conditions,,
43d0a7f75c8afab6d32ab6fd1f2ff8db49cca59e36971e2b74404173f4cbfcf2,stress,domain_aggregate,AR1,all_lengths,,,,AbsoluteMoment,step_change__position_0.5__shift_2,absolute_error_inflation,,0.2294253530950435,0.2232319210785538,0.235186314546703,joint_parent_percentile,,0.0030926774037176,2000,2000,0,fixed_equal_cell_weights__common_complete_all_declared_methods_conditions,,
43d0a7f75c8afab6d32ab6fd1f2ff8db49cca59e36971e2b74404173f4cbfcf2,stress,domain_aggregate,AR1,all_lengths,,,,DFA::balanced_scales,step_change__position_0.5__shift_2,absolute_error_inflation,,0.0765872232604455,0.0741625299875285,0.0787841074310617,joint_parent_percentile,,0.0011866966801077,2000,2000,0,fixed_equal_cell_weights__common_complete_all_declared_methods_conditions,,
43d0a7f75c8afab6d32ab6fd1f2ff8db49cca59e36971e2b74404173f4cbfcf2,stress,domain_aggregate,AR1,all_lengths,,,,DFA::long_scales,step_change__position_0.5__shift_2,absolute_error_inflation,,0.0933636523260396,0.0910811041476241,0.0957175914583379,joint_parent_percentile,,0.0011918239585531,2000,2000,0,fixed_equal_cell_weights__common_complete_all_declared_methods_conditions,,
43d0a7f75c8afab6d32ab6fd1f2ff8db49cca59e36971e2b74404173f4cbfcf2,stress,domain_aggregate,AR1,all_lengths,,,,DFA::short_scales,step_change__position_0.5__shift_2,absolute_error_inflation,,0.0512127546030133,0.0493595809383842,0.0530251601494683,joint_parent_percentile,,0.000936482074691,2000,2000,0,fixed_equal_cell_weights__common_complete_all_declared_methods_conditions,,
43d0a7f75c8afab6d32ab6fd1f2ff8db49cca59e36971e2b74404173f4cbfcf2,stress,domain_aggregate,AR1,all_lengths,,,,DMA::balanced_windows,step_change__position_0.5__shift_2,absolute_error_inflation,,0.234703448744064,0.2312488373882095,0.2381101474449168,joint_parent_percentile,,0.0017349453457332,2000,2000,0,fixed_equal_cell_weights__common_complete_all_declared_methods_conditions,,
43d0a7f75c8afab6d32ab6fd1f2ff8db49cca59e36971e2b74404173f4cbfcf2,stress,domain_aggregate,AR1,all_lengths,,,,DMA::long_windows,step_change__position_0.5__shift_2,absolute_error_inflation,,0.244592440093965,0.240925553846518,0.2485010327551172,joint_parent_percentile,,0.0019370144784336,2000,2000,0,fixed_equal_cell_weights__common_complete_all_declared_methods_conditions,,
43d0a7f75c8afab6d32ab6fd1f2ff8db49cca59e36971e2b74404173f4cbfcf2,stress,domain_aggregate,AR1,all_lengths,,,,DMA::short_windows,step_change__position_0.5__shift_2,absolute_error_inflation,,0.1926356598121054,0.1898897028899462,0.1952776190011616,joint_parent_percentile,,0.0013728008088194,2000,2000,0,fixed_equal_cell_weights__common_complete_all_declared_methods_conditions,,
43d0a7f75c8afab6d32ab6fd1f2ff8db49cca59e36971e2b74404173f4cbfcf2,stress,domain_aggregate,AR1,all_lengths,,,,GHE,step_change__position_0.5__shift_2,absolute_error_inflation,,0.1508939504284042,0.1492102282168975,0.1525630159712614,joint_parent_percentile,,0.000859533662286,2000,2000,0,fixed_equal_cell_weights__common_complete_all_declared_methods_conditions,,
43d0a7f75c8afab6d32ab6fd1f2ff8db49cca59e36971e2b74404173f4cbfcf2,stress,domain_aggregate,AR1,all_lengths,,,,GHE::centered,step_change__position_0.5__shift_2,absolute_error_inflation,,0.1597025962986452,0.1575520472346603,0.1617124063324818,joint_parent_percentile,,0.0010542950258382,2000,2000,0,fixed_equal_cell_weights__common_complete_all_declared_methods_conditions,,
43d0a7f75c8afab6d32ab6fd1f2ff8db49cca59e36971e2b74404173f4cbfcf2,stress,domain_aggregate,AR1,all_lengths,,,,GPH::narrow_band,step_change__position_0.5__shift_2,absolute_error_inflation,,0.2215730663271413,0.2170977490698747,0.225859888015704,joint_parent_percentile,,0.002230413252443,2000,2000,0,fixed_equal_cell_weights__common_complete_all_declared_methods_conditions,,
43d0a7f75c8afab6d32ab6fd1f2ff8db49cca59e36971e2b74404173f4cbfcf2,stress,domain_aggregate,AR1,all_lengths,,,,GPH::wider_band,step_change__position_0.5__shift_2,absolute_error_inflation,,0.1439631049816372,0.141131144853753,0.1466189425819787,joint_parent_percentile,,0.0013797671730028,2000,2000,0,fixed_equal_cell_weights__common_complete_all_declared_methods_conditions,,
43d0a7f75c8afab6d32ab6fd1f2ff8db49cca59e36971e2b74404173f4cbfcf2,stress,domain_aggregate,AR1,all_lengths,,,,Higuchi,step_change__position_0.5__shift_2,absolute_error_inflation,,0.1165312864768387,0.1152694423054755,0.1178435689406671,joint_parent_percentile,,0.0006524616218216,2000,2000,0,fixed_equal_cell_weights__common_complete_all_declared_methods_conditions,,
43d0a7f75c8afab6d32ab6fd1f2ff8db49cca59e36971e2b74404173f4cbfcf2,stress,domain_aggregate,AR1,all_lengths,,,,Higuchi::centered,step_change__position_0.5__shift_2,absolute_error_inflation,,0.118899730329351,0.117247838661206,0.1205220862125991,joint_parent_percentile,,0.0008332442553317,2000,2000,0,fixed_equal_cell_weights__common_complete_all_declared_methods_conditions,,
43d0a7f75c8afab6d32ab6fd1f2ff8db49cca59e36971e2b74404173f4cbfcf2,stress,domain_aggregate,AR1,all_lengths,,,,ModifiedLocalWhittle,step_change__position_0.5__shift_2,absolute_error_inflation,,0.076457701279382,0.0746691564791228,0.0782333857910089,joint_parent_percentile,,0.0009178642308506,2000,2000,0,fixed_equal_cell_weights__common_complete_all_declared_methods_conditions,,
43d0a7f75c8afab6d32ab6fd1f2ff8db49cca59e36971e2b74404173f4cbfcf2,stress,domain_aggregate,AR1,all_lengths,,,,RS,step_change__position_0.5__shift_2,absolute_error_inflation,,0.0331496917137841,0.0321684968717598,0.0341174600902607,joint_parent_percentile,,0.0004984622789488,2000,2000,0,fixed_equal_cell_weights__common_complete_all_declared_methods_conditions,,
43d0a7f75c8afab6d32ab6fd1f2ff8db49cca59e36971e2b74404173f4cbfcf2,stress,domain_aggregate,AR1,all_lengths,,,,Variance,step_change__position_0.5__shift_2,absolute_error_inflation,,0.2441274517257117,0.2377921703276023,0.2498149712549656,joint_parent_percentile,,0.0030514213394218,2000,2000,0,fixed_equal_cell_weights__common_complete_all_declared_methods_conditions,,
43d0a7f75c8afab6d32ab6fd1f2ff8db49cca59e36971e2b74404173f4cbfcf2,stress,domain_aggregate,AR1,all_lengths,,,,VarianceResidual,step_change__position_0.5__shift_2,absolute_error_inflation,,0.0717041070298984,0.0697758381871198,0.073697236602426,joint_parent_percentile,,0.0010025351122794,2000,2000,0,fixed_equal_cell_weights__common_complete_all_declared_methods_conditions,,
43d0a7f75c8afab6d32ab6fd1f2ff8db49cca59e36971e2b74404173f4cbfcf2,stress,domain_aggregate,AR1,all_lengths,,,,WaveletOLS::broad_band,step_change__position_0.5__shift_2,absolute_error_inflation,,0.0184009411207797,0.0165065496223273,0.0202457095168631,joint_parent_percentile,,0.0009428486695252,2000,2000,0,fixed_equal_cell_weights__common_complete_all_declared_methods_conditions,,
43d0a7f75c8afab6d32ab6fd1f2ff8db49cca59e36971e2b74404173f4cbfcf2,stress,domain_aggregate,AR1,all_lengths,,,,WaveletOLS::conservative_band,step_change__position_0.5__shift_2,absolute_error_inflation,,-0.0041881960670821,-0.0056395454656462,-0.0027178066884704,joint_parent_percentile,,0.0007542932984207,2000,2000,0,fixed_equal_cell_weights__common_complete_all_declared_methods_conditions,,
43d0a7f75c8afab6d32ab6fd1f2ff8db49cca59e36971e2b74404173f4cbfcf2,stress,domain_aggregate,AR1,all_lengths,,,,WaveletOLS::upper_band,step_change__position_0.5__shift_2,absolute_error_inflation,,0.0067222804708158,0.0052132490735797,0.0081085844511895,joint_parent_percentile,,0.0007276254806115,2000,2000,0,fixed_equal_cell_weights__common_complete_all_declared_methods_conditions,,
43d0a7f75c8afab6d32ab6fd1f2ff8db49cca59e36971e2b74404173f4cbfcf2,stress,domain_aggregate,AR1,all_lengths,,,,WhittleMLE,step_change__position_0.5__shift_2,absolute_error_inflation,,0.0761555778325125,0.0743642007218217,0.077949158330067,joint_parent_percentile,,0.0009194032913972,2000,2000,0,fixed_equal_cell_weights__common_complete_all_declared_methods_conditions,,
43d0a7f75c8afab6d32ab6fd1f2ff8db49cca59e36971e2b74404173f4cbfcf2,stress,domain_aggregate,AR1,all_lengths,,,,AbsoluteMoment,step_change__position_0.75__shift_0.5,absolute_error_inflation,,0.0143908092828966,0.0100707438594365,0.0187181772638856,joint_parent_percentile,,0.0022118103659743,2000,2000,0,fixed_equal_cell_weights__common_complete_all_declared_methods_conditions,,
43d0a7f75c8afab6d32ab6fd1f2ff8db49cca59e36971e2b74404173f4cbfcf2,stress,domain_aggregate,AR1,all_lengths,,,,DFA::balanced_scales,step_change__position_0.75__shift_0.5,absolute_error_inflation,,0.0055545098030396,0.0047762575355096,0.0063097809123977,joint_parent_percentile,,0.0003878090298394,2000,2000,0,fixed_equal_cell_weights__common_complete_all_declared_methods_conditions,,
43d0a7f75c8afab6d32ab6fd1f2ff8db49cca59e36971e2b74404173f4cbfcf2,stress,domain_aggregate,AR1,all_lengths,,,,DFA::long_scales,step_change__position_0.75__shift_0.5,absolute_error_inflation,,0.0088457625476165,0.0077897436754302,0.0098955021194588,joint_parent_percentile,,0.0005511671723247,2000,2000,0,fixed_equal_cell_weights__common_complete_all_declared_methods_conditions,,
43d0a7f75c8afab6d32ab6fd1f2ff8db49cca59e36971e2b74404173f4cbfcf2,stress,domain_aggregate,AR1,all_lengths,,,,DFA::short_scales,step_change__position_0.75__shift_0.5,absolute_error_inflation,,0.0007524395638276,0.0005526604056192,0.0009415693777109,joint_parent_percentile,,9.92723948560476e-05,2000,2000,0,fixed_equal_cell_weights__common_complete_all_declared_methods_conditions,,
43d0a7f75c8afab6d32ab6fd1f2ff8db49cca59e36971e2b74404173f4cbfcf2,stress,domain_aggregate,AR1,all_lengths,,,,DMA::balanced_windows,step_change__position_0.75__shift_0.5,absolute_error_inflation,,0.0325529425040904,0.0298993538088564,0.035199554279025,joint_parent_percentile,,0.0013521297524011,2000,2000,0,fixed_equal_cell_weights__common_complete_all_declared_methods_conditions,,
43d0a7f75c8afab6d32ab6fd1f2ff8db49cca59e36971e2b74404173f4cbfcf2,stress,domain_aggregate,AR1,all_lengths,,,,DMA::long_windows,step_change__position_0.75__shift_0.5,absolute_error_inflation,,0.025830497834659,0.0223895028460992,0.0295196132866022,joint_parent_percentile,,0.0017832641951436,2000,2000,0,fixed_equal_cell_weights__common_complete_all_declared_methods_conditions,,
43d0a7f75c8afab6d32ab6fd1f2ff8db49cca59e36971e2b74404173f4cbfcf2,stress,domain_aggregate,AR1,all_lengths,,,,DMA::short_windows,step_change__position_0.75__shift_0.5,absolute_error_inflation,,0.0268844523868891,0.0250024394670705,0.028746660160046,joint_parent_percentile,,0.0009649769915991,2000,2000,0,fixed_equal_cell_weights__common_complete_all_declared_methods_conditions,,
43d0a7f75c8afab6d32ab6fd1f2ff8db49cca59e36971e2b74404173f4cbfcf2,stress,domain_aggregate,AR1,all_lengths,,,,GHE,step_change__position_0.75__shift_0.5,absolute_error_inflation,,0.0211067280171853,0.0198661500770827,0.0222889039355602,joint_parent_percentile,,0.0006178215758424,2000,2000,0,fixed_equal_cell_weights__common_complete_all_declared_methods_conditions,,
43d0a7f75c8afab6d32ab6fd1f2ff8db49cca59e36971e2b74404173f4cbfcf2,stress,domain_aggregate,AR1,all_lengths,,,,GHE::centered,step_change__position_0.75__shift_0.5,absolute_error_inflation,,0.0197649509459113,0.0184415779708288,0.0211040595097083,joint_parent_percentile,,0.000681276350484,2000,2000,0,fixed_equal_cell_weights__common_complete_all_declared_methods_conditions,,
43d0a7f75c8afab6d32ab6fd1f2ff8db49cca59e36971e2b74404173f4cbfcf2,stress,domain_aggregate,AR1,all_lengths,,,,GPH::narrow_band,step_change__position_0.75__shift_0.5,absolute_error_inflation,,0.0333873950986463,0.029555243403913,0.0372478185353143,joint_parent_percentile,,0.0019208647814755,2000,2000,0,fixed_equal_cell_weights__common_complete_all_declared_methods_conditions,,
43d0a7f75c8afab6d32ab6fd1f2ff8db49cca59e36971e2b74404173f4cbfcf2,stress,domain_aggregate,AR1,all_lengths,,,,GPH::wider_band,step_change__position_0.75__shift_0.5,absolute_error_inflation,,0.0249782677583472,0.0224380702625396,0.0272673430569835,joint_parent_percentile,,0.0012300435499311,2000,2000,0,fixed_equal_cell_weights__common_complete_all_declared_methods_conditions,,
43d0a7f75c8afab6d32ab6fd1f2ff8db49cca59e36971e2b74404173f4cbfcf2,stress,domain_aggregate,AR1,all_lengths,,,,Higuchi,step_change__position_0.75__shift_0.5,absolute_error_inflation,,0.0138727853730058,0.0129843927639543,0.0147180676409624,joint_parent_percentile,,0.0004364989225347,2000,2000,0,fixed_equal_cell_weights__common_complete_all_declared_methods_conditions,,
43d0a7f75c8afab6d32ab6fd1f2ff8db49cca59e36971e2b74404173f4cbfcf2,stress,domain_aggregate,AR1,all_lengths,,,,Higuchi::centered,step_change__position_0.75__shift_0.5,absolute_error_inflation,,0.0120509702890649,0.0112152305083266,0.0129018199853035,joint_parent_percentile,,0.0004433339800032,2000,2000,0,fixed_equal_cell_weights__common_complete_all_declared_methods_conditions,,
43d0a7f75c8afab6d32ab6fd1f2ff8db49cca59e36971e2b74404173f4cbfcf2,stress,domain_aggregate,AR1,all_lengths,,,,ModifiedLocalWhittle,step_change__position_0.75__shift_0.5,absolute_error_inflation,,0.0119679219863861,0.0110506139655519,0.0127938582269717,joint_parent_percentile,,0.0004335171718862,2000,2000,0,fixed_equal_cell_weights__common_complete_all_declared_methods_conditions,,
43d0a7f75c8afab6d32ab6fd1f2ff8db49cca59e36971e2b74404173f4cbfcf2,stress,domain_aggregate,AR1,all_lengths,,,,RS,step_change__position_0.75__shift_0.5,absolute_error_inflation,,0.0050041380139143,0.004407538931204,0.005609886627707,joint_parent_percentile,,0.0003061925485964,2000,2000,0,fixed_equal_cell_weights__common_complete_all_declared_methods_conditions,,
43d0a7f75c8afab6d32ab6fd1f2ff8db49cca59e36971e2b74404173f4cbfcf2,stress,domain_aggregate,AR1,all_lengths,,,,Variance,step_change__position_0.75__shift_0.5,absolute_error_inflation,,0.0180191897638256,0.0137467307032562,0.0223480469107071,joint_parent_percentile,,0.0021865587539838,2000,2000,0,fixed_equal_cell_weights__common_complete_all_declared_methods_conditions,,
43d0a7f75c8afab6d32ab6fd1f2ff8db49cca59e36971e2b74404173f4cbfcf2,stress,domain_aggregate,AR1,all_lengths,,,,VarianceResidual,step_change__position_0.75__shift_0.5,absolute_error_inflation,,0.0029083081480607,0.0024996973804799,0.0033261075771258,joint_parent_percentile,,0.0002154650265306,2000,2000,0,fixed_equal_cell_weights__common_complete_all_declared_methods_conditions,,
43d0a7f75c8afab6d32ab6fd1f2ff8db49cca59e36971e2b74404173f4cbfcf2,stress,domain_aggregate,AR1,all_lengths,,,,WaveletOLS::broad_band,step_change__position_0.75__shift_0.5,absolute_error_inflation,,0.0015524026832498,0.0010286960512372,0.0020801949304137,joint_parent_percentile,,0.0002701251224564,2000,2000,0,fixed_equal_cell_weights__common_complete_all_declared_methods_conditions,,
43d0a7f75c8afab6d32ab6fd1f2ff8db49cca59e36971e2b74404173f4cbfcf2,stress,domain_aggregate,AR1,all_lengths,,,,WaveletOLS::conservative_band,step_change__position_0.75__shift_0.5,absolute_error_inflation,,-0.0002798065302137,-0.0006716370869008,0.0001236536062406,joint_parent_percentile,,0.000201621560993,2000,2000,0,fixed_equal_cell_weights__common_complete_all_declared_methods_conditions,,
43d0a7f75c8afab6d32ab6fd1f2ff8db49cca59e36971e2b74404173f4cbfcf2,stress,domain_aggregate,AR1,all_lengths,,,,WaveletOLS::upper_band,step_change__position_0.75__shift_0.5,absolute_error_inflation,,0.0006095711510213,0.000227152460744,0.0009883629676721,joint_parent_percentile,,0.0001912215577656,2000,2000,0,fixed_equal_cell_weights__common_complete_all_declared_methods_conditions,,
43d0a7f75c8afab6d32ab6fd1f2ff8db49cca59e36971e2b74404173f4cbfcf2,stress,domain_aggregate,AR1,all_lengths,,,,WhittleMLE,step_change__position_0.75__shift_0.5,absolute_error_inflation,,0.011971944833823,0.0110599489180646,0.0127987857857227,joint_parent_percentile,,0.0004349289464925,2000,2000,0,fixed_equal_cell_weights__common_complete_all_declared_methods_conditions,,
43d0a7f75c8afab6d32ab6fd1f2ff8db49cca59e36971e2b74404173f4cbfcf2,stress,domain_aggregate,AR1,all_lengths,,,,AbsoluteMoment,step_change__position_0.75__shift_1,absolute_error_inflation,,0.0497145140575115,0.0436427156180093,0.0556325606503616,joint_parent_percentile,,0.0030839824595358,2000,2000,0,fixed_equal_cell_weights__common_complete_all_declared_methods_conditions,,
43d0a7f75c8afab6d32ab6fd1f2ff8db49cca59e36971e2b74404173f4cbfcf2,stress,domain_aggregate,AR1,all_lengths,,,,DFA::balanced_scales,step_change__position_0.75__shift_1,absolute_error_inflation,,0.0201738986796174,0.0187554637149111,0.0215554101851429,joint_parent_percentile,,0.0007116179624711,2000,2000,0,fixed_equal_cell_weights__common_complete_all_declared_methods_conditions,,
43d0a7f75c8afab6d32ab6fd1f2ff8db49cca59e36971e2b74404173f4cbfcf2,stress,domain_aggregate,AR1,all_lengths,,,,DFA::long_scales,step_change__position_0.75__shift_1,absolute_error_inflation,,0.0311112624325289,0.0292869381085008,0.0329375984440109,joint_parent_percentile,,0.0009438801828617,2000,2000,0,fixed_equal_cell_weights__common_complete_all_declared_methods_conditions,,
43d0a7f75c8afab6d32ab6fd1f2ff8db49cca59e36971e2b74404173f4cbfcf2,stress,domain_aggregate,AR1,all_lengths,,,,DFA::short_scales,step_change__position_0.75__shift_1,absolute_error_inflation,,0.0028454594201312,0.0024571924871851,0.0032181972630698,joint_parent_percentile,,0.0001946216055466,2000,2000,0,fixed_equal_cell_weights__common_complete_all_declared_methods_conditions,,
43d0a7f75c8afab6d32ab6fd1f2ff8db49cca59e36971e2b74404173f4cbfcf2,stress,domain_aggregate,AR1,all_lengths,,,,DMA::balanced_windows,step_change__position_0.75__shift_1,absolute_error_inflation,,0.0978310748194074,0.0943711691050321,0.1011891328948884,joint_parent_percentile,,0.0017407932448935,2000,2000,0,fixed_equal_cell_weights__common_complete_all_declared_methods_conditions,,
43d0a7f75c8afab6d32ab6fd1f2ff8db49cca59e36971e2b74404173f4cbfcf2,stress,domain_aggregate,AR1,all_lengths,,,,DMA::long_windows,step_change__position_0.75__shift_1,absolute_error_inflation,,0.0894708802653295,0.0853623243374526,0.0937734150802726,joint_parent_percentile,,0.0021299821185514,2000,2000,0,fixed_equal_cell_weights__common_complete_all_declared_methods_conditions,,
43d0a7f75c8afab6d32ab6fd1f2ff8db49cca59e36971e2b74404173f4cbfcf2,stress,domain_aggregate,AR1,all_lengths,,,,DMA::short_windows,step_change__position_0.75__shift_1,absolute_error_inflation,,0.0806329109195822,0.0779762034337385,0.0830863508540722,joint_parent_percentile,,0.001325666257421,2000,2000,0,fixed_equal_cell_weights__common_complete_all_declared_methods_conditions,,
43d0a7f75c8afab6d32ab6fd1f2ff8db49cca59e36971e2b74404173f4cbfcf2,stress,domain_aggregate,AR1,all_lengths,,,,GHE,step_change__position_0.75__shift_1,absolute_error_inflation,,0.0532618229869741,0.0518228866734367,0.0545799392512297,joint_parent_percentile,,0.000725486502746,2000,2000,0,fixed_equal_cell_weights__common_complete_all_declared_methods_conditions,,
43d0a7f75c8afab6d32ab6fd1f2ff8db49cca59e36971e2b74404173f4cbfcf2,stress,domain_aggregate,AR1,all_lengths,,,,GHE::centered,step_change__position_0.75__shift_1,absolute_error_inflation,,0.0575506787155975,0.0556770451938733,0.0592967494550105,joint_parent_percentile,,0.0009252632176413,2000,2000,0,fixed_equal_cell_weights__common_complete_all_declared_methods_conditions,,
43d0a7f75c8afab6d32ab6fd1f2ff8db49cca59e36971e2b74404173f4cbfcf2,stress,domain_aggregate,AR1,all_lengths,,,,GPH::narrow_band,step_change__position_0.75__shift_1,absolute_error_inflation,,0.1082452409301147,0.1035169630829762,0.1130779970129898,joint_parent_percentile,,0.0024367654007045,2000,2000,0,fixed_equal_cell_weights__common_complete_all_declared_methods_conditions,,
43d0a7f75c8afab6d32ab6fd1f2ff8db49cca59e36971e2b74404173f4cbfcf2,stress,domain_aggregate,AR1,all_lengths,,,,GPH::wider_band,step_change__position_0.75__shift_1,absolute_error_inflation,,0.0724837706640971,0.0694477706803601,0.0754818413660423,joint_parent_percentile,,0.0015466584860302,2000,2000,0,fixed_equal_cell_weights__common_complete_all_declared_methods_conditions,,
43d0a7f75c8afab6d32ab6fd1f2ff8db49cca59e36971e2b74404173f4cbfcf2,stress,domain_aggregate,AR1,all_lengths,,,,Higuchi,step_change__position_0.75__shift_1,absolute_error_inflation,,0.0389444549309525,0.0378521195567347,0.0399975011625487,joint_parent_percentile,,0.0005564264195805,2000,2000,0,fixed_equal_cell_weights__common_complete_all_declared_methods_conditions,,
43d0a7f75c8afab6d32ab6fd1f2ff8db49cca59e36971e2b74404173f4cbfcf2,stress,domain_aggregate,AR1,all_lengths,,,,Higuchi::centered,step_change__position_0.75__shift_1,absolute_error_inflation,,0.0379806055345629,0.036677999045486,0.0392373269418398,joint_parent_percentile,,0.0006682395147873,2000,2000,0,fixed_equal_cell_weights__common_complete_all_declared_methods_conditions,,
43d0a7f75c8afab6d32ab6fd1f2ff8db49cca59e36971e2b74404173f4cbfcf2,stress,domain_aggregate,AR1,all_lengths,,,,ModifiedLocalWhittle,step_change__position_0.75__shift_1,absolute_error_inflation,,0.0358110264567859,0.0345849031571729,0.0369988893881988,joint_parent_percentile,,0.0006211388502123,2000,2000,0,fixed_equal_cell_weights__common_complete_all_declared_methods_conditions,,
43d0a7f75c8afab6d32ab6fd1f2ff8db49cca59e36971e2b74404173f4cbfcf2,stress,domain_aggregate,AR1,all_lengths,,,,RS,step_change__position_0.75__shift_1,absolute_error_inflation,,0.0158546775366111,0.0149580005364635,0.0167011057890057,joint_parent_percentile,,0.0004565762236804,2000,2000,0,fixed_equal_cell_weights__common_complete_all_declared_methods_conditions,,
43d0a7f75c8afab6d32ab6fd1f2ff8db49cca59e36971e2b74404173f4cbfcf2,stress,domain_aggregate,AR1,all_lengths,,,,Variance,step_change__position_0.75__shift_1,absolute_error_inflation,,0.0584324890113379,0.0524630449628453,0.0642564873079737,joint_parent_percentile,,0.0030597147509877,2000,2000,0,fixed_equal_cell_weights__common_complete_all_declared_methods_conditions,,
43d0a7f75c8afab6d32ab6fd1f2ff8db49cca59e36971e2b74404173f4cbfcf2,stress,domain_aggregate,AR1,all_lengths,,,,VarianceResidual,step_change__position_0.75__shift_1,absolute_error_inflation,,0.01152563904052,0.0107456931416465,0.0123302062635464,joint_parent_percentile,,0.000416194832138,2000,2000,0,fixed_equal_cell_weights__common_complete_all_declared_methods_conditions,,
43d0a7f75c8afab6d32ab6fd1f2ff8db49cca59e36971e2b74404173f4cbfcf2,stress,domain_aggregate,AR1,all_lengths,,,,WaveletOLS::broad_band,step_change__position_0.75__shift_1,absolute_error_inflation,,0.0054572895354976,0.0044228509655281,0.0064802433161858,joint_parent_percentile,,0.000524980107522,2000,2000,0,fixed_equal_cell_weights__common_complete_all_declared_methods_conditions,,
43d0a7f75c8afab6d32ab6fd1f2ff8db49cca59e36971e2b74404173f4cbfcf2,stress,domain_aggregate,AR1,all_lengths,,,,WaveletOLS::conservative_band,step_change__position_0.75__shift_1,absolute_error_inflation,,-0.0013216463122025,-0.0021083632584375,-0.0005422448610018,joint_parent_percentile,,0.0004020453452918,2000,2000,0,fixed_equal_cell_weights__common_complete_all_declared_methods_conditions,,
43d0a7f75c8afab6d32ab6fd1f2ff8db49cca59e36971e2b74404173f4cbfcf2,stress,domain_aggregate,AR1,all_lengths,,,,WaveletOLS::upper_band,step_change__position_0.75__shift_1,absolute_error_inflation,,0.0018514933862117,0.0010953021026181,0.0025780837730676,joint_parent_percentile,,0.0003770260919793,2000,2000,0,fixed_equal_cell_weights__common_complete_all_declared_methods_conditions,,
43d0a7f75c8afab6d32ab6fd1f2ff8db49cca59e36971e2b74404173f4cbfcf2,stress,domain_aggregate,AR1,all_lengths,,,,WhittleMLE,step_change__position_0.75__shift_1,absolute_error_inflation,,0.035780343411014,0.0345427124472926,0.0369790660650604,joint_parent_percentile,,0.0006236852226124,2000,2000,0,fixed_equal_cell_weights__common_complete_all_declared_methods_conditions,,
43d0a7f75c8afab6d32ab6fd1f2ff8db49cca59e36971e2b74404173f4cbfcf2,stress,domain_aggregate,AR1,all_lengths,,,,AbsoluteMoment,step_change__position_0.75__shift_2,absolute_error_inflation,,0.0934066128800726,0.085486465687118,0.101287106730334,joint_parent_percentile,,0.0040432193505125,2000,2000,0,fixed_equal_cell_weights__common_complete_all_declared_methods_conditions,,
43d0a7f75c8afab6d32ab6fd1f2ff8db49cca59e36971e2b74404173f4cbfcf2,stress,domain_aggregate,AR1,all_lengths,,,,DFA::balanced_scales,step_change__position_0.75__shift_2,absolute_error_inflation,,0.0652295001509098,0.0630557145789079,0.0673154568728542,joint_parent_percentile,,0.0010885405151204,2000,2000,0,fixed_equal_cell_weights__common_complete_all_declared_methods_conditions,,
43d0a7f75c8afab6d32ab6fd1f2ff8db49cca59e36971e2b74404173f4cbfcf2,stress,domain_aggregate,AR1,all_lengths,,,,DFA::long_scales,step_change__position_0.75__shift_2,absolute_error_inflation,,0.0904161617422991,0.0878420029780755,0.0928392400052371,joint_parent_percentile,,0.0012795817030068,2000,2000,0,fixed_equal_cell_weights__common_complete_all_declared_methods_conditions,,
43d0a7f75c8afab6d32ab6fd1f2ff8db49cca59e36971e2b74404173f4cbfcf2,stress,domain_aggregate,AR1,all_lengths,,,,DFA::short_scales,step_change__position_0.75__shift_2,absolute_error_inflation,,0.0104394716905664,0.0097387280288413,0.0111432914700207,joint_parent_percentile,,0.0003628175896047,2000,2000,0,fixed_equal_cell_weights__common_complete_all_declared_methods_conditions,,
43d0a7f75c8afab6d32ab6fd1f2ff8db49cca59e36971e2b74404173f4cbfcf2,stress,domain_aggregate,AR1,all_lengths,,,,DMA::balanced_windows,step_change__position_0.75__shift_2,absolute_error_inflation,,0.1962533331413928,0.1930033724529264,0.1995471644746859,joint_parent_percentile,,0.0017167072939811,2000,2000,0,fixed_equal_cell_weights__common_complete_all_declared_methods_conditions,,
43d0a7f75c8afab6d32ab6fd1f2ff8db49cca59e36971e2b74404173f4cbfcf2,stress,domain_aggregate,AR1,all_lengths,,,,DMA::long_windows,step_change__position_0.75__shift_2,absolute_error_inflation,,0.1911794564559259,0.1873417694526817,0.1951586520646643,joint_parent_percentile,,0.002009092073133,2000,2000,0,fixed_equal_cell_weights__common_complete_all_declared_methods_conditions,,
43d0a7f75c8afab6d32ab6fd1f2ff8db49cca59e36971e2b74404173f4cbfcf2,stress,domain_aggregate,AR1,all_lengths,,,,DMA::short_windows,step_change__position_0.75__shift_2,absolute_error_inflation,,0.1657422270067734,0.163077561354447,0.1682761750681882,joint_parent_percentile,,0.0013721108966552,2000,2000,0,fixed_equal_cell_weights__common_complete_all_declared_methods_conditions,,
43d0a7f75c8afab6d32ab6fd1f2ff8db49cca59e36971e2b74404173f4cbfcf2,stress,domain_aggregate,AR1,all_lengths,,,,GHE,step_change__position_0.75__shift_2,absolute_error_inflation,,0.0906715715250766,0.0892527067056548,0.0919979311548477,joint_parent_percentile,,0.0007070944275315,2000,2000,0,fixed_equal_cell_weights__common_complete_all_declared_methods_conditions,,
43d0a7f75c8afab6d32ab6fd1f2ff8db49cca59e36971e2b74404173f4cbfcf2,stress,domain_aggregate,AR1,all_lengths,,,,GHE::centered,step_change__position_0.75__shift_2,absolute_error_inflation,,0.1178578918179595,0.1159022484355639,0.1197667124667585,joint_parent_percentile,,0.0009939196848291,2000,2000,0,fixed_equal_cell_weights__common_complete_all_declared_methods_conditions,,
43d0a7f75c8afab6d32ab6fd1f2ff8db49cca59e36971e2b74404173f4cbfcf2,stress,domain_aggregate,AR1,all_lengths,,,,GPH::narrow_band,step_change__position_0.75__shift_2,absolute_error_inflation,,0.2463639835655153,0.2415041504743406,0.25136718620275,joint_parent_percentile,,0.0025366766424049,2000,2000,0,fixed_equal_cell_weights__common_complete_all_declared_methods_conditions,,
43d0a7f75c8afab6d32ab6fd1f2ff8db49cca59e36971e2b74404173f4cbfcf2,stress,domain_aggregate,AR1,all_lengths,,,,GPH::wider_band,step_change__position_0.75__shift_2,absolute_error_inflation,,0.1599686401695218,0.1566243724213599,0.163180539951093,joint_parent_percentile,,0.0016853337579366,2000,2000,0,fixed_equal_cell_weights__common_complete_all_declared_methods_conditions,,
43d0a7f75c8afab6d32ab6fd1f2ff8db49cca59e36971e2b74404173f4cbfcf2,stress,domain_aggregate,AR1,all_lengths,,,,Higuchi,step_change__position_0.75__shift_2,absolute_error_inflation,,0.0717564354230172,0.0707341044705853,0.0727981448332742,joint_parent_percentile,,0.0005267232741367,2000,2000,0,fixed_equal_cell_weights__common_complete_all_declared_methods_conditions,,
43d0a7f75c8afab6d32ab6fd1f2ff8db49cca59e36971e2b74404173f4cbfcf2,stress,domain_aggregate,AR1,all_lengths,,,,Higuchi::centered,step_change__position_0.75__shift_2,absolute_error_inflation,,0.0865959741710413,0.0851530618640758,0.0880471302350542,joint_parent_percentile,,0.000750894474366,2000,2000,0,fixed_equal_cell_weights__common_complete_all_declared_methods_conditions,,
43d0a7f75c8afab6d32ab6fd1f2ff8db49cca59e36971e2b74404173f4cbfcf2,stress,domain_aggregate,AR1,all_lengths,,,,ModifiedLocalWhittle,step_change__position_0.75__shift_2,absolute_error_inflation,,0.0726125015996972,0.0709195774894797,0.074283421091984,joint_parent_percentile,,0.0008619675209688,2000,2000,0,fixed_equal_cell_weights__common_complete_all_declared_methods_conditions,,
43d0a7f75c8afab6d32ab6fd1f2ff8db49cca59e36971e2b74404173f4cbfcf2,stress,domain_aggregate,AR1,all_lengths,,,,RS,step_change__position_0.75__shift_2,absolute_error_inflation,,0.0364612681779823,0.0354499890490084,0.0374360202009238,joint_parent_percentile,,0.0005153485650891,2000,2000,0,fixed_equal_cell_weights__common_complete_all_declared_methods_conditions,,
43d0a7f75c8afab6d32ab6fd1f2ff8db49cca59e36971e2b74404173f4cbfcf2,stress,domain_aggregate,AR1,all_lengths,,,,Variance,step_change__position_0.75__shift_2,absolute_error_inflation,,0.1070485402628427,0.0993847315587385,0.114491209395266,joint_parent_percentile,,0.0039000824051375,2000,2000,0,fixed_equal_cell_weights__common_complete_all_declared_methods_conditions,,
43d0a7f75c8afab6d32ab6fd1f2ff8db49cca59e36971e2b74404173f4cbfcf2,stress,domain_aggregate,AR1,all_lengths,,,,VarianceResidual,step_change__position_0.75__shift_2,absolute_error_inflation,,0.042172121056553,0.0407956159492944,0.0436058897253694,joint_parent_percentile,,0.0007328563944324,2000,2000,0,fixed_equal_cell_weights__common_complete_all_declared_methods_conditions,,
43d0a7f75c8afab6d32ab6fd1f2ff8db49cca59e36971e2b74404173f4cbfcf2,stress,domain_aggregate,AR1,all_lengths,,,,WaveletOLS::broad_band,step_change__position_0.75__shift_2,absolute_error_inflation,,0.019090352195417,0.0171692710168862,0.0209593886448006,joint_parent_percentile,,0.0009574978378284,2000,2000,0,fixed_equal_cell_weights__common_complete_all_declared_methods_conditions,,
43d0a7f75c8afab6d32ab6fd1f2ff8db49cca59e36971e2b74404173f4cbfcf2,stress,domain_aggregate,AR1,all_lengths,,,,WaveletOLS::conservative_band,step_change__position_0.75__shift_2,absolute_error_inflation,,-0.005313023499201,-0.006888828231072,-0.0037734967641882,joint_parent_percentile,,0.0007887020596769,2000,2000,0,fixed_equal_cell_weights__common_complete_all_declared_methods_conditions,,
43d0a7f75c8afab6d32ab6fd1f2ff8db49cca59e36971e2b74404173f4cbfcf2,stress,domain_aggregate,AR1,all_lengths,,,,WaveletOLS::upper_band,step_change__position_0.75__shift_2,absolute_error_inflation,,0.0061267093997398,0.0046764418507904,0.007534745952852,joint_parent_percentile,,0.0007185052875728,2000,2000,0,fixed_equal_cell_weights__common_complete_all_declared_methods_conditions,,
43d0a7f75c8afab6d32ab6fd1f2ff8db49cca59e36971e2b74404173f4cbfcf2,stress,domain_aggregate,AR1,all_lengths,,,,WhittleMLE,step_change__position_0.75__shift_2,absolute_error_inflation,,0.0723589312498529,0.0706542442101596,0.0740425295585282,joint_parent_percentile,,0.0008642149583366,2000,2000,0,fixed_equal_cell_weights__common_complete_all_declared_methods_conditions,,
