cell,method,condition,attempted,valid,invalid,bias,mae,rmse,bias_mcse,outside_0_1
AR1_0.8_n512,AbsoluteMoment,additive_outliers_1pct_8sd,64,64,0,-0.09460846876143944,0.2033206398653652,0.2771965786019655,0.03282642683639601,4
AR1_0.8_n512,AbsoluteMoment,clean,64,64,0,-0.054751372868809475,0.16271870080164272,0.20148781242330835,0.02442988857809769,1
AR1_0.8_n512,AbsoluteMoment,constant_offset_1sd,64,64,0,-0.05475137286880945,0.1627187008016427,0.20148781242330835,0.024429888578097688,1
AR1_0.8_n512,AbsoluteMoment,linear_plus_quadratic_0p5sd,64,64,0,0.028235376437009897,0.18091486920562738,0.22478306501790077,0.028095695268843524,3
AR1_0.8_n512,AbsoluteMoment,linear_trend_0p5sd,64,64,0,0.23062333855724124,0.24813336444660797,0.26856419232238743,0.0173386443834393,0
AR1_0.8_n512,AbsoluteMoment,midpoint_step_1sd,64,64,0,0.27173060429813056,0.2883045196108501,0.3028600527995377,0.016849798769233884,0
AR1_0.8_n512,AbsoluteMoment,t3_realized_sd_0p5,64,64,0,-0.06835638505918659,0.17764404853651455,0.23074935679834757,0.0277667925122888,2
AR1_0.8_n512,AbsoluteMoment,t5_realized_sd_0p5,64,64,0,-0.07230039127873272,0.17931153869077449,0.222556948667486,0.026518711220188437,1
AR1_0.8_n512,DFA::balanced_scales,additive_outliers_1pct_8sd,64,64,0,0.27818033369456674,0.27818033369456674,0.29132103179937957,0.010898991881613154,0
AR1_0.8_n512,DFA::balanced_scales,clean,64,64,0,0.33321421385064914,0.33321421385064914,0.34577605017882235,0.011635580738817672,2
AR1_0.8_n512,DFA::balanced_scales,constant_offset_1sd,64,64,0,0.3332142138506491,0.3332142138506491,0.3457760501788223,0.011635580738817672,2
AR1_0.8_n512,DFA::balanced_scales,linear_plus_quadratic_0p5sd,64,64,0,0.3510167080744323,0.3510167080744323,0.36130650219174393,0.01078627815727256,2
AR1_0.8_n512,DFA::balanced_scales,linear_trend_0p5sd,64,64,0,0.3482388726830066,0.3482388726830066,0.3591025862893694,0.011044178982601039,5
AR1_0.8_n512,DFA::balanced_scales,midpoint_step_1sd,64,64,0,0.3691897447252893,0.3691897447252893,0.37981680850138383,0.011240332996431887,5
AR1_0.8_n512,DFA::balanced_scales,t3_realized_sd_0p5,64,64,0,0.3074698139981587,0.3074698139981587,0.32024993589174816,0.011284442808649913,1
AR1_0.8_n512,DFA::balanced_scales,t5_realized_sd_0p5,64,64,0,0.3032920560678396,0.3032920560678396,0.3151017897302138,0.010766693658617413,2
AR1_0.8_n512,DFA::long_scales,additive_outliers_1pct_8sd,64,64,0,0.23459770143456207,0.23459770143456207,0.2530312176733589,0.011944790721443882,0
AR1_0.8_n512,DFA::long_scales,clean,64,64,0,0.27033411734705687,0.27033411734705687,0.2892640360000152,0.012967081350454242,1
AR1_0.8_n512,DFA::long_scales,constant_offset_1sd,64,64,0,0.2703341173470568,0.2703341173470568,0.2892640360000152,0.012967081350454242,1
AR1_0.8_n512,DFA::long_scales,linear_plus_quadratic_0p5sd,64,64,0,0.3115327492397781,0.3115327492397781,0.32507584900997605,0.01169836086785835,2
AR1_0.8_n512,DFA::long_scales,linear_trend_0p5sd,64,64,0,0.3064236250550082,0.3064236250550082,0.3197800914816859,0.011522144942084329,3
AR1_0.8_n512,DFA::long_scales,midpoint_step_1sd,64,64,0,0.3264671403160195,0.3264671403160195,0.34081279394405706,0.012326617740402737,4
AR1_0.8_n512,DFA::long_scales,t3_realized_sd_0p5,64,64,0,0.25665820878326034,0.25665820878326034,0.27442065578101277,0.01223659628435056,0
AR1_0.8_n512,DFA::long_scales,t5_realized_sd_0p5,64,64,0,0.2505354715869694,0.2505354715869694,0.26991947505399183,0.012654443030594478,1
AR1_0.8_n512,DFA::short_scales,additive_outliers_1pct_8sd,64,64,0,0.3384415210468834,0.3384415210468834,0.34576981994562406,0.008921265139747326,0
AR1_0.8_n512,DFA::short_scales,clean,64,64,0,0.4280321030881339,0.4280321030881339,0.43380409939072717,0.008885975551082101,13
AR1_0.8_n512,DFA::short_scales,constant_offset_1sd,64,64,0,0.4280321030881339,0.4280321030881339,0.4338040993907272,0.008885975551082104,13
AR1_0.8_n512,DFA::short_scales,linear_plus_quadratic_0p5sd,64,64,0,0.43318335440742134,0.43318335440742134,0.43929978215917487,0.009203588042070398,13
AR1_0.8_n512,DFA::short_scales,linear_trend_0p5sd,64,64,0,0.43161284672707245,0.43161284672707245,0.4376126786419136,0.009098409985199877,12
AR1_0.8_n512,DFA::short_scales,midpoint_step_1sd,64,64,0,0.45211126388831907,0.45211126388831907,0.45789027651202335,0.009136452708152974,18
AR1_0.8_n512,DFA::short_scales,t3_realized_sd_0p5,64,64,0,0.3807752295955104,0.3807752295955104,0.38738588220882986,0.008977967972093253,3
AR1_0.8_n512,DFA::short_scales,t5_realized_sd_0p5,64,64,0,0.37894638012020526,0.37894638012020526,0.3840848868894768,0.0078889528251663,2
AR1_0.8_n512,DMA::balanced_windows,additive_outliers_1pct_8sd,64,64,0,0.06577280202299048,0.10509097250201854,0.13157702910649632,0.014357373584006744,0
AR1_0.8_n512,DMA::balanced_windows,clean,64,64,0,0.07513674716947094,0.10756194651576043,0.13335266032528695,0.013880099515117365,0
AR1_0.8_n512,DMA::balanced_windows,constant_offset_1sd,64,64,0,0.07513674716947091,0.10756194651576043,0.13335266032528695,0.013880099515117364,0
AR1_0.8_n512,DMA::balanced_windows,linear_plus_quadratic_0p5sd,64,64,0,0.2584980942013245,0.26116811431734654,0.2761256051137678,0.01223064398473728,0
AR1_0.8_n512,DMA::balanced_windows,linear_trend_0p5sd,64,64,0,0.23738997600768108,0.24257123732033725,0.25688883633791365,0.012368594077833656,0
AR1_0.8_n512,DMA::balanced_windows,midpoint_step_1sd,64,64,0,0.2905105969290453,0.2905105969290453,0.30273437783096857,0.010728760185648905,0
AR1_0.8_n512,DMA::balanced_windows,t3_realized_sd_0p5,64,64,0,0.07458387577824808,0.10831806966500715,0.13517908945606333,0.01420408598717968,0
AR1_0.8_n512,DMA::balanced_windows,t5_realized_sd_0p5,64,64,0,0.06932781963757476,0.10433588895378018,0.13005960095266905,0.013863938161200013,0
AR1_0.8_n512,DMA::long_windows,additive_outliers_1pct_8sd,64,64,0,-0.0065536767833543515,0.1149680121300156,0.1390226471219724,0.017495734506653274,0
AR1_0.8_n512,DMA::long_windows,clean,64,64,0,-0.0012342203550140688,0.10644569738160639,0.12873839824956454,0.016218768220886484,0
AR1_0.8_n512,DMA::long_windows,constant_offset_1sd,64,64,0,-0.0012342203550140948,0.1064456973816064,0.12873839824956454,0.016218768220886484,0
AR1_0.8_n512,DMA::long_windows,linear_plus_quadratic_0p5sd,64,64,0,0.20872637957347026,0.21795337039629858,0.2376909488700174,0.014326291539816679,0
AR1_0.8_n512,DMA::long_windows,linear_trend_0p5sd,64,64,0,0.18695367882231806,0.19930475113316687,0.21808617829993954,0.014147692133446039,0
AR1_0.8_n512,DMA::long_windows,midpoint_step_1sd,64,64,0,0.2555379770713594,0.2555379770713594,0.27119864579577596,0.011442782264996976,0
AR1_0.8_n512,DMA::long_windows,t3_realized_sd_0p5,64,64,0,8.20562140902252e-05,0.11043616115890376,0.1353314413041384,0.01705015583051871,0
AR1_0.8_n512,DMA::long_windows,t5_realized_sd_0p5,64,64,0,-0.005515719128910321,0.10666586576929035,0.12949932334037204,0.016300575307845705,0
AR1_0.8_n512,DMA::short_windows,additive_outliers_1pct_8sd,64,64,0,0.1424797253429913,0.14550989945725085,0.16741954840958437,0.011076095421017052,0
AR1_0.8_n512,DMA::short_windows,clean,64,64,0,0.15684303073491143,0.15830200237096834,0.18005767632484798,0.011141963089258668,0
AR1_0.8_n512,DMA::short_windows,constant_offset_1sd,64,64,0,0.1568430307349114,0.1583020023709683,0.18005767632484798,0.011141963089258666,0
AR1_0.8_n512,DMA::short_windows,linear_plus_quadratic_0p5sd,64,64,0,0.30367685807684563,0.30367685807684563,0.31262373382015435,0.009355386205350966,0
AR1_0.8_n512,DMA::short_windows,linear_trend_0p5sd,64,64,0,0.2891508085615163,0.2891508085615163,0.2984557889345186,0.009316028052691097,0
AR1_0.8_n512,DMA::short_windows,midpoint_step_1sd,64,64,0,0.3215121071434812,0.3215121071434812,0.3288794849521787,0.008721147971771849,0
AR1_0.8_n512,DMA::short_windows,t3_realized_sd_0p5,64,64,0,0.15409343546533116,0.15574703156340916,0.17768940461002256,0.01114745159656306,0
AR1_0.8_n512,DMA::short_windows,t5_realized_sd_0p5,64,64,0,0.1484530079090441,0.1499156351818116,0.17194172130389085,0.010929543454429215,0
AR1_0.8_n512,GHE,additive_outliers_1pct_8sd,64,64,0,0.23511198996815588,0.23511198996815588,0.2425803718660026,0.007525184159389604,0
AR1_0.8_n512,GHE,clean,64,64,0,0.2507458519855684,0.2507458519855684,0.2575479920311452,0.007408152856879558,0
AR1_0.8_n512,GHE,constant_offset_1sd,64,64,0,0.45811663521021573,0.45811663521021573,0.45864122376888883,0.0027629081868769992,0
AR1_0.8_n512,GHE,linear_plus_quadratic_0p5sd,64,64,0,0.325829458387564,0.325829458387564,0.3294884394141543,0.006169298993443272,0
AR1_0.8_n512,GHE,linear_trend_0p5sd,64,64,0,0.3309318180079932,0.3309318180079932,0.3340292139861514,0.005717763501788941,0
AR1_0.8_n512,GHE,midpoint_step_1sd,64,64,0,0.3905980344241482,0.3905980344241482,0.39181544914294625,0.003888366227853975,0
AR1_0.8_n512,GHE,t3_realized_sd_0p5,64,64,0,0.2368905443150766,0.2368905443150766,0.24421811117938932,0.007480509958568515,0
AR1_0.8_n512,GHE,t5_realized_sd_0p5,64,64,0,0.23073673924369906,0.23073673924369906,0.23786192231781622,0.007279947727782053,0
AR1_0.8_n512,GHE::centered,additive_outliers_1pct_8sd,64,64,0,0.22169296898461766,0.22169296898461766,0.2284835213557031,0.006965843006547258,0
AR1_0.8_n512,GHE::centered,clean,64,64,0,0.2357289351014767,0.2357289351014767,0.24212164725425642,0.0069633521678360765,0
AR1_0.8_n512,GHE::centered,constant_offset_1sd,64,64,0,0.23572893510147666,0.23572893510147666,0.2421216472542564,0.0069633521678360765,0
AR1_0.8_n512,GHE::centered,linear_plus_quadratic_0p5sd,64,64,0,0.3217671748807406,0.3217671748807406,0.32537427273190955,0.006087069987531806,0
AR1_0.8_n512,GHE::centered,linear_trend_0p5sd,64,64,0,0.3240993163103521,0.3240993163103521,0.3277260382623137,0.006125654253717944,0
AR1_0.8_n512,GHE::centered,midpoint_step_1sd,64,64,0,0.34303922546720444,0.34303922546720444,0.34700293903809576,0.006588987315230421,0
AR1_0.8_n512,GHE::centered,t3_realized_sd_0p5,64,64,0,0.2212674995765052,0.2212674995765052,0.22821523753141537,0.00704057207348453,0
AR1_0.8_n512,GHE::centered,t5_realized_sd_0p5,64,64,0,0.2161183299478309,0.2161183299478309,0.222927338838904,0.006888529529951661,0
AR1_0.8_n512,GPH::narrow_band,additive_outliers_1pct_8sd,64,64,0,0.218656020199067,0.2216255684381972,0.25348049044570176,0.016154955929009313,0
AR1_0.8_n512,GPH::narrow_band,clean,64,64,0,0.23070884494680816,0.2336095033999216,0.26164862301424124,0.015549935328073632,1
AR1_0.8_n512,GPH::narrow_band,constant_offset_1sd,64,64,0,0.23070884494680818,0.23360950339992165,0.26164862301424124,0.015549935328073633,1
AR1_0.8_n512,GPH::narrow_band,linear_plus_quadratic_0p5sd,64,64,0,0.38393189835939023,0.38522169378459764,0.40070609959081005,0.01445390905077845,9
AR1_0.8_n512,GPH::narrow_band,linear_trend_0p5sd,64,64,0,0.39186031746467426,0.39186031746467426,0.4059812385216912,0.01337271424057866,10
AR1_0.8_n512,GPH::narrow_band,midpoint_step_1sd,64,64,0,0.38139699859852066,0.38139699859852066,0.39722893094789763,0.013988177004368727,10
AR1_0.8_n512,GPH::narrow_band,t3_realized_sd_0p5,64,64,0,0.2176197359042675,0.224611596052456,0.2509507831805512,0.015744964488000442,1
AR1_0.8_n512,GPH::narrow_band,t5_realized_sd_0p5,64,64,0,0.21023128409037728,0.21673096043420925,0.2468833779378715,0.016307661794444466,2
AR1_0.8_n512,GPH::wider_band,additive_outliers_1pct_8sd,64,64,0,0.31347691659302584,0.31347691659302584,0.32536108782692347,0.010977654240455277,0
AR1_0.8_n512,GPH::wider_band,clean,64,64,0,0.3950445662734339,0.3950445662734339,0.40516785149320333,0.011339479104979625,7
AR1_0.8_n512,GPH::wider_band,constant_offset_1sd,64,64,0,0.3950445662734339,0.3950445662734339,0.40516785149320333,0.011339479104979627,7
AR1_0.8_n512,GPH::wider_band,linear_plus_quadratic_0p5sd,64,64,0,0.48480309332599103,0.48480309332599103,0.4925059772549065,0.010931313934704357,28
AR1_0.8_n512,GPH::wider_band,linear_trend_0p5sd,64,64,0,0.4909915942928985,0.4909915942928985,0.49851147011979713,0.01086784990250964,32
AR1_0.8_n512,GPH::wider_band,midpoint_step_1sd,64,64,0,0.48203696393294554,0.48203696393294554,0.4904096697771004,0.011368300129239086,29
AR1_0.8_n512,GPH::wider_band,t3_realized_sd_0p5,64,64,0,0.3436403801360459,0.3436403801360459,0.356917376528365,0.012150708913830662,2
AR1_0.8_n512,GPH::wider_band,t5_realized_sd_0p5,64,64,0,0.3525150164648406,0.3525150164648406,0.362906133342209,0.010862798598877864,2
AR1_0.8_n512,Higuchi,additive_outliers_1pct_8sd,64,64,0,0.2491121940071799,0.2491121940071799,0.25593635222380157,0.007396407521968438,0
AR1_0.8_n512,Higuchi,clean,64,64,0,0.26465916250284416,0.26465916250284416,0.2705677108424201,0.007084987318155353,0
AR1_0.8_n512,Higuchi,constant_offset_1sd,64,64,0,0.45377312295729394,0.45377312295729394,0.4543610421461376,0.002911143073670101,0
AR1_0.8_n512,Higuchi,linear_plus_quadratic_0p5sd,64,64,0,0.3330962062917201,0.3330962062917201,0.3359123131501788,0.005468523900494479,0
AR1_0.8_n512,Higuchi,linear_trend_0p5sd,64,64,0,0.336058680667885,0.336058680667885,0.33879311895656017,0.0054121271821809406,0
AR1_0.8_n512,Higuchi,midpoint_step_1sd,64,64,0,0.39064118879226667,0.39064118879226667,0.3917759035963698,0.0037539825576476055,0
AR1_0.8_n512,Higuchi,t3_realized_sd_0p5,64,64,0,0.2499363627681561,0.2499363627681561,0.2563670637985909,0.007188931049460436,0
AR1_0.8_n512,Higuchi,t5_realized_sd_0p5,64,64,0,0.24459965058483824,0.24459965058483824,0.2504682508216949,0.006790931866127706,0
AR1_0.8_n512,Higuchi::centered,additive_outliers_1pct_8sd,64,64,0,0.23942465095449844,0.23942465095449844,0.24578919137700367,0.0070013185981176555,0
AR1_0.8_n512,Higuchi::centered,clean,64,64,0,0.2540205821854897,0.2540205821854897,0.25947324088498186,0.006666555429429962,0
AR1_0.8_n512,Higuchi::centered,constant_offset_1sd,64,64,0,0.2540205821854897,0.2540205821854897,0.2594732408849819,0.006666555429429966,0
AR1_0.8_n512,Higuchi::centered,linear_plus_quadratic_0p5sd,64,64,0,0.33031892268083946,0.33031892268083946,0.3330638387527433,0.00537621157062399,0
AR1_0.8_n512,Higuchi::centered,linear_trend_0p5sd,64,64,0,0.3307130010729493,0.3307130010729493,0.3337106172372383,0.0056226398620898305,0
AR1_0.8_n512,Higuchi::centered,midpoint_step_1sd,64,64,0,0.3445879140109633,0.3445879140109633,0.34809055201563505,0.006205734572896783,0
AR1_0.8_n512,Higuchi::centered,t3_realized_sd_0p5,64,64,0,0.23838411425046452,0.23838411425046452,0.24441911298881142,0.0068006965881057865,0
AR1_0.8_n512,Higuchi::centered,t5_realized_sd_0p5,64,64,0,0.2339568515584774,0.2339568515584774,0.2394871349706078,0.006446703876972797,0
AR1_0.8_n512,ModifiedLocalWhittle,additive_outliers_1pct_8sd,64,64,0,0.33175665505877505,0.33175665505877505,0.341190614376043,0.010038463458684463,0
AR1_0.8_n512,ModifiedLocalWhittle,clean,64,64,0,0.4086617334852414,0.4086617334852414,0.41550777704463693,0.009463631613921797,0
AR1_0.8_n512,ModifiedLocalWhittle,constant_offset_1sd,64,64,0,0.40866173348536344,0.40866173348536344,0.41550777704475866,0.009463631613923,0
AR1_0.8_n512,ModifiedLocalWhittle,linear_plus_quadratic_0p5sd,64,64,0,0.4584016005724061,0.4584016005724061,0.4607838482491463,0.0058955557648928715,0
AR1_0.8_n512,ModifiedLocalWhittle,linear_trend_0p5sd,64,64,0,0.45768646693487797,0.45768646693487797,0.4599519397277309,0.005744403548369914,0
AR1_0.8_n512,ModifiedLocalWhittle,midpoint_step_1sd,64,64,0,0.45688011128523837,0.45688011128523837,0.4593281645509009,0.005966742034224434,0
AR1_0.8_n512,ModifiedLocalWhittle,t3_realized_sd_0p5,64,64,0,0.3684620035070992,0.3684620035070992,0.37687791652997715,0.009978322488012475,0
AR1_0.8_n512,ModifiedLocalWhittle,t5_realized_sd_0p5,64,64,0,0.37043525036900565,0.37043525036900565,0.37744479866401354,0.009122013599216088,0
AR1_0.8_n512,RS,additive_outliers_1pct_8sd,64,64,0,0.24567526499153935,0.24567526499153935,0.2507717535368013,0.0063372626197791175,0
AR1_0.8_n512,RS,clean,64,64,0,0.30030163301798163,0.30030163301798163,0.30450492947668917,0.006352329009632441,0
AR1_0.8_n512,RS,constant_offset_1sd,64,64,0,0.30030163301798163,0.30030163301798163,0.30450492947668917,0.006352329009632442,0
AR1_0.8_n512,RS,linear_plus_quadratic_0p5sd,64,64,0,0.31035326347121156,0.31035326347121156,0.3142511239496171,0.006216492090445892,0
AR1_0.8_n512,RS,linear_trend_0p5sd,64,64,0,0.3099164622636769,0.3099164622636769,0.313375350616119,0.005849836236674619,0
AR1_0.8_n512,RS,midpoint_step_1sd,64,64,0,0.31997134789722065,0.31997134789722065,0.32374466347594266,0.006209239983637252,0
AR1_0.8_n512,RS,t3_realized_sd_0p5,64,64,0,0.2918096639612979,0.2918096639612979,0.2955611872815541,0.005914114736147907,0
AR1_0.8_n512,RS,t5_realized_sd_0p5,64,64,0,0.2896514984957447,0.2896514984957447,0.2941112294803928,0.006428390311287305,0
AR1_0.8_n512,Variance,additive_outliers_1pct_8sd,64,64,0,-0.06325700469666236,0.19649426273244808,0.26722276006559553,0.03271001857445166,3
AR1_0.8_n512,Variance,clean,64,64,0,-0.022345376335046272,0.15953611676801357,0.19477221553606802,0.02437696678309315,1
AR1_0.8_n512,Variance,constant_offset_1sd,64,64,0,-0.022345376335046276,0.1595361167680136,0.19477221553606802,0.02437696678309315,1
AR1_0.8_n512,Variance,linear_plus_quadratic_0p5sd,64,64,0,0.06390007519015514,0.19161028441844105,0.23068762316034355,0.02792664991930212,3
AR1_0.8_n512,Variance,linear_trend_0p5sd,64,64,0,0.2645735475988594,0.2785255541442553,0.29799067803274604,0.017274296027909145,0
AR1_0.8_n512,Variance,midpoint_step_1sd,64,64,0,0.30405351593398333,0.31891698703810223,0.33198515194690087,0.016792666843137218,0
AR1_0.8_n512,Variance,t3_realized_sd_0p5,64,64,0,-0.0349323920849673,0.17141288418327538,0.22333393150904668,0.027791106532945937,2
AR1_0.8_n512,Variance,t5_realized_sd_0p5,64,64,0,-0.04120811258362944,0.17359561180321442,0.21459204125138595,0.02653288933157208,1
AR1_0.8_n512,VarianceResidual,additive_outliers_1pct_8sd,64,64,0,0.2729925254804187,0.2729925254804187,0.28451234494368016,0.010096640536033904,0
AR1_0.8_n512,VarianceResidual,clean,64,64,0,0.34035452688876117,0.34035452688876117,0.3507502910875823,0.010678983011706033,2
AR1_0.8_n512,VarianceResidual,constant_offset_1sd,64,64,0,0.3403545268887611,0.3403545268887611,0.35075029108758227,0.010678983011706032,2
AR1_0.8_n512,VarianceResidual,linear_plus_quadratic_0p5sd,64,64,0,0.36056180197726545,0.36056180197726545,0.3703881529821819,0.01067750255002098,2
AR1_0.8_n512,VarianceResidual,linear_trend_0p5sd,64,64,0,0.36248076043885263,0.36248076043885263,0.3717650321143959,0.010402180338213402,3
AR1_0.8_n512,VarianceResidual,midpoint_step_1sd,64,64,0,0.3756382529949096,0.3756382529949096,0.38452437244356324,0.010354736582033756,2
AR1_0.8_n512,VarianceResidual,t3_realized_sd_0p5,64,64,0,0.3079198418030832,0.3079198418030832,0.3177268398617994,0.00986875443848606,0
AR1_0.8_n512,VarianceResidual,t5_realized_sd_0p5,64,64,0,0.302342904078613,0.302342904078613,0.3129854365892421,0.010195433050323914,1
AR1_0.8_n512,WaveletOLS::broad_band,additive_outliers_1pct_8sd,64,64,0,0.3482154427776454,0.3482154427776454,0.36589464546403744,0.014156100816402757,5
AR1_0.8_n512,WaveletOLS::broad_band,clean,64,64,0,0.4651371899264942,0.4651371899264942,0.4761316660927088,0.01281662982439632,26
AR1_0.8_n512,WaveletOLS::broad_band,constant_offset_1sd,64,64,0,0.4651371899264942,0.4651371899264942,0.4761316660927088,0.012816629824396322,26
AR1_0.8_n512,WaveletOLS::broad_band,linear_plus_quadratic_0p5sd,64,64,0,0.46922878155097725,0.46922878155097725,0.4807599098428606,0.013186357474046622,27
AR1_0.8_n512,WaveletOLS::broad_band,linear_trend_0p5sd,64,64,0,0.4659595965534349,0.4659595965534349,0.47706738560282147,0.01289453236266927,27
AR1_0.8_n512,WaveletOLS::broad_band,midpoint_step_1sd,64,64,0,0.473961526023601,0.473961526023601,0.4861757457001385,0.013643608630117895,30
AR1_0.8_n512,WaveletOLS::broad_band,t3_realized_sd_0p5,64,64,0,0.39063576738662775,0.39063576738662775,0.40379118075120596,0.012879795233210095,6
AR1_0.8_n512,WaveletOLS::broad_band,t5_realized_sd_0p5,64,64,0,0.3964291329084051,0.3964291329084051,0.4076775940695056,0.011982105233970676,6
AR1_0.8_n512,WaveletOLS::conservative_band,additive_outliers_1pct_8sd,64,64,0,0.31049692493625436,0.3187352903294741,0.3541572113190331,0.021462033637278822,9
AR1_0.8_n512,WaveletOLS::conservative_band,clean,64,64,0,0.4089328035554584,0.4089328035554584,0.44071153660367995,0.020702204725718206,20
AR1_0.8_n512,WaveletOLS::conservative_band,constant_offset_1sd,64,64,0,0.4089328035554584,0.4089328035554584,0.44071153660367995,0.020702204725718206,20
AR1_0.8_n512,WaveletOLS::conservative_band,linear_plus_quadratic_0p5sd,64,64,0,0.408402548349287,0.408402548349287,0.44043490820712383,0.020774781289023467,20
AR1_0.8_n512,WaveletOLS::conservative_band,linear_trend_0p5sd,64,64,0,0.408885174973706,0.408885174973706,0.44066052003164263,0.020699899394464323,20
AR1_0.8_n512,WaveletOLS::conservative_band,midpoint_step_1sd,64,64,0,0.4077946585020925,0.4087333012034986,0.4389514890978909,0.020463644215487554,20
AR1_0.8_n512,WaveletOLS::conservative_band,t3_realized_sd_0p5,64,64,0,0.3660429526681429,0.3671605809783444,0.4031646337976098,0.021289493178467355,15
AR1_0.8_n512,WaveletOLS::conservative_band,t5_realized_sd_0p5,64,64,0,0.3628198180971924,0.3628198180971924,0.393015780577648,0.019033464005463456,14
AR1_0.8_n512,WaveletOLS::upper_band,additive_outliers_1pct_8sd,64,64,0,0.4366396637843123,0.4366396637843123,0.4460660121318555,0.011492365436498364,20
AR1_0.8_n512,WaveletOLS::upper_band,clean,64,64,0,0.5991253965015446,0.5991253965015446,0.6043198127557977,0.009961190848096995,58
AR1_0.8_n512,WaveletOLS::upper_band,constant_offset_1sd,64,64,0,0.5991253965015446,0.5991253965015446,0.6043198127557977,0.009961190848096997,58
AR1_0.8_n512,WaveletOLS::upper_band,linear_plus_quadratic_0p5sd,64,64,0,0.599348611411713,0.599348611411713,0.6045766648680979,0.009995384412503201,58
AR1_0.8_n512,WaveletOLS::upper_band,linear_trend_0p5sd,64,64,0,0.5991540134568776,0.5991540134568776,0.6043524855345503,0.009965332710782003,58
AR1_0.8_n512,WaveletOLS::upper_band,midpoint_step_1sd,64,64,0,0.6037851460938148,0.6037851460938148,0.6089461538020898,0.009967339989064503,58
AR1_0.8_n512,WaveletOLS::upper_band,t3_realized_sd_0p5,64,64,0,0.49993490821342434,0.49993490821342434,0.5063435654728021,0.010117479645176121,32
AR1_0.8_n512,WaveletOLS::upper_band,t5_realized_sd_0p5,64,64,0,0.5027896522417569,0.5027896522417569,0.5099883392731406,0.010757553118541423,32
AR1_0.8_n512,WhittleMLE,additive_outliers_1pct_8sd,64,64,0,0.3335931416467202,0.3335931416467202,0.3431457835801661,0.010129827585236895,0
AR1_0.8_n512,WhittleMLE,clean,64,64,0,0.41015105855704004,0.41015105855704004,0.4169950333410928,0.00947927312503575,0
AR1_0.8_n512,WhittleMLE,constant_offset_1sd,64,64,0,0.41015105855705947,0.41015105855705947,0.4169950333411153,0.00947927312503819,0
AR1_0.8_n512,WhittleMLE,linear_plus_quadratic_0p5sd,64,64,0,0.4595472546415089,0.4595472546415089,0.46186935011846586,0.005827707941045903,0
AR1_0.8_n512,WhittleMLE,linear_trend_0p5sd,64,64,0,0.45887142277486737,0.45887142277486737,0.46107417995411015,0.0056714500552286825,0
AR1_0.8_n512,WhittleMLE,midpoint_step_1sd,64,64,0,0.4581872300495665,0.4581872300495665,0.46058436729370156,0.005912619829780022,0
AR1_0.8_n512,WhittleMLE,t3_realized_sd_0p5,64,64,0,0.370261660516397,0.370261660516397,0.37874577641391294,0.010043291927765511,0
AR1_0.8_n512,WhittleMLE,t5_realized_sd_0p5,64,64,0,0.3721312320661628,0.3721312320661628,0.3791689440315605,0.009161196843318972,0
AR1_0.95_n512,AbsoluteMoment,additive_outliers_1pct_8sd,64,64,0,0.09535480240113406,0.1750676499624835,0.20975966591483364,0.02353874856882586,0
AR1_0.95_n512,AbsoluteMoment,clean,64,64,0,0.09412848743301946,0.18432070435612255,0.22548462793956323,0.02581470766049978,1
AR1_0.95_n512,AbsoluteMoment,constant_offset_1sd,64,64,0,0.09412848743301945,0.18432070435612252,0.22548462793956323,0.02581470766049978,1
AR1_0.95_n512,AbsoluteMoment,linear_plus_quadratic_0p5sd,64,64,0,0.10539217221129446,0.20466449320404984,0.2395766758533798,0.02710633781964474,1
AR1_0.95_n512,AbsoluteMoment,linear_trend_0p5sd,64,64,0,0.19343281415364477,0.24612220770818186,0.2764155781936008,0.02487726005580585,0
AR1_0.95_n512,AbsoluteMoment,midpoint_step_1sd,64,64,0,0.21551406188988498,0.24426274972021808,0.283081349012563,0.023124486879419266,0
AR1_0.95_n512,AbsoluteMoment,t3_realized_sd_0p5,64,64,0,0.08399994601791608,0.18615153815386565,0.22328764088694622,0.026065052818706986,0
AR1_0.95_n512,AbsoluteMoment,t5_realized_sd_0p5,64,64,0,0.09825815661933798,0.17621220159771428,0.2141912770060536,0.02397857436594331,1
AR1_0.95_n512,DFA::balanced_scales,additive_outliers_1pct_8sd,64,64,0,0.5771573704459472,0.5771573704459472,0.5829863230463923,0.010360503909323802,51
AR1_0.95_n512,DFA::balanced_scales,clean,64,64,0,0.7161205752981126,0.7161205752981126,0.7224112586667119,0.011985009342443712,63
AR1_0.95_n512,DFA::balanced_scales,constant_offset_1sd,64,64,0,0.7161205752981126,0.7161205752981126,0.7224112586667119,0.011985009342443712,63
AR1_0.95_n512,DFA::balanced_scales,linear_plus_quadratic_0p5sd,64,64,0,0.7192173411830127,0.7192173411830127,0.726375489856909,0.012816017016480021,61
AR1_0.95_n512,DFA::balanced_scales,linear_trend_0p5sd,64,64,0,0.7247275651508392,0.7247275651508392,0.7316001158152109,0.012604286101042085,62
AR1_0.95_n512,DFA::balanced_scales,midpoint_step_1sd,64,64,0,0.7256158207382483,0.7256158207382483,0.732623315153966,0.012735778001142183,63
AR1_0.95_n512,DFA::balanced_scales,t3_realized_sd_0p5,64,64,0,0.6457231617421986,0.6457231617421986,0.6514621816400027,0.010870502169158898,61
AR1_0.95_n512,DFA::balanced_scales,t5_realized_sd_0p5,64,64,0,0.6493641877817788,0.6493641877817788,0.6550660257587394,0.01086544671055923,61
AR1_0.95_n512,DFA::long_scales,additive_outliers_1pct_8sd,64,64,0,0.5285577872376891,0.5285577872376891,0.5361421268399694,0.011321454364818248,44
AR1_0.95_n512,DFA::long_scales,clean,64,64,0,0.6150896661994618,0.6150896661994618,0.6235532335741168,0.012899697077390622,57
AR1_0.95_n512,DFA::long_scales,constant_offset_1sd,64,64,0,0.6150896661994618,0.6150896661994618,0.6235532335741167,0.012899697077390622,57
AR1_0.95_n512,DFA::long_scales,linear_plus_quadratic_0p5sd,64,64,0,0.6240505580765687,0.6240505580765687,0.6336744996882103,0.013861143886136192,55
AR1_0.95_n512,DFA::long_scales,linear_trend_0p5sd,64,64,0,0.6325466786706005,0.6325466786706005,0.6414595010457234,0.013425272770496287,56
AR1_0.95_n512,DFA::long_scales,midpoint_step_1sd,64,64,0,0.6300234388214238,0.6300234388214238,0.6390010904276482,0.013447641029546624,55
AR1_0.95_n512,DFA::long_scales,t3_realized_sd_0p5,64,64,0,0.5750106537972152,0.5750106537972152,0.5835400391410196,0.01252408809239462,51
AR1_0.95_n512,DFA::long_scales,t5_realized_sd_0p5,64,64,0,0.5776638084236585,0.5776638084236585,0.585369815671887,0.011927256724479626,53
AR1_0.95_n512,DFA::short_scales,additive_outliers_1pct_8sd,64,64,0,0.5597023248693781,0.5597023248693781,0.5643823973309879,0.009138092219434773,52
AR1_0.95_n512,DFA::short_scales,clean,64,64,0,0.7888016792134751,0.7888016792134751,0.7938373746820913,0.01124735475931366,64
AR1_0.95_n512,DFA::short_scales,constant_offset_1sd,64,64,0,0.7888016792134751,0.7888016792134751,0.7938373746820913,0.011247354759313662,64
AR1_0.95_n512,DFA::short_scales,linear_plus_quadratic_0p5sd,64,64,0,0.7907719074327865,0.7907719074327865,0.7961895715691086,0.011682047202162201,64
AR1_0.95_n512,DFA::short_scales,linear_trend_0p5sd,64,64,0,0.7925720906965529,0.7925720906965529,0.7977487512396925,0.011431334792275141,64
AR1_0.95_n512,DFA::short_scales,midpoint_step_1sd,64,64,0,0.8013782264614874,0.8013782264614874,0.8069936128898453,0.011973270096374573,64
AR1_0.95_n512,DFA::short_scales,t3_realized_sd_0p5,64,64,0,0.6598835107676504,0.6598835107676504,0.6640559482956342,0.009363941887846014,63
AR1_0.95_n512,DFA::short_scales,t5_realized_sd_0p5,64,64,0,0.6639498202696086,0.6639498202696086,0.6682632046181252,0.00955048973267746,62
AR1_0.95_n512,DMA::balanced_windows,additive_outliers_1pct_8sd,64,64,0,0.24056270143467,0.24098549514639497,0.2616032581568489,0.012950363944590326,0
AR1_0.95_n512,DMA::balanced_windows,clean,64,64,0,0.2514886559916868,0.2514886559916868,0.27151559081444127,0.012894056686023302,0
AR1_0.95_n512,DMA::balanced_windows,constant_offset_1sd,64,64,0,0.2514886559916869,0.2514886559916869,0.27151559081444127,0.012894056686023305,0
AR1_0.95_n512,DMA::balanced_windows,linear_plus_quadratic_0p5sd,64,64,0,0.28618283251205034,0.28618283251205034,0.3020952403206797,0.012189587411659644,0
AR1_0.95_n512,DMA::balanced_windows,linear_trend_0p5sd,64,64,0,0.27381094451449856,0.2744443467972457,0.29226250961874534,0.01287605208691109,0
AR1_0.95_n512,DMA::balanced_windows,midpoint_step_1sd,64,64,0,0.2924402172314219,0.2951930813583292,0.3140410618124731,0.014420283251265771,0
AR1_0.95_n512,DMA::balanced_windows,t3_realized_sd_0p5,64,64,0,0.24784108723560547,0.24784108723560547,0.26878721793734983,0.013106017038334028,0
AR1_0.95_n512,DMA::balanced_windows,t5_realized_sd_0p5,64,64,0,0.2464914453260905,0.24711650490832504,0.26687135146718755,0.01288673836292849,0
AR1_0.95_n512,DMA::long_windows,additive_outliers_1pct_8sd,64,64,0,0.1410960835999455,0.16115719261950115,0.19083301132154462,0.01618795035056865,0
AR1_0.95_n512,DMA::long_windows,clean,64,64,0,0.14789664396621222,0.165996831341521,0.19644066491087328,0.016288820557221344,0
AR1_0.95_n512,DMA::long_windows,constant_offset_1sd,64,64,0,0.1478966439662122,0.165996831341521,0.19644066491087328,0.016288820557221348,0
AR1_0.95_n512,DMA::long_windows,linear_plus_quadratic_0p5sd,64,64,0,0.19094999715250768,0.20078480095012727,0.2295872714809936,0.01605961800211096,0
AR1_0.95_n512,DMA::long_windows,linear_trend_0p5sd,64,64,0,0.18126235273875524,0.19504740262039083,0.22214309157618772,0.016179309055153867,0
AR1_0.95_n512,DMA::long_windows,midpoint_step_1sd,64,64,0,0.20902500432725019,0.22527734435481236,0.25062471774879536,0.017421614340601185,0
AR1_0.95_n512,DMA::long_windows,t3_realized_sd_0p5,64,64,0,0.14677812820876485,0.16669434744877887,0.19580809732424675,0.01632846966326046,0
AR1_0.95_n512,DMA::long_windows,t5_realized_sd_0p5,64,64,0,0.14478808328515982,0.16428114134408978,0.19402326674975845,0.01627220776957299,0
AR1_0.95_n512,DMA::short_windows,additive_outliers_1pct_8sd,64,64,0,0.33213747598042254,0.33213747598042254,0.33991440953882285,0.009108257949830358,0
AR1_0.95_n512,DMA::short_windows,clean,64,64,0,0.3493995575135651,0.3493995575135651,0.3566410552052583,0.009008630312927679,0
AR1_0.95_n512,DMA::short_windows,constant_offset_1sd,64,64,0,0.34939955751356516,0.34939955751356516,0.3566410552052583,0.00900863031292768,0
AR1_0.95_n512,DMA::short_windows,linear_plus_quadratic_0p5sd,64,64,0,0.3711269398314193,0.3711269398314193,0.377871681825657,0.008954738443369093,0
AR1_0.95_n512,DMA::short_windows,linear_trend_0p5sd,64,64,0,0.36201297823247564,0.36201297823247564,0.3700849496757981,0.009685100295955472,0
AR1_0.95_n512,DMA::short_windows,midpoint_step_1sd,64,64,0,0.3730356437597161,0.3730356437597161,0.3826951275488084,0.010764410153019417,1
AR1_0.95_n512,DMA::short_windows,t3_realized_sd_0p5,64,64,0,0.34302571514982383,0.34302571514982383,0.35073926329612337,0.009216435942569165,0
AR1_0.95_n512,DMA::short_windows,t5_realized_sd_0p5,64,64,0,0.34269416548214554,0.34269416548214554,0.35003702321977676,0.008985549747832233,0
AR1_0.95_n512,GHE,additive_outliers_1pct_8sd,64,64,0,0.38411732189297093,0.38411732189297093,0.38603658393678825,0.004843793540480905,0
AR1_0.95_n512,GHE,clean,64,64,0,0.400784768008867,0.400784768008867,0.402648889068331,0.004875754072798329,0
AR1_0.95_n512,GHE,constant_offset_1sd,64,64,0,0.46184902641922093,0.46184902641922093,0.4626124179940546,0.0033469390847286535,0
AR1_0.95_n512,GHE,linear_plus_quadratic_0p5sd,64,64,0,0.41167214054350304,0.41167214054350304,0.4134785554207198,0.004864129301251551,0
AR1_0.95_n512,GHE,linear_trend_0p5sd,64,64,0,0.411556725837846,0.411556725837846,0.41332237186849036,0.004808135474391888,0
AR1_0.95_n512,GHE,midpoint_step_1sd,64,64,0,0.43238901479999736,0.43238901479999736,0.4338573005577257,0.004493199672175571,0
AR1_0.95_n512,GHE,t3_realized_sd_0p5,64,64,0,0.38460927378136034,0.38460927378136034,0.38648080603727075,0.0047860908869000384,0
AR1_0.95_n512,GHE,t5_realized_sd_0p5,64,64,0,0.3843043955649552,0.3843043955649552,0.38629229394702946,0.004931061111718501,0
AR1_0.95_n512,GHE::centered,additive_outliers_1pct_8sd,64,64,0,0.36946808424239586,0.36946808424239586,0.37196657966988717,0.0054225735083507105,0
AR1_0.95_n512,GHE::centered,clean,64,64,0,0.38828500177168623,0.38828500177168623,0.3905146657673942,0.00525003639984543,0
AR1_0.95_n512,GHE::centered,constant_offset_1sd,64,64,0,0.38828500177168623,0.38828500177168623,0.3905146657673942,0.005250036399845429,0
AR1_0.95_n512,GHE::centered,linear_plus_quadratic_0p5sd,64,64,0,0.40348969634711046,0.40348969634711046,0.40549655731119894,0.00507643627803377,0
AR1_0.95_n512,GHE::centered,linear_trend_0p5sd,64,64,0,0.40415935035795497,0.40415935035795497,0.40611267746521534,0.005012248990195052,0
AR1_0.95_n512,GHE::centered,midpoint_step_1sd,64,64,0,0.40892467223870654,0.40892467223870654,0.4114976263192382,0.005788479117127899,0
AR1_0.95_n512,GHE::centered,t3_realized_sd_0p5,64,64,0,0.3701538920434395,0.3701538920434395,0.37249817121240514,0.005256868163061473,0
AR1_0.95_n512,GHE::centered,t5_realized_sd_0p5,64,64,0,0.37093598976079056,0.37093598976079056,0.37326340022009313,0.00524337441943179,0
AR1_0.95_n512,GPH::narrow_band,additive_outliers_1pct_8sd,64,64,0,0.589361502009312,0.589361502009312,0.6065771719745704,0.018077823610928988,47
AR1_0.95_n512,GPH::narrow_band,clean,64,64,0,0.6904808680710715,0.6904808680710715,0.7064686551401084,0.018828436583509828,58
AR1_0.95_n512,GPH::narrow_band,constant_offset_1sd,64,64,0,0.6904808680710716,0.6904808680710716,0.7064686551401084,0.018828436583509824,58
AR1_0.95_n512,GPH::narrow_band,linear_plus_quadratic_0p5sd,64,64,0,0.7325514765929514,0.7325514765929514,0.7514429700288144,0.021094974707078024,60
AR1_0.95_n512,GPH::narrow_band,linear_trend_0p5sd,64,64,0,0.7405214617798874,0.7405214617798874,0.7562001035191509,0.01929987301782109,63
AR1_0.95_n512,GPH::narrow_band,midpoint_step_1sd,64,64,0,0.7427350270088279,0.7427350270088279,0.7578243701770014,0.018957955020135284,62
AR1_0.95_n512,GPH::narrow_band,t3_realized_sd_0p5,64,64,0,0.6517544522646102,0.6517544522646102,0.6672889507194362,0.018034656982275018,57
AR1_0.95_n512,GPH::narrow_band,t5_realized_sd_0p5,64,64,0,0.6507721996024934,0.6507721996024934,0.666185034937861,0.017949684968580702,55
AR1_0.95_n512,GPH::wider_band,additive_outliers_1pct_8sd,64,64,0,0.5805466726177002,0.5805466726177002,0.585626939754545,0.009697384264228202,53
AR1_0.95_n512,GPH::wider_band,clean,64,64,0,0.8097635740746172,0.8097635740746172,0.8178934214325998,0.014492802222617477,62
AR1_0.95_n512,GPH::wider_band,constant_offset_1sd,64,64,0,0.8097635740746172,0.8097635740746172,0.8178934214325997,0.014492802222617474,62
AR1_0.95_n512,GPH::wider_band,linear_plus_quadratic_0p5sd,64,64,0,0.8320477815792419,0.8320477815792419,0.8408360043475653,0.015276122760929925,63
AR1_0.95_n512,GPH::wider_band,linear_trend_0p5sd,64,64,0,0.8368474714547055,0.8368474714547055,0.8448547641643567,0.014619991776362208,63
AR1_0.95_n512,GPH::wider_band,midpoint_step_1sd,64,64,0,0.8416233184553289,0.8416233184553289,0.8488036293438425,0.01388032238516736,63
AR1_0.95_n512,GPH::wider_band,t3_realized_sd_0p5,64,64,0,0.6856043627722417,0.6856043627722417,0.6905481784061053,0.010391880566522528,62
AR1_0.95_n512,GPH::wider_band,t5_realized_sd_0p5,64,64,0,0.6875635253109778,0.6875635253109778,0.6930626269915171,0.010977757884188416,63
AR1_0.95_n512,Higuchi,additive_outliers_1pct_8sd,64,64,0,0.4045887971861817,0.4045887971861817,0.4056939707748915,0.0037701903335753077,0
AR1_0.95_n512,Higuchi,clean,64,64,0,0.42327003071814373,0.42327003071814373,0.42430459645896557,0.003730763724671057,0
AR1_0.95_n512,Higuchi,constant_offset_1sd,64,64,0,0.4652526885291629,0.4652526885291629,0.46578850270225663,0.002813981718321103,0
AR1_0.95_n512,Higuchi,linear_plus_quadratic_0p5sd,64,64,0,0.4290863663602581,0.4290863663602581,0.4302734718529891,0.004024036479716084,0
AR1_0.95_n512,Higuchi,linear_trend_0p5sd,64,64,0,0.4289951482646534,0.4289951482646534,0.4301958377826726,0.004046596867138714,0
AR1_0.95_n512,Higuchi,midpoint_step_1sd,64,64,0,0.4445818946181441,0.4445818946181441,0.4455311663036009,0.0036622465253600216,0
AR1_0.95_n512,Higuchi,t3_realized_sd_0p5,64,64,0,0.4053885284564276,0.4053885284564276,0.4065022605239981,0.0037885139840291185,0
AR1_0.95_n512,Higuchi,t5_realized_sd_0p5,64,64,0,0.4059858256885067,0.4059858256885067,0.40711489225133163,0.003817347273137137,0
AR1_0.95_n512,Higuchi::centered,additive_outliers_1pct_8sd,64,64,0,0.3924623133723977,0.3924623133723977,0.3940911899418875,0.004509599236406337,0
AR1_0.95_n512,Higuchi::centered,clean,64,64,0,0.4138664703696949,0.4138664703696949,0.4151537191459176,0.00411569821733291,0
AR1_0.95_n512,Higuchi::centered,constant_offset_1sd,64,64,0,0.4138664703696948,0.4138664703696948,0.4151537191459176,0.004115698217332909,0
AR1_0.95_n512,Higuchi::centered,linear_plus_quadratic_0p5sd,64,64,0,0.4242278163337189,0.4242278163337189,0.4255122433656377,0.004162243562399002,0
AR1_0.95_n512,Higuchi::centered,linear_trend_0p5sd,64,64,0,0.4239348245773693,0.4239348245773693,0.42529905287330394,0.0042883172514355675,0
AR1_0.95_n512,Higuchi::centered,midpoint_step_1sd,64,64,0,0.4278661434917541,0.4278661434917541,0.4295411772936916,0.00477457925403743,0
AR1_0.95_n512,Higuchi::centered,t3_realized_sd_0p5,64,64,0,0.39388570609311424,0.39388570609311424,0.3953735870241683,0.00431741370974039,0
AR1_0.95_n512,Higuchi::centered,t5_realized_sd_0p5,64,64,0,0.39596518419516513,0.39596518419516513,0.3973113289992392,0.0041170667945714095,0
AR1_0.95_n512,ModifiedLocalWhittle,additive_outliers_1pct_8sd,64,64,0,0.4882840113752602,0.4882840113752602,0.4883601727063827,0.0010865886700958472,0
AR1_0.95_n512,ModifiedLocalWhittle,clean,64,64,0,0.48999416631891035,0.48999416631891035,0.4899941663189144,7.962677120096353e-09,0
AR1_0.95_n512,ModifiedLocalWhittle,constant_offset_1sd,64,64,0,0.48999416631891035,0.48999416631891035,0.4899941663189144,7.962677120096353e-09,0
AR1_0.95_n512,ModifiedLocalWhittle,linear_plus_quadratic_0p5sd,64,64,0,0.489994160569316,0.489994160569316,0.4899941605693163,2.2130827465743907e-09,0
AR1_0.95_n512,ModifiedLocalWhittle,linear_trend_0p5sd,64,64,0,0.4899941583562332,0.4899941583562332,0.48999415835623317,6.993747673752627e-18,0
AR1_0.95_n512,ModifiedLocalWhittle,midpoint_step_1sd,64,64,0,0.4899941583562332,0.4899941583562332,0.48999415835623317,6.993747673752627e-18,0
AR1_0.95_n512,ModifiedLocalWhittle,t3_realized_sd_0p5,64,64,0,0.4899941860895263,0.4899941860895263,0.4899941860895508,1.9539848839365303e-08,0
AR1_0.95_n512,ModifiedLocalWhittle,t5_realized_sd_0p5,64,64,0,0.48999418571032816,0.48999418571032816,0.4899941857103601,2.2295380120041358e-08,0
AR1_0.95_n512,RS,additive_outliers_1pct_8sd,64,64,0,0.3592564471030349,0.3592564471030349,0.3617062355393845,0.005294810341758286,0
AR1_0.95_n512,RS,clean,64,64,0,0.43198761145050885,0.43198761145050885,0.43339669691623517,0.004399495734428745,0
AR1_0.95_n512,RS,constant_offset_1sd,64,64,0,0.4319876114505089,0.4319876114505089,0.43339669691623517,0.0043994957344287485,0
AR1_0.95_n512,RS,linear_plus_quadratic_0p5sd,64,64,0,0.4315640793194254,0.4315640793194254,0.4329563355816789,0.004370961104387041,0
AR1_0.95_n512,RS,linear_trend_0p5sd,64,64,0,0.4329503838720832,0.4329503838720832,0.43452374939820804,0.0046544975622534466,1
AR1_0.95_n512,RS,midpoint_step_1sd,64,64,0,0.4311685720795775,0.4311685720795775,0.4326794885592831,0.004551647653499087,1
AR1_0.95_n512,RS,t3_realized_sd_0p5,64,64,0,0.43582663292810553,0.43582663292810553,0.4378010125603014,0.005232487995687005,3
AR1_0.95_n512,RS,t5_realized_sd_0p5,64,64,0,0.4399199934718198,0.4399199934718198,0.44169693425539824,0.004986618720121572,4
AR1_0.95_n512,Variance,additive_outliers_1pct_8sd,64,64,0,0.131114908663842,0.1910507460273782,0.2271723699411453,0.023372812312785846,0
AR1_0.95_n512,Variance,clean,64,64,0,0.13075259939153572,0.19908179184419922,0.23833295062219806,0.025104971083224112,1
AR1_0.95_n512,Variance,constant_offset_1sd,64,64,0,0.13075259939153572,0.19908179184419922,0.23833295062219806,0.025104971083224112,1
AR1_0.95_n512,Variance,linear_plus_quadratic_0p5sd,64,64,0,0.14101951625432646,0.22577455713872818,0.2592202236553079,0.02740311081498143,1
AR1_0.95_n512,Variance,linear_trend_0p5sd,64,64,0,0.2310521049774446,0.2738515540457547,0.30614684757361327,0.025304751126996993,1
AR1_0.95_n512,Variance,midpoint_step_1sd,64,64,0,0.25451374098376645,0.27497005307909195,0.31352751457339656,0.02306727842741597,1
AR1_0.95_n512,Variance,t3_realized_sd_0p5,64,64,0,0.11964660947236275,0.196532928990035,0.23657148384352747,0.025712314327777215,0
AR1_0.95_n512,Variance,t5_realized_sd_0p5,64,64,0,0.1345467183471326,0.1898146847922385,0.22989529540641765,0.02348556714240343,0
AR1_0.95_n512,VarianceResidual,additive_outliers_1pct_8sd,64,64,0,0.5072739841344824,0.5072739841344824,0.5137842197590518,0.010271960210563705,34
AR1_0.95_n512,VarianceResidual,clean,64,64,0,0.677959554264123,0.677959554264123,0.6843106256007127,0.011718845961405539,61
AR1_0.95_n512,VarianceResidual,constant_offset_1sd,64,64,0,0.6779595542641229,0.6779595542641229,0.6843106256007127,0.01171884596140554,61
AR1_0.95_n512,VarianceResidual,linear_plus_quadratic_0p5sd,64,64,0,0.6806445734294206,0.6806445734294206,0.6874886910882845,0.012191374152897779,62
AR1_0.95_n512,VarianceResidual,linear_trend_0p5sd,64,64,0,0.6896260842354456,0.6896260842354456,0.6960179722019562,0.011856872342626858,62
AR1_0.95_n512,VarianceResidual,midpoint_step_1sd,64,64,0,0.6849010739966623,0.6849010739966623,0.6916429702740465,0.012137124713583532,62
AR1_0.95_n512,VarianceResidual,t3_realized_sd_0p5,64,64,0,0.5856124965950387,0.5856124965950387,0.5913574157891521,0.010359871483352717,54
AR1_0.95_n512,VarianceResidual,t5_realized_sd_0p5,64,64,0,0.5862344545076731,0.5862344545076731,0.5919046707760107,0.010297405771734719,56
AR1_0.95_n512,WaveletOLS::broad_band,additive_outliers_1pct_8sd,64,64,0,0.5215299328698941,0.5215299328698941,0.5297722251573574,0.011727825864429256,38
AR1_0.95_n512,WaveletOLS::broad_band,clean,64,64,0,0.8428927642716977,0.8428927642716977,0.8487057471420855,0.0124933208634522,64
AR1_0.95_n512,WaveletOLS::broad_band,constant_offset_1sd,64,64,0,0.8428927642716977,0.8428927642716977,0.8487057471420855,0.0124933208634522,64
AR1_0.95_n512,WaveletOLS::broad_band,linear_plus_quadratic_0p5sd,64,64,0,0.8468201826286491,0.8468201826286491,0.8525805489726143,0.012465298358335238,64
AR1_0.95_n512,WaveletOLS::broad_band,linear_trend_0p5sd,64,64,0,0.8445211052163646,0.8445211052163646,0.8502412129066421,0.012404698910690517,64
AR1_0.95_n512,WaveletOLS::broad_band,midpoint_step_1sd,64,64,0,0.8457814949007546,0.8457814949007546,0.8520388920754296,0.012985912081193329,64
AR1_0.95_n512,WaveletOLS::broad_band,t3_realized_sd_0p5,64,64,0,0.6355940920606677,0.6355940920606677,0.6410535734181888,0.010518188426467564,60
AR1_0.95_n512,WaveletOLS::broad_band,t5_realized_sd_0p5,64,64,0,0.6506264789924456,0.6506264789924456,0.655673469639756,0.010229806762693142,61
AR1_0.95_n512,WaveletOLS::conservative_band,additive_outliers_1pct_8sd,64,64,0,0.5329164274693967,0.5329164274693967,0.5562614711076356,0.020089840112539465,42
AR1_0.95_n512,WaveletOLS::conservative_band,clean,64,64,0,0.8307836774876132,0.8307836774876132,0.8434088320828559,0.018316849410035432,64
AR1_0.95_n512,WaveletOLS::conservative_band,constant_offset_1sd,64,64,0,0.8307836774876132,0.8307836774876132,0.843408832082856,0.01831684941003543,64
AR1_0.95_n512,WaveletOLS::conservative_band,linear_plus_quadratic_0p5sd,64,64,0,0.8313177083209313,0.8313177083209313,0.843814385883854,0.018228525376618985,64
AR1_0.95_n512,WaveletOLS::conservative_band,linear_trend_0p5sd,64,64,0,0.8307799148106241,0.8307799148106241,0.8433975490127382,0.018311310941057743,64
AR1_0.95_n512,WaveletOLS::conservative_band,midpoint_step_1sd,64,64,0,0.8195758717448612,0.8195758717448612,0.8316783205337281,0.017810385457649517,64
AR1_0.95_n512,WaveletOLS::conservative_band,t3_realized_sd_0p5,64,64,0,0.658556694019123,0.658556694019123,0.675130756820257,0.018731443544443446,53
AR1_0.95_n512,WaveletOLS::conservative_band,t5_realized_sd_0p5,64,64,0,0.6670406605341294,0.6670406605341294,0.6847822028830851,0.01951125950048562,55
AR1_0.95_n512,WaveletOLS::upper_band,additive_outliers_1pct_8sd,64,64,0,0.479299250292595,0.479299250292595,0.4902588593420671,0.012987159612442758,26
AR1_0.95_n512,WaveletOLS::upper_band,clean,64,64,0,0.9010204443316969,0.9010204443316969,0.9072816374353134,0.013405831782163695,64
AR1_0.95_n512,WaveletOLS::upper_band,constant_offset_1sd,64,64,0,0.9010204443316969,0.9010204443316969,0.9072816374353135,0.0134058317821637,64
AR1_0.95_n512,WaveletOLS::upper_band,linear_plus_quadratic_0p5sd,64,64,0,0.90223439944993,0.90223439944993,0.9083787452407424,0.013288635348839862,64
AR1_0.95_n512,WaveletOLS::upper_band,linear_trend_0p5sd,64,64,0,0.9013844119076291,0.9013844119076291,0.9076090784099726,0.013369226202001178,64
AR1_0.95_n512,WaveletOLS::upper_band,midpoint_step_1sd,64,64,0,0.8990129916874234,0.8990129916874234,0.9054961230129628,0.013627044520396819,64
AR1_0.95_n512,WaveletOLS::upper_band,t3_realized_sd_0p5,64,64,0,0.6243911940659264,0.6243911940659264,0.6302191032706157,0.010773096193277548,59
AR1_0.95_n512,WaveletOLS::upper_band,t5_realized_sd_0p5,64,64,0,0.6379883793508478,0.6379883793508478,0.6440330738416067,0.011090842794450927,60
AR1_0.95_n512,WhittleMLE,additive_outliers_1pct_8sd,64,64,0,0.488518692108441,0.488518692108441,0.48858598889521576,0.0010216389367335244,0
AR1_0.95_n512,WhittleMLE,clean,64,64,0,0.4899941673109113,0.4899941673109113,0.48999416731091644,8.954678056352638e-09,0
AR1_0.95_n512,WhittleMLE,constant_offset_1sd,64,64,0,0.4899941673109113,0.4899941673109113,0.48999416731091644,8.954678056352638e-09,0
AR1_0.95_n512,WhittleMLE,linear_plus_quadratic_0p5sd,64,64,0,0.4899941615440113,0.4899941615440113,0.48999416154401193,3.187778091842675e-09,0
AR1_0.95_n512,WhittleMLE,linear_trend_0p5sd,64,64,0,0.4899941583562332,0.4899941583562332,0.48999415835623317,6.993747673752627e-18,0
AR1_0.95_n512,WhittleMLE,midpoint_step_1sd,64,64,0,0.4899941583562332,0.4899941583562332,0.48999415835623317,6.993747673752627e-18,0
AR1_0.95_n512,WhittleMLE,t3_realized_sd_0p5,64,64,0,0.48999420092800194,0.48999420092800194,0.4899942009280595,2.992934644439852e-08,0
AR1_0.95_n512,WhittleMLE,t5_realized_sd_0p5,64,64,0,0.48999421215639705,0.48999421215639705,0.48999421215646694,3.2991452011859877e-08,0
ARFIMA_0.25_n512,AbsoluteMoment,additive_outliers_1pct_8sd,64,64,0,-0.3003179641640968,0.315116337230392,0.40624646238968853,0.03446767719907314,4
ARFIMA_0.25_n512,AbsoluteMoment,clean,64,64,0,-0.2657990813114919,0.28108702771710564,0.3515922135604593,0.028995876283249313,1
ARFIMA_0.25_n512,AbsoluteMoment,constant_offset_1sd,64,64,0,-0.2657990813114919,0.28108702771710564,0.3515922135604592,0.028995876283249306,1
ARFIMA_0.25_n512,AbsoluteMoment,linear_plus_quadratic_0p5sd,64,64,0,-0.1852826752289741,0.2202291065633077,0.30917759091182784,0.031183306732328393,2
ARFIMA_0.25_n512,AbsoluteMoment,linear_trend_0p5sd,64,64,0,0.04940434237310854,0.09246738020554403,0.1072451734072157,0.011992549389281505,0
ARFIMA_0.25_n512,AbsoluteMoment,midpoint_step_1sd,64,64,0,0.0932178264217097,0.10545409516701378,0.12283417827849646,0.010078007007691089,0
ARFIMA_0.25_n512,AbsoluteMoment,t3_realized_sd_0p5,64,64,0,-0.28711206697198666,0.3019209649536563,0.3808879082285276,0.031532865101168955,4
ARFIMA_0.25_n512,AbsoluteMoment,t5_realized_sd_0p5,64,64,0,-0.27968960120949843,0.2902332711260903,0.3718893355421079,0.030880055942363954,4
ARFIMA_0.25_n512,DFA::balanced_scales,additive_outliers_1pct_8sd,64,64,0,-0.08979144816685271,0.10354548279074213,0.1185860944842367,0.00975912893029671,0
ARFIMA_0.25_n512,DFA::balanced_scales,clean,64,64,0,-0.0405801600414329,0.0698495103938113,0.08359814371420113,0.009208260821495942,0
ARFIMA_0.25_n512,DFA::balanced_scales,constant_offset_1sd,64,64,0,-0.04058016004143292,0.06984951039381129,0.08359814371420113,0.009208260821495942,0
ARFIMA_0.25_n512,DFA::balanced_scales,linear_plus_quadratic_0p5sd,64,64,0,-0.001955412518582191,0.0600186241473064,0.07610088528467124,0.009584644716066426,0
ARFIMA_0.25_n512,DFA::balanced_scales,linear_trend_0p5sd,64,64,0,-0.01197850458607525,0.05943485935822308,0.07573915030066031,0.009422140689723468,0
ARFIMA_0.25_n512,DFA::balanced_scales,midpoint_step_1sd,64,64,0,0.02203564427520077,0.06436192090836745,0.08126106271874839,0.009854328430611991,0
ARFIMA_0.25_n512,DFA::balanced_scales,t3_realized_sd_0p5,64,64,0,-0.06545038249258009,0.08192436398075971,0.09779133607233495,0.009154227787590848,0
ARFIMA_0.25_n512,DFA::balanced_scales,t5_realized_sd_0p5,64,64,0,-0.07094311860417063,0.08592961463105485,0.10169810215412094,0.009180360252004322,0
ARFIMA_0.25_n512,DFA::long_scales,additive_outliers_1pct_8sd,64,64,0,-0.10614515927774626,0.11844825289455796,0.13482353137767306,0.01047339014795316,0
ARFIMA_0.25_n512,DFA::long_scales,clean,64,64,0,-0.061641065968876044,0.08781663662545547,0.10236711811717987,0.010296713806053227,0
ARFIMA_0.25_n512,DFA::long_scales,constant_offset_1sd,64,64,0,-0.061641065968876016,0.08781663662545547,0.10236711811717986,0.010296713806053227,0
ARFIMA_0.25_n512,DFA::long_scales,linear_plus_quadratic_0p5sd,64,64,0,0.01926357083815751,0.07023916261525634,0.08797028740839301,0.010814222194457086,0
ARFIMA_0.25_n512,DFA::long_scales,linear_trend_0p5sd,64,64,0,0.013695922169689002,0.06533218905906522,0.08249767305774866,0.010249496910506984,0
ARFIMA_0.25_n512,DFA::long_scales,midpoint_step_1sd,64,64,0,0.03309326510126197,0.07710020698667838,0.09821428555981074,0.01165024810210757,0
ARFIMA_0.25_n512,DFA::long_scales,t3_realized_sd_0p5,64,64,0,-0.08407458433828896,0.1013053838634161,0.11984335771024088,0.010759930559468417,0
ARFIMA_0.25_n512,DFA::long_scales,t5_realized_sd_0p5,64,64,0,-0.0844020655223125,0.09743743156821663,0.11478872063854806,0.0098017990909362,0
ARFIMA_0.25_n512,DFA::short_scales,additive_outliers_1pct_8sd,64,64,0,-0.0834801530063963,0.09536278128311912,0.10987309037062949,0.009000141129070886,0
ARFIMA_0.25_n512,DFA::short_scales,clean,64,64,0,-0.028247189669480924,0.05940411402885554,0.07153073157937789,0.008279580769289982,0
ARFIMA_0.25_n512,DFA::short_scales,constant_offset_1sd,64,64,0,-0.028247189669480914,0.059404114028855544,0.0715307315793779,0.008279580769289986,0
ARFIMA_0.25_n512,DFA::short_scales,linear_plus_quadratic_0p5sd,64,64,0,-0.015253875041206115,0.058029759109586666,0.07077624067682751,0.008707409306703573,0
ARFIMA_0.25_n512,DFA::short_scales,linear_trend_0p5sd,64,64,0,-0.019696420813047004,0.0558750504278855,0.06830585319937577,0.00824018472251149,0
ARFIMA_0.25_n512,DFA::short_scales,midpoint_step_1sd,64,64,0,0.020923557367981967,0.052333330949834354,0.06805497259370746,0.008158824263451785,0
ARFIMA_0.25_n512,DFA::short_scales,t3_realized_sd_0p5,64,64,0,-0.05756851597499825,0.072929038975522,0.08852801812477334,0.008473184556725204,0
ARFIMA_0.25_n512,DFA::short_scales,t5_realized_sd_0p5,64,64,0,-0.06402557071908752,0.07921173939714403,0.09135639022630061,0.008210249429997945,0
ARFIMA_0.25_n512,DMA::balanced_windows,additive_outliers_1pct_8sd,64,64,0,-0.14942732374839315,0.16183055993776824,0.18812353197756965,0.014399039981837286,0
ARFIMA_0.25_n512,DMA::balanced_windows,clean,64,64,0,-0.12262692436107012,0.14072632414985284,0.17137238858521447,0.015082383811810525,0
ARFIMA_0.25_n512,DMA::balanced_windows,constant_offset_1sd,64,64,0,-0.12262692436107012,0.14072632414985287,0.1713723885852145,0.015082383811810528,0
ARFIMA_0.25_n512,DMA::balanced_windows,linear_plus_quadratic_0p5sd,64,64,0,0.08397995466924184,0.0941799140195863,0.1071081840389986,0.008375635774857969,0
ARFIMA_0.25_n512,DMA::balanced_windows,linear_trend_0p5sd,64,64,0,0.05632587122008538,0.0833104976445162,0.09682370989449697,0.009922098975512899,0
ARFIMA_0.25_n512,DMA::balanced_windows,midpoint_step_1sd,64,64,0,0.10771838314879148,0.12542900538937282,0.1365951045988627,0.010582234687770541,0
ARFIMA_0.25_n512,DMA::balanced_windows,t3_realized_sd_0p5,64,64,0,-0.12975890010573438,0.14405898948829024,0.1790216174125754,0.015538670319798092,0
ARFIMA_0.25_n512,DMA::balanced_windows,t5_realized_sd_0p5,64,64,0,-0.13385564685701262,0.14743252419582223,0.18071600096391754,0.015296507957587243,0
ARFIMA_0.25_n512,DMA::long_windows,additive_outliers_1pct_8sd,64,64,0,-0.1951470778241246,0.20374059401198297,0.2377166047236318,0.01710230754783974,0
ARFIMA_0.25_n512,DMA::long_windows,clean,64,64,0,-0.1764519935775518,0.18696922122115556,0.22978313747581458,0.01854423464538568,0
ARFIMA_0.25_n512,DMA::long_windows,constant_offset_1sd,64,64,0,-0.1764519935775518,0.18696922122115556,0.22978313747581455,0.01854423464538568,0
ARFIMA_0.25_n512,DMA::long_windows,linear_plus_quadratic_0p5sd,64,64,0,0.04000677671569326,0.06916988057698903,0.07888395558807178,0.008565468015124436,0
ARFIMA_0.25_n512,DMA::long_windows,linear_trend_0p5sd,64,64,0,0.008557571366081396,0.06968330071613991,0.08908320256867168,0.011171523430100852,0
ARFIMA_0.25_n512,DMA::long_windows,midpoint_step_1sd,64,64,0,0.0744532715282946,0.10102501862363181,0.11438799799054707,0.010940912328851289,0
ARFIMA_0.25_n512,DMA::long_windows,t3_realized_sd_0p5,64,64,0,-0.1811796468470676,0.1906844643512003,0.2338068535829914,0.018618807844957855,0
ARFIMA_0.25_n512,DMA::long_windows,t5_realized_sd_0p5,64,64,0,-0.18542516525689984,0.19321153369634675,0.2375589829925552,0.01870904139710391,0
ARFIMA_0.25_n512,DMA::short_windows,additive_outliers_1pct_8sd,64,64,0,-0.10652685231116471,0.1186853604213689,0.13745439059292514,0.010944114334682313,0
ARFIMA_0.25_n512,DMA::short_windows,clean,64,64,0,-0.0728359304732685,0.09558807030174195,0.11742249988049866,0.011603892826745075,0
ARFIMA_0.25_n512,DMA::short_windows,constant_offset_1sd,64,64,0,-0.07283593047326847,0.09558807030174195,0.11742249988049866,0.011603892826745076,0
ARFIMA_0.25_n512,DMA::short_windows,linear_plus_quadratic_0p5sd,64,64,0,0.11137508379287588,0.11523973661986883,0.12743769181452855,0.007803088526849569,0
ARFIMA_0.25_n512,DMA::short_windows,linear_trend_0p5sd,64,64,0,0.09272662272088027,0.1004190568966404,0.11413132774303479,0.008383405198184406,0
ARFIMA_0.25_n512,DMA::short_windows,midpoint_step_1sd,64,64,0,0.12421810184503679,0.13512393123309563,0.1460530806837595,0.009678453857263965,0
ARFIMA_0.25_n512,DMA::short_windows,t3_realized_sd_0p5,64,64,0,-0.08424557473583028,0.1032580669968145,0.12738169876898875,0.012037494544133675,0
ARFIMA_0.25_n512,DMA::short_windows,t5_realized_sd_0p5,64,64,0,-0.08798810488946181,0.10508502750480128,0.12810259958849265,0.011730011312252321,0
ARFIMA_0.25_n512,GHE,additive_outliers_1pct_8sd,64,64,0,-0.0468842977308177,0.0657635070573428,0.08200977852105848,0.008477295914476789,0
ARFIMA_0.25_n512,GHE,clean,64,64,0,-0.0311132788797171,0.06362079800123141,0.0808845923227369,0.0094064155349086,0
ARFIMA_0.25_n512,GHE,constant_offset_1sd,64,64,0,0.21361364824131687,0.21361364824131687,0.21489030351742652,0.002946754552790435,1
ARFIMA_0.25_n512,GHE,linear_plus_quadratic_0p5sd,64,64,0,0.07995359510715361,0.08290197298782229,0.09644347474578199,0.006794916926599693,0
ARFIMA_0.25_n512,GHE,linear_trend_0p5sd,64,64,0,0.08238201030979944,0.08475633809381376,0.09579432886663768,0.006158949895452355,0
ARFIMA_0.25_n512,GHE,midpoint_step_1sd,64,64,0,0.13272635921611425,0.1359495738496126,0.140324146873219,0.005738452538672696,0
ARFIMA_0.25_n512,GHE,t3_realized_sd_0p5,64,64,0,-0.04591237916786304,0.0717169540831168,0.09070204881320702,0.009855233963592093,0
ARFIMA_0.25_n512,GHE,t5_realized_sd_0p5,64,64,0,-0.04958400177652754,0.07142630658979601,0.08738561187134054,0.009065609120705944,0
ARFIMA_0.25_n512,GHE::centered,additive_outliers_1pct_8sd,64,64,0,-0.08226477527157082,0.08851975626576206,0.10034997649994629,0.007240346099174877,0
ARFIMA_0.25_n512,GHE::centered,clean,64,64,0,-0.07120408219538357,0.08166711608145125,0.09478005682259974,0.00788129979813407,0
ARFIMA_0.25_n512,GHE::centered,constant_offset_1sd,64,64,0,-0.07120408219538356,0.08166711608145122,0.09478005682259973,0.00788129979813407,0
ARFIMA_0.25_n512,GHE::centered,linear_plus_quadratic_0p5sd,64,64,0,0.06556473154634265,0.0733792137307633,0.08514221982072405,0.006843446144381926,0
ARFIMA_0.25_n512,GHE::centered,linear_trend_0p5sd,64,64,0,0.06857626448745015,0.07425312658854827,0.08641961709983045,0.006625643027947337,0
ARFIMA_0.25_n512,GHE::centered,midpoint_step_1sd,64,64,0,0.09320577313401888,0.10399750366834229,0.11376174662109213,0.008217691763324165,0
ARFIMA_0.25_n512,GHE::centered,t3_realized_sd_0p5,64,64,0,-0.0856307219954236,0.09388710476524148,0.10784643260413208,0.008259897839389064,0
ARFIMA_0.25_n512,GHE::centered,t5_realized_sd_0p5,64,64,0,-0.09151009679977982,0.09767776335203812,0.11095991639716192,0.007906201333934004,0
ARFIMA_0.25_n512,GPH::narrow_band,additive_outliers_1pct_8sd,64,64,0,-0.049768015049449735,0.09969471450958234,0.13253136839197618,0.015475381517407722,0
ARFIMA_0.25_n512,GPH::narrow_band,clean,64,64,0,-0.016937019779858814,0.10394556936569019,0.12628663324818293,0.015766878634504742,0
ARFIMA_0.25_n512,GPH::narrow_band,constant_offset_1sd,64,64,0,-0.016937019779858786,0.10394556936569019,0.12628663324818293,0.015766878634504742,0
ARFIMA_0.25_n512,GPH::narrow_band,linear_plus_quadratic_0p5sd,64,64,0,0.1907263288931988,0.19818744416732512,0.2255183253729876,0.015161554630866948,20
ARFIMA_0.25_n512,GPH::narrow_band,linear_trend_0p5sd,64,64,0,0.20004833586544646,0.20468375478434808,0.2335426005107063,0.0151829110132939,22
ARFIMA_0.25_n512,GPH::narrow_band,midpoint_step_1sd,64,64,0,0.1656448977060804,0.18412433980719475,0.21026252361985576,0.016316364705086902,14
ARFIMA_0.25_n512,GPH::narrow_band,t3_realized_sd_0p5,64,64,0,-0.03887409226781814,0.10904565417445361,0.13770872303292198,0.016644030985783854,1
ARFIMA_0.25_n512,GPH::narrow_band,t5_realized_sd_0p5,64,64,0,-0.043141372090562444,0.11256466542771495,0.14543996938675186,0.017499027959109553,1
ARFIMA_0.25_n512,GPH::wider_band,additive_outliers_1pct_8sd,64,64,0,-0.05584993185774073,0.07556807744125014,0.098111970452132,0.010162757919557057,0
ARFIMA_0.25_n512,GPH::wider_band,clean,64,64,0,-0.006868583576502142,0.06803016438724653,0.08567553820505076,0.010759359459291686,0
ARFIMA_0.25_n512,GPH::wider_band,constant_offset_1sd,64,64,0,-0.006868583576502125,0.06803016438724652,0.08567553820505075,0.010759359459291686,0
ARFIMA_0.25_n512,GPH::wider_band,linear_plus_quadratic_0p5sd,64,64,0,0.12359449722315531,0.12950111488181412,0.15339795941439455,0.011447141605267351,7
ARFIMA_0.25_n512,GPH::wider_band,linear_trend_0p5sd,64,64,0,0.1335516209910384,0.1378389078382078,0.1605277189155363,0.011221516372428901,7
ARFIMA_0.25_n512,GPH::wider_band,midpoint_step_1sd,64,64,0,0.10618842004945155,0.11768649651125898,0.13471107349932354,0.010443417286259447,1
ARFIMA_0.25_n512,GPH::wider_band,t3_realized_sd_0p5,64,64,0,-0.04366139168553888,0.08376307638624782,0.10188489045600058,0.011597901958128813,0
ARFIMA_0.25_n512,GPH::wider_band,t5_realized_sd_0p5,64,64,0,-0.03935677975917043,0.07801280462530238,0.10015593934608445,0.011603404038911743,0
ARFIMA_0.25_n512,Higuchi,additive_outliers_1pct_8sd,64,64,0,-0.04202127161527983,0.05891862629935733,0.0755449164545165,0.00790945499492488,0
ARFIMA_0.25_n512,Higuchi,clean,64,64,0,-0.029192146475210262,0.057903231795588955,0.0756142038935457,0.008787912346327722,0
ARFIMA_0.25_n512,Higuchi,constant_offset_1sd,64,64,0,0.2111904449055687,0.2111904449055687,0.21262984942339064,0.0031118025358704044,1
ARFIMA_0.25_n512,Higuchi,linear_plus_quadratic_0p5sd,64,64,0,0.0781690550684089,0.08195601225471483,0.0951094369599259,0.006825958655326367,0
ARFIMA_0.25_n512,Higuchi,linear_trend_0p5sd,64,64,0,0.08216277383882807,0.08540858688721914,0.09560259074202113,0.006158145917240944,0
ARFIMA_0.25_n512,Higuchi,midpoint_step_1sd,64,64,0,0.12976672040553658,0.1329991158363961,0.13745481820983077,0.005710510115774573,0
ARFIMA_0.25_n512,Higuchi,t3_realized_sd_0p5,64,64,0,-0.046307815512640356,0.06837255135757703,0.08630322673173113,0.009175392528047166,0
ARFIMA_0.25_n512,Higuchi,t5_realized_sd_0p5,64,64,0,-0.04883745919728771,0.0671444612984683,0.08262819432985206,0.008397203878318575,0
ARFIMA_0.25_n512,Higuchi::centered,additive_outliers_1pct_8sd,64,64,0,-0.07311980891239693,0.07900502149707953,0.09157018342355501,0.00694489882088647,0
ARFIMA_0.25_n512,Higuchi::centered,clean,64,64,0,-0.06276023060792335,0.07346470870563013,0.08698551988218119,0.007588247097931367,0
ARFIMA_0.25_n512,Higuchi::centered,constant_offset_1sd,64,64,0,-0.06276023060792335,0.07346470870563013,0.08698551988218119,0.007588247097931366,0
ARFIMA_0.25_n512,Higuchi::centered,linear_plus_quadratic_0p5sd,64,64,0,0.06427025060450452,0.07307116741394017,0.08446664349293853,0.006905195594160164,0
ARFIMA_0.25_n512,Higuchi::centered,linear_trend_0p5sd,64,64,0,0.0686346483833445,0.07575854960794273,0.08648265434423957,0.006629101957087288,0
ARFIMA_0.25_n512,Higuchi::centered,midpoint_step_1sd,64,64,0,0.08828872455641941,0.09932562868559178,0.10889847103708516,0.008031661662085597,0
ARFIMA_0.25_n512,Higuchi::centered,t3_realized_sd_0p5,64,64,0,-0.07866175352658442,0.08626146084591968,0.1005663156720089,0.007894052794557075,0
ARFIMA_0.25_n512,Higuchi::centered,t5_realized_sd_0p5,64,64,0,-0.08363706485548753,0.08923098703668042,0.10280153317045893,0.007530885194872394,0
ARFIMA_0.25_n512,ModifiedLocalWhittle,additive_outliers_1pct_8sd,64,64,0,-0.06741852894525574,0.07749346767348983,0.09491558629557488,0.008417395514590873,0
ARFIMA_0.25_n512,ModifiedLocalWhittle,clean,64,64,0,-0.013205292978273562,0.054500648358701095,0.07313204598640141,0.009062320726209373,0
ARFIMA_0.25_n512,ModifiedLocalWhittle,constant_offset_1sd,64,64,0,-0.013205292978231517,0.05450064835880528,0.07313204598658518,0.009062320726233884,0
ARFIMA_0.25_n512,ModifiedLocalWhittle,linear_plus_quadratic_0p5sd,64,64,0,0.11903190074357681,0.12173815861361989,0.13537756069618492,0.00812451761246452,0
ARFIMA_0.25_n512,ModifiedLocalWhittle,linear_trend_0p5sd,64,64,0,0.11967845305889294,0.12191607892494508,0.13551800086017005,0.008010109119371882,0
ARFIMA_0.25_n512,ModifiedLocalWhittle,midpoint_step_1sd,64,64,0,0.1151176928292363,0.12026227981149185,0.1313316167542732,0.007964116305231373,0
ARFIMA_0.25_n512,ModifiedLocalWhittle,t3_realized_sd_0p5,64,64,0,-0.040313973419913024,0.06264087290537222,0.08159247844507597,0.008937273549941718,0
ARFIMA_0.25_n512,ModifiedLocalWhittle,t5_realized_sd_0p5,64,64,0,-0.04662093188414503,0.06651303982451734,0.08434097255924512,0.008854994431888804,0
ARFIMA_0.25_n512,RS,additive_outliers_1pct_8sd,64,64,0,-0.0695204265807943,0.07267764654968344,0.08439178258343918,0.0060275600576163765,0
ARFIMA_0.25_n512,RS,clean,64,64,0,-0.025041232106017615,0.040428626567340684,0.05073471348727204,0.005559130694929177,0
ARFIMA_0.25_n512,RS,constant_offset_1sd,64,64,0,-0.02504123210601763,0.04042862656734068,0.05073471348727206,0.005559130694929177,0
ARFIMA_0.25_n512,RS,linear_plus_quadratic_0p5sd,64,64,0,-0.00493043450859074,0.03489566452005513,0.04425287231977256,0.0055406256080587175,0
ARFIMA_0.25_n512,RS,linear_trend_0p5sd,64,64,0,-0.0013168950237949072,0.03709462796627423,0.04620192609196569,0.005818530554286955,0
ARFIMA_0.25_n512,RS,midpoint_step_1sd,64,64,0,0.014643269542888769,0.04089964646361941,0.0512416602219765,0.006186624588576624,0
ARFIMA_0.25_n512,RS,t3_realized_sd_0p5,64,64,0,-0.04430975207918175,0.0529252178763696,0.06454978752486155,0.005913826870726275,0
ARFIMA_0.25_n512,RS,t5_realized_sd_0p5,64,64,0,-0.044579052343386216,0.05152091226746547,0.06120590634757881,0.005283804341321562,0
ARFIMA_0.25_n512,Variance,additive_outliers_1pct_8sd,64,64,0,-0.271573279790954,0.29018806649011275,0.3845268355113866,0.034297679344880004,4
ARFIMA_0.25_n512,Variance,clean,64,64,0,-0.23218164849434542,0.25447565288756574,0.3274151336066981,0.029084537924880513,2
ARFIMA_0.25_n512,Variance,constant_offset_1sd,64,64,0,-0.23218164849434536,0.2544756528875657,0.327415133606698,0.029084537924880503,2
ARFIMA_0.25_n512,Variance,linear_plus_quadratic_0p5sd,64,64,0,-0.15059195388241758,0.20442627519190104,0.2906547110489714,0.03132072301483498,2
ARFIMA_0.25_n512,Variance,linear_trend_0p5sd,64,64,0,0.09177730919070008,0.1123038379091352,0.13241520650209312,0.01202557620353756,1
ARFIMA_0.25_n512,Variance,midpoint_step_1sd,64,64,0,0.1307587021219644,0.13548122271284496,0.15363082483197568,0.010161077431569864,2
ARFIMA_0.25_n512,Variance,t3_realized_sd_0p5,64,64,0,-0.25603572585389045,0.2769458017656957,0.35828540962524597,0.0315760965039288,5
ARFIMA_0.25_n512,Variance,t5_realized_sd_0p5,64,64,0,-0.24713366719021318,0.26478803140521523,0.3485743654506714,0.030970810320558078,3
ARFIMA_0.25_n512,VarianceResidual,additive_outliers_1pct_8sd,64,64,0,-0.11547633410703136,0.11857355288177676,0.1337358485409483,0.00849882666613992,0
ARFIMA_0.25_n512,VarianceResidual,clean,64,64,0,-0.06362580134468027,0.07477600062408069,0.09133474538360657,0.008255631187867327,0
ARFIMA_0.25_n512,VarianceResidual,constant_offset_1sd,64,64,0,-0.06362580134468025,0.07477600062408066,0.09133474538360654,0.008255631187867325,0
ARFIMA_0.25_n512,VarianceResidual,linear_plus_quadratic_0p5sd,64,64,0,-0.026025098579058974,0.05969242104072871,0.0734489710383843,0.008653328188555662,0
ARFIMA_0.25_n512,VarianceResidual,linear_trend_0p5sd,64,64,0,-0.02104911073392829,0.059029583047603806,0.07380674751956282,0.008912601135228237,0
ARFIMA_0.25_n512,VarianceResidual,midpoint_step_1sd,64,64,0,0.0005944877497423857,0.050837465857222,0.06747756332412129,0.008501043947541679,0
ARFIMA_0.25_n512,VarianceResidual,t3_realized_sd_0p5,64,64,0,-0.09020395948273294,0.09491611381342169,0.11385353545696733,0.008752208999790068,0
ARFIMA_0.25_n512,VarianceResidual,t5_realized_sd_0p5,64,64,0,-0.08967986528015706,0.09243810828509817,0.11007737638772194,0.008042102066414003,0
ARFIMA_0.25_n512,WaveletOLS::broad_band,additive_outliers_1pct_8sd,64,64,0,-0.09835096056785189,0.11591218146199052,0.13830510885175995,0.01225094210169226,0
ARFIMA_0.25_n512,WaveletOLS::broad_band,clean,64,64,0,-0.03538186722794051,0.07858457624978213,0.0992977367721911,0.011689205439305171,0
ARFIMA_0.25_n512,WaveletOLS::broad_band,constant_offset_1sd,64,64,0,-0.0353818672279405,0.07858457624978214,0.0992977367721911,0.011689205439305171,0
ARFIMA_0.25_n512,WaveletOLS::broad_band,linear_plus_quadratic_0p5sd,64,64,0,-0.03414225999287398,0.07445669902088473,0.0967479662778981,0.011404868816520275,0
ARFIMA_0.25_n512,WaveletOLS::broad_band,linear_trend_0p5sd,64,64,0,-0.03659923866572512,0.07770619993512401,0.09916350147853716,0.011611362630461657,0
ARFIMA_0.25_n512,WaveletOLS::broad_band,midpoint_step_1sd,64,64,0,-0.016950246293003457,0.07221814029566274,0.09491957371849052,0.011766521397664228,0
ARFIMA_0.25_n512,WaveletOLS::broad_band,t3_realized_sd_0p5,64,64,0,-0.06679164929359235,0.0949963407907485,0.11497712660123767,0.011790913387427718,0
ARFIMA_0.25_n512,WaveletOLS::broad_band,t5_realized_sd_0p5,64,64,0,-0.07152260639297497,0.09128316074924603,0.11234490901312501,0.01091518190987949,0
ARFIMA_0.25_n512,WaveletOLS::conservative_band,additive_outliers_1pct_8sd,64,64,0,-0.15368974374022484,0.1768652189615767,0.22241599271715243,0.02025564255520258,0
ARFIMA_0.25_n512,WaveletOLS::conservative_band,clean,64,64,0,-0.09256898587587897,0.1430122792184062,0.18537105160132367,0.02023410982494185,0
ARFIMA_0.25_n512,WaveletOLS::conservative_band,constant_offset_1sd,64,64,0,-0.09256898587587895,0.1430122792184062,0.18537105160132367,0.02023410982494185,0
ARFIMA_0.25_n512,WaveletOLS::conservative_band,linear_plus_quadratic_0p5sd,64,64,0,-0.09186190187339038,0.1431902250102328,0.18454386940725262,0.02016512419130783,0
ARFIMA_0.25_n512,WaveletOLS::conservative_band,linear_trend_0p5sd,64,64,0,-0.09202375534162766,0.14272844148023375,0.1846354000251068,0.020166709718669306,0
ARFIMA_0.25_n512,WaveletOLS::conservative_band,midpoint_step_1sd,64,64,0,-0.09292291766690132,0.14158104713796166,0.1885402426660959,0.020668492421988288,0
ARFIMA_0.25_n512,WaveletOLS::conservative_band,t3_realized_sd_0p5,64,64,0,-0.1125121833259411,0.1476958218031486,0.19009396086781463,0.01930405112579652,0
ARFIMA_0.25_n512,WaveletOLS::conservative_band,t5_realized_sd_0p5,64,64,0,-0.14732478418217068,0.16866768555071518,0.21694365104568833,0.020063374075192705,0
ARFIMA_0.25_n512,WaveletOLS::upper_band,additive_outliers_1pct_8sd,64,64,0,-0.0877593239889857,0.10104197031361437,0.12384460193693685,0.011009221590575338,0
ARFIMA_0.25_n512,WaveletOLS::upper_band,clean,64,64,0,-0.01894684655109011,0.07059572061225508,0.08849821350281291,0.010891201340997296,0
ARFIMA_0.25_n512,WaveletOLS::upper_band,constant_offset_1sd,64,64,0,-0.018946846551090107,0.07059572061225508,0.08849821350281291,0.010891201340997298,0
ARFIMA_0.25_n512,WaveletOLS::upper_band,linear_plus_quadratic_0p5sd,64,64,0,-0.019707153881784317,0.07054894906679697,0.08830039879169838,0.010844198589936392,0
ARFIMA_0.25_n512,WaveletOLS::upper_band,linear_trend_0p5sd,64,64,0,-0.019363191103809817,0.07074300508764346,0.08869950451489204,0.010905560640351874,0
ARFIMA_0.25_n512,WaveletOLS::upper_band,midpoint_step_1sd,64,64,0,-0.008772586875673874,0.062329916225814595,0.08020364885972024,0.010044083001055705,0
ARFIMA_0.25_n512,WaveletOLS::upper_band,t3_realized_sd_0p5,64,64,0,-0.05080186806935067,0.08385694837442709,0.09979874471698333,0.010822492486256467,0
ARFIMA_0.25_n512,WaveletOLS::upper_band,t5_realized_sd_0p5,64,64,0,-0.06995964726271717,0.0884643709144219,0.10911452807139747,0.010549676885987071,0
ARFIMA_0.25_n512,WhittleMLE,additive_outliers_1pct_8sd,64,64,0,-0.06619627735831146,0.07686157772638952,0.09440480682896084,0.008479967445575158,0
ARFIMA_0.25_n512,WhittleMLE,clean,64,64,0,-0.011726542476058744,0.054501985127662356,0.0733235109419261,0.0091189889602559,0
ARFIMA_0.25_n512,WhittleMLE,constant_offset_1sd,64,64,0,-0.011726542476000128,0.054501985127603306,0.07332351094195017,0.00911898896026017,0
ARFIMA_0.25_n512,WhittleMLE,linear_plus_quadratic_0p5sd,64,64,0,0.1214234389379913,0.12398068563376942,0.1376026501726856,0.008156055118470576,0
ARFIMA_0.25_n512,WhittleMLE,linear_trend_0p5sd,64,64,0,0.1220982728501108,0.12418671050268032,0.13778394256911233,0.008043953261792995,0
ARFIMA_0.25_n512,WhittleMLE,midpoint_step_1sd,64,64,0,0.11748847803795331,0.12246091513363278,0.13359577118650134,0.008012180813285726,0
ARFIMA_0.25_n512,WhittleMLE,t3_realized_sd_0p5,64,64,0,-0.038969578539303454,0.06240396646278681,0.08135338718449701,0.008997129661210338,0
ARFIMA_0.25_n512,WhittleMLE,t5_realized_sd_0p5,64,64,0,-0.04533442136516537,0.06597044749439862,0.08404098764615056,0.008915545407050298,0
fGn_0.25_n512,AbsoluteMoment,additive_outliers_1pct_8sd,64,64,0,0.05902033565495521,0.19164471457904989,0.24139709074106927,0.02949015315817324,7
fGn_0.25_n512,AbsoluteMoment,clean,64,64,0,-0.17202602430940486,0.20330484867874085,0.271215826836101,0.02641700741456364,19
fGn_0.25_n512,AbsoluteMoment,constant_offset_1sd,64,64,0,-0.17202602430940478,0.20330484867874074,0.27121582683610085,0.026417007414563636,19
fGn_0.25_n512,AbsoluteMoment,linear_plus_quadratic_0p5sd,64,64,0,0.47953022325617706,0.47953022325617706,0.4799421270453865,0.002504631572345374,0
fGn_0.25_n512,AbsoluteMoment,linear_trend_0p5sd,64,64,0,0.6453422764961296,0.6453422764961296,0.6454145446878038,0.0012168177424665074,0
fGn_0.25_n512,AbsoluteMoment,midpoint_step_1sd,64,64,0,0.6727315609082214,0.6727315609082214,0.6727871091497875,0.0010892053031075076,0
fGn_0.25_n512,AbsoluteMoment,t3_realized_sd_0p5,64,64,0,-0.058762446730732276,0.18688277073646786,0.2587860231485011,0.031752310409933954,9
fGn_0.25_n512,AbsoluteMoment,t5_realized_sd_0p5,64,64,0,-0.034529297646386764,0.17734877440327732,0.2294776666626992,0.028582303077643825,11
fGn_0.25_n512,DFA::balanced_scales,additive_outliers_1pct_8sd,64,64,0,0.16284443944659446,0.16284443944659446,0.17485272334749766,0.0080229466575082,0
fGn_0.25_n512,DFA::balanced_scales,clean,64,64,0,0.009141854087189483,0.034602423247847486,0.042807574557169346,0.00526882858478162,0
fGn_0.25_n512,DFA::balanced_scales,constant_offset_1sd,64,64,0,0.009141854087189497,0.034602423247847465,0.04280757455716933,0.005268828584781618,0
fGn_0.25_n512,DFA::balanced_scales,linear_plus_quadratic_0p5sd,64,64,0,0.2770716825945744,0.2770716825945744,0.278580122872546,0.0036474987383055936,0
fGn_0.25_n512,DFA::balanced_scales,linear_trend_0p5sd,64,64,0,0.24277718227007017,0.24277718227007017,0.24514975588226381,0.004286639595076079,0
fGn_0.25_n512,DFA::balanced_scales,midpoint_step_1sd,64,64,0,0.3920035972721441,0.3920035972721441,0.3929822716900136,0.0034920444467577815,0
fGn_0.25_n512,DFA::balanced_scales,t3_realized_sd_0p5,64,64,0,0.09617179403150297,0.09683524093261558,0.10792659904216943,0.006171023960685557,0
fGn_0.25_n512,DFA::balanced_scales,t5_realized_sd_0p5,64,64,0,0.09829379511008998,0.09858770182904761,0.11126506173614578,0.006568616831527646,0
fGn_0.25_n512,DFA::long_scales,additive_outliers_1pct_8sd,64,64,0,0.16802969570171222,0.16802969570171222,0.18283116273701078,0.009079241481286469,0
fGn_0.25_n512,DFA::long_scales,clean,64,64,0,-0.0037151012759612536,0.040407278024540194,0.05090858572274144,0.006396777614858391,0
fGn_0.25_n512,DFA::long_scales,constant_offset_1sd,64,64,0,-0.0037151012759612354,0.040407278024540194,0.05090858572274144,0.006396777614858392,0
fGn_0.25_n512,DFA::long_scales,linear_plus_quadratic_0p5sd,64,64,0,0.47657626082129323,0.47657626082129323,0.4773150741910796,0.0033446182111360355,0
fGn_0.25_n512,DFA::long_scales,linear_trend_0p5sd,64,64,0,0.476269092388465,0.476269092388465,0.47723146700470803,0.0038164737629219135,0
fGn_0.25_n512,DFA::long_scales,midpoint_step_1sd,64,64,0,0.4834627894879583,0.4834627894879583,0.4839480014359805,0.0027296120847774274,0
fGn_0.25_n512,DFA::long_scales,t3_realized_sd_0p5,64,64,0,0.0897134805491871,0.09246045398740385,0.10733680891479169,0.007424414846015296,0
fGn_0.25_n512,DFA::long_scales,t5_realized_sd_0p5,64,64,0,0.10077344553880022,0.10232626230918786,0.11682448675569063,0.007445754494979537,0
fGn_0.25_n512,DFA::short_scales,additive_outliers_1pct_8sd,64,64,0,0.15832191969880705,0.15832191969880705,0.16569279314259477,0.006157034230241703,0
fGn_0.25_n512,DFA::short_scales,clean,64,64,0,0.021478398756360366,0.032707847395056056,0.040283910821002446,0.004293723469957558,0
fGn_0.25_n512,DFA::short_scales,constant_offset_1sd,64,64,0,0.021478398756360362,0.03270784739505604,0.04028391082100243,0.004293723469957556,0
fGn_0.25_n512,DFA::short_scales,linear_plus_quadratic_0p5sd,64,64,0,0.1190387734941298,0.1190387734941298,0.12389031648567325,0.004325232214948794,0
fGn_0.25_n512,DFA::short_scales,linear_trend_0p5sd,64,64,0,0.09927537979900876,0.09927537979900876,0.10427446784719774,0.004018930621760126,0
fGn_0.25_n512,DFA::short_scales,midpoint_step_1sd,64,64,0,0.2846504458652588,0.2846504458652588,0.28655871652324766,0.004159559050501546,0
fGn_0.25_n512,DFA::short_scales,t3_realized_sd_0p5,64,64,0,0.09660881159294138,0.09764922489294275,0.10576206905921569,0.005422400297715441,0
fGn_0.25_n512,DFA::short_scales,t5_realized_sd_0p5,64,64,0,0.0999952474904496,0.0999952474904496,0.10829850236887391,0.005239526354857806,0
fGn_0.25_n512,DMA::balanced_windows,additive_outliers_1pct_8sd,64,64,0,0.15950993290625737,0.16942027268812693,0.18719343401729044,0.012342958305727828,0
fGn_0.25_n512,DMA::balanced_windows,clean,64,64,0,-0.01668726773419363,0.05446241347169542,0.06688069551303089,0.00815967876728631,0
fGn_0.25_n512,DMA::balanced_windows,constant_offset_1sd,64,64,0,-0.016687267734193642,0.05446241347169543,0.06688069551303089,0.008159678767286307,0
fGn_0.25_n512,DMA::balanced_windows,linear_plus_quadratic_0p5sd,64,64,0,0.6749546458478818,0.6749546458478818,0.6749974585617604,0.0009578009966292328,0
fGn_0.25_n512,DMA::balanced_windows,linear_trend_0p5sd,64,64,0,0.6461032587210463,0.6461032587210463,0.6461687344460345,0.0011589023654350347,0
fGn_0.25_n512,DMA::balanced_windows,midpoint_step_1sd,64,64,0,0.7136439793874976,0.7136439793874976,0.7136753444615549,0.0008429725964413258,0
fGn_0.25_n512,DMA::balanced_windows,t3_realized_sd_0p5,64,64,0,0.07838993039912104,0.10956964998373687,0.1367501514524314,0.014117209319015112,0
fGn_0.25_n512,DMA::balanced_windows,t5_realized_sd_0p5,64,64,0,0.1084514860980352,0.11336301580734578,0.13313763443208762,0.009729602077786201,0
fGn_0.25_n512,DMA::long_windows,additive_outliers_1pct_8sd,64,64,0,0.11943595761652447,0.150918740448556,0.17180635051620866,0.015559651782288231,1
fGn_0.25_n512,DMA::long_windows,clean,64,64,0,-0.03681908066631073,0.06748699532898472,0.08426758696531927,0.009549687530702414,0
fGn_0.25_n512,DMA::long_windows,constant_offset_1sd,64,64,0,-0.03681908066631076,0.06748699532898463,0.08426758696531922,0.009549687530702405,0
fGn_0.25_n512,DMA::long_windows,linear_plus_quadratic_0p5sd,64,64,0,0.6227424282450447,0.6227424282450447,0.6228016859441557,0.0010823847740884028,0
fGn_0.25_n512,DMA::long_windows,linear_trend_0p5sd,64,64,0,0.5935022826511887,0.5935022826511887,0.5935894845175154,0.0012818427806317847,0
fGn_0.25_n512,DMA::long_windows,midpoint_step_1sd,64,64,0,0.6736742753178188,0.6736742753178188,0.6737060832860842,0.0008247888781127139,0
fGn_0.25_n512,DMA::long_windows,t3_realized_sd_0p5,64,64,0,0.04983331172048166,0.10202754732859814,0.13462999644601897,0.015757022614787567,0
fGn_0.25_n512,DMA::long_windows,t5_realized_sd_0p5,64,64,0,0.08715603779718953,0.10477647136765203,0.13196146068904963,0.012483418960023236,0
fGn_0.25_n512,DMA::short_windows,additive_outliers_1pct_8sd,64,64,0,0.1932168801083941,0.1932168801083941,0.20680062754080955,0.009287076523662683,0
fGn_0.25_n512,DMA::short_windows,clean,64,64,0,0.007637359907363102,0.048004409220776666,0.057120250486395546,0.007131857601327906,0
fGn_0.25_n512,DMA::short_windows,constant_offset_1sd,64,64,0,0.007637359907363096,0.048004409220776666,0.05712025048639554,0.007131857601327905,0
fGn_0.25_n512,DMA::short_windows,linear_plus_quadratic_0p5sd,64,64,0,0.7007887648258118,0.7007887648258118,0.700825557151543,0.0009047375369970833,0
fGn_0.25_n512,DMA::short_windows,linear_trend_0p5sd,64,64,0,0.6803443668623477,0.6803443668623477,0.6803964448687869,0.0010605828642754837,0
fGn_0.25_n512,DMA::short_windows,midpoint_step_1sd,64,64,0,0.726417301996704,0.726417301996704,0.7264467315158896,0.0008238227767144446,0
fGn_0.25_n512,DMA::short_windows,t3_realized_sd_0p5,64,64,0,0.10800335869920605,0.12013200070051804,0.1398154766286652,0.01118647285049157,0
fGn_0.25_n512,DMA::short_windows,t5_realized_sd_0p5,64,64,0,0.12781799178173367,0.12838017145762226,0.14221422963058913,0.00785528644795782,0
fGn_0.25_n512,GHE,additive_outliers_1pct_8sd,64,64,0,0.19316810898742282,0.19316810898742282,0.19841466256562973,0.005710558295970747,0
fGn_0.25_n512,GHE,clean,64,64,0,-0.005003041524303729,0.03257806267341497,0.039489996365605906,0.004935182067469646,0
fGn_0.25_n512,GHE,constant_offset_1sd,64,64,0,0.7305127372228539,0.7305127372228539,0.7305151266025408,0.00023539734390643651,0
fGn_0.25_n512,GHE,linear_plus_quadratic_0p5sd,64,64,0,0.5873944006215366,0.5873944006215366,0.587439546492805,0.0009175441872347313,0
fGn_0.25_n512,GHE,linear_trend_0p5sd,64,64,0,0.5882104203550751,0.5882104203550751,0.5882551458333544,0.0009138961172491675,0
fGn_0.25_n512,GHE,midpoint_step_1sd,64,64,0,0.6204195902059203,0.6204195902059203,0.6204335811204037,0.000524943997110837,0
fGn_0.25_n512,GHE,t3_realized_sd_0p5,64,64,0,0.09549328629938415,0.09657506966000404,0.10791559634064385,0.006333092984537944,0
fGn_0.25_n512,GHE,t5_realized_sd_0p5,64,64,0,0.1102664875882442,0.1102664875882442,0.11675823539079871,0.0048366774088764415,0
fGn_0.25_n512,GHE::centered,additive_outliers_1pct_8sd,64,64,0,0.19017254908585368,0.19017254908585368,0.19547640658329166,0.005697990602243272,0
fGn_0.25_n512,GHE::centered,clean,64,64,0,-0.009198603634687427,0.032296929113387766,0.039975325157701566,0.004901266944463138,0
fGn_0.25_n512,GHE::centered,constant_offset_1sd,64,64,0,-0.009198603634687436,0.032296929113387766,0.03997532515770155,0.004901266944463137,0
fGn_0.25_n512,GHE::centered,linear_plus_quadratic_0p5sd,64,64,0,0.5874018774977281,0.5874018774977281,0.5874435872949494,0.0008819401961406166,0
fGn_0.25_n512,GHE::centered,linear_trend_0p5sd,64,64,0,0.5882248982610616,0.5882248982610616,0.5882695747088711,0.0009134062702864173,0
fGn_0.25_n512,GHE::centered,midpoint_step_1sd,64,64,0,0.6410956047505867,0.6410956047505867,0.641114671960696,0.0006229496240741348,0
fGn_0.25_n512,GHE::centered,t3_realized_sd_0p5,64,64,0,0.08478939842395528,0.08743721872875272,0.09907665415043533,0.006457358682276163,0
fGn_0.25_n512,GHE::centered,t5_realized_sd_0p5,64,64,0,0.09800648576063789,0.09817014014015565,0.10514053661442685,0.004796263738362267,0
fGn_0.25_n512,GPH::narrow_band,additive_outliers_1pct_8sd,64,64,0,0.20689038088746523,0.21723509252271794,0.24618153676995905,0.01680972854310826,0
fGn_0.25_n512,GPH::narrow_band,clean,64,64,0,-0.008149030499236558,0.100978150210449,0.11950232272618619,0.01502083127012789,0
fGn_0.25_n512,GPH::narrow_band,constant_offset_1sd,64,64,0,-0.00814903049923659,0.10097815021044901,0.1195023227261862,0.015020831270127892,0
fGn_0.25_n512,GPH::narrow_band,linear_plus_quadratic_0p5sd,64,64,0,0.910143081452391,0.910143081452391,0.9136417401106122,0.010063923117698515,64
fGn_0.25_n512,GPH::narrow_band,linear_trend_0p5sd,64,64,0,0.9294090302601721,0.9294090302601721,0.9327596343779785,0.009951780566363902,64
fGn_0.25_n512,GPH::narrow_band,midpoint_step_1sd,64,64,0,0.6064014842283896,0.6064014842283896,0.612526157240999,0.01088579475558931,3
fGn_0.25_n512,GPH::narrow_band,t3_realized_sd_0p5,64,64,0,0.10405180940295433,0.14837619234720784,0.18400459344243433,0.019119885504690896,1
fGn_0.25_n512,GPH::narrow_band,t5_realized_sd_0p5,64,64,0,0.13859655569846235,0.15046617326676226,0.17937567971742244,0.014346411100690144,0
fGn_0.25_n512,GPH::wider_band,additive_outliers_1pct_8sd,64,64,0,0.16746446995819705,0.17287008013329389,0.19208660122552784,0.011854216095466493,0
fGn_0.25_n512,GPH::wider_band,clean,64,64,0,-0.017826140267689035,0.0626279857290227,0.07647719730913095,0.009369818510055132,0
fGn_0.25_n512,GPH::wider_band,constant_offset_1sd,64,64,0,-0.01782614026768901,0.06262798572902269,0.07647719730913094,0.00936981851005513,0
fGn_0.25_n512,GPH::wider_band,linear_plus_quadratic_0p5sd,64,64,0,0.6135450088157381,0.6135450088157381,0.6154941754926457,0.006166476474116622,1
fGn_0.25_n512,GPH::wider_band,linear_trend_0p5sd,64,64,0,0.6392085510573535,0.6392085510573535,0.6409933348754413,0.006022291408418205,2
fGn_0.25_n512,GPH::wider_band,midpoint_step_1sd,64,64,0,0.40744059346593464,0.40744059346593464,0.4116412778328491,0.007390152619928614,0
fGn_0.25_n512,GPH::wider_band,t3_realized_sd_0p5,64,64,0,0.09381357124397038,0.1056332183829474,0.12178387384566187,0.00978363208703301,0
fGn_0.25_n512,GPH::wider_band,t5_realized_sd_0p5,64,64,0,0.11920234076293142,0.1261898145545284,0.14303658178582443,0.009960450112232231,0
fGn_0.25_n512,Higuchi,additive_outliers_1pct_8sd,64,64,0,0.18691099431596114,0.18691099431596114,0.19222214748232205,0.005653534063336548,0
fGn_0.25_n512,Higuchi,clean,64,64,0,-0.003085702593619523,0.03168680224115186,0.03837589934528587,0.00481925386120939,0
fGn_0.25_n512,Higuchi,constant_offset_1sd,64,64,0,0.730462572227015,0.730462572227015,0.7304652664892116,0.0002499562707072713,0
fGn_0.25_n512,Higuchi,linear_plus_quadratic_0p5sd,64,64,0,0.586926918327752,0.586926918327752,0.5869843273330776,0.0010342781928581494,0
fGn_0.25_n512,Higuchi,linear_trend_0p5sd,64,64,0,0.589005131964367,0.589005131964367,0.589061756508376,0.0010290039903972756,0
fGn_0.25_n512,Higuchi,midpoint_step_1sd,64,64,0,0.6137634239696834,0.6137634239696834,0.6137825861194882,0.0006110415326038438,0
fGn_0.25_n512,Higuchi,t3_realized_sd_0p5,64,64,0,0.09640620027636147,0.09640620027636147,0.10575517560820971,0.005477228061823598,0
fGn_0.25_n512,Higuchi,t5_realized_sd_0p5,64,64,0,0.10705553458644942,0.10705553458644942,0.11436611797744971,0.005068924083016879,0
fGn_0.25_n512,Higuchi::centered,additive_outliers_1pct_8sd,64,64,0,0.18617598784450806,0.18617598784450806,0.19157497567641169,0.0056896911171486955,0
fGn_0.25_n512,Higuchi::centered,clean,64,64,0,-0.005399854317497937,0.03121727339716358,0.03850284628061265,0.004802959975341737,0
fGn_0.25_n512,Higuchi::centered,constant_offset_1sd,64,64,0,-0.00539985431749791,0.031217273397163563,0.03850284628061265,0.004802959975341738,0
fGn_0.25_n512,Higuchi::centered,linear_plus_quadratic_0p5sd,64,64,0,0.5869298249071893,0.5869298249071893,0.5869831237335107,0.000996566983119122,0
fGn_0.25_n512,Higuchi::centered,linear_trend_0p5sd,64,64,0,0.5890337185230068,0.5890337185230068,0.5890901727267467,0.001027479935983729,0
fGn_0.25_n512,Higuchi::centered,midpoint_step_1sd,64,64,0,0.6441694871001761,0.6441694871001761,0.6441932638690174,0.0006973089237452328,0
fGn_0.25_n512,Higuchi::centered,t3_realized_sd_0p5,64,64,0,0.09019221869101765,0.09041945556726143,0.0999594757975216,0.005429578733851685,0
fGn_0.25_n512,Higuchi::centered,t5_realized_sd_0p5,64,64,0,0.09759348031363874,0.09759348031363874,0.10617097077159116,0.005267130231035685,0
fGn_0.25_n512,ModifiedLocalWhittle,additive_outliers_1pct_8sd,64,64,0,0.16324927411677462,0.16524618218545709,0.17754208018973372,0.008792912674912407,0
fGn_0.25_n512,ModifiedLocalWhittle,clean,64,64,0,-0.025863899604227445,0.04954897211567727,0.06529610260258341,0.007553659590681692,0
fGn_0.25_n512,ModifiedLocalWhittle,constant_offset_1sd,64,64,0,-0.025863899605348583,0.049548972115175456,0.06529610260298671,0.007553659590676097,0
fGn_0.25_n512,ModifiedLocalWhittle,linear_plus_quadratic_0p5sd,64,64,0,0.6340391386581605,0.6340391386581605,0.634651916377854,0.0035128462924828713,0
fGn_0.25_n512,ModifiedLocalWhittle,linear_trend_0p5sd,64,64,0,0.63650243844671,0.63650243844671,0.6371626842455137,0.003653508959847771,0
fGn_0.25_n512,ModifiedLocalWhittle,midpoint_step_1sd,64,64,0,0.6300267808841422,0.6300267808841422,0.6307136355268195,0.0037074472632641405,0
fGn_0.25_n512,ModifiedLocalWhittle,t3_realized_sd_0p5,64,64,0,0.0896998820534662,0.09385301114297685,0.10780935465485418,0.007534879856733144,0
fGn_0.25_n512,ModifiedLocalWhittle,t5_realized_sd_0p5,64,64,0,0.10524265237239627,0.10852441507419547,0.12113608589347247,0.007557121551639162,0
fGn_0.25_n512,RS,additive_outliers_1pct_8sd,64,64,0,0.22770669467315852,0.22770669467315852,0.23077782856162202,0.0047276077991157284,0
fGn_0.25_n512,RS,clean,64,64,0,0.1338278359215474,0.1338278359215474,0.13890224903711101,0.004686937471216681,0
fGn_0.25_n512,RS,constant_offset_1sd,64,64,0,0.13382783592154743,0.13382783592154743,0.13890224903711101,0.004686937471216678,0
fGn_0.25_n512,RS,linear_plus_quadratic_0p5sd,64,64,0,0.30682638939755325,0.30682638939755325,0.30808132308229047,0.003499814964260048,0
fGn_0.25_n512,RS,linear_trend_0p5sd,64,64,0,0.34512291083803914,0.34512291083803914,0.34585027724551776,0.002824469849061954,0
fGn_0.25_n512,RS,midpoint_step_1sd,64,64,0,0.3516438757762303,0.3516438757762303,0.35242421619543307,0.002953106489290029,0
fGn_0.25_n512,RS,t3_realized_sd_0p5,64,64,0,0.19884948985921586,0.19884948985921586,0.20280689104554467,0.005022987535557478,0
fGn_0.25_n512,RS,t5_realized_sd_0p5,64,64,0,0.20623597318358872,0.20623597318358872,0.20985769877881832,0.004890835455880426,0
fGn_0.25_n512,Variance,additive_outliers_1pct_8sd,64,64,0,0.029398518741317027,0.1847513110829145,0.23588209474885125,0.029486636660870594,8
fGn_0.25_n512,Variance,clean,64,64,0,-0.13923982904050802,0.18441884955895227,0.25028549182325066,0.026202840457312526,17
fGn_0.25_n512,Variance,constant_offset_1sd,64,64,0,-0.13923982904050794,0.1844188495589522,0.25028549182325055,0.02620284045731252,17
fGn_0.25_n512,Variance,linear_plus_quadratic_0p5sd,64,64,0,0.5161313382777544,0.5161313382777544,0.5165569138345074,0.002641208471139204,0
fGn_0.25_n512,Variance,linear_trend_0p5sd,64,64,0,0.7091114718224456,0.7091114718224456,0.7091909859248503,0.0013379387538257994,0
fGn_0.25_n512,Variance,midpoint_step_1sd,64,64,0,0.7494099465770191,0.7494099465770191,0.7494664792428212,0.0011597446356817899,30
fGn_0.25_n512,Variance,t3_realized_sd_0p5,64,64,0,-0.03010734387780982,0.1849955814914871,0.2552885133060581,0.031938873381309386,8
fGn_0.25_n512,Variance,t5_realized_sd_0p5,64,64,0,-0.0027085471470960354,0.17672538902665816,0.2272235743867423,0.028625445592827484,8
fGn_0.25_n512,VarianceResidual,additive_outliers_1pct_8sd,64,64,0,0.1423927244398608,0.14320152754813603,0.15698791596236458,0.008328110539345677,0
fGn_0.25_n512,VarianceResidual,clean,64,64,0,-0.007226339445712249,0.03524068946034664,0.042874627081940356,0.005324417645525274,0
fGn_0.25_n512,VarianceResidual,constant_offset_1sd,64,64,0,-0.007226339445712252,0.03524068946034664,0.042874627081940356,0.005324417645525274,0
fGn_0.25_n512,VarianceResidual,linear_plus_quadratic_0p5sd,64,64,0,0.2757470738185155,0.2757470738185155,0.27718984639952954,0.00355849581991217,0
fGn_0.25_n512,VarianceResidual,linear_trend_0p5sd,64,64,0,0.2996268957105038,0.2996268957105038,0.30033155165058417,0.002590471807656013,0
fGn_0.25_n512,VarianceResidual,midpoint_step_1sd,64,64,0,0.3146040013810538,0.3146040013810538,0.31527758030041303,0.0025950959706792934,0
fGn_0.25_n512,VarianceResidual,t3_realized_sd_0p5,64,64,0,0.07801702029603355,0.07887141530158168,0.09082742040348563,0.005859417655229024,0
fGn_0.25_n512,VarianceResidual,t5_realized_sd_0p5,64,64,0,0.08778204356542266,0.08796943128933118,0.10007028089108452,0.006053169109764691,0
fGn_0.25_n512,WaveletOLS::broad_band,additive_outliers_1pct_8sd,64,64,0,0.1668274216302209,0.16724935290310455,0.20904671693411955,0.01587107844484186,0
fGn_0.25_n512,WaveletOLS::broad_band,clean,64,64,0,0.08018817582036745,0.1149418093608659,0.14703966919451833,0.015528019107016214,0
fGn_0.25_n512,WaveletOLS::broad_band,constant_offset_1sd,64,64,0,0.08018817582036744,0.1149418093608659,0.14703966919451833,0.015528019107016218,0
fGn_0.25_n512,WaveletOLS::broad_band,linear_plus_quadratic_0p5sd,64,64,0,0.11404202333799071,0.1434139784300465,0.1771965832617773,0.017086635468370328,0
fGn_0.25_n512,WaveletOLS::broad_band,linear_trend_0p5sd,64,64,0,0.08693213146847256,0.12304941973771474,0.15466773704063902,0.016117088141246412,0
fGn_0.25_n512,WaveletOLS::broad_band,midpoint_step_1sd,64,64,0,0.2184794284974717,0.2184794284974717,0.23251273160394584,0.0100229179299693,0
fGn_0.25_n512,WaveletOLS::broad_band,t3_realized_sd_0p5,64,64,0,0.12296729512556591,0.1482815389171029,0.17770234794545323,0.016162453449437085,0
fGn_0.25_n512,WaveletOLS::broad_band,t5_realized_sd_0p5,64,64,0,0.13257685306952238,0.13968151725671973,0.16728100765625847,0.012852220827592327,0
fGn_0.25_n512,WaveletOLS::conservative_band,additive_outliers_1pct_8sd,64,64,0,0.10650634059118144,0.14853496054567528,0.1834492130297383,0.018818267541291993,0
fGn_0.25_n512,WaveletOLS::conservative_band,clean,64,64,0,-0.07405485450312341,0.13094505242256768,0.16358589704786736,0.01837710110543315,9
fGn_0.25_n512,WaveletOLS::conservative_band,constant_offset_1sd,64,64,0,-0.07405485450312341,0.1309450524225677,0.16358589704786738,0.018377101105433155,9
fGn_0.25_n512,WaveletOLS::conservative_band,linear_plus_quadratic_0p5sd,64,64,0,-0.07125796988415745,0.12967781312877158,0.1600924586355602,0.01806157767018112,7
fGn_0.25_n512,WaveletOLS::conservative_band,linear_trend_0p5sd,64,64,0,-0.07462619708637658,0.1325586110958138,0.1639011072465822,0.01838499373630092,9
fGn_0.25_n512,WaveletOLS::conservative_band,midpoint_step_1sd,64,64,0,-0.024911612594893336,0.11113602327495481,0.14047568567245622,0.017417756777490613,4
fGn_0.25_n512,WaveletOLS::conservative_band,t3_realized_sd_0p5,64,64,0,0.013771154926196828,0.12247010017825546,0.15269431482112886,0.019159277694031862,4
fGn_0.25_n512,WaveletOLS::conservative_band,t5_realized_sd_0p5,64,64,0,0.011925183801060694,0.1005316428033348,0.12407961714521813,0.015560196158133756,0
fGn_0.25_n512,WaveletOLS::upper_band,additive_outliers_1pct_8sd,64,64,0,0.11893894408963092,0.13693174277882236,0.18837431340131588,0.018403937435967268,0
fGn_0.25_n512,WaveletOLS::upper_band,clean,64,64,0,0.009802591831060838,0.09667479110788832,0.12311443997330623,0.015461716430382577,1
fGn_0.25_n512,WaveletOLS::upper_band,constant_offset_1sd,64,64,0,0.009802591831060848,0.09667479110788832,0.12311443997330623,0.015461716430382579,1
fGn_0.25_n512,WaveletOLS::upper_band,linear_plus_quadratic_0p5sd,64,64,0,0.011876820718058302,0.10283536311148458,0.12822898419775666,0.016085887296860425,1
fGn_0.25_n512,WaveletOLS::upper_band,linear_trend_0p5sd,64,64,0,0.009682285302694674,0.09828184167416046,0.12440750586663125,0.01562633149489867,1
fGn_0.25_n512,WaveletOLS::upper_band,midpoint_step_1sd,64,64,0,0.0819575320354542,0.10095795337404909,0.1292156024829206,0.012585980401288317,0
fGn_0.25_n512,WaveletOLS::upper_band,t3_realized_sd_0p5,64,64,0,0.07375271682852598,0.12127912531926291,0.15427847845294732,0.01707238821233001,0
fGn_0.25_n512,WaveletOLS::upper_band,t5_realized_sd_0p5,64,64,0,0.10388341325429232,0.11500667089137363,0.14166302569460534,0.012134595237615769,0
fGn_0.25_n512,WhittleMLE,additive_outliers_1pct_8sd,64,64,0,0.16280958500684797,0.16490995885782894,0.1773013441342276,0.008845055709445953,0
fGn_0.25_n512,WhittleMLE,clean,64,64,0,-0.027798315331580906,0.05036014174523361,0.06641974796782316,0.007599954662391026,0
fGn_0.25_n512,WhittleMLE,constant_offset_1sd,64,64,0,-0.02779831533203863,0.05036014174610872,0.06641974796811292,0.007599954662404648,0
fGn_0.25_n512,WhittleMLE,linear_plus_quadratic_0p5sd,64,64,0,0.6369611933034677,0.6369611933034677,0.6375749287484971,0.003523679520933979,0
fGn_0.25_n512,WhittleMLE,linear_trend_0p5sd,64,64,0,0.6394836938112647,0.6394836938112647,0.6401452978140614,0.0036658173539179323,0
fGn_0.25_n512,WhittleMLE,midpoint_step_1sd,64,64,0,0.6328605559710707,0.6328605559710707,0.6335493438520203,0.0037209995911507937,0
fGn_0.25_n512,WhittleMLE,t3_realized_sd_0p5,64,64,0,0.08855283526240294,0.09309734848846386,0.10719665241283806,0.007611100556078527,0
fGn_0.25_n512,WhittleMLE,t5_realized_sd_0p5,64,64,0,0.10428018856199779,0.10769101591324688,0.12049763265963866,0.0076067239992532835,0
fGn_0.5_n512,AbsoluteMoment,additive_outliers_1pct_8sd,64,64,0,-0.1898603697896361,0.22864632059385973,0.28594153459004906,0.026937788760152247,5
fGn_0.5_n512,AbsoluteMoment,clean,64,64,0,-0.11411828328460674,0.16295520805222333,0.21507144810771084,0.022967452889756986,3
fGn_0.5_n512,AbsoluteMoment,constant_offset_1sd,64,64,0,-0.11411828328460674,0.16295520805222335,0.21507144810771084,0.022967452889756983,3
fGn_0.5_n512,AbsoluteMoment,linear_plus_quadratic_0p5sd,64,64,0,0.19314928031383424,0.19467110182744865,0.21019645447308163,0.010447073705339512,0
fGn_0.5_n512,AbsoluteMoment,linear_trend_0p5sd,64,64,0,0.3754609929975822,0.3754609929975822,0.37726931135664327,0.00464822210214603,0
fGn_0.5_n512,AbsoluteMoment,midpoint_step_1sd,64,64,0,0.41332798886229305,0.41332798886229305,0.4142062398006264,0.0033965031336543653,0
fGn_0.5_n512,AbsoluteMoment,t3_realized_sd_0p5,64,64,0,-0.15754914880217774,0.20033439589392785,0.27717903537575345,0.02873151120162747,6
fGn_0.5_n512,AbsoluteMoment,t5_realized_sd_0p5,64,64,0,-0.13687787167746457,0.17958435536833983,0.26726320638998485,0.028920819582368744,4
fGn_0.5_n512,DFA::balanced_scales,additive_outliers_1pct_8sd,64,64,0,-0.0028242579160476016,0.04835146932844111,0.06210552152604574,0.007816465497711676,0
fGn_0.5_n512,DFA::balanced_scales,clean,64,64,0,-0.01066271147721619,0.05095807798171188,0.0622160076763237,0.007722506989862579,0
fGn_0.5_n512,DFA::balanced_scales,constant_offset_1sd,64,64,0,-0.010662711477216197,0.05095807798171189,0.06221600767632371,0.0077225069898625796,0
fGn_0.5_n512,DFA::balanced_scales,linear_plus_quadratic_0p5sd,64,64,0,0.08721245839765343,0.08871868486256385,0.10096454643153278,0.006409104060857505,0
fGn_0.5_n512,DFA::balanced_scales,linear_trend_0p5sd,64,64,0,0.07903154104028139,0.08110877089409636,0.0957595505992842,0.006812578296361126,0
fGn_0.5_n512,DFA::balanced_scales,midpoint_step_1sd,64,64,0,0.15878310913002502,0.15878310913002502,0.16705621296622217,0.00654132473552026,0
fGn_0.5_n512,DFA::balanced_scales,t3_realized_sd_0p5,64,64,0,-0.005084963513356511,0.05058948505513329,0.06039116196234401,0.0075815519511361375,0
fGn_0.5_n512,DFA::balanced_scales,t5_realized_sd_0p5,64,64,0,-0.018761079855621275,0.060045563522773654,0.07140107689960823,0.008679601762017573,0
fGn_0.5_n512,DFA::long_scales,additive_outliers_1pct_8sd,64,64,0,-0.015740768755778664,0.05556761246586696,0.07089982340639085,0.008709612604176692,0
fGn_0.5_n512,DFA::long_scales,clean,64,64,0,-0.017283371847187697,0.06753296061555004,0.07942684537820263,0.009767055757181124,0
fGn_0.5_n512,DFA::long_scales,constant_offset_1sd,64,64,0,-0.017283371847187687,0.06753296061555006,0.07942684537820265,0.009767055757181125,0
fGn_0.5_n512,DFA::long_scales,linear_plus_quadratic_0p5sd,64,64,0,0.18178200984384107,0.18178200984384107,0.1928190951926102,0.008101052614370696,0
fGn_0.5_n512,DFA::long_scales,linear_trend_0p5sd,64,64,0,0.19457169482748207,0.19457169482748207,0.20410988343201905,0.007769190359028339,0
fGn_0.5_n512,DFA::long_scales,midpoint_step_1sd,64,64,0,0.20916068674424282,0.20916068674424282,0.21870954530179795,0.00805307032722139,0
fGn_0.5_n512,DFA::long_scales,t3_realized_sd_0p5,64,64,0,-0.012895638970593312,0.06190964437190727,0.07541470346593808,0.009361420318906204,0
fGn_0.5_n512,DFA::long_scales,t5_realized_sd_0p5,64,64,0,-0.01865147798292214,0.07337899416031032,0.08780532001973802,0.01080997231603079,0
fGn_0.5_n512,DFA::short_scales,additive_outliers_1pct_8sd,64,64,0,0.007164842880359669,0.038428943969507516,0.047539033713163766,0.005920940445572574,0
fGn_0.5_n512,DFA::short_scales,clean,64,64,0,0.0009989819149925465,0.042928274417568996,0.05475497369394227,0.00689733003249144,0
fGn_0.5_n512,DFA::short_scales,constant_offset_1sd,64,64,0,0.000998981914992549,0.04292827441756901,0.054754973693942284,0.006897330032491441,0
fGn_0.5_n512,DFA::short_scales,linear_plus_quadratic_0p5sd,64,64,0,0.03371460059821918,0.051379885129056405,0.06375869078336524,0.0068179226423686345,0
fGn_0.5_n512,DFA::short_scales,linear_trend_0p5sd,64,64,0,0.02660605989271479,0.04826517897812884,0.057344856754832925,0.006400087019767507,0
fGn_0.5_n512,DFA::short_scales,midpoint_step_1sd,64,64,0,0.11657082716602611,0.11657082716602611,0.12716492658027986,0.006402083993533736,0
fGn_0.5_n512,DFA::short_scales,t3_realized_sd_0p5,64,64,0,0.004101602455670102,0.038321448190227994,0.04853672648252092,0.006093179474631814,0
fGn_0.5_n512,DFA::short_scales,t5_realized_sd_0p5,64,64,0,-0.007034745401397261,0.04182357333528294,0.05335139436811902,0.0066629556792382584,0
fGn_0.5_n512,DMA::balanced_windows,additive_outliers_1pct_8sd,64,64,0,-0.05830423981596083,0.09950510921913587,0.1293853906058122,0.01455214756512478,0
fGn_0.5_n512,DMA::balanced_windows,clean,64,64,0,-0.029833485663959367,0.08040838194778133,0.10477914181720077,0.012654525317110369,0
fGn_0.5_n512,DMA::balanced_windows,constant_offset_1sd,64,64,0,-0.029833485663959367,0.08040838194778133,0.10477914181720077,0.012654525317110369,0
fGn_0.5_n512,DMA::balanced_windows,linear_plus_quadratic_0p5sd,64,64,0,0.381476598265613,0.381476598265613,0.3825401710992105,0.0035914083551115803,0
fGn_0.5_n512,DMA::balanced_windows,linear_trend_0p5sd,64,64,0,0.3520057249631817,0.3520057249631817,0.3535616156935411,0.004174346607881565,0
fGn_0.5_n512,DMA::balanced_windows,midpoint_step_1sd,64,64,0,0.42072703869331696,0.42072703869331696,0.4213548686653303,0.0028968627264730896,0
fGn_0.5_n512,DMA::balanced_windows,t3_realized_sd_0p5,64,64,0,-0.039884971080701305,0.0893830020061496,0.10839547339104429,0.012698436182659764,0
fGn_0.5_n512,DMA::balanced_windows,t5_realized_sd_0p5,64,64,0,-0.029629653749081913,0.09297599687933095,0.11471452736592952,0.013962254336272623,0
fGn_0.5_n512,DMA::long_windows,additive_outliers_1pct_8sd,64,64,0,-0.1051749708502404,0.1461473566680942,0.18161880037296851,0.018654593951228062,0
fGn_0.5_n512,DMA::long_windows,clean,64,64,0,-0.06164940178178466,0.11043852182484731,0.1388094312880394,0.015668900283762496,0
fGn_0.5_n512,DMA::long_windows,constant_offset_1sd,64,64,0,-0.06164940178178468,0.11043852182484731,0.1388094312880394,0.015668900283762492,0
fGn_0.5_n512,DMA::long_windows,linear_plus_quadratic_0p5sd,64,64,0,0.3354659356034012,0.3354659356034012,0.33688201781512617,0.003887505375743957,0
fGn_0.5_n512,DMA::long_windows,linear_trend_0p5sd,64,64,0,0.3058459342355627,0.3058459342355627,0.3078795231427859,0.004450905529777209,0
fGn_0.5_n512,DMA::long_windows,midpoint_step_1sd,64,64,0,0.3886745217515496,0.3886745217515496,0.38930782283037435,0.002796531463132691,0
fGn_0.5_n512,DMA::long_windows,t3_realized_sd_0p5,64,64,0,-0.07616543206770961,0.11753823867351912,0.14068635555807435,0.014902581856927114,0
fGn_0.5_n512,DMA::long_windows,t5_realized_sd_0p5,64,64,0,-0.06085179059503314,0.1179069451033394,0.14764639747301195,0.01694834274247657,0
fGn_0.5_n512,DMA::short_windows,additive_outliers_1pct_8sd,64,64,0,-0.01364105560626267,0.06474616928860269,0.08081259307296913,0.01003533186955615,0
fGn_0.5_n512,DMA::short_windows,clean,64,64,0,0.0010872492550274265,0.06280684452951191,0.07898364731493535,0.00995006136395494,0
fGn_0.5_n512,DMA::short_windows,constant_offset_1sd,64,64,0,0.0010872492550274273,0.06280684452951193,0.07898364731493536,0.009950061363954942,0
fGn_0.5_n512,DMA::short_windows,linear_plus_quadratic_0p5sd,64,64,0,0.4011276504501752,0.4011276504501752,0.40200017951497424,0.0033351242198461036,0
fGn_0.5_n512,DMA::short_windows,linear_trend_0p5sd,64,64,0,0.3810015633705354,0.3810015633705354,0.38216454010367895,0.003753399352088646,0
fGn_0.5_n512,DMA::short_windows,midpoint_step_1sd,64,64,0,0.4266320425828704,0.4266320425828704,0.4271988285036385,0.0027715657039968154,0
fGn_0.5_n512,DMA::short_windows,t3_realized_sd_0p5,64,64,0,-0.0045309740783687465,0.0655864180322355,0.0829381772956263,0.010433623552195036,0
fGn_0.5_n512,DMA::short_windows,t5_realized_sd_0p5,64,64,0,-0.002059814194061805,0.07373968411352368,0.08939271116428434,0.011259432712025093,0
fGn_0.5_n512,GHE,additive_outliers_1pct_8sd,64,64,0,0.04068358676270697,0.0518496835210452,0.06687525980591859,0.006687047587106632,0
fGn_0.5_n512,GHE,clean,64,64,0,0.006924080972802063,0.04412185710841096,0.05721541590200169,0.007155485097219162,0
fGn_0.5_n512,GHE,constant_offset_1sd,64,64,0,0.4771955482424064,0.4771955482424064,0.4772370719959544,0.0007931414824142108,0
fGn_0.5_n512,GHE,linear_plus_quadratic_0p5sd,64,64,0,0.31406911663590736,0.31406911663590736,0.31560119606343323,0.003913154316118028,0
fGn_0.5_n512,GHE,linear_trend_0p5sd,64,64,0,0.3206000487076792,0.3206000487076792,0.3217440926527872,0.0034153480047625436,0
fGn_0.5_n512,GHE,midpoint_step_1sd,64,64,0,0.3746657845014205,0.3746657845014205,0.37496151080701356,0.0018758469435871633,0
fGn_0.5_n512,GHE,t3_realized_sd_0p5,64,64,0,0.006078956019684407,0.048939049203775856,0.061153862549699796,0.007666502274074272,0
fGn_0.5_n512,GHE,t5_realized_sd_0p5,64,64,0,0.00555500761007282,0.05068859319782282,0.05943939646235161,0.007455884798675569,0
fGn_0.5_n512,GHE::centered,additive_outliers_1pct_8sd,64,64,0,0.019435181772453878,0.04404217304097498,0.05271245670648986,0.006173261340608247,0
fGn_0.5_n512,GHE::centered,clean,64,64,0,-0.015267483564983173,0.043398206925435334,0.056997292389819106,0.006918568625891245,0
fGn_0.5_n512,GHE::centered,constant_offset_1sd,64,64,0,-0.015267483564983189,0.04339820692543534,0.05699729238981912,0.006918568625891246,0
fGn_0.5_n512,GHE::centered,linear_plus_quadratic_0p5sd,64,64,0,0.31287451877752953,0.31287451877752953,0.3142581176819983,0.0037112014671202794,0
fGn_0.5_n512,GHE::centered,linear_trend_0p5sd,64,64,0,0.3192543737787968,0.3192543737787968,0.32046621311535783,0.003507901673718914,0
fGn_0.5_n512,GHE::centered,midpoint_step_1sd,64,64,0,0.36756276545921074,0.36756276545921074,0.3682733120807876,0.0028808228512844972,0
fGn_0.5_n512,GHE::centered,t3_realized_sd_0p5,64,64,0,-0.014729276292924625,0.04485622107003734,0.055985423605849065,0.006805012247301355,0
fGn_0.5_n512,GHE::centered,t5_realized_sd_0p5,64,64,0,-0.017986794300721753,0.04646294443562501,0.06086149898526953,0.007325317360823729,0
fGn_0.5_n512,GPH::narrow_band,additive_outliers_1pct_8sd,64,64,0,-0.011036122979418058,0.10609767191586675,0.12550496100997777,0.015750887718847254,0
fGn_0.5_n512,GPH::narrow_band,clean,64,64,0,0.021481403391531567,0.1032182273481612,0.13105850511379774,0.016288510446184287,0
fGn_0.5_n512,GPH::narrow_band,constant_offset_1sd,64,64,0,0.02148140339153156,0.10321822734816119,0.13105850511379774,0.016288510446184287,0
fGn_0.5_n512,GPH::narrow_band,linear_plus_quadratic_0p5sd,64,64,0,0.4969059325879486,0.4969059325879486,0.5062968875870835,0.012228663010976071,30
fGn_0.5_n512,GPH::narrow_band,linear_trend_0p5sd,64,64,0,0.5167732546487293,0.5167732546487293,0.5249319290814608,0.011614805445584696,36
fGn_0.5_n512,GPH::narrow_band,midpoint_step_1sd,64,64,0,0.36935354200826764,0.36935354200826764,0.3887132376165197,0.015262747523707534,6
fGn_0.5_n512,GPH::narrow_band,t3_realized_sd_0p5,64,64,0,0.013440745817936056,0.10710107960642068,0.13376294232783184,0.016767254127764145,0
fGn_0.5_n512,GPH::narrow_band,t5_realized_sd_0p5,64,64,0,0.022683207675180558,0.108169059082189,0.1383997165111578,0.01720093833723857,0
fGn_0.5_n512,GPH::wider_band,additive_outliers_1pct_8sd,64,64,0,-0.013732659831075335,0.07064142050234083,0.08575364533375465,0.010664510006671775,0
fGn_0.5_n512,GPH::wider_band,clean,64,64,0,0.005788426836893092,0.07194023788592784,0.08980638163092095,0.011291013631717384,0
fGn_0.5_n512,GPH::wider_band,constant_offset_1sd,64,64,0,0.005788426836893084,0.07194023788592781,0.08980638163092093,0.01129101363171738,0
fGn_0.5_n512,GPH::wider_band,linear_plus_quadratic_0p5sd,64,64,0,0.3116966775859428,0.3116966775859428,0.31786840416440637,0.007853321557828514,0
fGn_0.5_n512,GPH::wider_band,linear_trend_0p5sd,64,64,0,0.3304984918612862,0.3304984918612862,0.3358422552007887,0.007517986111380125,0
fGn_0.5_n512,GPH::wider_band,midpoint_step_1sd,64,64,0,0.22554314307332773,0.22554314307332773,0.23572983968590058,0.008636254268649949,0
fGn_0.5_n512,GPH::wider_band,t3_realized_sd_0p5,64,64,0,-0.0008988938872164995,0.06375883501057081,0.07733699654461354,0.009742887535474596,0
fGn_0.5_n512,GPH::wider_band,t5_realized_sd_0p5,64,64,0,0.0023167130711036817,0.08781690008137413,0.10716476375931029,0.013498335836366964,0
fGn_0.5_n512,Higuchi,additive_outliers_1pct_8sd,64,64,0,0.04396798977563082,0.05402606227995012,0.06604455933116143,0.006208928149629304,0
fGn_0.5_n512,Higuchi,clean,64,64,0,0.003817499797348644,0.04267969891360547,0.056736378418441404,0.007131912777264258,0
fGn_0.5_n512,Higuchi,constant_offset_1sd,64,64,0,0.4765921966635728,0.4765921966635728,0.4766357818045549,0.0008120772485504304,0
fGn_0.5_n512,Higuchi,linear_plus_quadratic_0p5sd,64,64,0,0.3083875526224043,0.3083875526224043,0.31012868315669523,0.004134480455393002,0
fGn_0.5_n512,Higuchi,linear_trend_0p5sd,64,64,0,0.31766219615190017,0.31766219615190017,0.31894313466164775,0.003597733598204071,0
fGn_0.5_n512,Higuchi,midpoint_step_1sd,64,64,0,0.36909828948878975,0.36909828948878975,0.36944251815018436,0.0020088175215541267,0
fGn_0.5_n512,Higuchi,t3_realized_sd_0p5,64,64,0,0.00662538417026696,0.04802756857855328,0.05777395817590271,0.007230814272690741,0
fGn_0.5_n512,Higuchi,t5_realized_sd_0p5,64,64,0,0.002618153331832712,0.04858007939055075,0.057941893300555526,0.0072925361629980635,0
fGn_0.5_n512,Higuchi::centered,additive_outliers_1pct_8sd,64,64,0,0.028361472622009956,0.044168519895957756,0.05303574369441325,0.005646205327657774,0
fGn_0.5_n512,Higuchi::centered,clean,64,64,0,-0.011883965888234361,0.04145094161646988,0.054390161476453605,0.006686946559448513,0
fGn_0.5_n512,Higuchi::centered,constant_offset_1sd,64,64,0,-0.011883965888234364,0.04145094161646989,0.054390161476453605,0.006686946559448514,0
fGn_0.5_n512,Higuchi::centered,linear_plus_quadratic_0p5sd,64,64,0,0.3070370766021842,0.3070370766021842,0.3086457707515569,0.0039650164522709265,0
fGn_0.5_n512,Higuchi::centered,linear_trend_0p5sd,64,64,0,0.31645231428189946,0.31645231428189946,0.3177950289552141,0.0036766384195161483,0
fGn_0.5_n512,Higuchi::centered,midpoint_step_1sd,64,64,0,0.36350468482968995,0.36350468482968995,0.3644398267102758,0.003287135578168979,0
fGn_0.5_n512,Higuchi::centered,t3_realized_sd_0p5,64,64,0,-0.007940441183910744,0.04226306450422651,0.051313118820589095,0.006386972799230252,0
fGn_0.5_n512,Higuchi::centered,t5_realized_sd_0p5,64,64,0,-0.014764369804991524,0.046024442660619024,0.05837346383688493,0.007115235904551704,0
fGn_0.5_n512,ModifiedLocalWhittle,additive_outliers_1pct_8sd,64,64,0,-0.005671255320695212,0.05233075984083861,0.0625633198953357,0.007849786024192801,0
fGn_0.5_n512,ModifiedLocalWhittle,clean,64,64,0,-0.006924566546390985,0.0580957053240659,0.07514796665387065,0.009427473588380761,0
fGn_0.5_n512,ModifiedLocalWhittle,constant_offset_1sd,64,64,0,-0.006924566546470406,0.058095705324116204,0.0751479666539202,0.009427473588386104,0
fGn_0.5_n512,ModifiedLocalWhittle,linear_plus_quadratic_0p5sd,64,64,0,0.3233523812252132,0.3233523812252132,0.3259994678840521,0.005223406746786313,0
fGn_0.5_n512,ModifiedLocalWhittle,linear_trend_0p5sd,64,64,0,0.32668177245344177,0.32668177245344177,0.3292548561901185,0.005175920854276558,0
fGn_0.5_n512,ModifiedLocalWhittle,midpoint_step_1sd,64,64,0,0.32148513326952777,0.32148513326952777,0.3240245087489915,0.0051008734961571316,0
fGn_0.5_n512,ModifiedLocalWhittle,t3_realized_sd_0p5,64,64,0,-0.008457811225641175,0.05226027435169226,0.0679855157690865,0.008498828848972606,0
fGn_0.5_n512,ModifiedLocalWhittle,t5_realized_sd_0p5,64,64,0,-0.009862906226079762,0.06383867071158698,0.07747100403533386,0.00968100705359306,0
fGn_0.5_n512,RS,additive_outliers_1pct_8sd,64,64,0,0.05933942995547488,0.06167881210878037,0.0727359908214266,0.005299530397485435,0
fGn_0.5_n512,RS,clean,64,64,0,0.06616907732523067,0.07112427781600986,0.08138314732919234,0.005969326189850581,0
fGn_0.5_n512,RS,constant_offset_1sd,64,64,0,0.06616907732523067,0.07112427781600984,0.08138314732919234,0.005969326189850581,0
fGn_0.5_n512,RS,linear_plus_quadratic_0p5sd,64,64,0,0.12798962907798855,0.12798962907798855,0.13641162724628916,0.005945235382499554,0
fGn_0.5_n512,RS,linear_trend_0p5sd,64,64,0,0.14775539380602426,0.14775539380602426,0.15271255412028908,0.004862339542656183,0
fGn_0.5_n512,RS,midpoint_step_1sd,64,64,0,0.16832943135295175,0.16832943135295175,0.17229482634776583,0.004630317152219474,0
fGn_0.5_n512,RS,t3_realized_sd_0p5,64,64,0,0.06600490847313475,0.06973419111588638,0.07938890589136263,0.0055577065557666575,0
fGn_0.5_n512,RS,t5_realized_sd_0p5,64,64,0,0.06580563079751196,0.06988856167912504,0.08063407200319195,0.005870929894650136,0
fGn_0.5_n512,Variance,additive_outliers_1pct_8sd,64,64,0,-0.17211276036515633,0.22087530061199112,0.27590652415089495,0.02716837791528695,5
fGn_0.5_n512,Variance,clean,64,64,0,-0.07996437881882593,0.15260507629644543,0.19713157607179027,0.02270114898311206,1
fGn_0.5_n512,Variance,constant_offset_1sd,64,64,0,-0.07996437881882594,0.15260507629644546,0.19713157607179027,0.02270114898311206,1
fGn_0.5_n512,Variance,linear_plus_quadratic_0p5sd,64,64,0,0.22759567530353686,0.22759567530353686,0.242758150076378,0.010639644351700445,0
fGn_0.5_n512,Variance,linear_trend_0p5sd,64,64,0,0.42495653962250346,0.42495653962250346,0.4266356468429533,0.004764142836964122,0
fGn_0.5_n512,Variance,midpoint_step_1sd,64,64,0,0.4647357016111941,0.4647357016111941,0.4657291459587719,0.0038304648552043474,4
fGn_0.5_n512,Variance,t3_realized_sd_0p5,64,64,0,-0.1279000933005257,0.18740802007086893,0.2604178279020236,0.028579882819059762,2
fGn_0.5_n512,Variance,t5_realized_sd_0p5,64,64,0,-0.09968908345862845,0.1703909632409659,0.24910154860487327,0.028761103627114128,4
fGn_0.5_n512,VarianceResidual,additive_outliers_1pct_8sd,64,64,0,-0.020097651738282735,0.04549157110414588,0.05910954169878211,0.00700342582206642,0
fGn_0.5_n512,VarianceResidual,clean,64,64,0,-0.022660445437232543,0.0512175481284397,0.06336694241148977,0.007455554660008155,0
fGn_0.5_n512,VarianceResidual,constant_offset_1sd,64,64,0,-0.022660445437232557,0.051217548128439705,0.06336694241148977,0.0074555546600081546,0
fGn_0.5_n512,VarianceResidual,linear_plus_quadratic_0p5sd,64,64,0,0.07660697199486996,0.08363763392487597,0.09893530925359167,0.007887670969023236,0
fGn_0.5_n512,VarianceResidual,linear_trend_0p5sd,64,64,0,0.10417588544251735,0.10506645707955208,0.11592777983532963,0.006407628179441345,0
fGn_0.5_n512,VarianceResidual,midpoint_step_1sd,64,64,0,0.12561643435623318,0.12561643435623318,0.13456603708856218,0.006079538617292447,0
fGn_0.5_n512,VarianceResidual,t3_realized_sd_0p5,64,64,0,-0.020258855039265476,0.044035024420949816,0.056706597350283466,0.006672874461585697,0
fGn_0.5_n512,VarianceResidual,t5_realized_sd_0p5,64,64,0,-0.02661648666991758,0.05624696823582931,0.06774365691553916,0.007848532053264298,0
fGn_0.5_n512,WaveletOLS::broad_band,additive_outliers_1pct_8sd,64,64,0,0.00981865893504705,0.0806614599689808,0.11394002937080196,0.014301694998743548,0
fGn_0.5_n512,WaveletOLS::broad_band,clean,64,64,0,0.02235234943020665,0.0721272999197599,0.08693740829961656,0.010584868982554488,0
fGn_0.5_n512,WaveletOLS::broad_band,constant_offset_1sd,64,64,0,0.02235234943020665,0.07212729991975991,0.08693740829961656,0.01058486898255449,0
fGn_0.5_n512,WaveletOLS::broad_band,linear_plus_quadratic_0p5sd,64,64,0,0.04294729021705118,0.0793081747481107,0.093757820033426,0.010500233618287448,0
fGn_0.5_n512,WaveletOLS::broad_band,linear_trend_0p5sd,64,64,0,0.02808622107709044,0.07351495662005306,0.0879993035261657,0.010507020787103244,0
fGn_0.5_n512,WaveletOLS::broad_band,midpoint_step_1sd,64,64,0,0.07368773075919109,0.08692338265410544,0.10294728167951515,0.00905736667708737,0
fGn_0.5_n512,WaveletOLS::broad_band,t3_realized_sd_0p5,64,64,0,0.023231712665182258,0.07718122937455436,0.09848883412713014,0.012058283048148528,0
fGn_0.5_n512,WaveletOLS::broad_band,t5_realized_sd_0p5,64,64,0,0.0032534536921118512,0.07440116824560344,0.09395155971047457,0.011829684622655604,0
fGn_0.5_n512,WaveletOLS::conservative_band,additive_outliers_1pct_8sd,64,64,0,-0.07332336677352552,0.14060774736067747,0.17697437731535046,0.020292939624157458,0
fGn_0.5_n512,WaveletOLS::conservative_band,clean,64,64,0,-0.10370791442569556,0.14939256691547564,0.18693575348580657,0.019594963888462272,1
fGn_0.5_n512,WaveletOLS::conservative_band,constant_offset_1sd,64,64,0,-0.1037079144256956,0.14939256691547564,0.18693575348580657,0.01959496388846227,1
fGn_0.5_n512,WaveletOLS::conservative_band,linear_plus_quadratic_0p5sd,64,64,0,-0.10266147731868389,0.14847210221849305,0.18634994629304305,0.01959386183370141,1
fGn_0.5_n512,WaveletOLS::conservative_band,linear_trend_0p5sd,64,64,0,-0.1032960875453273,0.14898048858416865,0.18664148337787392,0.019584964112574058,1
fGn_0.5_n512,WaveletOLS::conservative_band,midpoint_step_1sd,64,64,0,-0.09148433451221857,0.14373708909625987,0.18234373378958052,0.019872551777407564,0
fGn_0.5_n512,WaveletOLS::conservative_band,t3_realized_sd_0p5,64,64,0,-0.0974190074692867,0.12845916048270967,0.17593076904102137,0.01845680176557462,1
fGn_0.5_n512,WaveletOLS::conservative_band,t5_realized_sd_0p5,64,64,0,-0.08494064539235908,0.14267096216060599,0.17706439887997205,0.019573584447208178,0
fGn_0.5_n512,WaveletOLS::upper_band,additive_outliers_1pct_8sd,64,64,0,-0.0009016684055373194,0.08681925875246213,0.1273755969284238,0.016047414708937228,1
fGn_0.5_n512,WaveletOLS::upper_band,clean,64,64,0,0.0033470950089873374,0.0722290181652672,0.09043919872225117,0.011386462039900264,0
fGn_0.5_n512,WaveletOLS::upper_band,constant_offset_1sd,64,64,0,0.0033470950089873226,0.0722290181652672,0.09043919872225119,0.011386462039900265,0
fGn_0.5_n512,WaveletOLS::upper_band,linear_plus_quadratic_0p5sd,64,64,0,0.007046127654939167,0.07267191655368099,0.09112893187304606,0.011446795010923551,0
fGn_0.5_n512,WaveletOLS::upper_band,linear_trend_0p5sd,64,64,0,0.004450003252414056,0.0720776882270171,0.09023947998972322,0.011355273734491158,0
fGn_0.5_n512,WaveletOLS::upper_band,midpoint_step_1sd,64,64,0,0.021408602001972445,0.07407046410716318,0.09108838429996015,0.011154588716741493,0
fGn_0.5_n512,WaveletOLS::upper_band,t3_realized_sd_0p5,64,64,0,0.015256134028008106,0.0711200229211298,0.08864481459047606,0.011001553662500503,0
fGn_0.5_n512,WaveletOLS::upper_band,t5_realized_sd_0p5,64,64,0,0.0016062013033276883,0.06936318478214756,0.0895295898343737,0.01127785269812939,0
fGn_0.5_n512,WhittleMLE,additive_outliers_1pct_8sd,64,64,0,-0.005766878920146808,0.05266921500335244,0.06297783854134392,0.007901126356171613,0
fGn_0.5_n512,WhittleMLE,clean,64,64,0,-0.007006077782052247,0.05847320127065487,0.07565920332063317,0.009491207226829206,0
fGn_0.5_n512,WhittleMLE,constant_offset_1sd,64,64,0,-0.007006077781960928,0.05847320127075106,0.07565920332068665,0.009491207226837045,0
fGn_0.5_n512,WhittleMLE,linear_plus_quadratic_0p5sd,64,64,0,0.3257106728263949,0.3257106728263949,0.32835035684529645,0.0052349776722294536,0
fGn_0.5_n512,WhittleMLE,linear_trend_0p5sd,64,64,0,0.3290844632425307,0.3290844632425307,0.331649787215518,0.005186976077920297,0
fGn_0.5_n512,WhittleMLE,midpoint_step_1sd,64,64,0,0.3237901722872099,0.3237901722872099,0.32632409491587216,0.005113535187053974,0
fGn_0.5_n512,WhittleMLE,t3_realized_sd_0p5,64,64,0,-0.008562662059398485,0.05263255796261707,0.06848114494358526,0.00856010312877432,0
fGn_0.5_n512,WhittleMLE,t5_realized_sd_0p5,64,64,0,-0.009979421349679624,0.06430395750292812,0.07798679857208639,0.009744637842593907,0
fGn_0.75_n512,AbsoluteMoment,additive_outliers_1pct_8sd,64,64,0,-0.2750598781100648,0.2840223145251609,0.34489809959874507,0.02621545726054382,1
fGn_0.75_n512,AbsoluteMoment,clean,64,64,0,-0.274362890811918,0.28439381902224165,0.37650672405358654,0.03248499468079025,4
fGn_0.75_n512,AbsoluteMoment,constant_offset_1sd,64,64,0,-0.274362890811918,0.2843938190222416,0.37650672405358654,0.03248499468079025,4
fGn_0.75_n512,AbsoluteMoment,linear_plus_quadratic_0p5sd,64,64,0,-0.15768766960675995,0.17614113190856007,0.2559679887033487,0.025402852637845814,0
fGn_0.75_n512,AbsoluteMoment,linear_trend_0p5sd,64,64,0,0.03705823174763161,0.1146773781124732,0.1393974821275364,0.016930457893861113,0
fGn_0.75_n512,AbsoluteMoment,midpoint_step_1sd,64,64,0,0.08700501860538606,0.11510528663605288,0.12901233923084526,0.012001527952519096,0
fGn_0.75_n512,AbsoluteMoment,t3_realized_sd_0p5,64,64,0,-0.2749117429212597,0.2812863189326995,0.365165407525628,0.030281564525577554,3
fGn_0.75_n512,AbsoluteMoment,t5_realized_sd_0p5,64,64,0,-0.2736992583227359,0.2791868368334207,0.3546841783343013,0.02842131503784371,2
fGn_0.75_n512,DFA::balanced_scales,additive_outliers_1pct_8sd,64,64,0,-0.07323457463406509,0.0865422044461339,0.10429148578258399,0.009354916443516855,0
fGn_0.75_n512,DFA::balanced_scales,clean,64,64,0,-0.024739638599114,0.06364397695962755,0.08220985513445098,0.009877351488731518,0
fGn_0.75_n512,DFA::balanced_scales,constant_offset_1sd,64,64,0,-0.024739638599114003,0.06364397695962756,0.08220985513445098,0.00987735148873152,0
fGn_0.75_n512,DFA::balanced_scales,linear_plus_quadratic_0p5sd,64,64,0,0.010826782998357857,0.06331940454945889,0.07902358533021553,0.009862151322299898,0
fGn_0.75_n512,DFA::balanced_scales,linear_trend_0p5sd,64,64,0,0.00403873055510034,0.0603028411073257,0.07416895337174496,0.009330545756987003,0
fGn_0.75_n512,DFA::balanced_scales,midpoint_step_1sd,64,64,0,0.02744878157240944,0.06879001958171682,0.08223068193730954,0.009765869821276188,0
fGn_0.75_n512,DFA::balanced_scales,t3_realized_sd_0p5,64,64,0,-0.04773393138062287,0.07897137200665577,0.0947190311513087,0.01030731490691724,0
fGn_0.75_n512,DFA::balanced_scales,t5_realized_sd_0p5,64,64,0,-0.05165365170633325,0.0776949886082671,0.09714330152185845,0.01036532780817438,0
fGn_0.75_n512,DFA::long_scales,additive_outliers_1pct_8sd,64,64,0,-0.06976970988116782,0.09637429015910609,0.11360218290495114,0.011295204449387128,0
fGn_0.75_n512,DFA::long_scales,clean,64,64,0,-0.02308103902771114,0.07793669473036594,0.09544886203450174,0.011668537877886017,0
fGn_0.75_n512,DFA::long_scales,constant_offset_1sd,64,64,0,-0.02308103902771115,0.07793669473036594,0.09544886203450174,0.011668537877886015,0
fGn_0.75_n512,DFA::long_scales,linear_plus_quadratic_0p5sd,64,64,0,0.044048660302524134,0.08236237058887576,0.10664293063445703,0.012236057942246232,1
fGn_0.75_n512,DFA::long_scales,linear_trend_0p5sd,64,64,0,0.047165242128122876,0.08561423273722152,0.10574030783159977,0.0119233348877863,1
fGn_0.75_n512,DFA::long_scales,midpoint_step_1sd,64,64,0,0.05195460755537949,0.08845944152839533,0.1067642313624241,0.011750933669203796,1
fGn_0.75_n512,DFA::long_scales,t3_realized_sd_0p5,64,64,0,-0.04348096457412665,0.08338913567679551,0.09953021104859723,0.011279753340122186,0
fGn_0.75_n512,DFA::long_scales,t5_realized_sd_0p5,64,64,0,-0.04750345503753758,0.08096015897931191,0.10054255462811856,0.011164162512853812,0
fGn_0.75_n512,DFA::short_scales,additive_outliers_1pct_8sd,64,64,0,-0.07754382415671832,0.08235131772275121,0.09803934821062216,0.007557892051711677,0
fGn_0.75_n512,DFA::short_scales,clean,64,64,0,-0.019296205065496133,0.054848915131201895,0.06979638863286326,0.008450784068310256,0
fGn_0.75_n512,DFA::short_scales,constant_offset_1sd,64,64,0,-0.019296205065496123,0.05484891513120189,0.06979638863286325,0.008450784068310254,0
fGn_0.75_n512,DFA::short_scales,linear_plus_quadratic_0p5sd,64,64,0,-0.00472616163221617,0.05592458815932524,0.06987955933132986,0.00878383816075849,0
fGn_0.75_n512,DFA::short_scales,linear_trend_0p5sd,64,64,0,-0.008303516921382684,0.05175826768186097,0.06485868400636761,0.008104183220964028,0
fGn_0.75_n512,DFA::short_scales,midpoint_step_1sd,64,64,0,0.02362088557918989,0.059151103588401935,0.07077730397804664,0.008405856351241586,0
fGn_0.75_n512,DFA::short_scales,t3_realized_sd_0p5,64,64,0,-0.04774461418319228,0.06796274855170886,0.08653778471915784,0.009093203462797482,0
fGn_0.75_n512,DFA::short_scales,t5_realized_sd_0p5,64,64,0,-0.05059840561657906,0.0692407319075114,0.08399832362675401,0.00844733424764929,0
fGn_0.75_n512,DMA::balanced_windows,additive_outliers_1pct_8sd,64,64,0,-0.14011223337892964,0.15280533282871883,0.18982526440223566,0.016135435254136438,0
fGn_0.75_n512,DMA::balanced_windows,clean,64,64,0,-0.10915863997902375,0.128727158262597,0.15931480828197767,0.014619838367862735,0
fGn_0.75_n512,DMA::balanced_windows,constant_offset_1sd,64,64,0,-0.10915863997902375,0.12872715826259698,0.15931480828197764,0.014619838367862733,0
fGn_0.75_n512,DMA::balanced_windows,linear_plus_quadratic_0p5sd,64,64,0,0.06648085471573922,0.0883178023369184,0.1039097462198347,0.010061344632071853,0
fGn_0.75_n512,DMA::balanced_windows,linear_trend_0p5sd,64,64,0,0.03941161719951691,0.07628450447988866,0.09649519287910986,0.011097008519026867,0
fGn_0.75_n512,DMA::balanced_windows,midpoint_step_1sd,64,64,0,0.09802149353503326,0.1084997306736804,0.12266588652747132,0.009291322562692486,0
fGn_0.75_n512,DMA::balanced_windows,t3_realized_sd_0p5,64,64,0,-0.12179433507570916,0.13511498008751166,0.1668625549809477,0.014369971003403644,0
fGn_0.75_n512,DMA::balanced_windows,t5_realized_sd_0p5,64,64,0,-0.11416345990403427,0.12869093466232356,0.15560432754022488,0.013321072441207487,0
fGn_0.75_n512,DMA::long_windows,additive_outliers_1pct_8sd,64,64,0,-0.2041982864894835,0.2101234484830207,0.2538570708440909,0.01900145032572415,0
fGn_0.75_n512,DMA::long_windows,clean,64,64,0,-0.1741953922247102,0.18126441914206967,0.22182638030629231,0.017303503786609047,0
fGn_0.75_n512,DMA::long_windows,constant_offset_1sd,64,64,0,-0.17419539222471017,0.18126441914206964,0.22182638030629226,0.017303503786609047,0
fGn_0.75_n512,DMA::long_windows,linear_plus_quadratic_0p5sd,64,64,0,0.0132273865522441,0.07549713572313144,0.08960268826229223,0.011165193924791763,0
fGn_0.75_n512,DMA::long_windows,linear_trend_0p5sd,64,64,0,-0.017126331835247553,0.07909427270467868,0.09964335909137921,0.012367063123463173,0
fGn_0.75_n512,DMA::long_windows,midpoint_step_1sd,64,64,0,0.062018905744051764,0.08203376360816278,0.09634554064677124,0.00928911167761437,0
fGn_0.75_n512,DMA::long_windows,t3_realized_sd_0p5,64,64,0,-0.18319756982275,0.1882482494981907,0.22839868455699278,0.01718462284127522,0
fGn_0.75_n512,DMA::long_windows,t5_realized_sd_0p5,64,64,0,-0.1759157929182224,0.18070413926963985,0.21588121165810675,0.015765308181143644,0
fGn_0.75_n512,DMA::short_windows,additive_outliers_1pct_8sd,64,64,0,-0.08547720399523526,0.10530334204450287,0.1276512533628532,0.011944640879918771,0
fGn_0.75_n512,DMA::short_windows,clean,64,64,0,-0.05425236977405003,0.08560706457320062,0.10443336412276465,0.011242639861082229,0
fGn_0.75_n512,DMA::short_windows,constant_offset_1sd,64,64,0,-0.054252369774050006,0.08560706457320062,0.10443336412276463,0.011242639861082229,0
fGn_0.75_n512,DMA::short_windows,linear_plus_quadratic_0p5sd,64,64,0,0.1030640085751913,0.10871392227033155,0.12352359629553618,0.008578201404515777,0
fGn_0.75_n512,DMA::short_windows,linear_trend_0p5sd,64,64,0,0.08598857605198758,0.09869641039486994,0.11353792294864161,0.009340834346374014,0
fGn_0.75_n512,DMA::short_windows,midpoint_step_1sd,64,64,0,0.11973306262039617,0.1258201559917052,0.1375412510025136,0.008527815778405652,0
fGn_0.75_n512,DMA::short_windows,t3_realized_sd_0p5,64,64,0,-0.06948831998159961,0.0881003768736939,0.10982795793353854,0.010715330754315518,0
fGn_0.75_n512,DMA::short_windows,t5_realized_sd_0p5,64,64,0,-0.06397573834648523,0.0871527864419599,0.1053352655712594,0.010542900323816658,0
fGn_0.75_n512,GHE,additive_outliers_1pct_8sd,64,64,0,-0.024204551470323826,0.05825568126665494,0.07170876439078505,0.008504234779432386,0
fGn_0.75_n512,GHE,clean,64,64,0,-0.010523354910787916,0.05159309650623435,0.06327727431136981,0.007861168827123526,0
fGn_0.75_n512,GHE,constant_offset_1sd,64,64,0,0.2104699712404125,0.2104699712404125,0.21183785616115597,0.003028092041687196,0
fGn_0.75_n512,GHE,linear_plus_quadratic_0p5sd,64,64,0,0.07919411710780996,0.08476276157335572,0.09492925458740814,0.006594677016575064,0
fGn_0.75_n512,GHE,linear_trend_0p5sd,64,64,0,0.07865273820960368,0.08476482056717094,0.09546994683634819,0.006817644616153722,0
fGn_0.75_n512,GHE,midpoint_step_1sd,64,64,0,0.13152096808905234,0.13152096808905234,0.13756951814845034,0.005082817735780349,0
fGn_0.75_n512,GHE,t3_realized_sd_0p5,64,64,0,-0.02976495252619527,0.05535204049958836,0.068191662441532,0.007729710181278373,0
fGn_0.75_n512,GHE,t5_realized_sd_0p5,64,64,0,-0.02565266316354646,0.054294357281550895,0.0669819570337843,0.007795525212860192,0
fGn_0.75_n512,GHE::centered,additive_outliers_1pct_8sd,64,64,0,-0.06817929178471005,0.07838772348044265,0.09194998298618189,0.007772952231626728,0
fGn_0.75_n512,GHE::centered,clean,64,64,0,-0.05671935308281022,0.06856934999449829,0.08164986702416974,0.007399716608614902,0
fGn_0.75_n512,GHE::centered,constant_offset_1sd,64,64,0,-0.056719353082810224,0.06856934999449829,0.08164986702416972,0.007399716608614899,0
fGn_0.75_n512,GHE::centered,linear_plus_quadratic_0p5sd,64,64,0,0.06485529749966648,0.07579012379638264,0.08740417552234976,0.007382175320314789,0
fGn_0.75_n512,GHE::centered,linear_trend_0p5sd,64,64,0,0.06849923731586219,0.0763917009207204,0.08947474733166402,0.007252350354885302,0
fGn_0.75_n512,GHE::centered,midpoint_step_1sd,64,64,0,0.09249743908095444,0.09854712740623965,0.10962187273693405,0.007412108011335865,0
fGn_0.75_n512,GHE::centered,t3_realized_sd_0p5,64,64,0,-0.07424226657380752,0.0794775277866765,0.09417963846532859,0.007300674197442428,0
fGn_0.75_n512,GHE::centered,t5_realized_sd_0p5,64,64,0,-0.07459590236958348,0.07931030043058829,0.09294813935780798,0.006986163149506656,0
fGn_0.75_n512,GPH::narrow_band,additive_outliers_1pct_8sd,64,64,0,-0.04786123074962805,0.10570745091722958,0.1359420581671573,0.016030499586157744,1
fGn_0.75_n512,GPH::narrow_band,clean,64,64,0,0.010582221579242027,0.09392909663783,0.12553811819204574,0.015760023620987794,1
fGn_0.75_n512,GPH::narrow_band,constant_offset_1sd,64,64,0,0.010582221579242027,0.09392909663783001,0.12553811819204577,0.015760023620987794,1
fGn_0.75_n512,GPH::narrow_band,linear_plus_quadratic_0p5sd,64,64,0,0.1931673206283795,0.2005099702450251,0.23061527111694116,0.015871402611322177,15
fGn_0.75_n512,GPH::narrow_band,linear_trend_0p5sd,64,64,0,0.19740206226990215,0.2002011317097439,0.23183434183746832,0.015316547679107648,16
fGn_0.75_n512,GPH::narrow_band,midpoint_step_1sd,64,64,0,0.16795497280624355,0.17168510974124018,0.20909591084135604,0.015691584561012363,15
fGn_0.75_n512,GPH::narrow_band,t3_realized_sd_0p5,64,64,0,-0.0194345697756969,0.09529096452779685,0.1267552808408792,0.01578083965752669,1
fGn_0.75_n512,GPH::narrow_band,t5_realized_sd_0p5,64,64,0,-0.003540984583150197,0.08107577858760781,0.09986897684072693,0.012574396992955058,1
fGn_0.75_n512,GPH::wider_band,additive_outliers_1pct_8sd,64,64,0,-0.05983512228362813,0.0871665273803348,0.10491821726711546,0.01085809657368084,0
fGn_0.75_n512,GPH::wider_band,clean,64,64,0,-0.00041029627567940215,0.06787458448764484,0.08009339122745664,0.010090686398287325,0
fGn_0.75_n512,GPH::wider_band,constant_offset_1sd,64,64,0,-0.0004102962756794039,0.06787458448764484,0.08009339122745665,0.010090686398287326,0
fGn_0.75_n512,GPH::wider_band,linear_plus_quadratic_0p5sd,64,64,0,0.11879336251333664,0.12526102842883352,0.14595206209470443,0.010683128259283825,4
fGn_0.75_n512,GPH::wider_band,linear_trend_0p5sd,64,64,0,0.12501152641970725,0.12650744808461692,0.14840456677992375,0.010075928964499787,5
fGn_0.75_n512,GPH::wider_band,midpoint_step_1sd,64,64,0,0.10168951958801968,0.10902608965523831,0.13120388288326218,0.010445398842448191,4
fGn_0.75_n512,GPH::wider_band,t3_realized_sd_0p5,64,64,0,-0.03771443510788326,0.07301649599100526,0.09091073124144293,0.010421575939799222,0
fGn_0.75_n512,GPH::wider_band,t5_realized_sd_0p5,64,64,0,-0.02518393875368409,0.06448777497762728,0.07779053384584754,0.009272879370690382,0
fGn_0.75_n512,Higuchi,additive_outliers_1pct_8sd,64,64,0,-0.024416171899534246,0.05485546659644601,0.06623080650193192,0.007756584790601438,0
fGn_0.75_n512,Higuchi,clean,64,64,0,-0.011056869660447506,0.048640377831757786,0.05845101954469895,0.007231179533551551,0
fGn_0.75_n512,Higuchi,constant_offset_1sd,64,64,0,0.20695157978877454,0.20695157978877454,0.20855721850261402,0.0032541963445450847,0
fGn_0.75_n512,Higuchi,linear_plus_quadratic_0p5sd,64,64,0,0.07944612795019894,0.08496841553256446,0.09453187908214937,0.006454466789139659,0
fGn_0.75_n512,Higuchi,linear_trend_0p5sd,64,64,0,0.08001024953390035,0.08533905264636324,0.09578494831060458,0.006634585060634662,0
fGn_0.75_n512,Higuchi,midpoint_step_1sd,64,64,0,0.1284010097710626,0.1284010097710626,0.13480781020639326,0.005173691664097273,0
fGn_0.75_n512,Higuchi,t3_realized_sd_0p5,64,64,0,-0.02975774400111041,0.0511612496538638,0.06335244667141661,0.00704634225862606,0
fGn_0.75_n512,Higuchi,t5_realized_sd_0p5,64,64,0,-0.02741829800863518,0.05072098717573913,0.06318386177094722,0.007171855621604513,0
fGn_0.75_n512,Higuchi::centered,additive_outliers_1pct_8sd,64,64,0,-0.059840147211094596,0.06955568420756177,0.08210868235892381,0.007083394958245292,0
fGn_0.75_n512,Higuchi::centered,clean,64,64,0,-0.0489765039972384,0.06064940506743183,0.07329880076479173,0.006870706451241309,0
fGn_0.75_n512,Higuchi::centered,constant_offset_1sd,64,64,0,-0.048976503997238394,0.06064940506743184,0.07329880076479173,0.00687070645124131,0
fGn_0.75_n512,Higuchi::centered,linear_plus_quadratic_0p5sd,64,64,0,0.065938874448921,0.0755645595446601,0.08687350036334288,0.00712593062904676,0
fGn_0.75_n512,Higuchi::centered,linear_trend_0p5sd,64,64,0,0.0710082985893702,0.07764877182259562,0.09025428302841762,0.00701886023444968,0
fGn_0.75_n512,Higuchi::centered,midpoint_step_1sd,64,64,0,0.08796827718224456,0.09421103671886802,0.10589316453412706,0.007426833058578333,0
fGn_0.75_n512,Higuchi::centered,t3_realized_sd_0p5,64,64,0,-0.06708789663923626,0.07139791110012941,0.08624508898426413,0.006828313485363243,0
fGn_0.75_n512,Higuchi::centered,t5_realized_sd_0p5,64,64,0,-0.0684785557763819,0.07257006666616554,0.08576320668805545,0.00650520551045996,0
fGn_0.75_n512,ModifiedLocalWhittle,additive_outliers_1pct_8sd,64,64,0,-0.06318943545066848,0.07290784284021207,0.0885031699498974,0.0078071053703399505,0
fGn_0.75_n512,ModifiedLocalWhittle,clean,64,64,0,-0.012815147916230386,0.049506239635690244,0.06273893954586865,0.007737710706134606,0
fGn_0.75_n512,ModifiedLocalWhittle,constant_offset_1sd,64,64,0,-0.012815147916065145,0.049506239635480204,0.06273893954560061,0.0077377107061044545,0
fGn_0.75_n512,ModifiedLocalWhittle,linear_plus_quadratic_0p5sd,64,64,0,0.11431855977921744,0.1154467089888184,0.12976920697033073,0.007737061875909433,0
fGn_0.75_n512,ModifiedLocalWhittle,linear_trend_0p5sd,64,64,0,0.11609428139560549,0.11656307728192827,0.13017004435310803,0.00741765191329406,0
fGn_0.75_n512,ModifiedLocalWhittle,midpoint_step_1sd,64,64,0,0.10842497276656628,0.1105126786946331,0.12334714759987668,0.007409286431374135,0
fGn_0.75_n512,ModifiedLocalWhittle,t3_realized_sd_0p5,64,64,0,-0.0377488159643134,0.05904645423859503,0.07512134435811474,0.008182679414725492,0
fGn_0.75_n512,ModifiedLocalWhittle,t5_realized_sd_0p5,64,64,0,-0.0396604910424305,0.0597380876741999,0.07294699103874264,0.0077134277393486874,0
fGn_0.75_n512,RS,additive_outliers_1pct_8sd,64,64,0,-0.058518066098137166,0.06642706629782544,0.07628897078062223,0.006166528959724584,0
fGn_0.75_n512,RS,clean,64,64,0,-0.011718324279064371,0.036412338188035395,0.04688569011646249,0.00571956932248613,0
fGn_0.75_n512,RS,constant_offset_1sd,64,64,0,-0.011718324279064371,0.03641233818803538,0.04688569011646247,0.005719569322486126,0
fGn_0.75_n512,RS,linear_plus_quadratic_0p5sd,64,64,0,0.006246948277011244,0.03677434539227027,0.047577518475789615,0.0059423098249894255,0
fGn_0.75_n512,RS,linear_trend_0p5sd,64,64,0,0.011632284954697104,0.03660061251421379,0.04561540571826255,0.005556999283863903,0
fGn_0.75_n512,RS,midpoint_step_1sd,64,64,0,0.02184995380944014,0.043255851006293866,0.05093710274171898,0.00579705447133142,0
fGn_0.75_n512,RS,t3_realized_sd_0p5,64,64,0,-0.028614860391688864,0.04322073069170917,0.05342314168698585,0.005683758303441065,0
fGn_0.75_n512,RS,t5_realized_sd_0p5,64,64,0,-0.027001387967324493,0.04304491892752237,0.053041802416076936,0.005751960123302854,0
fGn_0.75_n512,Variance,additive_outliers_1pct_8sd,64,64,0,-0.24460346329868116,0.260541003531366,0.32017483967631244,0.026028395270965843,0
fGn_0.75_n512,Variance,clean,64,64,0,-0.24047247171279962,0.262083997995836,0.3532191793120146,0.03259583647143995,4
fGn_0.75_n512,Variance,constant_offset_1sd,64,64,0,-0.2404724717127996,0.2620839979958359,0.3532191793120146,0.03259583647143996,4
fGn_0.75_n512,Variance,linear_plus_quadratic_0p5sd,64,64,0,-0.12305427586386472,0.16466877689626785,0.24015806670994838,0.025983371421664837,0
fGn_0.75_n512,Variance,linear_trend_0p5sd,64,64,0,0.07519058712271744,0.1342863074452403,0.1574281823991771,0.01742558246237894,0
fGn_0.75_n512,Variance,midpoint_step_1sd,64,64,0,0.1234051713509575,0.1420390185387344,0.1584413026956703,0.012519705156362571,3
fGn_0.75_n512,Variance,t3_realized_sd_0p5,64,64,0,-0.24252925238724138,0.25972210627381875,0.3425850316376956,0.030483944678367278,2
fGn_0.75_n512,Variance,t5_realized_sd_0p5,64,64,0,-0.2403503550166445,0.25375864444843566,0.33067393735864004,0.028612617843659153,1
fGn_0.75_n512,VarianceResidual,additive_outliers_1pct_8sd,64,64,0,-0.08389817921412426,0.0926259540966439,0.10955179745493389,0.008875409089754722,0
fGn_0.75_n512,VarianceResidual,clean,64,64,0,-0.03220422514667273,0.06432697221019945,0.08186297055754024,0.009482175283889168,0
fGn_0.75_n512,VarianceResidual,constant_offset_1sd,64,64,0,-0.03220422514667275,0.06432697221019945,0.08186297055754024,0.009482175283889165,0
fGn_0.75_n512,VarianceResidual,linear_plus_quadratic_0p5sd,64,64,0,-0.00226856158985465,0.06287547303098114,0.08030751626683792,0.010113758346581118,1
fGn_0.75_n512,VarianceResidual,linear_trend_0p5sd,64,64,0,0.006938095524854585,0.05776820501157162,0.07517266683978722,0.009430440975309049,1
fGn_0.75_n512,VarianceResidual,midpoint_step_1sd,64,64,0,0.012556207837057194,0.056268009079795324,0.07246561050136503,0.008991712542438395,1
fGn_0.75_n512,VarianceResidual,t3_realized_sd_0p5,64,64,0,-0.05631912827777031,0.07630892352910734,0.0918045870228122,0.009134130994418291,0
fGn_0.75_n512,VarianceResidual,t5_realized_sd_0p5,64,64,0,-0.05833027084648702,0.07377785283439978,0.09133241442939674,0.008854367972818394,0
fGn_0.75_n512,WaveletOLS::broad_band,additive_outliers_1pct_8sd,64,64,0,-0.086897191302727,0.11425553338652517,0.13995803644249347,0.013822646536692703,0
fGn_0.75_n512,WaveletOLS::broad_band,clean,64,64,0,-0.0324188103498373,0.06349031191438761,0.07929116318295991,0.009116624701224959,0
fGn_0.75_n512,WaveletOLS::broad_band,constant_offset_1sd,64,64,0,-0.032418810349837304,0.06349031191438761,0.07929116318295991,0.009116624701224959,0
fGn_0.75_n512,WaveletOLS::broad_band,linear_plus_quadratic_0p5sd,64,64,0,-0.023215286082790977,0.0659880689895786,0.08283254721695048,0.010017668019469086,0
fGn_0.75_n512,WaveletOLS::broad_band,linear_trend_0p5sd,64,64,0,-0.03056666434916501,0.0648551791361114,0.0805189032233645,0.009385037743248914,0
fGn_0.75_n512,WaveletOLS::broad_band,midpoint_step_1sd,64,64,0,-0.016555641510264493,0.05928777658737587,0.0764855326871921,0.00940782133629614,0
fGn_0.75_n512,WaveletOLS::broad_band,t3_realized_sd_0p5,64,64,0,-0.05895709978859051,0.07813243150439028,0.0950516928621447,0.009393416049922793,0
fGn_0.75_n512,WaveletOLS::broad_band,t5_realized_sd_0p5,64,64,0,-0.06663664539891787,0.08777882456936417,0.10946093022022521,0.010940860311676468,0
fGn_0.75_n512,WaveletOLS::conservative_band,additive_outliers_1pct_8sd,64,64,0,-0.14929569405158544,0.17855827069527355,0.213871593970299,0.019293824345058334,0
fGn_0.75_n512,WaveletOLS::conservative_band,clean,64,64,0,-0.08812763806445893,0.12922153456725838,0.16472804187934403,0.01753402460640846,0
fGn_0.75_n512,WaveletOLS::conservative_band,constant_offset_1sd,64,64,0,-0.08812763806445895,0.12922153456725843,0.16472804187934403,0.01753402460640846,0
fGn_0.75_n512,WaveletOLS::conservative_band,linear_plus_quadratic_0p5sd,64,64,0,-0.0874638997006765,0.12975654783597176,0.16446806261331579,0.017548033792507276,0
fGn_0.75_n512,WaveletOLS::conservative_band,linear_trend_0p5sd,64,64,0,-0.08781955464725391,0.12940047560279705,0.1646288435306933,0.01754376927510049,0
fGn_0.75_n512,WaveletOLS::conservative_band,midpoint_step_1sd,64,64,0,-0.08220444019663886,0.12935489076055579,0.1662845815841927,0.018210842786467864,0
fGn_0.75_n512,WaveletOLS::conservative_band,t3_realized_sd_0p5,64,64,0,-0.11841518535999088,0.14789276755530129,0.18853205203396473,0.018483016022136357,0
fGn_0.75_n512,WaveletOLS::conservative_band,t5_realized_sd_0p5,64,64,0,-0.12935193347564877,0.15579989684493573,0.1911382795558375,0.01772896438200388,0
fGn_0.75_n512,WaveletOLS::upper_band,additive_outliers_1pct_8sd,64,64,0,-0.09043832359426357,0.11347997768491346,0.13910816887825292,0.013316651632460551,0
fGn_0.75_n512,WaveletOLS::upper_band,clean,64,64,0,-0.014141532803219104,0.06450774614821378,0.0798160456338598,0.009896783340345687,0
fGn_0.75_n512,WaveletOLS::upper_band,constant_offset_1sd,64,64,0,-0.014141532803219106,0.06450774614821378,0.0798160456338598,0.009896783340345687,0
fGn_0.75_n512,WaveletOLS::upper_band,linear_plus_quadratic_0p5sd,64,64,0,-0.012081020677500536,0.0640963379392938,0.07913284301398296,0.009852931062464317,0
fGn_0.75_n512,WaveletOLS::upper_band,linear_trend_0p5sd,64,64,0,-0.013615468072616975,0.06417628082065371,0.07951099658518991,0.009869479656226096,0
fGn_0.75_n512,WaveletOLS::upper_band,midpoint_step_1sd,64,64,0,-0.0055910718491218765,0.06469772154343106,0.08046416168497718,0.010113028867598994,0
fGn_0.75_n512,WaveletOLS::upper_band,t3_realized_sd_0p5,64,64,0,-0.05063869697059282,0.07693171082178017,0.09495141702628823,0.010119519064753712,0
fGn_0.75_n512,WaveletOLS::upper_band,t5_realized_sd_0p5,64,64,0,-0.054649158458781946,0.08157376969450748,0.1004548053365729,0.010619417222341061,0
fGn_0.75_n512,WhittleMLE,additive_outliers_1pct_8sd,64,64,0,-0.061918747987745874,0.07211917980708271,0.08784935358734891,0.00785137494110393,0
fGn_0.75_n512,WhittleMLE,clean,64,64,0,-0.011290592023412382,0.04960211284130696,0.06280454557280356,0.007783716699406682,0
fGn_0.75_n512,WhittleMLE,constant_offset_1sd,64,64,0,-0.011290592023472516,0.049602112841333104,0.06280454557281871,0.007783716699407239,0
fGn_0.75_n512,WhittleMLE,linear_plus_quadratic_0p5sd,64,64,0,0.11668476673485804,0.1177295719280679,0.13195298935227967,0.007762605325855078,0
fGn_0.75_n512,WhittleMLE,linear_trend_0p5sd,64,64,0,0.11849093428764015,0.11887974741934852,0.1323838988773892,0.007437992532573442,0
fGn_0.75_n512,WhittleMLE,midpoint_step_1sd,64,64,0,0.11072437332912038,0.11273267512236178,0.12545818070614076,0.007432092846490895,0
fGn_0.75_n512,WhittleMLE,t3_realized_sd_0p5,64,64,0,-0.03630069166606724,0.05867096935273583,0.07478296909206315,0.008237306011675995,0
fGn_0.75_n512,WhittleMLE,t5_realized_sd_0p5,64,64,0,-0.03825485436445714,0.059299103197897135,0.07250812895029346,0.007760292583081179,0
fGn_0.85_n512,AbsoluteMoment,additive_outliers_1pct_8sd,64,64,0,-0.27066333176499024,0.27442818308799655,0.3341054938810273,0.02467819610839584,1
fGn_0.85_n512,AbsoluteMoment,clean,64,64,0,-0.2512772373237352,0.2559600678492248,0.32306502431873885,0.025582347566247603,1
fGn_0.85_n512,AbsoluteMoment,constant_offset_1sd,64,64,0,-0.2512772373237352,0.2559600678492248,0.32306502431873885,0.025582347566247606,1
fGn_0.85_n512,AbsoluteMoment,linear_plus_quadratic_0p5sd,64,64,0,-0.22941946195555224,0.23867101196100274,0.3035492378782823,0.02504245610593406,0
fGn_0.85_n512,AbsoluteMoment,linear_trend_0p5sd,64,64,0,-0.10704889582594274,0.14816535944489273,0.22395462786867656,0.02478357406814385,0
fGn_0.85_n512,AbsoluteMoment,midpoint_step_1sd,64,64,0,-0.06441930950067218,0.12340785784526673,0.1712357842038037,0.01998882479665974,0
fGn_0.85_n512,AbsoluteMoment,t3_realized_sd_0p5,64,64,0,-0.26597412117759867,0.27085187251703424,0.3381004474190142,0.02629795073455666,1
fGn_0.85_n512,AbsoluteMoment,t5_realized_sd_0p5,64,64,0,-0.26998813744854877,0.2733545583990624,0.3611966490289691,0.03022913156784935,1
fGn_0.85_n512,DFA::balanced_scales,additive_outliers_1pct_8sd,64,64,0,-0.09283383624582359,0.1065813823517856,0.12903174723671912,0.011290585095165681,0
fGn_0.85_n512,DFA::balanced_scales,clean,64,64,0,-0.02960224633349614,0.07721844694651116,0.09583851215926821,0.011484100413189088,1
fGn_0.85_n512,DFA::balanced_scales,constant_offset_1sd,64,64,0,-0.029602246333496163,0.07721844694651114,0.0958385121592682,0.011484100413189084,1
fGn_0.85_n512,DFA::balanced_scales,linear_plus_quadratic_0p5sd,64,64,0,-0.009048739681364364,0.07049929299392901,0.08858604076049818,0.011102414243242965,4
fGn_0.85_n512,DFA::balanced_scales,linear_trend_0p5sd,64,64,0,-0.013726383679591473,0.06800858740809726,0.08482319653420774,0.010545864352543401,1
fGn_0.85_n512,DFA::balanced_scales,midpoint_step_1sd,64,64,0,0.012457908482688773,0.07180736996178434,0.08713854788797626,0.010865649268953332,4
fGn_0.85_n512,DFA::balanced_scales,t3_realized_sd_0p5,64,64,0,-0.058138748501759395,0.08509000363620524,0.10342767624555783,0.010777084843200467,1
fGn_0.85_n512,DFA::balanced_scales,t5_realized_sd_0p5,64,64,0,-0.06237939514398344,0.0919766083411295,0.11099869452097963,0.011567278182567293,1
fGn_0.85_n512,DFA::long_scales,additive_outliers_1pct_8sd,64,64,0,-0.08734324113372487,0.10507053591039384,0.1343055562738732,0.012853966514172522,0
fGn_0.85_n512,DFA::long_scales,clean,64,64,0,-0.039257961890348664,0.09207960473210332,0.11314848267091407,0.013369825988673074,2
fGn_0.85_n512,DFA::long_scales,constant_offset_1sd,64,64,0,-0.03925796189034867,0.0920796047321033,0.11314848267091404,0.013369825988673074,2
fGn_0.85_n512,DFA::long_scales,linear_plus_quadratic_0p5sd,64,64,0,0.0024724999539283317,0.08135086172225864,0.100120765763016,0.0126101838921114,5
fGn_0.85_n512,DFA::long_scales,linear_trend_0p5sd,64,64,0,0.0013938562440354314,0.08677846507790743,0.10547625612661908,0.013287598808041954,6
fGn_0.85_n512,DFA::long_scales,midpoint_step_1sd,64,64,0,0.023950299651637412,0.07644981378744017,0.0921262787455797,0.01120773144576534,4
fGn_0.85_n512,DFA::long_scales,t3_realized_sd_0p5,64,64,0,-0.06177213999247182,0.09415341956831742,0.11752421842456373,0.012596386882472964,2
fGn_0.85_n512,DFA::long_scales,t5_realized_sd_0p5,64,64,0,-0.0644263277464932,0.0971665707401849,0.12259569007846731,0.013140843585612776,0
fGn_0.85_n512,DFA::short_scales,additive_outliers_1pct_8sd,64,64,0,-0.09425648804416739,0.09841539047045417,0.11882101120410754,0.00911491640302145,0
fGn_0.85_n512,DFA::short_scales,clean,64,64,0,-0.007138034319992076,0.06105041405418165,0.07267105227136131,0.00911141818476549,0
fGn_0.85_n512,DFA::short_scales,constant_offset_1sd,64,64,0,-0.007138034319992071,0.061050414054181636,0.07267105227136131,0.00911141818476549,0
fGn_0.85_n512,DFA::short_scales,linear_plus_quadratic_0p5sd,64,64,0,0.0014941356494919972,0.06208232377031656,0.07692514247501325,0.009689828657929502,2
fGn_0.85_n512,DFA::short_scales,linear_trend_0p5sd,64,64,0,-0.00020017334782054287,0.06096895892688155,0.0731446744285283,0.00921532826576531,0
fGn_0.85_n512,DFA::short_scales,midpoint_step_1sd,64,64,0,0.027811972526347775,0.07418986820950879,0.08357623332541336,0.009929498269792052,0
fGn_0.85_n512,DFA::short_scales,t3_realized_sd_0p5,64,64,0,-0.046084652509927757,0.06476170836453185,0.08233212458035374,0.008595664781214854,0
fGn_0.85_n512,DFA::short_scales,t5_realized_sd_0p5,64,64,0,-0.04662702804711144,0.06950590920604534,0.08456258325982634,0.008887971846308745,0
fGn_0.85_n512,DMA::balanced_windows,additive_outliers_1pct_8sd,64,64,0,-0.1775806466854432,0.17902768994458573,0.20414430691526209,0.01268670843566711,0
fGn_0.85_n512,DMA::balanced_windows,clean,64,64,0,-0.1583324238006373,0.16150832288256256,0.18973573636452953,0.013171935791497301,0
fGn_0.85_n512,DMA::balanced_windows,constant_offset_1sd,64,64,0,-0.15833242380063728,0.16150832288256253,0.1897357363645295,0.013171935791497301,0
fGn_0.85_n512,DMA::balanced_windows,linear_plus_quadratic_0p5sd,64,64,0,-0.03639482798209979,0.06515908695909972,0.08590750878391636,0.009804045619119604,0
fGn_0.85_n512,DMA::balanced_windows,linear_trend_0p5sd,64,64,0,-0.060528346561798924,0.08349315102652757,0.11285832914619705,0.012000874121711984,0
fGn_0.85_n512,DMA::balanced_windows,midpoint_step_1sd,64,64,0,-0.016100316688933324,0.06923590496413023,0.08843669030000477,0.010955775452863739,0
fGn_0.85_n512,DMA::balanced_windows,t3_realized_sd_0p5,64,64,0,-0.16758684316260403,0.16908041195934034,0.19518481712226274,0.012606223478047449,0
fGn_0.85_n512,DMA::balanced_windows,t5_realized_sd_0p5,64,64,0,-0.16590489949259984,0.16904240530476528,0.19340130971118186,0.012522760815811064,0
fGn_0.85_n512,DMA::long_windows,additive_outliers_1pct_8sd,64,64,0,-0.24332400362631118,0.24332400362631118,0.27350556275595966,0.015735271328238584,0
fGn_0.85_n512,DMA::long_windows,clean,64,64,0,-0.22710919136427266,0.22781703416348661,0.2606438657748594,0.01611301355354275,0
fGn_0.85_n512,DMA::long_windows,constant_offset_1sd,64,64,0,-0.22710919136427266,0.2278170341634866,0.2606438657748594,0.01611301355354275,0
fGn_0.85_n512,DMA::long_windows,linear_plus_quadratic_0p5sd,64,64,0,-0.0944100937174529,0.10174497143909192,0.13267897459604625,0.011744937784316315,0
fGn_0.85_n512,DMA::long_windows,linear_trend_0p5sd,64,64,0,-0.12205140379188771,0.12645724833794547,0.16478045280559717,0.013947778146577544,0
fGn_0.85_n512,DMA::long_windows,midpoint_step_1sd,64,64,0,-0.06506928811422,0.08695913723989947,0.11972495655751998,0.01266168634359696,0
fGn_0.85_n512,DMA::long_windows,t3_realized_sd_0p5,64,64,0,-0.2366410697373531,0.2366410697373531,0.2675545369864171,0.0157290724534938,0
fGn_0.85_n512,DMA::long_windows,t5_realized_sd_0p5,64,64,0,-0.23181216037657387,0.2327007325640241,0.2627068523475424,0.01557267273340993,0
fGn_0.85_n512,DMA::short_windows,additive_outliers_1pct_8sd,64,64,0,-0.11981337500655787,0.12225451807305099,0.14321118241565364,0.00988360670819829,0
fGn_0.85_n512,DMA::short_windows,clean,64,64,0,-0.09503731733471033,0.10166458588809063,0.12575621702995043,0.01037589884077792,0
fGn_0.85_n512,DMA::short_windows,constant_offset_1sd,64,64,0,-0.0950373173347103,0.1016645858880906,0.12575621702995043,0.01037589884077792,0
fGn_0.85_n512,DMA::short_windows,linear_plus_quadratic_0p5sd,64,64,0,0.009778340380174664,0.05246339488356688,0.06466974239072593,0.008053944750020683,0
fGn_0.85_n512,DMA::short_windows,linear_trend_0p5sd,64,64,0,-0.006098265906000896,0.059948764927018866,0.07734885611310782,0.00971470550734197,0
fGn_0.85_n512,DMA::short_windows,midpoint_step_1sd,64,64,0,0.02226087264518952,0.059718925786460236,0.07272324720624529,0.00872246163857621,0
fGn_0.85_n512,DMA::short_windows,t3_realized_sd_0p5,64,64,0,-0.10648114074835786,0.11114606447743067,0.133270307736744,0.010096944052199738,0
fGn_0.85_n512,DMA::short_windows,t5_realized_sd_0p5,64,64,0,-0.10664732485919619,0.11235550718848883,0.13341045740807686,0.010098481927568051,0
fGn_0.85_n512,GHE,additive_outliers_1pct_8sd,64,64,0,-0.03258873656019849,0.058980438954414315,0.0750174199542122,0.008512910406391452,0
fGn_0.85_n512,GHE,clean,64,64,0,-0.015698155082969803,0.056849433361911644,0.07072749591089292,0.00868856811847998,0
fGn_0.85_n512,GHE,constant_offset_1sd,64,64,0,0.09946658984082393,0.10378654382505348,0.11151341614769864,0.006351652061518261,3
fGn_0.85_n512,GHE,linear_plus_quadratic_0p5sd,64,64,0,0.024157138897965974,0.04422607055319284,0.05393668080743453,0.006075710392571724,0
fGn_0.85_n512,GHE,linear_trend_0p5sd,64,64,0,0.02910439000527915,0.04598386665304141,0.05441891093513527,0.005793198461067441,0
fGn_0.85_n512,GHE,midpoint_step_1sd,64,64,0,0.05911147161104365,0.071838325432593,0.08082626929983822,0.006945044748169403,0
fGn_0.85_n512,GHE,t3_realized_sd_0p5,64,64,0,-0.031541657028911874,0.06154752312406646,0.07648848069812719,0.00877913430972704,0
fGn_0.85_n512,GHE,t5_realized_sd_0p5,64,64,0,-0.03391084196329064,0.06285563482499562,0.07780955320551636,0.00882311301592531,0
fGn_0.85_n512,GHE::centered,additive_outliers_1pct_8sd,64,64,0,-0.10343193752787258,0.10396823559494425,0.1177909718763425,0.007100801826849116,0
fGn_0.85_n512,GHE::centered,clean,64,64,0,-0.08599815488147397,0.08785622565758991,0.10344477237239885,0.007243101028597293,0
fGn_0.85_n512,GHE::centered,constant_offset_1sd,64,64,0,-0.08599815488147394,0.08785622565758988,0.10344477237239885,0.007243101028597292,0
fGn_0.85_n512,GHE::centered,linear_plus_quadratic_0p5sd,64,64,0,-0.009517394947394413,0.04284902930169235,0.0518926020169749,0.0064269538286805365,0
fGn_0.85_n512,GHE::centered,linear_trend_0p5sd,64,64,0,-0.007604318755260124,0.04576119511928514,0.05882432240863511,0.0073489824834003115,0
fGn_0.85_n512,GHE::centered,midpoint_step_1sd,64,64,0,0.01019968580294797,0.04967384540533126,0.05908787930813633,0.007332623223902529,0
fGn_0.85_n512,GHE::centered,t3_realized_sd_0p5,64,64,0,-0.1046182849777306,0.10558657135307162,0.1187034203887184,0.007066033732099014,0
fGn_0.85_n512,GHE::centered,t5_realized_sd_0p5,64,64,0,-0.10458937636578265,0.10549933222613955,0.11914782831592456,0.007190455913992839,0
fGn_0.85_n512,GPH::narrow_band,additive_outliers_1pct_8sd,64,64,0,-0.0438922418141386,0.13229745408968877,0.1648881374238818,0.020024417226581753,6
fGn_0.85_n512,GPH::narrow_band,clean,64,64,0,-0.011913899541268718,0.12287093184137851,0.1478762464550428,0.018570091700568142,8
fGn_0.85_n512,GPH::narrow_band,constant_offset_1sd,64,64,0,-0.011913899541268718,0.12287093184137854,0.1478762464550428,0.018570091700568142,8
fGn_0.85_n512,GPH::narrow_band,linear_plus_quadratic_0p5sd,64,64,0,0.12230225994152975,0.14646145955077977,0.17754840729497076,0.016215607877232956,24
fGn_0.85_n512,GPH::narrow_band,linear_trend_0p5sd,64,64,0,0.1186701605115385,0.14145024144285115,0.17479426673387205,0.016168963355368986,28
fGn_0.85_n512,GPH::narrow_band,midpoint_step_1sd,64,64,0,0.11105038676134932,0.13928987421876415,0.1680254947354144,0.01588669128609262,24
fGn_0.85_n512,GPH::narrow_band,t3_realized_sd_0p5,64,64,0,-0.018460444733007526,0.1290221378650578,0.15078406075405104,0.018854095154398842,9
fGn_0.85_n512,GPH::narrow_band,t5_realized_sd_0p5,64,64,0,-0.016876911550920186,0.11515529480182479,0.14168656487916767,0.017723740926809183,8
fGn_0.85_n512,GPH::wider_band,additive_outliers_1pct_8sd,64,64,0,-0.05552459956731795,0.07344793158643143,0.09693076893145648,0.010009989303177138,0
fGn_0.85_n512,GPH::wider_band,clean,64,64,0,0.018826850393118814,0.07172740635848476,0.08814031348291859,0.010848351908434873,4
fGn_0.85_n512,GPH::wider_band,constant_offset_1sd,64,64,0,0.018826850393118835,0.07172740635848476,0.0881403134829186,0.010848351908434877,4
fGn_0.85_n512,GPH::wider_band,linear_plus_quadratic_0p5sd,64,64,0,0.10471412083903198,0.11556358027148551,0.13330249547971929,0.010392692944342386,20
fGn_0.85_n512,GPH::wider_band,linear_trend_0p5sd,64,64,0,0.10435353848089257,0.1144955613899378,0.13375134610319686,0.010540746028636808,21
fGn_0.85_n512,GPH::wider_band,midpoint_step_1sd,64,64,0,0.09428618888484187,0.10500214168464578,0.12512703144074747,0.010363924444188736,15
fGn_0.85_n512,GPH::wider_band,t3_realized_sd_0p5,64,64,0,-0.012330668061007445,0.07213121683880712,0.09124444067272841,0.011390264973748211,2
fGn_0.85_n512,GPH::wider_band,t5_realized_sd_0p5,64,64,0,-0.012847696052844835,0.07810080455369586,0.1016551053408506,0.012704640539503135,2
fGn_0.85_n512,Higuchi,additive_outliers_1pct_8sd,64,64,0,-0.03032507755830413,0.05484577619635615,0.06987038163191253,0.007930511603497304,0
fGn_0.85_n512,Higuchi,clean,64,64,0,-0.012789343615225544,0.05138976870301923,0.06521133367519537,0.008056300629616035,0
fGn_0.85_n512,Higuchi,constant_offset_1sd,64,64,0,0.09749849737715399,0.10209864200999483,0.10997814706097865,0.0064108487417731475,2
fGn_0.85_n512,Higuchi,linear_plus_quadratic_0p5sd,64,64,0,0.028919049970495984,0.04365566417204676,0.05348110490488427,0.005667951017827795,0
fGn_0.85_n512,Higuchi,linear_trend_0p5sd,64,64,0,0.03344261715059393,0.045855698809784656,0.05413558366499447,0.005363386718590175,0
fGn_0.85_n512,Higuchi,midpoint_step_1sd,64,64,0,0.05970166378577556,0.07104829031297596,0.07929710515701785,0.006575256923573841,0
fGn_0.85_n512,Higuchi,t3_realized_sd_0p5,64,64,0,-0.029108427192009727,0.055822711579180555,0.07106219495166485,0.008167429524871598,0
fGn_0.85_n512,Higuchi,t5_realized_sd_0p5,64,64,0,-0.03210520146163495,0.05824334916933601,0.07367514879785807,0.008354528844536727,0
fGn_0.85_n512,Higuchi::centered,additive_outliers_1pct_8sd,64,64,0,-0.09453014179409225,0.09565825001521969,0.10993629675622697,0.007071114544580059,0
fGn_0.85_n512,Higuchi::centered,clean,64,64,0,-0.07566479715173832,0.07788980893956594,0.09334829982142794,0.006887697280944369,0
fGn_0.85_n512,Higuchi::centered,constant_offset_1sd,64,64,0,-0.07566479715173831,0.07788980893956592,0.09334829982142791,0.006887697280944368,0
fGn_0.85_n512,Higuchi::centered,linear_plus_quadratic_0p5sd,64,64,0,-0.002832447439856202,0.03975173970760278,0.04876339595665452,0.0061332376114760275,0
fGn_0.85_n512,Higuchi::centered,linear_trend_0p5sd,64,64,0,-0.0015727518645138536,0.043099246005163,0.05543647400945272,0.006981527897282233,0
fGn_0.85_n512,Higuchi::centered,midpoint_step_1sd,64,64,0,0.013861112345220397,0.047404068208172584,0.0571966677656814,0.006991296593930216,0
fGn_0.85_n512,Higuchi::centered,t3_realized_sd_0p5,64,64,0,-0.09514803353805001,0.09616908037892619,0.10948054308176335,0.006822978248513016,0
fGn_0.85_n512,Higuchi::centered,t5_realized_sd_0p5,64,64,0,-0.0958336875425877,0.09693704770104879,0.11146672672725047,0.007172185581834392,0
fGn_0.85_n512,ModifiedLocalWhittle,additive_outliers_1pct_8sd,64,64,0,-0.06415340353804164,0.07390112910669647,0.09183625768628993,0.00827909879336411,0
fGn_0.85_n512,ModifiedLocalWhittle,clean,64,64,0,0.00884093071849146,0.05690323648928507,0.06989733799088839,0.008735510272339446,0
fGn_0.85_n512,ModifiedLocalWhittle,constant_offset_1sd,64,64,0,0.008840930718347928,0.05690323648922409,0.06989733799080032,0.008735510272330566,0
fGn_0.85_n512,ModifiedLocalWhittle,linear_plus_quadratic_0p5sd,64,64,0,0.08107767630645141,0.08796444224298676,0.09934759501771255,0.007233470528158766,0
fGn_0.85_n512,ModifiedLocalWhittle,linear_trend_0p5sd,64,64,0,0.08068752867932802,0.08960705337161878,0.10063767273179533,0.007577602636859223,0
fGn_0.85_n512,ModifiedLocalWhittle,midpoint_step_1sd,64,64,0,0.08068937897914821,0.08788554464489148,0.09862903380529156,0.0071457728977866244,0
fGn_0.85_n512,ModifiedLocalWhittle,t3_realized_sd_0p5,64,64,0,-0.023648981761603842,0.05779907748892917,0.0737068280342796,0.00879522070841597,0
fGn_0.85_n512,ModifiedLocalWhittle,t5_realized_sd_0p5,64,64,0,-0.02439347847411425,0.06360922706485686,0.07880830858947634,0.009441303809836637,0
fGn_0.85_n512,RS,additive_outliers_1pct_8sd,64,64,0,-0.10752246606055063,0.10752246606055063,0.11882443164427174,0.00637226735437132,0
fGn_0.85_n512,RS,clean,64,64,0,-0.05517826269178737,0.06014682912728667,0.07421948153722911,0.0062537490545782285,0
fGn_0.85_n512,RS,constant_offset_1sd,64,64,0,-0.05517826269178737,0.06014682912728667,0.07421948153722911,0.006253749054578228,0
fGn_0.85_n512,RS,linear_plus_quadratic_0p5sd,64,64,0,-0.04566246010571848,0.05201959072945564,0.06415865335335255,0.00567824103270941,0
fGn_0.85_n512,RS,linear_trend_0p5sd,64,64,0,-0.042859949652041845,0.049266691172880545,0.06277658402186687,0.005778894573920799,0
fGn_0.85_n512,RS,midpoint_step_1sd,64,64,0,-0.02988849517139356,0.04011287862409066,0.05119537237658494,0.005236689868650337,0
fGn_0.85_n512,RS,t3_realized_sd_0p5,64,64,0,-0.0744211275980891,0.07644926365050744,0.08968408068176345,0.006305364426563918,0
fGn_0.85_n512,RS,t5_realized_sd_0p5,64,64,0,-0.07111998930626807,0.07359365387923981,0.08668969737754677,0.0062450624972878385,0
fGn_0.85_n512,Variance,additive_outliers_1pct_8sd,64,64,0,-0.24207567780846292,0.25095438441453755,0.3130490630080814,0.025007643931028892,1
fGn_0.85_n512,Variance,clean,64,64,0,-0.2169819283660856,0.23031969224118684,0.29752409774234895,0.02564700282620178,1
fGn_0.85_n512,Variance,constant_offset_1sd,64,64,0,-0.2169819283660856,0.23031969224118687,0.297524097742349,0.02564700282620178,1
fGn_0.85_n512,Variance,linear_plus_quadratic_0p5sd,64,64,0,-0.1947172653364292,0.21511687828202258,0.2805417454064639,0.02544488519270555,0
fGn_0.85_n512,Variance,linear_trend_0p5sd,64,64,0,-0.07040473298402193,0.14717250641027518,0.21261601525479187,0.02527585695288627,3
fGn_0.85_n512,Variance,midpoint_step_1sd,64,64,0,-0.02496529052594386,0.12566925561988312,0.16300191594910185,0.020294013063530597,4
fGn_0.85_n512,Variance,t3_realized_sd_0p5,64,64,0,-0.231858233545764,0.24401953345073055,0.31116633269601646,0.026145577227894148,0
fGn_0.85_n512,Variance,t5_realized_sd_0p5,64,64,0,-0.2356157452372192,0.2454741347744751,0.33747579970749536,0.030439931998475275,1
fGn_0.85_n512,VarianceResidual,additive_outliers_1pct_8sd,64,64,0,-0.11188334423710922,0.11467634000709154,0.13786194431844162,0.010148135315136043,0
fGn_0.85_n512,VarianceResidual,clean,64,64,0,-0.04336463905045562,0.06965582853879368,0.094357527622106,0.010558116639246776,0
fGn_0.85_n512,VarianceResidual,constant_offset_1sd,64,64,0,-0.043364639050455615,0.06965582853879368,0.094357527622106,0.010558116639246775,0
fGn_0.85_n512,VarianceResidual,linear_plus_quadratic_0p5sd,64,64,0,-0.022392713957119857,0.061083178468244,0.08100498314840572,0.009807976715213001,1
fGn_0.85_n512,VarianceResidual,linear_trend_0p5sd,64,64,0,-0.017968336188602815,0.06188772026855758,0.07964251686228978,0.009775308533898661,0
fGn_0.85_n512,VarianceResidual,midpoint_step_1sd,64,64,0,-0.003843617541555853,0.06211111202543691,0.07506683402609635,0.009445126546242542,2
fGn_0.85_n512,VarianceResidual,t3_realized_sd_0p5,64,64,0,-0.07597802145899232,0.08497208463454572,0.10916899073015042,0.00987638581171525,0
fGn_0.85_n512,VarianceResidual,t5_realized_sd_0p5,64,64,0,-0.0760280734402376,0.08836896391018173,0.11216365678498588,0.010389568908319982,0
fGn_0.85_n512,WaveletOLS::broad_band,additive_outliers_1pct_8sd,64,64,0,-0.12252499052825548,0.131114255251978,0.15454918557341743,0.011867708259167926,0
fGn_0.85_n512,WaveletOLS::broad_band,clean,64,64,0,-0.027310048752500135,0.07052014361601394,0.09222385475920504,0.011097976809598991,0
fGn_0.85_n512,WaveletOLS::broad_band,constant_offset_1sd,64,64,0,-0.027310048752500142,0.07052014361601393,0.09222385475920501,0.011097976809598988,0
fGn_0.85_n512,WaveletOLS::broad_band,linear_plus_quadratic_0p5sd,64,64,0,-0.0266895216266963,0.07313858489314282,0.09528663651597262,0.011524447811628098,0
fGn_0.85_n512,WaveletOLS::broad_band,linear_trend_0p5sd,64,64,0,-0.027452362140220787,0.07067581814673018,0.09298253835943189,0.011192486320859424,0
fGn_0.85_n512,WaveletOLS::broad_band,midpoint_step_1sd,64,64,0,-0.011269377362982003,0.07048225190397586,0.08761946471317747,0.01094732824582404,1
fGn_0.85_n512,WaveletOLS::broad_band,t3_realized_sd_0p5,64,64,0,-0.07352031242734564,0.09186215974450268,0.1171595967713268,0.011492671768749524,0
fGn_0.85_n512,WaveletOLS::broad_band,t5_realized_sd_0p5,64,64,0,-0.07800910879210407,0.09486776846261624,0.12610178561495133,0.01248252065556156,0
fGn_0.85_n512,WaveletOLS::conservative_band,additive_outliers_1pct_8sd,64,64,0,-0.16645446500680497,0.18396622501187676,0.22260436646439669,0.01862138003526266,1
fGn_0.85_n512,WaveletOLS::conservative_band,clean,64,64,0,-0.06497695797342248,0.12401128724467447,0.1524799243243604,0.017379116392356987,3
fGn_0.85_n512,WaveletOLS::conservative_band,constant_offset_1sd,64,64,0,-0.06497695797342251,0.12401128724467447,0.1524799243243604,0.017379116392356987,3
fGn_0.85_n512,WaveletOLS::conservative_band,linear_plus_quadratic_0p5sd,64,64,0,-0.06543387027960387,0.12398401648991278,0.15233223891262163,0.017331281761538628,4
fGn_0.85_n512,WaveletOLS::conservative_band,linear_trend_0p5sd,64,64,0,-0.06533372256911216,0.12426562294370282,0.15277145829599076,0.017398514425337165,3
fGn_0.85_n512,WaveletOLS::conservative_band,midpoint_step_1sd,64,64,0,-0.059990433661165674,0.11921576397530832,0.14787743359561809,0.017028865892561744,5
fGn_0.85_n512,WaveletOLS::conservative_band,t3_realized_sd_0p5,64,64,0,-0.10911413033468409,0.14302072716072983,0.18198627710219004,0.018349824450879793,3
fGn_0.85_n512,WaveletOLS::conservative_band,t5_realized_sd_0p5,64,64,0,-0.1035305808705127,0.14851196653578863,0.18377059449640917,0.019129072956145934,4
fGn_0.85_n512,WaveletOLS::upper_band,additive_outliers_1pct_8sd,64,64,0,-0.1056479987405258,0.11748960203257103,0.14453668605640044,0.012427155351550114,0
fGn_0.85_n512,WaveletOLS::upper_band,clean,64,64,0,0.01559841289337933,0.07329998787552364,0.08763983775122058,0.010865286704862231,2
fGn_0.85_n512,WaveletOLS::upper_band,constant_offset_1sd,64,64,0,0.015598412893379326,0.07329998787552364,0.08763983775122058,0.010865286704862231,2
fGn_0.85_n512,WaveletOLS::upper_band,linear_plus_quadratic_0p5sd,64,64,0,0.01597907913000409,0.07402811259946358,0.08844349913858737,0.010959464685422448,2
fGn_0.85_n512,WaveletOLS::upper_band,linear_trend_0p5sd,64,64,0,0.01563308690069629,0.07360029518024663,0.08806565769992328,0.010919014040665182,2
fGn_0.85_n512,WaveletOLS::upper_band,midpoint_step_1sd,64,64,0,0.024500217098978587,0.0795003666517149,0.09389481279998932,0.011419820720278442,1
fGn_0.85_n512,WaveletOLS::upper_band,t3_realized_sd_0p5,64,64,0,-0.039264624514661076,0.07522306893898106,0.10314931467873399,0.012017229945463531,0
fGn_0.85_n512,WaveletOLS::upper_band,t5_realized_sd_0p5,64,64,0,-0.03729481010500879,0.07017250745767908,0.09577423109465465,0.011113984099125455,0
fGn_0.85_n512,WhittleMLE,additive_outliers_1pct_8sd,64,64,0,-0.06222282050841534,0.07282875934094325,0.0908545997466403,0.008340833675263434,0
fGn_0.85_n512,WhittleMLE,clean,64,64,0,0.011143457113901226,0.0577095097472206,0.07064382546624877,0.008788857881319908,0
fGn_0.85_n512,WhittleMLE,constant_offset_1sd,64,64,0,0.01114345711389638,0.05770950974723643,0.07064382546628187,0.00878885788132423,0
fGn_0.85_n512,WhittleMLE,linear_plus_quadratic_0p5sd,64,64,0,0.08309978970673484,0.08949948180973738,0.10073290532724827,0.007173079264358839,0
fGn_0.85_n512,WhittleMLE,linear_trend_0p5sd,64,64,0,0.08267483681051621,0.09111828749093454,0.10196414212592621,0.00751882044724742,0
fGn_0.85_n512,WhittleMLE,midpoint_step_1sd,64,64,0,0.0828294125468097,0.08965248958057567,0.10018183469009745,0.007099841736470416,0
fGn_0.85_n512,WhittleMLE,t3_realized_sd_0p5,64,64,0,-0.021464159291031286,0.05793167721707948,0.07351617053312402,0.00885860463750162,0
fGn_0.85_n512,WhittleMLE,t5_realized_sd_0p5,64,64,0,-0.02224528057128979,0.06358981903354366,0.07869147713454232,0.009509807857722796,0
