stratum,method,condition,attempted,available,signed_drift,absolute_drift
AR1_0.8_n512,AbsoluteMoment,additive_outliers_1pct_8sd,64,64,-0.03985709589262997,0.11632414022248723
AR1_0.8_n512,AbsoluteMoment,constant_offset_1sd,64,64,2.8189256484623115e-17,6.548581121812447e-17
AR1_0.8_n512,AbsoluteMoment,linear_plus_quadratic_0p5sd,64,64,0.08298674930581937,0.24487017013899154
AR1_0.8_n512,AbsoluteMoment,linear_trend_0p5sd,64,64,0.2853747114260507,0.3294648646216153
AR1_0.8_n512,AbsoluteMoment,midpoint_step_1sd,64,64,0.32648197716694,0.36377598199191485
AR1_0.8_n512,AbsoluteMoment,t3_realized_sd_0p5,64,64,-0.013605012190377113,0.06649066394612475
AR1_0.8_n512,AbsoluteMoment,t5_realized_sd_0p5,64,64,-0.01754901840992324,0.07280667857896851
AR1_0.8_n512,DFA::balanced_scales,additive_outliers_1pct_8sd,64,64,-0.05503388015608235,0.05686139237459796
AR1_0.8_n512,DFA::balanced_scales,constant_offset_1sd,64,64,-1.0408340855860843e-17,6.938893903907228e-17
AR1_0.8_n512,DFA::balanced_scales,linear_plus_quadratic_0p5sd,64,64,0.01780249422378314,0.0253209743380634
AR1_0.8_n512,DFA::balanced_scales,linear_trend_0p5sd,64,64,0.015024658832357415,0.024665134228738197
AR1_0.8_n512,DFA::balanced_scales,midpoint_step_1sd,64,64,0.0359755308746402,0.0424845331376636
AR1_0.8_n512,DFA::balanced_scales,t3_realized_sd_0p5,64,64,-0.025744399852490454,0.029591610880804718
AR1_0.8_n512,DFA::balanced_scales,t5_realized_sd_0p5,64,64,-0.02992215778280951,0.032734191538622726
AR1_0.8_n512,DFA::long_scales,additive_outliers_1pct_8sd,64,64,-0.03573641591249477,0.04369611308264268
AR1_0.8_n512,DFA::long_scales,constant_offset_1sd,64,64,3.469446951953614e-18,5.204170427930421e-17
AR1_0.8_n512,DFA::long_scales,linear_plus_quadratic_0p5sd,64,64,0.041198631892721244,0.05143299874156533
AR1_0.8_n512,DFA::long_scales,linear_trend_0p5sd,64,64,0.03608950770795135,0.04824098076816465
AR1_0.8_n512,DFA::long_scales,midpoint_step_1sd,64,64,0.056133022968962644,0.06591670079441427
AR1_0.8_n512,DFA::long_scales,t3_realized_sd_0p5,64,64,-0.0136759085637965,0.022353839473649485
AR1_0.8_n512,DFA::long_scales,t5_realized_sd_0p5,64,64,-0.019798645760087434,0.026133600876125394
AR1_0.8_n512,DFA::short_scales,additive_outliers_1pct_8sd,64,64,-0.08959058204125052,0.08959058204125052
AR1_0.8_n512,DFA::short_scales,constant_offset_1sd,64,64,1.214306433183765e-17,6.765421556309548e-17
AR1_0.8_n512,DFA::short_scales,linear_plus_quadratic_0p5sd,64,64,0.005151251319287396,0.013498797715933519
AR1_0.8_n512,DFA::short_scales,linear_trend_0p5sd,64,64,0.003580743638938502,0.010088625974133224
AR1_0.8_n512,DFA::short_scales,midpoint_step_1sd,64,64,0.024079160800185177,0.03019508963196312
AR1_0.8_n512,DFA::short_scales,t3_realized_sd_0p5,64,64,-0.047256873492623516,0.04736367297179372
AR1_0.8_n512,DFA::short_scales,t5_realized_sd_0p5,64,64,-0.049085722967928624,0.04943260219769304
AR1_0.8_n512,DMA::balanced_windows,additive_outliers_1pct_8sd,64,64,-0.009363945146480453,0.028429140613753977
AR1_0.8_n512,DMA::balanced_windows,constant_offset_1sd,64,64,-5.204170427930421e-18,3.8163916471489756e-17
AR1_0.8_n512,DMA::balanced_windows,linear_plus_quadratic_0p5sd,64,64,0.18336134703185358,0.20254247009294413
AR1_0.8_n512,DMA::balanced_windows,linear_trend_0p5sd,64,64,0.16225322883821017,0.1825894387539351
AR1_0.8_n512,DMA::balanced_windows,midpoint_step_1sd,64,64,0.21537384975957435,0.22644890092841272
AR1_0.8_n512,DMA::balanced_windows,t3_realized_sd_0p5,64,64,-0.000552871391222844,0.020558778078310386
AR1_0.8_n512,DMA::balanced_windows,t5_realized_sd_0p5,64,64,-0.005808927531896186,0.025621115978101055
AR1_0.8_n512,DMA::long_windows,additive_outliers_1pct_8sd,64,64,-0.0053194564283402836,0.035353100554288475
AR1_0.8_n512,DMA::long_windows,constant_offset_1sd,64,64,-2.688821387764051e-17,7.719519468096792e-17
AR1_0.8_n512,DMA::long_windows,linear_plus_quadratic_0p5sd,64,64,0.20996059992848434,0.23918306874719658
AR1_0.8_n512,DMA::long_windows,linear_trend_0p5sd,64,64,0.1881878991773321,0.22006726127217627
AR1_0.8_n512,DMA::long_windows,midpoint_step_1sd,64,64,0.25677219742637347,0.2686004325185787
AR1_0.8_n512,DMA::long_windows,t3_realized_sd_0p5,64,64,0.0013162765691042927,0.02551986960299585
AR1_0.8_n512,DMA::long_windows,t5_realized_sd_0p5,64,64,-0.0042814987738962525,0.029508591595018417
AR1_0.8_n512,DMA::short_windows,additive_outliers_1pct_8sd,64,64,-0.014363305391920107,0.026014721723888967
AR1_0.8_n512,DMA::short_windows,constant_offset_1sd,64,64,-1.734723475976807e-17,4.85722573273506e-17
AR1_0.8_n512,DMA::short_windows,linear_plus_quadratic_0p5sd,64,64,0.14683382734193418,0.15786817076767132
AR1_0.8_n512,DMA::short_windows,linear_trend_0p5sd,64,64,0.1323077778266049,0.14382218849503406
AR1_0.8_n512,DMA::short_windows,midpoint_step_1sd,64,64,0.1646690764085698,0.1706939880212439
AR1_0.8_n512,DMA::short_windows,t3_realized_sd_0p5,64,64,-0.002749595269580257,0.016417652937771282
AR1_0.8_n512,DMA::short_windows,t5_realized_sd_0p5,64,64,-0.00839002282586733,0.020676091438817434
AR1_0.8_n512,GHE,additive_outliers_1pct_8sd,64,64,-0.01563386201741256,0.02238198293815642
AR1_0.8_n512,GHE,constant_offset_1sd,64,64,0.2073707832246473,0.2073707832246473
AR1_0.8_n512,GHE,linear_plus_quadratic_0p5sd,64,64,0.07508360640199557,0.08478603456852447
AR1_0.8_n512,GHE,linear_trend_0p5sd,64,64,0.08018596602242478,0.0870276597023827
AR1_0.8_n512,GHE,midpoint_step_1sd,64,64,0.13985218243857975,0.14076374099876146
AR1_0.8_n512,GHE,t3_realized_sd_0p5,64,64,-0.013855307670491824,0.01704059403270372
AR1_0.8_n512,GHE,t5_realized_sd_0p5,64,64,-0.020009112741869377,0.02163449135009155
AR1_0.8_n512,GHE::centered,additive_outliers_1pct_8sd,64,64,-0.014035966116859018,0.021856083510623597
AR1_0.8_n512,GHE::centered,constant_offset_1sd,64,64,-8.673617379884035e-18,6.765421556309548e-17
AR1_0.8_n512,GHE::centered,linear_plus_quadratic_0p5sd,64,64,0.08603823977926389,0.09233233036758784
AR1_0.8_n512,GHE::centered,linear_trend_0p5sd,64,64,0.08837038120887544,0.09391881284158654
AR1_0.8_n512,GHE::centered,midpoint_step_1sd,64,64,0.10731029036572777,0.1123016983471414
AR1_0.8_n512,GHE::centered,t3_realized_sd_0p5,64,64,-0.014461435524971467,0.01816183056201876
AR1_0.8_n512,GHE::centered,t5_realized_sd_0p5,64,64,-0.01961060515364578,0.02080676722946373
AR1_0.8_n512,GPH::narrow_band,additive_outliers_1pct_8sd,64,64,-0.012052824747741196,0.05641742109346039
AR1_0.8_n512,GPH::narrow_band,constant_offset_1sd,64,64,1.0408340855860843e-17,2.42861286636753e-17
AR1_0.8_n512,GPH::narrow_band,linear_plus_quadratic_0p5sd,64,64,0.15322305341258202,0.1708114108272244
AR1_0.8_n512,GPH::narrow_band,linear_trend_0p5sd,64,64,0.16115147251786607,0.1723452724323866
AR1_0.8_n512,GPH::narrow_band,midpoint_step_1sd,64,64,0.15068815365171245,0.16203275186928828
AR1_0.8_n512,GPH::narrow_band,t3_realized_sd_0p5,64,64,-0.013089109042540672,0.04779744660523376
AR1_0.8_n512,GPH::narrow_band,t5_realized_sd_0p5,64,64,-0.020477560856430908,0.048613423679576655
AR1_0.8_n512,GPH::wider_band,additive_outliers_1pct_8sd,64,64,-0.08156764968040807,0.08503255519767422
AR1_0.8_n512,GPH::wider_band,constant_offset_1sd,64,64,5.204170427930421e-18,3.2959746043559335e-17
AR1_0.8_n512,GPH::wider_band,linear_plus_quadratic_0p5sd,64,64,0.08975852705255716,0.09937618799362753
AR1_0.8_n512,GPH::wider_band,linear_trend_0p5sd,64,64,0.09594702801946456,0.10403524242376834
AR1_0.8_n512,GPH::wider_band,midpoint_step_1sd,64,64,0.08699239765951164,0.09493998652419666
AR1_0.8_n512,GPH::wider_band,t3_realized_sd_0p5,64,64,-0.05140418613738797,0.06079725856965454
AR1_0.8_n512,GPH::wider_band,t5_realized_sd_0p5,64,64,-0.042529549808593255,0.05710610881867817
AR1_0.8_n512,Higuchi,additive_outliers_1pct_8sd,64,64,-0.015546968495664233,0.02312590832041697
AR1_0.8_n512,Higuchi,constant_offset_1sd,64,64,0.1891139604544498,0.1891139604544498
AR1_0.8_n512,Higuchi,linear_plus_quadratic_0p5sd,64,64,0.06843704378887595,0.07531328401187326
AR1_0.8_n512,Higuchi,linear_trend_0p5sd,64,64,0.07139951816504087,0.07737792345891674
AR1_0.8_n512,Higuchi,midpoint_step_1sd,64,64,0.12598202628942254,0.12657925816523874
AR1_0.8_n512,Higuchi,t3_realized_sd_0p5,64,64,-0.01472279973468808,0.018527117091289635
AR1_0.8_n512,Higuchi,t5_realized_sd_0p5,64,64,-0.02005951191800592,0.021310095707380138
AR1_0.8_n512,Higuchi::centered,additive_outliers_1pct_8sd,64,64,-0.014595931230991257,0.02250929454165373
AR1_0.8_n512,Higuchi::centered,constant_offset_1sd,64,64,2.7755575615628914e-17,5.551115123125783e-17
AR1_0.8_n512,Higuchi::centered,linear_plus_quadratic_0p5sd,64,64,0.07629834049534978,0.07977305571104783
AR1_0.8_n512,Higuchi::centered,linear_trend_0p5sd,64,64,0.07669241888745969,0.0817386637206368
AR1_0.8_n512,Higuchi::centered,midpoint_step_1sd,64,64,0.09056733182547361,0.09690994485945686
AR1_0.8_n512,Higuchi::centered,t3_realized_sd_0p5,64,64,-0.015636467935025163,0.019358214466393263
AR1_0.8_n512,Higuchi::centered,t5_realized_sd_0p5,64,64,-0.020063730627012263,0.020639468792515103
AR1_0.8_n512,ModifiedLocalWhittle,additive_outliers_1pct_8sd,64,64,-0.07690507842646631,0.07693163084032684
AR1_0.8_n512,ModifiedLocalWhittle,constant_offset_1sd,64,64,1.2207596045143987e-13,3.7903014060702844e-13
AR1_0.8_n512,ModifiedLocalWhittle,linear_plus_quadratic_0p5sd,64,64,0.049739867087164734,0.052766834214415415
AR1_0.8_n512,ModifiedLocalWhittle,linear_trend_0p5sd,64,64,0.04902473344963658,0.050571044822533134
AR1_0.8_n512,ModifiedLocalWhittle,midpoint_step_1sd,64,64,0.048218377799996964,0.050660590992259766
AR1_0.8_n512,ModifiedLocalWhittle,t3_realized_sd_0p5,64,64,-0.040199729978142175,0.04193266524290821
AR1_0.8_n512,ModifiedLocalWhittle,t5_realized_sd_0p5,64,64,-0.03822648311623572,0.040874098663591235
AR1_0.8_n512,RS,additive_outliers_1pct_8sd,64,64,-0.05462636802644229,0.05462636802644229
AR1_0.8_n512,RS,constant_offset_1sd,64,64,5.204170427930421e-18,8.153200337090993e-17
AR1_0.8_n512,RS,linear_plus_quadratic_0p5sd,64,64,0.010051630453229918,0.018595962852945444
AR1_0.8_n512,RS,linear_trend_0p5sd,64,64,0.009614829245695278,0.01714476989831338
AR1_0.8_n512,RS,midpoint_step_1sd,64,64,0.019669714879238978,0.028729404799951022
AR1_0.8_n512,RS,t3_realized_sd_0p5,64,64,-0.00849196905668369,0.014598596990579424
AR1_0.8_n512,RS,t5_realized_sd_0p5,64,64,-0.010650134522236971,0.014778531789823468
AR1_0.8_n512,Variance,additive_outliers_1pct_8sd,64,64,-0.04091162836161608,0.11458950344663989
AR1_0.8_n512,Variance,constant_offset_1sd,64,64,-2.0599841277224584e-18,3.67544536472586e-17
AR1_0.8_n512,Variance,linear_plus_quadratic_0p5sd,64,64,0.08624545152520141,0.24476248246982132
AR1_0.8_n512,Variance,linear_trend_0p5sd,64,64,0.28691892393390567,0.33147298251846474
AR1_0.8_n512,Variance,midpoint_step_1sd,64,64,0.32639889226902963,0.36470471250264913
AR1_0.8_n512,Variance,t3_realized_sd_0p5,64,64,-0.012587015749921026,0.06584368247329322
AR1_0.8_n512,Variance,t5_realized_sd_0p5,64,64,-0.01886273624858317,0.07185564524461314
AR1_0.8_n512,VarianceResidual,additive_outliers_1pct_8sd,64,64,-0.06736200140834248,0.06791760199922166
AR1_0.8_n512,VarianceResidual,constant_offset_1sd,64,64,3.469446951953614e-18,5.898059818321144e-17
AR1_0.8_n512,VarianceResidual,linear_plus_quadratic_0p5sd,64,64,0.020207275088504305,0.03317359782304642
AR1_0.8_n512,VarianceResidual,linear_trend_0p5sd,64,64,0.022126233550091447,0.032905525993239114
AR1_0.8_n512,VarianceResidual,midpoint_step_1sd,64,64,0.03528372610614844,0.045308299330383196
AR1_0.8_n512,VarianceResidual,t3_realized_sd_0p5,64,64,-0.03243468508567795,0.03321446690647773
AR1_0.8_n512,VarianceResidual,t5_realized_sd_0p5,64,64,-0.038011622810148214,0.039751497482649174
AR1_0.8_n512,WaveletOLS::broad_band,additive_outliers_1pct_8sd,64,64,-0.11692174714884881,0.12101961934580514
AR1_0.8_n512,WaveletOLS::broad_band,constant_offset_1sd,64,64,5.204170427930421e-18,4.336808689942018e-17
AR1_0.8_n512,WaveletOLS::broad_band,linear_plus_quadratic_0p5sd,64,64,0.0040915916244830455,0.014812574704073806
AR1_0.8_n512,WaveletOLS::broad_band,linear_trend_0p5sd,64,64,0.0008224066269406985,0.005727715411129191
AR1_0.8_n512,WaveletOLS::broad_band,midpoint_step_1sd,64,64,0.008824336097106795,0.026532822955913055
AR1_0.8_n512,WaveletOLS::broad_band,t3_realized_sd_0p5,64,64,-0.07450142253986651,0.07506450115408342
AR1_0.8_n512,WaveletOLS::broad_band,t5_realized_sd_0p5,64,64,-0.06870805701808914,0.07008182597061667
AR1_0.8_n512,WaveletOLS::conservative_band,additive_outliers_1pct_8sd,64,64,-0.09843587861920405,0.10258998730142024
AR1_0.8_n512,WaveletOLS::conservative_band,constant_offset_1sd,64,64,1.214306433183765e-17,4.683753385137379e-17
AR1_0.8_n512,WaveletOLS::conservative_band,linear_plus_quadratic_0p5sd,64,64,-0.0005302552061713615,0.0027610707425769244
AR1_0.8_n512,WaveletOLS::conservative_band,linear_trend_0p5sd,64,64,-4.762858175236598e-05,0.0012872953290764752
AR1_0.8_n512,WaveletOLS::conservative_band,midpoint_step_1sd,64,64,-0.0011381450533659047,0.01676759896845221
AR1_0.8_n512,WaveletOLS::conservative_band,t3_realized_sd_0p5,64,64,-0.0428898508873155,0.054012876209358456
AR1_0.8_n512,WaveletOLS::conservative_band,t5_realized_sd_0p5,64,64,-0.046112985458266,0.05658392926144809
AR1_0.8_n512,WaveletOLS::upper_band,additive_outliers_1pct_8sd,64,64,-0.1624857327172324,0.16429028604367238
AR1_0.8_n512,WaveletOLS::upper_band,constant_offset_1sd,64,64,1.3877787807814457e-17,4.163336342344337e-17
AR1_0.8_n512,WaveletOLS::upper_band,linear_plus_quadratic_0p5sd,64,64,0.00022321491016832722,0.003018943047418775
AR1_0.8_n512,WaveletOLS::upper_band,linear_trend_0p5sd,64,64,2.8616955332905203e-05,0.0011389041044686417
AR1_0.8_n512,WaveletOLS::upper_band,midpoint_step_1sd,64,64,0.004659749592270206,0.014372991248687392
AR1_0.8_n512,WaveletOLS::upper_band,t3_realized_sd_0p5,64,64,-0.09919048828812035,0.09919048828812035
AR1_0.8_n512,WaveletOLS::upper_band,t5_realized_sd_0p5,64,64,-0.0963357442597878,0.0963357442597878
AR1_0.8_n512,WhittleMLE,additive_outliers_1pct_8sd,64,64,-0.07655791691031984,0.07660115144875654
AR1_0.8_n512,WhittleMLE,constant_offset_1sd,64,64,1.9389004290992773e-14,7.956309222567626e-14
AR1_0.8_n512,WhittleMLE,linear_plus_quadratic_0p5sd,64,64,0.04939619608446887,0.05244815457870852
AR1_0.8_n512,WhittleMLE,linear_trend_0p5sd,64,64,0.04872036421782732,0.05027441152023473
AR1_0.8_n512,WhittleMLE,midpoint_step_1sd,64,64,0.048036171492526425,0.05041124827200179
AR1_0.8_n512,WhittleMLE,t3_realized_sd_0p5,64,64,-0.03988939804064315,0.04164134732612891
AR1_0.8_n512,WhittleMLE,t5_realized_sd_0p5,64,64,-0.038019826490877255,0.040657451300827985
AR1_0.95_n512,AbsoluteMoment,additive_outliers_1pct_8sd,64,64,0.0012263149681146007,0.042203722221413914
AR1_0.95_n512,AbsoluteMoment,constant_offset_1sd,64,64,-1.3444106938820255e-17,3.859759734048396e-17
AR1_0.95_n512,AbsoluteMoment,linear_plus_quadratic_0p5sd,64,64,0.011263684778275,0.19204429445008592
AR1_0.95_n512,AbsoluteMoment,linear_trend_0p5sd,64,64,0.09930432672062528,0.2511067753903093
AR1_0.95_n512,AbsoluteMoment,midpoint_step_1sd,64,64,0.12138557445686554,0.25441548362756605
AR1_0.95_n512,AbsoluteMoment,t3_realized_sd_0p5,64,64,-0.01012854141510339,0.04023329221908512
AR1_0.95_n512,AbsoluteMoment,t5_realized_sd_0p5,64,64,0.004129669186318507,0.02712036714481862
AR1_0.95_n512,DFA::balanced_scales,additive_outliers_1pct_8sd,64,64,-0.13896320485216532,0.13896320485216532
AR1_0.95_n512,DFA::balanced_scales,constant_offset_1sd,64,64,-2.42861286636753e-17,3.8163916471489756e-17
AR1_0.95_n512,DFA::balanced_scales,linear_plus_quadratic_0p5sd,64,64,0.0030967658849002048,0.01630650463753954
AR1_0.95_n512,DFA::balanced_scales,linear_trend_0p5sd,64,64,0.008606989852726699,0.01773044600518562
AR1_0.95_n512,DFA::balanced_scales,midpoint_step_1sd,64,64,0.009495245440135676,0.026253227067936563
AR1_0.95_n512,DFA::balanced_scales,t3_realized_sd_0p5,64,64,-0.07039741355591396,0.07039741355591396
AR1_0.95_n512,DFA::balanced_scales,t5_realized_sd_0p5,64,64,-0.06675638751633375,0.06675638751633375
AR1_0.95_n512,DFA::long_scales,additive_outliers_1pct_8sd,64,64,-0.08653187896177275,0.08735764646543462
AR1_0.95_n512,DFA::long_scales,constant_offset_1sd,64,64,-1.214306433183765e-17,6.418476861114186e-17
AR1_0.95_n512,DFA::long_scales,linear_plus_quadratic_0p5sd,64,64,0.008960891877106882,0.02786181813355464
AR1_0.95_n512,DFA::long_scales,linear_trend_0p5sd,64,64,0.01745701247113868,0.03521585144671675
AR1_0.95_n512,DFA::long_scales,midpoint_step_1sd,64,64,0.014933772621961812,0.04094016038137047
AR1_0.95_n512,DFA::long_scales,t3_realized_sd_0p5,64,64,-0.04007901240224667,0.04067999359137007
AR1_0.95_n512,DFA::long_scales,t5_realized_sd_0p5,64,64,-0.03742585777580331,0.03795509366600066
AR1_0.95_n512,DFA::short_scales,additive_outliers_1pct_8sd,64,64,-0.22909935434409692,0.22909935434409692
AR1_0.95_n512,DFA::short_scales,constant_offset_1sd,64,64,6.938893903907228e-18,7.632783294297951e-17
AR1_0.95_n512,DFA::short_scales,linear_plus_quadratic_0p5sd,64,64,0.001970228219311438,0.01263745702590897
AR1_0.95_n512,DFA::short_scales,linear_trend_0p5sd,64,64,0.0037704114830778047,0.008475929668909362
AR1_0.95_n512,DFA::short_scales,midpoint_step_1sd,64,64,0.012576547248012385,0.022405980998659262
AR1_0.95_n512,DFA::short_scales,t3_realized_sd_0p5,64,64,-0.12891816844582463,0.12891816844582463
AR1_0.95_n512,DFA::short_scales,t5_realized_sd_0p5,64,64,-0.1248518589438664,0.1248518589438664
AR1_0.95_n512,DMA::balanced_windows,additive_outliers_1pct_8sd,64,64,-0.01092595455701684,0.018947074046203233
AR1_0.95_n512,DMA::balanced_windows,constant_offset_1sd,64,64,2.2551405187698492e-17,5.0306980803327406e-17
AR1_0.95_n512,DMA::balanced_windows,linear_plus_quadratic_0p5sd,64,64,0.03469417652036351,0.08952115134638958
AR1_0.95_n512,DMA::balanced_windows,linear_trend_0p5sd,64,64,0.022322288522811738,0.09284017519803857
AR1_0.95_n512,DMA::balanced_windows,midpoint_step_1sd,64,64,0.040951561239734986,0.11866353600456309
AR1_0.95_n512,DMA::balanced_windows,t3_realized_sd_0p5,64,64,-0.003647568756081373,0.01035993377139252
AR1_0.95_n512,DMA::balanced_windows,t5_realized_sd_0p5,64,64,-0.004997210665596359,0.010197686960138466
AR1_0.95_n512,DMA::long_windows,additive_outliers_1pct_8sd,64,64,-0.006800560366266704,0.022464867137313854
AR1_0.95_n512,DMA::long_windows,constant_offset_1sd,64,64,1.734723475976807e-18,6.418476861114186e-17
AR1_0.95_n512,DMA::long_windows,linear_plus_quadratic_0p5sd,64,64,0.04305335318629549,0.12588285794971352
AR1_0.95_n512,DMA::long_windows,linear_trend_0p5sd,64,64,0.03336570877254306,0.1250603845136467
AR1_0.95_n512,DMA::long_windows,midpoint_step_1sd,64,64,0.06112836036103802,0.15639024602264504
AR1_0.95_n512,DMA::long_windows,t3_realized_sd_0p5,64,64,-0.001118515757447358,0.012610812582837035
AR1_0.95_n512,DMA::long_windows,t5_realized_sd_0p5,64,64,-0.003108560681052353,0.012014169290374278
AR1_0.95_n512,DMA::short_windows,additive_outliers_1pct_8sd,64,64,-0.017262081533142633,0.0196882827955574
AR1_0.95_n512,DMA::short_windows,constant_offset_1sd,64,64,3.122502256758253e-17,4.163336342344337e-17
AR1_0.95_n512,DMA::short_windows,linear_plus_quadratic_0p5sd,64,64,0.021727382317854167,0.0545759647548302
AR1_0.95_n512,DMA::short_windows,linear_trend_0p5sd,64,64,0.012613420718910463,0.05877187966918968
AR1_0.95_n512,DMA::short_windows,midpoint_step_1sd,64,64,0.023636086246150906,0.07431752837911565
AR1_0.95_n512,DMA::short_windows,t3_realized_sd_0p5,64,64,-0.006373842363741325,0.009386573935997162
AR1_0.95_n512,DMA::short_windows,t5_realized_sd_0p5,64,64,-0.00670539203141963,0.00937593334640714
AR1_0.95_n512,GHE,additive_outliers_1pct_8sd,64,64,-0.01666744611589601,0.018112706788065314
AR1_0.95_n512,GHE,constant_offset_1sd,64,64,0.061064258410353955,0.06713784505139532
AR1_0.95_n512,GHE,linear_plus_quadratic_0p5sd,64,64,0.010887372534636078,0.027604804358980793
AR1_0.95_n512,GHE,linear_trend_0p5sd,64,64,0.01077195782897906,0.029772756293172352
AR1_0.95_n512,GHE,midpoint_step_1sd,64,64,0.03160424679113036,0.04370329203242746
AR1_0.95_n512,GHE,t3_realized_sd_0p5,64,64,-0.01617549422750659,0.016451919602495847
AR1_0.95_n512,GHE,t5_realized_sd_0p5,64,64,-0.016480372443911744,0.01650385693864131
AR1_0.95_n512,GHE::centered,additive_outliers_1pct_8sd,64,64,-0.018816917529290357,0.019043253037270155
AR1_0.95_n512,GHE::centered,constant_offset_1sd,64,64,-1.734723475976807e-17,5.204170427930421e-17
AR1_0.95_n512,GHE::centered,linear_plus_quadratic_0p5sd,64,64,0.015204694575424237,0.03281571223973573
AR1_0.95_n512,GHE::centered,linear_trend_0p5sd,64,64,0.015874348586268766,0.0356820238950092
AR1_0.95_n512,GHE::centered,midpoint_step_1sd,64,64,0.020639670467020345,0.044968537359135134
AR1_0.95_n512,GHE::centered,t3_realized_sd_0p5,64,64,-0.018131109728246678,0.018131109728246678
AR1_0.95_n512,GHE::centered,t5_realized_sd_0p5,64,64,-0.01734901201089572,0.017608353770870513
AR1_0.95_n512,GPH::narrow_band,additive_outliers_1pct_8sd,64,64,-0.10111936606175947,0.12050827336878416
AR1_0.95_n512,GPH::narrow_band,constant_offset_1sd,64,64,8.673617379884035e-18,6.418476861114186e-17
AR1_0.95_n512,GPH::narrow_band,linear_plus_quadratic_0p5sd,64,64,0.042070608521879764,0.10198720218112417
AR1_0.95_n512,GPH::narrow_band,linear_trend_0p5sd,64,64,0.050040593708815896,0.10010985129799475
AR1_0.95_n512,GPH::narrow_band,midpoint_step_1sd,64,64,0.052254158937756326,0.10507597023165698
AR1_0.95_n512,GPH::narrow_band,t3_realized_sd_0p5,64,64,-0.03872641580646147,0.06066864400488132
AR1_0.95_n512,GPH::narrow_band,t5_realized_sd_0p5,64,64,-0.039708668468578096,0.06704572494621025
AR1_0.95_n512,GPH::wider_band,additive_outliers_1pct_8sd,64,64,-0.22921690145691698,0.229531447902682
AR1_0.95_n512,GPH::wider_band,constant_offset_1sd,64,64,3.469446951953614e-18,7.28583859910259e-17
AR1_0.95_n512,GPH::wider_band,linear_plus_quadratic_0p5sd,64,64,0.02228420750462472,0.0611441266570323
AR1_0.95_n512,GPH::wider_band,linear_trend_0p5sd,64,64,0.027083897380088363,0.06127437223884223
AR1_0.95_n512,GPH::wider_band,midpoint_step_1sd,64,64,0.031859744380711694,0.061700001430444365
AR1_0.95_n512,GPH::wider_band,t3_realized_sd_0p5,64,64,-0.1241592113023756,0.1268673501892809
AR1_0.95_n512,GPH::wider_band,t5_realized_sd_0p5,64,64,-0.12220004876363946,0.12326274787776564
AR1_0.95_n512,Higuchi,additive_outliers_1pct_8sd,64,64,-0.018681233531962063,0.0194743006502335
AR1_0.95_n512,Higuchi,constant_offset_1sd,64,64,0.04198265781101913,0.04632921589841338
AR1_0.95_n512,Higuchi,linear_plus_quadratic_0p5sd,64,64,0.005816335642114343,0.019113015297169238
AR1_0.95_n512,Higuchi,linear_trend_0p5sd,64,64,0.00572511754650964,0.0210424789278396
AR1_0.95_n512,Higuchi,midpoint_step_1sd,64,64,0.02131186390000043,0.03090997698676505
AR1_0.95_n512,Higuchi,t3_realized_sd_0p5,64,64,-0.01788150226171615,0.017948000458200136
AR1_0.95_n512,Higuchi,t5_realized_sd_0p5,64,64,-0.017284205029637078,0.017284205029637078
AR1_0.95_n512,Higuchi::centered,additive_outliers_1pct_8sd,64,64,-0.021404156997297148,0.021568175164569728
AR1_0.95_n512,Higuchi::centered,constant_offset_1sd,64,64,-2.42861286636753e-17,6.591949208711867e-17
AR1_0.95_n512,Higuchi::centered,linear_plus_quadratic_0p5sd,64,64,0.010361345964024061,0.02359108241856156
AR1_0.95_n512,Higuchi::centered,linear_trend_0p5sd,64,64,0.010068354207674447,0.026217144997167673
AR1_0.95_n512,Higuchi::centered,midpoint_step_1sd,64,64,0.013999673122059247,0.03235854609152568
AR1_0.95_n512,Higuchi::centered,t3_realized_sd_0p5,64,64,-0.01998076427658061,0.01998076427658061
AR1_0.95_n512,Higuchi::centered,t5_realized_sd_0p5,64,64,-0.017901286174529712,0.018121365757915297
AR1_0.95_n512,ModifiedLocalWhittle,additive_outliers_1pct_8sd,64,64,-0.0017101549436501686,0.001710290427644966
AR1_0.95_n512,ModifiedLocalWhittle,constant_offset_1sd,64,64,0.0,0.0
AR1_0.95_n512,ModifiedLocalWhittle,linear_plus_quadratic_0p5sd,64,64,-5.74959437352196e-09,1.0175759866670742e-08
AR1_0.95_n512,ModifiedLocalWhittle,linear_trend_0p5sd,64,64,-7.962677120096351e-09,7.962677120096351e-09
AR1_0.95_n512,ModifiedLocalWhittle,midpoint_step_1sd,64,64,-7.962677120096351e-09,7.962677120096351e-09
AR1_0.95_n512,ModifiedLocalWhittle,t3_realized_sd_0p5,64,64,1.9770615923911383e-08,1.9770615923911383e-08
AR1_0.95_n512,ModifiedLocalWhittle,t5_realized_sd_0p5,64,64,1.9391417818703793e-08,2.5626146999552235e-08
AR1_0.95_n512,RS,additive_outliers_1pct_8sd,64,64,-0.07273116434747398,0.07273116434747398
AR1_0.95_n512,RS,constant_offset_1sd,64,64,1.734723475976807e-17,3.122502256758253e-17
AR1_0.95_n512,RS,linear_plus_quadratic_0p5sd,64,64,-0.0004235321310834903,0.010069223806709141
AR1_0.95_n512,RS,linear_trend_0p5sd,64,64,0.000962772421574342,0.012877035768140789
AR1_0.95_n512,RS,midpoint_step_1sd,64,64,-0.0008190393709313817,0.012500530027499132
AR1_0.95_n512,RS,t3_realized_sd_0p5,64,64,0.003839021477596627,0.011472784848033286
AR1_0.95_n512,RS,t5_realized_sd_0p5,64,64,0.007932382021310937,0.012882250362434372
AR1_0.95_n512,Variance,additive_outliers_1pct_8sd,64,64,0.00036230927230626814,0.04076608156596263
AR1_0.95_n512,Variance,constant_offset_1sd,64,64,-1.0408340855860843e-17,4.336808689942018e-17
AR1_0.95_n512,Variance,linear_plus_quadratic_0p5sd,64,64,0.010266916862790711,0.1901178331609733
AR1_0.95_n512,Variance,linear_trend_0p5sd,64,64,0.10029950558590887,0.2524360465826297
AR1_0.95_n512,Variance,midpoint_step_1sd,64,64,0.12376114159223076,0.25184085487917324
AR1_0.95_n512,Variance,t3_realized_sd_0p5,64,64,-0.011105989919172995,0.03867190969062172
AR1_0.95_n512,Variance,t5_realized_sd_0p5,64,64,0.0037941189555968594,0.025771349480490556
AR1_0.95_n512,VarianceResidual,additive_outliers_1pct_8sd,64,64,-0.17068557012964053,0.17068557012964053
AR1_0.95_n512,VarianceResidual,constant_offset_1sd,64,64,-1.734723475976807e-17,1.0755285551056204e-16
AR1_0.95_n512,VarianceResidual,linear_plus_quadratic_0p5sd,64,64,0.0026850191652978035,0.023946120992141072
AR1_0.95_n512,VarianceResidual,linear_trend_0p5sd,64,64,0.011666529971322698,0.025063038611081775
AR1_0.95_n512,VarianceResidual,midpoint_step_1sd,64,64,0.006941519732539453,0.029813663227780934
AR1_0.95_n512,VarianceResidual,t3_realized_sd_0p5,64,64,-0.09234705766908419,0.09234705766908419
AR1_0.95_n512,VarianceResidual,t5_realized_sd_0p5,64,64,-0.09172509975644988,0.09172509975644988
AR1_0.95_n512,WaveletOLS::broad_band,additive_outliers_1pct_8sd,64,64,-0.3213628314018036,0.3213628314018036
AR1_0.95_n512,WaveletOLS::broad_band,constant_offset_1sd,64,64,-3.469446951953614e-18,3.122502256758253e-17
AR1_0.95_n512,WaveletOLS::broad_band,linear_plus_quadratic_0p5sd,64,64,0.003927418356951425,0.008919950732192847
AR1_0.95_n512,WaveletOLS::broad_band,linear_trend_0p5sd,64,64,0.0016283409446670206,0.003863366722388375
AR1_0.95_n512,WaveletOLS::broad_band,midpoint_step_1sd,64,64,0.0028887306290569063,0.01901198675477952
AR1_0.95_n512,WaveletOLS::broad_band,t3_realized_sd_0p5,64,64,-0.2072986722110299,0.2072986722110299
AR1_0.95_n512,WaveletOLS::broad_band,t5_realized_sd_0p5,64,64,-0.19226628527925196,0.19226628527925196
AR1_0.95_n512,WaveletOLS::conservative_band,additive_outliers_1pct_8sd,64,64,-0.29786725001821646,0.29786725001821646
AR1_0.95_n512,WaveletOLS::conservative_band,constant_offset_1sd,64,64,1.0408340855860843e-17,9.367506770274758e-17
AR1_0.95_n512,WaveletOLS::conservative_band,linear_plus_quadratic_0p5sd,64,64,0.0005340308333181623,0.0027553494740291673
AR1_0.95_n512,WaveletOLS::conservative_band,linear_trend_0p5sd,64,64,-3.7626769890559963e-06,0.0011963755710511469
AR1_0.95_n512,WaveletOLS::conservative_band,midpoint_step_1sd,64,64,-0.011207805742751816,0.01912294775005686
AR1_0.95_n512,WaveletOLS::conservative_band,t3_realized_sd_0p5,64,64,-0.17222698346849016,0.17541732002348426
AR1_0.95_n512,WaveletOLS::conservative_band,t5_realized_sd_0p5,64,64,-0.16374301695348384,0.16435390633807975
AR1_0.95_n512,WaveletOLS::upper_band,additive_outliers_1pct_8sd,64,64,-0.4217211940391018,0.4217211940391018
AR1_0.95_n512,WaveletOLS::upper_band,constant_offset_1sd,64,64,3.469446951953614e-18,5.898059818321144e-17
AR1_0.95_n512,WaveletOLS::upper_band,linear_plus_quadratic_0p5sd,64,64,0.0012139551182331967,0.0036544627722818537
AR1_0.95_n512,WaveletOLS::upper_band,linear_trend_0p5sd,64,64,0.0003639675759323502,0.0014009243229536755
AR1_0.95_n512,WaveletOLS::upper_band,midpoint_step_1sd,64,64,-0.0020074526442734088,0.019307814412864648
AR1_0.95_n512,WaveletOLS::upper_band,t3_realized_sd_0p5,64,64,-0.2766292502657704,0.2766292502657704
AR1_0.95_n512,WaveletOLS::upper_band,t5_realized_sd_0p5,64,64,-0.263032064980849,0.263032064980849
AR1_0.95_n512,WhittleMLE,additive_outliers_1pct_8sd,64,64,-0.001475475202470232,0.0014756942043401729
AR1_0.95_n512,WhittleMLE,constant_offset_1sd,64,64,0.0,0.0
AR1_0.95_n512,WhittleMLE,linear_plus_quadratic_0p5sd,64,64,-5.766899964509964e-09,1.2142456148195313e-08
AR1_0.95_n512,WhittleMLE,linear_trend_0p5sd,64,64,-8.954678056352638e-09,8.954678056352638e-09
AR1_0.95_n512,WhittleMLE,midpoint_step_1sd,64,64,-8.954678056352638e-09,8.954678056352638e-09
AR1_0.95_n512,WhittleMLE,t3_realized_sd_0p5,64,64,3.361709068235019e-08,3.361709068235019e-08
AR1_0.95_n512,WhittleMLE,t5_realized_sd_0p5,64,64,4.4845485722491696e-08,4.4845485722491696e-08
ARFIMA_0.25_n512,AbsoluteMoment,additive_outliers_1pct_8sd,64,64,-0.03451888285260488,0.11244134073604847
ARFIMA_0.25_n512,AbsoluteMoment,constant_offset_1sd,64,64,9.432558900623889e-18,8.012254054667878e-17
ARFIMA_0.25_n512,AbsoluteMoment,linear_plus_quadratic_0p5sd,64,64,0.08051640608251782,0.3111373143200724
ARFIMA_0.25_n512,AbsoluteMoment,linear_trend_0p5sd,64,64,0.31520342368460047,0.3416393798445511
ARFIMA_0.25_n512,AbsoluteMoment,midpoint_step_1sd,64,64,0.3590169077332016,0.3799184145547332
ARFIMA_0.25_n512,AbsoluteMoment,t3_realized_sd_0p5,64,64,-0.021312985660494745,0.09079064423789425
ARFIMA_0.25_n512,AbsoluteMoment,t5_realized_sd_0p5,64,64,-0.013890519898006524,0.07038330957429453
ARFIMA_0.25_n512,DFA::balanced_scales,additive_outliers_1pct_8sd,64,64,-0.049211288125419805,0.05238751784566944
ARFIMA_0.25_n512,DFA::balanced_scales,constant_offset_1sd,64,64,-6.938893903907228e-18,6.591949208711867e-17
ARFIMA_0.25_n512,DFA::balanced_scales,linear_plus_quadratic_0p5sd,64,64,0.038624747522850715,0.04496918117899531
ARFIMA_0.25_n512,DFA::balanced_scales,linear_trend_0p5sd,64,64,0.028601655455357658,0.03405993832063386
ARFIMA_0.25_n512,DFA::balanced_scales,midpoint_step_1sd,64,64,0.06261580431663367,0.0714190501352833
ARFIMA_0.25_n512,DFA::balanced_scales,t3_realized_sd_0p5,64,64,-0.02487022245114718,0.03308252189131655
ARFIMA_0.25_n512,DFA::balanced_scales,t5_realized_sd_0p5,64,64,-0.030362958562737737,0.03474687161214676
ARFIMA_0.25_n512,DFA::long_scales,additive_outliers_1pct_8sd,64,64,-0.04450409330887022,0.051214996414417346
ARFIMA_0.25_n512,DFA::long_scales,constant_offset_1sd,64,64,2.42861286636753e-17,4.5102810375396984e-17
ARFIMA_0.25_n512,DFA::long_scales,linear_plus_quadratic_0p5sd,64,64,0.08090463680703355,0.09215568671374014
ARFIMA_0.25_n512,DFA::long_scales,linear_trend_0p5sd,64,64,0.07533698813856504,0.07994222875096006
ARFIMA_0.25_n512,DFA::long_scales,midpoint_step_1sd,64,64,0.09473433107013801,0.1099948709385898
ARFIMA_0.25_n512,DFA::long_scales,t3_realized_sd_0p5,64,64,-0.022433518369412923,0.029152614253344075
ARFIMA_0.25_n512,DFA::long_scales,t5_realized_sd_0p5,64,64,-0.022760999553436467,0.030736226298348518
ARFIMA_0.25_n512,DFA::short_scales,additive_outliers_1pct_8sd,64,64,-0.05523296333691536,0.05672362708561964
ARFIMA_0.25_n512,DFA::short_scales,constant_offset_1sd,64,64,1.0408340855860843e-17,4.85722573273506e-17
ARFIMA_0.25_n512,DFA::short_scales,linear_plus_quadratic_0p5sd,64,64,0.01299331462827481,0.022387435228346613
ARFIMA_0.25_n512,DFA::short_scales,linear_trend_0p5sd,64,64,0.008550768856433919,0.016146128439544008
ARFIMA_0.25_n512,DFA::short_scales,midpoint_step_1sd,64,64,0.049170747037462895,0.056683768495614614
ARFIMA_0.25_n512,DFA::short_scales,t3_realized_sd_0p5,64,64,-0.02932132630551732,0.03519393147758599
ARFIMA_0.25_n512,DFA::short_scales,t5_realized_sd_0p5,64,64,-0.035778381049606595,0.0386346651484764
ARFIMA_0.25_n512,DMA::balanced_windows,additive_outliers_1pct_8sd,64,64,-0.026800399387323044,0.04901425154180108
ARFIMA_0.25_n512,DMA::balanced_windows,constant_offset_1sd,64,64,-2.6020852139652106e-18,6.158268339717665e-17
ARFIMA_0.25_n512,DMA::balanced_windows,linear_plus_quadratic_0p5sd,64,64,0.20660687903031194,0.21668180501331274
ARFIMA_0.25_n512,DMA::balanced_windows,linear_trend_0p5sd,64,64,0.1789527955811555,0.1987152160524945
ARFIMA_0.25_n512,DMA::balanced_windows,midpoint_step_1sd,64,64,0.2303453075098616,0.2552386076124537
ARFIMA_0.25_n512,DMA::balanced_windows,t3_realized_sd_0p5,64,64,-0.007131975744664255,0.027148013618735242
ARFIMA_0.25_n512,DMA::balanced_windows,t5_realized_sd_0p5,64,64,-0.011228722495942499,0.02758564427879984
ARFIMA_0.25_n512,DMA::long_windows,additive_outliers_1pct_8sd,64,64,-0.01869508424657279,0.054823915152851295
ARFIMA_0.25_n512,DMA::long_windows,constant_offset_1sd,64,64,6.5052130349130266e-18,9.84455572616838e-17
ARFIMA_0.25_n512,DMA::long_windows,linear_plus_quadratic_0p5sd,64,64,0.21645877029324506,0.230166013910021
ARFIMA_0.25_n512,DMA::long_windows,linear_trend_0p5sd,64,64,0.1850095649436332,0.21602713569352358
ARFIMA_0.25_n512,DMA::long_windows,midpoint_step_1sd,64,64,0.25090526510584643,0.2797558131781408
ARFIMA_0.25_n512,DMA::long_windows,t3_realized_sd_0p5,64,64,-0.004727653269515801,0.028632634531503887
ARFIMA_0.25_n512,DMA::long_windows,t5_realized_sd_0p5,64,64,-0.008973171679348038,0.03369600577302901
ARFIMA_0.25_n512,DMA::short_windows,additive_outliers_1pct_8sd,64,64,-0.0336909218378962,0.04436065037470891
ARFIMA_0.25_n512,DMA::short_windows,constant_offset_1sd,64,64,2.2551405187698492e-17,7.45931094670027e-17
ARFIMA_0.25_n512,DMA::short_windows,linear_plus_quadratic_0p5sd,64,64,0.18421101426614436,0.19194822453822963
ARFIMA_0.25_n512,DMA::short_windows,linear_trend_0p5sd,64,64,0.16556255319414878,0.17881783212741745
ARFIMA_0.25_n512,DMA::short_windows,midpoint_step_1sd,64,64,0.1970540323183053,0.21735543469608748
ARFIMA_0.25_n512,DMA::short_windows,t3_realized_sd_0p5,64,64,-0.011409644262561781,0.02473346098785348
ARFIMA_0.25_n512,DMA::short_windows,t5_realized_sd_0p5,64,64,-0.01515217441619331,0.022710944926531588
ARFIMA_0.25_n512,GHE,additive_outliers_1pct_8sd,64,64,-0.015771018851100604,0.025150783309839487
ARFIMA_0.25_n512,GHE,constant_offset_1sd,64,64,0.24472692712103397,0.24472692712103397
ARFIMA_0.25_n512,GHE,linear_plus_quadratic_0p5sd,64,64,0.11106687398687069,0.1182393102019925
ARFIMA_0.25_n512,GHE,linear_trend_0p5sd,64,64,0.11349528918951654,0.12088487428378976
ARFIMA_0.25_n512,GHE,midpoint_step_1sd,64,64,0.16383963809583135,0.16985019648043823
ARFIMA_0.25_n512,GHE,t3_realized_sd_0p5,64,64,-0.014799100288145933,0.02029531072142583
ARFIMA_0.25_n512,GHE,t5_realized_sd_0p5,64,64,-0.018470722896810437,0.02178231508748305
ARFIMA_0.25_n512,GHE::centered,additive_outliers_1pct_8sd,64,64,-0.011060693076187242,0.024744339949626326
ARFIMA_0.25_n512,GHE::centered,constant_offset_1sd,64,64,2.0816681711721685e-17,6.938893903907228e-17
ARFIMA_0.25_n512,GHE::centered,linear_plus_quadratic_0p5sd,64,64,0.13676881374172623,0.14382379540656137
ARFIMA_0.25_n512,GHE::centered,linear_trend_0p5sd,64,64,0.13978034668283373,0.14914406438424224
ARFIMA_0.25_n512,GHE::centered,midpoint_step_1sd,64,64,0.16440985532940247,0.18072634648104988
ARFIMA_0.25_n512,GHE::centered,t3_realized_sd_0p5,64,64,-0.014426639800040013,0.02132077008278379
ARFIMA_0.25_n512,GHE::centered,t5_realized_sd_0p5,64,64,-0.020306014604396242,0.022461613220478467
ARFIMA_0.25_n512,GPH::narrow_band,additive_outliers_1pct_8sd,64,64,-0.03283099526959092,0.07653394462759218
ARFIMA_0.25_n512,GPH::narrow_band,constant_offset_1sd,64,64,2.7755575615628914e-17,5.551115123125783e-17
ARFIMA_0.25_n512,GPH::narrow_band,linear_plus_quadratic_0p5sd,64,64,0.2076633486730576,0.21600616104309106
ARFIMA_0.25_n512,GPH::narrow_band,linear_trend_0p5sd,64,64,0.2169853556453053,0.2238800333354623
ARFIMA_0.25_n512,GPH::narrow_band,midpoint_step_1sd,64,64,0.18258191748593922,0.18670932964007733
ARFIMA_0.25_n512,GPH::narrow_band,t3_realized_sd_0p5,64,64,-0.021937072487959335,0.06178074827404314
ARFIMA_0.25_n512,GPH::narrow_band,t5_realized_sd_0p5,64,64,-0.026204352310703637,0.06155024092671088
ARFIMA_0.25_n512,GPH::wider_band,additive_outliers_1pct_8sd,64,64,-0.04898134828123859,0.0708676089836513
ARFIMA_0.25_n512,GPH::wider_band,constant_offset_1sd,64,64,1.734723475976807e-17,3.8163916471489756e-17
ARFIMA_0.25_n512,GPH::wider_band,linear_plus_quadratic_0p5sd,64,64,0.13046308079965746,0.13581625030432803
ARFIMA_0.25_n512,GPH::wider_band,linear_trend_0p5sd,64,64,0.14042020456754054,0.1437791570302009
ARFIMA_0.25_n512,GPH::wider_band,midpoint_step_1sd,64,64,0.1130570036259537,0.11511712168009074
ARFIMA_0.25_n512,GPH::wider_band,t3_realized_sd_0p5,64,64,-0.03679280810903674,0.0524575278561679
ARFIMA_0.25_n512,GPH::wider_band,t5_realized_sd_0p5,64,64,-0.03248819618266829,0.05544221340416708
ARFIMA_0.25_n512,Higuchi,additive_outliers_1pct_8sd,64,64,-0.012829125140069569,0.02418605873571824
ARFIMA_0.25_n512,Higuchi,constant_offset_1sd,64,64,0.240382591380779,0.240382591380779
ARFIMA_0.25_n512,Higuchi,linear_plus_quadratic_0p5sd,64,64,0.10736120154361917,0.11499156768346158
ARFIMA_0.25_n512,Higuchi,linear_trend_0p5sd,64,64,0.11135492031403833,0.11781138601286223
ARFIMA_0.25_n512,Higuchi,midpoint_step_1sd,64,64,0.15895886688074684,0.16487896974378663
ARFIMA_0.25_n512,Higuchi,t3_realized_sd_0p5,64,64,-0.017115669037430094,0.022419982345873682
ARFIMA_0.25_n512,Higuchi,t5_realized_sd_0p5,64,64,-0.019645312722077445,0.022471413263151045
ARFIMA_0.25_n512,Higuchi::centered,additive_outliers_1pct_8sd,64,64,-0.010359578304473593,0.026492477807360942
ARFIMA_0.25_n512,Higuchi::centered,constant_offset_1sd,64,64,-1.0408340855860843e-17,5.204170427930421e-17
ARFIMA_0.25_n512,Higuchi::centered,linear_plus_quadratic_0p5sd,64,64,0.12703048121242785,0.1339857778606203
ARFIMA_0.25_n512,Higuchi::centered,linear_trend_0p5sd,64,64,0.13139487899126784,0.13962581002227115
ARFIMA_0.25_n512,Higuchi::centered,midpoint_step_1sd,64,64,0.15104895516434275,0.1653065031337119
ARFIMA_0.25_n512,Higuchi::centered,t3_realized_sd_0p5,64,64,-0.01590152291866107,0.022287478547600163
ARFIMA_0.25_n512,Higuchi::centered,t5_realized_sd_0p5,64,64,-0.02087683424756419,0.023860933947749862
ARFIMA_0.25_n512,ModifiedLocalWhittle,additive_outliers_1pct_8sd,64,64,-0.05421323596698217,0.05848075895631206
ARFIMA_0.25_n512,ModifiedLocalWhittle,constant_offset_1sd,64,64,4.2044492887249874e-14,4.712532447603834e-13
ARFIMA_0.25_n512,ModifiedLocalWhittle,linear_plus_quadratic_0p5sd,64,64,0.1322371937218504,0.1350769158455199
ARFIMA_0.25_n512,ModifiedLocalWhittle,linear_trend_0p5sd,64,64,0.13288374603716652,0.13794210813932178
ARFIMA_0.25_n512,ModifiedLocalWhittle,midpoint_step_1sd,64,64,0.12832298580750987,0.1371959723029036
ARFIMA_0.25_n512,ModifiedLocalWhittle,t3_realized_sd_0p5,64,64,-0.027108680441639464,0.0353163314060638
ARFIMA_0.25_n512,ModifiedLocalWhittle,t5_realized_sd_0p5,64,64,-0.033415638905871466,0.03961799931983456
ARFIMA_0.25_n512,RS,additive_outliers_1pct_8sd,64,64,-0.04447919447477668,0.04593551817808215
ARFIMA_0.25_n512,RS,constant_offset_1sd,64,64,-1.5612511283791264e-17,8.847089727481716e-17
ARFIMA_0.25_n512,RS,linear_plus_quadratic_0p5sd,64,64,0.02011079759742687,0.02901972420874408
ARFIMA_0.25_n512,RS,linear_trend_0p5sd,64,64,0.023724337082222706,0.03105241293658527
ARFIMA_0.25_n512,RS,midpoint_step_1sd,64,64,0.039684501648906384,0.04954491769404613
ARFIMA_0.25_n512,RS,t3_realized_sd_0p5,64,64,-0.01926851997316414,0.02422110776471051
ARFIMA_0.25_n512,RS,t5_realized_sd_0p5,64,64,-0.019537820237368598,0.022866528931759517
ARFIMA_0.25_n512,Variance,additive_outliers_1pct_8sd,64,64,-0.039391631296608644,0.11158009872256511
ARFIMA_0.25_n512,Variance,constant_offset_1sd,64,64,2.905661822261152e-17,6.722053469410127e-17
ARFIMA_0.25_n512,Variance,linear_plus_quadratic_0p5sd,64,64,0.08158969461192779,0.31169819012421407
ARFIMA_0.25_n512,Variance,linear_trend_0p5sd,64,64,0.32395895768504546,0.347892153893071
ARFIMA_0.25_n512,Variance,midpoint_step_1sd,64,64,0.3629403506163098,0.38224927718673546
ARFIMA_0.25_n512,Variance,t3_realized_sd_0p5,64,64,-0.023854077359545076,0.09029085237018657
ARFIMA_0.25_n512,Variance,t5_realized_sd_0p5,64,64,-0.014952018695867791,0.07135183437671024
ARFIMA_0.25_n512,VarianceResidual,additive_outliers_1pct_8sd,64,64,-0.0518505327623511,0.05365170050212832
ARFIMA_0.25_n512,VarianceResidual,constant_offset_1sd,64,64,1.0408340855860843e-17,4.163336342344337e-17
ARFIMA_0.25_n512,VarianceResidual,linear_plus_quadratic_0p5sd,64,64,0.03760070276562129,0.053292810597708226
ARFIMA_0.25_n512,VarianceResidual,linear_trend_0p5sd,64,64,0.04257669061075198,0.05545922226647029
ARFIMA_0.25_n512,VarianceResidual,midpoint_step_1sd,64,64,0.06422028909442265,0.07530502451927149
ARFIMA_0.25_n512,VarianceResidual,t3_realized_sd_0p5,64,64,-0.026578158138052664,0.030932495148911658
ARFIMA_0.25_n512,VarianceResidual,t5_realized_sd_0p5,64,64,-0.0260540639354768,0.030244442058146512
ARFIMA_0.25_n512,WaveletOLS::broad_band,additive_outliers_1pct_8sd,64,64,-0.0629690933399114,0.06892190170410215
ARFIMA_0.25_n512,WaveletOLS::broad_band,constant_offset_1sd,64,64,1.214306433183765e-17,2.6020852139652106e-17
ARFIMA_0.25_n512,WaveletOLS::broad_band,linear_plus_quadratic_0p5sd,64,64,0.0012396072350665324,0.022430383568778512
ARFIMA_0.25_n512,WaveletOLS::broad_band,linear_trend_0p5sd,64,64,-0.0012173714377846194,0.008249031661889627
ARFIMA_0.25_n512,WaveletOLS::broad_band,midpoint_step_1sd,64,64,0.01843162093493705,0.03221589094448682
ARFIMA_0.25_n512,WaveletOLS::broad_band,t3_realized_sd_0p5,64,64,-0.03140978206565185,0.04107442905929396
ARFIMA_0.25_n512,WaveletOLS::broad_band,t5_realized_sd_0p5,64,64,-0.03614073916503448,0.04707298863395551
ARFIMA_0.25_n512,WaveletOLS::conservative_band,additive_outliers_1pct_8sd,64,64,-0.06112075786434587,0.10039526025933565
ARFIMA_0.25_n512,WaveletOLS::conservative_band,constant_offset_1sd,64,64,2.949029909160572e-17,5.898059818321144e-17
ARFIMA_0.25_n512,WaveletOLS::conservative_band,linear_plus_quadratic_0p5sd,64,64,0.0007070840024885859,0.0038466120388501515
ARFIMA_0.25_n512,WaveletOLS::conservative_band,linear_trend_0p5sd,64,64,0.000545230534251311,0.001800068193994493
ARFIMA_0.25_n512,WaveletOLS::conservative_band,midpoint_step_1sd,64,64,-0.0003539317910223696,0.022240641389160275
ARFIMA_0.25_n512,WaveletOLS::conservative_band,t3_realized_sd_0p5,64,64,-0.019943197450062126,0.05949042575964892
ARFIMA_0.25_n512,WaveletOLS::conservative_band,t5_realized_sd_0p5,64,64,-0.05475579830629172,0.07258050755887534
ARFIMA_0.25_n512,WaveletOLS::upper_band,additive_outliers_1pct_8sd,64,64,-0.06881247743789558,0.07798967139129899
ARFIMA_0.25_n512,WaveletOLS::upper_band,constant_offset_1sd,64,64,1.734723475976807e-18,3.642919299551295e-17
ARFIMA_0.25_n512,WaveletOLS::upper_band,linear_plus_quadratic_0p5sd,64,64,-0.0007603073306942081,0.00634852186523442
ARFIMA_0.25_n512,WaveletOLS::upper_band,linear_trend_0p5sd,64,64,-0.0004163445527197041,0.002212945811125534
ARFIMA_0.25_n512,WaveletOLS::upper_band,midpoint_step_1sd,64,64,0.010174259675416237,0.022260333135098564
ARFIMA_0.25_n512,WaveletOLS::upper_band,t3_realized_sd_0p5,64,64,-0.031855021518260564,0.05213350693358097
ARFIMA_0.25_n512,WaveletOLS::upper_band,t5_realized_sd_0p5,64,64,-0.05101280071162705,0.05431135957991522
ARFIMA_0.25_n512,WhittleMLE,additive_outliers_1pct_8sd,64,64,-0.05446973488225272,0.058777900160692
ARFIMA_0.25_n512,WhittleMLE,constant_offset_1sd,64,64,5.861630625325631e-14,2.685317246342578e-13
ARFIMA_0.25_n512,WhittleMLE,linear_plus_quadratic_0p5sd,64,64,0.13314998141405004,0.13600101929654906
ARFIMA_0.25_n512,WhittleMLE,linear_trend_0p5sd,64,64,0.13382481532616955,0.13890663058474076
ARFIMA_0.25_n512,WhittleMLE,midpoint_step_1sd,64,64,0.12921502051401207,0.1381439064956492
ARFIMA_0.25_n512,WhittleMLE,t3_realized_sd_0p5,64,64,-0.027243036063244713,0.03546363357687583
ARFIMA_0.25_n512,WhittleMLE,t5_realized_sd_0p5,64,64,-0.03360787888910663,0.03981962772598452
fGn_0.25_n512,AbsoluteMoment,additive_outliers_1pct_8sd,64,64,0.2310463599643601,0.27592336223637237
fGn_0.25_n512,AbsoluteMoment,constant_offset_1sd,64,64,1.0112901057814463e-16,4.609215015174593e-16
fGn_0.25_n512,AbsoluteMoment,linear_plus_quadratic_0p5sd,64,64,0.651556247565582,0.651556247565582
fGn_0.25_n512,AbsoluteMoment,linear_trend_0p5sd,64,64,0.8173683008055346,0.8173683008055346
fGn_0.25_n512,AbsoluteMoment,midpoint_step_1sd,64,64,0.8447575852176262,0.8447575852176262
fGn_0.25_n512,AbsoluteMoment,t3_realized_sd_0p5,64,64,0.11326357757867259,0.24458726578772136
fGn_0.25_n512,AbsoluteMoment,t5_realized_sd_0p5,64,64,0.1374967266630181,0.27991427790335044
fGn_0.25_n512,DFA::balanced_scales,additive_outliers_1pct_8sd,64,64,0.15370258535940498,0.15370258535940498
fGn_0.25_n512,DFA::balanced_scales,constant_offset_1sd,64,64,1.3010426069826053e-17,4.7704895589362195e-17
fGn_0.25_n512,DFA::balanced_scales,linear_plus_quadratic_0p5sd,64,64,0.2679298285073849,0.2679298285073849
fGn_0.25_n512,DFA::balanced_scales,linear_trend_0p5sd,64,64,0.2336353281828807,0.2336353281828807
fGn_0.25_n512,DFA::balanced_scales,midpoint_step_1sd,64,64,0.38286174318495464,0.38286174318495464
fGn_0.25_n512,DFA::balanced_scales,t3_realized_sd_0p5,64,64,0.08702993994431348,0.08766186963963639
fGn_0.25_n512,DFA::balanced_scales,t5_realized_sd_0p5,64,64,0.0891519410229005,0.09157239704747344
fGn_0.25_n512,DFA::long_scales,additive_outliers_1pct_8sd,64,64,0.17174479697767348,0.17174479697767348
fGn_0.25_n512,DFA::long_scales,constant_offset_1sd,64,64,1.8648277366750676e-17,3.165870343657673e-17
fGn_0.25_n512,DFA::long_scales,linear_plus_quadratic_0p5sd,64,64,0.4802913620972545,0.4802913620972545
fGn_0.25_n512,DFA::long_scales,linear_trend_0p5sd,64,64,0.47998419366442624,0.47998419366442624
fGn_0.25_n512,DFA::long_scales,midpoint_step_1sd,64,64,0.48717789076391954,0.48717789076391954
fGn_0.25_n512,DFA::long_scales,t3_realized_sd_0p5,64,64,0.09342858182514835,0.09772569258762737
fGn_0.25_n512,DFA::long_scales,t5_realized_sd_0p5,64,64,0.10448854681476145,0.10974926376611292
fGn_0.25_n512,DFA::short_scales,additive_outliers_1pct_8sd,64,64,0.1368435209424467,0.1368435209424467
fGn_0.25_n512,DFA::short_scales,constant_offset_1sd,64,64,-3.903127820947816e-18,3.7730235602495554e-17
fGn_0.25_n512,DFA::short_scales,linear_plus_quadratic_0p5sd,64,64,0.09756037473776943,0.09756037473776943
fGn_0.25_n512,DFA::short_scales,linear_trend_0p5sd,64,64,0.07779698104264839,0.07779698104264839
fGn_0.25_n512,DFA::short_scales,midpoint_step_1sd,64,64,0.2631720471088984,0.2631720471088984
fGn_0.25_n512,DFA::short_scales,t3_realized_sd_0p5,64,64,0.075130412836581,0.07606637708548562
fGn_0.25_n512,DFA::short_scales,t5_realized_sd_0p5,64,64,0.07851684873408923,0.07909833509014387
fGn_0.25_n512,DMA::balanced_windows,additive_outliers_1pct_8sd,64,64,0.176197200640451,0.1815196719484506
fGn_0.25_n512,DMA::balanced_windows,constant_offset_1sd,64,64,-1.235990476633475e-17,1.4203048459560108e-16
fGn_0.25_n512,DMA::balanced_windows,linear_plus_quadratic_0p5sd,64,64,0.6916419135820754,0.6916419135820754
fGn_0.25_n512,DMA::balanced_windows,linear_trend_0p5sd,64,64,0.66279052645524,0.66279052645524
fGn_0.25_n512,DMA::balanced_windows,midpoint_step_1sd,64,64,0.7303312471216912,0.7303312471216912
fGn_0.25_n512,DMA::balanced_windows,t3_realized_sd_0p5,64,64,0.09507719813331468,0.1260938547241888
fGn_0.25_n512,DMA::balanced_windows,t5_realized_sd_0p5,64,64,0.12513875383222883,0.13257055262471387
fGn_0.25_n512,DMA::long_windows,additive_outliers_1pct_8sd,64,64,0.15625503828283518,0.17671241197425944
fGn_0.25_n512,DMA::long_windows,constant_offset_1sd,64,64,-2.47198095326695e-17,2.896988204881268e-16
fGn_0.25_n512,DMA::long_windows,linear_plus_quadratic_0p5sd,64,64,0.6595615089113553,0.6595615089113553
fGn_0.25_n512,DMA::long_windows,linear_trend_0p5sd,64,64,0.6303213633174993,0.6303213633174993
fGn_0.25_n512,DMA::long_windows,midpoint_step_1sd,64,64,0.7104933559841294,0.7104933559841294
fGn_0.25_n512,DMA::long_windows,t3_realized_sd_0p5,64,64,0.0866523923867924,0.1344780665348098
fGn_0.25_n512,DMA::long_windows,t5_realized_sd_0p5,64,64,0.12397511846350026,0.14151335909414267
fGn_0.25_n512,DMA::short_windows,additive_outliers_1pct_8sd,64,64,0.18557952020103102,0.18557952020103102
fGn_0.25_n512,DMA::short_windows,constant_offset_1sd,64,64,-6.071532165918825e-18,7.28583859910259e-17
fGn_0.25_n512,DMA::short_windows,linear_plus_quadratic_0p5sd,64,64,0.6931514049184487,0.6931514049184487
fGn_0.25_n512,DMA::short_windows,linear_trend_0p5sd,64,64,0.6727070069549845,0.6727070069549845
fGn_0.25_n512,DMA::short_windows,midpoint_step_1sd,64,64,0.7187799420893408,0.7187799420893408
fGn_0.25_n512,DMA::short_windows,t3_realized_sd_0p5,64,64,0.10036599879184295,0.1163254574680299
fGn_0.25_n512,DMA::short_windows,t5_realized_sd_0p5,64,64,0.12018063187437057,0.12262510239425739
fGn_0.25_n512,GHE,additive_outliers_1pct_8sd,64,64,0.1981711505117265,0.1981711505117265
fGn_0.25_n512,GHE,constant_offset_1sd,64,64,0.7355157787471577,0.7355157787471577
fGn_0.25_n512,GHE,linear_plus_quadratic_0p5sd,64,64,0.5923974421458403,0.5923974421458403
fGn_0.25_n512,GHE,linear_trend_0p5sd,64,64,0.593213461879379,0.593213461879379
fGn_0.25_n512,GHE,midpoint_step_1sd,64,64,0.625422631730224,0.625422631730224
fGn_0.25_n512,GHE,t3_realized_sd_0p5,64,64,0.10049632782368788,0.10478014107281897
fGn_0.25_n512,GHE,t5_realized_sd_0p5,64,64,0.11526952911254792,0.11526952911254792
fGn_0.25_n512,GHE::centered,additive_outliers_1pct_8sd,64,64,0.19937115272054112,0.19937115272054112
fGn_0.25_n512,GHE::centered,constant_offset_1sd,64,64,-8.239936510889834e-18,4.466912950640278e-17
fGn_0.25_n512,GHE::centered,linear_plus_quadratic_0p5sd,64,64,0.5966004811324155,0.5966004811324155
fGn_0.25_n512,GHE::centered,linear_trend_0p5sd,64,64,0.5974235018957491,0.5974235018957491
fGn_0.25_n512,GHE::centered,midpoint_step_1sd,64,64,0.6502942083852741,0.6502942083852741
fGn_0.25_n512,GHE::centered,t3_realized_sd_0p5,64,64,0.09398800205864272,0.09959767105393864
fGn_0.25_n512,GHE::centered,t5_realized_sd_0p5,64,64,0.10720508939532532,0.10720508939532532
fGn_0.25_n512,GPH::narrow_band,additive_outliers_1pct_8sd,64,64,0.21503941138670177,0.23175491276357651
fGn_0.25_n512,GPH::narrow_band,constant_offset_1sd,64,64,-2.802662615875029e-17,1.557456420775427e-16
fGn_0.25_n512,GPH::narrow_band,linear_plus_quadratic_0p5sd,64,64,0.9182921119516275,0.9182921119516275
fGn_0.25_n512,GPH::narrow_band,linear_trend_0p5sd,64,64,0.9375580607594086,0.9375580607594086
fGn_0.25_n512,GPH::narrow_band,midpoint_step_1sd,64,64,0.614550514727626,0.614550514727626
fGn_0.25_n512,GPH::narrow_band,t3_realized_sd_0p5,64,64,0.11220083990219089,0.1646299132941854
fGn_0.25_n512,GPH::narrow_band,t5_realized_sd_0p5,64,64,0.14674558619769892,0.17266029602324695
fGn_0.25_n512,GPH::wider_band,additive_outliers_1pct_8sd,64,64,0.1852906102258861,0.19575861883326287
fGn_0.25_n512,GPH::wider_band,constant_offset_1sd,64,64,2.710505431213761e-17,1.0603497246908233e-16
fGn_0.25_n512,GPH::wider_band,linear_plus_quadratic_0p5sd,64,64,0.6313711490834272,0.6313711490834272
fGn_0.25_n512,GPH::wider_band,linear_trend_0p5sd,64,64,0.6570346913250427,0.6570346913250427
fGn_0.25_n512,GPH::wider_band,midpoint_step_1sd,64,64,0.4252667337336237,0.4252667337336237
fGn_0.25_n512,GPH::wider_band,t3_realized_sd_0p5,64,64,0.11163971151165943,0.12867068162958148
fGn_0.25_n512,GPH::wider_band,t5_realized_sd_0p5,64,64,0.13702848103062046,0.1444637519994421
fGn_0.25_n512,Higuchi,additive_outliers_1pct_8sd,64,64,0.18999669690958065,0.18999669690958065
fGn_0.25_n512,Higuchi,constant_offset_1sd,64,64,0.7335482748206346,0.7335482748206346
fGn_0.25_n512,Higuchi,linear_plus_quadratic_0p5sd,64,64,0.5900126209213715,0.5900126209213715
fGn_0.25_n512,Higuchi,linear_trend_0p5sd,64,64,0.5920908345579865,0.5920908345579865
fGn_0.25_n512,Higuchi,midpoint_step_1sd,64,64,0.6168491265633029,0.6168491265633029
fGn_0.25_n512,Higuchi,t3_realized_sd_0p5,64,64,0.09949190286998098,0.10052657647892199
fGn_0.25_n512,Higuchi,t5_realized_sd_0p5,64,64,0.11014123718006895,0.11014123718006895
fGn_0.25_n512,Higuchi::centered,additive_outliers_1pct_8sd,64,64,0.19157584216200596,0.19157584216200596
fGn_0.25_n512,Higuchi::centered,constant_offset_1sd,64,64,2.7321894746634712e-17,6.288372600415926e-17
fGn_0.25_n512,Higuchi::centered,linear_plus_quadratic_0p5sd,64,64,0.5923296792246872,0.5923296792246872
fGn_0.25_n512,Higuchi::centered,linear_trend_0p5sd,64,64,0.5944335728405047,0.5944335728405047
fGn_0.25_n512,Higuchi::centered,midpoint_step_1sd,64,64,0.6495693414176741,0.6495693414176741
fGn_0.25_n512,Higuchi::centered,t3_realized_sd_0p5,64,64,0.09559207300851559,0.09709871898818927
fGn_0.25_n512,Higuchi::centered,t5_realized_sd_0p5,64,64,0.10299333463113668,0.10299333463113668
fGn_0.25_n512,ModifiedLocalWhittle,additive_outliers_1pct_8sd,64,64,0.18911317372100206,0.19212215917468006
fGn_0.25_n512,ModifiedLocalWhittle,constant_offset_1sd,64,64,-1.1211368205338301e-12,1.9358605430480624e-12
fGn_0.25_n512,ModifiedLocalWhittle,linear_plus_quadratic_0p5sd,64,64,0.6599030382623879,0.6599030382623879
fGn_0.25_n512,ModifiedLocalWhittle,linear_trend_0p5sd,64,64,0.6623663380509374,0.6623663380509374
fGn_0.25_n512,ModifiedLocalWhittle,midpoint_step_1sd,64,64,0.6558906804883696,0.6558906804883696
fGn_0.25_n512,ModifiedLocalWhittle,t3_realized_sd_0p5,64,64,0.11556378165769364,0.1186770588934919
fGn_0.25_n512,ModifiedLocalWhittle,t5_realized_sd_0p5,64,64,0.13110655197662371,0.13257616034736971
fGn_0.25_n512,RS,additive_outliers_1pct_8sd,64,64,0.09387885875161109,0.09387885875161109
fGn_0.25_n512,RS,constant_offset_1sd,64,64,2.2551405187698492e-17,1.2663481374630692e-16
fGn_0.25_n512,RS,linear_plus_quadratic_0p5sd,64,64,0.17299855347600582,0.17299855347600582
fGn_0.25_n512,RS,linear_trend_0p5sd,64,64,0.21129507491649174,0.21129507491649174
fGn_0.25_n512,RS,midpoint_step_1sd,64,64,0.2178160398546829,0.2178160398546829
fGn_0.25_n512,RS,t3_realized_sd_0p5,64,64,0.06502165393766844,0.06838769591417976
fGn_0.25_n512,RS,t5_realized_sd_0p5,64,64,0.07240813726204132,0.07431588053788979
fGn_0.25_n512,Variance,additive_outliers_1pct_8sd,64,64,0.16863834778182504,0.23899224029813917
fGn_0.25_n512,Variance,constant_offset_1sd,64,64,7.45931094670027e-17,4.906014830496908e-16
fGn_0.25_n512,Variance,linear_plus_quadratic_0p5sd,64,64,0.6553711673182624,0.6553711673182624
fGn_0.25_n512,Variance,linear_trend_0p5sd,64,64,0.8483513008629536,0.8483513008629536
fGn_0.25_n512,Variance,midpoint_step_1sd,64,64,0.8886497756175271,0.8886497756175271
fGn_0.25_n512,Variance,t3_realized_sd_0p5,64,64,0.10913248516269819,0.24164636363080005
fGn_0.25_n512,Variance,t5_realized_sd_0p5,64,64,0.13653128189341196,0.2791958739352609
fGn_0.25_n512,VarianceResidual,additive_outliers_1pct_8sd,64,64,0.14961906388557306,0.14997717181677708
fGn_0.25_n512,VarianceResidual,constant_offset_1sd,64,64,-1.3010426069826053e-18,3.165870343657673e-17
fGn_0.25_n512,VarianceResidual,linear_plus_quadratic_0p5sd,64,64,0.28297341326422776,0.28297341326422776
fGn_0.25_n512,VarianceResidual,linear_trend_0p5sd,64,64,0.30685323515621604,0.30685323515621604
fGn_0.25_n512,VarianceResidual,midpoint_step_1sd,64,64,0.3218303408267661,0.3218303408267661
fGn_0.25_n512,VarianceResidual,t3_realized_sd_0p5,64,64,0.08524335974174581,0.08767319142612003
fGn_0.25_n512,VarianceResidual,t5_realized_sd_0p5,64,64,0.0950083830111349,0.0973335543557883
fGn_0.25_n512,WaveletOLS::broad_band,additive_outliers_1pct_8sd,64,64,0.08663924580985347,0.11523916714247567
fGn_0.25_n512,WaveletOLS::broad_band,constant_offset_1sd,64,64,-7.589415207398531e-18,5.789639601072594e-17
fGn_0.25_n512,WaveletOLS::broad_band,linear_plus_quadratic_0p5sd,64,64,0.03385384751762326,0.07615827585431938
fGn_0.25_n512,WaveletOLS::broad_band,linear_trend_0p5sd,64,64,0.006743955648105104,0.030571386646821155
fGn_0.25_n512,WaveletOLS::broad_band,midpoint_step_1sd,64,64,0.13829125267710424,0.13829125267710424
fGn_0.25_n512,WaveletOLS::broad_band,t3_realized_sd_0p5,64,64,0.04277911930519847,0.09353734408807467
fGn_0.25_n512,WaveletOLS::broad_band,t5_realized_sd_0p5,64,64,0.052388677249154955,0.08536272693356574
fGn_0.25_n512,WaveletOLS::conservative_band,additive_outliers_1pct_8sd,64,64,0.18056119509430485,0.18439033862231013
fGn_0.25_n512,WaveletOLS::conservative_band,constant_offset_1sd,64,64,2.927345865710862e-18,6.700369425960417e-17
fGn_0.25_n512,WaveletOLS::conservative_band,linear_plus_quadratic_0p5sd,64,64,0.0027968846189659726,0.014711449665566359
fGn_0.25_n512,WaveletOLS::conservative_band,linear_trend_0p5sd,64,64,-0.0005713425832531786,0.006235949721553376
fGn_0.25_n512,WaveletOLS::conservative_band,midpoint_step_1sd,64,64,0.04914324190823008,0.05845386095537623
fGn_0.25_n512,WaveletOLS::conservative_band,t3_realized_sd_0p5,64,64,0.08782600942932024,0.14348912894580426
fGn_0.25_n512,WaveletOLS::conservative_band,t5_realized_sd_0p5,64,64,0.0859800383041841,0.12473109564072819
fGn_0.25_n512,WaveletOLS::upper_band,additive_outliers_1pct_8sd,64,64,0.10913635225857007,0.12054208262307081
fGn_0.25_n512,WaveletOLS::upper_band,constant_offset_1sd,64,64,8.944667923005412e-18,4.277177570455315e-17
fGn_0.25_n512,WaveletOLS::upper_band,linear_plus_quadratic_0p5sd,64,64,0.0020742288869974594,0.023976052117389332
fGn_0.25_n512,WaveletOLS::upper_band,linear_trend_0p5sd,64,64,-0.00012030652836616553,0.008413630483168389
fGn_0.25_n512,WaveletOLS::upper_band,midpoint_step_1sd,64,64,0.07215494020439335,0.07546061578138613
fGn_0.25_n512,WaveletOLS::upper_band,t3_realized_sd_0p5,64,64,0.06395012499746515,0.09988846653521913
fGn_0.25_n512,WaveletOLS::upper_band,t5_realized_sd_0p5,64,64,0.09408082142323147,0.1090032063596754
fGn_0.25_n512,WhittleMLE,additive_outliers_1pct_8sd,64,64,0.19060790033842887,0.19362792853436206
fGn_0.25_n512,WhittleMLE,constant_offset_1sd,64,64,-4.577264131958025e-13,1.6936334062619962e-12
fGn_0.25_n512,WhittleMLE,linear_plus_quadratic_0p5sd,64,64,0.6647595086350485,0.6647595086350485
fGn_0.25_n512,WhittleMLE,linear_trend_0p5sd,64,64,0.6672820091428456,0.6672820091428456
fGn_0.25_n512,WhittleMLE,midpoint_step_1sd,64,64,0.6606588713026517,0.6606588713026517
fGn_0.25_n512,WhittleMLE,t3_realized_sd_0p5,64,64,0.11635115059398385,0.11956064931291827
fGn_0.25_n512,WhittleMLE,t5_realized_sd_0p5,64,64,0.1320785038935787,0.13357224108227533
fGn_0.5_n512,AbsoluteMoment,additive_outliers_1pct_8sd,64,64,-0.07574208650502938,0.1840574705536223
fGn_0.5_n512,AbsoluteMoment,constant_offset_1sd,64,64,-1.1655173354219173e-17,7.475573979287553e-17
fGn_0.5_n512,AbsoluteMoment,linear_plus_quadratic_0p5sd,64,64,0.307267563598441,0.3194202146833047
fGn_0.5_n512,AbsoluteMoment,linear_trend_0p5sd,64,64,0.4895792762821889,0.4895792762821889
fGn_0.5_n512,AbsoluteMoment,midpoint_step_1sd,64,64,0.5274462721468998,0.5274462721468998
fGn_0.5_n512,AbsoluteMoment,t3_realized_sd_0p5,64,64,-0.04343086551757099,0.1212293923808217
fGn_0.5_n512,AbsoluteMoment,t5_realized_sd_0p5,64,64,-0.02275958839285784,0.13163843964035887
fGn_0.5_n512,DFA::balanced_scales,additive_outliers_1pct_8sd,64,64,0.00783845356116859,0.04644623857818833
fGn_0.5_n512,DFA::balanced_scales,constant_offset_1sd,64,64,-6.938893903907228e-18,4.5102810375396984e-17
fGn_0.5_n512,DFA::balanced_scales,linear_plus_quadratic_0p5sd,64,64,0.09787516987486962,0.09863109903486929
fGn_0.5_n512,DFA::balanced_scales,linear_trend_0p5sd,64,64,0.08969425251749757,0.08969425251749757
fGn_0.5_n512,DFA::balanced_scales,midpoint_step_1sd,64,64,0.16944582060724123,0.16944582060724123
fGn_0.5_n512,DFA::balanced_scales,t3_realized_sd_0p5,64,64,0.00557774796385968,0.03533879238452083
fGn_0.5_n512,DFA::balanced_scales,t5_realized_sd_0p5,64,64,-0.008098368378405083,0.039282001113602326
fGn_0.5_n512,DFA::long_scales,additive_outliers_1pct_8sd,64,64,0.0015426030914090288,0.05214399192237187
fGn_0.5_n512,DFA::long_scales,constant_offset_1sd,64,64,5.204170427930421e-18,6.938893903907228e-17
fGn_0.5_n512,DFA::long_scales,linear_plus_quadratic_0p5sd,64,64,0.19906538169102875,0.19906538169102875
fGn_0.5_n512,DFA::long_scales,linear_trend_0p5sd,64,64,0.21185506667466977,0.21185506667466977
fGn_0.5_n512,DFA::long_scales,midpoint_step_1sd,64,64,0.22644405859143052,0.22644405859143052
fGn_0.5_n512,DFA::long_scales,t3_realized_sd_0p5,64,64,0.004387732876594384,0.04445132902710447
fGn_0.5_n512,DFA::long_scales,t5_realized_sd_0p5,64,64,-0.0013681061357344454,0.046601092104553016
fGn_0.5_n512,DFA::short_scales,additive_outliers_1pct_8sd,64,64,0.006165860965367124,0.04032407873145068
fGn_0.5_n512,DFA::short_scales,constant_offset_1sd,64,64,2.6020852139652106e-18,4.423544863740858e-17
fGn_0.5_n512,DFA::short_scales,linear_plus_quadratic_0p5sd,64,64,0.03271561868322663,0.040366736980683306
fGn_0.5_n512,DFA::short_scales,linear_trend_0p5sd,64,64,0.025607077977722242,0.03069948901105666
fGn_0.5_n512,DFA::short_scales,midpoint_step_1sd,64,64,0.11557184525103356,0.11557184525103356
fGn_0.5_n512,DFA::short_scales,t3_realized_sd_0p5,64,64,0.003102620540677555,0.027073998876325205
fGn_0.5_n512,DFA::short_scales,t5_realized_sd_0p5,64,64,-0.008033727316389808,0.030824818910581447
fGn_0.5_n512,DMA::balanced_windows,additive_outliers_1pct_8sd,64,64,-0.028470754152001457,0.08516936550126862
fGn_0.5_n512,DMA::balanced_windows,constant_offset_1sd,64,64,-8.673617379884035e-19,6.852157730108388e-17
fGn_0.5_n512,DMA::balanced_windows,linear_plus_quadratic_0p5sd,64,64,0.41131008392957236,0.41131008392957236
fGn_0.5_n512,DMA::balanced_windows,linear_trend_0p5sd,64,64,0.3818392106271411,0.3818392106271411
fGn_0.5_n512,DMA::balanced_windows,midpoint_step_1sd,64,64,0.4505605243572764,0.4505605243572764
fGn_0.5_n512,DMA::balanced_windows,t3_realized_sd_0p5,64,64,-0.01005148541674194,0.05344462316575358
fGn_0.5_n512,DMA::balanced_windows,t5_realized_sd_0p5,64,64,0.00020383191487745745,0.057728997626609956
fGn_0.5_n512,DMA::long_windows,additive_outliers_1pct_8sd,64,64,-0.04352556906845574,0.10921286819455585
fGn_0.5_n512,DMA::long_windows,constant_offset_1sd,64,64,-1.1275702593849246e-17,1.3791051634015616e-16
fGn_0.5_n512,DMA::long_windows,linear_plus_quadratic_0p5sd,64,64,0.3971153373851859,0.3971153373851859
fGn_0.5_n512,DMA::long_windows,linear_trend_0p5sd,64,64,0.36749533601734735,0.36749533601734735
fGn_0.5_n512,DMA::long_windows,midpoint_step_1sd,64,64,0.4503239235333343,0.4503239235333343
fGn_0.5_n512,DMA::long_windows,t3_realized_sd_0p5,64,64,-0.014516030285924944,0.06071712909579879
fGn_0.5_n512,DMA::long_windows,t5_realized_sd_0p5,64,64,0.0007976111867515289,0.06444221871918908
fGn_0.5_n512,DMA::short_windows,additive_outliers_1pct_8sd,64,64,-0.0147283048612901,0.06033412766986807
fGn_0.5_n512,DMA::short_windows,constant_offset_1sd,64,64,-2.6020852139652106e-18,5.2909066017292616e-17
fGn_0.5_n512,DMA::short_windows,linear_plus_quadratic_0p5sd,64,64,0.4000404011951477,0.4000404011951477
fGn_0.5_n512,DMA::short_windows,linear_trend_0p5sd,64,64,0.37991431411550797,0.37991431411550797
fGn_0.5_n512,DMA::short_windows,midpoint_step_1sd,64,64,0.42554479332784295,0.42554479332784295
fGn_0.5_n512,DMA::short_windows,t3_realized_sd_0p5,64,64,-0.005618223333396176,0.04256837428437437
fGn_0.5_n512,DMA::short_windows,t5_realized_sd_0p5,64,64,-0.003147063449089235,0.04877574386478668
fGn_0.5_n512,GHE,additive_outliers_1pct_8sd,64,64,0.03375950578990491,0.045512292464907435
fGn_0.5_n512,GHE,constant_offset_1sd,64,64,0.4702714672696043,0.4702714672696043
fGn_0.5_n512,GHE,linear_plus_quadratic_0p5sd,64,64,0.3071450356631053,0.3071450356631053
fGn_0.5_n512,GHE,linear_trend_0p5sd,64,64,0.31367596773487716,0.31367596773487716
fGn_0.5_n512,GHE,midpoint_step_1sd,64,64,0.3677417035286185,0.3677417035286185
fGn_0.5_n512,GHE,t3_realized_sd_0p5,64,64,-0.000845124953117656,0.027637180694032933
fGn_0.5_n512,GHE,t5_realized_sd_0p5,64,64,-0.0013690733627292426,0.03209108215420293
fGn_0.5_n512,GHE::centered,additive_outliers_1pct_8sd,64,64,0.03470266533743705,0.048259135178241395
fGn_0.5_n512,GHE::centered,constant_offset_1sd,64,64,-1.474514954580286e-17,5.4643789493269423e-17
fGn_0.5_n512,GHE::centered,linear_plus_quadratic_0p5sd,64,64,0.32814200234251273,0.32814200234251273
fGn_0.5_n512,GHE::centered,linear_trend_0p5sd,64,64,0.33452185734378,0.33452185734378
fGn_0.5_n512,GHE::centered,midpoint_step_1sd,64,64,0.38283024902419394,0.38283024902419394
fGn_0.5_n512,GHE::centered,t3_realized_sd_0p5,64,64,0.0005382072720585473,0.02906014797082317
fGn_0.5_n512,GHE::centered,t5_realized_sd_0p5,64,64,-0.002719310735738582,0.032534200282800754
fGn_0.5_n512,GPH::narrow_band,additive_outliers_1pct_8sd,64,64,-0.03251752637094962,0.10309672064736046
fGn_0.5_n512,GPH::narrow_band,constant_offset_1sd,64,64,-9.974659986866641e-18,6.895525817007808e-17
fGn_0.5_n512,GPH::narrow_band,linear_plus_quadratic_0p5sd,64,64,0.47542452919641703,0.47542452919641703
fGn_0.5_n512,GPH::narrow_band,linear_trend_0p5sd,64,64,0.49529185125719777,0.49529185125719777
fGn_0.5_n512,GPH::narrow_band,midpoint_step_1sd,64,64,0.3478721386167361,0.3478721386167361
fGn_0.5_n512,GPH::narrow_band,t3_realized_sd_0p5,64,64,-0.008040657573595511,0.08257014679916237
fGn_0.5_n512,GPH::narrow_band,t5_realized_sd_0p5,64,64,0.0012018042836489892,0.0860679340452808
fGn_0.5_n512,GPH::wider_band,additive_outliers_1pct_8sd,64,64,-0.019521086667968424,0.07479980697472238
fGn_0.5_n512,GPH::wider_band,constant_offset_1sd,64,64,-6.071532165918825e-18,5.637851296924623e-17
fGn_0.5_n512,GPH::wider_band,linear_plus_quadratic_0p5sd,64,64,0.30590825074904976,0.30590825074904976
fGn_0.5_n512,GPH::wider_band,linear_trend_0p5sd,64,64,0.32471006502439315,0.32471006502439315
fGn_0.5_n512,GPH::wider_band,midpoint_step_1sd,64,64,0.21975471623643467,0.21975471623643467
fGn_0.5_n512,GPH::wider_band,t3_realized_sd_0p5,64,64,-0.006687320724109589,0.05650772115249458
fGn_0.5_n512,GPH::wider_band,t5_realized_sd_0p5,64,64,-0.0034717137657894097,0.06611216958965888
fGn_0.5_n512,Higuchi,additive_outliers_1pct_8sd,64,64,0.040150489978282175,0.047101750096647924
fGn_0.5_n512,Higuchi,constant_offset_1sd,64,64,0.47277469686622414,0.47277469686622414
fGn_0.5_n512,Higuchi,linear_plus_quadratic_0p5sd,64,64,0.30457005282505567,0.30457005282505567
fGn_0.5_n512,Higuchi,linear_trend_0p5sd,64,64,0.3138446963545515,0.3138446963545515
fGn_0.5_n512,Higuchi,midpoint_step_1sd,64,64,0.3652807896914411,0.3652807896914411
fGn_0.5_n512,Higuchi,t3_realized_sd_0p5,64,64,0.002807884372918316,0.026967930986271198
fGn_0.5_n512,Higuchi,t5_realized_sd_0p5,64,64,-0.0011993464655159318,0.03481835836481286
fGn_0.5_n512,Higuchi::centered,additive_outliers_1pct_8sd,64,64,0.04024543851024432,0.0488519581833359
fGn_0.5_n512,Higuchi::centered,constant_offset_1sd,64,64,-2.6020852139652106e-18,4.423544863740858e-17
fGn_0.5_n512,Higuchi::centered,linear_plus_quadratic_0p5sd,64,64,0.3189210424904186,0.3189210424904186
fGn_0.5_n512,Higuchi::centered,linear_trend_0p5sd,64,64,0.32833628017013383,0.32833628017013383
fGn_0.5_n512,Higuchi::centered,midpoint_step_1sd,64,64,0.37538865071792427,0.37538865071792427
fGn_0.5_n512,Higuchi::centered,t3_realized_sd_0p5,64,64,0.003943524704323616,0.027877128259470505
fGn_0.5_n512,Higuchi::centered,t5_realized_sd_0p5,64,64,-0.0028804039167571634,0.03481651034806266
fGn_0.5_n512,ModifiedLocalWhittle,additive_outliers_1pct_8sd,64,64,0.0012533112256957728,0.05244410432607295
fGn_0.5_n512,ModifiedLocalWhittle,constant_offset_1sd,64,64,-7.942344698586012e-14,3.6924543284078126e-13
fGn_0.5_n512,ModifiedLocalWhittle,linear_plus_quadratic_0p5sd,64,64,0.3302769477716042,0.3302769477716042
fGn_0.5_n512,ModifiedLocalWhittle,linear_trend_0p5sd,64,64,0.3336063389998328,0.3336063389998328
fGn_0.5_n512,ModifiedLocalWhittle,midpoint_step_1sd,64,64,0.3284096998159187,0.3284096998159187
fGn_0.5_n512,ModifiedLocalWhittle,t3_realized_sd_0p5,64,64,-0.0015332446792501921,0.03642881553838398
fGn_0.5_n512,ModifiedLocalWhittle,t5_realized_sd_0p5,64,64,-0.0029383396796887782,0.04164552600964879
fGn_0.5_n512,RS,additive_outliers_1pct_8sd,64,64,-0.006829647369755807,0.026646236998974775
fGn_0.5_n512,RS,constant_offset_1sd,64,64,-2.0816681711721685e-17,6.938893903907228e-17
fGn_0.5_n512,RS,linear_plus_quadratic_0p5sd,64,64,0.06182055175275788,0.06299144459827619
fGn_0.5_n512,RS,linear_trend_0p5sd,64,64,0.08158631648079358,0.0820199327156665
fGn_0.5_n512,RS,midpoint_step_1sd,64,64,0.10216035402772108,0.10216035402772108
fGn_0.5_n512,RS,t3_realized_sd_0p5,64,64,-0.0001641688520959226,0.025584184412395794
fGn_0.5_n512,RS,t5_realized_sd_0p5,64,64,-0.000363446527718715,0.029924716380978274
fGn_0.5_n512,Variance,additive_outliers_1pct_8sd,64,64,-0.09214838154633039,0.18277766535154505
fGn_0.5_n512,Variance,constant_offset_1sd,64,64,-6.451002926288751e-18,7.844202717932625e-17
fGn_0.5_n512,Variance,linear_plus_quadratic_0p5sd,64,64,0.30756005412236276,0.3192749568438934
fGn_0.5_n512,Variance,linear_trend_0p5sd,64,64,0.5049209184413294,0.5049209184413294
fGn_0.5_n512,Variance,midpoint_step_1sd,64,64,0.54470008043002,0.54470008043002
fGn_0.5_n512,Variance,t3_realized_sd_0p5,64,64,-0.04793571448169978,0.12211669706763188
fGn_0.5_n512,Variance,t5_realized_sd_0p5,64,64,-0.01972470463980253,0.12780007465132184
fGn_0.5_n512,VarianceResidual,additive_outliers_1pct_8sd,64,64,0.002562793698949806,0.04697437733636617
fGn_0.5_n512,VarianceResidual,constant_offset_1sd,64,64,-1.6479873021779667e-17,5.117434254131581e-17
fGn_0.5_n512,VarianceResidual,linear_plus_quadratic_0p5sd,64,64,0.0992674174321025,0.10124241140415056
fGn_0.5_n512,VarianceResidual,linear_trend_0p5sd,64,64,0.12683633087974988,0.12694172901446577
fGn_0.5_n512,VarianceResidual,midpoint_step_1sd,64,64,0.1482768797934657,0.1482768797934657
fGn_0.5_n512,VarianceResidual,t3_realized_sd_0p5,64,64,0.0024015903979670633,0.031950972220421515
fGn_0.5_n512,VarianceResidual,t5_realized_sd_0p5,64,64,-0.003956041232685044,0.039736804884361425
fGn_0.5_n512,WaveletOLS::broad_band,additive_outliers_1pct_8sd,64,64,-0.012533690495159597,0.0726435330369924
fGn_0.5_n512,WaveletOLS::broad_band,constant_offset_1sd,64,64,4.336808689942018e-18,3.729655473350135e-17
fGn_0.5_n512,WaveletOLS::broad_band,linear_plus_quadratic_0p5sd,64,64,0.020594940786844537,0.03815920381301724
fGn_0.5_n512,WaveletOLS::broad_band,linear_trend_0p5sd,64,64,0.005733871646883795,0.015009517321590213
fGn_0.5_n512,WaveletOLS::broad_band,midpoint_step_1sd,64,64,0.05133538132898444,0.06246889316414473
fGn_0.5_n512,WaveletOLS::broad_band,t3_realized_sd_0p5,64,64,0.0008793632349756103,0.04418907693610462
fGn_0.5_n512,WaveletOLS::broad_band,t5_realized_sd_0p5,64,64,-0.01909889573809479,0.057617145414824725
fGn_0.5_n512,WaveletOLS::conservative_band,additive_outliers_1pct_8sd,64,64,0.03038454765217004,0.11622769373557011
fGn_0.5_n512,WaveletOLS::conservative_band,constant_offset_1sd,64,64,-2.2063514210080015e-17,7.204523436166177e-17
fGn_0.5_n512,WaveletOLS::conservative_band,linear_plus_quadratic_0p5sd,64,64,0.0010464371070116867,0.006423066423896307
fGn_0.5_n512,WaveletOLS::conservative_band,linear_trend_0p5sd,64,64,0.00041182688036825086,0.0028670611877160738
fGn_0.5_n512,WaveletOLS::conservative_band,midpoint_step_1sd,64,64,0.012223579913476999,0.03514362194599559
fGn_0.5_n512,WaveletOLS::conservative_band,t3_realized_sd_0p5,64,64,0.006288906956408871,0.07984972664478096
fGn_0.5_n512,WaveletOLS::conservative_band,t5_realized_sd_0p5,64,64,0.01876726903333647,0.08291695341117993
fGn_0.5_n512,WaveletOLS::upper_band,additive_outliers_1pct_8sd,64,64,-0.004248763414524656,0.07497390271724486
fGn_0.5_n512,WaveletOLS::upper_band,constant_offset_1sd,64,64,-1.474514954580286e-17,4.2500725161431774e-17
fGn_0.5_n512,WaveletOLS::upper_band,linear_plus_quadratic_0p5sd,64,64,0.00369903264595183,0.011218936762554083
fGn_0.5_n512,WaveletOLS::upper_band,linear_trend_0p5sd,64,64,0.0011029082434267186,0.00452543621782366
fGn_0.5_n512,WaveletOLS::upper_band,midpoint_step_1sd,64,64,0.01806150699298511,0.03221654474851568
fGn_0.5_n512,WaveletOLS::upper_band,t3_realized_sd_0p5,64,64,0.011909039019020767,0.047568198648171856
fGn_0.5_n512,WaveletOLS::upper_band,t5_realized_sd_0p5,64,64,-0.001740893705659649,0.039022138471196684
fGn_0.5_n512,WhittleMLE,additive_outliers_1pct_8sd,64,64,0.0012391988619054398,0.052802649114308035
fGn_0.5_n512,WhittleMLE,constant_offset_1sd,64,64,9.132018058410907e-14,2.0800808991916497e-13
fGn_0.5_n512,WhittleMLE,linear_plus_quadratic_0p5sd,64,64,0.33271675060844713,0.33271675060844713
fGn_0.5_n512,WhittleMLE,linear_trend_0p5sd,64,64,0.336090541024583,0.336090541024583
fGn_0.5_n512,WhittleMLE,midpoint_step_1sd,64,64,0.33079625006926217,0.33079625006926217
fGn_0.5_n512,WhittleMLE,t3_realized_sd_0p5,64,64,-0.0015565842773462377,0.03670153884758097
fGn_0.5_n512,WhittleMLE,t5_realized_sd_0p5,64,64,-0.002973343567627377,0.041953210149378715
fGn_0.75_n512,AbsoluteMoment,additive_outliers_1pct_8sd,64,64,-0.0006969872981468029,0.11231542822128279
fGn_0.75_n512,AbsoluteMoment,constant_offset_1sd,64,64,3.187554387107383e-17,9.80118763926896e-17
fGn_0.75_n512,AbsoluteMoment,linear_plus_quadratic_0p5sd,64,64,0.11667522120515805,0.31714040932452076
fGn_0.75_n512,AbsoluteMoment,linear_trend_0p5sd,64,64,0.3114211225595496,0.3789626389513644
fGn_0.75_n512,AbsoluteMoment,midpoint_step_1sd,64,64,0.36136790941730407,0.3902693936840614
fGn_0.75_n512,AbsoluteMoment,t3_realized_sd_0p5,64,64,-0.0005488521093417304,0.089345390844708
fGn_0.75_n512,AbsoluteMoment,t5_realized_sd_0p5,64,64,0.0006636324891821032,0.09239196899689303
fGn_0.75_n512,DFA::balanced_scales,additive_outliers_1pct_8sd,64,64,-0.04849493603495109,0.058468975464147935
fGn_0.75_n512,DFA::balanced_scales,constant_offset_1sd,64,64,-3.469446951953614e-18,5.551115123125783e-17
fGn_0.75_n512,DFA::balanced_scales,linear_plus_quadratic_0p5sd,64,64,0.03556642159747186,0.043935827686482645
fGn_0.75_n512,DFA::balanced_scales,linear_trend_0p5sd,64,64,0.02877836915421434,0.034611637988795296
fGn_0.75_n512,DFA::balanced_scales,midpoint_step_1sd,64,64,0.05218842017152344,0.0598429386529691
fGn_0.75_n512,DFA::balanced_scales,t3_realized_sd_0p5,64,64,-0.022994292781508864,0.03001917524965029
fGn_0.75_n512,DFA::balanced_scales,t5_realized_sd_0p5,64,64,-0.026914013107219244,0.033931266067105795
fGn_0.75_n512,DFA::long_scales,additive_outliers_1pct_8sd,64,64,-0.046688670853456675,0.06187987707634037
fGn_0.75_n512,DFA::long_scales,constant_offset_1sd,64,64,-1.214306433183765e-17,5.377642775528102e-17
fGn_0.75_n512,DFA::long_scales,linear_plus_quadratic_0p5sd,64,64,0.06712969933023527,0.08016641187421089
fGn_0.75_n512,DFA::long_scales,linear_trend_0p5sd,64,64,0.07024628115583402,0.08222358197718338
fGn_0.75_n512,DFA::long_scales,midpoint_step_1sd,64,64,0.07503564658309063,0.08461648038613326
fGn_0.75_n512,DFA::long_scales,t3_realized_sd_0p5,64,64,-0.020399925546415516,0.029210033433189467
fGn_0.75_n512,DFA::long_scales,t5_realized_sd_0p5,64,64,-0.024422416009826437,0.03565433409889976
fGn_0.75_n512,DFA::short_scales,additive_outliers_1pct_8sd,64,64,-0.05824761909122218,0.06007776110070655
fGn_0.75_n512,DFA::short_scales,constant_offset_1sd,64,64,8.673617379884035e-18,5.0306980803327406e-17
fGn_0.75_n512,DFA::short_scales,linear_plus_quadratic_0p5sd,64,64,0.014570043433279962,0.019640114071042165
fGn_0.75_n512,DFA::short_scales,linear_trend_0p5sd,64,64,0.010992688144113447,0.014771999921365294
fGn_0.75_n512,DFA::short_scales,midpoint_step_1sd,64,64,0.042917090644686025,0.050906570211825236
fGn_0.75_n512,DFA::short_scales,t3_realized_sd_0p5,64,64,-0.028448409117696145,0.030872894478365068
fGn_0.75_n512,DFA::short_scales,t5_realized_sd_0p5,64,64,-0.031302200551082925,0.0356993870474991
fGn_0.75_n512,DMA::balanced_windows,additive_outliers_1pct_8sd,64,64,-0.030953593399905888,0.04886860891921545
fGn_0.75_n512,DMA::balanced_windows,constant_offset_1sd,64,64,8.673617379884035e-18,4.336808689942018e-17
fGn_0.75_n512,DMA::balanced_windows,linear_plus_quadratic_0p5sd,64,64,0.17563949469476298,0.19783763279377545
fGn_0.75_n512,DMA::balanced_windows,linear_trend_0p5sd,64,64,0.14857025717854067,0.17772480499887897
fGn_0.75_n512,DMA::balanced_windows,midpoint_step_1sd,64,64,0.20718013351405704,0.21947936683352331
fGn_0.75_n512,DMA::balanced_windows,t3_realized_sd_0p5,64,64,-0.012635695096685402,0.02341764774442485
fGn_0.75_n512,DMA::balanced_windows,t5_realized_sd_0p5,64,64,-0.005004819925010509,0.028095419707593654
fGn_0.75_n512,DMA::long_windows,additive_outliers_1pct_8sd,64,64,-0.030002894264773275,0.054091727395923904
fGn_0.75_n512,DMA::long_windows,constant_offset_1sd,64,64,2.5587171270657905e-17,7.762887554996212e-17
fGn_0.75_n512,DMA::long_windows,linear_plus_quadratic_0p5sd,64,64,0.1874227787769543,0.21749715822804822
fGn_0.75_n512,DMA::long_windows,linear_trend_0p5sd,64,64,0.15706906038946264,0.1961669500738042
fGn_0.75_n512,DMA::long_windows,midpoint_step_1sd,64,64,0.23621429796876195,0.24898286609534245
fGn_0.75_n512,DMA::long_windows,t3_realized_sd_0p5,64,64,-0.009002177598039836,0.026879705917893078
fGn_0.75_n512,DMA::long_windows,t5_realized_sd_0p5,64,64,-0.001720400693512213,0.03143373305847811
fGn_0.75_n512,DMA::short_windows,additive_outliers_1pct_8sd,64,64,-0.031224834221185216,0.041063303938239926
fGn_0.75_n512,DMA::short_windows,constant_offset_1sd,64,64,2.6020852139652106e-17,6.071532165918825e-17
fGn_0.75_n512,DMA::short_windows,linear_plus_quadratic_0p5sd,64,64,0.15731637834924134,0.1667986602745125
fGn_0.75_n512,DMA::short_windows,linear_trend_0p5sd,64,64,0.1402409458260376,0.1564941306090948
fGn_0.75_n512,DMA::short_windows,midpoint_step_1sd,64,64,0.1739854323944462,0.18222955720846334
fGn_0.75_n512,DMA::short_windows,t3_realized_sd_0p5,64,64,-0.015235950207549576,0.020394517679463767
fGn_0.75_n512,DMA::short_windows,t5_realized_sd_0p5,64,64,-0.009723368572435201,0.024679494835852564
fGn_0.75_n512,GHE,additive_outliers_1pct_8sd,64,64,-0.013681196559535912,0.025292029331498767
fGn_0.75_n512,GHE,constant_offset_1sd,64,64,0.2209933261512004,0.2209933261512004
fGn_0.75_n512,GHE,linear_plus_quadratic_0p5sd,64,64,0.08971747201859787,0.095787403767843
fGn_0.75_n512,GHE,linear_trend_0p5sd,64,64,0.0891760931203916,0.09643897694929904
fGn_0.75_n512,GHE,midpoint_step_1sd,64,64,0.14204432299984024,0.14259477465521966
fGn_0.75_n512,GHE,t3_realized_sd_0p5,64,64,-0.019241597615407353,0.02115989200129275
fGn_0.75_n512,GHE,t5_realized_sd_0p5,64,64,-0.015129308252758546,0.019148196179465303
fGn_0.75_n512,GHE::centered,additive_outliers_1pct_8sd,64,64,-0.011459938701899828,0.027626408280710446
fGn_0.75_n512,GHE::centered,constant_offset_1sd,64,64,-5.204170427930421e-18,5.724587470723463e-17
fGn_0.75_n512,GHE::centered,linear_plus_quadratic_0p5sd,64,64,0.1215746505824767,0.12805521382706223
fGn_0.75_n512,GHE::centered,linear_trend_0p5sd,64,64,0.1252185903986724,0.13272499121770728
fGn_0.75_n512,GHE::centered,midpoint_step_1sd,64,64,0.14921679216376466,0.1545397411589563
fGn_0.75_n512,GHE::centered,t3_realized_sd_0p5,64,64,-0.017522913490997306,0.019030762943675235
fGn_0.75_n512,GHE::centered,t5_realized_sd_0p5,64,64,-0.01787654928677327,0.02365754107783162
fGn_0.75_n512,GPH::narrow_band,additive_outliers_1pct_8sd,64,64,-0.05844345232887008,0.08030022516160504
fGn_0.75_n512,GPH::narrow_band,constant_offset_1sd,64,64,0.0,5.898059818321144e-17
fGn_0.75_n512,GPH::narrow_band,linear_plus_quadratic_0p5sd,64,64,0.18258509904913744,0.18875776587881346
fGn_0.75_n512,GPH::narrow_band,linear_trend_0p5sd,64,64,0.1868198406906601,0.19560156525772615
fGn_0.75_n512,GPH::narrow_band,midpoint_step_1sd,64,64,0.15737275122700153,0.1658555525192447
fGn_0.75_n512,GPH::narrow_band,t3_realized_sd_0p5,64,64,-0.030016791354938926,0.06235528185252679
fGn_0.75_n512,GPH::narrow_band,t5_realized_sd_0p5,64,64,-0.014123206162392224,0.06421382543309598
fGn_0.75_n512,GPH::wider_band,additive_outliers_1pct_8sd,64,64,-0.05942482600794873,0.07435281485278236
fGn_0.75_n512,GPH::wider_band,constant_offset_1sd,64,64,-1.734723475976807e-18,3.642919299551295e-17
fGn_0.75_n512,GPH::wider_band,linear_plus_quadratic_0p5sd,64,64,0.11920365878901604,0.12158755681437747
fGn_0.75_n512,GPH::wider_band,linear_trend_0p5sd,64,64,0.12542182269538665,0.1295389318546586
fGn_0.75_n512,GPH::wider_band,midpoint_step_1sd,64,64,0.10209981586369908,0.10662997577428672
fGn_0.75_n512,GPH::wider_band,t3_realized_sd_0p5,64,64,-0.03730413883220386,0.05077778442265658
fGn_0.75_n512,GPH::wider_band,t5_realized_sd_0p5,64,64,-0.02477364247800469,0.03935467448238919
fGn_0.75_n512,Higuchi,additive_outliers_1pct_8sd,64,64,-0.01335930223908674,0.025157029572636193
fGn_0.75_n512,Higuchi,constant_offset_1sd,64,64,0.21800844944922204,0.21800844944922204
fGn_0.75_n512,Higuchi,linear_plus_quadratic_0p5sd,64,64,0.09050299761064645,0.09444648809320946
fGn_0.75_n512,Higuchi,linear_trend_0p5sd,64,64,0.09106711919434786,0.09673896249963757
fGn_0.75_n512,Higuchi,midpoint_step_1sd,64,64,0.13945787943151014,0.14001831122339936
fGn_0.75_n512,Higuchi,t3_realized_sd_0p5,64,64,-0.018700874340662903,0.022300190941483906
fGn_0.75_n512,Higuchi,t5_realized_sd_0p5,64,64,-0.016361428348187674,0.019748384082091733
fGn_0.75_n512,Higuchi::centered,additive_outliers_1pct_8sd,64,64,-0.0108636432138562,0.027508599338499754
fGn_0.75_n512,Higuchi::centered,constant_offset_1sd,64,64,3.469446951953614e-18,7.979727989493313e-17
fGn_0.75_n512,Higuchi::centered,linear_plus_quadratic_0p5sd,64,64,0.11491537844615941,0.11878433084856849
fGn_0.75_n512,Higuchi::centered,linear_trend_0p5sd,64,64,0.1199848025866086,0.12535828465288304
fGn_0.75_n512,Higuchi::centered,midpoint_step_1sd,64,64,0.13694478117948297,0.1413089790136759
fGn_0.75_n512,Higuchi::centered,t3_realized_sd_0p5,64,64,-0.018111392641997848,0.020963510136791513
fGn_0.75_n512,Higuchi::centered,t5_realized_sd_0p5,64,64,-0.0195020517791435,0.02483717330817986
fGn_0.75_n512,ModifiedLocalWhittle,additive_outliers_1pct_8sd,64,64,-0.05037428753443809,0.058677034086499935
fGn_0.75_n512,ModifiedLocalWhittle,constant_offset_1sd,64,64,1.6524108470417076e-13,6.461515350553171e-13
fGn_0.75_n512,ModifiedLocalWhittle,linear_plus_quadratic_0p5sd,64,64,0.12713370769544782,0.12744506531723884
fGn_0.75_n512,ModifiedLocalWhittle,linear_trend_0p5sd,64,64,0.12890942931183585,0.12993053672848634
fGn_0.75_n512,ModifiedLocalWhittle,midpoint_step_1sd,64,64,0.12124012068279666,0.12163438620740055
fGn_0.75_n512,ModifiedLocalWhittle,t3_realized_sd_0p5,64,64,-0.024933668048083012,0.03043562468061379
fGn_0.75_n512,ModifiedLocalWhittle,t5_realized_sd_0p5,64,64,-0.02684534312620012,0.031522152556491045
fGn_0.75_n512,RS,additive_outliers_1pct_8sd,64,64,-0.04679974181907279,0.04682919344304308
fGn_0.75_n512,RS,constant_offset_1sd,64,64,0.0,6.591949208711867e-17
fGn_0.75_n512,RS,linear_plus_quadratic_0p5sd,64,64,0.017965272556075614,0.027929742921146757
fGn_0.75_n512,RS,linear_trend_0p5sd,64,64,0.023350609233761477,0.03256654351938581
fGn_0.75_n512,RS,midpoint_step_1sd,64,64,0.033568278088504516,0.03846180257508015
fGn_0.75_n512,RS,t3_realized_sd_0p5,64,64,-0.01689653611262449,0.01950575555961801
fGn_0.75_n512,RS,t5_realized_sd_0p5,64,64,-0.015283063688260122,0.022807815031522932
fGn_0.75_n512,Variance,additive_outliers_1pct_8sd,64,64,-0.004130991585881498,0.11230402554732863
fGn_0.75_n512,Variance,constant_offset_1sd,64,64,2.6034404666808175e-17,8.431027143790404e-17
fGn_0.75_n512,Variance,linear_plus_quadratic_0p5sd,64,64,0.11741819584893491,0.31861565285527205
fGn_0.75_n512,Variance,linear_trend_0p5sd,64,64,0.3156630588355171,0.38410112972483795
fGn_0.75_n512,Variance,midpoint_step_1sd,64,64,0.36387764306375714,0.3948051470633329
fGn_0.75_n512,Variance,t3_realized_sd_0p5,64,64,-0.002056780674441732,0.08684883694136236
fGn_0.75_n512,Variance,t5_realized_sd_0p5,64,64,0.00012211669615515026,0.09175971377786048
fGn_0.75_n512,VarianceResidual,additive_outliers_1pct_8sd,64,64,-0.05169395406745153,0.06001064850461519
fGn_0.75_n512,VarianceResidual,constant_offset_1sd,64,64,-2.2551405187698492e-17,5.0306980803327406e-17
fGn_0.75_n512,VarianceResidual,linear_plus_quadratic_0p5sd,64,64,0.02993566355681808,0.04511289767573
fGn_0.75_n512,VarianceResidual,linear_trend_0p5sd,64,64,0.039142320671527314,0.05379290324677037
fGn_0.75_n512,VarianceResidual,midpoint_step_1sd,64,64,0.04476043298372993,0.05229222219639758
fGn_0.75_n512,VarianceResidual,t3_realized_sd_0p5,64,64,-0.024114903131097577,0.0290575554227544
fGn_0.75_n512,VarianceResidual,t5_realized_sd_0p5,64,64,-0.02612604569981429,0.03517820566167465
fGn_0.75_n512,WaveletOLS::broad_band,additive_outliers_1pct_8sd,64,64,-0.0544783809528897,0.08181750823115759
fGn_0.75_n512,WaveletOLS::broad_band,constant_offset_1sd,64,64,-6.938893903907228e-18,4.163336342344337e-17
fGn_0.75_n512,WaveletOLS::broad_band,linear_plus_quadratic_0p5sd,64,64,0.009203524267046318,0.019385305667685336
fGn_0.75_n512,WaveletOLS::broad_band,linear_trend_0p5sd,64,64,0.001852146000672291,0.007513107631990982
fGn_0.75_n512,WaveletOLS::broad_band,midpoint_step_1sd,64,64,0.015863168839572804,0.032429408166319465
fGn_0.75_n512,WaveletOLS::broad_band,t3_realized_sd_0p5,64,64,-0.026538289438753207,0.036792760042635216
fGn_0.75_n512,WaveletOLS::broad_band,t5_realized_sd_0p5,64,64,-0.03421783504908057,0.04142111759313663
fGn_0.75_n512,WaveletOLS::conservative_band,additive_outliers_1pct_8sd,64,64,-0.061168055987126504,0.10462911001474931
fGn_0.75_n512,WaveletOLS::conservative_band,constant_offset_1sd,64,64,-1.5612511283791264e-17,8.153200337090993e-17
fGn_0.75_n512,WaveletOLS::conservative_band,linear_plus_quadratic_0p5sd,64,64,0.0006637383637824309,0.003917064159482726
fGn_0.75_n512,WaveletOLS::conservative_band,linear_trend_0p5sd,64,64,0.00030808341720500905,0.0015982704880385494
fGn_0.75_n512,WaveletOLS::conservative_band,midpoint_step_1sd,64,64,0.005923197867820069,0.02277159961876267
fGn_0.75_n512,WaveletOLS::conservative_band,t3_realized_sd_0p5,64,64,-0.030287547295531934,0.06079866759021551
fGn_0.75_n512,WaveletOLS::conservative_band,t5_realized_sd_0p5,64,64,-0.04122429541118984,0.0627867632976057
fGn_0.75_n512,WaveletOLS::upper_band,additive_outliers_1pct_8sd,64,64,-0.07629679079104448,0.0904995711455524
fGn_0.75_n512,WaveletOLS::upper_band,constant_offset_1sd,64,64,-1.734723475976807e-18,4.336808689942018e-17
fGn_0.75_n512,WaveletOLS::upper_band,linear_plus_quadratic_0p5sd,64,64,0.002060512125718568,0.0054592498489083666
fGn_0.75_n512,WaveletOLS::upper_band,linear_trend_0p5sd,64,64,0.0005260647306021288,0.002246267975081444
fGn_0.75_n512,WaveletOLS::upper_band,midpoint_step_1sd,64,64,0.008550460954097228,0.022608775370510373
fGn_0.75_n512,WaveletOLS::upper_band,t3_realized_sd_0p5,64,64,-0.03649716416737372,0.04316190499787048
fGn_0.75_n512,WaveletOLS::upper_band,t5_realized_sd_0p5,64,64,-0.040507625655562846,0.049216569063072355
fGn_0.75_n512,WhittleMLE,additive_outliers_1pct_8sd,64,64,-0.05062815596433349,0.05901613201290469
fGn_0.75_n512,WhittleMLE,constant_offset_1sd,64,64,-6.013418929473602e-14,1.6040467565314742e-13
fGn_0.75_n512,WhittleMLE,linear_plus_quadratic_0p5sd,64,64,0.12797535875827043,0.12828256454722498
fGn_0.75_n512,WhittleMLE,linear_trend_0p5sd,64,64,0.12978152631105253,0.13080493404890642
fGn_0.75_n512,WhittleMLE,midpoint_step_1sd,64,64,0.12201496535253276,0.12240913875834547
fGn_0.75_n512,WhittleMLE,t3_realized_sd_0p5,64,64,-0.02501009964265486,0.030542915793630408
fGn_0.75_n512,WhittleMLE,t5_realized_sd_0p5,64,64,-0.026964262341044765,0.03167146039586851
fGn_0.85_n512,AbsoluteMoment,additive_outliers_1pct_8sd,64,64,-0.01938609444125508,0.06422479168552137
fGn_0.85_n512,AbsoluteMoment,constant_offset_1sd,64,64,-1.0842021724855044e-17,4.5536491244391186e-17
fGn_0.85_n512,AbsoluteMoment,linear_plus_quadratic_0p5sd,64,64,0.02185777536818294,0.20146274047687887
fGn_0.85_n512,AbsoluteMoment,linear_trend_0p5sd,64,64,0.14422834149779246,0.29459603643152943
fGn_0.85_n512,AbsoluteMoment,midpoint_step_1sd,64,64,0.186857927823063,0.2960098692481404
fGn_0.85_n512,AbsoluteMoment,t3_realized_sd_0p5,64,64,-0.01469688385386345,0.041966619419393114
fGn_0.85_n512,AbsoluteMoment,t5_realized_sd_0p5,64,64,-0.018710900124813582,0.04510803025620852
fGn_0.85_n512,DFA::balanced_scales,additive_outliers_1pct_8sd,64,64,-0.06323158991232745,0.06447172424636956
fGn_0.85_n512,DFA::balanced_scales,constant_offset_1sd,64,64,-2.0816681711721685e-17,5.898059818321144e-17
fGn_0.85_n512,DFA::balanced_scales,linear_plus_quadratic_0p5sd,64,64,0.02055350665213178,0.03064064296565041
fGn_0.85_n512,DFA::balanced_scales,linear_trend_0p5sd,64,64,0.015875862653904668,0.022563682686233127
fGn_0.85_n512,DFA::balanced_scales,midpoint_step_1sd,64,64,0.042060154816184914,0.05660448774834187
fGn_0.85_n512,DFA::balanced_scales,t3_realized_sd_0p5,64,64,-0.028536502168263252,0.030578905818042817
fGn_0.85_n512,DFA::balanced_scales,t5_realized_sd_0p5,64,64,-0.0327771488104873,0.035032570613751646
fGn_0.85_n512,DFA::long_scales,additive_outliers_1pct_8sd,64,64,-0.04808527924337621,0.051545047068833415
fGn_0.85_n512,DFA::long_scales,constant_offset_1sd,64,64,-8.673617379884035e-18,6.765421556309548e-17
fGn_0.85_n512,DFA::long_scales,linear_plus_quadratic_0p5sd,64,64,0.04173046184427699,0.05661215670987409
fGn_0.85_n512,DFA::long_scales,linear_trend_0p5sd,64,64,0.04065181813438409,0.05787419687965009
fGn_0.85_n512,DFA::long_scales,midpoint_step_1sd,64,64,0.06320826154198607,0.07928884844048223
fGn_0.85_n512,DFA::long_scales,t3_realized_sd_0p5,64,64,-0.02251417810212316,0.027643407835489534
fGn_0.85_n512,DFA::long_scales,t5_realized_sd_0p5,64,64,-0.025168365856144553,0.0293014961509804
fGn_0.85_n512,DFA::short_scales,additive_outliers_1pct_8sd,64,64,-0.08711845372417532,0.08784109993644698
fGn_0.85_n512,DFA::short_scales,constant_offset_1sd,64,64,5.204170427930421e-18,7.806255641895632e-17
fGn_0.85_n512,DFA::short_scales,linear_plus_quadratic_0p5sd,64,64,0.008632169969484073,0.02060649347484609
fGn_0.85_n512,DFA::short_scales,linear_trend_0p5sd,64,64,0.006937860972171533,0.013200233852176007
fGn_0.85_n512,DFA::short_scales,midpoint_step_1sd,64,64,0.03495000684633985,0.04652762045653319
fGn_0.85_n512,DFA::short_scales,t3_realized_sd_0p5,64,64,-0.03894661818993568,0.039121265793408855
fGn_0.85_n512,DFA::short_scales,t5_realized_sd_0p5,64,64,-0.039488993727119365,0.04079332400377104
fGn_0.85_n512,DMA::balanced_windows,additive_outliers_1pct_8sd,64,64,-0.019248222884805932,0.032295695140299174
fGn_0.85_n512,DMA::balanced_windows,constant_offset_1sd,64,64,1.1275702593849246e-17,6.331740687315346e-17
fGn_0.85_n512,DMA::balanced_windows,linear_plus_quadratic_0p5sd,64,64,0.1219375958185375,0.14930441116582982
fGn_0.85_n512,DMA::balanced_windows,linear_trend_0p5sd,64,64,0.09780407723883836,0.14269059154429445
fGn_0.85_n512,DMA::balanced_windows,midpoint_step_1sd,64,64,0.14223210711170398,0.17216907925508235
fGn_0.85_n512,DMA::balanced_windows,t3_realized_sd_0p5,64,64,-0.009254419361966745,0.019774199442550062
fGn_0.85_n512,DMA::balanced_windows,t5_realized_sd_0p5,64,64,-0.007572475691962577,0.018224100782797386
fGn_0.85_n512,DMA::long_windows,additive_outliers_1pct_8sd,64,64,-0.01621481226203848,0.03610413430169652
fGn_0.85_n512,DMA::long_windows,constant_offset_1sd,64,64,9.540979117872439e-18,9.454242944073599e-17
fGn_0.85_n512,DMA::long_windows,linear_plus_quadratic_0p5sd,64,64,0.13269909764681978,0.17282613046719716
fGn_0.85_n512,DMA::long_windows,linear_trend_0p5sd,64,64,0.10505778757238496,0.16900411570952156
fGn_0.85_n512,DMA::long_windows,midpoint_step_1sd,64,64,0.16203990325005269,0.20488908449800833
fGn_0.85_n512,DMA::long_windows,t3_realized_sd_0p5,64,64,-0.009531878373080439,0.021372422583944086
fGn_0.85_n512,DMA::long_windows,t5_realized_sd_0p5,64,64,-0.004702969012301219,0.020214849747411855
fGn_0.85_n512,DMA::short_windows,additive_outliers_1pct_8sd,64,64,-0.02477605767184754,0.031271071119586755
fGn_0.85_n512,DMA::short_windows,constant_offset_1sd,64,64,1.5612511283791264e-17,6.418476861114186e-17
fGn_0.85_n512,DMA::short_windows,linear_plus_quadratic_0p5sd,64,64,0.10481565771488499,0.12074392172541755
fGn_0.85_n512,DMA::short_windows,linear_trend_0p5sd,64,64,0.08893905142870942,0.11485122329142931
fGn_0.85_n512,DMA::short_windows,midpoint_step_1sd,64,64,0.11729818997989984,0.13471604493893968
fGn_0.85_n512,DMA::short_windows,t3_realized_sd_0p5,64,64,-0.01144382341364755,0.0177668966467594
fGn_0.85_n512,DMA::short_windows,t5_realized_sd_0p5,64,64,-0.011610007524485867,0.01722354153656426
fGn_0.85_n512,GHE,additive_outliers_1pct_8sd,64,64,-0.01689058147722869,0.021443041364028255
fGn_0.85_n512,GHE,constant_offset_1sd,64,64,0.11516474492379374,0.12937131436408106
fGn_0.85_n512,GHE,linear_plus_quadratic_0p5sd,64,64,0.03985529398093578,0.0496932406301927
fGn_0.85_n512,GHE,linear_trend_0p5sd,64,64,0.04480254508824895,0.04876480181737791
fGn_0.85_n512,GHE,midpoint_step_1sd,64,64,0.07480962669401345,0.08986095168671734
fGn_0.85_n512,GHE,t3_realized_sd_0p5,64,64,-0.015843501945942078,0.017170992512546016
fGn_0.85_n512,GHE,t5_realized_sd_0p5,64,64,-0.018212686880320836,0.01853153410899796
fGn_0.85_n512,GHE::centered,additive_outliers_1pct_8sd,64,64,-0.017433782646398617,0.023624812147642588
fGn_0.85_n512,GHE::centered,constant_offset_1sd,64,64,1.214306433183765e-17,6.418476861114186e-17
fGn_0.85_n512,GHE::centered,linear_plus_quadratic_0p5sd,64,64,0.07648075993407955,0.08326620844017986
fGn_0.85_n512,GHE::centered,linear_trend_0p5sd,64,64,0.07839383612621384,0.09146376319239516
fGn_0.85_n512,GHE::centered,midpoint_step_1sd,64,64,0.09619784068442193,0.10738717702873951
fGn_0.85_n512,GHE::centered,t3_realized_sd_0p5,64,64,-0.018620130096256647,0.02055223751540658
fGn_0.85_n512,GHE::centered,t5_realized_sd_0p5,64,64,-0.018591221484308695,0.019273520393585923
fGn_0.85_n512,GPH::narrow_band,additive_outliers_1pct_8sd,64,64,-0.031978342272869886,0.0777387564128387
fGn_0.85_n512,GPH::narrow_band,constant_offset_1sd,64,64,0.0,3.8163916471489756e-17
fGn_0.85_n512,GPH::narrow_band,linear_plus_quadratic_0p5sd,64,64,0.13421615948279847,0.1518041881624003
fGn_0.85_n512,GPH::narrow_band,linear_trend_0p5sd,64,64,0.1305840600528072,0.15705565271576002
fGn_0.85_n512,GPH::narrow_band,midpoint_step_1sd,64,64,0.12296428630261803,0.13557652898966538
fGn_0.85_n512,GPH::narrow_band,t3_realized_sd_0p5,64,64,-0.006546545191738808,0.05421137691985543
fGn_0.85_n512,GPH::narrow_band,t5_realized_sd_0p5,64,64,-0.00496301200965147,0.05950896577261036
fGn_0.85_n512,GPH::wider_band,additive_outliers_1pct_8sd,64,64,-0.07435144996043677,0.08026616148189183
fGn_0.85_n512,GPH::wider_band,constant_offset_1sd,64,64,1.9081958235744878e-17,3.9898639947466563e-17
fGn_0.85_n512,GPH::wider_band,linear_plus_quadratic_0p5sd,64,64,0.08588727044591316,0.09439591444762233
fGn_0.85_n512,GPH::wider_band,linear_trend_0p5sd,64,64,0.08552668808777375,0.09793965135384376
fGn_0.85_n512,GPH::wider_band,midpoint_step_1sd,64,64,0.07545933849172307,0.08272272402507504
fGn_0.85_n512,GPH::wider_band,t3_realized_sd_0p5,64,64,-0.03115751845412626,0.043935309488688234
fGn_0.85_n512,GPH::wider_band,t5_realized_sd_0p5,64,64,-0.03167454644596365,0.04742552395145487
fGn_0.85_n512,Higuchi,additive_outliers_1pct_8sd,64,64,-0.01753573394307859,0.022836415630289646
fGn_0.85_n512,Higuchi,constant_offset_1sd,64,64,0.11028784099237954,0.12488689328653668
fGn_0.85_n512,Higuchi,linear_plus_quadratic_0p5sd,64,64,0.04170839358572153,0.048013539140855016
fGn_0.85_n512,Higuchi,linear_trend_0p5sd,64,64,0.046231960765819466,0.05012559296526263
fGn_0.85_n512,Higuchi,midpoint_step_1sd,64,64,0.0724910074010011,0.08662002724165571
fGn_0.85_n512,Higuchi,t3_realized_sd_0p5,64,64,-0.016319083576784188,0.017670987573456642
fGn_0.85_n512,Higuchi,t5_realized_sd_0p5,64,64,-0.019315857846409407,0.01949461939167861
fGn_0.85_n512,Higuchi::centered,additive_outliers_1pct_8sd,64,64,-0.01886534464235392,0.024966751040762514
fGn_0.85_n512,Higuchi::centered,constant_offset_1sd,64,64,2.0816681711721685e-17,8.326672684688674e-17
fGn_0.85_n512,Higuchi::centered,linear_plus_quadratic_0p5sd,64,64,0.07283234971188213,0.07740930832181762
fGn_0.85_n512,Higuchi::centered,linear_trend_0p5sd,64,64,0.07409204528722448,0.08412407213949688
fGn_0.85_n512,Higuchi::centered,midpoint_step_1sd,64,64,0.08952590949695872,0.09776568185889498
fGn_0.85_n512,Higuchi::centered,t3_realized_sd_0p5,64,64,-0.019483236386311678,0.020934893956270302
fGn_0.85_n512,Higuchi::centered,t5_realized_sd_0p5,64,64,-0.020168890390849372,0.02029041695773204
fGn_0.85_n512,ModifiedLocalWhittle,additive_outliers_1pct_8sd,64,64,-0.07299433425653311,0.07441253742390871
fGn_0.85_n512,ModifiedLocalWhittle,constant_offset_1sd,64,64,-1.4353102040232102e-13,3.842898221861901e-13
fGn_0.85_n512,ModifiedLocalWhittle,linear_plus_quadratic_0p5sd,64,64,0.07223674558795995,0.0766085662387522
fGn_0.85_n512,ModifiedLocalWhittle,linear_trend_0p5sd,64,64,0.07184659796083656,0.07748823646285072
fGn_0.85_n512,ModifiedLocalWhittle,midpoint_step_1sd,64,64,0.07184844826065677,0.07706221374344197
fGn_0.85_n512,ModifiedLocalWhittle,t3_realized_sd_0p5,64,64,-0.0324899124800953,0.035965252525753826
fGn_0.85_n512,ModifiedLocalWhittle,t5_realized_sd_0p5,64,64,-0.03323440919260571,0.03483008074558421
fGn_0.85_n512,RS,additive_outliers_1pct_8sd,64,64,-0.052344203368763255,0.05245770234985064
fGn_0.85_n512,RS,constant_offset_1sd,64,64,3.469446951953614e-18,4.163336342344337e-17
fGn_0.85_n512,RS,linear_plus_quadratic_0p5sd,64,64,0.009515802586068892,0.02371935606187407
fGn_0.85_n512,RS,linear_trend_0p5sd,64,64,0.01231831303974552,0.021875503104794216
fGn_0.85_n512,RS,midpoint_step_1sd,64,64,0.02528976752039381,0.03198110441731179
fGn_0.85_n512,RS,t3_realized_sd_0p5,64,64,-0.019242864906301727,0.02027642512126955
fGn_0.85_n512,RS,t5_realized_sd_0p5,64,64,-0.015941726614480713,0.01911291389551379
fGn_0.85_n512,Variance,additive_outliers_1pct_8sd,64,64,-0.02509374944237734,0.06647557282186668
fGn_0.85_n512,Variance,constant_offset_1sd,64,64,-1.5829351718288365e-17,3.924811864397526e-17
fGn_0.85_n512,Variance,linear_plus_quadratic_0p5sd,64,64,0.022264663029656385,0.2048914709339575
fGn_0.85_n512,Variance,linear_trend_0p5sd,64,64,0.14657719538206365,0.297248280604759
fGn_0.85_n512,Variance,midpoint_step_1sd,64,64,0.19201663784014172,0.2989647648741459
fGn_0.85_n512,Variance,t3_realized_sd_0p5,64,64,-0.014876305179678395,0.04178530979414036
fGn_0.85_n512,Variance,t5_realized_sd_0p5,64,64,-0.018633816871133614,0.044208001889353164
fGn_0.85_n512,VarianceResidual,additive_outliers_1pct_8sd,64,64,-0.0685187051866536,0.06857136550066283
fGn_0.85_n512,VarianceResidual,constant_offset_1sd,64,64,3.469446951953614e-18,4.85722573273506e-17
fGn_0.85_n512,VarianceResidual,linear_plus_quadratic_0p5sd,64,64,0.020971925093335765,0.043498273818278005
fGn_0.85_n512,VarianceResidual,linear_trend_0p5sd,64,64,0.025396302861852807,0.04108845384691476
fGn_0.85_n512,VarianceResidual,midpoint_step_1sd,64,64,0.03952102150889977,0.05269936966705431
fGn_0.85_n512,VarianceResidual,t3_realized_sd_0p5,64,64,-0.0326133824085367,0.034956865891645976
fGn_0.85_n512,VarianceResidual,t5_realized_sd_0p5,64,64,-0.03266343438978198,0.034277481013039846
fGn_0.85_n512,WaveletOLS::broad_band,additive_outliers_1pct_8sd,64,64,-0.09521494177575535,0.09808031603706219
fGn_0.85_n512,WaveletOLS::broad_band,constant_offset_1sd,64,64,-5.204170427930421e-18,2.949029909160572e-17
fGn_0.85_n512,WaveletOLS::broad_band,linear_plus_quadratic_0p5sd,64,64,0.0006205271258038388,0.01761803503523478
fGn_0.85_n512,WaveletOLS::broad_band,linear_trend_0p5sd,64,64,-0.00014231338772064533,0.00652441977487888
fGn_0.85_n512,WaveletOLS::broad_band,midpoint_step_1sd,64,64,0.016040671389518136,0.03328820471657506
fGn_0.85_n512,WaveletOLS::broad_band,t3_realized_sd_0p5,64,64,-0.0462102636748455,0.04895584354100352
fGn_0.85_n512,WaveletOLS::broad_band,t5_realized_sd_0p5,64,64,-0.050699060039603935,0.05291228544621877
fGn_0.85_n512,WaveletOLS::conservative_band,additive_outliers_1pct_8sd,64,64,-0.10147750703338249,0.11377091228285562
fGn_0.85_n512,WaveletOLS::conservative_band,constant_offset_1sd,64,64,-1.0408340855860843e-17,7.979727989493313e-17
fGn_0.85_n512,WaveletOLS::conservative_band,linear_plus_quadratic_0p5sd,64,64,-0.00045691230618138436,0.0033453420242829674
fGn_0.85_n512,WaveletOLS::conservative_band,linear_trend_0p5sd,64,64,-0.000356764595689665,0.0014666563002563842
fGn_0.85_n512,WaveletOLS::conservative_band,midpoint_step_1sd,64,64,0.0049865243122568115,0.017054177598943503
fGn_0.85_n512,WaveletOLS::conservative_band,t3_realized_sd_0p5,64,64,-0.04413717236126158,0.06573777568036741
fGn_0.85_n512,WaveletOLS::conservative_band,t5_realized_sd_0p5,64,64,-0.0385536228970902,0.06501372916381447
fGn_0.85_n512,WaveletOLS::upper_band,additive_outliers_1pct_8sd,64,64,-0.12124641163390514,0.12203510769976082
fGn_0.85_n512,WaveletOLS::upper_band,constant_offset_1sd,64,64,-5.204170427930421e-18,3.2959746043559335e-17
fGn_0.85_n512,WaveletOLS::upper_band,linear_plus_quadratic_0p5sd,64,64,0.00038066623662475797,0.004489343618407129
fGn_0.85_n512,WaveletOLS::upper_band,linear_trend_0p5sd,64,64,3.467400731695623e-05,0.0019236625697948446
fGn_0.85_n512,WaveletOLS::upper_band,midpoint_step_1sd,64,64,0.008901804205599256,0.019993194413924848
fGn_0.85_n512,WaveletOLS::upper_band,t3_realized_sd_0p5,64,64,-0.05486303740804041,0.060406014151908924
fGn_0.85_n512,WaveletOLS::upper_band,t5_realized_sd_0p5,64,64,-0.052893222998388126,0.05607136800003287
fGn_0.85_n512,WhittleMLE,additive_outliers_1pct_8sd,64,64,-0.07336627762231657,0.07480562174969617
fGn_0.85_n512,WhittleMLE,constant_offset_1sd,64,64,-4.846817391879199e-15,9.743247875171335e-14
fGn_0.85_n512,WhittleMLE,linear_plus_quadratic_0p5sd,64,64,0.07195633259283361,0.0763594381161035
fGn_0.85_n512,WhittleMLE,linear_trend_0p5sd,64,64,0.071531379696615,0.07720519722371451
fGn_0.85_n512,WhittleMLE,midpoint_step_1sd,64,64,0.07168595543290848,0.07692285744368577
fGn_0.85_n512,WhittleMLE,t3_realized_sd_0p5,64,64,-0.03260761640493251,0.03607487853381114
fGn_0.85_n512,WhittleMLE,t5_realized_sd_0p5,64,64,-0.03338873768519102,0.03495403502510348
