domain,method,condition,metric,value,clean_mae,stressed_mae,ci_low,ci_high,nominal,bootstrap_se,requested_draws,attempted_draws,used_draws,invalid_draws,unavailable_reason,support
AR1,AbsoluteMoment,additive_outliers_1pct_8sd,absolute_error_inflation,0.01567444233504167,0.17351970257888266,0.18919414491392433,-0.0052550132576738426,0.03920748527787651,0.95,0.011731550314409636,999,999,999,0,,common_complete_parents_across_declared_methods_and_conditions
AR1,AbsoluteMoment,additive_outliers_1pct_8sd,paired_mae_ratio,1.0903323490190748,0.17351970257888266,0.18919414491392433,0.9695261658814716,1.238003857922752,0.95,0.06973049849356203,999,999,999,0,,common_complete_parents_across_declared_methods_and_conditions
AR1,AbsoluteMoment,constant_offset_1sd,absolute_error_inflation,0.0,0.17351970257888266,0.17351970257888266,-5.551115123125783e-17,5.551115123125783e-17,0.95,2.7988805519708774e-17,999,999,999,0,,common_complete_parents_across_declared_methods_and_conditions
AR1,AbsoluteMoment,constant_offset_1sd,paired_mae_ratio,1.0,0.17351970257888266,0.17351970257888266,0.9999999999999997,1.0000000000000002,0.95,1.7119608479839258e-16,999,999,999,0,,common_complete_parents_across_declared_methods_and_conditions
AR1,AbsoluteMoment,linear_plus_quadratic_0p5sd,absolute_error_inflation,0.019269978625955947,0.17351970257888266,0.1927896812048386,-0.014390509301010197,0.05102108741122633,0.95,0.016843049686466643,999,999,999,0,,common_complete_parents_across_declared_methods_and_conditions
AR1,AbsoluteMoment,linear_plus_quadratic_0p5sd,paired_mae_ratio,1.111053548038418,0.17351970257888266,0.1927896812048386,0.9244503438470018,1.3172089698618146,0.95,0.10296338619532072,999,999,999,0,,common_complete_parents_across_declared_methods_and_conditions
AR1,AbsoluteMoment,linear_trend_0p5sd,absolute_error_inflation,0.07360808349851225,0.17351970257888266,0.2471277860773949,0.04692900934609234,0.1009249467656534,0.95,0.014344064843596122,999,999,999,0,,common_complete_parents_across_declared_methods_and_conditions
AR1,AbsoluteMoment,linear_trend_0p5sd,paired_mae_ratio,1.424205910939997,0.17351970257888266,0.2471277860773949,1.2462833286793367,1.6583398834098961,0.95,0.10574636504799943,999,999,999,0,,common_complete_parents_across_declared_methods_and_conditions
AR1,AbsoluteMoment,midpoint_step_1sd,absolute_error_inflation,0.0927639320866514,0.17351970257888266,0.26628363466553406,0.06592920105308689,0.12157341605610375,0.95,0.014574219650340309,999,999,999,0,,common_complete_parents_across_declared_methods_and_conditions
AR1,AbsoluteMoment,midpoint_step_1sd,paired_mae_ratio,1.5346017236542957,0.17351970257888266,0.26628363466553406,1.349324060228964,1.7774186180449647,0.95,0.11236932256506962,999,999,999,0,,common_complete_parents_across_declared_methods_and_conditions
AR1,AbsoluteMoment,t3_realized_sd_0p5,absolute_error_inflation,0.008378090766307467,0.17351970257888266,0.18189779334519013,-0.004588397068138369,0.022816619206021727,0.95,0.007159954661483433,999,999,999,0,,common_complete_parents_across_declared_methods_and_conditions
AR1,AbsoluteMoment,t3_realized_sd_0p5,paired_mae_ratio,1.048283224566379,0.17351970257888266,0.18189779334519013,0.9738717793626429,1.1380835556171878,0.95,0.042052601825058586,999,999,999,0,,common_complete_parents_across_declared_methods_and_conditions
AR1,AbsoluteMoment,t5_realized_sd_0p5,absolute_error_inflation,0.0042421675653617485,0.17351970257888266,0.1777618701442444,-0.0072607772729928795,0.016833378969280072,0.95,0.006387593584704464,999,999,999,0,,common_complete_parents_across_declared_methods_and_conditions
AR1,AbsoluteMoment,t5_realized_sd_0p5,paired_mae_ratio,1.024447757242053,0.17351970257888266,0.1777618701442444,0.9598394454053188,1.0987950060118692,0.95,0.03732456323842871,999,999,999,0,,common_complete_parents_across_declared_methods_and_conditions
AR1,DFA::balanced_scales,additive_outliers_1pct_8sd,absolute_error_inflation,-0.09699854250412393,0.5246673945743808,0.4276688520702569,-0.10348307006279402,-0.09057172891754246,0.95,0.003377691475336222,999,999,999,0,,common_complete_parents_across_declared_methods_and_conditions
AR1,DFA::balanced_scales,additive_outliers_1pct_8sd,paired_mae_ratio,0.8151237460013866,0.5246673945743808,0.4276688520702569,0.8038437401231018,0.8253400727604567,0.95,0.005835933094966316,999,999,999,0,,common_complete_parents_across_declared_methods_and_conditions
AR1,DFA::balanced_scales,constant_offset_1sd,absolute_error_inflation,0.0,0.5246673945743808,0.5246673945743808,-1.1102230246251565e-16,1.1102230246251565e-16,0.95,5.462944646074209e-17,999,999,999,0,,common_complete_parents_across_declared_methods_and_conditions
AR1,DFA::balanced_scales,constant_offset_1sd,paired_mae_ratio,1.0,0.5246673945743808,0.5246673945743808,0.9999999999999998,1.0000000000000002,0.95,1.1398634524967075e-16,999,999,999,0,,common_complete_parents_across_declared_methods_and_conditions
AR1,DFA::balanced_scales,linear_plus_quadratic_0p5sd,absolute_error_inflation,0.010449630054341519,0.5246673945743808,0.5351170246287223,0.006328445528407507,0.014663925883620565,0.95,0.002161603188920687,999,999,999,0,,common_complete_parents_across_declared_methods_and_conditions
AR1,DFA::balanced_scales,linear_plus_quadratic_0p5sd,paired_mae_ratio,1.0199166751401016,0.5246673945743808,0.5351170246287223,1.0120630335263454,1.0281803555004734,0.95,0.00416652478362447,999,999,999,0,,common_complete_parents_across_declared_methods_and_conditions
AR1,DFA::balanced_scales,linear_trend_0p5sd,absolute_error_inflation,0.011815824342542025,0.5246673945743808,0.5364832189169229,0.007771837459304943,0.015918850028000274,0.95,0.002023592649598647,999,999,999,0,,common_complete_parents_across_declared_methods_and_conditions
AR1,DFA::balanced_scales,linear_trend_0p5sd,paired_mae_ratio,1.0225205996498548,0.5246673945743808,0.5364832189169229,1.0149601119395848,1.0305297958253155,0.95,0.003916680052622069,999,999,999,0,,common_complete_parents_across_declared_methods_and_conditions
AR1,DFA::balanced_scales,midpoint_step_1sd,absolute_error_inflation,0.022735388157387848,0.5246673945743808,0.5474027827317687,0.017056956870627867,0.028641870826306228,0.95,0.002893912036365452,999,999,999,0,,common_complete_parents_across_declared_methods_and_conditions
AR1,DFA::balanced_scales,midpoint_step_1sd,paired_mae_ratio,1.0433329541581886,0.5246673945743808,0.5474027827317687,1.0323233485687053,1.054870063852613,0.95,0.005646135996391857,999,999,999,0,,common_complete_parents_across_declared_methods_and_conditions
AR1,DFA::balanced_scales,t3_realized_sd_0p5,absolute_error_inflation,-0.04807090670420211,0.5246673945743808,0.4765964878701787,-0.052155081467634465,-0.04413338771195695,0.95,0.0020888302678363497,999,999,999,0,,common_complete_parents_across_declared_methods_and_conditions
AR1,DFA::balanced_scales,t3_realized_sd_0p5,paired_mae_ratio,0.9083783227215824,0.5246673945743808,0.4765964878701787,0.9011146317496166,0.9154495708905845,0.95,0.003728348934626935,999,999,999,0,,common_complete_parents_across_declared_methods_and_conditions
AR1,DFA::balanced_scales,t5_realized_sd_0p5,absolute_error_inflation,-0.04833927264957161,0.5246673945743808,0.4763281219248092,-0.05228879212165186,-0.04411652055356277,0.95,0.0021248773634406997,999,999,999,0,,common_complete_parents_across_declared_methods_and_conditions
AR1,DFA::balanced_scales,t5_realized_sd_0p5,paired_mae_ratio,0.9078668254413156,0.5246673945743808,0.4763281219248092,0.9007110081073276,0.9152514701185753,0.95,0.0037137267177654643,999,999,999,0,,common_complete_parents_across_declared_methods_and_conditions
AR1,DFA::long_scales,additive_outliers_1pct_8sd,absolute_error_inflation,-0.06113414743713369,0.4427118917732593,0.3815777443361256,-0.06779348548048693,-0.05477229345366244,0.95,0.003428953534351488,999,999,999,0,,common_complete_parents_across_declared_methods_and_conditions
AR1,DFA::long_scales,additive_outliers_1pct_8sd,paired_mae_ratio,0.8619098592715365,0.4427118917732593,0.3815777443361256,0.8483752536022553,0.8754905374213557,0.95,0.006929877555201535,999,999,999,0,,common_complete_parents_across_declared_methods_and_conditions
AR1,DFA::long_scales,constant_offset_1sd,absolute_error_inflation,0.0,0.4427118917732593,0.4427118917732593,-1.1102230246251565e-16,5.551115123125783e-17,0.95,5.2915440587364075e-17,999,999,999,0,,common_complete_parents_across_declared_methods_and_conditions
AR1,DFA::long_scales,constant_offset_1sd,paired_mae_ratio,1.0,0.4427118917732593,0.4427118917732593,0.9999999999999998,1.0000000000000002,0.95,1.2632119224964558e-16,999,999,999,0,,common_complete_parents_across_declared_methods_and_conditions
AR1,DFA::long_scales,linear_plus_quadratic_0p5sd,absolute_error_inflation,0.025079761884914176,0.4427118917732593,0.4677916536581735,0.018071513327586757,0.032182037649762595,0.95,0.003600228348066279,999,999,999,0,,common_complete_parents_across_declared_methods_and_conditions
AR1,DFA::long_scales,linear_plus_quadratic_0p5sd,paired_mae_ratio,1.056650300908924,0.4427118917732593,0.4677916536581735,1.0403144411388576,1.0731316290336241,0.95,0.008443023926048959,999,999,999,0,,common_complete_parents_across_declared_methods_and_conditions
AR1,DFA::long_scales,linear_trend_0p5sd,absolute_error_inflation,0.026773260089544948,0.4427118917732593,0.46948515186280426,0.019366543017003385,0.03465444424676675,0.95,0.0039024464749960203,999,999,999,0,,common_complete_parents_across_declared_methods_and_conditions
AR1,DFA::long_scales,linear_trend_0p5sd,paired_mae_ratio,1.0604755837533661,0.4427118917732593,0.46948515186280426,1.043193744881423,1.078536492872391,0.95,0.009248407332841503,999,999,999,0,,common_complete_parents_across_declared_methods_and_conditions
AR1,DFA::long_scales,midpoint_step_1sd,absolute_error_inflation,0.035533397795462385,0.4427118917732593,0.4782452895687217,0.027030370336848897,0.043652081948639836,0.95,0.004275730858309185,999,999,999,0,,common_complete_parents_across_declared_methods_and_conditions
AR1,DFA::long_scales,midpoint_step_1sd,paired_mae_ratio,1.0802630298751073,0.4427118917732593,0.4782452895687217,1.060400860518244,1.0999991164343266,0.95,0.010122845866666253,999,999,999,0,,common_complete_parents_across_declared_methods_and_conditions
AR1,DFA::long_scales,t3_realized_sd_0p5,absolute_error_inflation,-0.026877460483021753,0.4427118917732593,0.41583443129023756,-0.03086709484085765,-0.022991017054120714,0.95,0.0020330982125807925,999,999,999,0,,common_complete_parents_across_declared_methods_and_conditions
AR1,DFA::long_scales,t3_realized_sd_0p5,paired_mae_ratio,0.9392890478379393,0.4427118917732593,0.41583443129023756,0.9305236050267586,0.9480534164986055,0.95,0.0044347728777115285,999,999,999,0,,common_complete_parents_across_declared_methods_and_conditions
AR1,DFA::long_scales,t5_realized_sd_0p5,absolute_error_inflation,-0.02861225176794535,0.4427118917732593,0.41409964000531396,-0.03271754282671753,-0.024857419907894803,0.95,0.002027011891759621,999,999,999,0,,common_complete_parents_across_declared_methods_and_conditions
AR1,DFA::long_scales,t5_realized_sd_0p5,paired_mae_ratio,0.935370491961848,0.4427118917732593,0.41409964000531396,0.9266830976914414,0.9436852798679236,0.95,0.004403509972296336,999,999,999,0,,common_complete_parents_across_declared_methods_and_conditions
AR1,DFA::short_scales,additive_outliers_1pct_8sd,absolute_error_inflation,-0.15934496819267346,0.6084168911508043,0.44907192295813086,-0.16620790836306465,-0.15248306158567024,0.95,0.0035994758473324633,999,999,999,0,,common_complete_parents_across_declared_methods_and_conditions
AR1,DFA::short_scales,additive_outliers_1pct_8sd,paired_mae_ratio,0.7380990394739424,0.6084168911508043,0.44907192295813086,0.7276308689135166,0.7483696666064407,0.95,0.0053311615171699875,999,999,999,0,,common_complete_parents_across_declared_methods_and_conditions
AR1,DFA::short_scales,constant_offset_1sd,absolute_error_inflation,-1.1102230246251565e-16,0.6084168911508043,0.6084168911508042,-1.1102230246251565e-16,1.1102230246251565e-16,0.95,5.536502667385077e-17,999,999,999,0,,common_complete_parents_across_declared_methods_and_conditions
AR1,DFA::short_scales,constant_offset_1sd,paired_mae_ratio,0.9999999999999998,0.6084168911508043,0.6084168911508042,0.9999999999999998,1.0000000000000002,0.95,1.0979179058189546e-16,999,999,999,0,,common_complete_parents_across_declared_methods_and_conditions
AR1,DFA::short_scales,linear_plus_quadratic_0p5sd,absolute_error_inflation,0.0035607397692996035,0.6084168911508043,0.6119776309201039,0.0008595354385626087,0.006398211400500109,0.95,0.0013909550142632318,999,999,999,0,,common_complete_parents_across_declared_methods_and_conditions
AR1,DFA::short_scales,linear_plus_quadratic_0p5sd,paired_mae_ratio,1.0058524669861886,0.6084168911508043,0.6119776309201039,1.0014152306192723,1.0104359889492565,0.95,0.002280306328368078,999,999,999,0,,common_complete_parents_across_declared_methods_and_conditions
AR1,DFA::short_scales,linear_trend_0p5sd,absolute_error_inflation,0.0036755775610083363,0.6084168911508043,0.6120924687118127,0.001857835306789252,0.005501295709314579,0.95,0.0009400528684153739,999,999,999,0,,common_complete_parents_across_declared_methods_and_conditions
AR1,DFA::short_scales,linear_trend_0p5sd,paired_mae_ratio,1.006041215512699,0.6084168911508043,0.6120924687118127,1.0031009626938956,1.0090762783564837,0.95,0.0015434630883696167,999,999,999,0,,common_complete_parents_across_declared_methods_and_conditions
AR1,DFA::short_scales,midpoint_step_1sd,absolute_error_inflation,0.018327854024098866,0.6084168911508043,0.6267447451749032,0.013374414665920799,0.02328479502050733,0.95,0.0024456026650491684,999,999,999,0,,common_complete_parents_across_declared_methods_and_conditions
AR1,DFA::short_scales,midpoint_step_1sd,paired_mae_ratio,1.0301238415479101,0.6084168911508043,0.6267447451749032,1.0218326658732892,1.0384735181726952,0.95,0.0040543168261248114,999,999,999,0,,common_complete_parents_across_declared_methods_and_conditions
AR1,DFA::short_scales,t3_realized_sd_0p5,absolute_error_inflation,-0.08808752096922379,0.6084168911508043,0.5203293701815805,-0.09302565783522837,-0.08358032217223284,0.95,0.0024372162874578287,999,999,999,0,,common_complete_parents_across_declared_methods_and_conditions
AR1,DFA::short_scales,t3_realized_sd_0p5,paired_mae_ratio,0.8552184821782173,0.6084168911508043,0.5203293701815805,0.848095093892262,0.861874752530512,0.95,0.00367071142111465,999,999,999,0,,common_complete_parents_across_declared_methods_and_conditions
AR1,DFA::short_scales,t5_realized_sd_0p5,absolute_error_inflation,-0.08696879095589727,0.6084168911508043,0.5214481001949071,-0.09192698614657846,-0.08225052533120349,0.95,0.0024599693979529516,999,999,999,0,,common_complete_parents_across_declared_methods_and_conditions
AR1,DFA::short_scales,t5_realized_sd_0p5,paired_mae_ratio,0.8570572378564341,0.6084168911508043,0.5214481001949071,0.8499159648201139,0.8635994177745218,0.95,0.0035293822829756804,999,999,999,0,,common_complete_parents_across_declared_methods_and_conditions
AR1,DMA::balanced_windows,additive_outliers_1pct_8sd,absolute_error_inflation,-0.0064870674295168795,0.17952530125372362,0.17303823382420674,-0.011294204284432967,-0.001514847037571462,0.95,0.002431971120185094,999,999,999,0,,common_complete_parents_across_declared_methods_and_conditions
AR1,DMA::balanced_windows,additive_outliers_1pct_8sd,paired_mae_ratio,0.9638654418947405,0.17952530125372362,0.17303823382420674,0.937397929991672,0.9914520210083385,0.95,0.013475849758616465,999,999,999,0,,common_complete_parents_across_declared_methods_and_conditions
AR1,DMA::balanced_windows,constant_offset_1sd,absolute_error_inflation,0.0,0.17952530125372362,0.17952530125372362,-2.7755575615628914e-17,5.551115123125783e-17,0.95,2.0156685620329736e-17,999,999,999,0,,common_complete_parents_across_declared_methods_and_conditions
AR1,DMA::balanced_windows,constant_offset_1sd,paired_mae_ratio,1.0,0.17952530125372362,0.17952530125372362,0.9999999999999999,1.0000000000000002,0.95,1.2249915646331445e-16,999,999,999,0,,common_complete_parents_across_declared_methods_and_conditions
AR1,DMA::balanced_windows,linear_plus_quadratic_0p5sd,absolute_error_inflation,0.09415017216097482,0.17952530125372362,0.27367547341469844,0.0770639233410651,0.11224978673585632,0.95,0.009007424195797363,999,999,999,0,,common_complete_parents_across_declared_methods_and_conditions
AR1,DMA::balanced_windows,linear_plus_quadratic_0p5sd,paired_mae_ratio,1.5244395720462383,0.17952530125372362,0.27367547341469844,1.4092853485881343,1.6615418236159232,0.95,0.06562118845677314,999,999,999,0,,common_complete_parents_across_declared_methods_and_conditions
AR1,DMA::balanced_windows,linear_trend_0p5sd,absolute_error_inflation,0.07898249080506792,0.17952530125372362,0.25850779205879154,0.062312547827106386,0.0959736402562837,0.95,0.008806229682463015,999,999,999,0,,common_complete_parents_across_declared_methods_and_conditions
AR1,DMA::balanced_windows,linear_trend_0p5sd,paired_mae_ratio,1.4399518633501232,0.17952530125372362,0.25850779205879154,1.333226178781818,1.5719202202962357,0.95,0.06176097933452229,999,999,999,0,,common_complete_parents_across_declared_methods_and_conditions
AR1,DMA::balanced_windows,midpoint_step_1sd,absolute_error_inflation,0.11332653788996366,0.17952530125372362,0.2928518391436873,0.09459750562351617,0.1338710102276423,0.95,0.009967485452399878,999,999,999,0,,common_complete_parents_across_declared_methods_and_conditions
AR1,DMA::balanced_windows,midpoint_step_1sd,paired_mae_ratio,1.6312566368001742,0.17952530125372362,0.2928518391436873,1.5014902123999139,1.7932101697899467,0.95,0.07525378270215143,999,999,999,0,,common_complete_parents_across_declared_methods_and_conditions
AR1,DMA::balanced_windows,t3_realized_sd_0p5,absolute_error_inflation,-0.0014457228034173153,0.17952530125372362,0.1780795784503063,-0.004958472335581218,0.0019767740632217544,0.95,0.0017948022180512774,999,999,999,0,,common_complete_parents_across_declared_methods_and_conditions
AR1,DMA::balanced_windows,t3_realized_sd_0p5,paired_mae_ratio,0.9919469690716515,0.17952530125372362,0.1780795784503063,0.9719638949246441,1.0108762436328549,0.95,0.0100293548068122,999,999,999,0,,common_complete_parents_across_declared_methods_and_conditions
AR1,DMA::balanced_windows,t5_realized_sd_0p5,absolute_error_inflation,-0.003799104322670943,0.17952530125372362,0.17572619693105268,-0.0074016234269538685,0.00017528783527088706,0.95,0.0019269489478841645,999,999,999,0,,common_complete_parents_across_declared_methods_and_conditions
AR1,DMA::balanced_windows,t5_realized_sd_0p5,paired_mae_ratio,0.9788380562731842,0.17952530125372362,0.17572619693105268,0.9585780790435043,1.000977513541095,0.95,0.010635028930940225,999,999,999,0,,common_complete_parents_across_declared_methods_and_conditions
AR1,DMA::long_windows,additive_outliers_1pct_8sd,absolute_error_inflation,0.0018413380131946933,0.13622126436156373,0.13806260237475843,-0.004288276036011665,0.007878856538465916,0.95,0.003193035563696267,999,999,999,0,,common_complete_parents_across_declared_methods_and_conditions
AR1,DMA::long_windows,additive_outliers_1pct_8sd,paired_mae_ratio,1.0135172582769996,0.13622126436156373,0.13806260237475843,0.9693115297552827,1.0612788255860792,0.95,0.023875860276713613,999,999,999,0,,common_complete_parents_across_declared_methods_and_conditions
AR1,DMA::long_windows,constant_offset_1sd,absolute_error_inflation,0.0,0.13622126436156373,0.13622126436156373,-5.551115123125783e-17,5.551115123125783e-17,0.95,2.697512504601801e-17,999,999,999,0,,common_complete_parents_across_declared_methods_and_conditions
AR1,DMA::long_windows,constant_offset_1sd,paired_mae_ratio,1.0,0.13622126436156373,0.13622126436156373,0.9999999999999996,1.0000000000000004,0.95,2.1726526545864836e-16,999,999,999,0,,common_complete_parents_across_declared_methods_and_conditions
AR1,DMA::long_windows,linear_plus_quadratic_0p5sd,absolute_error_inflation,0.07314782131164921,0.13622126436156373,0.20936908567321294,0.053598673686844366,0.09273151169776388,0.95,0.010193951244608214,999,999,999,0,,common_complete_parents_across_declared_methods_and_conditions
AR1,DMA::long_windows,linear_plus_quadratic_0p5sd,paired_mae_ratio,1.536977994254241,0.13622126436156373,0.20936908567321294,1.3696592328340234,1.734150162290946,0.95,0.09600456743905926,999,999,999,0,,common_complete_parents_across_declared_methods_and_conditions
AR1,DMA::long_windows,linear_trend_0p5sd,absolute_error_inflation,0.06095481251521512,0.13622126436156373,0.19717607687677885,0.04220585965664424,0.07988162141004862,0.95,0.009897464150825357,999,999,999,0,,common_complete_parents_across_declared_methods_and_conditions
AR1,DMA::long_windows,linear_trend_0p5sd,paired_mae_ratio,1.4474691436824907,0.13622126436156373,0.19717607687677885,1.2902527468964264,1.6383779928031053,0.95,0.09098759383481797,999,999,999,0,,common_complete_parents_across_declared_methods_and_conditions
AR1,DMA::long_windows,midpoint_step_1sd,absolute_error_inflation,0.10418639635152216,0.13622126436156373,0.2404076607130859,0.08286423429129304,0.12476890219367341,0.95,0.010699056259217122,999,999,999,0,,common_complete_parents_across_declared_methods_and_conditions
AR1,DMA::long_windows,midpoint_step_1sd,paired_mae_ratio,1.7648321048833213,0.13622126436156373,0.2404076607130859,1.5768933868426722,2.0014439294590733,0.95,0.11222942983677288,999,999,999,0,,common_complete_parents_across_declared_methods_and_conditions
AR1,DMA::long_windows,t3_realized_sd_0p5,absolute_error_inflation,0.00234398994227758,0.13622126436156373,0.1385652543038413,-0.0019229050381217522,0.006291631289538111,0.95,0.0021532007185804084,999,999,999,0,,common_complete_parents_across_declared_methods_and_conditions
AR1,DMA::long_windows,t3_realized_sd_0p5,paired_mae_ratio,1.0172072249752144,0.13622126436156373,0.1385652543038413,0.9850557362290442,1.0481672509539417,0.95,0.01605736127943761,999,999,999,0,,common_complete_parents_across_declared_methods_and_conditions
AR1,DMA::long_windows,t5_realized_sd_0p5,absolute_error_inflation,-0.0007477608048736539,0.13622126436156373,0.13547350355669008,-0.0051493534839839985,0.0037859429180562305,0.95,0.0023426647754637405,999,999,999,0,,common_complete_parents_across_declared_methods_and_conditions
AR1,DMA::long_windows,t5_realized_sd_0p5,paired_mae_ratio,0.994510689587428,0.13622126436156373,0.13547350355669008,0.9621675860024737,1.0285359390807922,0.95,0.017281637656727005,999,999,999,0,,common_complete_parents_across_declared_methods_and_conditions
AR1,DMA::short_windows,additive_outliers_1pct_8sd,absolute_error_inflation,-0.0150270922234301,0.2538507799422668,0.2388236877188367,-0.018876985135431058,-0.01105883160402144,0.95,0.0020404484628913856,999,999,999,0,,common_complete_parents_across_declared_methods_and_conditions
AR1,DMA::short_windows,additive_outliers_1pct_8sd,paired_mae_ratio,0.940803442767252,0.2538507799422668,0.2388236877188367,0.925083568715991,0.9559959304523635,0.95,0.00789666158352826,999,999,999,0,,common_complete_parents_across_declared_methods_and_conditions
AR1,DMA::short_windows,constant_offset_1sd,absolute_error_inflation,0.0,0.2538507799422668,0.2538507799422668,-5.551115123125783e-17,1.1102230246251565e-16,0.95,3.906420198352157e-17,999,999,999,0,,common_complete_parents_across_declared_methods_and_conditions
AR1,DMA::short_windows,constant_offset_1sd,paired_mae_ratio,1.0,0.2538507799422668,0.2538507799422668,0.9999999999999998,1.0000000000000004,0.95,1.6386067103869906e-16,999,999,999,0,,common_complete_parents_across_declared_methods_and_conditions
AR1,DMA::short_windows,linear_plus_quadratic_0p5sd,absolute_error_inflation,0.08355111901186574,0.2538507799422668,0.33740189895413253,0.06964661447772771,0.0975595838690796,0.95,0.007105905284608156,999,999,999,0,,common_complete_parents_across_declared_methods_and_conditions
AR1,DMA::short_windows,linear_plus_quadratic_0p5sd,paired_mae_ratio,1.3291347737078758,0.2538507799422668,0.33740189895413253,1.2650705130513427,1.3995543654368912,0.95,0.033894337018605204,999,999,999,0,,common_complete_parents_across_declared_methods_and_conditions
AR1,DMA::short_windows,linear_trend_0p5sd,absolute_error_inflation,0.0717311134547291,0.2538507799422668,0.3255818933969959,0.057141831325569235,0.08619340263762523,0.95,0.007362688402136247,999,999,999,0,,common_complete_parents_across_declared_methods_and_conditions
AR1,DMA::short_windows,linear_trend_0p5sd,paired_mae_ratio,1.282571964013831,0.2538507799422668,0.3255818933969959,1.2210816258222115,1.3522232390287867,0.95,0.03390009231238962,999,999,999,0,,common_complete_parents_across_declared_methods_and_conditions
AR1,DMA::short_windows,midpoint_step_1sd,absolute_error_inflation,0.09342309550933181,0.2538507799422668,0.3472738754515986,0.07874865804501144,0.10874435451755982,0.95,0.007670885480225483,999,999,999,0,,common_complete_parents_across_declared_methods_and_conditions
AR1,DMA::short_windows,midpoint_step_1sd,paired_mae_ratio,1.3680236693800152,0.2538507799422668,0.3472738754515986,1.300318048862476,1.4441107872566594,0.95,0.03681779540564204,999,999,999,0,,common_complete_parents_across_declared_methods_and_conditions
AR1,DMA::short_windows,t3_realized_sd_0p5,absolute_error_inflation,-0.004464406585650282,0.2538507799422668,0.2493863733566165,-0.007229814443257687,-0.001875268842011419,0.95,0.0013744385086654075,999,999,999,0,,common_complete_parents_across_declared_methods_and_conditions
AR1,DMA::short_windows,t3_realized_sd_0p5,paired_mae_ratio,0.9824132642544348,0.2538507799422668,0.2493863733566165,0.9714847209209252,0.9927326422740195,0.95,0.005424253889487459,999,999,999,0,,common_complete_parents_across_declared_methods_and_conditions
AR1,DMA::short_windows,t5_realized_sd_0p5,absolute_error_inflation,-0.007545879610288242,0.2538507799422668,0.24630490033197855,-0.010569310634975775,-0.004293270154136457,0.95,0.0015981100974671,999,999,999,0,,common_complete_parents_across_declared_methods_and_conditions
AR1,DMA::short_windows,t5_realized_sd_0p5,paired_mae_ratio,0.9702743493165379,0.2538507799422668,0.24630490033197855,0.9588201766414537,0.9829091874520326,0.95,0.006184478683881404,999,999,999,0,,common_complete_parents_across_declared_methods_and_conditions
AR1,GHE,additive_outliers_1pct_8sd,absolute_error_inflation,-0.016150654066654224,0.3257653099972176,0.30961465593056336,-0.019301628297362282,-0.012809532002872515,0.95,0.0016514528515937483,999,999,999,0,,common_complete_parents_across_declared_methods_and_conditions
AR1,GHE,additive_outliers_1pct_8sd,paired_mae_ratio,0.9504224250679356,0.3257653099972176,0.30961465593056336,0.9409098532140665,0.9602520513149041,0.95,0.004982588550896125,999,999,999,0,,common_complete_parents_across_declared_methods_and_conditions
AR1,GHE,constant_offset_1sd,absolute_error_inflation,0.13421752081750066,0.3257653099972176,0.45998283081471825,0.12493986268513721,0.1438196428155846,0.95,0.005005500155838574,999,999,999,0,,common_complete_parents_across_declared_methods_and_conditions
AR1,GHE,constant_offset_1sd,paired_mae_ratio,1.4120067935368779,0.3257653099972176,0.45998283081471825,1.375113497925156,1.4506746159557786,0.95,0.0205557190515845,999,999,999,0,,common_complete_parents_across_declared_methods_and_conditions
AR1,GHE,linear_plus_quadratic_0p5sd,absolute_error_inflation,0.042985489468315985,0.3257653099972176,0.3687507994655336,0.034354031484763924,0.05230545772274929,0.95,0.004536745660073014,999,999,999,0,,common_complete_parents_across_declared_methods_and_conditions
AR1,GHE,linear_plus_quadratic_0p5sd,paired_mae_ratio,1.131952323188381,0.3257653099972176,0.3687507994655336,1.1044333089805307,1.1636196443525342,0.95,0.015126081913467595,999,999,999,0,,common_complete_parents_across_declared_methods_and_conditions
AR1,GHE,linear_trend_0p5sd,absolute_error_inflation,0.045478961925702,0.3257653099972176,0.3712442719229196,0.037072606327239854,0.05450688874718483,0.95,0.004435271365123814,999,999,999,0,,common_complete_parents_across_declared_methods_and_conditions
AR1,GHE,linear_trend_0p5sd,paired_mae_ratio,1.139606522026825,0.3257653099972176,0.3712442719229196,1.1116751217452785,1.1707511886794157,0.95,0.014938544049597992,999,999,999,0,,common_complete_parents_across_declared_methods_and_conditions
AR1,GHE,midpoint_step_1sd,absolute_error_inflation,0.08572821461485519,0.3257653099972176,0.4114935246120728,0.07752607428452174,0.09449584655816916,0.95,0.004313049538101237,999,999,999,0,,common_complete_parents_across_declared_methods_and_conditions
AR1,GHE,midpoint_step_1sd,paired_mae_ratio,1.2631594340587935,0.3257653099972176,0.4114935246120728,1.2330832810423427,1.2957052754618974,0.95,0.016194534782386756,999,999,999,0,,common_complete_parents_across_declared_methods_and_conditions
AR1,GHE,t3_realized_sd_0p5,absolute_error_inflation,-0.015015400948999058,0.3257653099972176,0.31074990904821853,-0.017032575956472666,-0.012828302158879631,0.95,0.0010627885038495,999,999,999,0,,common_complete_parents_across_declared_methods_and_conditions
AR1,GHE,t3_realized_sd_0p5,paired_mae_ratio,0.9539073053876507,0.3257653099972176,0.31074990904821853,0.9477411103370799,0.9606564507945025,0.95,0.0032676046045086284,999,999,999,0,,common_complete_parents_across_declared_methods_and_conditions
AR1,GHE,t5_realized_sd_0p5,absolute_error_inflation,-0.018244742592890384,0.3257653099972176,0.3075205674043272,-0.020297004612684407,-0.016214673455516703,0.95,0.0010805573587818033,999,999,999,0,,common_complete_parents_across_declared_methods_and_conditions
AR1,GHE,t5_realized_sd_0p5,paired_mae_ratio,0.9439942129103733,0.3257653099972176,0.3075205674043272,0.9378218779274512,0.9503025654392329,0.95,0.003274633554831519,999,999,999,0,,common_complete_parents_across_declared_methods_and_conditions
AR1,GHE::centered,additive_outliers_1pct_8sd,absolute_error_inflation,-0.01642644182307479,0.3120069684365815,0.2955805266135067,-0.01955416979513332,-0.013194011148696798,0.95,0.0016564940574351741,999,999,999,0,,common_complete_parents_across_declared_methods_and_conditions
AR1,GHE::centered,additive_outliers_1pct_8sd,paired_mae_ratio,0.9473523238747354,0.3120069684365815,0.2955805266135067,0.9372985249040271,0.9574729021687289,0.95,0.0052299099485087425,999,999,999,0,,common_complete_parents_across_declared_methods_and_conditions
AR1,GHE::centered,constant_offset_1sd,absolute_error_inflation,0.0,0.3120069684365815,0.3120069684365815,-5.551115123125783e-17,5.551115123125783e-17,0.95,3.6095807860622056e-17,999,999,999,0,,common_complete_parents_across_declared_methods_and_conditions
AR1,GHE::centered,constant_offset_1sd,paired_mae_ratio,1.0,0.3120069684365815,0.3120069684365815,0.9999999999999998,1.0000000000000002,0.95,1.4219008010094945e-16,999,999,999,0,,common_complete_parents_across_declared_methods_and_conditions
AR1,GHE::centered,linear_plus_quadratic_0p5sd,absolute_error_inflation,0.050621467177344004,0.3120069684365815,0.3626284356139255,0.04213962694371232,0.05999181011856232,0.95,0.004489989267458737,999,999,999,0,,common_complete_parents_across_declared_methods_and_conditions
AR1,GHE::centered,linear_plus_quadratic_0p5sd,paired_mae_ratio,1.162244668543784,0.3120069684365815,0.3626284356139255,1.133587822772746,1.1952573312874195,0.95,0.015852662418591356,999,999,999,0,,common_complete_parents_across_declared_methods_and_conditions
AR1,GHE::centered,linear_trend_0p5sd,absolute_error_inflation,0.052122364897572104,0.3120069684365815,0.3641293333341536,0.04316085477641619,0.061508175729547,0.95,0.004668824776640814,999,999,999,0,,common_complete_parents_across_declared_methods_and_conditions
AR1,GHE::centered,linear_trend_0p5sd,paired_mae_ratio,1.167055130719513,0.3120069684365815,0.3641293333341536,1.137250951614643,1.20135572138353,0.95,0.01652463875658035,999,999,999,0,,common_complete_parents_across_declared_methods_and_conditions
AR1,GHE::centered,midpoint_step_1sd,absolute_error_inflation,0.06397498041637406,0.3120069684365815,0.37598194885295555,0.05398151635282817,0.07466642318245313,0.95,0.005259920868457314,999,999,999,0,,common_complete_parents_across_declared_methods_and_conditions
AR1,GHE::centered,midpoint_step_1sd,paired_mae_ratio,1.2050434345647558,0.3120069684365815,0.37598194885295555,1.1712819891648039,1.2432281778612975,0.95,0.018766628568846137,999,999,999,0,,common_complete_parents_across_declared_methods_and_conditions
AR1,GHE::centered,t3_realized_sd_0p5,absolute_error_inflation,-0.0162962726266091,0.3120069684365815,0.2957106958099724,-0.018347219723130404,-0.01413534310613655,0.95,0.0010448028689048052,999,999,999,0,,common_complete_parents_across_declared_methods_and_conditions
AR1,GHE::centered,t3_realized_sd_0p5,paired_mae_ratio,0.947769523519724,0.3120069684365815,0.2957106958099724,0.9413458713748976,0.954403368358195,0.95,0.0033894924704592454,999,999,999,0,,common_complete_parents_across_declared_methods_and_conditions
AR1,GHE::centered,t5_realized_sd_0p5,absolute_error_inflation,-0.01847980858227083,0.3120069684365815,0.29352715985431066,-0.02043907408250131,-0.016520436528800527,0.95,0.0010025066786902058,999,999,999,0,,common_complete_parents_across_declared_methods_and_conditions
AR1,GHE::centered,t5_realized_sd_0p5,paired_mae_ratio,0.9407711671477395,0.3120069684365815,0.29352715985431066,0.9343310458823321,0.9469465774942515,0.95,0.0031731124869467833,999,999,999,0,,common_complete_parents_across_declared_methods_and_conditions
AR1,GPH::narrow_band,additive_outliers_1pct_8sd,absolute_error_inflation,-0.05655165051174171,0.46204518573549647,0.40549353522375475,-0.07141928752478542,-0.04064029816058966,0.95,0.007854140628612677,999,999,999,0,,common_complete_parents_across_declared_methods_and_conditions
AR1,GPH::narrow_band,additive_outliers_1pct_8sd,paired_mae_ratio,0.8776058007795899,0.46204518573549647,0.40549353522375475,0.8465875927646866,0.9099288870362404,0.95,0.016427295461480508,999,999,999,0,,common_complete_parents_across_declared_methods_and_conditions
AR1,GPH::narrow_band,constant_offset_1sd,absolute_error_inflation,-5.551115123125783e-17,0.46204518573549647,0.4620451857354964,-1.1102230246251565e-16,1.1102230246251565e-16,0.95,5.615732057091765e-17,999,999,999,0,,common_complete_parents_across_declared_methods_and_conditions
AR1,GPH::narrow_band,constant_offset_1sd,paired_mae_ratio,0.9999999999999999,0.46204518573549647,0.4620451857354964,0.9999999999999998,1.0000000000000002,0.95,1.364726516506777e-16,999,999,999,0,,common_complete_parents_across_declared_methods_and_conditions
AR1,GPH::narrow_band,linear_plus_quadratic_0p5sd,absolute_error_inflation,0.09684139945327797,0.46204518573549647,0.5588865851887744,0.07774599465731388,0.1176786594709759,0.95,0.010428189258123123,999,999,999,0,,common_complete_parents_across_declared_methods_and_conditions
AR1,GPH::narrow_band,linear_plus_quadratic_0p5sd,paired_mae_ratio,1.209592919573706,0.46204518573549647,0.5588865851887744,1.164398381822957,1.2632602358691054,0.95,0.02500989715674283,999,999,999,0,,common_complete_parents_across_declared_methods_and_conditions
AR1,GPH::narrow_band,linear_trend_0p5sd,absolute_error_inflation,0.10414570388678446,0.46204518573549647,0.5661908896222809,0.08617365035037741,0.12473499390115075,0.95,0.009794893946058614,999,999,999,0,,common_complete_parents_across_declared_methods_and_conditions
AR1,GPH::narrow_band,linear_trend_0p5sd,paired_mae_ratio,1.2254015561724823,0.46204518573549647,0.5661908896222809,1.1824224790180546,1.2781082805855803,0.95,0.024185611843342683,999,999,999,0,,common_complete_parents_across_declared_methods_and_conditions
AR1,GPH::narrow_band,midpoint_step_1sd,absolute_error_inflation,0.10002082706817783,0.46204518573549647,0.5620660128036743,0.08196890822163959,0.12016459068488095,0.95,0.009659105768379545,999,999,999,0,,common_complete_parents_across_declared_methods_and_conditions
AR1,GPH::narrow_band,midpoint_step_1sd,paired_mae_ratio,1.2164741245143846,0.46204518573549647,0.5620660128036743,1.1728158916275804,1.2697078937437292,0.95,0.023833319614656935,999,999,999,0,,common_complete_parents_across_declared_methods_and_conditions
AR1,GPH::narrow_band,t3_realized_sd_0p5,absolute_error_inflation,-0.023862161576963414,0.46204518573549647,0.43818302415853305,-0.03426363081954245,-0.012934796906168186,0.95,0.005452083743730739,999,999,999,0,,common_complete_parents_across_declared_methods_and_conditions
AR1,GPH::narrow_band,t3_realized_sd_0p5,paired_mae_ratio,0.94835535070238,0.46204518573549647,0.43818302415853305,0.9264606772999433,0.9715450620589963,0.95,0.011535088016513002,999,999,999,0,,common_complete_parents_across_declared_methods_and_conditions
AR1,GPH::narrow_band,t5_realized_sd_0p5,absolute_error_inflation,-0.028293605717145176,0.46204518573549647,0.4337515800183513,-0.03939224498132872,-0.017488528974084556,0.95,0.005498289683614764,999,999,999,0,,common_complete_parents_across_declared_methods_and_conditions
AR1,GPH::narrow_band,t5_realized_sd_0p5,paired_mae_ratio,0.9387644183066065,0.46204518573549647,0.4337515800183513,0.9150965491038932,0.9611722763578617,0.95,0.011646690130457278,999,999,999,0,,common_complete_parents_across_declared_methods_and_conditions
AR1,GPH::wider_band,additive_outliers_1pct_8sd,absolute_error_inflation,-0.15539227556866247,0.6024040701740255,0.44701179460536306,-0.16812598433414067,-0.14257425866082057,0.95,0.006524610235945642,999,999,999,0,,common_complete_parents_across_declared_methods_and_conditions
AR1,GPH::wider_band,additive_outliers_1pct_8sd,paired_mae_ratio,0.7420464381594036,0.6024040701740255,0.44701179460536306,0.7242801152688444,0.7591701632674357,0.95,0.008956443590954478,999,999,999,0,,common_complete_parents_across_declared_methods_and_conditions
AR1,GPH::wider_band,constant_offset_1sd,absolute_error_inflation,1.1102230246251565e-16,0.6024040701740255,0.6024040701740256,-1.1102230246251565e-16,1.1102230246251565e-16,0.95,6.13455567584278e-17,999,999,999,0,,common_complete_parents_across_declared_methods_and_conditions
AR1,GPH::wider_band,constant_offset_1sd,paired_mae_ratio,1.0000000000000002,0.6024040701740255,0.6024040701740256,0.9999999999999998,1.0000000000000002,0.95,1.215375700274364e-16,999,999,999,0,,common_complete_parents_across_declared_methods_and_conditions
AR1,GPH::wider_band,linear_plus_quadratic_0p5sd,absolute_error_inflation,0.05602136727859086,0.6024040701740255,0.6584254374526164,0.043057059836673274,0.06900253771085726,0.95,0.006612991397714912,999,999,999,0,,common_complete_parents_across_declared_methods_and_conditions
AR1,GPH::wider_band,linear_plus_quadratic_0p5sd,paired_mae_ratio,1.0929963292950646,0.6024040701740255,0.6584254374526164,1.0702376191125702,1.1162613931725653,0.95,0.011552121940205228,999,999,999,0,,common_complete_parents_across_declared_methods_and_conditions
AR1,GPH::wider_band,linear_trend_0p5sd,absolute_error_inflation,0.06151546269977659,0.6024040701740255,0.6639195328738021,0.049074934566227725,0.07380652790630587,0.95,0.006412962740232087,999,999,999,0,,common_complete_parents_across_declared_methods_and_conditions
AR1,GPH::wider_band,linear_trend_0p5sd,paired_mae_ratio,1.1021166119976675,0.6024040701740255,0.6639195328738021,1.0801763049717654,1.1241222793521433,0.95,0.01134717339263582,999,999,999,0,,common_complete_parents_across_declared_methods_and_conditions
AR1,GPH::wider_band,midpoint_step_1sd,absolute_error_inflation,0.05942607102011166,0.6024040701740255,0.6618301411941372,0.04810647183066148,0.07130563429669595,0.95,0.005967300137465653,999,999,999,0,,common_complete_parents_across_declared_methods_and_conditions
AR1,GPH::wider_band,midpoint_step_1sd,paired_mae_ratio,1.0986481897490241,0.6024040701740255,0.6618301411941372,1.0789232292857318,1.1192998563939789,0.95,0.010594209053470903,999,999,999,0,,common_complete_parents_across_declared_methods_and_conditions
AR1,GPH::wider_band,t3_realized_sd_0p5,absolute_error_inflation,-0.08778169871988195,0.6024040701740255,0.5146223714541436,-0.0981547108092537,-0.0777267594441754,0.95,0.005379903813693942,999,999,999,0,,common_complete_parents_across_declared_methods_and_conditions
AR1,GPH::wider_band,t3_realized_sd_0p5,paired_mae_ratio,0.8542810331701061,0.6024040701740255,0.5146223714541436,0.838167933900173,0.8684716954264368,0.95,0.008104785763533382,999,999,999,0,,common_complete_parents_across_declared_methods_and_conditions
AR1,GPH::wider_band,t5_realized_sd_0p5,absolute_error_inflation,-0.0823647992861164,0.6024040701740255,0.5200392708879091,-0.09364040247996479,-0.07072458166781959,0.95,0.0056386767901710965,999,999,999,0,,common_complete_parents_across_declared_methods_and_conditions
AR1,GPH::wider_band,t5_realized_sd_0p5,paired_mae_ratio,0.8632731693490676,0.6024040701740255,0.5200392708879091,0.846078995769006,0.8804814033361591,0.95,0.008405686573227758,999,999,999,0,,common_complete_parents_across_declared_methods_and_conditions
AR1,Higuchi,additive_outliers_1pct_8sd,absolute_error_inflation,-0.017114101013813166,0.34396459661049394,0.3268504955966808,-0.02018982851571416,-0.013933492937091611,0.95,0.0016157377430743175,999,999,999,0,,common_complete_parents_across_declared_methods_and_conditions
AR1,Higuchi,additive_outliers_1pct_8sd,paired_mae_ratio,0.9502445856856797,0.34396459661049394,0.3268504955966808,0.9416468021374272,0.9594527071366186,0.95,0.004653226811819941,999,999,999,0,,common_complete_parents_across_declared_methods_and_conditions
AR1,Higuchi,constant_offset_1sd,absolute_error_inflation,0.1155483091327345,0.34396459661049394,0.45951290574322845,0.10720949289710915,0.1237481048392559,0.95,0.004382356596544738,999,999,999,0,,common_complete_parents_across_declared_methods_and_conditions
AR1,Higuchi,constant_offset_1sd,paired_mae_ratio,1.3359308204140021,0.34396459661049394,0.45951290574322845,1.3054645904771514,1.367063165038829,0.95,0.01632837161211406,999,999,999,0,,common_complete_parents_across_declared_methods_and_conditions
AR1,Higuchi,linear_plus_quadratic_0p5sd,absolute_error_inflation,0.037126689715495265,0.34396459661049394,0.3810912863259892,0.030035078423111292,0.044994723483009744,0.95,0.0038513431644240856,999,999,999,0,,common_complete_parents_across_declared_methods_and_conditions
AR1,Higuchi,linear_plus_quadratic_0p5sd,paired_mae_ratio,1.1079375321802016,0.34396459661049394,0.3810912863259892,1.0862626414850582,1.133764167819408,0.95,0.012051493159269323,999,999,999,0,,common_complete_parents_across_declared_methods_and_conditions
AR1,Higuchi,linear_trend_0p5sd,absolute_error_inflation,0.0385623178557753,0.34396459661049394,0.38252691446626924,0.031599391206713595,0.04662317711244394,0.95,0.003903317269377978,999,999,999,0,,common_complete_parents_across_declared_methods_and_conditions
AR1,Higuchi,linear_trend_0p5sd,paired_mae_ratio,1.1121112993481808,0.34396459661049394,0.38252691446626924,1.0908837202515684,1.1376645172558362,0.95,0.012251912027271472,999,999,999,0,,common_complete_parents_across_declared_methods_and_conditions
AR1,Higuchi,midpoint_step_1sd,absolute_error_inflation,0.07364694509471154,0.34396459661049394,0.4176115417052055,0.06708585951400665,0.0810236518368892,0.95,0.003689504186634404,999,999,999,0,,common_complete_parents_across_declared_methods_and_conditions
AR1,Higuchi,midpoint_step_1sd,paired_mae_ratio,1.214111992398187,0.34396459661049394,0.4176115417052055,1.1913906514557433,1.239710258933042,0.95,0.012795579955242638,999,999,999,0,,common_complete_parents_across_declared_methods_and_conditions
AR1,Higuchi,t3_realized_sd_0p5,absolute_error_inflation,-0.016302150998202092,0.34396459661049394,0.32766244561229185,-0.018488527364110486,-0.013950424216097096,0.95,0.0011626035093722706,999,999,999,0,,common_complete_parents_across_declared_methods_and_conditions
AR1,Higuchi,t3_realized_sd_0p5,paired_mae_ratio,0.9526051484401382,0.34396459661049394,0.32766244561229185,0.9461170967323256,0.9593120744592968,0.95,0.0033820713591422133,999,999,999,0,,common_complete_parents_across_declared_methods_and_conditions
AR1,Higuchi,t5_realized_sd_0p5,absolute_error_inflation,-0.018671858473821468,0.34396459661049394,0.3252927381366725,-0.02061539664593901,-0.01669050373586773,0.95,0.001007763018242745,999,999,999,0,,common_complete_parents_across_declared_methods_and_conditions
AR1,Higuchi,t5_realized_sd_0p5,paired_mae_ratio,0.9457157548834437,0.34396459661049394,0.3252927381366725,0.9401564567407218,0.9514461559441234,0.95,0.0028532555694037736,999,999,999,0,,common_complete_parents_across_declared_methods_and_conditions
AR1,Higuchi::centered,additive_outliers_1pct_8sd,absolute_error_inflation,-0.01800004411414413,0.33394352627759216,0.31594348216344803,-0.021111278659493794,-0.014711728840884918,0.95,0.001660519616372832,999,999,999,0,,common_complete_parents_across_declared_methods_and_conditions
AR1,Higuchi::centered,additive_outliers_1pct_8sd,paired_mae_ratio,0.9460985385319867,0.33394352627759216,0.31594348216344803,0.9368141065710426,0.9558530948350169,0.95,0.004955593116537736,999,999,999,0,,common_complete_parents_across_declared_methods_and_conditions
AR1,Higuchi::centered,constant_offset_1sd,absolute_error_inflation,0.0,0.33394352627759216,0.33394352627759216,-5.551115123125783e-17,1.1102230246251565e-16,0.95,4.344770104771988e-17,999,999,999,0,,common_complete_parents_across_declared_methods_and_conditions
AR1,Higuchi::centered,constant_offset_1sd,paired_mae_ratio,1.0,0.33394352627759216,0.33394352627759216,0.9999999999999998,1.0000000000000002,0.95,1.5427154058544992e-16,999,999,999,0,,common_complete_parents_across_declared_methods_and_conditions
AR1,Higuchi::centered,linear_plus_quadratic_0p5sd,absolute_error_inflation,0.043329843229686915,0.33394352627759216,0.3772733695072791,0.036212097861519105,0.051544416755612894,0.95,0.0038220766916275744,999,999,999,0,,common_complete_parents_across_declared_methods_and_conditions
AR1,Higuchi::centered,linear_plus_quadratic_0p5sd,paired_mae_ratio,1.1297520084089572,0.33394352627759216,0.3772733695072791,1.1073450686737376,1.1556539447647118,0.95,0.01245126365685325,999,999,999,0,,common_complete_parents_across_declared_methods_and_conditions
AR1,Higuchi::centered,linear_trend_0p5sd,absolute_error_inflation,0.04338038654756715,0.33394352627759216,0.3773239128251593,0.0356166999391326,0.051766002465639185,0.95,0.004077679530680257,999,999,999,0,,common_complete_parents_across_declared_methods_and_conditions
AR1,Higuchi::centered,linear_trend_0p5sd,paired_mae_ratio,1.1299033612992007,0.33394352627759216,0.3773239128251593,1.106029452331722,1.1566746781965302,0.95,0.013226590648895965,999,999,999,0,,common_complete_parents_across_declared_methods_and_conditions
AR1,Higuchi::centered,midpoint_step_1sd,absolute_error_inflation,0.05228350247376656,0.33394352627759216,0.3862270287513587,0.04421485459728785,0.061184704851114345,0.95,0.004541733194449877,999,999,999,0,,common_complete_parents_across_declared_methods_and_conditions
AR1,Higuchi::centered,midpoint_step_1sd,paired_mae_ratio,1.1565639048511025,0.33394352627759216,0.3862270287513587,1.1304449090506468,1.186804148818606,0.95,0.01479491406942592,999,999,999,0,,common_complete_parents_across_declared_methods_and_conditions
AR1,Higuchi::centered,t3_realized_sd_0p5,absolute_error_inflation,-0.017808616105802755,0.33394352627759216,0.3161349101717894,-0.0200515927364951,-0.015492190410932213,0.95,0.0011280580145867777,999,999,999,0,,common_complete_parents_across_declared_methods_and_conditions
AR1,Higuchi::centered,t3_realized_sd_0p5,paired_mae_ratio,0.9466717732057508,0.33394352627759216,0.3161349101717894,0.9399008641311268,0.9532733124878553,0.95,0.0034240388650205148,999,999,999,0,,common_complete_parents_across_declared_methods_and_conditions
AR1,Higuchi::centered,t5_realized_sd_0p5,absolute_error_inflation,-0.01898250840077098,0.33394352627759216,0.3149610178768212,-0.02082883515262302,-0.017184108436382167,0.95,0.0009236510900777342,999,999,999,0,,common_complete_parents_across_declared_methods_and_conditions
AR1,Higuchi::centered,t5_realized_sd_0p5,paired_mae_ratio,0.9431565312483654,0.33394352627759216,0.3149610178768212,0.937903153080689,0.9484344572008341,0.95,0.0026980224271050176,999,999,999,0,,common_complete_parents_across_declared_methods_and_conditions
AR1,ModifiedLocalWhittle,additive_outliers_1pct_8sd,absolute_error_inflation,-0.039307616685058167,0.4493279499020756,0.4100203332170174,-0.04490823494483887,-0.03348693012713359,0.95,0.002919074183738306,999,999,999,0,,common_complete_parents_across_declared_methods_and_conditions
AR1,ModifiedLocalWhittle,additive_outliers_1pct_8sd,paired_mae_ratio,0.9125190928059902,0.4493279499020756,0.4100203332170174,0.9000558329327145,0.9249334064602163,0.95,0.00635038432945515,999,999,999,0,,common_complete_parents_across_declared_methods_and_conditions
AR1,ModifiedLocalWhittle,constant_offset_1sd,absolute_error_inflation,6.106226635438361e-14,0.4493279499020756,0.44932794990213665,-2.444711100224594e-14,1.4834244943529028e-13,0.95,4.5324258673346406e-14,999,999,999,0,,common_complete_parents_across_declared_methods_and_conditions
AR1,ModifiedLocalWhittle,constant_offset_1sd,paired_mae_ratio,1.000000000000136,0.4493279499020756,0.44932794990213665,0.9999999999999454,1.0000000000003293,0.95,1.0088544995521036e-13,999,999,999,0,,common_complete_parents_across_declared_methods_and_conditions
AR1,ModifiedLocalWhittle,linear_plus_quadratic_0p5sd,absolute_error_inflation,0.024869930668785067,0.4493279499020756,0.47419788057086065,0.01932261755574829,0.03125331997443321,0.95,0.003084262395626404,999,999,999,0,,common_complete_parents_across_declared_methods_and_conditions
AR1,ModifiedLocalWhittle,linear_plus_quadratic_0p5sd,paired_mae_ratio,1.0553491735250502,0.4493279499020756,0.47419788057086065,1.042410260136294,1.0707374012874806,0.95,0.007350381268998195,999,999,999,0,,common_complete_parents_across_declared_methods_and_conditions
AR1,ModifiedLocalWhittle,linear_trend_0p5sd,absolute_error_inflation,0.024512362743479676,0.4493279499020756,0.47384031264555526,0.019086505378449047,0.030869708431235293,0.95,0.0030164164829188374,999,999,999,0,,common_complete_parents_across_declared_methods_and_conditions
AR1,ModifiedLocalWhittle,linear_trend_0p5sd,paired_mae_ratio,1.0545533896763417,0.4493279499020756,0.47384031264555526,1.0418266980722104,1.0700249838400306,0.95,0.007203180517712007,999,999,999,0,,common_complete_parents_across_declared_methods_and_conditions
AR1,ModifiedLocalWhittle,midpoint_step_1sd,absolute_error_inflation,0.024109184918659876,0.4493279499020756,0.47343713482073546,0.018513140249808456,0.03008202807909967,0.95,0.0029524562110239076,999,999,999,0,,common_complete_parents_across_declared_methods_and_conditions
AR1,ModifiedLocalWhittle,midpoint_step_1sd,paired_mae_ratio,1.0536560989004002,0.4493279499020756,0.47343713482073546,1.0406363782584012,1.068404601177629,0.95,0.007042510360167792,999,999,999,0,,common_complete_parents_across_declared_methods_and_conditions
AR1,ModifiedLocalWhittle,t3_realized_sd_0p5,absolute_error_inflation,-0.020099855103763165,0.4493279499020756,0.4292280947983124,-0.02395852772284155,-0.016851034771063048,0.95,0.0018181718776227335,999,999,999,0,,common_complete_parents_across_declared_methods_and_conditions
AR1,ModifiedLocalWhittle,t3_realized_sd_0p5,paired_mae_ratio,0.9552668488391527,0.4493279499020756,0.4292280947983124,0.9468862273304745,0.9626223442192723,0.95,0.004037626946948691,999,999,999,0,,common_complete_parents_across_declared_methods_and_conditions
AR1,ModifiedLocalWhittle,t5_realized_sd_0p5,absolute_error_inflation,-0.019113231862408986,0.4493279499020756,0.4302147180396666,-0.023017775248540855,-0.015193929499783897,0.95,0.0019956796415077386,999,999,999,0,,common_complete_parents_across_declared_methods_and_conditions
AR1,ModifiedLocalWhittle,t5_realized_sd_0p5,paired_mae_ratio,0.9574626242000427,0.4493279499020756,0.4302147180396666,0.9489537712420856,0.9661733429787255,0.95,0.00434841505345563,999,999,999,0,,common_complete_parents_across_declared_methods_and_conditions
AR1,RS,additive_outliers_1pct_8sd,absolute_error_inflation,-0.06367876618695811,0.3661446222342452,0.3024658560472871,-0.06766841922323798,-0.05984774073199766,0.95,0.0020253483168210457,999,999,999,0,,common_complete_parents_across_declared_methods_and_conditions
AR1,RS,additive_outliers_1pct_8sd,paired_mae_ratio,0.8260830220627441,0.3661446222342452,0.3024658560472871,0.814833308210141,0.8368173781518563,0.95,0.005610613177292585,999,999,999,0,,common_complete_parents_across_declared_methods_and_conditions
AR1,RS,constant_offset_1sd,absolute_error_inflation,0.0,0.3661446222342452,0.3661446222342452,-5.551115123125783e-17,1.1102230246251565e-16,0.95,3.949146641465613e-17,999,999,999,0,,common_complete_parents_across_declared_methods_and_conditions
AR1,RS,constant_offset_1sd,paired_mae_ratio,1.0,0.3661446222342452,0.3661446222342452,0.9999999999999999,1.0000000000000002,0.95,1.228515278898616e-16,999,999,999,0,,common_complete_parents_across_declared_methods_and_conditions
AR1,RS,linear_plus_quadratic_0p5sd,absolute_error_inflation,0.004814049161073364,0.3661446222342452,0.3709586713953186,0.0020114596460507565,0.007859104185685422,0.95,0.0015120701514964544,999,999,999,0,,common_complete_parents_across_declared_methods_and_conditions
AR1,RS,linear_plus_quadratic_0p5sd,paired_mae_ratio,1.013147944469859,0.3661446222342452,0.3709586713953186,1.0055453067737137,1.0216061777313514,0.95,0.0041627304816391365,999,999,999,0,,common_complete_parents_across_declared_methods_and_conditions
AR1,RS,linear_trend_0p5sd,absolute_error_inflation,0.005288800833634866,0.3661446222342452,0.3714334230678801,0.002357626151022302,0.008497371632186815,0.95,0.0015595539318303204,999,999,999,0,,common_complete_parents_across_declared_methods_and_conditions
AR1,RS,linear_trend_0p5sd,paired_mae_ratio,1.014444567835961,0.3661446222342452,0.3714334230678801,1.006377428088984,1.0234260892573082,0.95,0.004308990478439552,999,999,999,0,,common_complete_parents_across_declared_methods_and_conditions
AR1,RS,midpoint_step_1sd,absolute_error_inflation,0.009425337754153829,0.3661446222342452,0.37556995998839904,0.005518452986222234,0.013020065237478557,0.95,0.0019529363711448915,999,999,999,0,,common_complete_parents_across_declared_methods_and_conditions
AR1,RS,midpoint_step_1sd,paired_mae_ratio,1.0257421171356815,0.3661446222342452,0.37556995998839904,1.0149983060953593,1.0357421816616326,0.95,0.005409435565074062,999,999,999,0,,common_complete_parents_across_declared_methods_and_conditions
AR1,RS,t3_realized_sd_0p5,absolute_error_inflation,-0.0023264737895434817,0.3661446222342452,0.36381814844470173,-0.004867858589545475,0.00028073459728601686,0.95,0.0013073278183473188,999,999,999,0,,common_complete_parents_across_declared_methods_and_conditions
AR1,RS,t3_realized_sd_0p5,paired_mae_ratio,0.9936460249631768,0.3661446222342452,0.36381814844470173,0.9866766720712056,1.0007783340348746,0.95,0.0035704817275298536,999,999,999,0,,common_complete_parents_across_declared_methods_and_conditions
AR1,RS,t5_realized_sd_0p5,absolute_error_inflation,-0.0013588762504629925,0.3661446222342452,0.3647857459837822,-0.003949834794448761,0.0012519795413110204,0.95,0.0013092881589297964,999,999,999,0,,common_complete_parents_across_declared_methods_and_conditions
AR1,RS,t5_realized_sd_0p5,paired_mae_ratio,0.9962886898565626,0.3661446222342452,0.3647857459837822,0.9892666300041684,1.0034127116002252,0.95,0.0035764112432378208,999,999,999,0,,common_complete_parents_across_declared_methods_and_conditions
AR1,Variance,additive_outliers_1pct_8sd,absolute_error_inflation,0.01446355007380673,0.17930895430610638,0.1937725043799131,-0.005813112001043544,0.038877977427084785,0.95,0.011549859832149095,999,999,999,0,,common_complete_parents_across_declared_methods_and_conditions
AR1,Variance,additive_outliers_1pct_8sd,paired_mae_ratio,1.0806627317067241,0.17930895430610638,0.1937725043799131,0.9681567929281761,1.2248279780171782,0.95,0.06600836361444165,999,999,999,0,,common_complete_parents_across_declared_methods_and_conditions
AR1,Variance,constant_offset_1sd,absolute_error_inflation,2.7755575615628914e-17,0.17930895430610638,0.1793089543061064,-5.551115123125783e-17,5.551115123125783e-17,0.95,2.6498400303995337e-17,999,999,999,0,,common_complete_parents_across_declared_methods_and_conditions
AR1,Variance,constant_offset_1sd,paired_mae_ratio,1.0000000000000002,0.17930895430610638,0.1793089543061064,0.9999999999999997,1.0000000000000002,0.95,1.6173646140575093e-16,999,999,999,0,,common_complete_parents_across_declared_methods_and_conditions
AR1,Variance,linear_plus_quadratic_0p5sd,absolute_error_inflation,0.029383466472478248,0.17930895430610638,0.20869242077858463,0.0006409010154899271,0.057680182477751925,0.95,0.01499167388110733,999,999,999,0,,common_complete_parents_across_declared_methods_and_conditions
AR1,Variance,linear_plus_quadratic_0p5sd,paired_mae_ratio,1.1638706030392458,0.17930895430610638,0.20869242077858463,1.0032006546392183,1.3439584444476487,0.95,0.09095280675437563,999,999,999,0,,common_complete_parents_across_declared_methods_and_conditions
AR1,Variance,linear_trend_0p5sd,absolute_error_inflation,0.0968795997888986,0.17930895430610638,0.276188554095005,0.070148584936835,0.12437477984440967,0.95,0.014208900879444798,999,999,999,0,,common_complete_parents_across_declared_methods_and_conditions
AR1,Variance,linear_trend_0p5sd,paired_mae_ratio,1.5402942656366791,0.17930895430610638,0.276188554095005,1.3597771495362925,1.7712514863217108,0.95,0.10588523881345938,999,999,999,0,,common_complete_parents_across_declared_methods_and_conditions
AR1,Variance,midpoint_step_1sd,absolute_error_inflation,0.11763456575249076,0.17930895430610638,0.29694352005859714,0.09050221927318267,0.14675369869834456,0.95,0.014573851205655184,999,999,999,0,,common_complete_parents_across_declared_methods_and_conditions
AR1,Variance,midpoint_step_1sd,paired_mae_ratio,1.656044011899548,0.17930895430610638,0.29694352005859714,1.464793020073184,1.898708642894813,0.95,0.11338682480909,999,999,999,0,,common_complete_parents_across_declared_methods_and_conditions
AR1,Variance,t3_realized_sd_0p5,absolute_error_inflation,0.004663952280548833,0.17930895430610638,0.18397290658665522,-0.009133930920968723,0.019028695786182034,0.95,0.007162144300748269,999,999,999,0,,common_complete_parents_across_declared_methods_and_conditions
AR1,Variance,t3_realized_sd_0p5,paired_mae_ratio,1.0260107048116893,0.17930895430610638,0.18397290658665522,0.9501682314536231,1.107854860039611,0.95,0.04044241090045636,999,999,999,0,,common_complete_parents_across_declared_methods_and_conditions
AR1,Variance,t5_realized_sd_0p5,absolute_error_inflation,0.0023961939916200825,0.17930895430610638,0.18170514829772647,-0.008971388552131553,0.014588929142891912,0.95,0.006200507073024231,999,999,999,0,,common_complete_parents_across_declared_methods_and_conditions
AR1,Variance,t5_realized_sd_0p5,paired_mae_ratio,1.0133634932002862,0.17930895430610638,0.18170514829772647,0.9508241934054268,1.0842352008151546,0.95,0.03491056898680248,999,999,999,0,,common_complete_parents_across_declared_methods_and_conditions
AR1,VarianceResidual,additive_outliers_1pct_8sd,absolute_error_inflation,-0.11902378576899153,0.5091570405764421,0.39013325480745054,-0.12506074081696958,-0.11252209220802695,0.95,0.0032243509551191855,999,999,999,0,,common_complete_parents_across_declared_methods_and_conditions
AR1,VarianceResidual,additive_outliers_1pct_8sd,paired_mae_ratio,0.7662336444680432,0.5091570405764421,0.39013325480745054,0.7546732195482954,0.7775805602972475,0.95,0.00584295469673957,999,999,999,0,,common_complete_parents_across_declared_methods_and_conditions
AR1,VarianceResidual,constant_offset_1sd,absolute_error_inflation,0.0,0.5091570405764421,0.5091570405764421,-1.1102230246251565e-16,1.1102230246251565e-16,0.95,6.656587856656066e-17,999,999,999,0,,common_complete_parents_across_declared_methods_and_conditions
AR1,VarianceResidual,constant_offset_1sd,paired_mae_ratio,1.0,0.5091570405764421,0.5091570405764421,0.9999999999999998,1.0000000000000002,0.95,1.3624621603485849e-16,999,999,999,0,,common_complete_parents_across_declared_methods_and_conditions
AR1,VarianceResidual,linear_plus_quadratic_0p5sd,absolute_error_inflation,0.011446147126901063,0.5091570405764421,0.5206031877033431,0.0059896227784955024,0.016992496163694738,0.95,0.0027288479635750136,999,999,999,0,,common_complete_parents_across_declared_methods_and_conditions
AR1,VarianceResidual,linear_plus_quadratic_0p5sd,paired_mae_ratio,1.0224805830317938,0.5091570405764421,0.5206031877033431,1.0117139282355838,1.0335230943954947,0.95,0.0054090261611656094,999,999,999,0,,common_complete_parents_across_declared_methods_and_conditions
AR1,VarianceResidual,linear_trend_0p5sd,absolute_error_inflation,0.01689638176070707,0.5091570405764421,0.5260534223371491,0.011673724353426897,0.022576190909034392,0.95,0.00276091765472068,999,999,999,0,,common_complete_parents_across_declared_methods_and_conditions
AR1,VarianceResidual,linear_trend_0p5sd,paired_mae_ratio,1.0331850105452296,0.5091570405764421,0.5260534223371491,1.0228112398393379,1.0443632152867832,0.95,0.00554766111606967,999,999,999,0,,common_complete_parents_across_declared_methods_and_conditions
AR1,VarianceResidual,midpoint_step_1sd,absolute_error_inflation,0.021112622919344015,0.5091570405764421,0.5302696634957861,0.015019700162032646,0.02716901432573494,0.95,0.003200150977645998,999,999,999,0,,common_complete_parents_across_declared_methods_and_conditions
AR1,VarianceResidual,midpoint_step_1sd,paired_mae_ratio,1.0414658371323735,0.5091570405764421,0.5302696634957861,1.0294691079009413,1.0543056376498683,0.95,0.006423457560958785,999,999,999,0,,common_complete_parents_across_declared_methods_and_conditions
AR1,VarianceResidual,t3_realized_sd_0p5,absolute_error_inflation,-0.06239087137738114,0.5091570405764421,0.4467661691990609,-0.06602946067905753,-0.05854117268002883,0.95,0.0018427843049591615,999,999,999,0,,common_complete_parents_across_declared_methods_and_conditions
AR1,VarianceResidual,t3_realized_sd_0p5,paired_mae_ratio,0.8774624204219089,0.5091570405764421,0.4467661691990609,0.8713696205664938,0.883846093735354,0.95,0.0031802697728218637,999,999,999,0,,common_complete_parents_across_declared_methods_and_conditions
AR1,VarianceResidual,t5_realized_sd_0p5,absolute_error_inflation,-0.06486836128329898,0.5091570405764421,0.4442886792931431,-0.06901830319435501,-0.06098000932902463,0.95,0.002017427599735655,999,999,999,0,,common_complete_parents_across_declared_methods_and_conditions
AR1,VarianceResidual,t5_realized_sd_0p5,paired_mae_ratio,0.8725965544739237,0.5091570405764421,0.4442886792931431,0.8648790725783447,0.879669840806863,0.95,0.0036952856478359515,999,999,999,0,,common_complete_parents_across_declared_methods_and_conditions
AR1,WaveletOLS::broad_band,additive_outliers_1pct_8sd,absolute_error_inflation,-0.21914228927532614,0.6540149770990958,0.4348726878237697,-0.23132191406515745,-0.20697372352657298,0.95,0.006303800609251175,999,999,999,0,,common_complete_parents_across_declared_methods_and_conditions
AR1,WaveletOLS::broad_band,additive_outliers_1pct_8sd,paired_mae_ratio,0.6649277203905349,0.6540149770990958,0.4348726878237697,0.6471483333403908,0.682762297331618,0.95,0.009273226149195,999,999,999,0,,common_complete_parents_across_declared_methods_and_conditions
AR1,WaveletOLS::broad_band,constant_offset_1sd,absolute_error_inflation,0.0,0.6540149770990958,0.6540149770990958,-1.1102230246251565e-16,1.1102230246251565e-16,0.95,4.932286315406515e-17,999,999,999,0,,common_complete_parents_across_declared_methods_and_conditions
AR1,WaveletOLS::broad_band,constant_offset_1sd,paired_mae_ratio,1.0,0.6540149770990958,0.6540149770990958,0.9999999999999998,1.0000000000000002,0.95,9.508247977090253e-17,999,999,999,0,,common_complete_parents_across_declared_methods_and_conditions
AR1,WaveletOLS::broad_band,linear_plus_quadratic_0p5sd,absolute_error_inflation,0.004009504990717505,0.6540149770990958,0.6580244820898133,0.0015103686305192666,0.00633629347966182,0.95,0.0012589035552426375,999,999,999,0,,common_complete_parents_across_declared_methods_and_conditions
AR1,WaveletOLS::broad_band,linear_plus_quadratic_0p5sd,paired_mae_ratio,1.006130601180575,0.6540149770990958,0.6580244820898133,1.0023096872832133,1.0096426473481546,0.95,0.0019241632069269337,999,999,999,0,,common_complete_parents_across_declared_methods_and_conditions
AR1,WaveletOLS::broad_band,linear_trend_0p5sd,absolute_error_inflation,0.001225373785803785,0.6540149770990958,0.6552403508848996,0.0002697442299725408,0.002186476247517821,0.95,0.0005042145505285197,999,999,999,0,,common_complete_parents_across_declared_methods_and_conditions
AR1,WaveletOLS::broad_band,linear_trend_0p5sd,paired_mae_ratio,1.0018736173156753,0.6540149770990958,0.6552403508848996,1.0004045392003407,1.003348837949718,0.95,0.0007725755449180906,999,999,999,0,,common_complete_parents_across_declared_methods_and_conditions
AR1,WaveletOLS::broad_band,midpoint_step_1sd,absolute_error_inflation,0.005856533363082117,0.6540149770990958,0.659871510462178,0.0011759029776115,0.010646168749043556,0.95,0.0025009965122145565,999,999,999,0,,common_complete_parents_across_declared_methods_and_conditions
AR1,WaveletOLS::broad_band,midpoint_step_1sd,paired_mae_ratio,1.0089547389098932,0.6540149770990958,0.659871510462178,1.0017702988321509,1.0163302158834802,0.95,0.0038228960635500815,999,999,999,0,,common_complete_parents_across_declared_methods_and_conditions
AR1,WaveletOLS::broad_band,t3_realized_sd_0p5,absolute_error_inflation,-0.14090004737544815,0.6540149770990958,0.5131149297236477,-0.14745026053117055,-0.13368103960473932,0.95,0.0035046767925961896,999,999,999,0,,common_complete_parents_across_declared_methods_and_conditions
AR1,WaveletOLS::broad_band,t3_realized_sd_0p5,paired_mae_ratio,0.784561436191546,0.6540149770990958,0.5131149297236477,0.774751303784272,0.7942795142731304,0.95,0.005103670125926093,999,999,999,0,,common_complete_parents_across_declared_methods_and_conditions
AR1,WaveletOLS::broad_band,t5_realized_sd_0p5,absolute_error_inflation,-0.13048717114867048,0.6540149770990958,0.5235278059504254,-0.13821168163014141,-0.1230738543841316,0.95,0.0038028118303466175,999,999,999,0,,common_complete_parents_across_declared_methods_and_conditions
AR1,WaveletOLS::broad_band,t5_realized_sd_0p5,paired_mae_ratio,0.8004829006707913,0.6540149770990958,0.5235278059504254,0.7899817509316746,0.8099349846140725,0.95,0.00518081564448725,999,999,999,0,,common_complete_parents_across_declared_methods_and_conditions
AR1,WaveletOLS::conservative_band,additive_outliers_1pct_8sd,absolute_error_inflation,-0.19403238162210035,0.6198582405215358,0.42582585889943547,-0.21211038240235053,-0.17538735717200588,0.95,0.009608497288903948,999,999,999,0,,common_complete_parents_across_declared_methods_and_conditions
AR1,WaveletOLS::conservative_band,additive_outliers_1pct_8sd,paired_mae_ratio,0.6869729739192536,0.6198582405215358,0.42582585889943547,0.6585241630783137,0.715264499433052,0.95,0.01466485529281588,999,999,999,0,,common_complete_parents_across_declared_methods_and_conditions
AR1,WaveletOLS::conservative_band,constant_offset_1sd,absolute_error_inflation,0.0,0.6198582405215358,0.6198582405215358,-2.220446049250313e-16,1.1102230246251565e-16,0.95,8.615340168273019e-17,999,999,999,0,,common_complete_parents_across_declared_methods_and_conditions
AR1,WaveletOLS::conservative_band,constant_offset_1sd,paired_mae_ratio,1.0,0.6198582405215358,0.6198582405215358,0.9999999999999997,1.0000000000000002,0.95,1.6832230353476672e-16,999,999,999,0,,common_complete_parents_across_declared_methods_and_conditions
AR1,WaveletOLS::conservative_band,linear_plus_quadratic_0p5sd,absolute_error_inflation,1.8878135733535473e-06,0.6198582405215358,0.6198601283351092,-0.0005917882656028272,0.0006377935956363711,0.95,0.00030687405822186483,999,999,999,0,,common_complete_parents_across_declared_methods_and_conditions
AR1,WaveletOLS::conservative_band,linear_plus_quadratic_0p5sd,paired_mae_ratio,1.0000030455569515,0.6198582405215358,0.6198601283351092,0.9990585881380429,1.0010220443154536,0.95,0.0004955286518755995,999,999,999,0,,common_complete_parents_across_declared_methods_and_conditions
AR1,WaveletOLS::conservative_band,linear_trend_0p5sd,absolute_error_inflation,-2.5695629370714457e-05,0.6198582405215358,0.6198325448921651,-0.0002720215092499422,0.00023182012954461306,0.95,0.0001306594652061639,999,999,999,0,,common_complete_parents_across_declared_methods_and_conditions
AR1,WaveletOLS::conservative_band,linear_trend_0p5sd,paired_mae_ratio,0.9999585459582676,0.6198582405215358,0.6198325448921651,0.9995601855309573,1.0003818522488397,0.95,0.00021083685147099945,999,999,999,0,,common_complete_parents_across_declared_methods_and_conditions
AR1,WaveletOLS::conservative_band,midpoint_step_1sd,absolute_error_inflation,-0.005703654047355733,0.6198582405215358,0.6141545864741801,-0.00936749934393657,-0.0019318599683009648,0.95,0.0018785918051317015,999,999,999,0,,common_complete_parents_across_declared_methods_and_conditions
AR1,WaveletOLS::conservative_band,midpoint_step_1sd,paired_mae_ratio,0.9907984541069313,0.6198582405215358,0.6141545864741801,0.9851769474626998,0.996763158041672,0.95,0.002983648640370927,999,999,999,0,,common_complete_parents_across_declared_methods_and_conditions
AR1,WaveletOLS::conservative_band,t3_realized_sd_0p5,absolute_error_inflation,-0.10699960302280198,0.6198582405215358,0.5128586374987338,-0.11832912488209268,-0.09522502877143789,0.95,0.006206419945809121,999,999,999,0,,common_complete_parents_across_declared_methods_and_conditions
AR1,WaveletOLS::conservative_band,t3_realized_sd_0p5,paired_mae_ratio,0.827380526662395,0.6198582405215358,0.5128586374987338,0.8084266876016722,0.8472918200190105,0.95,0.010049630171844437,999,999,999,0,,common_complete_parents_across_declared_methods_and_conditions
AR1,WaveletOLS::conservative_band,t5_realized_sd_0p5,absolute_error_inflation,-0.10492800120587509,0.6198582405215358,0.5149302393156607,-0.11619290962441758,-0.09398488460788715,0.95,0.005901583279083017,999,999,999,0,,common_complete_parents_across_declared_methods_and_conditions
AR1,WaveletOLS::conservative_band,t5_realized_sd_0p5,paired_mae_ratio,0.8307225840579439,0.6198582405215358,0.5149302393156607,0.8125430850105715,0.8481251900578016,0.95,0.009319453160224183,999,999,999,0,,common_complete_parents_across_declared_methods_and_conditions
AR1,WaveletOLS::upper_band,additive_outliers_1pct_8sd,absolute_error_inflation,-0.29210346337816684,0.7500729204166205,0.4579694570384537,-0.3099088824114802,-0.27457460636206404,0.95,0.00900282334228264,999,999,999,0,,common_complete_parents_across_declared_methods_and_conditions
AR1,WaveletOLS::upper_band,additive_outliers_1pct_8sd,paired_mae_ratio,0.6105665790255155,0.7500729204166205,0.4579694570384537,0.5894655582135248,0.6297541285200139,0.95,0.010449913373393366,999,999,999,0,,common_complete_parents_across_declared_methods_and_conditions
AR1,WaveletOLS::upper_band,constant_offset_1sd,absolute_error_inflation,0.0,0.7500729204166205,0.7500729204166205,-1.1102230246251565e-16,2.220446049250313e-16,0.95,7.010064934226622e-17,999,999,999,0,,common_complete_parents_across_declared_methods_and_conditions
AR1,WaveletOLS::upper_band,constant_offset_1sd,paired_mae_ratio,1.0,0.7500729204166205,0.7500729204166205,0.9999999999999999,1.0000000000000002,0.95,1.0336012191232749e-16,999,999,999,0,,common_complete_parents_across_declared_methods_and_conditions
AR1,WaveletOLS::upper_band,linear_plus_quadratic_0p5sd,absolute_error_inflation,0.0007185850142009675,0.7500729204166205,0.7507915054308215,-7.271282134522205e-05,0.0014723133832344692,0.95,0.00038216947809015516,999,999,999,0,,common_complete_parents_across_declared_methods_and_conditions
AR1,WaveletOLS::upper_band,linear_plus_quadratic_0p5sd,paired_mae_ratio,1.0009580202066244,0.7500729204166205,0.7507915054308215,0.9999043414816828,1.0019633714383407,0.95,0.0005107036507300774,999,999,999,0,,common_complete_parents_across_declared_methods_and_conditions
AR1,WaveletOLS::upper_band,linear_trend_0p5sd,absolute_error_inflation,0.00019629226563289137,0.7500729204166205,0.7502692126822534,-0.00010265303998184252,0.00047675762207505235,0.95,0.00015127263757421552,999,999,999,0,,common_complete_parents_across_declared_methods_and_conditions
AR1,WaveletOLS::upper_band,linear_trend_0p5sd,paired_mae_ratio,1.0002616975767153,0.7500729204166205,0.7502692126822534,0.9998616765827448,1.0006414493398998,0.95,0.00020195258344125972,999,999,999,0,,common_complete_parents_across_declared_methods_and_conditions
AR1,WaveletOLS::upper_band,midpoint_step_1sd,absolute_error_inflation,0.0013261484739983675,0.7500729204166205,0.7513990688906189,-0.002538398640753348,0.005069481530917208,0.95,0.0018637280706469796,999,999,999,0,,common_complete_parents_across_declared_methods_and_conditions
AR1,WaveletOLS::upper_band,midpoint_step_1sd,paired_mae_ratio,1.001768026065068,0.7500729204166205,0.7513990688906189,0.9966497475541289,1.0067469572320142,0.95,0.0024877975738977543,999,999,999,0,,common_complete_parents_across_declared_methods_and_conditions
AR1,WaveletOLS::upper_band,t3_realized_sd_0p5,absolute_error_inflation,-0.1879098692769452,0.7500729204166205,0.5621630511396754,-0.19684700185753895,-0.17860256025368024,0.95,0.00461706590267027,999,999,999,0,,common_complete_parents_across_declared_methods_and_conditions
AR1,WaveletOLS::upper_band,t3_realized_sd_0p5,paired_mae_ratio,0.7494778652019959,0.7500729204166205,0.5621630511396754,0.7390450702580574,0.760189055198297,0.95,0.0054318580866444515,999,999,999,0,,common_complete_parents_across_declared_methods_and_conditions
AR1,WaveletOLS::upper_band,t5_realized_sd_0p5,absolute_error_inflation,-0.17968390462031847,0.7500729204166205,0.5703890157963021,-0.18997734822326381,-0.17055325761320256,0.95,0.005063417802005269,999,999,999,0,,common_complete_parents_across_declared_methods_and_conditions
AR1,WaveletOLS::upper_band,t5_realized_sd_0p5,paired_mae_ratio,0.7604447517975788,0.7500729204166205,0.5703890157963021,0.7486310446385546,0.7715173767575392,0.95,0.006096477234777806,999,999,999,0,,common_complete_parents_across_declared_methods_and_conditions
AR1,WhittleMLE,additive_outliers_1pct_8sd,absolute_error_inflation,-0.03901669605639513,0.4500726129339754,0.41105591687758025,-0.04463350214440533,-0.033184954200078,0.95,0.002914567030572498,999,999,999,0,,common_complete_parents_across_declared_methods_and_conditions
AR1,WhittleMLE,additive_outliers_1pct_8sd,paired_mae_ratio,0.9133102194287063,0.4500726129339754,0.41105591687758025,0.9008475169618934,0.9257233116487714,0.95,0.006341872570557647,999,999,999,0,,common_complete_parents_across_declared_methods_and_conditions
AR1,WhittleMLE,constant_offset_1sd,absolute_error_inflation,9.658940314238862e-15,0.4500726129339754,0.45007261293398504,-7.774336729937658e-15,2.610134330893742e-14,0.95,8.53091504213681e-15,999,999,999,0,,common_complete_parents_across_declared_methods_and_conditions
AR1,WhittleMLE,constant_offset_1sd,paired_mae_ratio,1.0000000000000215,0.4500726129339754,0.45007261293398504,0.9999999999999827,1.0000000000000577,0.95,1.8943855852117136e-14,999,999,999,0,,common_complete_parents_across_declared_methods_and_conditions
AR1,WhittleMLE,linear_plus_quadratic_0p5sd,absolute_error_inflation,0.02469809515878446,0.4500726129339754,0.47477070809275984,0.01912878986154078,0.031122495602744316,0.95,0.003116293694966001,999,999,999,0,,common_complete_parents_across_declared_methods_and_conditions
AR1,WhittleMLE,linear_plus_quadratic_0p5sd,paired_mae_ratio,1.0548758010352601,0.4500726129339754,0.47477070809275984,1.0419295519452954,1.0703953963688935,0.95,0.007411033523911412,999,999,999,0,,common_complete_parents_across_declared_methods_and_conditions
AR1,WhittleMLE,linear_trend_0p5sd,absolute_error_inflation,0.02436017763157461,0.4500726129339754,0.47443279056555,0.018796862675278404,0.030790454748253024,0.95,0.0030475782584199703,999,999,999,0,,common_complete_parents_across_declared_methods_and_conditions
AR1,WhittleMLE,linear_trend_0p5sd,paired_mae_ratio,1.0541249943487412,0.4500726129339754,0.47443279056555,1.0412190583124417,1.0695486381529375,0.95,0.007262512567486199,999,999,999,0,,common_complete_parents_across_declared_methods_and_conditions
AR1,WhittleMLE,midpoint_step_1sd,absolute_error_inflation,0.02401808126892413,0.4500726129339754,0.4740906942028995,0.018360607058329894,0.030090301387571676,0.95,0.0029784605602360347,999,999,999,0,,common_complete_parents_across_declared_methods_and_conditions
AR1,WhittleMLE,midpoint_step_1sd,paired_mae_ratio,1.0533649028594583,0.4500726129339754,0.4740906942028995,1.0402238970742435,1.0681262222467622,0.95,0.007090917665969347,999,999,999,0,,common_complete_parents_across_declared_methods_and_conditions
AR1,WhittleMLE,t3_realized_sd_0p5,absolute_error_inflation,-0.019944682211776255,0.4500726129339754,0.4301279307221991,-0.02378148232967321,-0.016697646686244353,0.95,0.0018227844071023885,999,999,999,0,,common_complete_parents_across_declared_methods_and_conditions
AR1,WhittleMLE,t3_realized_sd_0p5,paired_mae_ratio,0.9556856346318009,0.4500726129339754,0.4301279307221991,0.9473907947597537,0.963001346878173,0.95,0.004046870593498186,999,999,999,0,,common_complete_parents_across_declared_methods_and_conditions
AR1,WhittleMLE,t5_realized_sd_0p5,absolute_error_inflation,-0.019009890822695774,0.4500726129339754,0.4310627221112796,-0.022950475866626224,-0.015088925503253005,0.95,0.0020007736532104596,999,999,999,0,,common_complete_parents_across_declared_methods_and_conditions
AR1,WhittleMLE,t5_realized_sd_0p5,paired_mae_ratio,0.9577626136841069,0.4500726129339754,0.4310627221112796,0.9491614778668716,0.9665142881576335,0.95,0.004354751855206172,999,999,999,0,,common_complete_parents_across_declared_methods_and_conditions
ARFIMA,AbsoluteMoment,additive_outliers_1pct_8sd,absolute_error_inflation,0.03402930951328631,0.2810870277171057,0.315116337230392,-0.006234878659372867,0.07644162112011853,0.95,0.021524916522569045,999,999,999,0,,common_complete_parents_across_declared_methods_and_conditions
ARFIMA,AbsoluteMoment,additive_outliers_1pct_8sd,paired_mae_ratio,1.1210632514408827,0.2810870277171057,0.315116337230392,0.9768561955226753,1.282798442836045,0.95,0.07814326569569836,999,999,999,0,,common_complete_parents_across_declared_methods_and_conditions
ARFIMA,AbsoluteMoment,constant_offset_1sd,absolute_error_inflation,5.551115123125783e-17,0.2810870277171057,0.28108702771710575,-1.1102230246251565e-16,1.1102230246251565e-16,0.95,5.2120624482932166e-17,999,999,999,0,,common_complete_parents_across_declared_methods_and_conditions
ARFIMA,AbsoluteMoment,constant_offset_1sd,paired_mae_ratio,1.0000000000000002,0.2810870277171057,0.28108702771710575,0.9999999999999996,1.0000000000000004,0.95,1.964895445606001e-16,999,999,999,0,,common_complete_parents_across_declared_methods_and_conditions
ARFIMA,AbsoluteMoment,linear_plus_quadratic_0p5sd,absolute_error_inflation,-0.0608579211537979,0.2810870277171057,0.2202291065633078,-0.1498886406149308,0.02668135436239611,0.95,0.04437502339387703,999,999,999,0,,common_complete_parents_across_declared_methods_and_conditions
ARFIMA,AbsoluteMoment,linear_plus_quadratic_0p5sd,paired_mae_ratio,0.7834908225823672,0.2810870277171057,0.2202291065633078,0.5403792196267398,1.108709151761953,0.95,0.1443460349329058,999,999,999,0,,common_complete_parents_across_declared_methods_and_conditions
ARFIMA,AbsoluteMoment,linear_trend_0p5sd,absolute_error_inflation,-0.18861964751156168,0.2810870277171057,0.09246738020554403,-0.24527178736585317,-0.13798076086219954,0.95,0.028104395316905405,999,999,999,0,,common_complete_parents_across_declared_methods_and_conditions
ARFIMA,AbsoluteMoment,linear_trend_0p5sd,paired_mae_ratio,0.3289635276182362,0.2810870277171057,0.09246738020554403,0.2577337855721526,0.4221637797268103,0.95,0.04180039976939363,999,999,999,0,,common_complete_parents_across_declared_methods_and_conditions
ARFIMA,AbsoluteMoment,midpoint_step_1sd,absolute_error_inflation,-0.17563293255009194,0.2810870277171057,0.10545409516701378,-0.22893638704098224,-0.12820590514609742,0.95,0.026243668430279886,999,999,999,0,,common_complete_parents_across_declared_methods_and_conditions
ARFIMA,AbsoluteMoment,midpoint_step_1sd,paired_mae_ratio,0.37516528608052985,0.2810870277171057,0.10545409516701378,0.30237723567908925,0.46483368442336237,0.95,0.04135193360652704,999,999,999,0,,common_complete_parents_across_declared_methods_and_conditions
ARFIMA,AbsoluteMoment,t3_realized_sd_0p5,absolute_error_inflation,0.020833937236550693,0.2810870277171057,0.3019209649536564,-0.009109379145681919,0.05360139913263171,0.95,0.016183686505547697,999,999,999,0,,common_complete_parents_across_declared_methods_and_conditions
ARFIMA,AbsoluteMoment,t3_realized_sd_0p5,paired_mae_ratio,1.0741191701579291,0.2810870277171057,0.3019209649536564,0.9685528203614703,1.1974880755663073,0.95,0.05938499107533159,999,999,999,0,,common_complete_parents_across_declared_methods_and_conditions
ARFIMA,AbsoluteMoment,t5_realized_sd_0p5,absolute_error_inflation,0.009146243408984678,0.2810870277171057,0.2902332711260904,-0.017373612051488758,0.0425408286841833,0.95,0.015526160317737188,999,999,999,0,,common_complete_parents_across_declared_methods_and_conditions
ARFIMA,AbsoluteMoment,t5_realized_sd_0p5,paired_mae_ratio,1.0325388314191066,0.2810870277171057,0.2902332711260904,0.9397399336093556,1.1520593902012164,0.95,0.05568042417195593,999,999,999,0,,common_complete_parents_across_declared_methods_and_conditions
ARFIMA,DFA::balanced_scales,additive_outliers_1pct_8sd,absolute_error_inflation,0.03369597239693084,0.0698495103938113,0.10354548279074215,0.021547643534572895,0.04596571469459198,0.95,0.006056857178753796,999,999,999,0,,common_complete_parents_across_declared_methods_and_conditions
ARFIMA,DFA::balanced_scales,additive_outliers_1pct_8sd,paired_mae_ratio,1.4824081401136968,0.0698495103938113,0.10354548279074215,1.2861402981315762,1.6955250022730868,0.95,0.10365411252675592,999,999,999,0,,common_complete_parents_across_declared_methods_and_conditions
ARFIMA,DFA::balanced_scales,constant_offset_1sd,absolute_error_inflation,0.0,0.0698495103938113,0.0698495103938113,-5.551115123125783e-17,4.163336342344337e-17,0.95,2.304090831398936e-17,999,999,999,0,,common_complete_parents_across_declared_methods_and_conditions
ARFIMA,DFA::balanced_scales,constant_offset_1sd,paired_mae_ratio,1.0,0.0698495103938113,0.0698495103938113,0.9999999999999992,1.0000000000000007,0.95,3.5668484133437195e-16,999,999,999,0,,common_complete_parents_across_declared_methods_and_conditions
ARFIMA,DFA::balanced_scales,linear_plus_quadratic_0p5sd,absolute_error_inflation,-0.009830886246504897,0.0698495103938113,0.06001862414730641,-0.020573129217855878,0.0004555546057388966,0.95,0.0053832703569020104,999,999,999,0,,common_complete_parents_across_declared_methods_and_conditions
ARFIMA,DFA::balanced_scales,linear_plus_quadratic_0p5sd,paired_mae_ratio,0.8592561896128063,0.0698495103938113,0.06001862414730641,0.7177833488897722,1.0068140074569571,0.95,0.0734877888517146,999,999,999,0,,common_complete_parents_across_declared_methods_and_conditions
ARFIMA,DFA::balanced_scales,linear_trend_0p5sd,absolute_error_inflation,-0.010414651035588224,0.0698495103938113,0.05943485935822308,-0.019463024567965198,-0.0014620302012228427,0.95,0.004649324928277093,999,999,999,0,,common_complete_parents_across_declared_methods_and_conditions
ARFIMA,DFA::balanced_scales,linear_trend_0p5sd,paired_mae_ratio,0.8508987253186105,0.0698495103938113,0.05943485935822308,0.724488393164337,0.9795922205791099,0.95,0.06363407503843506,999,999,999,0,,common_complete_parents_across_declared_methods_and_conditions
ARFIMA,DFA::balanced_scales,midpoint_step_1sd,absolute_error_inflation,-0.005487589485443853,0.0698495103938113,0.06436192090836745,-0.018681636188165197,0.00848232400979881,0.95,0.006845546466980275,999,999,999,0,,common_complete_parents_across_declared_methods_and_conditions
ARFIMA,DFA::balanced_scales,midpoint_step_1sd,paired_mae_ratio,0.9214369656350511,0.0698495103938113,0.06436192090836745,0.7558962178123004,1.1283626857924736,0.95,0.09507999330293307,999,999,999,0,,common_complete_parents_across_declared_methods_and_conditions
ARFIMA,DFA::balanced_scales,t3_realized_sd_0p5,absolute_error_inflation,0.012074853586948361,0.0698495103938113,0.08192436398075967,0.0030447868053736986,0.02070606115019799,0.95,0.00451956035339355,999,999,999,0,,common_complete_parents_across_declared_methods_and_conditions
ARFIMA,DFA::balanced_scales,t3_realized_sd_0p5,paired_mae_ratio,1.17286955225413,0.0698495103938113,0.08192436398075967,1.0447890551300374,1.3212824586111231,0.95,0.06972563886577092,999,999,999,0,,common_complete_parents_across_declared_methods_and_conditions
ARFIMA,DFA::balanced_scales,t5_realized_sd_0p5,absolute_error_inflation,0.016080104237243556,0.0698495103938113,0.08592961463105486,0.007188750063388846,0.023671637590146722,0.95,0.0042434735405630095,999,999,999,0,,common_complete_parents_across_declared_methods_and_conditions
ARFIMA,DFA::balanced_scales,t5_realized_sd_0p5,paired_mae_ratio,1.2302106936266837,0.0698495103938113,0.08592961463105486,1.1013355909537093,1.3545389765003006,0.95,0.06577373174157837,999,999,999,0,,common_complete_parents_across_declared_methods_and_conditions
ARFIMA,DFA::long_scales,additive_outliers_1pct_8sd,absolute_error_inflation,0.030631616269102463,0.08781663662545548,0.11844825289455795,0.01748188656276211,0.04309007083174344,0.95,0.006553160491526632,999,999,999,0,,common_complete_parents_across_declared_methods_and_conditions
ARFIMA,DFA::long_scales,additive_outliers_1pct_8sd,paired_mae_ratio,1.348813362093889,0.08781663662545548,0.11844825289455795,1.1876156560211528,1.5277757913365446,0.95,0.08577311827571718,999,999,999,0,,common_complete_parents_across_declared_methods_and_conditions
ARFIMA,DFA::long_scales,constant_offset_1sd,absolute_error_inflation,-1.3877787807814457e-17,0.08781663662545548,0.08781663662545547,-5.551115123125783e-17,4.163336342344337e-17,0.95,2.3652091873315125e-17,999,999,999,0,,common_complete_parents_across_declared_methods_and_conditions
ARFIMA,DFA::long_scales,constant_offset_1sd,paired_mae_ratio,0.9999999999999999,0.08781663662545548,0.08781663662545547,0.9999999999999993,1.0000000000000004,0.95,3.0362027866833563e-16,999,999,999,0,,common_complete_parents_across_declared_methods_and_conditions
ARFIMA,DFA::long_scales,linear_plus_quadratic_0p5sd,absolute_error_inflation,-0.01757747401019913,0.08781663662545548,0.07023916261525635,-0.03595896565305572,0.0015566249767805945,0.95,0.009773257392860692,999,999,999,0,,common_complete_parents_across_declared_methods_and_conditions
ARFIMA,DFA::long_scales,linear_plus_quadratic_0p5sd,paired_mae_ratio,0.7998389065483301,0.08781663662545548,0.07023916261525635,0.6215821240235595,1.0200549725102555,0.95,0.10233137134175355,999,999,999,0,,common_complete_parents_across_declared_methods_and_conditions
ARFIMA,DFA::long_scales,linear_trend_0p5sd,absolute_error_inflation,-0.022484447566390273,0.08781663662545548,0.06533218905906521,-0.03856382399205229,-0.004515892436066871,0.95,0.008767951637991883,999,999,999,0,,common_complete_parents_across_declared_methods_and_conditions
ARFIMA,DFA::long_scales,linear_trend_0p5sd,paired_mae_ratio,0.743961412889358,0.08781663662545548,0.06533218905906521,0.5946867994308618,0.9412284337985694,0.95,0.08954467004012728,999,999,999,0,,common_complete_parents_across_declared_methods_and_conditions
ARFIMA,DFA::long_scales,midpoint_step_1sd,absolute_error_inflation,-0.010716429638777059,0.08781663662545548,0.07710020698667842,-0.031124531351043944,0.009686740526719053,0.95,0.010522200473467988,999,999,999,0,,common_complete_parents_across_declared_methods_and_conditions
ARFIMA,DFA::long_scales,midpoint_step_1sd,paired_mae_ratio,0.8779681157172594,0.08781663662545548,0.07710020698667842,0.6820259355393578,1.1254026533360086,0.95,0.11483140542907498,999,999,999,0,,common_complete_parents_across_declared_methods_and_conditions
ARFIMA,DFA::long_scales,t3_realized_sd_0p5,absolute_error_inflation,0.013488747237960633,0.08781663662545548,0.10130538386341612,0.004814042906606156,0.021909659917326085,0.95,0.004424784604981626,999,999,999,0,,common_complete_parents_across_declared_methods_and_conditions
ARFIMA,DFA::long_scales,t3_realized_sd_0p5,paired_mae_ratio,1.15360127370274,0.08781663662545548,0.10130538386341612,1.0551995236648035,1.263326662399758,0.95,0.05220181426913437,999,999,999,0,,common_complete_parents_across_declared_methods_and_conditions
ARFIMA,DFA::long_scales,t5_realized_sd_0p5,absolute_error_inflation,0.009620794942761135,0.08781663662545548,0.09743743156821662,0.0011428221115490815,0.01785834917510642,0.95,0.004349986691404328,999,999,999,0,,common_complete_parents_across_declared_methods_and_conditions
ARFIMA,DFA::long_scales,t5_realized_sd_0p5,paired_mae_ratio,1.1095554932693965,0.08781663662545548,0.09743743156821662,1.012291204049549,1.2110931355187027,0.95,0.0513461560124155,999,999,999,0,,common_complete_parents_across_declared_methods_and_conditions
ARFIMA,DFA::short_scales,additive_outliers_1pct_8sd,absolute_error_inflation,0.0359586672542636,0.059404114028855544,0.09536278128311915,0.023094835956704137,0.047547145530273414,0.95,0.00631050488572887,999,999,999,0,,common_complete_parents_across_declared_methods_and_conditions
ARFIMA,DFA::short_scales,additive_outliers_1pct_8sd,paired_mae_ratio,1.6053228440844465,0.059404114028855544,0.09536278128311915,1.3759877338803803,1.8758974805863582,0.95,0.1312528069303718,999,999,999,0,,common_complete_parents_across_declared_methods_and_conditions
ARFIMA,DFA::short_scales,constant_offset_1sd,absolute_error_inflation,1.3877787807814457e-17,0.059404114028855544,0.05940411402885556,-2.7755575615628914e-17,4.163336342344337e-17,0.95,1.738403998493032e-17,999,999,999,0,,common_complete_parents_across_declared_methods_and_conditions
ARFIMA,DFA::short_scales,constant_offset_1sd,paired_mae_ratio,1.0000000000000002,0.059404114028855544,0.05940411402885556,0.9999999999999996,1.0000000000000007,0.95,3.20827588721916e-16,999,999,999,0,,common_complete_parents_across_declared_methods_and_conditions
ARFIMA,DFA::short_scales,linear_plus_quadratic_0p5sd,absolute_error_inflation,-0.0013743549192689122,0.059404114028855544,0.05802975910958663,-0.007091911619019865,0.004829969177667518,0.95,0.0030844868314376024,999,999,999,0,,common_complete_parents_across_declared_methods_and_conditions
ARFIMA,DFA::short_scales,linear_plus_quadratic_0p5sd,paired_mae_ratio,0.9768643141685217,0.059404114028855544,0.05802975910958663,0.8850274182396514,1.0846193856635133,0.95,0.05184251105357915,999,999,999,0,,common_complete_parents_across_declared_methods_and_conditions
ARFIMA,DFA::short_scales,linear_trend_0p5sd,absolute_error_inflation,-0.0035290636009700505,0.059404114028855544,0.05587505042788549,-0.008056561516693142,0.0009522153414468285,0.95,0.002261694956908222,999,999,999,0,,common_complete_parents_across_declared_methods_and_conditions
ARFIMA,DFA::short_scales,linear_trend_0p5sd,paired_mae_ratio,0.9405922694300969,0.059404114028855544,0.05587505042788549,0.866451237812912,1.0158307695885238,0.95,0.037769323401742445,999,999,999,0,,common_complete_parents_across_declared_methods_and_conditions
ARFIMA,DFA::short_scales,midpoint_step_1sd,absolute_error_inflation,-0.007070783079021169,0.059404114028855544,0.052333330949834375,-0.020232227671582448,0.005449437868791365,0.95,0.006545640740530348,999,999,999,0,,common_complete_parents_across_declared_methods_and_conditions
ARFIMA,DFA::short_scales,midpoint_step_1sd,paired_mae_ratio,0.8809714917120633,0.059404114028855544,0.052333330949834375,0.6834464608353759,1.0954288253430593,0.95,0.10447744355396525,999,999,999,0,,common_complete_parents_across_declared_methods_and_conditions
ARFIMA,DFA::short_scales,t3_realized_sd_0p5,absolute_error_inflation,0.013524924946666468,0.059404114028855544,0.07292903897552201,0.005135665391338942,0.02174069857251778,0.95,0.0043855621346977885,999,999,999,0,,common_complete_parents_across_declared_methods_and_conditions
ARFIMA,DFA::short_scales,t3_realized_sd_0p5,paired_mae_ratio,1.2276765703482546,0.059404114028855544,0.07292903897552201,1.0868743357263708,1.377180846550096,0.95,0.07769830283078702,999,999,999,0,,common_complete_parents_across_declared_methods_and_conditions
ARFIMA,DFA::short_scales,t5_realized_sd_0p5,absolute_error_inflation,0.01980762536828847,0.059404114028855544,0.07921173939714402,0.010305298483072578,0.027809723687485747,0.95,0.004576669576090414,999,999,999,0,,common_complete_parents_across_declared_methods_and_conditions
ARFIMA,DFA::short_scales,t5_realized_sd_0p5,paired_mae_ratio,1.3334386126635425,0.059404114028855544,0.07921173939714402,1.168898613318948,1.5180876140948711,0.95,0.08996713387299461,999,999,999,0,,common_complete_parents_across_declared_methods_and_conditions
ARFIMA,DMA::balanced_windows,additive_outliers_1pct_8sd,absolute_error_inflation,0.02110423578791537,0.14072632414985284,0.1618305599377682,0.006092855636524302,0.03610699289544443,0.95,0.007564720724427452,999,999,999,0,,common_complete_parents_across_declared_methods_and_conditions
ARFIMA,DMA::balanced_windows,additive_outliers_1pct_8sd,paired_mae_ratio,1.1499665106397752,0.14072632414985284,0.1618305599377682,1.041252734784641,1.2790249956910402,0.95,0.061271729889562754,999,999,999,0,,common_complete_parents_across_declared_methods_and_conditions
ARFIMA,DMA::balanced_windows,constant_offset_1sd,absolute_error_inflation,2.7755575615628914e-17,0.14072632414985284,0.14072632414985287,-5.551115123125783e-17,8.326672684688674e-17,0.95,3.2500726809765656e-17,999,999,999,0,,common_complete_parents_across_declared_methods_and_conditions
ARFIMA,DMA::balanced_windows,constant_offset_1sd,paired_mae_ratio,1.0000000000000002,0.14072632414985284,0.14072632414985287,0.9999999999999996,1.0000000000000004,0.95,2.59800535741617e-16,999,999,999,0,,common_complete_parents_across_declared_methods_and_conditions
ARFIMA,DMA::balanced_windows,linear_plus_quadratic_0p5sd,absolute_error_inflation,-0.04654641013026656,0.14072632414985284,0.09417991401958628,-0.07657640843901452,-0.016594350968286247,0.95,0.015567238185700317,999,999,999,0,,common_complete_parents_across_declared_methods_and_conditions
ARFIMA,DMA::balanced_windows,linear_plus_quadratic_0p5sd,paired_mae_ratio,0.6692416261743505,0.14072632414985284,0.09417991401958628,0.5285005794421285,0.8593772223918141,0.95,0.08628447894277538,999,999,999,0,,common_complete_parents_across_declared_methods_and_conditions
ARFIMA,DMA::balanced_windows,linear_trend_0p5sd,absolute_error_inflation,-0.05741582650533664,0.14072632414985284,0.0833104976445162,-0.08979228673133707,-0.025642395490065934,0.95,0.016516486448605573,999,999,999,0,,common_complete_parents_across_declared_methods_and_conditions
ARFIMA,DMA::balanced_windows,linear_trend_0p5sd,paired_mae_ratio,0.5920036506872927,0.14072632414985284,0.0833104976445162,0.450744294723502,0.7855299587661363,0.95,0.08563525501180633,999,999,999,0,,common_complete_parents_across_declared_methods_and_conditions
ARFIMA,DMA::balanced_windows,midpoint_step_1sd,absolute_error_inflation,-0.015297318760480044,0.14072632414985284,0.1254290053893728,-0.04560299489787965,0.014859655481535698,0.95,0.015416613657458,999,999,999,0,,common_complete_parents_across_declared_methods_and_conditions
ARFIMA,DMA::balanced_windows,midpoint_step_1sd,paired_mae_ratio,0.8912973897890586,0.14072632414985284,0.1254290053893728,0.7249422738463481,1.1245449759517674,0.95,0.10358028329989975,999,999,999,0,,common_complete_parents_across_declared_methods_and_conditions
ARFIMA,DMA::balanced_windows,t3_realized_sd_0p5,absolute_error_inflation,0.003332665338437346,0.14072632414985284,0.14405898948829018,-0.004815956132487639,0.011941734047414061,0.95,0.004168169209980774,999,999,999,0,,common_complete_parents_across_declared_methods_and_conditions
ARFIMA,DMA::balanced_windows,t3_realized_sd_0p5,paired_mae_ratio,1.0236818900697537,0.14072632414985284,0.14405898948829018,0.9648487280387359,1.085432783645506,0.95,0.030080087338125436,999,999,999,0,,common_complete_parents_across_declared_methods_and_conditions
ARFIMA,DMA::balanced_windows,t5_realized_sd_0p5,absolute_error_inflation,0.006706200045969363,0.14072632414985284,0.1474325241958222,-0.001338068872632225,0.015011924260563839,0.95,0.004257745639891371,999,999,999,0,,common_complete_parents_across_declared_methods_and_conditions
ARFIMA,DMA::balanced_windows,t5_realized_sd_0p5,paired_mae_ratio,1.04765419751054,0.14072632414985284,0.1474325241958222,0.9907736855665502,1.1082881910100555,0.95,0.030862556052221556,999,999,999,0,,common_complete_parents_across_declared_methods_and_conditions
ARFIMA,DMA::long_windows,additive_outliers_1pct_8sd,absolute_error_inflation,0.01677137279082741,0.18696922122115556,0.20374059401198297,-0.00013681024304621283,0.03551418794149655,0.95,0.009230486042226435,999,999,999,0,,common_complete_parents_across_declared_methods_and_conditions
ARFIMA,DMA::long_windows,additive_outliers_1pct_8sd,paired_mae_ratio,1.0897012496564313,0.18696922122115556,0.20374059401198297,0.9993185902276343,1.2058374772894604,0.95,0.05453307806329886,999,999,999,0,,common_complete_parents_across_declared_methods_and_conditions
ARFIMA,DMA::long_windows,constant_offset_1sd,absolute_error_inflation,2.7755575615628914e-17,0.18696922122115556,0.18696922122115558,-8.326672684688674e-17,1.1102230246251565e-16,0.95,4.758541131373614e-17,999,999,999,0,,common_complete_parents_across_declared_methods_and_conditions
ARFIMA,DMA::long_windows,constant_offset_1sd,paired_mae_ratio,1.0000000000000002,0.18696922122115556,0.18696922122115558,0.9999999999999996,1.0000000000000007,0.95,2.6868116140254967e-16,999,999,999,0,,common_complete_parents_across_declared_methods_and_conditions
ARFIMA,DMA::long_windows,linear_plus_quadratic_0p5sd,absolute_error_inflation,-0.11779934064416653,0.18696922122115556,0.06916988057698903,-0.15598702177155183,-0.08190156127953443,0.95,0.019640300376978483,999,999,999,0,,common_complete_parents_across_declared_methods_and_conditions
ARFIMA,DMA::long_windows,linear_plus_quadratic_0p5sd,paired_mae_ratio,0.36995330100440327,0.18696922122115556,0.06916988057698903,0.2840940670551879,0.48766109950881315,0.95,0.05178638146726592,999,999,999,0,,common_complete_parents_across_declared_methods_and_conditions
ARFIMA,DMA::long_windows,linear_trend_0p5sd,absolute_error_inflation,-0.11728592050501566,0.18696922122115556,0.0696833007161399,-0.1574288220956227,-0.07913339688714467,0.95,0.020940098529372998,999,999,999,0,,common_complete_parents_across_declared_methods_and_conditions
ARFIMA,DMA::long_windows,linear_trend_0p5sd,paired_mae_ratio,0.37269931521892247,0.18696922122115556,0.0696833007161399,0.27204213627536467,0.5034510870574795,0.95,0.06131998513289586,999,999,999,0,,common_complete_parents_across_declared_methods_and_conditions
ARFIMA,DMA::long_windows,midpoint_step_1sd,absolute_error_inflation,-0.08594420259752378,0.18696922122115556,0.10102501862363178,-0.12521876384981767,-0.04952188220964267,0.95,0.019646282299354476,999,999,999,0,,common_complete_parents_across_declared_methods_and_conditions
ARFIMA,DMA::long_windows,midpoint_step_1sd,paired_mae_ratio,0.5403296754610475,0.18696922122115556,0.10102501862363178,0.4282049075967639,0.691003436694968,0.95,0.0688825513908753,999,999,999,0,,common_complete_parents_across_declared_methods_and_conditions
ARFIMA,DMA::long_windows,t3_realized_sd_0p5,absolute_error_inflation,0.003715243130044732,0.18696922122115556,0.1906844643512003,-0.0044914068916804785,0.012675912933895422,0.95,0.004426054580902025,999,999,999,0,,common_complete_parents_across_declared_methods_and_conditions
ARFIMA,DMA::long_windows,t3_realized_sd_0p5,paired_mae_ratio,1.0198708809170798,0.18696922122115556,0.1906844643512003,0.9756421248741997,1.0707478437538023,0.95,0.024366192268602326,999,999,999,0,,common_complete_parents_across_declared_methods_and_conditions
ARFIMA,DMA::long_windows,t5_realized_sd_0p5,absolute_error_inflation,0.006242312475191247,0.18696922122115556,0.1932115336963468,-0.0038244523536914137,0.016145251816851357,0.95,0.0052305570805019274,999,999,999,0,,common_complete_parents_across_declared_methods_and_conditions
ARFIMA,DMA::long_windows,t5_realized_sd_0p5,paired_mae_ratio,1.033386845355726,0.18696922122115556,0.1932115336963468,0.9799259411652016,1.0903527734971128,0.95,0.028558388967925445,999,999,999,0,,common_complete_parents_across_declared_methods_and_conditions
ARFIMA,DMA::short_windows,additive_outliers_1pct_8sd,absolute_error_inflation,0.023097290119626898,0.09558807030174198,0.11868536042136887,0.010691006655161898,0.035039043675252735,0.95,0.006397073030246317,999,999,999,0,,common_complete_parents_across_declared_methods_and_conditions
ARFIMA,DMA::short_windows,additive_outliers_1pct_8sd,paired_mae_ratio,1.2416336060212942,0.09558807030174198,0.11868536042136887,1.1048824799288361,1.4091645819431122,0.95,0.08017980464014121,999,999,999,0,,common_complete_parents_across_declared_methods_and_conditions
ARFIMA,DMA::short_windows,constant_offset_1sd,absolute_error_inflation,-1.3877787807814457e-17,0.09558807030174198,0.09558807030174196,-6.938893903907228e-17,4.163336342344337e-17,0.95,2.745690525491847e-17,999,999,999,0,,common_complete_parents_across_declared_methods_and_conditions
ARFIMA,DMA::short_windows,constant_offset_1sd,paired_mae_ratio,0.9999999999999999,0.09558807030174198,0.09558807030174196,0.9999999999999993,1.0000000000000004,0.95,3.056878149673872e-16,999,999,999,0,,common_complete_parents_across_declared_methods_and_conditions
ARFIMA,DMA::short_windows,linear_plus_quadratic_0p5sd,absolute_error_inflation,0.019651666318126815,0.09558807030174198,0.11523973661986879,-0.005650198335867782,0.0437472747364577,0.95,0.012274553091260113,999,999,999,0,,common_complete_parents_across_declared_methods_and_conditions
ARFIMA,DMA::short_windows,linear_plus_quadratic_0p5sd,paired_mae_ratio,1.205587017878827,0.09558807030174198,0.11523973661986879,0.9485041380724958,1.545209362843661,0.95,0.14904180121543698,999,999,999,0,,common_complete_parents_across_declared_methods_and_conditions
ARFIMA,DMA::short_windows,linear_trend_0p5sd,absolute_error_inflation,0.004830986594898418,0.09558807030174198,0.1004190568966404,-0.02140169204443002,0.030065385654314443,0.95,0.012889355336216492,999,999,999,0,,common_complete_parents_across_declared_methods_and_conditions
ARFIMA,DMA::short_windows,linear_trend_0p5sd,paired_mae_ratio,1.050539639304868,0.09558807030174198,0.1004190568966404,0.8074318323455982,1.3764950527747566,0.95,0.14261226234069593,999,999,999,0,,common_complete_parents_across_declared_methods_and_conditions
ARFIMA,DMA::short_windows,midpoint_step_1sd,absolute_error_inflation,0.03953586093135368,0.09558807030174198,0.13512393123309566,0.014916991100354366,0.06309953515992675,0.95,0.01246612694854643,999,999,999,0,,common_complete_parents_across_declared_methods_and_conditions
ARFIMA,DMA::short_windows,midpoint_step_1sd,paired_mae_ratio,1.4136066436591008,0.09558807030174198,0.13512393123309566,1.1357795325140398,1.7909566987164909,0.95,0.16905991676845816,999,999,999,0,,common_complete_parents_across_declared_methods_and_conditions
ARFIMA,DMA::short_windows,t3_realized_sd_0p5,absolute_error_inflation,0.007669996695072512,0.09558807030174198,0.10325806699681449,0.0005624426970026083,0.015404758441370434,0.95,0.0036558623405586067,999,999,999,0,,common_complete_parents_across_declared_methods_and_conditions
ARFIMA,DMA::short_windows,t3_realized_sd_0p5,paired_mae_ratio,1.0802401039257379,0.09558807030174198,0.10325806699681449,1.0059968494821372,1.1665900249714758,0.95,0.04024559167494046,999,999,999,0,,common_complete_parents_across_declared_methods_and_conditions
ARFIMA,DMA::short_windows,t5_realized_sd_0p5,absolute_error_inflation,0.009496957203059264,0.09558807030174198,0.10508502750480124,0.002583229844182395,0.015907338311077827,0.95,0.0034512097136422154,999,999,999,0,,common_complete_parents_across_declared_methods_and_conditions
ARFIMA,DMA::short_windows,t5_realized_sd_0p5,paired_mae_ratio,1.0993529545379492,0.09558807030174198,0.10508502750480124,1.027664704818378,1.1726661537612795,0.95,0.03809633113562518,999,999,999,0,,common_complete_parents_across_declared_methods_and_conditions
ARFIMA,GHE,additive_outliers_1pct_8sd,absolute_error_inflation,0.0021427090561114,0.06362079800123141,0.06576350705734281,-0.004845717624048564,0.009567019647148315,0.95,0.003756511912679656,999,999,999,0,,common_complete_parents_across_declared_methods_and_conditions
ARFIMA,GHE,additive_outliers_1pct_8sd,paired_mae_ratio,1.0336793803823385,0.06362079800123141,0.06576350705734281,0.9299671289221638,1.1589089211314672,0.95,0.061279198928198414,999,999,999,0,,common_complete_parents_across_declared_methods_and_conditions
ARFIMA,GHE,constant_offset_1sd,absolute_error_inflation,0.1499928502400854,0.06362079800123141,0.21361364824131682,0.13736493695480806,0.1626007462637152,0.95,0.006530573321514728,999,999,999,0,,common_complete_parents_across_declared_methods_and_conditions
ARFIMA,GHE,constant_offset_1sd,paired_mae_ratio,3.357607181179686,0.06362079800123141,0.21361364824131682,2.8242497318650277,4.138109237829293,0.95,0.3360530486736721,999,999,999,0,,common_complete_parents_across_declared_methods_and_conditions
ARFIMA,GHE,linear_plus_quadratic_0p5sd,absolute_error_inflation,0.01928117498659089,0.06362079800123141,0.0829019729878223,-0.0005452113780335891,0.03819105132380381,0.95,0.009857764737452169,999,999,999,0,,common_complete_parents_across_declared_methods_and_conditions
ARFIMA,GHE,linear_plus_quadratic_0p5sd,paired_mae_ratio,1.3030640229664785,0.06362079800123141,0.0829019729878223,0.9929501516145295,1.7173062841868811,0.95,0.18429744408919965,999,999,999,0,,common_complete_parents_across_declared_methods_and_conditions
ARFIMA,GHE,linear_trend_0p5sd,absolute_error_inflation,0.021135540092582353,0.06362079800123141,0.08475633809381376,0.001709242725161889,0.03941700341471905,0.95,0.00981198557583542,999,999,999,0,,common_complete_parents_across_declared_methods_and_conditions
ARFIMA,GHE,linear_trend_0p5sd,paired_mae_ratio,1.3322111755368624,0.06362079800123141,0.08475633809381376,1.0215187456236234,1.7395813341462307,0.95,0.18677566082465127,999,999,999,0,,common_complete_parents_across_declared_methods_and_conditions
ARFIMA,GHE,midpoint_step_1sd,absolute_error_inflation,0.07232877584838118,0.06362079800123141,0.1359495738496126,0.05639012492699634,0.08754884126252427,0.95,0.008049283112180646,999,999,999,0,,common_complete_parents_across_declared_methods_and_conditions
ARFIMA,GHE,midpoint_step_1sd,paired_mae_ratio,2.13687313144015,0.06362079800123141,0.1359495738496126,1.7551017306379657,2.6880348362138182,0.95,0.2352678886279072,999,999,999,0,,common_complete_parents_across_declared_methods_and_conditions
ARFIMA,GHE,t3_realized_sd_0p5,absolute_error_inflation,0.008096156081885408,0.06362079800123141,0.07171695408311682,0.0027360117004477926,0.014053446036935138,0.95,0.002889176655110938,999,999,999,0,,common_complete_parents_across_declared_methods_and_conditions
ARFIMA,GHE,t3_realized_sd_0p5,paired_mae_ratio,1.127256437143852,0.06362079800123141,0.07171695408311682,1.0409859178075254,1.2278143085036555,0.95,0.048222954699452446,999,999,999,0,,common_complete_parents_across_declared_methods_and_conditions
ARFIMA,GHE,t5_realized_sd_0p5,absolute_error_inflation,0.007805508588564589,0.06362079800123141,0.071426306589796,0.0018916453050721004,0.013523854452243939,0.95,0.0029151048528206513,999,999,999,0,,common_complete_parents_across_declared_methods_and_conditions
ARFIMA,GHE,t5_realized_sd_0p5,paired_mae_ratio,1.1226880019394525,0.06362079800123141,0.071426306589796,1.028238797760684,1.2308310039191135,0.95,0.0509354984122125,999,999,999,0,,common_complete_parents_across_declared_methods_and_conditions
ARFIMA,GHE::centered,additive_outliers_1pct_8sd,absolute_error_inflation,0.006852640184310824,0.08166711608145122,0.08851975626576204,-0.0005390829154922846,0.014853859922223153,0.95,0.003888844198443379,999,999,999,0,,common_complete_parents_across_declared_methods_and_conditions
ARFIMA,GHE::centered,additive_outliers_1pct_8sd,paired_mae_ratio,1.0839094180511566,0.08166711608145122,0.08851975626576204,0.9940060004176122,1.1938169315883387,0.95,0.05079495941444841,999,999,999,0,,common_complete_parents_across_declared_methods_and_conditions
ARFIMA,GHE::centered,constant_offset_1sd,absolute_error_inflation,0.0,0.08166711608145122,0.08166711608145122,-7.008282842946272e-17,2.7755575615628914e-17,0.95,2.674355011543579e-17,999,999,999,0,,common_complete_parents_across_declared_methods_and_conditions
ARFIMA,GHE::centered,constant_offset_1sd,paired_mae_ratio,1.0,0.08166711608145122,0.08166711608145122,0.999999999999999,1.0000000000000004,0.95,3.3730433583812673e-16,999,999,999,0,,common_complete_parents_across_declared_methods_and_conditions
ARFIMA,GHE::centered,linear_plus_quadratic_0p5sd,absolute_error_inflation,-0.008287902350687909,0.08166711608145122,0.07337921373076331,-0.02627698445529096,0.009847879896386545,0.95,0.009463377093368535,999,999,999,0,,common_complete_parents_across_declared_methods_and_conditions
ARFIMA,GHE::centered,linear_plus_quadratic_0p5sd,paired_mae_ratio,0.898516039890255,0.08166711608145122,0.07337921373076331,0.7106276823723401,1.136693792030016,0.95,0.11057634950839844,999,999,999,0,,common_complete_parents_across_declared_methods_and_conditions
ARFIMA,GHE::centered,linear_trend_0p5sd,absolute_error_inflation,-0.007413989492902964,0.08166711608145122,0.07425312658854825,-0.025249271191112255,0.010917904483724265,0.95,0.00960581867414886,999,999,999,0,,common_complete_parents_across_declared_methods_and_conditions
ARFIMA,GHE::centered,linear_trend_0p5sd,paired_mae_ratio,0.9092169547715071,0.08166711608145122,0.07425312658854825,0.7245365388902318,1.1562735025951179,0.95,0.11308812456503496,999,999,999,0,,common_complete_parents_across_declared_methods_and_conditions
ARFIMA,GHE::centered,midpoint_step_1sd,absolute_error_inflation,0.02233038758689107,0.08166711608145122,0.10399750366834229,0.005650870648187037,0.04011375583813358,0.95,0.009260699175342849,999,999,999,0,,common_complete_parents_across_declared_methods_and_conditions
ARFIMA,GHE::centered,midpoint_step_1sd,paired_mae_ratio,1.2734318126847985,0.08166711608145122,0.10399750366834229,1.059437995895408,1.5630633540146914,0.95,0.13166699916936844,999,999,999,0,,common_complete_parents_across_declared_methods_and_conditions
ARFIMA,GHE::centered,t3_realized_sd_0p5,absolute_error_inflation,0.012219988683790234,0.08166711608145122,0.09388710476524145,0.006863928662333327,0.017990525332859466,0.95,0.002722510913385132,999,999,999,0,,common_complete_parents_across_declared_methods_and_conditions
ARFIMA,GHE::centered,t3_realized_sd_0p5,paired_mae_ratio,1.149631691066482,0.08166711608145122,0.09388710476524145,1.0841473382483915,1.2287575266428676,0.95,0.036116679379427856,999,999,999,0,,common_complete_parents_across_declared_methods_and_conditions
ARFIMA,GHE::centered,t5_realized_sd_0p5,absolute_error_inflation,0.016010647270586917,0.08166711608145122,0.09767776335203814,0.010036949874248793,0.02116172527734783,0.95,0.0028629769316841935,999,999,999,0,,common_complete_parents_across_declared_methods_and_conditions
ARFIMA,GHE::centered,t5_realized_sd_0p5,paired_mae_ratio,1.196047663231044,0.08166711608145122,0.09767776335203814,1.122242425286403,1.269911170740096,0.95,0.038922457646450415,999,999,999,0,,common_complete_parents_across_declared_methods_and_conditions
ARFIMA,GPH::narrow_band,additive_outliers_1pct_8sd,absolute_error_inflation,-0.004250854856107808,0.10394556936569017,0.09969471450958237,-0.023634823111815206,0.014186773472020062,0.95,0.009640555536313232,999,999,999,0,,common_complete_parents_across_declared_methods_and_conditions
ARFIMA,GPH::narrow_band,additive_outliers_1pct_8sd,paired_mae_ratio,0.9591049923335077,0.10394556936569017,0.09969471450958237,0.782068857306241,1.1429097874543743,0.95,0.09175926925167759,999,999,999,0,,common_complete_parents_across_declared_methods_and_conditions
ARFIMA,GPH::narrow_band,constant_offset_1sd,absolute_error_inflation,1.3877787807814457e-17,0.10394556936569017,0.10394556936569019,-5.551115123125783e-17,5.551115123125783e-17,0.95,2.7431671513874886e-17,999,999,999,0,,common_complete_parents_across_declared_methods_and_conditions
ARFIMA,GPH::narrow_band,constant_offset_1sd,paired_mae_ratio,1.0000000000000002,0.10394556936569017,0.10394556936569019,0.9999999999999996,1.0000000000000007,0.95,2.7169809105332357e-16,999,999,999,0,,common_complete_parents_across_declared_methods_and_conditions
ARFIMA,GPH::narrow_band,linear_plus_quadratic_0p5sd,absolute_error_inflation,0.09424187480163491,0.10394556936569017,0.1981874441673251,0.06096824661861071,0.12536923471128786,0.95,0.01582185062295,999,999,999,0,,common_complete_parents_across_declared_methods_and_conditions
ARFIMA,GPH::narrow_band,linear_plus_quadratic_0p5sd,paired_mae_ratio,1.9066463859568967,0.10394556936569017,0.1981874441673251,1.5297172641719723,2.366346904886544,0.95,0.21063932822124012,999,999,999,0,,common_complete_parents_across_declared_methods_and_conditions
ARFIMA,GPH::narrow_band,linear_trend_0p5sd,absolute_error_inflation,0.10073818541865791,0.10394556936569017,0.20468375478434808,0.06528044195433065,0.1321902972815161,0.95,0.01601286833852437,999,999,999,0,,common_complete_parents_across_declared_methods_and_conditions
ARFIMA,GPH::narrow_band,linear_trend_0p5sd,paired_mae_ratio,1.9691436203908952,0.10394556936569017,0.20468375478434808,1.5776499300207598,2.4335525435433465,0.95,0.21619529393168418,999,999,999,0,,common_complete_parents_across_declared_methods_and_conditions
ARFIMA,GPH::narrow_band,midpoint_step_1sd,absolute_error_inflation,0.08017877044150469,0.10394556936569017,0.18412433980719486,0.05151096330573449,0.10573440070834349,0.95,0.013848801350295878,999,999,999,0,,common_complete_parents_across_declared_methods_and_conditions
ARFIMA,GPH::narrow_band,midpoint_step_1sd,paired_mae_ratio,1.7713534201677064,0.10394556936569017,0.18412433980719486,1.44658897346473,2.139418242433132,0.95,0.17880246142436587,999,999,999,0,,common_complete_parents_across_declared_methods_and_conditions
ARFIMA,GPH::narrow_band,t3_realized_sd_0p5,absolute_error_inflation,0.00510008480876345,0.10394556936569017,0.10904565417445362,-0.014235544017080526,0.021519929302791826,0.95,0.009102870902807446,999,999,999,0,,common_complete_parents_across_declared_methods_and_conditions
ARFIMA,GPH::narrow_band,t3_realized_sd_0p5,paired_mae_ratio,1.0490649562062706,0.10394556936569017,0.10904565417445362,0.8665766015528997,1.2232131968089204,0.95,0.08875794358256299,999,999,999,0,,common_complete_parents_across_declared_methods_and_conditions
ARFIMA,GPH::narrow_band,t5_realized_sd_0p5,absolute_error_inflation,0.008619096062024809,0.10394556936569017,0.11256466542771498,-0.010034609494777602,0.025503215802232027,0.95,0.008791011324128253,999,999,999,0,,common_complete_parents_across_declared_methods_and_conditions
ARFIMA,GPH::narrow_band,t5_realized_sd_0p5,paired_mae_ratio,1.082919321281526,0.10394556936569017,0.11256466542771498,0.9092086290634757,1.257577519677497,0.95,0.08617768199916612,999,999,999,0,,common_complete_parents_across_declared_methods_and_conditions
ARFIMA,GPH::wider_band,additive_outliers_1pct_8sd,absolute_error_inflation,0.007537913054003559,0.06803016438724654,0.0755680774412501,-0.008869201846030595,0.023478768214471892,0.95,0.008120373572902333,999,999,999,0,,common_complete_parents_across_declared_methods_and_conditions
ARFIMA,GPH::wider_band,additive_outliers_1pct_8sd,paired_mae_ratio,1.1108025112374516,0.06803016438724654,0.0755680774412501,0.8806517422538716,1.3858393490910645,0.95,0.12712392472041706,999,999,999,0,,common_complete_parents_across_declared_methods_and_conditions
ARFIMA,GPH::wider_band,constant_offset_1sd,absolute_error_inflation,-1.3877787807814457e-17,0.06803016438724654,0.06803016438724653,-4.163336342344337e-17,2.7755575615628914e-17,0.95,1.7808372016153184e-17,999,999,999,0,,common_complete_parents_across_declared_methods_and_conditions
ARFIMA,GPH::wider_band,constant_offset_1sd,paired_mae_ratio,0.9999999999999998,0.06803016438724654,0.06803016438724653,0.9999999999999994,1.0000000000000004,0.95,2.953726670473192e-16,999,999,999,0,,common_complete_parents_across_declared_methods_and_conditions
ARFIMA,GPH::wider_band,linear_plus_quadratic_0p5sd,absolute_error_inflation,0.06147095049456763,0.06803016438724654,0.12950111488181418,0.04018065679723799,0.08333418949398352,0.95,0.011337079313703936,999,999,999,0,,common_complete_parents_across_declared_methods_and_conditions
ARFIMA,GPH::wider_band,linear_plus_quadratic_0p5sd,paired_mae_ratio,1.9035837418333719,0.06803016438724654,0.12950111488181418,1.529653582365447,2.336947891638182,0.95,0.2208323729036102,999,999,999,0,,common_complete_parents_across_declared_methods_and_conditions
ARFIMA,GPH::wider_band,linear_trend_0p5sd,absolute_error_inflation,0.06980874345096127,0.06803016438724654,0.13783890783820782,0.0478800416589762,0.09061142990910537,0.95,0.011082282173290705,999,999,999,0,,common_complete_parents_across_declared_methods_and_conditions
ARFIMA,GPH::wider_band,linear_trend_0p5sd,paired_mae_ratio,2.026143977156818,0.06803016438724654,0.13783890783820782,1.6416965056041155,2.4643842848211612,0.95,0.22376449032323276,999,999,999,0,,common_complete_parents_across_declared_methods_and_conditions
ARFIMA,GPH::wider_band,midpoint_step_1sd,absolute_error_inflation,0.04965633212401244,0.06803016438724654,0.11768649651125898,0.03036434440186076,0.06703529113121764,0.95,0.009552760637180434,999,999,999,0,,common_complete_parents_across_declared_methods_and_conditions
ARFIMA,GPH::wider_band,midpoint_step_1sd,paired_mae_ratio,1.7299163918134144,0.06803016438724654,0.11768649651125898,1.3934972577775273,2.115277556052434,0.95,0.18885424981366222,999,999,999,0,,common_complete_parents_across_declared_methods_and_conditions
ARFIMA,GPH::wider_band,t3_realized_sd_0p5,absolute_error_inflation,0.015732911999001287,0.06803016438724654,0.08376307638624783,0.0019765063979746765,0.02864214879789769,0.95,0.006912531896226479,999,999,999,0,,common_complete_parents_across_declared_methods_and_conditions
ARFIMA,GPH::wider_band,t3_realized_sd_0p5,paired_mae_ratio,1.2312637657237633,0.06803016438724654,0.08376307638624783,1.0268927160121621,1.4555504760705174,0.95,0.11307781282593535,999,999,999,0,,common_complete_parents_across_declared_methods_and_conditions
ARFIMA,GPH::wider_band,t5_realized_sd_0p5,absolute_error_inflation,0.009982640238055868,0.06803016438724654,0.07801280462530241,-0.0033952235214875248,0.024191040358640014,0.95,0.00702831022450699,999,999,999,0,,common_complete_parents_across_declared_methods_and_conditions
ARFIMA,GPH::wider_band,t5_realized_sd_0p5,paired_mae_ratio,1.1467384406310106,0.06803016438724654,0.07801280462530241,0.9575417335332207,1.379527897857859,0.95,0.1102449389423611,999,999,999,0,,common_complete_parents_across_declared_methods_and_conditions
ARFIMA,Higuchi,additive_outliers_1pct_8sd,absolute_error_inflation,0.0010153945037683215,0.05790323179558897,0.05891862629935729,-0.005826115449039829,0.008463504297375928,0.95,0.003749651699358512,999,999,999,0,,common_complete_parents_across_declared_methods_and_conditions
ARFIMA,Higuchi,additive_outliers_1pct_8sd,paired_mae_ratio,1.0175360592540479,0.05790323179558897,0.05891862629935729,0.9015586509107598,1.1649910335627887,0.95,0.06738372589801622,999,999,999,0,,common_complete_parents_across_declared_methods_and_conditions
ARFIMA,Higuchi,constant_offset_1sd,absolute_error_inflation,0.15328721310997973,0.05790323179558897,0.21119044490556868,0.14045932160196117,0.16559891200197685,0.95,0.006515978430392315,999,999,999,0,,common_complete_parents_across_declared_methods_and_conditions
ARFIMA,Higuchi,constant_offset_1sd,paired_mae_ratio,3.647299785461319,0.05790323179558897,0.21119044490556868,3.0178222679538074,4.502142441905462,0.95,0.393674210905666,999,999,999,0,,common_complete_parents_across_declared_methods_and_conditions
ARFIMA,Higuchi,linear_plus_quadratic_0p5sd,absolute_error_inflation,0.024052780459125858,0.05790323179558897,0.08195601225471483,0.0048348736180276065,0.04114834243388598,0.95,0.009531619380257393,999,999,999,0,,common_complete_parents_across_declared_methods_and_conditions
ARFIMA,Higuchi,linear_plus_quadratic_0p5sd,paired_mae_ratio,1.4153961655203877,0.05790323179558897,0.08195601225471483,1.0695145599298974,1.858108249083858,0.95,0.2060799358685754,999,999,999,0,,common_complete_parents_across_declared_methods_and_conditions
ARFIMA,Higuchi,linear_trend_0p5sd,absolute_error_inflation,0.0275053550916302,0.05790323179558897,0.08540858688721917,0.00837945109270021,0.04499775462230649,0.95,0.00937816040044807,999,999,999,0,,common_complete_parents_across_declared_methods_and_conditions
ARFIMA,Higuchi,linear_trend_0p5sd,paired_mae_ratio,1.4750227964603098,0.05790323179558897,0.08540858688721917,1.1170265048970036,1.9385244152202248,0.95,0.21036359640764832,999,999,999,0,,common_complete_parents_across_declared_methods_and_conditions
ARFIMA,Higuchi,midpoint_step_1sd,absolute_error_inflation,0.07509588404080712,0.05790323179558897,0.1329991158363961,0.0592827834641907,0.08957558491785186,0.95,0.007933468447131746,999,999,999,0,,common_complete_parents_across_declared_methods_and_conditions
ARFIMA,Higuchi,midpoint_step_1sd,paired_mae_ratio,2.2969204258911136,0.05790323179558897,0.1329991158363961,1.8625836261386255,2.8836727941319245,0.95,0.2699859305972043,999,999,999,0,,common_complete_parents_across_declared_methods_and_conditions
ARFIMA,Higuchi,t3_realized_sd_0p5,absolute_error_inflation,0.010469319561988086,0.05790323179558897,0.06837255135757705,0.004577126572883607,0.01697194402251807,0.95,0.0031256704867867733,999,999,999,0,,common_complete_parents_across_declared_methods_and_conditions
ARFIMA,Higuchi,t3_realized_sd_0p5,paired_mae_ratio,1.1808071715055053,0.05790323179558897,0.06837255135757705,1.0765557744273129,1.3130303394589522,0.95,0.061365689610686565,999,999,999,0,,common_complete_parents_across_declared_methods_and_conditions
ARFIMA,Higuchi,t5_realized_sd_0p5,absolute_error_inflation,0.009241229502879325,0.05790323179558897,0.0671444612984683,0.00282832764830649,0.015727977991143685,0.95,0.003221477333165176,999,999,999,0,,common_complete_parents_across_declared_methods_and_conditions
ARFIMA,Higuchi,t5_realized_sd_0p5,paired_mae_ratio,1.159597818917999,0.05790323179558897,0.0671444612984683,1.0463017745964422,1.302716284907765,0.95,0.06479231293314078,999,999,999,0,,common_complete_parents_across_declared_methods_and_conditions
ARFIMA,Higuchi::centered,additive_outliers_1pct_8sd,absolute_error_inflation,0.00554031279144937,0.07346470870563016,0.07900502149707953,-0.0020399296561573457,0.01410032758744333,0.95,0.004053942853285552,999,999,999,0,,common_complete_parents_across_declared_methods_and_conditions
ARFIMA,Higuchi::centered,additive_outliers_1pct_8sd,paired_mae_ratio,1.0754146159300673,0.07346470870563016,0.07900502149707953,0.9733801127758995,1.2079777929192463,0.95,0.0586079125401108,999,999,999,0,,common_complete_parents_across_declared_methods_and_conditions
ARFIMA,Higuchi::centered,constant_offset_1sd,absolute_error_inflation,-1.3877787807814457e-17,0.07346470870563016,0.07346470870563014,-5.551115123125783e-17,4.163336342344337e-17,0.95,2.311613977382683e-17,999,999,999,0,,common_complete_parents_across_declared_methods_and_conditions
ARFIMA,Higuchi::centered,constant_offset_1sd,paired_mae_ratio,0.9999999999999998,0.07346470870563016,0.07346470870563014,0.9999999999999993,1.0000000000000004,0.95,3.320641949042473e-16,999,999,999,0,,common_complete_parents_across_declared_methods_and_conditions
ARFIMA,Higuchi::centered,linear_plus_quadratic_0p5sd,absolute_error_inflation,-0.00039354129169000274,0.07346470870563016,0.07307116741394015,-0.018043610849901588,0.016909663209532747,0.95,0.009121101951061097,999,999,999,0,,common_complete_parents_across_declared_methods_and_conditions
ARFIMA,Higuchi::centered,linear_plus_quadratic_0p5sd,paired_mae_ratio,0.9946431245883394,0.07346470870563016,0.07307116741394015,0.782610449063032,1.2650999288823859,0.95,0.12522808804350127,999,999,999,0,,common_complete_parents_across_declared_methods_and_conditions
ARFIMA,Higuchi::centered,linear_trend_0p5sd,absolute_error_inflation,0.0022938409023125356,0.07346470870563016,0.07575854960794269,-0.015519169976574607,0.019628752995089097,0.95,0.009161317380284296,999,999,999,0,,common_complete_parents_across_declared_methods_and_conditions
ARFIMA,Higuchi::centered,linear_trend_0p5sd,paired_mae_ratio,1.0312237119390735,0.07346470870563016,0.07575854960794269,0.812228393765706,1.3100563206760873,0.95,0.1282432529620499,999,999,999,0,,common_complete_parents_across_declared_methods_and_conditions
ARFIMA,Higuchi::centered,midpoint_step_1sd,absolute_error_inflation,0.025860919979961636,0.07346470870563016,0.09932562868559179,0.008764398761060275,0.04314858028713568,0.95,0.00894029445581242,999,999,999,0,,common_complete_parents_across_declared_methods_and_conditions
ARFIMA,Higuchi::centered,midpoint_step_1sd,paired_mae_ratio,1.3520182742925613,0.07346470870563016,0.09932562868559179,1.1116670744329236,1.659456620119031,0.95,0.14667948548752172,999,999,999,0,,common_complete_parents_across_declared_methods_and_conditions
ARFIMA,Higuchi::centered,t3_realized_sd_0p5,absolute_error_inflation,0.012796752140289469,0.07346470870563016,0.08626146084591962,0.006967078785251644,0.01883780262129049,0.95,0.0030220190730046526,999,999,999,0,,common_complete_parents_across_declared_methods_and_conditions
ARFIMA,Higuchi::centered,t3_realized_sd_0p5,paired_mae_ratio,1.1741891088354477,0.07346470870563016,0.08626146084591962,1.0921972057923786,1.2736425119936459,0.95,0.04493796431330341,999,999,999,0,,common_complete_parents_across_declared_methods_and_conditions
ARFIMA,Higuchi::centered,t5_realized_sd_0p5,absolute_error_inflation,0.01576627833105025,0.07346470870563016,0.0892309870366804,0.009727694509598974,0.02156360696978893,0.95,0.003030814500684594,999,999,999,0,,common_complete_parents_across_declared_methods_and_conditions
ARFIMA,Higuchi::centered,t5_realized_sd_0p5,paired_mae_ratio,1.2146102340679663,0.07346470870563016,0.0892309870366804,1.1309622337488854,1.3103633414476272,0.95,0.04618783387899162,999,999,999,0,,common_complete_parents_across_declared_methods_and_conditions
ARFIMA,ModifiedLocalWhittle,additive_outliers_1pct_8sd,absolute_error_inflation,0.02299281931478872,0.05450064835870111,0.07749346767348983,0.009329619172220579,0.03683405500733971,0.95,0.00685236899442347,999,999,999,0,,common_complete_parents_across_declared_methods_and_conditions
ARFIMA,ModifiedLocalWhittle,additive_outliers_1pct_8sd,paired_mae_ratio,1.4218815740220068,0.05450064835870111,0.07749346767348983,1.1551680466014598,1.7516631375422378,0.95,0.1537223436874667,999,999,999,0,,common_complete_parents_across_declared_methods_and_conditions
ARFIMA,ModifiedLocalWhittle,constant_offset_1sd,absolute_error_inflation,1.0419443086107094e-13,0.05450064835870111,0.054500648358805304,-1.4270286341488968e-13,4.1284232976668277e-13,0.95,1.4192188781031735e-13,999,999,999,0,,common_complete_parents_across_declared_methods_and_conditions
ARFIMA,ModifiedLocalWhittle,constant_offset_1sd,paired_mae_ratio,1.0000000000019118,0.05450064835870111,0.054500648358805304,0.9999999999973055,1.000000000007482,0.95,2.6217380247959168e-12,999,999,999,0,,common_complete_parents_across_declared_methods_and_conditions
ARFIMA,ModifiedLocalWhittle,linear_plus_quadratic_0p5sd,absolute_error_inflation,0.06723751025491878,0.05450064835870111,0.12173815861361989,0.04494166968446109,0.08709783667265905,0.95,0.010618538513883224,999,999,999,0,,common_complete_parents_across_declared_methods_and_conditions
ARFIMA,ModifiedLocalWhittle,linear_plus_quadratic_0p5sd,paired_mae_ratio,2.233701107781119,0.05450064835870111,0.12173815861361989,1.6886574869349518,2.923378119966916,0.95,0.3090177710770587,999,999,999,0,,common_complete_parents_across_declared_methods_and_conditions
ARFIMA,ModifiedLocalWhittle,linear_trend_0p5sd,absolute_error_inflation,0.06741543056624398,0.05450064835870111,0.12191607892494509,0.04478944287445546,0.08672601309437634,0.95,0.010768551300731687,999,999,999,0,,common_complete_parents_across_declared_methods_and_conditions
ARFIMA,ModifiedLocalWhittle,linear_trend_0p5sd,paired_mae_ratio,2.236965661812737,0.05450064835870111,0.12191607892494509,1.6806515387242118,2.9333245229926375,0.95,0.31306737244379906,999,999,999,0,,common_complete_parents_across_declared_methods_and_conditions
ARFIMA,ModifiedLocalWhittle,midpoint_step_1sd,absolute_error_inflation,0.06576163145279072,0.05450064835870111,0.12026227981149183,0.044088726817878635,0.08379744899215792,0.95,0.010077439840618442,999,999,999,0,,common_complete_parents_across_declared_methods_and_conditions
ARFIMA,ModifiedLocalWhittle,midpoint_step_1sd,paired_mae_ratio,2.2066210849451626,0.05450064835870111,0.12026227981149183,1.659153562657481,2.8931295670707264,0.95,0.30156124451384464,999,999,999,0,,common_complete_parents_across_declared_methods_and_conditions
ARFIMA,ModifiedLocalWhittle,t3_realized_sd_0p5,absolute_error_inflation,0.008140224546671126,0.05450064835870111,0.06264087290537224,-0.0003715083879516739,0.016961299502983102,0.95,0.004406043156953092,999,999,999,0,,common_complete_parents_across_declared_methods_and_conditions
ARFIMA,ModifiedLocalWhittle,t3_realized_sd_0p5,paired_mae_ratio,1.1493601414261254,0.05450064835870111,0.06264087290537224,0.9943570794133937,1.3267554936696035,0.95,0.08606593589434021,999,999,999,0,,common_complete_parents_across_declared_methods_and_conditions
ARFIMA,ModifiedLocalWhittle,t5_realized_sd_0p5,absolute_error_inflation,0.012012391465816216,0.05450064835870111,0.06651303982451733,0.0021281586530688796,0.02087702881096668,0.95,0.004683955957987271,999,999,999,0,,common_complete_parents_across_declared_methods_and_conditions
ARFIMA,ModifiedLocalWhittle,t5_realized_sd_0p5,paired_mae_ratio,1.2204082304994894,0.05450064835870111,0.06651303982451733,1.0346784338602584,1.409898535224911,0.95,0.09506612496374292,999,999,999,0,,common_complete_parents_across_declared_methods_and_conditions
ARFIMA,RS,additive_outliers_1pct_8sd,absolute_error_inflation,0.03224901998234276,0.04042862656734069,0.07267764654968345,0.023047070103851035,0.040559437180195085,0.95,0.0047073443026168765,999,999,999,0,,common_complete_parents_across_declared_methods_and_conditions
ARFIMA,RS,additive_outliers_1pct_8sd,paired_mae_ratio,1.7976778515744676,0.04042862656734069,0.07267764654968345,1.5292073371209438,2.124723374484257,0.95,0.15339930114978187,999,999,999,0,,common_complete_parents_across_declared_methods_and_conditions
ARFIMA,RS,constant_offset_1sd,absolute_error_inflation,-2.7755575615628914e-17,0.04042862656734069,0.04042862656734066,-4.85722573273506e-17,2.7755575615628914e-17,0.95,1.9983604962588048e-17,999,999,999,0,,common_complete_parents_across_declared_methods_and_conditions
ARFIMA,RS,constant_offset_1sd,paired_mae_ratio,0.9999999999999993,0.04042862656734069,0.04042862656734066,0.9999999999999988,1.0000000000000007,0.95,5.097018587397861e-16,999,999,999,0,,common_complete_parents_across_declared_methods_and_conditions
ARFIMA,RS,linear_plus_quadratic_0p5sd,absolute_error_inflation,-0.005532962047285567,0.04042862656734069,0.034895664520055124,-0.012871533568860956,0.0013890704533170617,0.95,0.003630382550629303,999,999,999,0,,common_complete_parents_across_declared_methods_and_conditions
ARFIMA,RS,linear_plus_quadratic_0p5sd,paired_mae_ratio,0.8631424681699368,0.04042862656734069,0.034895664520055124,0.7082273107184589,1.0382753950550847,0.95,0.08380722139677543,999,999,999,0,,common_complete_parents_across_declared_methods_and_conditions
ARFIMA,RS,linear_trend_0p5sd,absolute_error_inflation,-0.0033339986010664444,0.04042862656734069,0.037094627966274246,-0.010931237803335202,0.004483597092967452,0.95,0.0039980008445966,999,999,999,0,,common_complete_parents_across_declared_methods_and_conditions
ARFIMA,RS,linear_trend_0p5sd,paired_mae_ratio,0.9175337159793665,0.04042862656734069,0.037094627966274246,0.7576753843066218,1.1229418464008218,0.95,0.0954533149707213,999,999,999,0,,common_complete_parents_across_declared_methods_and_conditions
ARFIMA,RS,midpoint_step_1sd,absolute_error_inflation,0.0004710198962787279,0.04042862656734069,0.04089964646361942,-0.009401050910214188,0.010033212624860432,0.95,0.004944343580286637,999,999,999,0,,common_complete_parents_across_declared_methods_and_conditions
ARFIMA,RS,midpoint_step_1sd,paired_mae_ratio,1.0116506529227296,0.04042862656734069,0.04089964646361942,0.7866575924057524,1.278445401220384,0.95,0.12430271435147375,999,999,999,0,,common_complete_parents_across_declared_methods_and_conditions
ARFIMA,RS,t3_realized_sd_0p5,absolute_error_inflation,0.012496591309028894,0.04042862656734069,0.052925217876369585,0.006202497422633747,0.0184031938740654,0.95,0.003142733066779673,999,999,999,0,,common_complete_parents_across_declared_methods_and_conditions
ARFIMA,RS,t3_realized_sd_0p5,paired_mae_ratio,1.3091025436694892,0.04042862656734069,0.052925217876369585,1.1440916197513937,1.4919930144773785,0.95,0.08826466816875733,999,999,999,0,,common_complete_parents_across_declared_methods_and_conditions
ARFIMA,RS,t5_realized_sd_0p5,absolute_error_inflation,0.011092285700124771,0.04042862656734069,0.05152091226746546,0.005253625068428933,0.01658960901997234,0.95,0.002913651080977181,999,999,999,0,,common_complete_parents_across_declared_methods_and_conditions
ARFIMA,RS,t5_realized_sd_0p5,paired_mae_ratio,1.2743671166184363,0.04042862656734069,0.05152091226746546,1.126230606788459,1.4531172756461748,0.95,0.0841224067026143,999,999,999,0,,common_complete_parents_across_declared_methods_and_conditions
ARFIMA,Variance,additive_outliers_1pct_8sd,absolute_error_inflation,0.035712413602546955,0.2544756528875658,0.29018806649011275,-0.004559601135985183,0.0788352303810213,0.95,0.021301287798799345,999,999,999,0,,common_complete_parents_across_declared_methods_and_conditions
ARFIMA,Variance,additive_outliers_1pct_8sd,paired_mae_ratio,1.1403372511174013,0.2544756528875658,0.29018806649011275,0.9838757492418224,1.3184233357341335,0.95,0.0858584422174697,999,999,999,0,,common_complete_parents_across_declared_methods_and_conditions
ARFIMA,Variance,constant_offset_1sd,absolute_error_inflation,-1.6653345369377348e-16,0.2544756528875658,0.25447565288756563,-1.6653345369377348e-16,0.0,0.95,4.526562408970835e-17,999,999,999,0,,common_complete_parents_across_declared_methods_and_conditions
ARFIMA,Variance,constant_offset_1sd,paired_mae_ratio,0.9999999999999993,0.2544756528875658,0.25447565288756563,0.9999999999999994,1.0,0.95,2.564512175027334e-16,999,999,999,0,,common_complete_parents_across_declared_methods_and_conditions
ARFIMA,Variance,linear_plus_quadratic_0p5sd,absolute_error_inflation,-0.05004937769566481,0.2544756528875658,0.20442627519190099,-0.13549514336137108,0.036127430512664725,0.95,0.04357343014589025,999,999,999,0,,common_complete_parents_across_declared_methods_and_conditions
ARFIMA,Variance,linear_plus_quadratic_0p5sd,paired_mae_ratio,0.8033235119833725,0.2544756528875658,0.20442627519190099,0.5328836458714757,1.1683336138587217,0.95,0.15821945039516347,999,999,999,0,,common_complete_parents_across_declared_methods_and_conditions
ARFIMA,Variance,linear_trend_0p5sd,absolute_error_inflation,-0.14217181497843057,0.2544756528875658,0.11230383790913522,-0.19532266607901627,-0.0941443016751638,0.95,0.02680525740578687,999,999,999,0,,common_complete_parents_across_declared_methods_and_conditions
ARFIMA,Variance,linear_trend_0p5sd,paired_mae_ratio,0.4413146665891612,0.2544756528875658,0.11230383790913522,0.3452651873211329,0.5636914141696466,0.95,0.05539620623169985,999,999,999,0,,common_complete_parents_across_declared_methods_and_conditions
ARFIMA,Variance,midpoint_step_1sd,absolute_error_inflation,-0.1189944301747208,0.2544756528875658,0.135481222712845,-0.1703245991570956,-0.07291068272391676,0.95,0.025899793275341525,999,999,999,0,,common_complete_parents_across_declared_methods_and_conditions
ARFIMA,Variance,midpoint_step_1sd,paired_mae_ratio,0.5323936540707266,0.2544756528875658,0.135481222712845,0.4313152584028555,0.6607041518867813,0.95,0.06017454508165867,999,999,999,0,,common_complete_parents_across_declared_methods_and_conditions
ARFIMA,Variance,t3_realized_sd_0p5,absolute_error_inflation,0.022470148878129925,0.2544756528875658,0.2769458017656957,-0.007263342464733407,0.054430046723502296,0.95,0.01609707384648488,999,999,999,0,,common_complete_parents_across_declared_methods_and_conditions
ARFIMA,Variance,t3_realized_sd_0p5,paired_mae_ratio,1.0882997985196559,0.2544756528875658,0.2769458017656957,0.9717875604492378,1.2196818200839206,0.95,0.06588515158691388,999,999,999,0,,common_complete_parents_across_declared_methods_and_conditions
ARFIMA,Variance,t5_realized_sd_0p5,absolute_error_inflation,0.010312378517649434,0.2544756528875658,0.26478803140521523,-0.016837448390601424,0.04367740615969608,0.95,0.0156663851162241,999,999,999,0,,common_complete_parents_across_declared_methods_and_conditions
ARFIMA,Variance,t5_realized_sd_0p5,paired_mae_ratio,1.0405240281364194,0.2544756528875658,0.26478803140521523,0.9357003097755386,1.17542391507624,0.95,0.06234109926623096,999,999,999,0,,common_complete_parents_across_declared_methods_and_conditions
ARFIMA,VarianceResidual,additive_outliers_1pct_8sd,absolute_error_inflation,0.043797552257696146,0.07477600062408066,0.1185735528817768,0.03381349245287533,0.0533543509842193,0.95,0.004963720930355271,999,999,999,0,,common_complete_parents_across_declared_methods_and_conditions
ARFIMA,VarianceResidual,additive_outliers_1pct_8sd,paired_mae_ratio,1.5857166991034781,0.07477600062408066,0.1185735528817768,1.437764140837144,1.7817383598620073,0.95,0.0877849210141501,999,999,999,0,,common_complete_parents_across_declared_methods_and_conditions
ARFIMA,VarianceResidual,constant_offset_1sd,absolute_error_inflation,1.3877787807814457e-17,0.07477600062408066,0.07477600062408067,-5.551115123125783e-17,2.7755575615628914e-17,0.95,2.1436890111455697e-17,999,999,999,0,,common_complete_parents_across_declared_methods_and_conditions
ARFIMA,VarianceResidual,constant_offset_1sd,paired_mae_ratio,1.0000000000000002,0.07477600062408066,0.07477600062408067,0.9999999999999992,1.0000000000000004,0.95,2.9356916780368533e-16,999,999,999,0,,common_complete_parents_across_declared_methods_and_conditions
ARFIMA,VarianceResidual,linear_plus_quadratic_0p5sd,absolute_error_inflation,-0.015083579583351922,0.07477600062408066,0.059692421040728735,-0.0271498648638734,-0.0025724021732041503,0.95,0.006296941767407275,999,999,999,0,,common_complete_parents_across_declared_methods_and_conditions
ARFIMA,VarianceResidual,linear_plus_quadratic_0p5sd,paired_mae_ratio,0.7982831462305507,0.07477600062408066,0.059692421040728735,0.6692321268653373,0.9624550911715957,0.95,0.07545244408228123,999,999,999,0,,common_complete_parents_across_declared_methods_and_conditions
ARFIMA,VarianceResidual,linear_trend_0p5sd,absolute_error_inflation,-0.015746417576476844,0.07477600062408066,0.05902958304760381,-0.028130812933954318,-0.002886210480365949,0.95,0.006556689494491158,999,999,999,0,,common_complete_parents_across_declared_methods_and_conditions
ARFIMA,VarianceResidual,linear_trend_0p5sd,paired_mae_ratio,0.7894188316430779,0.07477600062408066,0.05902958304760381,0.6533055623898311,0.9518102361148613,0.95,0.07894434576028839,999,999,999,0,,common_complete_parents_across_declared_methods_and_conditions
ARFIMA,VarianceResidual,midpoint_step_1sd,absolute_error_inflation,-0.023938534766858643,0.07477600062408066,0.050837465857222014,-0.03807207607496648,-0.008966228210953903,0.95,0.007583690676797635,999,999,999,0,,common_complete_parents_across_declared_methods_and_conditions
ARFIMA,VarianceResidual,midpoint_step_1sd,paired_mae_ratio,0.6798633977871565,0.07477600062408066,0.050837465857222014,0.5326582917846608,0.8670225439112134,0.95,0.0857703549451129,999,999,999,0,,common_complete_parents_across_declared_methods_and_conditions
ARFIMA,VarianceResidual,t3_realized_sd_0p5,absolute_error_inflation,0.020140113189341016,0.07477600062408066,0.09491611381342167,0.013261691407567926,0.027084492076342337,0.95,0.0035236947945050325,999,999,999,0,,common_complete_parents_across_declared_methods_and_conditions
ARFIMA,VarianceResidual,t3_realized_sd_0p5,paired_mae_ratio,1.2693392668938106,0.07477600062408066,0.09491611381342167,1.173292090773799,1.3747441607854636,0.95,0.0503903984528916,999,999,999,0,,common_complete_parents_across_declared_methods_and_conditions
ARFIMA,VarianceResidual,t5_realized_sd_0p5,absolute_error_inflation,0.017662107661017515,0.07477600062408066,0.09243810828509817,0.010446659454383186,0.024137131796146155,0.95,0.003569976848515776,999,999,999,0,,common_complete_parents_across_declared_methods_and_conditions
ARFIMA,VarianceResidual,t5_realized_sd_0p5,paired_mae_ratio,1.236200218166384,0.07477600062408066,0.09243810828509817,1.1380082061032297,1.342163851772445,0.95,0.0525410824687132,999,999,999,0,,common_complete_parents_across_declared_methods_and_conditions
ARFIMA,WaveletOLS::broad_band,additive_outliers_1pct_8sd,absolute_error_inflation,0.0373276052122084,0.07858457624978211,0.11591218146199052,0.021682139259489093,0.0520901931885715,0.95,0.008034521485771624,999,999,999,0,,common_complete_parents_across_declared_methods_and_conditions
ARFIMA,WaveletOLS::broad_band,additive_outliers_1pct_8sd,paired_mae_ratio,1.4749991282457529,0.07858457624978211,0.11591218146199052,1.263060528728562,1.754399224359923,0.95,0.12624309021028116,999,999,999,0,,common_complete_parents_across_declared_methods_and_conditions
ARFIMA,WaveletOLS::broad_band,constant_offset_1sd,absolute_error_inflation,2.7755575615628914e-17,0.07858457624978211,0.07858457624978214,-2.7755575615628914e-17,4.163336342344337e-17,0.95,1.6998064919422437e-17,999,999,999,0,,common_complete_parents_across_declared_methods_and_conditions
ARFIMA,WaveletOLS::broad_band,constant_offset_1sd,paired_mae_ratio,1.0000000000000004,0.07858457624978211,0.07858457624978214,0.9999999999999997,1.0000000000000004,0.95,2.6574618260282824e-16,999,999,999,0,,common_complete_parents_across_declared_methods_and_conditions
ARFIMA,WaveletOLS::broad_band,linear_plus_quadratic_0p5sd,absolute_error_inflation,-0.004127877228897389,0.07858457624978211,0.07445669902088473,-0.009457025823268407,0.0011053853549332967,0.95,0.0027264262371373537,999,999,999,0,,common_complete_parents_across_declared_methods_and_conditions
ARFIMA,WaveletOLS::broad_band,linear_plus_quadratic_0p5sd,paired_mae_ratio,0.9474721704195888,0.07858457624978211,0.07445669902088473,0.8775687462608085,1.013724915224606,0.95,0.03490619276898277,999,999,999,0,,common_complete_parents_across_declared_methods_and_conditions
ARFIMA,WaveletOLS::broad_band,linear_trend_0p5sd,absolute_error_inflation,-0.0008783763146581192,0.07858457624978211,0.077706199935124,-0.003209965303870336,0.0013706191605960367,0.95,0.0011346130526427964,999,999,999,0,,common_complete_parents_across_declared_methods_and_conditions
ARFIMA,WaveletOLS::broad_band,linear_trend_0p5sd,paired_mae_ratio,0.9888225354570064,0.07858457624978211,0.077706199935124,0.9594721387305222,1.0178367559023513,0.95,0.014615877282602188,999,999,999,0,,common_complete_parents_across_declared_methods_and_conditions
ARFIMA,WaveletOLS::broad_band,midpoint_step_1sd,absolute_error_inflation,-0.0063664359541193705,0.07858457624978211,0.07221814029566274,-0.014891576335781672,0.0026643986101060548,0.95,0.004564536238855372,999,999,999,0,,common_complete_parents_across_declared_methods_and_conditions
ARFIMA,WaveletOLS::broad_band,midpoint_step_1sd,paired_mae_ratio,0.9189861896832838,0.07858457624978211,0.07221814029566274,0.8202262938929369,1.0363108476357552,0.95,0.05696513722503079,999,999,999,0,,common_complete_parents_across_declared_methods_and_conditions
ARFIMA,WaveletOLS::broad_band,t3_realized_sd_0p5,absolute_error_inflation,0.016411764540966406,0.07858457624978211,0.09499634079074852,0.005462864378536177,0.028190436025921545,0.95,0.0055274514336254394,999,999,999,0,,common_complete_parents_across_declared_methods_and_conditions
ARFIMA,WaveletOLS::broad_band,t3_realized_sd_0p5,paired_mae_ratio,1.2088420568535154,0.07858457624978211,0.09499634079074852,1.066743587236624,1.3865180627105345,0.95,0.07955988720004786,999,999,999,0,,common_complete_parents_across_declared_methods_and_conditions
ARFIMA,WaveletOLS::broad_band,t5_realized_sd_0p5,absolute_error_inflation,0.0126985844994639,0.07858457624978211,0.09128316074924601,0.0013393327622980965,0.02398379465982419,0.95,0.0058884681412618815,999,999,999,0,,common_complete_parents_across_declared_methods_and_conditions
ARFIMA,WaveletOLS::broad_band,t5_realized_sd_0p5,paired_mae_ratio,1.1615913084407465,0.07858457624978211,0.09128316074924601,1.0179084844620911,1.3340750187474333,0.95,0.08175971073767142,999,999,999,0,,common_complete_parents_across_declared_methods_and_conditions
ARFIMA,WaveletOLS::conservative_band,additive_outliers_1pct_8sd,absolute_error_inflation,0.03385293974317041,0.14301227921840623,0.17686521896157664,0.005769868973076791,0.058879933199369516,0.95,0.013726225421462205,999,999,999,0,,common_complete_parents_across_declared_methods_and_conditions
ARFIMA,WaveletOLS::conservative_band,additive_outliers_1pct_8sd,paired_mae_ratio,1.2367135180851898,0.14301227921840623,0.17686521896157664,1.0413769204884546,1.447271721262136,0.95,0.10550184329182437,999,999,999,0,,common_complete_parents_across_declared_methods_and_conditions
ARFIMA,WaveletOLS::conservative_band,constant_offset_1sd,absolute_error_inflation,-2.7755575615628914e-17,0.14301227921840623,0.1430122792184062,-5.551115123125783e-17,2.7755575615628914e-17,0.95,2.3932251140198167e-17,999,999,999,0,,common_complete_parents_across_declared_methods_and_conditions
ARFIMA,WaveletOLS::conservative_band,constant_offset_1sd,paired_mae_ratio,0.9999999999999998,0.14301227921840623,0.1430122792184062,0.9999999999999996,1.0000000000000002,0.95,2.0627166410507072e-16,999,999,999,0,,common_complete_parents_across_declared_methods_and_conditions
ARFIMA,WaveletOLS::conservative_band,linear_plus_quadratic_0p5sd,absolute_error_inflation,0.00017794579182656145,0.14301227921840623,0.1431902250102328,-0.0009176848750637095,0.0012922992848305793,0.95,0.0005621484511428034,999,999,999,0,,common_complete_parents_across_declared_methods_and_conditions
ARFIMA,WaveletOLS::conservative_band,linear_plus_quadratic_0p5sd,paired_mae_ratio,1.0012442693228796,0.14301227921840623,0.1431902250102328,0.9941069336386961,1.0100757248865728,0.95,0.00402568502158892,999,999,999,0,,common_complete_parents_across_declared_methods_and_conditions
ARFIMA,WaveletOLS::conservative_band,linear_trend_0p5sd,absolute_error_inflation,-0.0002838377381724766,0.14301227921840623,0.14272844148023375,-0.0008093965649058822,0.00028799204750165055,0.95,0.0002761884834589283,999,999,999,0,,common_complete_parents_across_declared_methods_and_conditions
ARFIMA,WaveletOLS::conservative_band,linear_trend_0p5sd,paired_mae_ratio,0.9980152911363716,0.14301227921840623,0.14272844148023375,0.9946957993788874,1.002224919471275,0.95,0.0018942033943350773,999,999,999,0,,common_complete_parents_across_declared_methods_and_conditions
ARFIMA,WaveletOLS::conservative_band,midpoint_step_1sd,absolute_error_inflation,-0.0014312320804445167,0.14301227921840623,0.1415810471379617,-0.007712871706485835,0.005649985421651087,0.95,0.003463565736348507,999,999,999,0,,common_complete_parents_across_declared_methods_and_conditions
ARFIMA,WaveletOLS::conservative_band,midpoint_step_1sd,paired_mae_ratio,0.9899922434054858,0.14301227921840623,0.1415810471379617,0.9445291356467056,1.0377611928332584,0.95,0.024480518995666126,999,999,999,0,,common_complete_parents_across_declared_methods_and_conditions
ARFIMA,WaveletOLS::conservative_band,t3_realized_sd_0p5,absolute_error_inflation,0.004683542584742351,0.14301227921840623,0.14769582180314858,-0.011422911511684923,0.02204807899387398,0.95,0.008831759047077468,999,999,999,0,,common_complete_parents_across_declared_methods_and_conditions
ARFIMA,WaveletOLS::conservative_band,t3_realized_sd_0p5,paired_mae_ratio,1.032749233914311,0.14301227921840623,0.14769582180314858,0.9221962243622557,1.1711368290128046,0.95,0.06409134175739617,999,999,999,0,,common_complete_parents_across_declared_methods_and_conditions
ARFIMA,WaveletOLS::conservative_band,t5_realized_sd_0p5,absolute_error_inflation,0.025655406332308922,0.14301227921840623,0.16866768555071515,0.006014067569701359,0.04518193469642764,0.95,0.009956228723931168,999,999,999,0,,common_complete_parents_across_declared_methods_and_conditions
ARFIMA,WaveletOLS::conservative_band,t5_realized_sd_0p5,paired_mae_ratio,1.179393031650998,0.14301227921840623,0.16866768555071515,1.0427299463863233,1.3336598865528448,0.95,0.07476862789365855,999,999,999,0,,common_complete_parents_across_declared_methods_and_conditions
ARFIMA,WaveletOLS::upper_band,additive_outliers_1pct_8sd,absolute_error_inflation,0.03044624970135923,0.07059572061225511,0.10104197031361434,0.012735584948512612,0.046048188789175784,0.95,0.008618855365030912,999,999,999,0,,common_complete_parents_across_declared_methods_and_conditions
ARFIMA,WaveletOLS::upper_band,additive_outliers_1pct_8sd,paired_mae_ratio,1.4312761373820992,0.07059572061225511,0.10104197031361434,1.169798046579408,1.7136673095591168,0.95,0.14446663496608217,999,999,999,0,,common_complete_parents_across_declared_methods_and_conditions
ARFIMA,WaveletOLS::upper_band,constant_offset_1sd,absolute_error_inflation,-2.7755575615628914e-17,0.07059572061225511,0.07059572061225508,-2.7755575615628914e-17,4.163336342344337e-17,0.95,1.8381750734413453e-17,999,999,999,0,,common_complete_parents_across_declared_methods_and_conditions
ARFIMA,WaveletOLS::upper_band,constant_offset_1sd,paired_mae_ratio,0.9999999999999996,0.07059572061225511,0.07059572061225508,0.9999999999999996,1.0000000000000007,0.95,2.972691067990323e-16,999,999,999,0,,common_complete_parents_across_declared_methods_and_conditions
ARFIMA,WaveletOLS::upper_band,linear_plus_quadratic_0p5sd,absolute_error_inflation,-4.677154545816575e-05,0.07059572061225511,0.07054894906679694,-0.001835843525263587,0.0016615808113608292,0.95,0.0008907042175748913,999,999,999,0,,common_complete_parents_across_declared_methods_and_conditions
ARFIMA,WaveletOLS::upper_band,linear_plus_quadratic_0p5sd,paired_mae_ratio,0.9993374733616637,0.07059572061225511,0.07054894906679694,0.9748851967926849,1.0243738110348788,0.95,0.012743257742572253,999,999,999,0,,common_complete_parents_across_declared_methods_and_conditions
ARFIMA,WaveletOLS::upper_band,linear_trend_0p5sd,absolute_error_inflation,0.0001472844753883651,0.07059572061225511,0.07074300508764347,-0.0004914325750205457,0.0008621193115419322,0.95,0.00034807939256199083,999,999,999,0,,common_complete_parents_across_declared_methods_and_conditions
ARFIMA,WaveletOLS::upper_band,linear_trend_0p5sd,paired_mae_ratio,1.0020863088316263,0.07059572061225511,0.07074300508764347,0.9926741473539894,1.01203947097568,0.95,0.004947896154533102,999,999,999,0,,common_complete_parents_across_declared_methods_and_conditions
ARFIMA,WaveletOLS::upper_band,midpoint_step_1sd,absolute_error_inflation,-0.008265804386440478,0.07059572061225511,0.06232991622581463,-0.014917880327074088,-0.0020879364739021127,0.95,0.003187680172268596,999,999,999,0,,common_complete_parents_across_declared_methods_and_conditions
ARFIMA,WaveletOLS::upper_band,midpoint_step_1sd,paired_mae_ratio,0.8829135206106874,0.07059572061225511,0.06232991622581463,0.7941999073329132,0.9666002687490993,0.95,0.04309179379958927,999,999,999,0,,common_complete_parents_across_declared_methods_and_conditions
ARFIMA,WaveletOLS::upper_band,t3_realized_sd_0p5,absolute_error_inflation,0.013261227762171937,0.07059572061225511,0.08385694837442705,0.0010405050915066431,0.025446521399680563,0.95,0.006137489205581133,999,999,999,0,,common_complete_parents_across_declared_methods_and_conditions
ARFIMA,WaveletOLS::upper_band,t3_realized_sd_0p5,paired_mae_ratio,1.187847473574338,0.07059572061225511,0.08385694837442705,1.0126706067678877,1.406818656308127,0.95,0.09809568811028127,999,999,999,0,,common_complete_parents_across_declared_methods_and_conditions
ARFIMA,WaveletOLS::upper_band,t5_realized_sd_0p5,absolute_error_inflation,0.01786865030216679,0.07059572061225511,0.0884643709144219,0.00535274058547856,0.029061007172996853,0.95,0.006181980924043213,999,999,999,0,,common_complete_parents_across_declared_methods_and_conditions
ARFIMA,WaveletOLS::upper_band,t5_realized_sd_0p5,paired_mae_ratio,1.253112372070112,0.07059572061225511,0.0884643709144219,1.0714373341293508,1.4448565246646994,0.95,0.0983800394020624,999,999,999,0,,common_complete_parents_across_declared_methods_and_conditions
ARFIMA,WhittleMLE,additive_outliers_1pct_8sd,absolute_error_inflation,0.02235959259872719,0.05450198512766234,0.07686157772638953,0.008627844284843308,0.03624122678900686,0.95,0.00690103906453778,999,999,999,0,,common_complete_parents_across_declared_methods_and_conditions
ARFIMA,WhittleMLE,additive_outliers_1pct_8sd,paired_mae_ratio,1.4102528109086918,0.05450198512766234,0.07686157772638953,1.1447752615964932,1.744104445225034,0.95,0.15414030814400553,999,999,999,0,,common_complete_parents_across_declared_methods_and_conditions
ARFIMA,WhittleMLE,constant_offset_1sd,absolute_error_inflation,-5.902223154663488e-14,0.05450198512766234,0.05450198512760332,-2.880733845911365e-13,7.663314427475137e-14,0.95,9.21831015508026e-14,999,999,999,0,,common_complete_parents_across_declared_methods_and_conditions
ARFIMA,WhittleMLE,constant_offset_1sd,paired_mae_ratio,0.9999999999989171,0.05450198512766234,0.05450198512760332,0.999999999994521,1.000000000001357,0.95,1.755855027773071e-12,999,999,999,0,,common_complete_parents_across_declared_methods_and_conditions
ARFIMA,WhittleMLE,linear_plus_quadratic_0p5sd,absolute_error_inflation,0.06947870050610705,0.05450198512766234,0.12398068563376939,0.04701270030544374,0.0892191695903099,0.95,0.010640302755713807,999,999,999,0,,common_complete_parents_across_declared_methods_and_conditions
ARFIMA,WhittleMLE,linear_plus_quadratic_0p5sd,paired_mae_ratio,2.2747921079088056,0.05450198512766234,0.12398068563376939,1.7184233879854387,2.9736065228629003,0.95,0.3137098454349831,999,999,999,0,,common_complete_parents_across_declared_methods_and_conditions
ARFIMA,WhittleMLE,linear_trend_0p5sd,absolute_error_inflation,0.06968472537501796,0.05450198512766234,0.1241867105026803,0.04723208219311842,0.0889043742342871,0.95,0.01078594274595813,999,999,999,0,,common_complete_parents_across_declared_methods_and_conditions
ARFIMA,WhittleMLE,linear_trend_0p5sd,paired_mae_ratio,2.278572243043853,0.05450198512766234,0.1241867105026803,1.7101421414815883,2.988122589170098,0.95,0.3176955538452523,999,999,999,0,,common_complete_parents_across_declared_methods_and_conditions
ARFIMA,WhittleMLE,midpoint_step_1sd,absolute_error_inflation,0.06795893000597042,0.05450198512766234,0.12246091513363276,0.046472494140660785,0.08612152199476662,0.95,0.010102237280663992,999,999,999,0,,common_complete_parents_across_declared_methods_and_conditions
ARFIMA,WhittleMLE,midpoint_step_1sd,paired_mae_ratio,2.246907426340294,0.05450198512766234,0.12246091513363276,1.691973042110991,2.9387020832697273,0.95,0.3062530015265286,999,999,999,0,,common_complete_parents_across_declared_methods_and_conditions
ARFIMA,WhittleMLE,t3_realized_sd_0p5,absolute_error_inflation,0.007901981335124458,0.05450198512766234,0.0624039664627868,-0.0008378807038401097,0.016755346658898336,0.95,0.004452002701681875,999,999,999,0,,common_complete_parents_across_declared_methods_and_conditions
ARFIMA,WhittleMLE,t3_realized_sd_0p5,paired_mae_ratio,1.1449852022199798,0.05450198512766234,0.0624039664627868,0.9868542028563506,1.329974906700474,0.95,0.08696397113580741,999,999,999,0,,common_complete_parents_across_declared_methods_and_conditions
ARFIMA,WhittleMLE,t5_realized_sd_0p5,absolute_error_inflation,0.011468462366736265,0.05450198512766234,0.0659704474943986,0.001396166800362741,0.020462270200885754,0.95,0.004740202678185655,999,999,999,0,,common_complete_parents_across_declared_methods_and_conditions
ARFIMA,WhittleMLE,t5_realized_sd_0p5,paired_mae_ratio,1.2104228376245965,0.05450198512766234,0.0659704474943986,1.023596030149004,1.4025218247099271,0.95,0.09571756552141565,999,999,999,0,,common_complete_parents_across_declared_methods_and_conditions
fGn,AbsoluteMoment,additive_outliers_1pct_8sd,absolute_error_inflation,0.018031897295909094,0.22665348590060766,0.24468538319651675,-0.004679172394795705,0.03910775617510959,0.95,0.011183444615416798,999,999,999,0,,common_complete_parents_across_declared_methods_and_conditions
fGn,AbsoluteMoment,additive_outliers_1pct_8sd,paired_mae_ratio,1.079557114351272,0.22665348590060766,0.24468538319651675,0.9816500511461135,1.1825332213402004,0.95,0.05140955437547488,999,999,999,0,,common_complete_parents_across_declared_methods_and_conditions
fGn,AbsoluteMoment,constant_offset_1sd,absolute_error_inflation,0.0,0.22665348590060766,0.22665348590060766,-1.1102230246251565e-16,5.551115123125783e-17,0.95,5.223450435859511e-17,999,999,999,0,,common_complete_parents_across_declared_methods_and_conditions
fGn,AbsoluteMoment,constant_offset_1sd,paired_mae_ratio,1.0,0.22665348590060766,0.22665348590060766,0.9999999999999994,1.0000000000000002,0.95,2.4284638732364586e-16,999,999,999,0,,common_complete_parents_across_declared_methods_and_conditions
fGn,AbsoluteMoment,linear_plus_quadratic_0p5sd,absolute_error_inflation,0.04559988133768947,0.22665348590060766,0.27225336723829713,0.015252831163052814,0.07384915868416378,0.95,0.014993344360944813,999,999,999,0,,common_complete_parents_across_declared_methods_and_conditions
fGn,AbsoluteMoment,linear_plus_quadratic_0p5sd,paired_mae_ratio,1.2011876462278899,0.22665348590060766,0.27225336723829713,1.0628696990792899,1.35501562723536,0.95,0.07519107962043416,999,999,999,0,,common_complete_parents_across_declared_methods_and_conditions
fGn,AbsoluteMoment,linear_trend_0p5sd,absolute_error_inflation,0.09425801586216179,0.22665348590060766,0.32091150176276945,0.0643105684885454,0.12111701731943564,0.95,0.01499764671945541,999,999,999,0,,common_complete_parents_across_declared_methods_and_conditions
fGn,AbsoluteMoment,linear_trend_0p5sd,paired_mae_ratio,1.4158683705552886,0.22665348590060766,0.32091150176276945,1.255271508553938,1.5898020768340215,0.95,0.08728950713893391,999,999,999,0,,common_complete_parents_across_declared_methods_and_conditions
fGn,AbsoluteMoment,midpoint_step_1sd,absolute_error_inflation,0.10448968766235081,0.22665348590060766,0.33114317356295847,0.07636906079771189,0.1293220349475627,0.95,0.013777002632145074,999,999,999,0,,common_complete_parents_across_declared_methods_and_conditions
fGn,AbsoluteMoment,midpoint_step_1sd,paired_mae_ratio,1.4610107241331896,0.22665348590060766,0.33114317356295847,1.3038237759365299,1.6243277093507638,0.95,0.08480227069080394,999,999,999,0,,common_complete_parents_across_declared_methods_and_conditions
fGn,AbsoluteMoment,t3_realized_sd_0p5,absolute_error_inflation,0.008185353619424712,0.22665348590060766,0.23483883952003237,-0.010505461821084102,0.028624645029482178,0.95,0.01009372184761191,999,999,999,0,,common_complete_parents_across_declared_methods_and_conditions
fGn,AbsoluteMoment,t3_realized_sd_0p5,paired_mae_ratio,1.0361139542456195,0.22665348590060766,0.23483883952003237,0.954404178618045,1.1334355506469511,0.95,0.04540647448127845,999,999,999,0,,common_complete_parents_across_declared_methods_and_conditions
fGn,AbsoluteMoment,t5_realized_sd_0p5,absolute_error_inflation,0.0007151453504174454,0.22665348590060766,0.2273686312510251,-0.0197526325829065,0.020153706934882398,0.95,0.01042923210096353,999,999,999,0,,common_complete_parents_across_declared_methods_and_conditions
fGn,AbsoluteMoment,t5_realized_sd_0p5,paired_mae_ratio,1.0031552364949332,0.22665348590060766,0.2273686312510251,0.9163753661752538,1.0927866713432755,0.95,0.045974394799343586,999,999,999,0,,common_complete_parents_across_declared_methods_and_conditions
fGn,DFA::balanced_scales,additive_outliers_1pct_8sd,absolute_error_inflation,0.04447414260931422,0.05660573128392453,0.10107987389323875,0.03782828689743816,0.05111593867793299,0.95,0.003433514253443013,999,999,999,0,,common_complete_parents_across_declared_methods_and_conditions
fGn,DFA::balanced_scales,additive_outliers_1pct_8sd,paired_mae_ratio,1.7856826791308398,0.05660573128392453,0.10107987389323875,1.6322121694942404,1.9573125468989663,0.95,0.08353035179572016,999,999,999,0,,common_complete_parents_across_declared_methods_and_conditions
fGn,DFA::balanced_scales,constant_offset_1sd,absolute_error_inflation,-2.0816681711721685e-17,0.05660573128392453,0.05660573128392451,-2.7755575615628914e-17,1.3877787807814457e-17,0.95,1.0811831318984805e-17,999,999,999,0,,common_complete_parents_across_declared_methods_and_conditions
fGn,DFA::balanced_scales,constant_offset_1sd,paired_mae_ratio,0.9999999999999997,0.05660573128392453,0.05660573128392451,0.9999999999999994,1.0000000000000002,0.95,2.47954734548449e-16,999,999,999,0,,common_complete_parents_across_declared_methods_and_conditions
fGn,DFA::balanced_scales,linear_plus_quadratic_0p5sd,absolute_error_inflation,0.06829653496620698,0.05660573128392453,0.12490226625013151,0.06261210914408644,0.07387341658004173,0.95,0.0028530969483115715,999,999,999,0,,common_complete_parents_across_declared_methods_and_conditions
fGn,DFA::balanced_scales,linear_plus_quadratic_0p5sd,paired_mae_ratio,2.2065303886569967,0.05660573128392453,0.12490226625013151,2.024643615343815,2.4067701311993246,0.95,0.0975336392052968,999,999,999,0,,common_complete_parents_across_declared_methods_and_conditions
fGn,DFA::balanced_scales,linear_trend_0p5sd,absolute_error_inflation,0.05644361413597286,0.05660573128392453,0.11304934541989739,0.05119788648073823,0.06213695228022363,0.95,0.002785074750413228,999,999,999,0,,common_complete_parents_across_declared_methods_and_conditions
fGn,DFA::balanced_scales,linear_trend_0p5sd,paired_mae_ratio,1.9971360294395188,0.05660573128392453,0.11304934541989739,1.849206323981228,2.176475975631782,0.95,0.08664940882214035,999,999,999,0,,common_complete_parents_across_declared_methods_and_conditions
fGn,DFA::balanced_scales,midpoint_step_1sd,absolute_error_inflation,0.11624029270249304,0.05660573128392453,0.17284602398641757,0.10898936273213145,0.12307542428912888,0.95,0.0034924768283366246,999,999,999,0,,common_complete_parents_across_declared_methods_and_conditions
fGn,DFA::balanced_scales,midpoint_step_1sd,paired_mae_ratio,3.05350748176809,0.05660573128392453,0.17284602398641757,2.753885374008361,3.378572923968335,0.95,0.15198358465981643,999,999,999,0,,common_complete_parents_across_declared_methods_and_conditions
fGn,DFA::balanced_scales,t3_realized_sd_0p5,absolute_error_inflation,0.021265794123727963,0.05660573128392453,0.07787152540765249,0.01661384272912612,0.02595155210535464,0.95,0.0023972521159445997,999,999,999,0,,common_complete_parents_across_declared_methods_and_conditions
fGn,DFA::balanced_scales,t3_realized_sd_0p5,paired_mae_ratio,1.3756827028178902,0.05660573128392453,0.07787152540765249,1.2795260336029481,1.4787893205408804,0.95,0.05184668556783078,999,999,999,0,,common_complete_parents_across_declared_methods_and_conditions
fGn,DFA::balanced_scales,t5_realized_sd_0p5,absolute_error_inflation,0.025470484291379936,0.05660573128392453,0.08207621557530446,0.02052110336358506,0.030578004881543424,0.95,0.002690785473482531,999,999,999,0,,common_complete_parents_across_declared_methods_and_conditions
fGn,DFA::balanced_scales,t5_realized_sd_0p5,paired_mae_ratio,1.4499629933870901,0.05660573128392453,0.08207621557530446,1.3462572409484161,1.5785234743008731,0.95,0.058469933068956904,999,999,999,0,,common_complete_parents_across_declared_methods_and_conditions
fGn,DFA::long_scales,additive_outliers_1pct_8sd,absolute_error_inflation,0.03677139903362989,0.06948913452563987,0.10626053355926976,0.029786639373052558,0.04377035052784879,0.95,0.00372505651400383,999,999,999,0,,common_complete_parents_across_declared_methods_and_conditions
fGn,DFA::long_scales,additive_outliers_1pct_8sd,paired_mae_ratio,1.5291676070603828,0.06948913452563987,0.10626053355926976,1.41065445043207,1.6594045750715651,0.95,0.06517195900667454,999,999,999,0,,common_complete_parents_across_declared_methods_and_conditions
fGn,DFA::long_scales,constant_offset_1sd,absolute_error_inflation,0.0,0.06948913452563987,0.06948913452563987,-1.3877787807814457e-17,2.7755575615628914e-17,0.95,1.2862139623779472e-17,999,999,999,0,,common_complete_parents_across_declared_methods_and_conditions
fGn,DFA::long_scales,constant_offset_1sd,paired_mae_ratio,1.0,0.06948913452563987,0.06948913452563987,0.9999999999999998,1.0000000000000004,0.95,2.2497327794431707e-16,999,999,999,0,,common_complete_parents_across_declared_methods_and_conditions
fGn,DFA::long_scales,linear_plus_quadratic_0p5sd,absolute_error_inflation,0.13602874121842728,0.06948913452563987,0.20551787574406716,0.12769126297575503,0.14449557235813523,0.95,0.004245337109696399,999,999,999,0,,common_complete_parents_across_declared_methods_and_conditions
fGn,DFA::long_scales,linear_plus_quadratic_0p5sd,paired_mae_ratio,2.9575541147117876,0.06948913452563987,0.20551787574406716,2.7261350744929804,3.248805999419829,0.95,0.134187387211967,999,999,999,0,,common_complete_parents_across_declared_methods_and_conditions
fGn,DFA::long_scales,linear_trend_0p5sd,absolute_error_inflation,0.14131923673212912,0.06948913452563987,0.210808371257769,0.1332306613654287,0.14971214090550689,0.95,0.004216293207150775,999,999,999,0,,common_complete_parents_across_declared_methods_and_conditions
fGn,DFA::long_scales,linear_trend_0p5sd,paired_mae_ratio,3.033688254959998,0.06948913452563987,0.210808371257769,2.78906345421377,3.3283335171149013,0.95,0.13744342159739986,999,999,999,0,,common_complete_parents_across_declared_methods_and_conditions
fGn,DFA::long_scales,midpoint_step_1sd,absolute_error_inflation,0.14489404836136932,0.06948913452563987,0.2143831828870092,0.13639477634886044,0.15352181747736182,0.95,0.004464642824874229,999,999,999,0,,common_complete_parents_across_declared_methods_and_conditions
fGn,DFA::long_scales,midpoint_step_1sd,paired_mae_ratio,3.0851324361783035,0.06948913452563987,0.2143831828870092,2.830804302996882,3.39741921107225,0.95,0.14713517688786582,999,999,999,0,,common_complete_parents_across_declared_methods_and_conditions
fGn,DFA::long_scales,t3_realized_sd_0p5,absolute_error_inflation,0.013489028875466144,0.06948913452563987,0.08297816340110602,0.008208928019646736,0.01837787988995137,0.95,0.0026126904129839387,999,999,999,0,,common_complete_parents_across_declared_methods_and_conditions
fGn,DFA::long_scales,t3_realized_sd_0p5,paired_mae_ratio,1.1941170942413883,0.06948913452563987,0.08297816340110602,1.1140883336644691,1.2711974114380526,0.95,0.04061219463622391,999,999,999,0,,common_complete_parents_across_declared_methods_and_conditions
fGn,DFA::long_scales,t5_realized_sd_0p5,absolute_error_inflation,0.018968862021608898,0.06948913452563987,0.08845799654724877,0.013155168434722255,0.024979181625606656,0.95,0.0030936698184944565,999,999,999,0,,common_complete_parents_across_declared_methods_and_conditions
fGn,DFA::long_scales,t5_realized_sd_0p5,paired_mae_ratio,1.2729759429455814,0.06948913452563987,0.08845799654724877,1.1810554422726676,1.3789708555670037,0.95,0.049608553123053324,999,999,999,0,,common_complete_parents_across_declared_methods_and_conditions
fGn,DFA::short_scales,additive_outliers_1pct_8sd,absolute_error_inflation,0.04649553021587784,0.047883862749502154,0.09437939296537999,0.04034802246961303,0.052244535949264204,0.95,0.0031415820295160953,999,999,999,0,,common_complete_parents_across_declared_methods_and_conditions
fGn,DFA::short_scales,additive_outliers_1pct_8sd,paired_mae_ratio,1.9710062544267326,0.047883862749502154,0.09437939296537999,1.8083302394491412,2.1627258317053406,0.95,0.09359570957510759,999,999,999,0,,common_complete_parents_across_declared_methods_and_conditions
fGn,DFA::short_scales,constant_offset_1sd,absolute_error_inflation,-6.938893903907228e-18,0.047883862749502154,0.04788386274950215,-2.0816681711721685e-17,1.3877787807814457e-17,0.95,1.0327202070610097e-17,999,999,999,0,,common_complete_parents_across_declared_methods_and_conditions
fGn,DFA::short_scales,constant_offset_1sd,paired_mae_ratio,0.9999999999999999,0.047883862749502154,0.04788386274950215,0.9999999999999996,1.0000000000000002,0.95,2.3026365999492126e-16,999,999,999,0,,common_complete_parents_across_declared_methods_and_conditions
fGn,DFA::short_scales,linear_plus_quadratic_0p5sd,absolute_error_inflation,0.024222529888704866,0.047883862749502154,0.07210639263820702,0.020946207735834447,0.02776126361226537,0.95,0.0017721326533722487,999,999,999,0,,common_complete_parents_across_declared_methods_and_conditions
fGn,DFA::short_scales,linear_plus_quadratic_0p5sd,paired_mae_ratio,1.5058599807501267,0.047883862749502154,0.07210639263820702,1.4208368384131043,1.608763484321299,0.95,0.049156411827724775,999,999,999,0,,common_complete_parents_across_declared_methods_and_conditions
fGn,DFA::short_scales,linear_trend_0p5sd,absolute_error_inflation,0.017183083596967866,0.047883862749502154,0.06506694634647002,0.014160302740433742,0.02019432701648937,0.95,0.001531864448408058,999,999,999,0,,common_complete_parents_across_declared_methods_and_conditions
fGn,DFA::short_scales,linear_trend_0p5sd,paired_mae_ratio,1.35884915314495,0.047883862749502154,0.06506694634647002,1.2831487205970558,1.4451765851687206,0.95,0.04107463424067636,999,999,999,0,,common_complete_parents_across_declared_methods_and_conditions
fGn,DFA::short_scales,midpoint_step_1sd,absolute_error_inflation,0.08575669845779677,0.047883862749502154,0.13364056120729892,0.0797421070872982,0.09141550280248271,0.95,0.002997600626311538,999,999,999,0,,common_complete_parents_across_declared_methods_and_conditions
fGn,DFA::short_scales,midpoint_step_1sd,paired_mae_ratio,2.790931088964588,0.047883862749502154,0.13364056120729892,2.565834974687872,3.0814955069952785,0.95,0.13358996000753418,999,999,999,0,,common_complete_parents_across_declared_methods_and_conditions
fGn,DFA::short_scales,t3_realized_sd_0p5,absolute_error_inflation,0.0192899197503507,0.047883862749502154,0.06717378249985285,0.014994087189615993,0.02374787998362557,0.95,0.0021858865763129108,999,999,999,0,,common_complete_parents_across_declared_methods_and_conditions
fGn,DFA::short_scales,t3_realized_sd_0p5,paired_mae_ratio,1.4028480294345356,0.047883862749502154,0.06717378249985285,1.3066114506229631,1.5103100658671658,0.95,0.053780758190152426,999,999,999,0,,common_complete_parents_across_declared_methods_and_conditions
fGn,DFA::short_scales,t5_realized_sd_0p5,absolute_error_inflation,0.022257502735320164,0.047883862749502154,0.07014136548482232,0.017766822900290056,0.02667879942679292,0.95,0.0022852304495116597,999,999,999,0,,common_complete_parents_across_declared_methods_and_conditions
fGn,DFA::short_scales,t5_realized_sd_0p5,paired_mae_ratio,1.4648226241010929,0.047883862749502154,0.07014136548482232,1.3589626658143408,1.5851932338173005,0.95,0.05917121446863011,999,999,999,0,,common_complete_parents_across_declared_methods_and_conditions
fGn,DMA::balanced_windows,additive_outliers_1pct_8sd,absolute_error_inflation,0.04391303202898281,0.10627656914115904,0.15018960117014185,0.035758274350175964,0.052556089964377405,0.95,0.004301705886410971,999,999,999,0,,common_complete_parents_across_declared_methods_and_conditions
fGn,DMA::balanced_windows,additive_outliers_1pct_8sd,paired_mae_ratio,1.4131958002017968,0.10627656914115904,0.15018960117014185,1.3205897466197059,1.5100793426143695,0.95,0.04807775037680381,999,999,999,0,,common_complete_parents_across_declared_methods_and_conditions
fGn,DMA::balanced_windows,constant_offset_1sd,absolute_error_inflation,-1.3877787807814457e-17,0.10627656914115904,0.10627656914115903,-4.163336342344337e-17,2.7755575615628914e-17,0.95,1.7735227848227855e-17,999,999,999,0,,common_complete_parents_across_declared_methods_and_conditions
fGn,DMA::balanced_windows,constant_offset_1sd,paired_mae_ratio,0.9999999999999999,0.10627656914115904,0.10627656914115903,0.9999999999999997,1.0000000000000002,0.95,1.7123215265611888e-16,999,999,999,0,,common_complete_parents_across_declared_methods_and_conditions
fGn,DMA::balanced_windows,linear_plus_quadratic_0p5sd,absolute_error_inflation,0.19620046421121926,0.10627656914115904,0.3024770333523783,0.18368703016920576,0.2082447607630938,0.95,0.006277858583417191,999,999,999,0,,common_complete_parents_across_declared_methods_and_conditions
fGn,DMA::balanced_windows,linear_plus_quadratic_0p5sd,paired_mae_ratio,2.846130956209371,0.10627656914115904,0.3024770333523783,2.5860341378843814,3.157236379584256,0.95,0.14458216294730014,999,999,999,0,,common_complete_parents_across_declared_methods_and_conditions
fGn,DMA::balanced_windows,linear_trend_0p5sd,absolute_error_inflation,0.1831950906565021,0.10627656914115904,0.28947165979766115,0.1709376934673564,0.19507939287864282,0.95,0.006376886268262708,999,999,999,0,,common_complete_parents_across_declared_methods_and_conditions
fGn,DMA::balanced_windows,linear_trend_0p5sd,paired_mae_ratio,2.7237580412779234,0.10627656914115904,0.28947165979766115,2.473596480843977,3.023130776526534,0.95,0.1382190093658773,999,999,999,0,,common_complete_parents_across_declared_methods_and_conditions
fGn,DMA::balanced_windows,midpoint_step_1sd,absolute_error_inflation,0.2217500942884972,0.10627656914115904,0.32802666342965625,0.20921147158923217,0.23380924243363688,0.95,0.006171817152408097,999,999,999,0,,common_complete_parents_across_declared_methods_and_conditions
fGn,DMA::balanced_windows,midpoint_step_1sd,paired_mae_ratio,3.0865379460449414,0.10627656914115904,0.32802666342965625,2.811760363249399,3.4180850045369784,0.95,0.15492066671476556,999,999,999,0,,common_complete_parents_across_declared_methods_and_conditions
fGn,DMA::balanced_windows,t3_realized_sd_0p5,absolute_error_inflation,0.019510441868025613,0.10627656914115904,0.12578701100918466,0.012411772056046154,0.02623815933090659,0.95,0.0034478345419679856,999,999,999,0,,common_complete_parents_across_declared_methods_and_conditions
fGn,DMA::balanced_windows,t3_realized_sd_0p5,paired_mae_ratio,1.1835817812495564,0.10627656914115904,0.12578701100918466,1.115500175901583,1.2546003177166318,0.95,0.035340803726376775,999,999,999,0,,common_complete_parents_across_declared_methods_and_conditions
fGn,DMA::balanced_windows,t5_realized_sd_0p5,absolute_error_inflation,0.019741519022282356,0.10627656914115904,0.1260180881634414,0.013037867916783819,0.026612610230956908,0.95,0.0034157404217378478,999,999,999,0,,common_complete_parents_across_declared_methods_and_conditions
fGn,DMA::balanced_windows,t5_realized_sd_0p5,paired_mae_ratio,1.1857560813433976,0.10627656914115904,0.1260180881634414,1.1197500035248038,1.2611544165269355,0.95,0.03629426452261059,999,999,999,0,,common_complete_parents_across_declared_methods_and_conditions
fGn,DMA::long_windows,additive_outliers_1pct_8sd,absolute_error_inflation,0.04087664469164845,0.14675174261484705,0.1876283873064955,0.030797815119401984,0.051497821337705585,0.95,0.005321939692968743,999,999,999,0,,common_complete_parents_across_declared_methods_and_conditions
fGn,DMA::long_windows,additive_outliers_1pct_8sd,paired_mae_ratio,1.278542823160404,0.14675174261484705,0.1876283873064955,1.2012362966220775,1.36540130699381,0.95,0.04120947146934282,999,999,999,0,,common_complete_parents_across_declared_methods_and_conditions
fGn,DMA::long_windows,constant_offset_1sd,absolute_error_inflation,-2.7755575615628914e-17,0.14675174261484705,0.14675174261484702,-8.326672684688674e-17,2.7755575615628914e-17,0.95,2.5738775680888292e-17,999,999,999,0,,common_complete_parents_across_declared_methods_and_conditions
fGn,DMA::long_windows,constant_offset_1sd,paired_mae_ratio,0.9999999999999998,0.14675174261484705,0.14675174261484702,0.9999999999999994,1.0000000000000002,0.95,2.331155785868983e-16,999,999,999,0,,common_complete_parents_across_declared_methods_and_conditions
fGn,DMA::long_windows,linear_plus_quadratic_0p5sd,absolute_error_inflation,0.1371108751378202,0.14675174261484705,0.28386261775266725,0.12059054589783444,0.15220338970443434,0.95,0.008025801138546488,999,999,999,0,,common_complete_parents_across_declared_methods_and_conditions
fGn,DMA::long_windows,linear_plus_quadratic_0p5sd,paired_mae_ratio,1.934304919960443,0.14675174261484705,0.28386261775266725,1.7575569259679447,2.1239009085461014,0.95,0.09533680753916553,999,999,999,0,,common_complete_parents_across_declared_methods_and_conditions
fGn,DMA::long_windows,linear_trend_0p5sd,absolute_error_inflation,0.12947319186749676,0.14675174261484705,0.2762249344823438,0.11377320352827398,0.1453981373144877,0.95,0.008076391066212066,999,999,999,0,,common_complete_parents_across_declared_methods_and_conditions
fGn,DMA::long_windows,linear_trend_0p5sd,paired_mae_ratio,1.8822599961030908,0.14675174261484705,0.2762249344823438,1.717722296458191,2.0740843883058884,0.95,0.09221462102154411,999,999,999,0,,common_complete_parents_across_declared_methods_and_conditions
fGn,DMA::long_windows,midpoint_step_1sd,absolute_error_inflation,0.16108368186451058,0.14675174261484705,0.30783542447935763,0.1454541046123915,0.1761527171400025,0.95,0.007887927708011158,999,999,999,0,,common_complete_parents_across_declared_methods_and_conditions
fGn,DMA::long_windows,midpoint_step_1sd,paired_mae_ratio,2.0976611179826192,0.14675174261484705,0.30783542447935763,1.9160768638679537,2.2945459642961765,0.95,0.10182908402417473,999,999,999,0,,common_complete_parents_across_declared_methods_and_conditions
fGn,DMA::long_windows,t3_realized_sd_0p5,absolute_error_inflation,0.014362033694568205,0.14675174261484705,0.16111377630941526,0.006509276520512907,0.022271456720057797,0.95,0.004039011021285338,999,999,999,0,,common_complete_parents_across_declared_methods_and_conditions
fGn,DMA::long_windows,t3_realized_sd_0p5,paired_mae_ratio,1.0978661884258618,0.14675174261484705,0.16111377630941526,1.043111554784403,1.1566722283138946,0.95,0.028829202282534876,999,999,999,0,,common_complete_parents_across_declared_methods_and_conditions
fGn,DMA::long_windows,t5_realized_sd_0p5,absolute_error_inflation,0.012270329461316815,0.14675174261484705,0.15902207207616387,0.005054451572419748,0.019838031862549194,0.95,0.004023268936734436,999,999,999,0,,common_complete_parents_across_declared_methods_and_conditions
fGn,DMA::long_windows,t5_realized_sd_0p5,paired_mae_ratio,1.0836128364998059,0.14675174261484705,0.15902207207616387,1.031329371076523,1.1435197425085792,0.95,0.029018141283940573,999,999,999,0,,common_complete_parents_across_declared_methods_and_conditions
fGn,DMA::short_windows,additive_outliers_1pct_8sd,absolute_error_inflation,0.04685950132574272,0.07452072605289496,0.12138022737863768,0.03986933120744455,0.05361369769539849,0.95,0.0034545533837212665,999,999,999,0,,common_complete_parents_across_declared_methods_and_conditions
fGn,DMA::short_windows,additive_outliers_1pct_8sd,paired_mae_ratio,1.6288116582825798,0.07452072605289496,0.12138022737863768,1.514997734583993,1.7501752512101578,0.95,0.060378933174823714,999,999,999,0,,common_complete_parents_across_declared_methods_and_conditions
fGn,DMA::short_windows,constant_offset_1sd,absolute_error_inflation,-1.3877787807814457e-17,0.07452072605289496,0.07452072605289495,-2.7755575615628914e-17,2.7755575615628914e-17,0.95,1.262209032917634e-17,999,999,999,0,,common_complete_parents_across_declared_methods_and_conditions
fGn,DMA::short_windows,constant_offset_1sd,paired_mae_ratio,0.9999999999999998,0.07452072605289496,0.07452072605289495,0.9999999999999997,1.0000000000000004,0.95,1.9149174553616005e-16,999,999,999,0,,common_complete_parents_across_declared_methods_and_conditions
fGn,DMA::short_windows,linear_plus_quadratic_0p5sd,absolute_error_inflation,0.2412527070545764,0.07452072605289496,0.31577343310747136,0.2321172821285143,0.24977408667882348,0.95,0.004508185863278743,999,999,999,0,,common_complete_parents_across_declared_methods_and_conditions
fGn,DMA::short_windows,linear_plus_quadratic_0p5sd,paired_mae_ratio,4.237390721117435,0.07452072605289496,0.31577343310747136,3.8471891310042343,4.641865107642289,0.95,0.2034132162938295,999,999,999,0,,common_complete_parents_across_declared_methods_and_conditions
fGn,DMA::short_windows,linear_trend_0p5sd,absolute_error_inflation,0.23047705033579802,0.07452072605289496,0.30499777638869296,0.22086160779216754,0.23923299681153326,0.95,0.004561140652802985,999,999,999,0,,common_complete_parents_across_declared_methods_and_conditions
fGn,DMA::short_windows,linear_trend_0p5sd,paired_mae_ratio,4.092791261483482,0.07452072605289496,0.30499777638869296,3.714264562252561,4.476930017688799,0.95,0.19671376751817576,999,999,999,0,,common_complete_parents_across_declared_methods_and_conditions
fGn,DMA::short_windows,midpoint_step_1sd,absolute_error_inflation,0.26012638053654,0.07452072605289496,0.334647106589435,0.2516419556523044,0.26864011918865416,0.95,0.004413660190050527,999,999,999,0,,common_complete_parents_across_declared_methods_and_conditions
fGn,DMA::short_windows,midpoint_step_1sd,paired_mae_ratio,4.490658160682731,0.07452072605289496,0.334647106589435,4.077750697071558,4.9275471556528725,0.95,0.21402795599469254,999,999,999,0,,common_complete_parents_across_declared_methods_and_conditions
fGn,DMA::short_windows,t3_realized_sd_0p5,absolute_error_inflation,0.02172048896807459,0.07452072605289496,0.09624121502096955,0.015867532590804576,0.027272254286231663,0.95,0.0028308421958567046,999,999,999,0,,common_complete_parents_across_declared_methods_and_conditions
fGn,DMA::short_windows,t3_realized_sd_0p5,paired_mae_ratio,1.2914691001890848,0.07452072605289496,0.09624121502096955,1.2059815768312985,1.3776298453030953,0.95,0.04273739870842076,999,999,999,0,,common_complete_parents_across_declared_methods_and_conditions
fGn,DMA::short_windows,t5_realized_sd_0p5,absolute_error_inflation,0.02588631124750368,0.07452072605289496,0.10040703730039864,0.020191956056915653,0.0318369381087566,0.95,0.002924583078024444,999,999,999,0,,common_complete_parents_across_declared_methods_and_conditions
fGn,DMA::short_windows,t5_realized_sd_0p5,paired_mae_ratio,1.3473706258461509,0.07452072605289496,0.10040703730039864,1.2587049143747104,1.4455871343240079,0.95,0.04716893177554294,999,999,999,0,,common_complete_parents_across_declared_methods_and_conditions
fGn,GHE,additive_outliers_1pct_8sd,absolute_error_inflation,0.04427786576989132,0.04628561241249299,0.0905634781823843,0.0394311495199926,0.04922082199956018,0.95,0.0024468098712465644,999,999,999,0,,common_complete_parents_across_declared_methods_and_conditions
fGn,GHE,additive_outliers_1pct_8sd,paired_mae_ratio,1.9566226622495815,0.04628561241249299,0.0905634781823843,1.8086951535508002,2.121009393810932,0.95,0.08017808528574313,999,999,999,0,,common_complete_parents_across_declared_methods_and_conditions
fGn,GHE,constant_offset_1sd,absolute_error_inflation,0.3342055877201887,0.04628561241249299,0.3804912001326817,0.3288182292226577,0.3390109812809501,0.95,0.0026379916658319596,999,999,999,0,,common_complete_parents_across_declared_methods_and_conditions
fGn,GHE,constant_offset_1sd,paired_mae_ratio,8.22050698480081,0.04628561241249299,0.3804912001326817,7.483504094011101,9.027330905339278,0.95,0.39922394377257436,999,999,999,0,,common_complete_parents_across_declared_methods_and_conditions
fGn,GHE,linear_plus_quadratic_0p5sd,absolute_error_inflation,0.21132747493350515,0.04628561241249299,0.25761308734599814,0.20534406953955733,0.21688245316854862,0.95,0.0029908036253092954,999,999,999,0,,common_complete_parents_across_declared_methods_and_conditions
fGn,GHE,linear_plus_quadratic_0p5sd,paired_mae_ratio,5.5657271000365025,0.04628561241249299,0.25761308734599814,5.052499600171328,6.101542255813636,0.95,0.27336511691295745,999,999,999,0,,common_complete_parents_across_declared_methods_and_conditions
fGn,GHE,linear_trend_0p5sd,absolute_error_inflation,0.21360417665824874,0.04628561241249299,0.25988978907074173,0.20767211252210635,0.21895345800904328,0.95,0.002914615112398313,999,999,999,0,,common_complete_parents_across_declared_methods_and_conditions
fGn,GHE,linear_trend_0p5sd,paired_mae_ratio,5.614915208523732,0.04628561241249299,0.25988978907074173,5.099613477681609,6.163134212532423,0.95,0.27501636502488214,999,999,999,0,,common_complete_parents_across_declared_methods_and_conditions
fGn,GHE,midpoint_step_1sd,absolute_error_inflation,0.2533255546447536,0.04628561241249299,0.2996111670572466,0.24759149172211392,0.2588363263819377,0.95,0.0028868544165763536,999,999,999,0,,common_complete_parents_across_declared_methods_and_conditions
fGn,GHE,midpoint_step_1sd,paired_mae_ratio,6.473095016808686,0.04628561241249299,0.2996111670572466,5.883174368212659,7.101167905967105,0.95,0.318248867984937,999,999,999,0,,common_complete_parents_across_declared_methods_and_conditions
fGn,GHE,t3_realized_sd_0p5,absolute_error_inflation,0.019317808209365683,0.04628561241249299,0.06560342062185867,0.01527141592968483,0.023471994897863446,0.95,0.0021119259929516195,999,999,999,0,,common_complete_parents_across_declared_methods_and_conditions
fGn,GHE,t3_realized_sd_0p5,paired_mae_ratio,1.4173609725027987,0.04628561241249299,0.06560342062185867,1.314447379543295,1.5265815575953123,0.95,0.05476381168691938,999,999,999,0,,common_complete_parents_across_declared_methods_and_conditions
fGn,GHE,t5_realized_sd_0p5,absolute_error_inflation,0.0232406558106604,0.04628561241249299,0.06952626822315339,0.01928224331437312,0.02729662981739608,0.95,0.0020713034530623954,999,999,999,0,,common_complete_parents_across_declared_methods_and_conditions
fGn,GHE,t5_realized_sd_0p5,paired_mae_ratio,1.5021140393161891,0.04628561241249299,0.06952626822315339,1.39464758498895,1.6296038086577385,0.95,0.05859954467002652,999,999,999,0,,common_complete_parents_across_declared_methods_and_conditions
fGn,GHE::centered,additive_outliers_1pct_8sd,absolute_error_inflation,0.04611249237782609,0.05803017792272782,0.10414267030055391,0.04156238808454956,0.050611515338316926,0.95,0.0023847055788322902,999,999,999,0,,common_complete_parents_across_declared_methods_and_conditions
fGn,GHE::centered,additive_outliers_1pct_8sd,paired_mae_ratio,1.7946295191310433,0.05803017792272782,0.10414267030055391,1.676307654505532,1.9241481971181285,0.95,0.06352699715843711,999,999,999,0,,common_complete_parents_across_declared_methods_and_conditions
fGn,GHE::centered,constant_offset_1sd,absolute_error_inflation,0.0,0.05803017792272782,0.05803017792272782,-2.7755575615628914e-17,2.0816681711721685e-17,0.95,1.1202633769681423e-17,999,999,999,0,,common_complete_parents_across_declared_methods_and_conditions
fGn,GHE::centered,constant_offset_1sd,paired_mae_ratio,1.0,0.05803017792272782,0.05803017792272782,0.9999999999999996,1.0000000000000004,0.95,2.014859703467677e-16,999,999,999,0,,common_complete_parents_across_declared_methods_and_conditions
fGn,GHE::centered,linear_plus_quadratic_0p5sd,absolute_error_inflation,0.19669870942060527,0.05803017792272782,0.2547288873433331,0.18955714621841002,0.20321079674407902,0.95,0.0035373183514686444,999,999,999,0,,common_complete_parents_across_declared_methods_and_conditions
fGn,GHE::centered,linear_plus_quadratic_0p5sd,paired_mae_ratio,4.3895934229691065,0.05803017792272782,0.2547288873433331,4.0075579317262715,4.807967098912526,0.95,0.20587834616497178,999,999,999,0,,common_complete_parents_across_declared_methods_and_conditions
fGn,GHE::centered,linear_trend_0p5sd,absolute_error_inflation,0.19937786409723826,0.05803017792272782,0.2574080420199661,0.19204314314402213,0.2063466820040968,0.95,0.0036277571642858047,999,999,999,0,,common_complete_parents_across_declared_methods_and_conditions
fGn,GHE::centered,linear_trend_0p5sd,paired_mae_ratio,4.435761723197317,0.05803017792272782,0.2574080420199661,4.0563745075651,4.852052408005291,0.95,0.20843697156919505,999,999,999,0,,common_complete_parents_across_declared_methods_and_conditions
fGn,GHE::centered,midpoint_step_1sd,absolute_error_inflation,0.23118965783261428,0.05803017792272782,0.2892198357553421,0.2244697094274567,0.23831596293802187,0.95,0.003451147297169428,999,999,999,0,,common_complete_parents_across_declared_methods_and_conditions
fGn,GHE::centered,midpoint_step_1sd,paired_mae_ratio,4.9839556952670945,0.05803017792272782,0.2892198357553421,4.5722273957716215,5.451704036579983,0.95,0.23039254155035124,999,999,999,0,,common_complete_parents_across_declared_methods_and_conditions
fGn,GHE::centered,t3_realized_sd_0p5,absolute_error_inflation,0.021309206811906713,0.05803017792272782,0.07933938473463453,0.017084772103152516,0.025130343073393627,0.95,0.0020654767770724516,999,999,999,0,,common_complete_parents_across_declared_methods_and_conditions
fGn,GHE::centered,t3_realized_sd_0p5,paired_mae_ratio,1.3672090552657232,0.05803017792272782,0.07933938473463453,1.283866591119412,1.4544092419891381,0.95,0.04307975669886917,999,999,999,0,,common_complete_parents_across_declared_methods_and_conditions
fGn,GHE::centered,t5_realized_sd_0p5,absolute_error_inflation,0.024330501385399307,0.05803017792272782,0.08236067930812713,0.02021469250467294,0.02822435193692263,0.95,0.002055807635514931,999,999,999,0,,common_complete_parents_across_declared_methods_and_conditions
fGn,GHE::centered,t5_realized_sd_0p5,paired_mae_ratio,1.4192732515450404,0.05803017792272782,0.08236067930812713,1.3337309732852405,1.50757031845732,0.95,0.04454953965079879,999,999,999,0,,common_complete_parents_across_declared_methods_and_conditions
fGn,GPH::narrow_band,additive_outliers_1pct_8sd,absolute_error_inflation,0.035085315851921095,0.10524910150945468,0.14033441736137578,0.02301815403929531,0.048152635800454806,0.95,0.00647019400313714,999,999,999,0,,common_complete_parents_across_declared_methods_and_conditions
fGn,GPH::narrow_band,additive_outliers_1pct_8sd,paired_mae_ratio,1.333355015375303,0.10524910150945468,0.14033441736137578,1.2087095008147006,1.4799015895621435,0.95,0.07082642702241929,999,999,999,0,,common_complete_parents_across_declared_methods_and_conditions
fGn,GPH::narrow_band,constant_offset_1sd,absolute_error_inflation,0.0,0.10524910150945468,0.10524910150945468,-2.7755575615628914e-17,4.163336342344337e-17,0.95,1.6846811363591588e-17,999,999,999,0,,common_complete_parents_across_declared_methods_and_conditions
fGn,GPH::narrow_band,constant_offset_1sd,paired_mae_ratio,1.0,0.10524910150945468,0.10524910150945468,0.9999999999999998,1.0000000000000004,0.95,1.969290488042121e-16,999,999,999,0,,common_complete_parents_across_declared_methods_and_conditions
fGn,GPH::narrow_band,linear_plus_quadratic_0p5sd,absolute_error_inflation,0.33325600944958145,0.10524910150945468,0.4385051109590361,0.3196783325211752,0.34767476376549933,0.95,0.007426811246176863,999,999,999,0,,common_complete_parents_across_declared_methods_and_conditions
fGn,GPH::narrow_band,linear_plus_quadratic_0p5sd,paired_mae_ratio,4.166354911064438,0.10524910150945468,0.4385051109590361,3.7943327040783537,4.571803353313193,0.95,0.1968318046336842,999,999,999,0,,common_complete_parents_across_declared_methods_and_conditions
fGn,GPH::narrow_band,linear_trend_0p5sd,absolute_error_inflation,0.34170931300591945,0.10524910150945468,0.44695841451537416,0.32737347177943804,0.35616424279885556,0.95,0.007580511747013999,999,999,999,0,,common_complete_parents_across_declared_methods_and_conditions
fGn,GPH::narrow_band,linear_trend_0p5sd,paired_mae_ratio,4.246672020047821,0.10524910150945468,0.44695841451537416,3.8693613949203605,4.666131099916433,0.95,0.20228637712998868,999,999,999,0,,common_complete_parents_across_declared_methods_and_conditions
fGn,GPH::narrow_band,midpoint_step_1sd,absolute_error_inflation,0.21643340103971073,0.10524910150945468,0.3216825025491654,0.20244683117175236,0.23228191595530162,0.95,0.007711553911639017,999,999,999,0,,common_complete_parents_across_declared_methods_and_conditions
fGn,GPH::narrow_band,midpoint_step_1sd,paired_mae_ratio,3.0563919115287477,0.10524910150945468,0.3216825025491654,2.788459387424444,3.353989383004488,0.95,0.14929496521159855,999,999,999,0,,common_complete_parents_across_declared_methods_and_conditions
fGn,GPH::narrow_band,t3_realized_sd_0p5,absolute_error_inflation,0.014698492077166114,0.10524910150945468,0.1199475935866208,0.0037131407020898756,0.025559620723899886,0.95,0.00546757800237726,999,999,999,0,,common_complete_parents_across_declared_methods_and_conditions
fGn,GPH::narrow_band,t3_realized_sd_0p5,paired_mae_ratio,1.1396543235653724,0.10524910150945468,0.1199475935866208,1.0326417531289223,1.2591650462944701,0.95,0.05570148010482443,999,999,999,0,,common_complete_parents_across_declared_methods_and_conditions
fGn,GPH::narrow_band,t5_realized_sd_0p5,absolute_error_inflation,0.008467474925141327,0.10524910150945468,0.11371657643459601,-0.003177958585545932,0.019847363656973985,0.95,0.005866144111580518,999,999,999,0,,common_complete_parents_across_declared_methods_and_conditions
fGn,GPH::narrow_band,t5_realized_sd_0p5,paired_mae_ratio,1.080451754967055,0.10524910150945468,0.11371657643459601,0.9715839599103724,1.197488162068862,0.95,0.057825694314299174,999,999,999,0,,common_complete_parents_across_declared_methods_and_conditions
fGn,GPH::wider_band,additive_outliers_1pct_8sd,absolute_error_inflation,0.032488936285330186,0.06854255361527002,0.10103148990060021,0.022918689052829427,0.04176885119045156,0.95,0.004824919527431012,999,999,999,0,,common_complete_parents_across_declared_methods_and_conditions
fGn,GPH::wider_band,additive_outliers_1pct_8sd,paired_mae_ratio,1.4739965841904707,0.06854255361527002,0.10103148990060021,1.3145310601188218,1.6526132867542889,0.95,0.08444979672474455,999,999,999,0,,common_complete_parents_across_declared_methods_and_conditions
fGn,GPH::wider_band,constant_offset_1sd,absolute_error_inflation,0.0,0.06854255361527002,0.06854255361527002,-2.7755575615628914e-17,1.3877787807814457e-17,0.95,1.400077853721101e-17,999,999,999,0,,common_complete_parents_across_declared_methods_and_conditions
fGn,GPH::wider_band,constant_offset_1sd,paired_mae_ratio,1.0,0.06854255361527002,0.06854255361527002,0.9999999999999996,1.0000000000000002,0.95,2.393114659372785e-16,999,999,999,0,,common_complete_parents_across_declared_methods_and_conditions
fGn,GPH::wider_band,linear_plus_quadratic_0p5sd,absolute_error_inflation,0.22297402016023,0.06854255361527002,0.2915165737755,0.21372387763549272,0.23175664853746977,0.95,0.0045263783224966285,999,999,999,0,,common_complete_parents_across_declared_methods_and_conditions
fGn,GPH::wider_band,linear_plus_quadratic_0p5sd,paired_mae_ratio,4.253074307849474,0.06854255361527002,0.2915165737755,3.9130419651084183,4.663010707496319,0.95,0.1924239369628685,999,999,999,0,,common_complete_parents_across_declared_methods_and_conditions
fGn,GPH::wider_band,linear_trend_0p5sd,absolute_error_inflation,0.2341349594830286,0.06854255361527002,0.3026775130982986,0.22496039053249997,0.2431103278492198,0.95,0.004583628900178692,999,999,999,0,,common_complete_parents_across_declared_methods_and_conditions
fGn,GPH::wider_band,linear_trend_0p5sd,paired_mae_ratio,4.415906573852358,0.06854255361527002,0.3026775130982986,4.055752698802498,4.847502355892767,0.95,0.2002036695637943,999,999,999,0,,common_complete_parents_across_declared_methods_and_conditions
fGn,GPH::wider_band,midpoint_step_1sd,absolute_error_inflation,0.14321043835451663,0.06854255361527002,0.21175299196978664,0.13424723805179622,0.1523561697520566,0.95,0.004700848405816483,999,999,999,0,,common_complete_parents_across_declared_methods_and_conditions
fGn,GPH::wider_band,midpoint_step_1sd,paired_mae_ratio,3.0893653767024514,0.06854255361527002,0.21175299196978664,2.840372575679856,3.417492375671626,0.95,0.142923924304347,999,999,999,0,,common_complete_parents_across_declared_methods_and_conditions
fGn,GPH::wider_band,t3_realized_sd_0p5,absolute_error_inflation,0.010092387940562622,0.06854255361527002,0.07863494155583264,0.0030292017280537827,0.017531837847561467,0.95,0.003631748209175563,999,999,999,0,,common_complete_parents_across_declared_methods_and_conditions
fGn,GPH::wider_band,t3_realized_sd_0p5,paired_mae_ratio,1.147242660336399,0.06854255361527002,0.07863494155583264,1.0418937834923783,1.2683884630160087,0.95,0.05716768862235159,999,999,999,0,,common_complete_parents_across_declared_methods_and_conditions
fGn,GPH::wider_band,t5_realized_sd_0p5,absolute_error_inflation,0.020606269926536386,0.06854255361527002,0.08914882354180641,0.013028761249900827,0.02893800932120426,0.95,0.004076574973566669,999,999,999,0,,common_complete_parents_across_declared_methods_and_conditions
fGn,GPH::wider_band,t5_realized_sd_0p5,paired_mae_ratio,1.3006346982955956,0.06854255361527002,0.08914882354180641,1.1808963649713777,1.4467929728929205,0.95,0.06742501685067512,999,999,999,0,,common_complete_parents_across_declared_methods_and_conditions
fGn,Higuchi,additive_outliers_1pct_8sd,absolute_error_inflation,0.04406041292479475,0.0435991619223836,0.08765957484717835,0.039588854936848654,0.04896735566803876,0.95,0.0023989512613042554,999,999,999,0,,common_complete_parents_across_declared_methods_and_conditions
fGn,Higuchi,additive_outliers_1pct_8sd,paired_mae_ratio,2.010579354787422,0.0435991619223836,0.08765957484717835,1.8574667250799948,2.2066727990069293,0.95,0.08757501711245386,999,999,999,0,,common_complete_parents_across_declared_methods_and_conditions
fGn,Higuchi,constant_offset_1sd,absolute_error_inflation,0.33542708574995567,0.0435991619223836,0.3790262476723393,0.3300601605340943,0.34049743679172617,0.95,0.002598288959210012,999,999,999,0,,common_complete_parents_across_declared_methods_and_conditions
fGn,Higuchi,constant_offset_1sd,paired_mae_ratio,8.693429666081473,0.0435991619223836,0.3790262476723393,7.893492476126566,9.622869002146675,0.95,0.4346356978199345,999,999,999,0,,common_complete_parents_across_declared_methods_and_conditions
fGn,Higuchi,linear_plus_quadratic_0p5sd,absolute_error_inflation,0.21238547574130823,0.0435991619223836,0.25598463766369184,0.20669538332878593,0.21785612597517573,0.95,0.0028991030497156948,999,999,999,0,,common_complete_parents_across_declared_methods_and_conditions
fGn,Higuchi,linear_plus_quadratic_0p5sd,paired_mae_ratio,5.871320144167051,0.0435991619223836,0.25598463766369184,5.335240206383168,6.477695407579409,0.95,0.29586130620327233,999,999,999,0,,common_complete_parents_across_declared_methods_and_conditions
fGn,Higuchi,linear_trend_0p5sd,absolute_error_inflation,0.21586635797072007,0.0435991619223836,0.2594655198931037,0.21008226518458648,0.2210715005077438,0.95,0.0028800881306191716,999,999,999,0,,common_complete_parents_across_declared_methods_and_conditions
fGn,Higuchi,linear_trend_0p5sd,paired_mae_ratio,5.951158427196632,0.0435991619223836,0.2594655198931037,5.404934590667333,6.572054821500777,0.95,0.30068576202375324,999,999,999,0,,common_complete_parents_across_declared_methods_and_conditions
fGn,Higuchi,midpoint_step_1sd,absolute_error_inflation,0.2519785914632443,0.0435991619223836,0.2955777533856279,0.2467295698536732,0.2573810832126635,0.95,0.0028011784589409344,999,999,999,0,,common_complete_parents_across_declared_methods_and_conditions
fGn,Higuchi,midpoint_step_1sd,paired_mae_ratio,6.779436584396356,0.0435991619223836,0.2955777533856279,6.142273054925642,7.496339658240649,0.95,0.34215447324749687,999,999,999,0,,common_complete_parents_across_declared_methods_and_conditions
fGn,Higuchi,t3_realized_sd_0p5,absolute_error_inflation,0.019255270599606175,0.0435991619223836,0.06285443252198977,0.015282219785860897,0.02332713044098999,0.95,0.001963485922664266,999,999,999,0,,common_complete_parents_across_declared_methods_and_conditions
fGn,Higuchi,t3_realized_sd_0p5,paired_mae_ratio,1.441643136028278,0.0435991619223836,0.06285443252198977,1.342668729897644,1.5541836241222164,0.95,0.055897449001646685,999,999,999,0,,common_complete_parents_across_declared_methods_and_conditions
fGn,Higuchi,t5_realized_sd_0p5,absolute_error_inflation,0.022550825658135237,0.0435991619223836,0.06614998758051883,0.018601006482028382,0.026699330756157165,0.95,0.0021634133271152736,999,999,999,0,,common_complete_parents_across_declared_methods_and_conditions
fGn,Higuchi,t5_realized_sd_0p5,paired_mae_ratio,1.51723071416558,0.0435991619223836,0.06614998758051883,1.4001455681226442,1.6579040649867365,0.95,0.06505269694334168,999,999,999,0,,common_complete_parents_across_declared_methods_and_conditions
fGn,Higuchi::centered,additive_outliers_1pct_8sd,absolute_error_inflation,0.04608775323565398,0.052801857255157805,0.09888961049081178,0.04146808954090977,0.05098796942414872,0.95,0.002427848956577529,999,999,999,0,,common_complete_parents_across_declared_methods_and_conditions
fGn,Higuchi::centered,additive_outliers_1pct_8sd,paired_mae_ratio,1.872843411794043,0.052801857255157805,0.09888961049081178,1.745653294320525,2.016703952916305,0.95,0.07200693679206879,999,999,999,0,,common_complete_parents_across_declared_methods_and_conditions
fGn,Higuchi::centered,constant_offset_1sd,absolute_error_inflation,0.0,0.052801857255157805,0.052801857255157805,-3.469446951953614e-17,1.3877787807814457e-17,0.95,1.2323856119826831e-17,999,999,999,0,,common_complete_parents_across_declared_methods_and_conditions
fGn,Higuchi::centered,constant_offset_1sd,paired_mae_ratio,1.0,0.052801857255157805,0.052801857255157805,0.9999999999999993,1.0000000000000002,0.95,2.758484598920503e-16,999,999,999,0,,common_complete_parents_across_declared_methods_and_conditions
fGn,Higuchi::centered,linear_plus_quadratic_0p5sd,absolute_error_inflation,0.1995189429352513,0.052801857255157805,0.2523208001904091,0.19315888274849397,0.2061589778041035,0.95,0.0033832535827965785,999,999,999,0,,common_complete_parents_across_declared_methods_and_conditions
fGn,Higuchi::centered,linear_plus_quadratic_0p5sd,paired_mae_ratio,4.778634944053257,0.052801857255157805,0.2523208001904091,4.37106126083881,5.237885231288392,0.95,0.23209114423629998,999,999,999,0,,common_complete_parents_across_declared_methods_and_conditions
fGn,Higuchi::centered,linear_trend_0p5sd,absolute_error_inflation,0.20375665540300847,0.052801857255157805,0.25655851265816626,0.19683390772900622,0.21071438927479147,0.95,0.0034918081174995,999,999,999,0,,common_complete_parents_across_declared_methods_and_conditions
fGn,Higuchi::centered,linear_trend_0p5sd,paired_mae_ratio,4.8588918268231,0.052801857255157805,0.25655851265816626,4.449670136259292,5.319938755438648,0.95,0.23699764091783823,999,999,999,0,,common_complete_parents_across_declared_methods_and_conditions
fGn,Higuchi::centered,midpoint_step_1sd,absolute_error_inflation,0.2345204619590689,0.052801857255157805,0.2873223192142267,0.22796689406980203,0.24144890483289858,0.95,0.003397322942934862,999,999,999,0,,common_complete_parents_across_declared_methods_and_conditions
fGn,Higuchi::centered,midpoint_step_1sd,paired_mae_ratio,5.441519184179083,0.052801857255157805,0.2873223192142267,4.970806927483239,5.952038505998809,0.95,0.2623231630906998,999,999,999,0,,common_complete_parents_across_declared_methods_and_conditions
fGn,Higuchi::centered,t3_realized_sd_0p5,absolute_error_inflation,0.022260520632478076,0.052801857255157805,0.07506237788763588,0.018455631281354763,0.025935566343758164,0.95,0.001923117606229535,999,999,999,0,,common_complete_parents_across_declared_methods_and_conditions
fGn,Higuchi::centered,t3_realized_sd_0p5,paired_mae_ratio,1.4215859401480355,0.052801857255157805,0.07506237788763588,1.3361846868333374,1.5119401458552313,0.95,0.0461355225882753,999,999,999,0,,common_complete_parents_across_declared_methods_and_conditions
fGn,Higuchi::centered,t5_realized_sd_0p5,absolute_error_inflation,0.02547940208021021,0.052801857255157805,0.07828125933536802,0.021199902812747973,0.02961076655278746,0.95,0.0021080005408727217,999,999,999,0,,common_complete_parents_across_declared_methods_and_conditions
fGn,Higuchi::centered,t5_realized_sd_0p5,paired_mae_ratio,1.482547459591894,0.052801857255157805,0.07828125933536802,1.3856181638188734,1.5842149298407762,0.95,0.051310759321722445,999,999,999,0,,common_complete_parents_across_declared_methods_and_conditions
fGn,ModifiedLocalWhittle,additive_outliers_1pct_8sd,absolute_error_inflation,0.03758294010212145,0.05351353839117961,0.09109647849330106,0.030227034465027232,0.04549899601363936,0.95,0.0039503386779605396,999,999,999,0,,common_complete_parents_across_declared_methods_and_conditions
fGn,ModifiedLocalWhittle,additive_outliers_1pct_8sd,paired_mae_ratio,1.7023071400622627,0.05351353839117961,0.09109647849330106,1.5329133422039898,1.9130823210151706,0.95,0.098157427428506,999,999,999,0,,common_complete_parents_across_declared_methods_and_conditions
fGn,ModifiedLocalWhittle,constant_offset_1sd,absolute_error_inflation,-1.8061940831870515e-13,0.05351353839117961,0.05351353839099899,-7.137276880619936e-13,2.9362137721200526e-13,0.95,2.6045653398860346e-13,999,999,999,0,,common_complete_parents_across_declared_methods_and_conditions
fGn,ModifiedLocalWhittle,constant_offset_1sd,paired_mae_ratio,0.9999999999966248,0.05351353839117961,0.05351353839099899,0.9999999999862986,1.000000000005299,0.95,4.884033532909941e-12,999,999,999,0,,common_complete_parents_across_declared_methods_and_conditions
fGn,ModifiedLocalWhittle,linear_plus_quadratic_0p5sd,absolute_error_inflation,0.2366871293876152,0.05351353839117961,0.29020066777879483,0.22930802236842243,0.24372119325463762,0.95,0.003802930995877444,999,999,999,0,,common_complete_parents_across_declared_methods_and_conditions
fGn,ModifiedLocalWhittle,linear_plus_quadratic_0p5sd,paired_mae_ratio,5.422939250577145,0.05351353839117961,0.29020066777879483,4.9525330377625165,5.993663491571885,0.95,0.26811726840146854,999,999,999,0,,common_complete_parents_across_declared_methods_and_conditions
fGn,ModifiedLocalWhittle,linear_trend_0p5sd,absolute_error_inflation,0.2388250469972451,0.05351353839117961,0.2923385853884247,0.2312990072186298,0.24592622611690712,0.95,0.0038287856276037467,999,999,999,0,,common_complete_parents_across_declared_methods_and_conditions
fGn,ModifiedLocalWhittle,linear_trend_0p5sd,paired_mae_ratio,5.462890217639011,0.05351353839117961,0.2923385853884247,4.991692548747643,6.046037586476657,0.95,0.27127139486547525,999,999,999,0,,common_complete_parents_across_declared_methods_and_conditions
fGn,ModifiedLocalWhittle,midpoint_step_1sd,absolute_error_inflation,0.23396399598211898,0.05351353839117961,0.2874775343732986,0.2268375856046983,0.24143959939625687,0.95,0.0037680159451714858,999,999,999,0,,common_complete_parents_across_declared_methods_and_conditions
fGn,ModifiedLocalWhittle,midpoint_step_1sd,paired_mae_ratio,5.372052437868362,0.05351353839117961,0.2874775343732986,4.905732730976132,5.9571644123002345,0.95,0.2676332778616158,999,999,999,0,,common_complete_parents_across_declared_methods_and_conditions
fGn,ModifiedLocalWhittle,t3_realized_sd_0p5,absolute_error_inflation,0.012226165914368738,0.05351353839117961,0.06573970430554835,0.006529492704090055,0.017790369309604745,0.95,0.0029131829359939428,999,999,999,0,,common_complete_parents_across_declared_methods_and_conditions
fGn,ModifiedLocalWhittle,t3_realized_sd_0p5,paired_mae_ratio,1.2284686507738745,0.05351353839117961,0.06573970430554835,1.1179384079645966,1.350355145347421,0.95,0.05996510220249958,999,999,999,0,,common_complete_parents_across_declared_methods_and_conditions
fGn,ModifiedLocalWhittle,t5_realized_sd_0p5,absolute_error_inflation,0.020414061740030194,0.05351353839117961,0.0739276001312098,0.014867980256981047,0.026394307904080604,0.95,0.0030388113209714436,999,999,999,0,,common_complete_parents_across_declared_methods_and_conditions
fGn,ModifiedLocalWhittle,t5_realized_sd_0p5,paired_mae_ratio,1.3814747137594428,0.05351353839117961,0.0739276001312098,1.2625871909869086,1.5194072977205522,0.95,0.06728800921304372,999,999,999,0,,common_complete_parents_across_declared_methods_and_conditions
fGn,RS,additive_outliers_1pct_8sd,absolute_error_inflation,0.0404559395218589,0.07537782026321983,0.11583375978507873,0.036245670690821706,0.04442312784566977,0.95,0.002103526891275453,999,999,999,0,,common_complete_parents_across_declared_methods_and_conditions
fGn,RS,additive_outliers_1pct_8sd,paired_mae_ratio,1.5367088008194785,0.07537782026321983,0.11583375978507873,1.4667154340709074,1.6102589451485734,0.95,0.03722265991306333,999,999,999,0,,common_complete_parents_across_declared_methods_and_conditions
fGn,RS,constant_offset_1sd,absolute_error_inflation,1.3877787807814457e-17,0.07537782026321983,0.07537782026321985,-2.7755575615628914e-17,2.7755575615628914e-17,0.95,1.5425095876698016e-17,999,999,999,0,,common_complete_parents_across_declared_methods_and_conditions
fGn,RS,constant_offset_1sd,paired_mae_ratio,1.0000000000000002,0.07537782026321983,0.07537782026321985,0.9999999999999997,1.0000000000000004,0.95,2.2827046413401426e-16,999,999,999,0,,common_complete_parents_across_declared_methods_and_conditions
fGn,RS,linear_plus_quadratic_0p5sd,absolute_error_inflation,0.055524668386097084,0.07537782026321983,0.13090248864931692,0.05172537392191372,0.05906620321851046,0.95,0.0018883348419142607,999,999,999,0,,common_complete_parents_across_declared_methods_and_conditions
fGn,RS,linear_plus_quadratic_0p5sd,paired_mae_ratio,1.73661812177912,0.07537782026321983,0.13090248864931692,1.6575485661325056,1.8167468928827808,0.95,0.0406991339835094,999,999,999,0,,common_complete_parents_across_declared_methods_and_conditions
fGn,RS,linear_trend_0p5sd,absolute_error_inflation,0.06930858181956957,0.07537782026321983,0.1446864020827894,0.0658376973991878,0.07296027920673283,0.95,0.0017971482177077474,999,999,999,0,,common_complete_parents_across_declared_methods_and_conditions
fGn,RS,linear_trend_0p5sd,paired_mae_ratio,1.919482436312745,0.07537782026321983,0.1446864020827894,1.8335078906329298,2.0104078585365563,0.95,0.046035226483876944,999,999,999,0,,common_complete_parents_across_declared_methods_and_conditions
fGn,RS,midpoint_step_1sd,absolute_error_inflation,0.07545768892667183,0.07537782026321983,0.15083550918989166,0.07183901791496591,0.07885960956037621,0.95,0.0018034005503961778,999,999,999,0,,common_complete_parents_across_declared_methods_and_conditions
fGn,RS,midpoint_step_1sd,paired_mae_ratio,2.0010595777799502,0.07537782026321983,0.15083550918989166,1.9072323886550409,2.0974485552428193,0.95,0.0492701524410769,999,999,999,0,,common_complete_parents_across_declared_methods_and_conditions
fGn,RS,t3_realized_sd_0p5,absolute_error_inflation,0.02168559856610988,0.07537782026321983,0.09706341882932971,0.018511971412913556,0.02505131793078742,0.95,0.0016899431499733223,999,999,999,0,,common_complete_parents_across_declared_methods_and_conditions
fGn,RS,t3_realized_sd_0p5,paired_mae_ratio,1.287692035805541,0.07537782026321983,0.09706341882932971,1.2383627821932317,1.3430766686952498,0.95,0.02674174291827923,999,999,999,0,,common_complete_parents_across_declared_methods_and_conditions
fGn,RS,t5_realized_sd_0p5,absolute_error_inflation,0.02281295665414916,0.07537782026321983,0.098190776917369,0.019015861057497817,0.02659771406088062,0.95,0.0019910797861360926,999,999,999,0,,common_complete_parents_across_declared_methods_and_conditions
fGn,RS,t5_realized_sd_0p5,paired_mae_ratio,1.3026481340862095,0.07537782026321983,0.098190776917369,1.242410890332711,1.3647850883186081,0.95,0.03148213253706001,999,999,999,0,,common_complete_parents_across_declared_methods_and_conditions
fGn,Variance,additive_outliers_1pct_8sd,absolute_error_inflation,0.021923595887097136,0.20735690402310508,0.22928049991020222,0.001065085899864068,0.04201097070506686,0.95,0.010684668505340006,999,999,999,0,,common_complete_parents_across_declared_methods_and_conditions
fGn,Variance,additive_outliers_1pct_8sd,paired_mae_ratio,1.1057287963976077,0.20735690402310508,0.22928049991020222,1.0049428934595914,1.213472709200433,0.95,0.05438115550427422,999,999,999,0,,common_complete_parents_across_declared_methods_and_conditions
fGn,Variance,constant_offset_1sd,absolute_error_inflation,5.551115123125783e-17,0.20735690402310508,0.20735690402310514,-1.1102230246251565e-16,8.326672684688674e-17,0.95,5.093814049767153e-17,999,999,999,0,,common_complete_parents_across_declared_methods_and_conditions
fGn,Variance,constant_offset_1sd,paired_mae_ratio,1.0000000000000002,0.20735690402310508,0.20735690402310514,0.9999999999999994,1.0000000000000004,0.95,2.5198156046790064e-16,999,999,999,0,,common_complete_parents_across_declared_methods_and_conditions
fGn,Variance,linear_plus_quadratic_0p5sd,absolute_error_inflation,0.07352126316679036,0.20735690402310508,0.28087816718989544,0.04401775413393338,0.10145997272450573,0.95,0.014636310043626376,999,999,999,0,,common_complete_parents_across_declared_methods_and_conditions
fGn,Variance,linear_plus_quadratic_0p5sd,paired_mae_ratio,1.3545638545924574,0.20735690402310508,0.28087816718989544,1.1929732972242675,1.531138931449183,0.95,0.08765818226102073,999,999,999,0,,common_complete_parents_across_declared_methods_and_conditions
fGn,Variance,linear_trend_0p5sd,absolute_error_inflation,0.1465248023020111,0.20735690402310508,0.3538817063251162,0.1179311307828068,0.17254958010694696,0.95,0.014308485920999292,999,999,999,0,,common_complete_parents_across_declared_methods_and_conditions
fGn,Variance,linear_trend_0p5sd,paired_mae_ratio,1.706630931785538,0.20735690402310508,0.3538817063251162,1.5124014395299346,1.9181566017489406,0.95,0.10678552063644674,999,999,999,0,,common_complete_parents_across_declared_methods_and_conditions
fGn,Variance,midpoint_step_1sd,absolute_error_inflation,0.16310657656360245,0.20735690402310508,0.3704634805867075,0.13627353094251263,0.1870651437496696,0.95,0.013239718507736817,999,999,999,0,,common_complete_parents_across_declared_methods_and_conditions
fGn,Variance,midpoint_step_1sd,paired_mae_ratio,1.7865982438927042,0.20735690402310508,0.3704634805867075,1.5945786799603077,1.990466191100737,0.95,0.10679032599713678,999,999,999,0,,common_complete_parents_across_declared_methods_and_conditions
fGn,Variance,t3_realized_sd_0p5,absolute_error_inflation,0.011679406298621242,0.20735690402310508,0.21903631032172632,-0.0066160697694132966,0.03267563694197204,0.95,0.009912123445822957,999,999,999,0,,common_complete_parents_across_declared_methods_and_conditions
fGn,Variance,t3_realized_sd_0p5,paired_mae_ratio,1.0563251383099346,0.20735690402310508,0.21903631032172632,0.9681302018101275,1.1601832366657419,0.95,0.04921359629845603,999,999,999,0,,common_complete_parents_across_declared_methods_and_conditions
fGn,Variance,t5_realized_sd_0p5,absolute_error_inflation,0.004230378849528621,0.20735690402310508,0.2115872828726337,-0.01592493745231613,0.023556715703416664,0.95,0.010159138612348368,999,999,999,0,,common_complete_parents_across_declared_methods_and_conditions
fGn,Variance,t5_realized_sd_0p5,paired_mae_ratio,1.0204014371716181,0.20735690402310508,0.2115872828726337,0.9272677816908883,1.1172899690440978,0.95,0.04927774208549824,999,999,999,0,,common_complete_parents_across_declared_methods_and_conditions
fGn,VarianceResidual,additive_outliers_1pct_8sd,absolute_error_inflation,0.04388858860455947,0.055110259584444855,0.09899884818900433,0.03747139507361253,0.05071160118466702,0.95,0.003482941877048022,999,999,999,0,,common_complete_parents_across_declared_methods_and_conditions
fGn,VarianceResidual,additive_outliers_1pct_8sd,paired_mae_ratio,1.7963778239387433,0.055110259584444855,0.09899884818900433,1.6410708854490161,1.9751258732738606,0.95,0.08629298447494388,999,999,999,0,,common_complete_parents_across_declared_methods_and_conditions
fGn,VarianceResidual,constant_offset_1sd,absolute_error_inflation,1.3877787807814457e-17,0.055110259584444855,0.05511025958444487,-1.3877787807814457e-17,2.0816681711721685e-17,0.95,9.677948743835364e-18,999,999,999,0,,common_complete_parents_across_declared_methods_and_conditions
fGn,VarianceResidual,constant_offset_1sd,paired_mae_ratio,1.0000000000000002,0.055110259584444855,0.05511025958444487,0.9999999999999998,1.0000000000000004,0.95,1.9316138993568135e-16,999,999,999,0,,common_complete_parents_across_declared_methods_and_conditions
fGn,VarianceResidual,linear_plus_quadratic_0p5sd,absolute_error_inflation,0.06572558022620931,0.055110259584444855,0.12083583981065416,0.05947512321988924,0.07183126496501933,0.95,0.0031654955685229513,999,999,999,0,,common_complete_parents_across_declared_methods_and_conditions
fGn,VarianceResidual,linear_plus_quadratic_0p5sd,paired_mae_ratio,2.192619681377089,0.055110259584444855,0.12083583981065416,1.9985977107900401,2.4208966185410112,0.95,0.10645327400966159,999,999,999,0,,common_complete_parents_across_declared_methods_and_conditions
fGn,VarianceResidual,linear_trend_0p5sd,absolute_error_inflation,0.07597705993310142,0.055110259584444855,0.13108731951754626,0.07001067987089873,0.08230582870266875,0.95,0.0031121629945057255,999,999,999,0,,common_complete_parents_across_declared_methods_and_conditions
fGn,VarianceResidual,linear_trend_0p5sd,paired_mae_ratio,2.3786373082979693,0.055110259584444855,0.13108731951754626,2.1664318493991574,2.6415824196131776,0.95,0.11731410216466236,999,999,999,0,,common_complete_parents_across_declared_methods_and_conditions
fGn,VarianceResidual,midpoint_step_1sd,absolute_error_inflation,0.08453962962618497,0.055110259584444855,0.13964988921062982,0.07824652745863186,0.0910629819347455,0.95,0.00332582233295921,999,999,999,0,,common_complete_parents_across_declared_methods_and_conditions
fGn,VarianceResidual,midpoint_step_1sd,paired_mae_ratio,2.5340089170991074,0.055110259584444855,0.13964988921062982,2.2996492727721236,2.819052717315929,0.95,0.1314559693736994,999,999,999,0,,common_complete_parents_across_declared_methods_and_conditions
fGn,VarianceResidual,t3_realized_sd_0p5,absolute_error_inflation,0.015936602387101283,0.055110259584444855,0.07104686197154614,0.011235777022077988,0.02033700434435305,0.95,0.002331969014378413,999,999,999,0,,common_complete_parents_across_declared_methods_and_conditions
fGn,VarianceResidual,t3_realized_sd_0p5,paired_mae_ratio,1.2891766888283622,0.055110259584444855,0.07104686197154614,1.19363558052287,1.3861889429828402,0.95,0.04902672549684465,999,999,999,0,,common_complete_parents_across_declared_methods_and_conditions
fGn,VarianceResidual,t5_realized_sd_0p5,absolute_error_inflation,0.02148054448299066,0.055110259584444855,0.07659080406743551,0.016800807759399575,0.026937113673175434,0.95,0.0026078637919776434,999,999,999,0,,common_complete_parents_across_declared_methods_and_conditions
fGn,VarianceResidual,t5_realized_sd_0p5,paired_mae_ratio,1.3897739666799473,0.055110259584444855,0.07659080406743551,1.2919244843006612,1.5164861942563994,0.95,0.057282583193286635,999,999,999,0,,common_complete_parents_across_declared_methods_and_conditions
fGn,WaveletOLS::broad_band,additive_outliers_1pct_8sd,absolute_error_inflation,0.043050259174890276,0.08026989120275684,0.12332015037764711,0.03241853037596895,0.05328160357421903,0.95,0.005403157912379241,999,999,999,0,,common_complete_parents_across_declared_methods_and_conditions
fGn,WaveletOLS::broad_band,additive_outliers_1pct_8sd,paired_mae_ratio,1.536318892798147,0.08026989120275684,0.12332015037764711,1.3891783522478556,1.6909662177903357,0.95,0.07859792735655616,999,999,999,0,,common_complete_parents_across_declared_methods_and_conditions
fGn,WaveletOLS::broad_band,constant_offset_1sd,absolute_error_inflation,-1.3877787807814457e-17,0.08026989120275684,0.08026989120275682,-2.7755575615628914e-17,2.7755575615628914e-17,0.95,1.3722003107867215e-17,999,999,999,0,,common_complete_parents_across_declared_methods_and_conditions
fGn,WaveletOLS::broad_band,constant_offset_1sd,paired_mae_ratio,0.9999999999999998,0.08026989120275684,0.08026989120275682,0.9999999999999997,1.0000000000000004,0.95,2.0185342226967147e-16,999,999,999,0,,common_complete_parents_across_declared_methods_and_conditions
fGn,WaveletOLS::broad_band,linear_plus_quadratic_0p5sd,absolute_error_inflation,0.010192310562462822,0.08026989120275684,0.09046220176521966,0.004392429427509141,0.01557790671196644,0.95,0.002846195510221217,999,999,999,0,,common_complete_parents_across_declared_methods_and_conditions
fGn,WaveletOLS::broad_band,linear_plus_quadratic_0p5sd,paired_mae_ratio,1.1269755123588951,0.08026989120275684,0.09046220176521966,1.0561845979143303,1.204821845890327,0.95,0.037492621864321625,999,999,999,0,,common_complete_parents_across_declared_methods_and_conditions
fGn,WaveletOLS::broad_band,linear_trend_0p5sd,absolute_error_inflation,0.0027539522073955075,0.08026989120275684,0.08302384341015234,0.0005044034710927422,0.005233995927461619,0.95,0.0012215064205002282,999,999,999,0,,common_complete_parents_across_declared_methods_and_conditions
fGn,WaveletOLS::broad_band,linear_trend_0p5sd,paired_mae_ratio,1.0343086575318658,0.08026989120275684,0.08302384341015234,1.006253576345434,1.0657188590024267,0.95,0.015583124360697061,999,999,999,0,,common_complete_parents_across_declared_methods_and_conditions
fGn,WaveletOLS::broad_band,midpoint_step_1sd,absolute_error_inflation,0.02852331870797538,0.08026989120275684,0.10879320991073221,0.02214144626882287,0.034742872936341,0.95,0.0032125179316298716,999,999,999,0,,common_complete_parents_across_declared_methods_and_conditions
fGn,WaveletOLS::broad_band,midpoint_step_1sd,paired_mae_ratio,1.3553426855398025,0.08026989120275684,0.10879320991073221,1.2637132005394054,1.4632609810800365,0.95,0.05146267940163309,999,999,999,0,,common_complete_parents_across_declared_methods_and_conditions
fGn,WaveletOLS::broad_band,t3_realized_sd_0p5,absolute_error_inflation,0.018594448682380735,0.08026989120275684,0.09886433988513757,0.010854832194268813,0.0266302050381166,0.95,0.004034449517773554,999,999,999,0,,common_complete_parents_across_declared_methods_and_conditions
fGn,WaveletOLS::broad_band,t3_realized_sd_0p5,paired_mae_ratio,1.2316491078256515,0.08026989120275684,0.09886433988513757,1.1328144560911801,1.3469584197813729,0.95,0.05557208350458809,999,999,999,0,,common_complete_parents_across_declared_methods_and_conditions
fGn,WaveletOLS::broad_band,t5_realized_sd_0p5,absolute_error_inflation,0.018912428430819042,0.08026989120275684,0.09918231963357588,0.011204926377428094,0.026806333503040628,0.95,0.003946980240833796,999,999,999,0,,common_complete_parents_across_declared_methods_and_conditions
fGn,WaveletOLS::broad_band,t5_realized_sd_0p5,paired_mae_ratio,1.235610490402278,0.08026989120275684,0.09918231963357588,1.135175306441296,1.3484803227798159,0.95,0.053757349534013316,999,999,999,0,,common_complete_parents_across_declared_methods_and_conditions
fGn,WaveletOLS::conservative_band,additive_outliers_1pct_8sd,absolute_error_inflation,0.029524190615881712,0.13339261028749402,0.16291680090337574,0.015190078040155843,0.04484620591145215,0.95,0.007622585267269277,999,999,999,0,,common_complete_parents_across_declared_methods_and_conditions
fGn,WaveletOLS::conservative_band,additive_outliers_1pct_8sd,paired_mae_ratio,1.2213330300100567,0.13339261028749402,0.16291680090337574,1.11065087285011,1.3508814006106749,0.95,0.06317006541194363,999,999,999,0,,common_complete_parents_across_declared_methods_and_conditions
fGn,WaveletOLS::conservative_band,constant_offset_1sd,absolute_error_inflation,2.7755575615628914e-17,0.13339261028749402,0.13339261028749405,-2.7755575615628914e-17,5.551115123125783e-17,0.95,2.1248312291192696e-17,999,999,999,0,,common_complete_parents_across_declared_methods_and_conditions
fGn,WaveletOLS::conservative_band,constant_offset_1sd,paired_mae_ratio,1.0000000000000002,0.13339261028749402,0.13339261028749405,0.9999999999999998,1.0000000000000004,0.95,1.7412884020803861e-16,999,999,999,0,,common_complete_parents_across_declared_methods_and_conditions
fGn,WaveletOLS::conservative_band,linear_plus_quadratic_0p5sd,absolute_error_inflation,-0.00041999036920670196,0.13339261028749402,0.13297261991828732,-0.0016732715466118875,0.0008165706562489452,0.95,0.0006487266615539407,999,999,999,0,,common_complete_parents_across_declared_methods_and_conditions
fGn,WaveletOLS::conservative_band,linear_plus_quadratic_0p5sd,paired_mae_ratio,0.9968514719945766,0.13339261028749402,0.13297261991828732,0.9874308444988578,1.0062988355750657,0.95,0.0048638850782223636,999,999,999,0,,common_complete_parents_across_declared_methods_and_conditions
fGn,WaveletOLS::conservative_band,linear_trend_0p5sd,absolute_error_inflation,0.000408689269126572,0.13339261028749402,0.1338012995566206,-8.781208305645298e-05,0.0009366555636428672,0.95,0.00027026838527240447,999,999,999,0,,common_complete_parents_across_declared_methods_and_conditions
fGn,WaveletOLS::conservative_band,linear_trend_0p5sd,paired_mae_ratio,1.0030638074196594,0.13339261028749402,0.1338012995566206,0.999365479268482,1.0071474583679685,0.95,0.0020490500408069556,999,999,999,0,,common_complete_parents_across_declared_methods_and_conditions
fGn,WaveletOLS::conservative_band,midpoint_step_1sd,absolute_error_inflation,-0.007531668510724315,0.13339261028749402,0.1258609417767697,-0.013034839041185976,-0.0023505952813846456,0.95,0.0027466387537872713,999,999,999,0,,common_complete_parents_across_declared_methods_and_conditions
fGn,WaveletOLS::conservative_band,midpoint_step_1sd,paired_mae_ratio,0.9435375880680968,0.13339261028749402,0.1258609417767697,0.9034109855951465,0.9819642883506036,0.95,0.020108872142676534,999,999,999,0,,common_complete_parents_across_declared_methods_and_conditions
fGn,WaveletOLS::conservative_band,t3_realized_sd_0p5,absolute_error_inflation,0.002068078556755032,0.13339261028749402,0.13546068884424906,-0.00911364174964471,0.013501309492470184,0.95,0.0057897033774102265,999,999,999,0,,common_complete_parents_across_declared_methods_and_conditions
fGn,WaveletOLS::conservative_band,t3_realized_sd_0p5,paired_mae_ratio,1.0155036965863238,0.13339261028749402,0.13546068884424906,0.9333221647311003,1.1054316695893793,0.95,0.043834273915365124,999,999,999,0,,common_complete_parents_across_declared_methods_and_conditions
fGn,WaveletOLS::conservative_band,t5_realized_sd_0p5,absolute_error_inflation,0.0034860067986722254,0.13339261028749402,0.13687861708616625,-0.008292167464961515,0.01509956022556075,0.95,0.0059799691665617365,999,999,999,0,,common_complete_parents_across_declared_methods_and_conditions
fGn,WaveletOLS::conservative_band,t5_realized_sd_0p5,paired_mae_ratio,1.0261334326628666,0.13339261028749402,0.13687861708616625,0.9398383281346957,1.1191671639778018,0.95,0.045565989295100855,999,999,999,0,,common_complete_parents_across_declared_methods_and_conditions
fGn,WaveletOLS::upper_band,additive_outliers_1pct_8sd,absolute_error_inflation,0.037002259487968994,0.07667788582422323,0.11368014531219223,0.026115320603571655,0.048943136528116465,0.95,0.005835834070791405,999,999,999,0,,common_complete_parents_across_declared_methods_and_conditions
fGn,WaveletOLS::upper_band,additive_outliers_1pct_8sd,paired_mae_ratio,1.482567549825163,0.07667788582422323,0.11368014531219223,1.3338519860308178,1.6612758047342044,0.95,0.08463012162174025,999,999,999,0,,common_complete_parents_across_declared_methods_and_conditions
fGn,WaveletOLS::upper_band,constant_offset_1sd,absolute_error_inflation,0.0,0.07667788582422323,0.07667788582422323,-2.7755575615628914e-17,2.7755575615628914e-17,0.95,1.2315620258250893e-17,999,999,999,0,,common_complete_parents_across_declared_methods_and_conditions
fGn,WaveletOLS::upper_band,constant_offset_1sd,paired_mae_ratio,1.0,0.07667788582422323,0.07667788582422323,0.9999999999999997,1.0000000000000004,0.95,1.8954695838099532e-16,999,999,999,0,,common_complete_parents_across_declared_methods_and_conditions
fGn,WaveletOLS::upper_band,linear_plus_quadratic_0p5sd,absolute_error_inflation,0.0017300467267575004,0.07667788582422323,0.07840793255098073,-4.98244778597565e-05,0.0033987559605441696,0.95,0.0008985524061792594,999,999,999,0,,common_complete_parents_across_declared_methods_and_conditions
fGn,WaveletOLS::upper_band,linear_plus_quadratic_0p5sd,paired_mae_ratio,1.0225625251421704,0.07667788582422323,0.07840793255098073,0.999387151041747,1.0452751317973816,0.95,0.011994799853015109,999,999,999,0,,common_complete_parents_across_declared_methods_and_conditions
fGn,WaveletOLS::upper_band,linear_trend_0p5sd,absolute_error_inflation,0.00035614065129624395,0.07667788582422323,0.07703402647551948,-0.00036344702610122115,0.001046077038846168,0.95,0.0003547526669471803,999,999,999,0,,common_complete_parents_across_declared_methods_and_conditions
fGn,WaveletOLS::upper_band,linear_trend_0p5sd,paired_mae_ratio,1.0046446331620653,0.07667788582422323,0.07703402647551948,0.9954361019264135,1.0136472127615943,0.95,0.004681458959526827,999,999,999,0,,common_complete_parents_across_declared_methods_and_conditions
fGn,WaveletOLS::upper_band,midpoint_step_1sd,absolute_error_inflation,0.0031287405948663277,0.07667788582422323,0.07980662641908956,-0.002569159577630218,0.0083710765344572,0.95,0.0028036996111424012,999,999,999,0,,common_complete_parents_across_declared_methods_and_conditions
fGn,WaveletOLS::upper_band,midpoint_step_1sd,paired_mae_ratio,1.0408036888502465,0.07667788582422323,0.07980662641908956,0.9664440019423363,1.1132888650937884,0.95,0.0373851606519009,999,999,999,0,,common_complete_parents_across_declared_methods_and_conditions
fGn,WaveletOLS::upper_band,t3_realized_sd_0p5,absolute_error_inflation,0.009460596176065261,0.07667788582422323,0.0861384820002885,0.0018453822889975791,0.01841776808440801,0.95,0.004271494852144057,999,999,999,0,,common_complete_parents_across_declared_methods_and_conditions
fGn,WaveletOLS::upper_band,t3_realized_sd_0p5,paired_mae_ratio,1.123381025368289,0.07667788582422323,0.0861384820002885,1.0230208516633505,1.2551782676546954,0.95,0.05911552978008468,999,999,999,0,,common_complete_parents_across_declared_methods_and_conditions
fGn,WaveletOLS::upper_band,t5_realized_sd_0p5,absolute_error_inflation,0.0073511473822037016,0.07667788582422323,0.08402903320642693,9.85306561526902e-05,0.01572606811772456,0.95,0.004037125058521722,999,999,999,0,,common_complete_parents_across_declared_methods_and_conditions
fGn,WaveletOLS::upper_band,t5_realized_sd_0p5,paired_mae_ratio,1.0958705016861772,0.07667788582422323,0.08402903320642693,1.0012571617934074,1.2129974365268215,0.95,0.05527895382920636,999,999,999,0,,common_complete_parents_across_declared_methods_and_conditions
fGn,WhittleMLE,additive_outliers_1pct_8sd,absolute_error_inflation,0.03659553685119782,0.05403624140110401,0.09063177825230183,0.029147204280217557,0.04472669652099457,0.95,0.00399125877394334,999,999,999,0,,common_complete_parents_across_declared_methods_and_conditions
fGn,WhittleMLE,additive_outliers_1pct_8sd,paired_mae_ratio,1.6772406056067797,0.05403624140110401,0.09063177825230183,1.5070843115721761,1.8878921413016332,0.95,0.09745667329220532,999,999,999,0,,common_complete_parents_across_declared_methods_and_conditions
fGn,WhittleMLE,constant_offset_1sd,absolute_error_inflation,2.533181997499412e-13,0.05403624140110401,0.05403624140135733,-3.756821242983932e-14,7.055706713332552e-13,0.95,2.0059700548042947e-13,999,999,999,0,,common_complete_parents_across_declared_methods_and_conditions
fGn,WhittleMLE,constant_offset_1sd,paired_mae_ratio,1.000000000004688,0.05403624140110401,0.05403624140135733,0.9999999999992933,1.0000000000130707,0.95,3.764355651572607e-12,999,999,999,0,,common_complete_parents_across_declared_methods_and_conditions
fGn,WhittleMLE,linear_plus_quadratic_0p5sd,absolute_error_inflation,0.23843898856581291,0.05403624140110401,0.29247522996691694,0.23109345907371381,0.2455232150641256,0.95,0.0038022027057521327,999,999,999,0,,common_complete_parents_across_declared_methods_and_conditions
fGn,WhittleMLE,linear_plus_quadratic_0p5sd,paired_mae_ratio,5.412575382434749,0.05403624140110401,0.29247522996691694,4.949394661555141,5.9908965309491755,0.95,0.2664118589766171,999,999,999,0,,common_complete_parents_across_declared_methods_and_conditions
fGn,WhittleMLE,linear_trend_0p5sd,absolute_error_inflation,0.24060530658991564,0.05403624140110401,0.29464154799101966,0.23300439810901283,0.24780047052410123,0.95,0.00383046770538939,999,999,999,0,,common_complete_parents_across_declared_methods_and_conditions
fGn,WhittleMLE,linear_trend_0p5sd,paired_mae_ratio,5.452665476933039,0.05403624140110401,0.29464154799101966,4.981459078260782,6.0440375907640815,0.95,0.2696336873363737,999,999,999,0,,common_complete_parents_across_declared_methods_and_conditions
fGn,WhittleMLE,midpoint_step_1sd,absolute_error_inflation,0.23572273183920056,0.05403624140110401,0.2897589732403046,0.2284885948821096,0.24335986325498257,0.95,0.0037751259198768234,999,999,999,0,,common_complete_parents_across_declared_methods_and_conditions
fGn,WhittleMLE,midpoint_step_1sd,paired_mae_ratio,5.362308068199291,0.05403624140110401,0.2897589732403046,4.902292714395396,5.946834043684063,0.95,0.2661773607027947,999,999,999,0,,common_complete_parents_across_declared_methods_and_conditions
fGn,WhittleMLE,t3_realized_sd_0p5,absolute_error_inflation,0.01154689685412004,0.05403624140110401,0.06558313825522405,0.005817783470887558,0.017152813363067978,0.95,0.002935539684105964,999,999,999,0,,common_complete_parents_across_declared_methods_and_conditions
fGn,WhittleMLE,t3_realized_sd_0p5,paired_mae_ratio,1.213688009282676,0.05403624140110401,0.06558313825522405,1.1049591282552274,1.334687211645373,0.95,0.059553852137894735,999,999,999,0,,common_complete_parents_across_declared_methods_and_conditions
fGn,WhittleMLE,t5_realized_sd_0p5,absolute_error_inflation,0.019684732510799927,0.05403624140110401,0.07372097391190394,0.014053545417211545,0.025741886773263896,0.95,0.003068891961411323,999,999,999,0,,common_complete_parents_across_declared_methods_and_conditions
fGn,WhittleMLE,t5_realized_sd_0p5,paired_mae_ratio,1.3642875966276542,0.05403624140110401,0.07372097391190394,1.2485801825276643,1.4980931688303565,0.95,0.06685958415315264,999,999,999,0,,common_complete_parents_across_declared_methods_and_conditions
