run_identity_sha256,scope,cell,domain,interval_role,parameter,n,H_target,method,condition,metric,contrast,value,ci_low,ci_high,interval_method,mcse,bootstrap_se,parents_attempted,parents_used,parents_excluded,support,successes,denominator
43d0a7f75c8afab6d32ab6fd1f2ff8db49cca59e36971e2b74404173f4cbfcf2,accuracy,AR1_-0.5_n512,AR1,none,-0.5,512.0,0.5,AbsoluteMoment,clean,mae,,0.23585684825661032,0.2266693222818525,0.2441880658011307,joint_parent_percentile,0.0044723173628008735,0.004464336117628217,2000,2000,0,common_complete_all_declared_methods_conditions,,
43d0a7f75c8afab6d32ab6fd1f2ff8db49cca59e36971e2b74404173f4cbfcf2,accuracy,AR1_-0.5_n512,AR1,none,-0.5,512.0,0.5,DFA::balanced_scales,clean,mae,,0.10769194329545541,0.10532371846692977,0.11023523678270725,joint_parent_percentile,0.0012447443364196518,0.0012679318891909395,2000,2000,0,common_complete_all_declared_methods_conditions,,
43d0a7f75c8afab6d32ab6fd1f2ff8db49cca59e36971e2b74404173f4cbfcf2,accuracy,AR1_-0.5_n512,AR1,none,-0.5,512.0,0.5,DFA::long_scales,clean,mae,,0.09750760207884476,0.09470485173724712,0.10021466549000488,joint_parent_percentile,0.0013601953355335183,0.0013857385478791434,2000,2000,0,common_complete_all_declared_methods_conditions,,
43d0a7f75c8afab6d32ab6fd1f2ff8db49cca59e36971e2b74404173f4cbfcf2,accuracy,AR1_-0.5_n512,AR1,none,-0.5,512.0,0.5,DFA::short_scales,clean,mae,,0.12974477154333253,0.12770274745787416,0.13184030186924708,joint_parent_percentile,0.001045579128482987,0.0010473063380845402,2000,2000,0,common_complete_all_declared_methods_conditions,,
43d0a7f75c8afab6d32ab6fd1f2ff8db49cca59e36971e2b74404173f4cbfcf2,accuracy,AR1_-0.5_n512,AR1,none,-0.5,512.0,0.5,DMA::balanced_windows,clean,mae,,0.10061929599873233,0.09737120742543831,0.10375934124162152,joint_parent_percentile,0.0016558357697320997,0.0016702481400263046,2000,2000,0,common_complete_all_declared_methods_conditions,,
43d0a7f75c8afab6d32ab6fd1f2ff8db49cca59e36971e2b74404173f4cbfcf2,accuracy,AR1_-0.5_n512,AR1,none,-0.5,512.0,0.5,DMA::long_windows,clean,mae,,0.13273690312255126,0.12857471820106414,0.1368550316443203,joint_parent_percentile,0.0020805760740828174,0.002084196674306494,2000,2000,0,common_complete_all_declared_methods_conditions,,
43d0a7f75c8afab6d32ab6fd1f2ff8db49cca59e36971e2b74404173f4cbfcf2,accuracy,AR1_-0.5_n512,AR1,none,-0.5,512.0,0.5,DMA::short_windows,clean,mae,,0.07597735195154447,0.07349467199537389,0.07847240530898097,joint_parent_percentile,0.001275573420973548,0.0012899325965950417,2000,2000,0,common_complete_all_declared_methods_conditions,,
43d0a7f75c8afab6d32ab6fd1f2ff8db49cca59e36971e2b74404173f4cbfcf2,accuracy,AR1_-0.5_n512,AR1,none,-0.5,512.0,0.5,GHE,clean,mae,,0.10002315268158628,0.09778121410610119,0.10228448312599403,joint_parent_percentile,0.0011342173248467733,0.0011675301282740133,2000,2000,0,common_complete_all_declared_methods_conditions,,
43d0a7f75c8afab6d32ab6fd1f2ff8db49cca59e36971e2b74404173f4cbfcf2,accuracy,AR1_-0.5_n512,AR1,none,-0.5,512.0,0.5,GHE::centered,clean,mae,,0.11400986049713512,0.11167653367596263,0.11628209772459717,joint_parent_percentile,0.0011708280024330432,0.001181294809951538,2000,2000,0,common_complete_all_declared_methods_conditions,,
43d0a7f75c8afab6d32ab6fd1f2ff8db49cca59e36971e2b74404173f4cbfcf2,accuracy,AR1_-0.5_n512,AR1,none,-0.5,512.0,0.5,GPH::narrow_band,clean,mae,,0.11110270281299417,0.1074397548032561,0.11486240502225864,joint_parent_percentile,0.0019450909961718451,0.0019320234606401267,2000,2000,0,common_complete_all_declared_methods_conditions,,
43d0a7f75c8afab6d32ab6fd1f2ff8db49cca59e36971e2b74404173f4cbfcf2,accuracy,AR1_-0.5_n512,AR1,none,-0.5,512.0,0.5,GPH::wider_band,clean,mae,,0.07323157367511579,0.07074699011288522,0.07590483986654713,joint_parent_percentile,0.0012967850869162387,0.0013091764334686536,2000,2000,0,common_complete_all_declared_methods_conditions,,
43d0a7f75c8afab6d32ab6fd1f2ff8db49cca59e36971e2b74404173f4cbfcf2,accuracy,AR1_-0.5_n512,AR1,none,-0.5,512.0,0.5,Higuchi,clean,mae,,0.10344321295162778,0.10125477774063947,0.10569589560073199,joint_parent_percentile,0.001110898236588962,0.0011416747242920698,2000,2000,0,common_complete_all_declared_methods_conditions,,
43d0a7f75c8afab6d32ab6fd1f2ff8db49cca59e36971e2b74404173f4cbfcf2,accuracy,AR1_-0.5_n512,AR1,none,-0.5,512.0,0.5,Higuchi::centered,clean,mae,,0.11342651235854018,0.11126672211761723,0.11566684979204163,joint_parent_percentile,0.0011327990486237473,0.0011445526084939179,2000,2000,0,common_complete_all_declared_methods_conditions,,
43d0a7f75c8afab6d32ab6fd1f2ff8db49cca59e36971e2b74404173f4cbfcf2,accuracy,AR1_-0.5_n512,AR1,none,-0.5,512.0,0.5,ModifiedLocalWhittle,clean,mae,,0.05888023074033506,0.05683944286436855,0.06099057492976918,joint_parent_percentile,0.001029154158486891,0.0010455594861139806,2000,2000,0,common_complete_all_declared_methods_conditions,,
43d0a7f75c8afab6d32ab6fd1f2ff8db49cca59e36971e2b74404173f4cbfcf2,accuracy,AR1_-0.5_n512,AR1,none,-0.5,512.0,0.5,RS,clean,mae,,0.043224457872227805,0.041913389690094144,0.04462510808656038,joint_parent_percentile,0.0007011154101583917,0.0006993448699506203,2000,2000,0,common_complete_all_declared_methods_conditions,,
43d0a7f75c8afab6d32ab6fd1f2ff8db49cca59e36971e2b74404173f4cbfcf2,accuracy,AR1_-0.5_n512,AR1,none,-0.5,512.0,0.5,Variance,clean,mae,,0.21698183486479697,0.20825312139416077,0.22479389316430837,joint_parent_percentile,0.0042529234664959404,0.004223988746713684,2000,2000,0,common_complete_all_declared_methods_conditions,,
43d0a7f75c8afab6d32ab6fd1f2ff8db49cca59e36971e2b74404173f4cbfcf2,accuracy,AR1_-0.5_n512,AR1,none,-0.5,512.0,0.5,VarianceResidual,clean,mae,,0.12998987625372782,0.12753921329300535,0.1324971715476937,joint_parent_percentile,0.001254198913914326,0.0012609316612334075,2000,2000,0,common_complete_all_declared_methods_conditions,,
43d0a7f75c8afab6d32ab6fd1f2ff8db49cca59e36971e2b74404173f4cbfcf2,accuracy,AR1_-0.5_n512,AR1,none,-0.5,512.0,0.5,WaveletOLS::broad_band,clean,mae,,0.09303507895747044,0.09002486420857167,0.09635661813666806,joint_parent_percentile,0.001594004970239543,0.0016106506696535983,2000,2000,0,common_complete_all_declared_methods_conditions,,
43d0a7f75c8afab6d32ab6fd1f2ff8db49cca59e36971e2b74404173f4cbfcf2,accuracy,AR1_-0.5_n512,AR1,none,-0.5,512.0,0.5,WaveletOLS::conservative_band,clean,mae,,0.14092964749924283,0.13612715673377768,0.14595311406071856,joint_parent_percentile,0.0024487316666012863,0.0025207540532931447,2000,2000,0,common_complete_all_declared_methods_conditions,,
43d0a7f75c8afab6d32ab6fd1f2ff8db49cca59e36971e2b74404173f4cbfcf2,accuracy,AR1_-0.5_n512,AR1,none,-0.5,512.0,0.5,WaveletOLS::upper_band,clean,mae,,0.10103473963832801,0.09783287966979341,0.10437190672944625,joint_parent_percentile,0.0016961950265317366,0.001673539980879579,2000,2000,0,common_complete_all_declared_methods_conditions,,
43d0a7f75c8afab6d32ab6fd1f2ff8db49cca59e36971e2b74404173f4cbfcf2,accuracy,AR1_-0.5_n512,AR1,none,-0.5,512.0,0.5,WhittleMLE,clean,mae,,0.059299551589766755,0.05724946496213396,0.061419174016403136,joint_parent_percentile,0.001036993561710069,0.0010531340761682907,2000,2000,0,common_complete_all_declared_methods_conditions,,
43d0a7f75c8afab6d32ab6fd1f2ff8db49cca59e36971e2b74404173f4cbfcf2,accuracy,AR1_-0.5_n1024,AR1,none,-0.5,1024.0,0.5,AbsoluteMoment,clean,mae,,0.1021991714053557,0.09840068689075761,0.10606738984843576,joint_parent_percentile,0.0019157633556912289,0.0019468901424509355,2000,2000,0,common_complete_all_declared_methods_conditions,,
43d0a7f75c8afab6d32ab6fd1f2ff8db49cca59e36971e2b74404173f4cbfcf2,accuracy,AR1_-0.5_n1024,AR1,none,-0.5,1024.0,0.5,DFA::balanced_scales,clean,mae,,0.10190485636479193,0.10011739021165479,0.10373500721083233,joint_parent_percentile,0.0009392855024133183,0.0009306965984371906,2000,2000,0,common_complete_all_declared_methods_conditions,,
43d0a7f75c8afab6d32ab6fd1f2ff8db49cca59e36971e2b74404173f4cbfcf2,accuracy,AR1_-0.5_n1024,AR1,none,-0.5,1024.0,0.5,DFA::long_scales,clean,mae,,0.08486533631664753,0.08278731498632529,0.08691052191357139,joint_parent_percentile,0.0010697752724079818,0.00105555569012372,2000,2000,0,common_complete_all_declared_methods_conditions,,
43d0a7f75c8afab6d32ab6fd1f2ff8db49cca59e36971e2b74404173f4cbfcf2,accuracy,AR1_-0.5_n1024,AR1,none,-0.5,1024.0,0.5,DFA::short_scales,clean,mae,,0.12816144041141486,0.12676560118005165,0.1296373523248251,joint_parent_percentile,0.000729415348535378,0.0007262750296017871,2000,2000,0,common_complete_all_declared_methods_conditions,,
43d0a7f75c8afab6d32ab6fd1f2ff8db49cca59e36971e2b74404173f4cbfcf2,accuracy,AR1_-0.5_n1024,AR1,none,-0.5,1024.0,0.5,DMA::balanced_windows,clean,mae,,0.06496844606333026,0.062744067706335,0.06714923873549336,joint_parent_percentile,0.0011044356405599906,0.0011182004520990934,2000,2000,0,common_complete_all_declared_methods_conditions,,
43d0a7f75c8afab6d32ab6fd1f2ff8db49cca59e36971e2b74404173f4cbfcf2,accuracy,AR1_-0.5_n1024,AR1,none,-0.5,1024.0,0.5,DMA::long_windows,clean,mae,,0.08165022212449571,0.07895412182857879,0.08432978446925565,joint_parent_percentile,0.0013529706692612389,0.0013625382761596548,2000,2000,0,common_complete_all_declared_methods_conditions,,
43d0a7f75c8afab6d32ab6fd1f2ff8db49cca59e36971e2b74404173f4cbfcf2,accuracy,AR1_-0.5_n1024,AR1,none,-0.5,1024.0,0.5,DMA::short_windows,clean,mae,,0.05064993048277282,0.04887358009204971,0.052465123445537436,joint_parent_percentile,0.0008832370951641925,0.000895047476276742,2000,2000,0,common_complete_all_declared_methods_conditions,,
43d0a7f75c8afab6d32ab6fd1f2ff8db49cca59e36971e2b74404173f4cbfcf2,accuracy,AR1_-0.5_n1024,AR1,none,-0.5,1024.0,0.5,GHE,clean,mae,,0.08382733547592008,0.08199951322055894,0.08575580196394411,joint_parent_percentile,0.000958857181001552,0.0009549789966856205,2000,2000,0,common_complete_all_declared_methods_conditions,,
43d0a7f75c8afab6d32ab6fd1f2ff8db49cca59e36971e2b74404173f4cbfcf2,accuracy,AR1_-0.5_n1024,AR1,none,-0.5,1024.0,0.5,GHE::centered,clean,mae,,0.09505530277081814,0.09318846040517036,0.0969748437490565,joint_parent_percentile,0.0009815567292907254,0.0009612573596314166,2000,2000,0,common_complete_all_declared_methods_conditions,,
43d0a7f75c8afab6d32ab6fd1f2ff8db49cca59e36971e2b74404173f4cbfcf2,accuracy,AR1_-0.5_n1024,AR1,none,-0.5,1024.0,0.5,GPH::narrow_band,clean,mae,,0.10573765091093391,0.1020737845082252,0.10922225117584725,joint_parent_percentile,0.0017955926561954907,0.0018116877534862506,2000,2000,0,common_complete_all_declared_methods_conditions,,
43d0a7f75c8afab6d32ab6fd1f2ff8db49cca59e36971e2b74404173f4cbfcf2,accuracy,AR1_-0.5_n1024,AR1,none,-0.5,1024.0,0.5,GPH::wider_band,clean,mae,,0.07263063926975917,0.07023969090639305,0.07503430854471835,joint_parent_percentile,0.0012285665771072129,0.001219999134761823,2000,2000,0,common_complete_all_declared_methods_conditions,,
43d0a7f75c8afab6d32ab6fd1f2ff8db49cca59e36971e2b74404173f4cbfcf2,accuracy,AR1_-0.5_n1024,AR1,none,-0.5,1024.0,0.5,Higuchi,clean,mae,,0.1027845428148198,0.10124150322258754,0.10437630568257675,joint_parent_percentile,0.0008103036302062014,0.0008022752113186124,2000,2000,0,common_complete_all_declared_methods_conditions,,
43d0a7f75c8afab6d32ab6fd1f2ff8db49cca59e36971e2b74404173f4cbfcf2,accuracy,AR1_-0.5_n1024,AR1,none,-0.5,1024.0,0.5,Higuchi::centered,clean,mae,,0.10758983473525044,0.10604417857503827,0.10919502670634545,joint_parent_percentile,0.0008138403583618844,0.0008014797932900651,2000,2000,0,common_complete_all_declared_methods_conditions,,
43d0a7f75c8afab6d32ab6fd1f2ff8db49cca59e36971e2b74404173f4cbfcf2,accuracy,AR1_-0.5_n1024,AR1,none,-0.5,1024.0,0.5,ModifiedLocalWhittle,clean,mae,,0.058680048099192396,0.05665348176485806,0.06068912672129478,joint_parent_percentile,0.0010273263125564415,0.0010468176637776433,2000,2000,0,common_complete_all_declared_methods_conditions,,
43d0a7f75c8afab6d32ab6fd1f2ff8db49cca59e36971e2b74404173f4cbfcf2,accuracy,AR1_-0.5_n1024,AR1,none,-0.5,1024.0,0.5,RS,clean,mae,,0.034438473895603734,0.033363844973228446,0.035541317840403944,joint_parent_percentile,0.0005636285374304614,0.0005587181816500127,2000,2000,0,common_complete_all_declared_methods_conditions,,
43d0a7f75c8afab6d32ab6fd1f2ff8db49cca59e36971e2b74404173f4cbfcf2,accuracy,AR1_-0.5_n1024,AR1,none,-0.5,1024.0,0.5,Variance,clean,mae,,0.09381014804934944,0.0902775360955102,0.09736931216245379,joint_parent_percentile,0.001789673047318185,0.001810652983274486,2000,2000,0,common_complete_all_declared_methods_conditions,,
43d0a7f75c8afab6d32ab6fd1f2ff8db49cca59e36971e2b74404173f4cbfcf2,accuracy,AR1_-0.5_n1024,AR1,none,-0.5,1024.0,0.5,VarianceResidual,clean,mae,,0.12501122196603126,0.12333637166295658,0.12669794550470997,joint_parent_percentile,0.0008498394752720211,0.0008510350705430925,2000,2000,0,common_complete_all_declared_methods_conditions,,
43d0a7f75c8afab6d32ab6fd1f2ff8db49cca59e36971e2b74404173f4cbfcf2,accuracy,AR1_-0.5_n1024,AR1,none,-0.5,1024.0,0.5,WaveletOLS::broad_band,clean,mae,,0.07075024340109014,0.06861987826650533,0.0729593903385257,joint_parent_percentile,0.0011938468549628524,0.0011298774302561842,2000,2000,0,common_complete_all_declared_methods_conditions,,
43d0a7f75c8afab6d32ab6fd1f2ff8db49cca59e36971e2b74404173f4cbfcf2,accuracy,AR1_-0.5_n1024,AR1,none,-0.5,1024.0,0.5,WaveletOLS::conservative_band,clean,mae,,0.08501848994006027,0.08229082013959053,0.08793859461618263,joint_parent_percentile,0.0014423676518569935,0.0014596089760901458,2000,2000,0,common_complete_all_declared_methods_conditions,,
43d0a7f75c8afab6d32ab6fd1f2ff8db49cca59e36971e2b74404173f4cbfcf2,accuracy,AR1_-0.5_n1024,AR1,none,-0.5,1024.0,0.5,WaveletOLS::upper_band,clean,mae,,0.07303958703491097,0.07069226456725138,0.07539533567196742,joint_parent_percentile,0.001190780848953385,0.0012088575208110224,2000,2000,0,common_complete_all_declared_methods_conditions,,
43d0a7f75c8afab6d32ab6fd1f2ff8db49cca59e36971e2b74404173f4cbfcf2,accuracy,AR1_-0.5_n1024,AR1,none,-0.5,1024.0,0.5,WhittleMLE,clean,mae,,0.058783167834976884,0.056751469849156404,0.060800056232829185,joint_parent_percentile,0.0010291957712811914,0.0010487708335769376,2000,2000,0,common_complete_all_declared_methods_conditions,,
43d0a7f75c8afab6d32ab6fd1f2ff8db49cca59e36971e2b74404173f4cbfcf2,accuracy,AR1_-0.5_n2048,AR1,none,-0.5,2048.0,0.5,AbsoluteMoment,clean,mae,,0.06516448260378145,0.06284704595361948,0.06732637075785206,joint_parent_percentile,0.001142393734378555,0.0011382756021813252,2000,2000,0,common_complete_all_declared_methods_conditions,,
43d0a7f75c8afab6d32ab6fd1f2ff8db49cca59e36971e2b74404173f4cbfcf2,accuracy,AR1_-0.5_n2048,AR1,none,-0.5,2048.0,0.5,DFA::balanced_scales,clean,mae,,0.09881398397065748,0.09752064634074407,0.1000508917842348,joint_parent_percentile,0.0006614986570914768,0.0006627328074144006,2000,2000,0,common_complete_all_declared_methods_conditions,,
43d0a7f75c8afab6d32ab6fd1f2ff8db49cca59e36971e2b74404173f4cbfcf2,accuracy,AR1_-0.5_n2048,AR1,none,-0.5,2048.0,0.5,DFA::long_scales,clean,mae,,0.07944303086410208,0.07784138909551024,0.08097424225459007,joint_parent_percentile,0.0007861578680731627,0.0007999465418884906,2000,2000,0,common_complete_all_declared_methods_conditions,,
43d0a7f75c8afab6d32ab6fd1f2ff8db49cca59e36971e2b74404173f4cbfcf2,accuracy,AR1_-0.5_n2048,AR1,none,-0.5,2048.0,0.5,DFA::short_scales,clean,mae,,0.1267168637157436,0.12569789438288548,0.12768674991665369,joint_parent_percentile,0.0005244323136458216,0.0005264979238310881,2000,2000,0,common_complete_all_declared_methods_conditions,,
43d0a7f75c8afab6d32ab6fd1f2ff8db49cca59e36971e2b74404173f4cbfcf2,accuracy,AR1_-0.5_n2048,AR1,none,-0.5,2048.0,0.5,DMA::balanced_windows,clean,mae,,0.04332937678393613,0.041922249189211704,0.04469370146195285,joint_parent_percentile,0.0007299178048799736,0.0007248100584696729,2000,2000,0,common_complete_all_declared_methods_conditions,,
43d0a7f75c8afab6d32ab6fd1f2ff8db49cca59e36971e2b74404173f4cbfcf2,accuracy,AR1_-0.5_n2048,AR1,none,-0.5,2048.0,0.5,DMA::long_windows,clean,mae,,0.052542812908545816,0.05080501602502074,0.05419123255673363,joint_parent_percentile,0.0008880684231939346,0.0008808016649157172,2000,2000,0,common_complete_all_declared_methods_conditions,,
43d0a7f75c8afab6d32ab6fd1f2ff8db49cca59e36971e2b74404173f4cbfcf2,accuracy,AR1_-0.5_n2048,AR1,none,-0.5,2048.0,0.5,DMA::short_windows,clean,mae,,0.03479064607817279,0.03359994170510043,0.0359286494089241,joint_parent_percentile,0.0005905604814323567,0.0005966871666564122,2000,2000,0,common_complete_all_declared_methods_conditions,,
43d0a7f75c8afab6d32ab6fd1f2ff8db49cca59e36971e2b74404173f4cbfcf2,accuracy,AR1_-0.5_n2048,AR1,none,-0.5,2048.0,0.5,GHE,clean,mae,,0.06914818007607694,0.06758842647189091,0.07065985500813764,joint_parent_percentile,0.0007958429266928114,0.0008025015370410092,2000,2000,0,common_complete_all_declared_methods_conditions,,
43d0a7f75c8afab6d32ab6fd1f2ff8db49cca59e36971e2b74404173f4cbfcf2,accuracy,AR1_-0.5_n2048,AR1,none,-0.5,2048.0,0.5,GHE::centered,clean,mae,,0.07808117898397396,0.07647325276910936,0.07957540580049885,joint_parent_percentile,0.0008104058006290336,0.000818805370329575,2000,2000,0,common_complete_all_declared_methods_conditions,,
43d0a7f75c8afab6d32ab6fd1f2ff8db49cca59e36971e2b74404173f4cbfcf2,accuracy,AR1_-0.5_n2048,AR1,none,-0.5,2048.0,0.5,GPH::narrow_band,clean,mae,,0.10419833043686666,0.10072506349272864,0.10808506868273879,joint_parent_percentile,0.001847652698908355,0.001865991356151327,2000,2000,0,common_complete_all_declared_methods_conditions,,
43d0a7f75c8afab6d32ab6fd1f2ff8db49cca59e36971e2b74404173f4cbfcf2,accuracy,AR1_-0.5_n2048,AR1,none,-0.5,2048.0,0.5,GPH::wider_band,clean,mae,,0.0715557765674826,0.06913152028282692,0.0740673753136575,joint_parent_percentile,0.0012166050146990496,0.0012538575694633718,2000,2000,0,common_complete_all_declared_methods_conditions,,
43d0a7f75c8afab6d32ab6fd1f2ff8db49cca59e36971e2b74404173f4cbfcf2,accuracy,AR1_-0.5_n2048,AR1,none,-0.5,2048.0,0.5,Higuchi,clean,mae,,0.10121191158725212,0.0999805898747159,0.10234261512973318,joint_parent_percentile,0.0005718239127841481,0.0005873708122503786,2000,2000,0,common_complete_all_declared_methods_conditions,,
43d0a7f75c8afab6d32ab6fd1f2ff8db49cca59e36971e2b74404173f4cbfcf2,accuracy,AR1_-0.5_n2048,AR1,none,-0.5,2048.0,0.5,Higuchi::centered,clean,mae,,0.10368516851315492,0.10246717949678526,0.10481948780218577,joint_parent_percentile,0.0005699252808376187,0.0005885608190759542,2000,2000,0,common_complete_all_declared_methods_conditions,,
43d0a7f75c8afab6d32ab6fd1f2ff8db49cca59e36971e2b74404173f4cbfcf2,accuracy,AR1_-0.5_n2048,AR1,none,-0.5,2048.0,0.5,ModifiedLocalWhittle,clean,mae,,0.0573297034485387,0.05528848598780373,0.05936999632513489,joint_parent_percentile,0.0009923285924105778,0.0010082152055247912,2000,2000,0,common_complete_all_declared_methods_conditions,,
43d0a7f75c8afab6d32ab6fd1f2ff8db49cca59e36971e2b74404173f4cbfcf2,accuracy,AR1_-0.5_n2048,AR1,none,-0.5,2048.0,0.5,RS,clean,mae,,0.02758727657339455,0.02668243361855249,0.028443369463160287,joint_parent_percentile,0.00044698797346437295,0.0004487654109609617,2000,2000,0,common_complete_all_declared_methods_conditions,,
43d0a7f75c8afab6d32ab6fd1f2ff8db49cca59e36971e2b74404173f4cbfcf2,accuracy,AR1_-0.5_n2048,AR1,none,-0.5,2048.0,0.5,Variance,clean,mae,,0.05967766982994984,0.05756191572560325,0.061754649102931686,joint_parent_percentile,0.0010791265837598013,0.001070242935124213,2000,2000,0,common_complete_all_declared_methods_conditions,,
43d0a7f75c8afab6d32ab6fd1f2ff8db49cca59e36971e2b74404173f4cbfcf2,accuracy,AR1_-0.5_n2048,AR1,none,-0.5,2048.0,0.5,VarianceResidual,clean,mae,,0.12183831211967373,0.12062256990923031,0.12297760769322505,joint_parent_percentile,0.0006088157905641855,0.0006183841594617386,2000,2000,0,common_complete_all_declared_methods_conditions,,
43d0a7f75c8afab6d32ab6fd1f2ff8db49cca59e36971e2b74404173f4cbfcf2,accuracy,AR1_-0.5_n2048,AR1,none,-0.5,2048.0,0.5,WaveletOLS::broad_band,clean,mae,,0.062444521819745455,0.060383587194895984,0.06452703678787322,joint_parent_percentile,0.0010497890398204408,0.0010459732930959466,2000,2000,0,common_complete_all_declared_methods_conditions,,
43d0a7f75c8afab6d32ab6fd1f2ff8db49cca59e36971e2b74404173f4cbfcf2,accuracy,AR1_-0.5_n2048,AR1,none,-0.5,2048.0,0.5,WaveletOLS::conservative_band,clean,mae,,0.07404805693542685,0.07136735076437538,0.0767593236158441,joint_parent_percentile,0.0013771634391854645,0.0013832223926558969,2000,2000,0,common_complete_all_declared_methods_conditions,,
43d0a7f75c8afab6d32ab6fd1f2ff8db49cca59e36971e2b74404173f4cbfcf2,accuracy,AR1_-0.5_n2048,AR1,none,-0.5,2048.0,0.5,WaveletOLS::upper_band,clean,mae,,0.05291296184550799,0.051261762166594255,0.054510837842594514,joint_parent_percentile,0.0008545343645654844,0.0008448269873579538,2000,2000,0,common_complete_all_declared_methods_conditions,,
43d0a7f75c8afab6d32ab6fd1f2ff8db49cca59e36971e2b74404173f4cbfcf2,accuracy,AR1_-0.5_n2048,AR1,none,-0.5,2048.0,0.5,WhittleMLE,clean,mae,,0.057354498987093196,0.05531233000880906,0.05939560140264972,joint_parent_percentile,0.0009927839527955336,0.0010086729342340674,2000,2000,0,common_complete_all_declared_methods_conditions,,
43d0a7f75c8afab6d32ab6fd1f2ff8db49cca59e36971e2b74404173f4cbfcf2,accuracy,AR1_0.5_n512,AR1,none,0.5,512.0,0.5,AbsoluteMoment,clean,mae,,0.2084876557376199,0.20061169804218312,0.21651183569982219,joint_parent_percentile,0.004093913506039469,0.0041789810336353974,2000,2000,0,common_complete_all_declared_methods_conditions,,
43d0a7f75c8afab6d32ab6fd1f2ff8db49cca59e36971e2b74404173f4cbfcf2,accuracy,AR1_0.5_n512,AR1,none,0.5,512.0,0.5,DFA::balanced_scales,clean,mae,,0.1224028127118118,0.11949464972323272,0.12540599212316675,joint_parent_percentile,0.0015098302247999722,0.0015263645987186156,2000,2000,0,common_complete_all_declared_methods_conditions,,
43d0a7f75c8afab6d32ab6fd1f2ff8db49cca59e36971e2b74404173f4cbfcf2,accuracy,AR1_0.5_n512,AR1,none,0.5,512.0,0.5,DFA::long_scales,clean,mae,,0.09283506430949695,0.09001426551940946,0.09569724190487278,joint_parent_percentile,0.0014870150916103727,0.001466290544205507,2000,2000,0,common_complete_all_declared_methods_conditions,,
43d0a7f75c8afab6d32ab6fd1f2ff8db49cca59e36971e2b74404173f4cbfcf2,accuracy,AR1_0.5_n512,AR1,none,0.5,512.0,0.5,DFA::short_scales,clean,mae,,0.18127311662010803,0.1786099787794758,0.18395975272189083,joint_parent_percentile,0.0013714438998773742,0.0013676639302858768,2000,2000,0,common_complete_all_declared_methods_conditions,,
43d0a7f75c8afab6d32ab6fd1f2ff8db49cca59e36971e2b74404173f4cbfcf2,accuracy,AR1_0.5_n512,AR1,none,0.5,512.0,0.5,DMA::balanced_windows,clean,mae,,0.08848751835117348,0.08570231305150913,0.09133868946056252,joint_parent_percentile,0.0014370620896249464,0.0014419939811870376,2000,2000,0,common_complete_all_declared_methods_conditions,,
43d0a7f75c8afab6d32ab6fd1f2ff8db49cca59e36971e2b74404173f4cbfcf2,accuracy,AR1_0.5_n512,AR1,none,0.5,512.0,0.5,DMA::long_windows,clean,mae,,0.11520583949022703,0.1116130898256311,0.11877313233742676,joint_parent_percentile,0.0018766913629157012,0.0018645835173166818,2000,2000,0,common_complete_all_declared_methods_conditions,,
43d0a7f75c8afab6d32ab6fd1f2ff8db49cca59e36971e2b74404173f4cbfcf2,accuracy,AR1_0.5_n512,AR1,none,0.5,512.0,0.5,DMA::short_windows,clean,mae,,0.07815486333543566,0.07582389341632138,0.08061201937378211,joint_parent_percentile,0.0012357100318146274,0.001209009698076419,2000,2000,0,common_complete_all_declared_methods_conditions,,
43d0a7f75c8afab6d32ab6fd1f2ff8db49cca59e36971e2b74404173f4cbfcf2,accuracy,AR1_0.5_n512,AR1,none,0.5,512.0,0.5,GHE,clean,mae,,0.10745178238290849,0.10525569661099293,0.10971459046201001,joint_parent_percentile,0.0011442262276452732,0.0011122515755768003,2000,2000,0,common_complete_all_declared_methods_conditions,,
43d0a7f75c8afab6d32ab6fd1f2ff8db49cca59e36971e2b74404173f4cbfcf2,accuracy,AR1_0.5_n512,AR1,none,0.5,512.0,0.5,GHE::centered,clean,mae,,0.09439261013947428,0.09224422853135546,0.0966611564216262,joint_parent_percentile,0.0011307499432258448,0.0011160518614593891,2000,2000,0,common_complete_all_declared_methods_conditions,,
43d0a7f75c8afab6d32ab6fd1f2ff8db49cca59e36971e2b74404173f4cbfcf2,accuracy,AR1_0.5_n512,AR1,none,0.5,512.0,0.5,GPH::narrow_band,clean,mae,,0.11332592701813304,0.10941182185991771,0.11699505377396031,joint_parent_percentile,0.0019092847674129097,0.0018974786355489383,2000,2000,0,common_complete_all_declared_methods_conditions,,
43d0a7f75c8afab6d32ab6fd1f2ff8db49cca59e36971e2b74404173f4cbfcf2,accuracy,AR1_0.5_n512,AR1,none,0.5,512.0,0.5,GPH::wider_band,clean,mae,,0.1223324880981129,0.11922720705432376,0.12546977327933498,joint_parent_percentile,0.0016481017424942758,0.001602785437948004,2000,2000,0,common_complete_all_declared_methods_conditions,,
43d0a7f75c8afab6d32ab6fd1f2ff8db49cca59e36971e2b74404173f4cbfcf2,accuracy,AR1_0.5_n512,AR1,none,0.5,512.0,0.5,Higuchi,clean,mae,,0.11579862249543763,0.11361788316973721,0.11805856123040578,joint_parent_percentile,0.0011200196358123514,0.0011003329918176006,2000,2000,0,common_complete_all_declared_methods_conditions,,
43d0a7f75c8afab6d32ab6fd1f2ff8db49cca59e36971e2b74404173f4cbfcf2,accuracy,AR1_0.5_n512,AR1,none,0.5,512.0,0.5,Higuchi::centered,clean,mae,,0.10653293086478281,0.10439894011098413,0.10877702367528226,joint_parent_percentile,0.00111424585373683,0.0011098953175448997,2000,2000,0,common_complete_all_declared_methods_conditions,,
43d0a7f75c8afab6d32ab6fd1f2ff8db49cca59e36971e2b74404173f4cbfcf2,accuracy,AR1_0.5_n512,AR1,none,0.5,512.0,0.5,ModifiedLocalWhittle,clean,mae,,0.11527091039096028,0.11249539992416568,0.1180532110585097,joint_parent_percentile,0.0014322756864846812,0.0014060837476959178,2000,2000,0,common_complete_all_declared_methods_conditions,,
43d0a7f75c8afab6d32ab6fd1f2ff8db49cca59e36971e2b74404173f4cbfcf2,accuracy,AR1_0.5_n512,AR1,none,0.5,512.0,0.5,RS,clean,mae,,0.17567693463738907,0.1738402988173569,0.17782164370275672,joint_parent_percentile,0.0010358800626532922,0.0010387302975890511,2000,2000,0,common_complete_all_declared_methods_conditions,,
43d0a7f75c8afab6d32ab6fd1f2ff8db49cca59e36971e2b74404173f4cbfcf2,accuracy,AR1_0.5_n512,AR1,none,0.5,512.0,0.5,Variance,clean,mae,,0.19469070085348886,0.18695687828282057,0.20249121922354932,joint_parent_percentile,0.0038548729079190044,0.003945683780454873,2000,2000,0,common_complete_all_declared_methods_conditions,,
43d0a7f75c8afab6d32ab6fd1f2ff8db49cca59e36971e2b74404173f4cbfcf2,accuracy,AR1_0.5_n512,AR1,none,0.5,512.0,0.5,VarianceResidual,clean,mae,,0.11870345658417336,0.11606551798061684,0.1214597528189433,joint_parent_percentile,0.001404401093959464,0.0013911053339078743,2000,2000,0,common_complete_all_declared_methods_conditions,,
43d0a7f75c8afab6d32ab6fd1f2ff8db49cca59e36971e2b74404173f4cbfcf2,accuracy,AR1_0.5_n512,AR1,none,0.5,512.0,0.5,WaveletOLS::broad_band,clean,mae,,0.1941473810015036,0.19055152783337978,0.1979110510975533,joint_parent_percentile,0.001922931060748782,0.0018584666677337303,2000,2000,0,common_complete_all_declared_methods_conditions,,
43d0a7f75c8afab6d32ab6fd1f2ff8db49cca59e36971e2b74404173f4cbfcf2,accuracy,AR1_0.5_n512,AR1,none,0.5,512.0,0.5,WaveletOLS::conservative_band,clean,mae,,0.14867421266499597,0.1440976527229183,0.1530022044078667,joint_parent_percentile,0.002404055493133619,0.002314435927270002,2000,2000,0,common_complete_all_declared_methods_conditions,,
43d0a7f75c8afab6d32ab6fd1f2ff8db49cca59e36971e2b74404173f4cbfcf2,accuracy,AR1_0.5_n512,AR1,none,0.5,512.0,0.5,WaveletOLS::upper_band,clean,mae,,0.2547329738843091,0.2508519717383843,0.258586668680249,joint_parent_percentile,0.0020415071958594074,0.002002019219854664,2000,2000,0,common_complete_all_declared_methods_conditions,,
43d0a7f75c8afab6d32ab6fd1f2ff8db49cca59e36971e2b74404173f4cbfcf2,accuracy,AR1_0.5_n512,AR1,none,0.5,512.0,0.5,WhittleMLE,clean,mae,,0.11566121987695806,0.11286466769998679,0.11844247720946513,joint_parent_percentile,0.0014404682880251145,0.001414454254261734,2000,2000,0,common_complete_all_declared_methods_conditions,,
43d0a7f75c8afab6d32ab6fd1f2ff8db49cca59e36971e2b74404173f4cbfcf2,accuracy,AR1_0.5_n1024,AR1,none,0.5,1024.0,0.5,AbsoluteMoment,clean,mae,,0.08733495202580142,0.08428077638621326,0.09047082527702315,joint_parent_percentile,0.0015763519521481307,0.0015651310574275575,2000,2000,0,common_complete_all_declared_methods_conditions,,
43d0a7f75c8afab6d32ab6fd1f2ff8db49cca59e36971e2b74404173f4cbfcf2,accuracy,AR1_0.5_n1024,AR1,none,0.5,1024.0,0.5,DFA::balanced_scales,clean,mae,,0.12514434122202744,0.12301050787777086,0.1272846929682741,joint_parent_percentile,0.001119635783970423,0.0010963056770091006,2000,2000,0,common_complete_all_declared_methods_conditions,,
43d0a7f75c8afab6d32ab6fd1f2ff8db49cca59e36971e2b74404173f4cbfcf2,accuracy,AR1_0.5_n1024,AR1,none,0.5,1024.0,0.5,DFA::long_scales,clean,mae,,0.09034601393821982,0.08798656385657251,0.09267260932181264,joint_parent_percentile,0.0011757387227852875,0.00117704272408843,2000,2000,0,common_complete_all_declared_methods_conditions,,
43d0a7f75c8afab6d32ab6fd1f2ff8db49cca59e36971e2b74404173f4cbfcf2,accuracy,AR1_0.5_n1024,AR1,none,0.5,1024.0,0.5,DFA::short_scales,clean,mae,,0.18638845814574637,0.18449984674230258,0.18818422712842633,joint_parent_percentile,0.0009470327546193791,0.0009323796349446661,2000,2000,0,common_complete_all_declared_methods_conditions,,
43d0a7f75c8afab6d32ab6fd1f2ff8db49cca59e36971e2b74404173f4cbfcf2,accuracy,AR1_0.5_n1024,AR1,none,0.5,1024.0,0.5,DMA::balanced_windows,clean,mae,,0.0611519803504815,0.059200546757203716,0.06317285712783811,joint_parent_percentile,0.0010049314489522755,0.0010207360566413832,2000,2000,0,common_complete_all_declared_methods_conditions,,
43d0a7f75c8afab6d32ab6fd1f2ff8db49cca59e36971e2b74404173f4cbfcf2,accuracy,AR1_0.5_n1024,AR1,none,0.5,1024.0,0.5,DMA::long_windows,clean,mae,,0.07283212301770312,0.07047000026805808,0.07533204074840667,joint_parent_percentile,0.0012228374038813063,0.0012549554619327493,2000,2000,0,common_complete_all_declared_methods_conditions,,
43d0a7f75c8afab6d32ab6fd1f2ff8db49cca59e36971e2b74404173f4cbfcf2,accuracy,AR1_0.5_n1024,AR1,none,0.5,1024.0,0.5,DMA::short_windows,clean,mae,,0.07089286493222378,0.06887856457711888,0.07299219091398826,joint_parent_percentile,0.0010346950446107053,0.001032323213166963,2000,2000,0,common_complete_all_declared_methods_conditions,,
43d0a7f75c8afab6d32ab6fd1f2ff8db49cca59e36971e2b74404173f4cbfcf2,accuracy,AR1_0.5_n1024,AR1,none,0.5,1024.0,0.5,GHE,clean,mae,,0.08780262795117007,0.0859596290830346,0.0896192909688785,joint_parent_percentile,0.0009525980310490107,0.0009549226048631773,2000,2000,0,common_complete_all_declared_methods_conditions,,
43d0a7f75c8afab6d32ab6fd1f2ff8db49cca59e36971e2b74404173f4cbfcf2,accuracy,AR1_0.5_n1024,AR1,none,0.5,1024.0,0.5,GHE::centered,clean,mae,,0.07684609386506544,0.07495324782496858,0.07872340518181317,joint_parent_percentile,0.0009309584514477794,0.0009436455839622459,2000,2000,0,common_complete_all_declared_methods_conditions,,
43d0a7f75c8afab6d32ab6fd1f2ff8db49cca59e36971e2b74404173f4cbfcf2,accuracy,AR1_0.5_n1024,AR1,none,0.5,1024.0,0.5,GPH::narrow_band,clean,mae,,0.10962140193266005,0.10598354199664685,0.11347052758578713,joint_parent_percentile,0.001859106573616601,0.0018840075966095535,2000,2000,0,common_complete_all_declared_methods_conditions,,
43d0a7f75c8afab6d32ab6fd1f2ff8db49cca59e36971e2b74404173f4cbfcf2,accuracy,AR1_0.5_n1024,AR1,none,0.5,1024.0,0.5,GPH::wider_band,clean,mae,,0.07746100037479364,0.07490573836334322,0.07993557341321189,joint_parent_percentile,0.0012772782290306544,0.0012667192087438457,2000,2000,0,common_complete_all_declared_methods_conditions,,
43d0a7f75c8afab6d32ab6fd1f2ff8db49cca59e36971e2b74404173f4cbfcf2,accuracy,AR1_0.5_n1024,AR1,none,0.5,1024.0,0.5,Higuchi,clean,mae,,0.11762338023574687,0.11603085772748463,0.11913600589100952,joint_parent_percentile,0.0008035133007547706,0.0007825207685068934,2000,2000,0,common_complete_all_declared_methods_conditions,,
43d0a7f75c8afab6d32ab6fd1f2ff8db49cca59e36971e2b74404173f4cbfcf2,accuracy,AR1_0.5_n1024,AR1,none,0.5,1024.0,0.5,Higuchi::centered,clean,mae,,0.11260617132518266,0.11100767116470128,0.11412314970130846,joint_parent_percentile,0.0008031109865883534,0.0007808239473541921,2000,2000,0,common_complete_all_declared_methods_conditions,,
43d0a7f75c8afab6d32ab6fd1f2ff8db49cca59e36971e2b74404173f4cbfcf2,accuracy,AR1_0.5_n1024,AR1,none,0.5,1024.0,0.5,ModifiedLocalWhittle,clean,mae,,0.06272796598905026,0.06066733086873596,0.06474649925251756,joint_parent_percentile,0.0010488010479801815,0.0010495620751802476,2000,2000,0,common_complete_all_declared_methods_conditions,,
43d0a7f75c8afab6d32ab6fd1f2ff8db49cca59e36971e2b74404173f4cbfcf2,accuracy,AR1_0.5_n1024,AR1,none,0.5,1024.0,0.5,RS,clean,mae,,0.1502269104234497,0.14864595487438956,0.1517854009074962,joint_parent_percentile,0.0007903968060784426,0.0007940648175816646,2000,2000,0,common_complete_all_declared_methods_conditions,,
43d0a7f75c8afab6d32ab6fd1f2ff8db49cca59e36971e2b74404173f4cbfcf2,accuracy,AR1_0.5_n1024,AR1,none,0.5,1024.0,0.5,Variance,clean,mae,,0.08364774869549522,0.08078715606164086,0.08663901388044189,joint_parent_percentile,0.001494066140237378,0.001493214938704859,2000,2000,0,common_complete_all_declared_methods_conditions,,
43d0a7f75c8afab6d32ab6fd1f2ff8db49cca59e36971e2b74404173f4cbfcf2,accuracy,AR1_0.5_n1024,AR1,none,0.5,1024.0,0.5,VarianceResidual,clean,mae,,0.12490158204046747,0.12303545333137034,0.1267706759149405,joint_parent_percentile,0.0009749494878659524,0.0009537966831871838,2000,2000,0,common_complete_all_declared_methods_conditions,,
43d0a7f75c8afab6d32ab6fd1f2ff8db49cca59e36971e2b74404173f4cbfcf2,accuracy,AR1_0.5_n1024,AR1,none,0.5,1024.0,0.5,WaveletOLS::broad_band,clean,mae,,0.1621467155120415,0.15923038088216157,0.16509468785589101,joint_parent_percentile,0.001509084495933555,0.0015039291310541506,2000,2000,0,common_complete_all_declared_methods_conditions,,
43d0a7f75c8afab6d32ab6fd1f2ff8db49cca59e36971e2b74404173f4cbfcf2,accuracy,AR1_0.5_n1024,AR1,none,0.5,1024.0,0.5,WaveletOLS::conservative_band,clean,mae,,0.10922491753106,0.10616354828401227,0.11243104988611431,joint_parent_percentile,0.0016180214003267519,0.0015775290034775386,2000,2000,0,common_complete_all_declared_methods_conditions,,
43d0a7f75c8afab6d32ab6fd1f2ff8db49cca59e36971e2b74404173f4cbfcf2,accuracy,AR1_0.5_n1024,AR1,none,0.5,1024.0,0.5,WaveletOLS::upper_band,clean,mae,,0.20012345496584374,0.19723913709992,0.20276380651918555,joint_parent_percentile,0.0014006870021724125,0.0013778761568178169,2000,2000,0,common_complete_all_declared_methods_conditions,,
43d0a7f75c8afab6d32ab6fd1f2ff8db49cca59e36971e2b74404173f4cbfcf2,accuracy,AR1_0.5_n1024,AR1,none,0.5,1024.0,0.5,WhittleMLE,clean,mae,,0.06282165258539478,0.06075716731362976,0.06484083744731836,joint_parent_percentile,0.0010504111059761287,0.0010512315435443024,2000,2000,0,common_complete_all_declared_methods_conditions,,
43d0a7f75c8afab6d32ab6fd1f2ff8db49cca59e36971e2b74404173f4cbfcf2,accuracy,AR1_0.5_n2048,AR1,none,0.5,2048.0,0.5,AbsoluteMoment,clean,mae,,0.05320118820866026,0.05140347213381126,0.055099151407342256,joint_parent_percentile,0.0009249242145878108,0.0009361387203000708,2000,2000,0,common_complete_all_declared_methods_conditions,,
43d0a7f75c8afab6d32ab6fd1f2ff8db49cca59e36971e2b74404173f4cbfcf2,accuracy,AR1_0.5_n2048,AR1,none,0.5,2048.0,0.5,DFA::balanced_scales,clean,mae,,0.12815458567028643,0.12658832812040013,0.1296330937650781,joint_parent_percentile,0.0007913491192112085,0.0007896014704669814,2000,2000,0,common_complete_all_declared_methods_conditions,,
43d0a7f75c8afab6d32ab6fd1f2ff8db49cca59e36971e2b74404173f4cbfcf2,accuracy,AR1_0.5_n2048,AR1,none,0.5,2048.0,0.5,DFA::long_scales,clean,mae,,0.09154136798452417,0.0897150450515384,0.09335392409823991,joint_parent_percentile,0.0009095298680264319,0.0009167925417732025,2000,2000,0,common_complete_all_declared_methods_conditions,,
43d0a7f75c8afab6d32ab6fd1f2ff8db49cca59e36971e2b74404173f4cbfcf2,accuracy,AR1_0.5_n2048,AR1,none,0.5,2048.0,0.5,DFA::short_scales,clean,mae,,0.18796864825700527,0.1867493383552921,0.18918817575701377,joint_parent_percentile,0.0006555204914311957,0.0006456485611940767,2000,2000,0,common_complete_all_declared_methods_conditions,,
43d0a7f75c8afab6d32ab6fd1f2ff8db49cca59e36971e2b74404173f4cbfcf2,accuracy,AR1_0.5_n2048,AR1,none,0.5,2048.0,0.5,DMA::balanced_windows,clean,mae,,0.050435376912726926,0.048884093210096576,0.0520879569876822,joint_parent_percentile,0.0008064241338421012,0.0008068733111300131,2000,2000,0,common_complete_all_declared_methods_conditions,,
43d0a7f75c8afab6d32ab6fd1f2ff8db49cca59e36971e2b74404173f4cbfcf2,accuracy,AR1_0.5_n2048,AR1,none,0.5,2048.0,0.5,DMA::long_windows,clean,mae,,0.049196535948121775,0.04763488417139838,0.050858979071561436,joint_parent_percentile,0.0008156427580871364,0.000834786023931885,2000,2000,0,common_complete_all_declared_methods_conditions,,
43d0a7f75c8afab6d32ab6fd1f2ff8db49cca59e36971e2b74404173f4cbfcf2,accuracy,AR1_0.5_n2048,AR1,none,0.5,2048.0,0.5,DMA::short_windows,clean,mae,,0.0744427440424066,0.07281462440948365,0.0760427815349546,joint_parent_percentile,0.0008412921425482272,0.0008315349232231543,2000,2000,0,common_complete_all_declared_methods_conditions,,
43d0a7f75c8afab6d32ab6fd1f2ff8db49cca59e36971e2b74404173f4cbfcf2,accuracy,AR1_0.5_n2048,AR1,none,0.5,2048.0,0.5,GHE,clean,mae,,0.07342588748371452,0.0718520162675479,0.07490627556441305,joint_parent_percentile,0.0007889071858436686,0.0007595804515430431,2000,2000,0,common_complete_all_declared_methods_conditions,,
43d0a7f75c8afab6d32ab6fd1f2ff8db49cca59e36971e2b74404173f4cbfcf2,accuracy,AR1_0.5_n2048,AR1,none,0.5,2048.0,0.5,GHE::centered,clean,mae,,0.06470617115259915,0.06323638308167767,0.06608497173116878,joint_parent_percentile,0.0007700629547647757,0.0007471643278253559,2000,2000,0,common_complete_all_declared_methods_conditions,,
43d0a7f75c8afab6d32ab6fd1f2ff8db49cca59e36971e2b74404173f4cbfcf2,accuracy,AR1_0.5_n2048,AR1,none,0.5,2048.0,0.5,GPH::narrow_band,clean,mae,,0.10596102286379873,0.1021215460579792,0.10954839383873974,joint_parent_percentile,0.0018719679917171717,0.0018912257760223769,2000,2000,0,common_complete_all_declared_methods_conditions,,
43d0a7f75c8afab6d32ab6fd1f2ff8db49cca59e36971e2b74404173f4cbfcf2,accuracy,AR1_0.5_n2048,AR1,none,0.5,2048.0,0.5,GPH::wider_band,clean,mae,,0.07135284154444368,0.06905500257131876,0.07357229356128439,joint_parent_percentile,0.0011952543874432214,0.0011943634957267211,2000,2000,0,common_complete_all_declared_methods_conditions,,
43d0a7f75c8afab6d32ab6fd1f2ff8db49cca59e36971e2b74404173f4cbfcf2,accuracy,AR1_0.5_n2048,AR1,none,0.5,2048.0,0.5,Higuchi,clean,mae,,0.11866955169406343,0.1175359290671842,0.11974638832079715,joint_parent_percentile,0.0005734556533268481,0.0005681799030975237,2000,2000,0,common_complete_all_declared_methods_conditions,,
43d0a7f75c8afab6d32ab6fd1f2ff8db49cca59e36971e2b74404173f4cbfcf2,accuracy,AR1_0.5_n2048,AR1,none,0.5,2048.0,0.5,Higuchi::centered,clean,mae,,0.1161999675415156,0.11506228088374021,0.11727232967765054,joint_parent_percentile,0.0005740485069643129,0.0005720901456643863,2000,2000,0,common_complete_all_declared_methods_conditions,,
43d0a7f75c8afab6d32ab6fd1f2ff8db49cca59e36971e2b74404173f4cbfcf2,accuracy,AR1_0.5_n2048,AR1,none,0.5,2048.0,0.5,ModifiedLocalWhittle,clean,mae,,0.05694694876023007,0.05499630047554445,0.05895003709063048,joint_parent_percentile,0.000987406545525149,0.0010086325932690476,2000,2000,0,common_complete_all_declared_methods_conditions,,
43d0a7f75c8afab6d32ab6fd1f2ff8db49cca59e36971e2b74404173f4cbfcf2,accuracy,AR1_0.5_n2048,AR1,none,0.5,2048.0,0.5,RS,clean,mae,,0.12850753815068588,0.12726129100923084,0.12973004616235495,joint_parent_percentile,0.000628947224855864,0.0006283134353857219,2000,2000,0,common_complete_all_declared_methods_conditions,,
43d0a7f75c8afab6d32ab6fd1f2ff8db49cca59e36971e2b74404173f4cbfcf2,accuracy,AR1_0.5_n2048,AR1,none,0.5,2048.0,0.5,Variance,clean,mae,,0.05218791704708862,0.050392612502844034,0.05401215024557939,joint_parent_percentile,0.000893782141388062,0.0009101881694873563,2000,2000,0,common_complete_all_declared_methods_conditions,,
43d0a7f75c8afab6d32ab6fd1f2ff8db49cca59e36971e2b74404173f4cbfcf2,accuracy,AR1_0.5_n2048,AR1,none,0.5,2048.0,0.5,VarianceResidual,clean,mae,,0.12752660022097376,0.1262139114181423,0.12890032056953546,joint_parent_percentile,0.0006932089317048997,0.000693798577546674,2000,2000,0,common_complete_all_declared_methods_conditions,,
43d0a7f75c8afab6d32ab6fd1f2ff8db49cca59e36971e2b74404173f4cbfcf2,accuracy,AR1_0.5_n2048,AR1,none,0.5,2048.0,0.5,WaveletOLS::broad_band,clean,mae,,0.1368432433705234,0.13439999143662396,0.1393428915663581,joint_parent_percentile,0.0012870436724835479,0.001271567100663892,2000,2000,0,common_complete_all_declared_methods_conditions,,
43d0a7f75c8afab6d32ab6fd1f2ff8db49cca59e36971e2b74404173f4cbfcf2,accuracy,AR1_0.5_n2048,AR1,none,0.5,2048.0,0.5,WaveletOLS::conservative_band,clean,mae,,0.09318030376268222,0.09043646960814214,0.09592715129875516,joint_parent_percentile,0.0013790115279176294,0.0014035310791678105,2000,2000,0,common_complete_all_declared_methods_conditions,,
43d0a7f75c8afab6d32ab6fd1f2ff8db49cca59e36971e2b74404173f4cbfcf2,accuracy,AR1_0.5_n2048,AR1,none,0.5,2048.0,0.5,WaveletOLS::upper_band,clean,mae,,0.16022459847190937,0.15825870708542208,0.16239176343695888,joint_parent_percentile,0.0010337929910526446,0.0010114402024020864,2000,2000,0,common_complete_all_declared_methods_conditions,,
43d0a7f75c8afab6d32ab6fd1f2ff8db49cca59e36971e2b74404173f4cbfcf2,accuracy,AR1_0.5_n2048,AR1,none,0.5,2048.0,0.5,WhittleMLE,clean,mae,,0.05697011116535236,0.05501809288345062,0.05897491232085637,joint_parent_percentile,0.0009878549586743697,0.0010091174697296741,2000,2000,0,common_complete_all_declared_methods_conditions,,
43d0a7f75c8afab6d32ab6fd1f2ff8db49cca59e36971e2b74404173f4cbfcf2,accuracy,AR1_0.8_n512,AR1,none,0.8,512.0,0.5,AbsoluteMoment,clean,mae,,0.18864321845343443,0.18119269651324063,0.19612273473074726,joint_parent_percentile,0.0038919599886581596,0.0037858987997529026,2000,2000,0,common_complete_all_declared_methods_conditions,,
43d0a7f75c8afab6d32ab6fd1f2ff8db49cca59e36971e2b74404173f4cbfcf2,accuracy,AR1_0.8_n512,AR1,none,0.8,512.0,0.5,DFA::balanced_scales,clean,mae,,0.3367164770192066,0.3331776275482119,0.34045046610864116,joint_parent_percentile,0.0018409774061789537,0.001856894217332345,2000,2000,0,common_complete_all_declared_methods_conditions,,
43d0a7f75c8afab6d32ab6fd1f2ff8db49cca59e36971e2b74404173f4cbfcf2,accuracy,AR1_0.8_n512,AR1,none,0.8,512.0,0.5,DFA::long_scales,clean,mae,,0.25385352249327087,0.24977016185006265,0.25802813185445655,joint_parent_percentile,0.0020796766871763544,0.002105834541651072,2000,2000,0,common_complete_all_declared_methods_conditions,,
43d0a7f75c8afab6d32ab6fd1f2ff8db49cca59e36971e2b74404173f4cbfcf2,accuracy,AR1_0.8_n512,AR1,none,0.8,512.0,0.5,DFA::short_scales,clean,mae,,0.4461159775386593,0.4430117697497354,0.4493629061901623,joint_parent_percentile,0.0015800826887162522,0.001626300352677742,2000,2000,0,common_complete_all_declared_methods_conditions,,
43d0a7f75c8afab6d32ab6fd1f2ff8db49cca59e36971e2b74404173f4cbfcf2,accuracy,AR1_0.8_n512,AR1,none,0.8,512.0,0.5,DMA::balanced_windows,clean,mae,,0.09835311445602302,0.09530997769644373,0.10155252860700746,joint_parent_percentile,0.0015950776061936897,0.0016257711003882375,2000,2000,0,common_complete_all_declared_methods_conditions,,
43d0a7f75c8afab6d32ab6fd1f2ff8db49cca59e36971e2b74404173f4cbfcf2,accuracy,AR1_0.8_n512,AR1,none,0.8,512.0,0.5,DMA::long_windows,clean,mae,,0.10306872685524114,0.09965326530226297,0.1064083030008632,joint_parent_percentile,0.0016954543257930816,0.0017060649938822033,2000,2000,0,common_complete_all_declared_methods_conditions,,
43d0a7f75c8afab6d32ab6fd1f2ff8db49cca59e36971e2b74404173f4cbfcf2,accuracy,AR1_0.8_n512,AR1,none,0.8,512.0,0.5,DMA::short_windows,clean,mae,,0.14847654759154566,0.1453893601966085,0.15183595797173516,joint_parent_percentile,0.0017027171280140562,0.001677845468963637,2000,2000,0,common_complete_all_declared_methods_conditions,,
43d0a7f75c8afab6d32ab6fd1f2ff8db49cca59e36971e2b74404173f4cbfcf2,accuracy,AR1_0.8_n512,AR1,none,0.8,512.0,0.5,GHE,clean,mae,,0.24136788136633633,0.23928775183164624,0.24363891760464465,joint_parent_percentile,0.001114259382050953,0.001126178006737457,2000,2000,0,common_complete_all_declared_methods_conditions,,
43d0a7f75c8afab6d32ab6fd1f2ff8db49cca59e36971e2b74404173f4cbfcf2,accuracy,AR1_0.8_n512,AR1,none,0.8,512.0,0.5,GHE::centered,clean,mae,,0.2277590484463072,0.2256083358364926,0.2300328619231305,joint_parent_percentile,0.0011503494752550022,0.0011515278985488981,2000,2000,0,common_complete_all_declared_methods_conditions,,
43d0a7f75c8afab6d32ab6fd1f2ff8db49cca59e36971e2b74404173f4cbfcf2,accuracy,AR1_0.8_n512,AR1,none,0.8,512.0,0.5,GPH::narrow_band,clean,mae,,0.23868355583073994,0.23347515816005382,0.24385540486725693,joint_parent_percentile,0.0027491547700312377,0.0026870444699728714,2000,2000,0,common_complete_all_declared_methods_conditions,,
43d0a7f75c8afab6d32ab6fd1f2ff8db49cca59e36971e2b74404173f4cbfcf2,accuracy,AR1_0.8_n512,AR1,none,0.8,512.0,0.5,GPH::wider_band,clean,mae,,0.40966268333466827,0.4058556911360707,0.4135536434300829,joint_parent_percentile,0.002004338547946814,0.0019909029976075505,2000,2000,0,common_complete_all_declared_methods_conditions,,
43d0a7f75c8afab6d32ab6fd1f2ff8db49cca59e36971e2b74404173f4cbfcf2,accuracy,AR1_0.8_n512,AR1,none,0.8,512.0,0.5,Higuchi,clean,mae,,0.26264828433698284,0.2606560755425929,0.26470813226983086,joint_parent_percentile,0.0010366608225416435,0.0010437857759011248,2000,2000,0,common_complete_all_declared_methods_conditions,,
43d0a7f75c8afab6d32ab6fd1f2ff8db49cca59e36971e2b74404173f4cbfcf2,accuracy,AR1_0.8_n512,AR1,none,0.8,512.0,0.5,Higuchi::centered,clean,mae,,0.2532552215330717,0.2511977293887247,0.25533471978961825,joint_parent_percentile,0.0010626532789521472,0.0010680076371656104,2000,2000,0,common_complete_all_declared_methods_conditions,,
43d0a7f75c8afab6d32ab6fd1f2ff8db49cca59e36971e2b74404173f4cbfcf2,accuracy,AR1_0.8_n512,AR1,none,0.8,512.0,0.5,ModifiedLocalWhittle,clean,mae,,0.42713345027939753,0.4243756842063411,0.4299089418871295,joint_parent_percentile,0.0013529447353883195,0.001397244666994012,2000,2000,0,common_complete_all_declared_methods_conditions,,
43d0a7f75c8afab6d32ab6fd1f2ff8db49cca59e36971e2b74404173f4cbfcf2,accuracy,AR1_0.8_n512,AR1,none,0.8,512.0,0.5,RS,clean,mae,,0.2986667633036417,0.29669950003227435,0.30064730649536225,joint_parent_percentile,0.0009986843301048986,0.0010074811336559495,2000,2000,0,common_complete_all_declared_methods_conditions,,
43d0a7f75c8afab6d32ab6fd1f2ff8db49cca59e36971e2b74404173f4cbfcf2,accuracy,AR1_0.8_n512,AR1,none,0.8,512.0,0.5,Variance,clean,mae,,0.18337462589640777,0.17636953992860854,0.19048727883061872,joint_parent_percentile,0.0036802235290484225,0.0035667414424850503,2000,2000,0,common_complete_all_declared_methods_conditions,,
43d0a7f75c8afab6d32ab6fd1f2ff8db49cca59e36971e2b74404173f4cbfcf2,accuracy,AR1_0.8_n512,AR1,none,0.8,512.0,0.5,VarianceResidual,clean,mae,,0.3375561963773655,0.3343521278516826,0.3409575851525249,joint_parent_percentile,0.00164650568456633,0.0016472145176886568,2000,2000,0,common_complete_all_declared_methods_conditions,,
43d0a7f75c8afab6d32ab6fd1f2ff8db49cca59e36971e2b74404173f4cbfcf2,accuracy,AR1_0.8_n512,AR1,none,0.8,512.0,0.5,WaveletOLS::broad_band,clean,mae,,0.4937385867759201,0.48947405846860287,0.49773111973874207,joint_parent_percentile,0.0020730139638395957,0.002102772856891335,2000,2000,0,common_complete_all_declared_methods_conditions,,
43d0a7f75c8afab6d32ab6fd1f2ff8db49cca59e36971e2b74404173f4cbfcf2,accuracy,AR1_0.8_n512,AR1,none,0.8,512.0,0.5,WaveletOLS::conservative_band,clean,mae,,0.4843449679017601,0.4777628640236912,0.4914824947044694,joint_parent_percentile,0.0033466528679676473,0.00346596457888496,2000,2000,0,common_complete_all_declared_methods_conditions,,
43d0a7f75c8afab6d32ab6fd1f2ff8db49cca59e36971e2b74404173f4cbfcf2,accuracy,AR1_0.8_n512,AR1,none,0.8,512.0,0.5,WaveletOLS::upper_band,clean,mae,,0.6150297923427176,0.6110174401336387,0.6191868691281682,joint_parent_percentile,0.002039273332839111,0.002062410950901113,2000,2000,0,common_complete_all_declared_methods_conditions,,
43d0a7f75c8afab6d32ab6fd1f2ff8db49cca59e36971e2b74404173f4cbfcf2,accuracy,AR1_0.8_n512,AR1,none,0.8,512.0,0.5,WhittleMLE,clean,mae,,0.42863616838340846,0.4258832007698067,0.43140010862219075,joint_parent_percentile,0.0013484985326714738,0.0013930771061051739,2000,2000,0,common_complete_all_declared_methods_conditions,,
43d0a7f75c8afab6d32ab6fd1f2ff8db49cca59e36971e2b74404173f4cbfcf2,accuracy,AR1_0.8_n1024,AR1,none,0.8,1024.0,0.5,AbsoluteMoment,clean,mae,,0.08945515789791689,0.08678285466994769,0.09226348716145394,joint_parent_percentile,0.0014260382520987916,0.0014201799871070243,2000,2000,0,common_complete_all_declared_methods_conditions,,
43d0a7f75c8afab6d32ab6fd1f2ff8db49cca59e36971e2b74404173f4cbfcf2,accuracy,AR1_0.8_n1024,AR1,none,0.8,1024.0,0.5,DFA::balanced_scales,clean,mae,,0.3476357693627195,0.34515022260912304,0.3502918372999473,joint_parent_percentile,0.0013062274605791064,0.0012857184433406068,2000,2000,0,common_complete_all_declared_methods_conditions,,
43d0a7f75c8afab6d32ab6fd1f2ff8db49cca59e36971e2b74404173f4cbfcf2,accuracy,AR1_0.8_n1024,AR1,none,0.8,1024.0,0.5,DFA::long_scales,clean,mae,,0.2653293550270539,0.26258100338099155,0.2682556159337829,joint_parent_percentile,0.0014598788481217128,0.0014540658469658866,2000,2000,0,common_complete_all_declared_methods_conditions,,
43d0a7f75c8afab6d32ab6fd1f2ff8db49cca59e36971e2b74404173f4cbfcf2,accuracy,AR1_0.8_n1024,AR1,none,0.8,1024.0,0.5,DFA::short_scales,clean,mae,,0.4548164808938648,0.4527410393618819,0.4569300447179645,joint_parent_percentile,0.0010924827470058962,0.0010772782144783727,2000,2000,0,common_complete_all_declared_methods_conditions,,
43d0a7f75c8afab6d32ab6fd1f2ff8db49cca59e36971e2b74404173f4cbfcf2,accuracy,AR1_0.8_n1024,AR1,none,0.8,1024.0,0.5,DMA::balanced_windows,clean,mae,,0.10261932806805435,0.1000167501323481,0.10518108835956741,joint_parent_percentile,0.0013384560047108238,0.0013090697416443405,2000,2000,0,common_complete_all_declared_methods_conditions,,
43d0a7f75c8afab6d32ab6fd1f2ff8db49cca59e36971e2b74404173f4cbfcf2,accuracy,AR1_0.8_n1024,AR1,none,0.8,1024.0,0.5,DMA::long_windows,clean,mae,,0.07910463144914885,0.07670393329192925,0.08151796386629118,joint_parent_percentile,0.0012388092398329725,0.0012213789582385403,2000,2000,0,common_complete_all_declared_methods_conditions,,
43d0a7f75c8afab6d32ab6fd1f2ff8db49cca59e36971e2b74404173f4cbfcf2,accuracy,AR1_0.8_n1024,AR1,none,0.8,1024.0,0.5,DMA::short_windows,clean,mae,,0.16754570340720407,0.16524315325109373,0.1700281821839072,joint_parent_percentile,0.0012356667952180243,0.0012180780728303206,2000,2000,0,common_complete_all_declared_methods_conditions,,
43d0a7f75c8afab6d32ab6fd1f2ff8db49cca59e36971e2b74404173f4cbfcf2,accuracy,AR1_0.8_n1024,AR1,none,0.8,1024.0,0.5,GHE,clean,mae,,0.2041186075707972,0.20231298501115985,0.2060638086872469,joint_parent_percentile,0.0009586019579541071,0.00093234099187018,2000,2000,0,common_complete_all_declared_methods_conditions,,
43d0a7f75c8afab6d32ab6fd1f2ff8db49cca59e36971e2b74404173f4cbfcf2,accuracy,AR1_0.8_n1024,AR1,none,0.8,1024.0,0.5,GHE::centered,clean,mae,,0.1932864389380275,0.191464281746665,0.1951819691796731,joint_parent_percentile,0.0009786674450055998,0.0009645246712803936,2000,2000,0,common_complete_all_declared_methods_conditions,,
43d0a7f75c8afab6d32ab6fd1f2ff8db49cca59e36971e2b74404173f4cbfcf2,accuracy,AR1_0.8_n1024,AR1,none,0.8,1024.0,0.5,GPH::narrow_band,clean,mae,,0.13184669235236346,0.12794154851557518,0.13594298420612452,joint_parent_percentile,0.0020729968406521366,0.0020518745246666387,2000,2000,0,common_complete_all_declared_methods_conditions,,
43d0a7f75c8afab6d32ab6fd1f2ff8db49cca59e36971e2b74404173f4cbfcf2,accuracy,AR1_0.8_n1024,AR1,none,0.8,1024.0,0.5,GPH::wider_band,clean,mae,,0.21404581860146824,0.21028009361807576,0.21825391693422116,joint_parent_percentile,0.001975237881410826,0.0020055692574687386,2000,2000,0,common_complete_all_declared_methods_conditions,,
43d0a7f75c8afab6d32ab6fd1f2ff8db49cca59e36971e2b74404173f4cbfcf2,accuracy,AR1_0.8_n1024,AR1,none,0.8,1024.0,0.5,Higuchi,clean,mae,,0.26575602183131214,0.2644060729269585,0.2671851224593961,joint_parent_percentile,0.0007111742377690251,0.0006960556818384196,2000,2000,0,common_complete_all_declared_methods_conditions,,
43d0a7f75c8afab6d32ab6fd1f2ff8db49cca59e36971e2b74404173f4cbfcf2,accuracy,AR1_0.8_n1024,AR1,none,0.8,1024.0,0.5,Higuchi::centered,clean,mae,,0.2614651594507408,0.2600935770081988,0.2628893057464706,joint_parent_percentile,0.0007220643843356157,0.0007124507189969493,2000,2000,0,common_complete_all_declared_methods_conditions,,
43d0a7f75c8afab6d32ab6fd1f2ff8db49cca59e36971e2b74404173f4cbfcf2,accuracy,AR1_0.8_n1024,AR1,none,0.8,1024.0,0.5,ModifiedLocalWhittle,clean,mae,,0.22065539999122583,0.2176082198997861,0.22405001625471785,joint_parent_percentile,0.0016884058467267198,0.001670555079067286,2000,2000,0,common_complete_all_declared_methods_conditions,,
43d0a7f75c8afab6d32ab6fd1f2ff8db49cca59e36971e2b74404173f4cbfcf2,accuracy,AR1_0.8_n1024,AR1,none,0.8,1024.0,0.5,RS,clean,mae,,0.2606362808585039,0.2591312023822527,0.26215862420585045,joint_parent_percentile,0.0007863596733756197,0.0007921945955495854,2000,2000,0,common_complete_all_declared_methods_conditions,,
43d0a7f75c8afab6d32ab6fd1f2ff8db49cca59e36971e2b74404173f4cbfcf2,accuracy,AR1_0.8_n1024,AR1,none,0.8,1024.0,0.5,Variance,clean,mae,,0.09488433051960256,0.09216850665652188,0.09776271390085181,joint_parent_percentile,0.0014308273336024271,0.0014385572767799373,2000,2000,0,common_complete_all_declared_methods_conditions,,
43d0a7f75c8afab6d32ab6fd1f2ff8db49cca59e36971e2b74404173f4cbfcf2,accuracy,AR1_0.8_n1024,AR1,none,0.8,1024.0,0.5,VarianceResidual,clean,mae,,0.3473972138930208,0.34524589409745055,0.34964218021200033,joint_parent_percentile,0.0011042009623072396,0.0011169329076576803,2000,2000,0,common_complete_all_declared_methods_conditions,,
43d0a7f75c8afab6d32ab6fd1f2ff8db49cca59e36971e2b74404173f4cbfcf2,accuracy,AR1_0.8_n1024,AR1,none,0.8,1024.0,0.5,WaveletOLS::broad_band,clean,mae,,0.414913475211331,0.4119765771899117,0.4179444778094599,joint_parent_percentile,0.0014882664279058555,0.0015008864674249819,2000,2000,0,common_complete_all_declared_methods_conditions,,
43d0a7f75c8afab6d32ab6fd1f2ff8db49cca59e36971e2b74404173f4cbfcf2,accuracy,AR1_0.8_n1024,AR1,none,0.8,1024.0,0.5,WaveletOLS::conservative_band,clean,mae,,0.3955050744839465,0.3916399185760188,0.3993899784376216,joint_parent_percentile,0.001965461497222043,0.0019810226966838107,2000,2000,0,common_complete_all_declared_methods_conditions,,
43d0a7f75c8afab6d32ab6fd1f2ff8db49cca59e36971e2b74404173f4cbfcf2,accuracy,AR1_0.8_n1024,AR1,none,0.8,1024.0,0.5,WaveletOLS::upper_band,clean,mae,,0.5131012541295026,0.5103900921453592,0.5157882049270952,joint_parent_percentile,0.0013441722255203485,0.0013728767774792935,2000,2000,0,common_complete_all_declared_methods_conditions,,
43d0a7f75c8afab6d32ab6fd1f2ff8db49cca59e36971e2b74404173f4cbfcf2,accuracy,AR1_0.8_n1024,AR1,none,0.8,1024.0,0.5,WhittleMLE,clean,mae,,0.22085698505577514,0.21779972550447116,0.22425286896397573,joint_parent_percentile,0.0016913534934197621,0.001673494575087322,2000,2000,0,common_complete_all_declared_methods_conditions,,
43d0a7f75c8afab6d32ab6fd1f2ff8db49cca59e36971e2b74404173f4cbfcf2,accuracy,AR1_0.8_n2048,AR1,none,0.8,2048.0,0.5,AbsoluteMoment,clean,mae,,0.07667923985581553,0.07457238381359844,0.07878759944938055,joint_parent_percentile,0.0011214912410153618,0.0011056906154785886,2000,2000,0,common_complete_all_declared_methods_conditions,,
43d0a7f75c8afab6d32ab6fd1f2ff8db49cca59e36971e2b74404173f4cbfcf2,accuracy,AR1_0.8_n2048,AR1,none,0.8,2048.0,0.5,DFA::balanced_scales,clean,mae,,0.35110225673688916,0.34925367089554693,0.3527785759459137,joint_parent_percentile,0.0008891093506687205,0.0008979753252333416,2000,2000,0,common_complete_all_declared_methods_conditions,,
43d0a7f75c8afab6d32ab6fd1f2ff8db49cca59e36971e2b74404173f4cbfcf2,accuracy,AR1_0.8_n2048,AR1,none,0.8,2048.0,0.5,DFA::long_scales,clean,mae,,0.27064400076192324,0.2687099368028729,0.2725263396012465,joint_parent_percentile,0.0009880696378572354,0.0009865638258148457,2000,2000,0,common_complete_all_declared_methods_conditions,,
43d0a7f75c8afab6d32ab6fd1f2ff8db49cca59e36971e2b74404173f4cbfcf2,accuracy,AR1_0.8_n2048,AR1,none,0.8,2048.0,0.5,DFA::short_scales,clean,mae,,0.4564530777737265,0.45483859431627655,0.45788916259097995,joint_parent_percentile,0.0007826168456431866,0.0007891321524867599,2000,2000,0,common_complete_all_declared_methods_conditions,,
43d0a7f75c8afab6d32ab6fd1f2ff8db49cca59e36971e2b74404173f4cbfcf2,accuracy,AR1_0.8_n2048,AR1,none,0.8,2048.0,0.5,DMA::balanced_windows,clean,mae,,0.11213501584748677,0.11014663060411749,0.11424242324165833,joint_parent_percentile,0.001071394634526021,0.001058997123174765,2000,2000,0,common_complete_all_declared_methods_conditions,,
43d0a7f75c8afab6d32ab6fd1f2ff8db49cca59e36971e2b74404173f4cbfcf2,accuracy,AR1_0.8_n2048,AR1,none,0.8,2048.0,0.5,DMA::long_windows,clean,mae,,0.0756107063423025,0.07341658844557308,0.07774197727385031,joint_parent_percentile,0.001092122338713312,0.0010937278423781012,2000,2000,0,common_complete_all_declared_methods_conditions,,
43d0a7f75c8afab6d32ab6fd1f2ff8db49cca59e36971e2b74404173f4cbfcf2,accuracy,AR1_0.8_n2048,AR1,none,0.8,2048.0,0.5,DMA::short_windows,clean,mae,,0.17819406138383584,0.17658377428135863,0.17977784873899552,joint_parent_percentile,0.0008352902631994633,0.0008186298683594713,2000,2000,0,common_complete_all_declared_methods_conditions,,
43d0a7f75c8afab6d32ab6fd1f2ff8db49cca59e36971e2b74404173f4cbfcf2,accuracy,AR1_0.8_n2048,AR1,none,0.8,2048.0,0.5,GHE,clean,mae,,0.17455118233086142,0.17298882542875962,0.17611042619567874,joint_parent_percentile,0.0007973518991668709,0.0007960326730636258,2000,2000,0,common_complete_all_declared_methods_conditions,,
43d0a7f75c8afab6d32ab6fd1f2ff8db49cca59e36971e2b74404173f4cbfcf2,accuracy,AR1_0.8_n2048,AR1,none,0.8,2048.0,0.5,GHE::centered,clean,mae,,0.16541694913125435,0.16380260648757292,0.1670447310896256,joint_parent_percentile,0.0008161209804279798,0.0008202323064121374,2000,2000,0,common_complete_all_declared_methods_conditions,,
43d0a7f75c8afab6d32ab6fd1f2ff8db49cca59e36971e2b74404173f4cbfcf2,accuracy,AR1_0.8_n2048,AR1,none,0.8,2048.0,0.5,GPH::narrow_band,clean,mae,,0.10809190759104739,0.10434811934776526,0.11167056358118149,joint_parent_percentile,0.001856203143556655,0.0018956069901305264,2000,2000,0,common_complete_all_declared_methods_conditions,,
43d0a7f75c8afab6d32ab6fd1f2ff8db49cca59e36971e2b74404173f4cbfcf2,accuracy,AR1_0.8_n2048,AR1,none,0.8,2048.0,0.5,GPH::wider_band,clean,mae,,0.10137668901979076,0.09848785408769165,0.10438412556829657,joint_parent_percentile,0.0015424651926102455,0.0015372440308171478,2000,2000,0,common_complete_all_declared_methods_conditions,,
43d0a7f75c8afab6d32ab6fd1f2ff8db49cca59e36971e2b74404173f4cbfcf2,accuracy,AR1_0.8_n2048,AR1,none,0.8,2048.0,0.5,Higuchi,clean,mae,,0.2666542669293161,0.2656597680810555,0.26757762384163686,joint_parent_percentile,0.0004936031898215736,0.0004971848036075474,2000,2000,0,common_complete_all_declared_methods_conditions,,
43d0a7f75c8afab6d32ab6fd1f2ff8db49cca59e36971e2b74404173f4cbfcf2,accuracy,AR1_0.8_n2048,AR1,none,0.8,2048.0,0.5,Higuchi::centered,clean,mae,,0.26443122362701094,0.26342054329935216,0.2653859531314138,joint_parent_percentile,0.0004993384083643364,0.0005053651388726965,2000,2000,0,common_complete_all_declared_methods_conditions,,
43d0a7f75c8afab6d32ab6fd1f2ff8db49cca59e36971e2b74404173f4cbfcf2,accuracy,AR1_0.8_n2048,AR1,none,0.8,2048.0,0.5,ModifiedLocalWhittle,clean,mae,,0.08858034031186017,0.08597694407394402,0.09100721583801369,joint_parent_percentile,0.0013147913289614772,0.0012742842657691238,2000,2000,0,common_complete_all_declared_methods_conditions,,
43d0a7f75c8afab6d32ab6fd1f2ff8db49cca59e36971e2b74404173f4cbfcf2,accuracy,AR1_0.8_n2048,AR1,none,0.8,2048.0,0.5,RS,clean,mae,,0.22584016528664055,0.2246361627027852,0.22699911255501468,joint_parent_percentile,0.0006173979421315035,0.0006158796882477197,2000,2000,0,common_complete_all_declared_methods_conditions,,
43d0a7f75c8afab6d32ab6fd1f2ff8db49cca59e36971e2b74404173f4cbfcf2,accuracy,AR1_0.8_n2048,AR1,none,0.8,2048.0,0.5,Variance,clean,mae,,0.08167775712906217,0.07950214108124369,0.08386231066597208,joint_parent_percentile,0.0011238735744810273,0.0011169819168132314,2000,2000,0,common_complete_all_declared_methods_conditions,,
43d0a7f75c8afab6d32ab6fd1f2ff8db49cca59e36971e2b74404173f4cbfcf2,accuracy,AR1_0.8_n2048,AR1,none,0.8,2048.0,0.5,VarianceResidual,clean,mae,,0.3514643697719621,0.3497873443199161,0.35291801190742006,joint_parent_percentile,0.000777188312244151,0.0007923852362716369,2000,2000,0,common_complete_all_declared_methods_conditions,,
43d0a7f75c8afab6d32ab6fd1f2ff8db49cca59e36971e2b74404173f4cbfcf2,accuracy,AR1_0.8_n2048,AR1,none,0.8,2048.0,0.5,WaveletOLS::broad_band,clean,mae,,0.3460133516199139,0.3436462415583914,0.34826010320454087,joint_parent_percentile,0.0011191998542671357,0.001154787979175359,2000,2000,0,common_complete_all_declared_methods_conditions,,
43d0a7f75c8afab6d32ab6fd1f2ff8db49cca59e36971e2b74404173f4cbfcf2,accuracy,AR1_0.8_n2048,AR1,none,0.8,2048.0,0.5,WaveletOLS::conservative_band,clean,mae,,0.31977411179928866,0.3169882209165151,0.3225618326848097,joint_parent_percentile,0.0014111223604482053,0.0014216629932627043,2000,2000,0,common_complete_all_declared_methods_conditions,,
43d0a7f75c8afab6d32ab6fd1f2ff8db49cca59e36971e2b74404173f4cbfcf2,accuracy,AR1_0.8_n2048,AR1,none,0.8,2048.0,0.5,WaveletOLS::upper_band,clean,mae,,0.423515911040327,0.4214685824411446,0.4254502892315934,joint_parent_percentile,0.0010156490078337263,0.0010286458589160474,2000,2000,0,common_complete_all_declared_methods_conditions,,
43d0a7f75c8afab6d32ab6fd1f2ff8db49cca59e36971e2b74404173f4cbfcf2,accuracy,AR1_0.8_n2048,AR1,none,0.8,2048.0,0.5,WhittleMLE,clean,mae,,0.08860176028262427,0.08599887285481891,0.09102964145629892,joint_parent_percentile,0.0013152187712880956,0.0012747074624877993,2000,2000,0,common_complete_all_declared_methods_conditions,,
43d0a7f75c8afab6d32ab6fd1f2ff8db49cca59e36971e2b74404173f4cbfcf2,accuracy,AR1_0.95_n512,AR1,none,0.95,512.0,0.5,AbsoluteMoment,clean,mae,,0.2003042760701835,0.19434263525216114,0.20665972195862056,joint_parent_percentile,0.0032156066410782653,0.0031732638739787804,2000,2000,0,common_complete_all_declared_methods_conditions,,
43d0a7f75c8afab6d32ab6fd1f2ff8db49cca59e36971e2b74404173f4cbfcf2,accuracy,AR1_0.95_n512,AR1,none,0.95,512.0,0.5,DFA::balanced_scales,clean,mae,,0.68988623247012,0.6856493494795877,0.694133850595896,joint_parent_percentile,0.0021648326043871725,0.0021675767961852337,2000,2000,0,common_complete_all_declared_methods_conditions,,
43d0a7f75c8afab6d32ab6fd1f2ff8db49cca59e36971e2b74404173f4cbfcf2,accuracy,AR1_0.95_n512,AR1,none,0.95,512.0,0.5,DFA::long_scales,clean,mae,,0.6032584817755208,0.598356438688772,0.6081785304837595,joint_parent_percentile,0.002468320727916831,0.002505243989856464,2000,2000,0,common_complete_all_declared_methods_conditions,,
43d0a7f75c8afab6d32ab6fd1f2ff8db49cca59e36971e2b74404173f4cbfcf2,accuracy,AR1_0.95_n512,AR1,none,0.95,512.0,0.5,DFA::short_scales,clean,mae,,0.7742534191504047,0.7707713991429753,0.7778286024338412,joint_parent_percentile,0.0017941918483311016,0.0017890024970450777,2000,2000,0,common_complete_all_declared_methods_conditions,,
43d0a7f75c8afab6d32ab6fd1f2ff8db49cca59e36971e2b74404173f4cbfcf2,accuracy,AR1_0.95_n512,AR1,none,0.95,512.0,0.5,DMA::balanced_windows,clean,mae,,0.2430795029142564,0.23873626980126506,0.24746804975168243,joint_parent_percentile,0.002144347401373897,0.0022118348051905967,2000,2000,0,common_complete_all_declared_methods_conditions,,
43d0a7f75c8afab6d32ab6fd1f2ff8db49cca59e36971e2b74404173f4cbfcf2,accuracy,AR1_0.95_n512,AR1,none,0.95,512.0,0.5,DMA::long_windows,clean,mae,,0.1636098882399193,0.15930767017956354,0.1683129061245349,joint_parent_percentile,0.0021761917803397516,0.002271384300977909,2000,2000,0,common_complete_all_declared_methods_conditions,,
43d0a7f75c8afab6d32ab6fd1f2ff8db49cca59e36971e2b74404173f4cbfcf2,accuracy,AR1_0.95_n512,AR1,none,0.95,512.0,0.5,DMA::short_windows,clean,mae,,0.3398134595960503,0.3366321040023744,0.34288245596302275,joint_parent_percentile,0.0015751888407368503,0.001602496988709854,2000,2000,0,common_complete_all_declared_methods_conditions,,
43d0a7f75c8afab6d32ab6fd1f2ff8db49cca59e36971e2b74404173f4cbfcf2,accuracy,AR1_0.95_n512,AR1,none,0.95,512.0,0.5,GHE,clean,mae,,0.39946603112038237,0.3977859937303494,0.40113643971931223,joint_parent_percentile,0.0008483085289221618,0.0008593231643392061,2000,2000,0,common_complete_all_declared_methods_conditions,,
43d0a7f75c8afab6d32ab6fd1f2ff8db49cca59e36971e2b74404173f4cbfcf2,accuracy,AR1_0.95_n512,AR1,none,0.95,512.0,0.5,GHE::centered,clean,mae,,0.3860940419410604,0.3842903028062723,0.3879115374132196,joint_parent_percentile,0.0009104866767929559,0.000933467255415531,2000,2000,0,common_complete_all_declared_methods_conditions,,
43d0a7f75c8afab6d32ab6fd1f2ff8db49cca59e36971e2b74404173f4cbfcf2,accuracy,AR1_0.95_n512,AR1,none,0.95,512.0,0.5,GPH::narrow_band,clean,mae,,0.6845709351181403,0.678388593290488,0.6906360476496993,joint_parent_percentile,0.0031043768232407384,0.0030966865796472204,2000,2000,0,common_complete_all_declared_methods_conditions,,
43d0a7f75c8afab6d32ab6fd1f2ff8db49cca59e36971e2b74404173f4cbfcf2,accuracy,AR1_0.95_n512,AR1,none,0.95,512.0,0.5,GPH::wider_band,clean,mae,,0.7964036409946857,0.7925123290339219,0.8003585215477331,joint_parent_percentile,0.002074536610124685,0.002025922015110815,2000,2000,0,common_complete_all_declared_methods_conditions,,
43d0a7f75c8afab6d32ab6fd1f2ff8db49cca59e36971e2b74404173f4cbfcf2,accuracy,AR1_0.95_n512,AR1,none,0.95,512.0,0.5,Higuchi,clean,mae,,0.4199140079116771,0.41852272669222906,0.42127230514854497,joint_parent_percentile,0.0006843032563632242,0.0006942675965674067,2000,2000,0,common_complete_all_declared_methods_conditions,,
43d0a7f75c8afab6d32ab6fd1f2ff8db49cca59e36971e2b74404173f4cbfcf2,accuracy,AR1_0.95_n512,AR1,none,0.95,512.0,0.5,Higuchi::centered,clean,mae,,0.41053276616359846,0.4090435714945216,0.41200207425243535,joint_parent_percentile,0.0007348037141714241,0.0007552950443261145,2000,2000,0,common_complete_all_declared_methods_conditions,,
43d0a7f75c8afab6d32ab6fd1f2ff8db49cca59e36971e2b74404173f4cbfcf2,accuracy,AR1_0.95_n512,AR1,none,0.95,512.0,0.5,ModifiedLocalWhittle,clean,mae,,0.4899668819288707,0.48991232559959985,0.4899941610135049,joint_parent_percentile,2.727758613851892e-05,2.7147315734582714e-05,2000,2000,0,common_complete_all_declared_methods_conditions,,
43d0a7f75c8afab6d32ab6fd1f2ff8db49cca59e36971e2b74404173f4cbfcf2,accuracy,AR1_0.95_n512,AR1,none,0.95,512.0,0.5,RS,clean,mae,,0.42827207060872713,0.4266083687561553,0.42985320446730413,joint_parent_percentile,0.0008231400057092908,0.0008296674954849759,2000,2000,0,common_complete_all_declared_methods_conditions,,
43d0a7f75c8afab6d32ab6fd1f2ff8db49cca59e36971e2b74404173f4cbfcf2,accuracy,AR1_0.95_n512,AR1,none,0.95,512.0,0.5,Variance,clean,mae,,0.2152354535257138,0.20923358322410152,0.22164826181396155,joint_parent_percentile,0.00324501875038347,0.003186926825266474,2000,2000,0,common_complete_all_declared_methods_conditions,,
43d0a7f75c8afab6d32ab6fd1f2ff8db49cca59e36971e2b74404173f4cbfcf2,accuracy,AR1_0.95_n512,AR1,none,0.95,512.0,0.5,VarianceResidual,clean,mae,,0.6657618742858217,0.6618837611916616,0.6696412187455183,joint_parent_percentile,0.001998457547014776,0.0019868423737639893,2000,2000,0,common_complete_all_declared_methods_conditions,,
43d0a7f75c8afab6d32ab6fd1f2ff8db49cca59e36971e2b74404173f4cbfcf2,accuracy,AR1_0.95_n512,AR1,none,0.95,512.0,0.5,WaveletOLS::broad_band,clean,mae,,0.8364963377837249,0.8322532727449912,0.8404214043005761,joint_parent_percentile,0.002144407780267365,0.0020972005618283135,2000,2000,0,common_complete_all_declared_methods_conditions,,
43d0a7f75c8afab6d32ab6fd1f2ff8db49cca59e36971e2b74404173f4cbfcf2,accuracy,AR1_0.95_n512,AR1,none,0.95,512.0,0.5,WaveletOLS::conservative_band,clean,mae,,0.842570310739584,0.8357854534852233,0.8499228788768749,joint_parent_percentile,0.0036600123930965868,0.0035992607224966636,2000,2000,0,common_complete_all_declared_methods_conditions,,
43d0a7f75c8afab6d32ab6fd1f2ff8db49cca59e36971e2b74404173f4cbfcf2,accuracy,AR1_0.95_n512,AR1,none,0.95,512.0,0.5,WaveletOLS::upper_band,clean,mae,,0.897796621949625,0.8936067735909978,0.9017308426694217,joint_parent_percentile,0.002104606122429977,0.0021008256865691424,2000,2000,0,common_complete_all_declared_methods_conditions,,
43d0a7f75c8afab6d32ab6fd1f2ff8db49cca59e36971e2b74404173f4cbfcf2,accuracy,AR1_0.95_n512,AR1,none,0.95,512.0,0.5,WhittleMLE,clean,mae,,0.48996700609296456,0.4899126969029556,0.4899941619708904,joint_parent_percentile,2.715381856615194e-05,2.7024145984945667e-05,2000,2000,0,common_complete_all_declared_methods_conditions,,
43d0a7f75c8afab6d32ab6fd1f2ff8db49cca59e36971e2b74404173f4cbfcf2,accuracy,AR1_0.95_n1024,AR1,none,0.95,1024.0,0.5,AbsoluteMoment,clean,mae,,0.20811881417943834,0.2044834943656583,0.2117560384902216,joint_parent_percentile,0.0019391854264104607,0.0019165491825305855,2000,2000,0,common_complete_all_declared_methods_conditions,,
43d0a7f75c8afab6d32ab6fd1f2ff8db49cca59e36971e2b74404173f4cbfcf2,accuracy,AR1_0.95_n1024,AR1,none,0.95,1024.0,0.5,DFA::balanced_scales,clean,mae,,0.7049089656495388,0.7017549179377722,0.7078773512152715,joint_parent_percentile,0.0015704858919571207,0.0015541740517369682,2000,2000,0,common_complete_all_declared_methods_conditions,,
43d0a7f75c8afab6d32ab6fd1f2ff8db49cca59e36971e2b74404173f4cbfcf2,accuracy,AR1_0.95_n1024,AR1,none,0.95,1024.0,0.5,DFA::long_scales,clean,mae,,0.6195845214861269,0.616092833579963,0.6230079747497844,joint_parent_percentile,0.0017446504930236572,0.0017363152368477539,2000,2000,0,common_complete_all_declared_methods_conditions,,
43d0a7f75c8afab6d32ab6fd1f2ff8db49cca59e36971e2b74404173f4cbfcf2,accuracy,AR1_0.95_n1024,AR1,none,0.95,1024.0,0.5,DFA::short_scales,clean,mae,,0.786796096645554,0.7842836306579304,0.789277766928131,joint_parent_percentile,0.001289010347803032,0.001278386440740151,2000,2000,0,common_complete_all_declared_methods_conditions,,
43d0a7f75c8afab6d32ab6fd1f2ff8db49cca59e36971e2b74404173f4cbfcf2,accuracy,AR1_0.95_n1024,AR1,none,0.95,1024.0,0.5,DMA::balanced_windows,clean,mae,,0.2790660265967912,0.276398233818524,0.28178451545836897,joint_parent_percentile,0.001420864656039959,0.00139342384584961,2000,2000,0,common_complete_all_declared_methods_conditions,,
43d0a7f75c8afab6d32ab6fd1f2ff8db49cca59e36971e2b74404173f4cbfcf2,accuracy,AR1_0.95_n1024,AR1,none,0.95,1024.0,0.5,DMA::long_windows,clean,mae,,0.20379209905456708,0.2003808847723544,0.20719076100700415,joint_parent_percentile,0.0017995027571523067,0.0017892488101922544,2000,2000,0,common_complete_all_declared_methods_conditions,,
43d0a7f75c8afab6d32ab6fd1f2ff8db49cca59e36971e2b74404173f4cbfcf2,accuracy,AR1_0.95_n1024,AR1,none,0.95,1024.0,0.5,DMA::short_windows,clean,mae,,0.3625393423898215,0.36063408048405543,0.364390664165504,joint_parent_percentile,0.0009870890549374203,0.0009639215759409444,2000,2000,0,common_complete_all_declared_methods_conditions,,
43d0a7f75c8afab6d32ab6fd1f2ff8db49cca59e36971e2b74404173f4cbfcf2,accuracy,AR1_0.95_n1024,AR1,none,0.95,1024.0,0.5,GHE,clean,mae,,0.36249992563147854,0.36095140477260135,0.36404503936744725,joint_parent_percentile,0.0008022999803370572,0.0007942532511712178,2000,2000,0,common_complete_all_declared_methods_conditions,,
43d0a7f75c8afab6d32ab6fd1f2ff8db49cca59e36971e2b74404173f4cbfcf2,accuracy,AR1_0.95_n1024,AR1,none,0.95,1024.0,0.5,GHE::centered,clean,mae,,0.3518641163966945,0.3502830843053421,0.3534366653310512,joint_parent_percentile,0.0008362755730539324,0.0008194239018294676,2000,2000,0,common_complete_all_declared_methods_conditions,,
43d0a7f75c8afab6d32ab6fd1f2ff8db49cca59e36971e2b74404173f4cbfcf2,accuracy,AR1_0.95_n1024,AR1,none,0.95,1024.0,0.5,GPH::narrow_band,clean,mae,,0.47521254473932384,0.46964497548592316,0.4807529987542561,joint_parent_percentile,0.002990520852371588,0.0028878302087807094,2000,2000,0,common_complete_all_declared_methods_conditions,,
43d0a7f75c8afab6d32ab6fd1f2ff8db49cca59e36971e2b74404173f4cbfcf2,accuracy,AR1_0.95_n1024,AR1,none,0.95,1024.0,0.5,GPH::wider_band,clean,mae,,0.6424244158354047,0.6387861218890266,0.6461644958693549,joint_parent_percentile,0.0019649236293408905,0.0019027164520976935,2000,2000,0,common_complete_all_declared_methods_conditions,,
43d0a7f75c8afab6d32ab6fd1f2ff8db49cca59e36971e2b74404173f4cbfcf2,accuracy,AR1_0.95_n1024,AR1,none,0.95,1024.0,0.5,Higuchi,clean,mae,,0.4212085602575741,0.4203255782693884,0.4220888674592671,joint_parent_percentile,0.0004566080815958659,0.0004480535353649725,2000,2000,0,common_complete_all_declared_methods_conditions,,
43d0a7f75c8afab6d32ab6fd1f2ff8db49cca59e36971e2b74404173f4cbfcf2,accuracy,AR1_0.95_n1024,AR1,none,0.95,1024.0,0.5,Higuchi::centered,clean,mae,,0.41723412360344486,0.4163237161642491,0.418132153323488,joint_parent_percentile,0.00047013620882725883,0.0004587937743302084,2000,2000,0,common_complete_all_declared_methods_conditions,,
43d0a7f75c8afab6d32ab6fd1f2ff8db49cca59e36971e2b74404173f4cbfcf2,accuracy,AR1_0.95_n1024,AR1,none,0.95,1024.0,0.5,ModifiedLocalWhittle,clean,mae,,0.4897755570511962,0.4896236654724217,0.48990186978772765,joint_parent_percentile,7.138953078974505e-05,7.144415183115437e-05,2000,2000,0,common_complete_all_declared_methods_conditions,,
43d0a7f75c8afab6d32ab6fd1f2ff8db49cca59e36971e2b74404173f4cbfcf2,accuracy,AR1_0.95_n1024,AR1,none,0.95,1024.0,0.5,RS,clean,mae,,0.39715763692588096,0.39588968399162616,0.398465092008342,joint_parent_percentile,0.0006729598844795738,0.0006550733814941194,2000,2000,0,common_complete_all_declared_methods_conditions,,
43d0a7f75c8afab6d32ab6fd1f2ff8db49cca59e36971e2b74404173f4cbfcf2,accuracy,AR1_0.95_n1024,AR1,none,0.95,1024.0,0.5,Variance,clean,mae,,0.22312118581626073,0.21956297302790323,0.22671161482052427,joint_parent_percentile,0.0019132209289536121,0.0018892790004231188,2000,2000,0,common_complete_all_declared_methods_conditions,,
43d0a7f75c8afab6d32ab6fd1f2ff8db49cca59e36971e2b74404173f4cbfcf2,accuracy,AR1_0.95_n1024,AR1,none,0.95,1024.0,0.5,VarianceResidual,clean,mae,,0.6823698942710903,0.6797125348393956,0.6849588519422042,joint_parent_percentile,0.0013481545186725256,0.0013359143639218292,2000,2000,0,common_complete_all_declared_methods_conditions,,
43d0a7f75c8afab6d32ab6fd1f2ff8db49cca59e36971e2b74404173f4cbfcf2,accuracy,AR1_0.95_n1024,AR1,none,0.95,1024.0,0.5,WaveletOLS::broad_band,clean,mae,,0.7722104812695869,0.7694365630541746,0.774950025602332,joint_parent_percentile,0.0014540389696895335,0.0014308219627275662,2000,2000,0,common_complete_all_declared_methods_conditions,,
43d0a7f75c8afab6d32ab6fd1f2ff8db49cca59e36971e2b74404173f4cbfcf2,accuracy,AR1_0.95_n1024,AR1,none,0.95,1024.0,0.5,WaveletOLS::conservative_band,clean,mae,,0.8109193963646522,0.8066640204435594,0.8149746966506826,joint_parent_percentile,0.0021361634836869724,0.002104145816279877,2000,2000,0,common_complete_all_declared_methods_conditions,,
43d0a7f75c8afab6d32ab6fd1f2ff8db49cca59e36971e2b74404173f4cbfcf2,accuracy,AR1_0.95_n1024,AR1,none,0.95,1024.0,0.5,WaveletOLS::upper_band,clean,mae,,0.8533720101181185,0.8506359524210957,0.8561689653839845,joint_parent_percentile,0.0014176520502312774,0.0014166072331274406,2000,2000,0,common_complete_all_declared_methods_conditions,,
43d0a7f75c8afab6d32ab6fd1f2ff8db49cca59e36971e2b74404173f4cbfcf2,accuracy,AR1_0.95_n1024,AR1,none,0.95,1024.0,0.5,WhittleMLE,clean,mae,,0.4897808446494697,0.4896300700424827,0.4899058108540715,joint_parent_percentile,7.045315665326806e-05,7.050140013426855e-05,2000,2000,0,common_complete_all_declared_methods_conditions,,
43d0a7f75c8afab6d32ab6fd1f2ff8db49cca59e36971e2b74404173f4cbfcf2,accuracy,AR1_0.95_n2048,AR1,none,0.95,2048.0,0.5,AbsoluteMoment,clean,mae,,0.23007951599319182,0.22740158010936143,0.23264004446620126,joint_parent_percentile,0.0013210692267120157,0.0013269648551158335,2000,2000,0,common_complete_all_declared_methods_conditions,,
43d0a7f75c8afab6d32ab6fd1f2ff8db49cca59e36971e2b74404173f4cbfcf2,accuracy,AR1_0.95_n2048,AR1,none,0.95,2048.0,0.5,DFA::balanced_scales,clean,mae,,0.7115023888763413,0.709458485179236,0.7136959424437396,joint_parent_percentile,0.0010711915331238684,0.001081335490198783,2000,2000,0,common_complete_all_declared_methods_conditions,,
43d0a7f75c8afab6d32ab6fd1f2ff8db49cca59e36971e2b74404173f4cbfcf2,accuracy,AR1_0.95_n2048,AR1,none,0.95,2048.0,0.5,DFA::long_scales,clean,mae,,0.6261917245763422,0.623969831155233,0.6286051600280418,joint_parent_percentile,0.0012030267731326988,0.0011995176813194839,2000,2000,0,common_complete_all_declared_methods_conditions,,
43d0a7f75c8afab6d32ab6fd1f2ff8db49cca59e36971e2b74404173f4cbfcf2,accuracy,AR1_0.95_n2048,AR1,none,0.95,2048.0,0.5,DFA::short_scales,clean,mae,,0.7923017992228658,0.7906028124952054,0.7941392715675514,joint_parent_percentile,0.0008975662693949135,0.0009008451169501599,2000,2000,0,common_complete_all_declared_methods_conditions,,
43d0a7f75c8afab6d32ab6fd1f2ff8db49cca59e36971e2b74404173f4cbfcf2,accuracy,AR1_0.95_n2048,AR1,none,0.95,2048.0,0.5,DMA::balanced_windows,clean,mae,,0.29615501298884755,0.2944498644735979,0.29799446472819635,joint_parent_percentile,0.0009178284822181335,0.0009041828388265491,2000,2000,0,common_complete_all_declared_methods_conditions,,
43d0a7f75c8afab6d32ab6fd1f2ff8db49cca59e36971e2b74404173f4cbfcf2,accuracy,AR1_0.95_n2048,AR1,none,0.95,2048.0,0.5,DMA::long_windows,clean,mae,,0.2293556155114068,0.22708098562912385,0.23170536273421988,joint_parent_percentile,0.0011971284994095016,0.0011876123391480668,2000,2000,0,common_complete_all_declared_methods_conditions,,
43d0a7f75c8afab6d32ab6fd1f2ff8db49cca59e36971e2b74404173f4cbfcf2,accuracy,AR1_0.95_n2048,AR1,none,0.95,2048.0,0.5,DMA::short_windows,clean,mae,,0.37281492585138964,0.3715896791389302,0.3741139640189097,joint_parent_percentile,0.0006534731018000401,0.0006366143838848996,2000,2000,0,common_complete_all_declared_methods_conditions,,
43d0a7f75c8afab6d32ab6fd1f2ff8db49cca59e36971e2b74404173f4cbfcf2,accuracy,AR1_0.95_n2048,AR1,none,0.95,2048.0,0.5,GHE,clean,mae,,0.32561041664469265,0.32421073909505094,0.3270037934781946,joint_parent_percentile,0.0007181736043292205,0.0007197789977077682,2000,2000,0,common_complete_all_declared_methods_conditions,,
43d0a7f75c8afab6d32ab6fd1f2ff8db49cca59e36971e2b74404173f4cbfcf2,accuracy,AR1_0.95_n2048,AR1,none,0.95,2048.0,0.5,GHE::centered,clean,mae,,0.31598847346550707,0.3146304373053841,0.31740381199806866,joint_parent_percentile,0.0007313857000949839,0.0007249671583498486,2000,2000,0,common_complete_all_declared_methods_conditions,,
43d0a7f75c8afab6d32ab6fd1f2ff8db49cca59e36971e2b74404173f4cbfcf2,accuracy,AR1_0.95_n2048,AR1,none,0.95,2048.0,0.5,GPH::narrow_band,clean,mae,,0.26031521734149904,0.2548725576047901,0.2657792161239436,joint_parent_percentile,0.002831833706314277,0.002779267415930116,2000,2000,0,common_complete_all_declared_methods_conditions,,
43d0a7f75c8afab6d32ab6fd1f2ff8db49cca59e36971e2b74404173f4cbfcf2,accuracy,AR1_0.95_n2048,AR1,none,0.95,2048.0,0.5,GPH::wider_band,clean,mae,,0.43951785306074537,0.4357249055991344,0.4434039156019045,joint_parent_percentile,0.0020356597249671805,0.001958062350386538,2000,2000,0,common_complete_all_declared_methods_conditions,,
43d0a7f75c8afab6d32ab6fd1f2ff8db49cca59e36971e2b74404173f4cbfcf2,accuracy,AR1_0.95_n2048,AR1,none,0.95,2048.0,0.5,Higuchi,clean,mae,,0.4218786177198988,0.42129317851284254,0.42249416478489366,joint_parent_percentile,0.00031247139252139444,0.0003118920159762258,2000,2000,0,common_complete_all_declared_methods_conditions,,
43d0a7f75c8afab6d32ab6fd1f2ff8db49cca59e36971e2b74404173f4cbfcf2,accuracy,AR1_0.95_n2048,AR1,none,0.95,2048.0,0.5,Higuchi::centered,clean,mae,,0.41977694301307555,0.41916934287991586,0.4204003397458086,joint_parent_percentile,0.0003173271224317394,0.0003149030446570878,2000,2000,0,common_complete_all_declared_methods_conditions,,
43d0a7f75c8afab6d32ab6fd1f2ff8db49cca59e36971e2b74404173f4cbfcf2,accuracy,AR1_0.95_n2048,AR1,none,0.95,2048.0,0.5,ModifiedLocalWhittle,clean,mae,,0.45061929941155154,0.4483644586029812,0.45283901364598544,joint_parent_percentile,0.001156488883217782,0.0011440971376099182,2000,2000,0,common_complete_all_declared_methods_conditions,,
43d0a7f75c8afab6d32ab6fd1f2ff8db49cca59e36971e2b74404173f4cbfcf2,accuracy,AR1_0.95_n2048,AR1,none,0.95,2048.0,0.5,RS,clean,mae,,0.3608270537919892,0.3597659808261448,0.3618650086405083,joint_parent_percentile,0.0005662807071993579,0.0005458287745254886,2000,2000,0,common_complete_all_declared_methods_conditions,,
43d0a7f75c8afab6d32ab6fd1f2ff8db49cca59e36971e2b74404173f4cbfcf2,accuracy,AR1_0.95_n2048,AR1,none,0.95,2048.0,0.5,Variance,clean,mae,,0.2379857782594672,0.23549527423489047,0.2404007856062808,joint_parent_percentile,0.001266244347478428,0.0012646693420047097,2000,2000,0,common_complete_all_declared_methods_conditions,,
43d0a7f75c8afab6d32ab6fd1f2ff8db49cca59e36971e2b74404173f4cbfcf2,accuracy,AR1_0.95_n2048,AR1,none,0.95,2048.0,0.5,VarianceResidual,clean,mae,,0.689155254604626,0.6873724098340135,0.6909961175030226,joint_parent_percentile,0.0009456022633423188,0.0009361127456149756,2000,2000,0,common_complete_all_declared_methods_conditions,,
43d0a7f75c8afab6d32ab6fd1f2ff8db49cca59e36971e2b74404173f4cbfcf2,accuracy,AR1_0.95_n2048,AR1,none,0.95,2048.0,0.5,WaveletOLS::broad_band,clean,mae,,0.6907863904239232,0.6887790108798361,0.6929531272641999,joint_parent_percentile,0.0011021336364493857,0.001081255854633538,2000,2000,0,common_complete_all_declared_methods_conditions,,
43d0a7f75c8afab6d32ab6fd1f2ff8db49cca59e36971e2b74404173f4cbfcf2,accuracy,AR1_0.95_n2048,AR1,none,0.95,2048.0,0.5,WaveletOLS::conservative_band,clean,mae,,0.7365279155429011,0.7337936808291098,0.7393661923523633,joint_parent_percentile,0.001393030940510374,0.0014015269767260535,2000,2000,0,common_complete_all_declared_methods_conditions,,
43d0a7f75c8afab6d32ab6fd1f2ff8db49cca59e36971e2b74404173f4cbfcf2,accuracy,AR1_0.95_n2048,AR1,none,0.95,2048.0,0.5,WaveletOLS::upper_band,clean,mae,,0.786002846479864,0.784108828453907,0.7880379085290337,joint_parent_percentile,0.001029600298094533,0.0010444380642519351,2000,2000,0,common_complete_all_declared_methods_conditions,,
43d0a7f75c8afab6d32ab6fd1f2ff8db49cca59e36971e2b74404173f4cbfcf2,accuracy,AR1_0.95_n2048,AR1,none,0.95,2048.0,0.5,WhittleMLE,clean,mae,,0.4506938078360277,0.4484425179120412,0.4529149926620474,joint_parent_percentile,0.0011558415033811537,0.0011434516302170142,2000,2000,0,common_complete_all_declared_methods_conditions,,
43d0a7f75c8afab6d32ab6fd1f2ff8db49cca59e36971e2b74404173f4cbfcf2,accuracy,ARFIMA_-0.25_n512,ARFIMA,none,-0.25,512.0,0.25,AbsoluteMoment,clean,mae,,0.19686748059288678,0.18904555889573235,0.20481711953635434,joint_parent_percentile,0.004075112786219533,0.004053833392946607,2000,2000,0,common_complete_all_declared_methods_conditions,,
43d0a7f75c8afab6d32ab6fd1f2ff8db49cca59e36971e2b74404173f4cbfcf2,accuracy,ARFIMA_-0.25_n512,ARFIMA,none,-0.25,512.0,0.25,DFA::balanced_scales,clean,mae,,0.05133465129784555,0.049770016021814786,0.05284233261346344,joint_parent_percentile,0.0008006537281323258,0.0007835101819160883,2000,2000,0,common_complete_all_declared_methods_conditions,,
43d0a7f75c8afab6d32ab6fd1f2ff8db49cca59e36971e2b74404173f4cbfcf2,accuracy,ARFIMA_-0.25_n512,ARFIMA,none,-0.25,512.0,0.25,DFA::long_scales,clean,mae,,0.04800172834488557,0.04646450964505433,0.04959560708306867,joint_parent_percentile,0.000825282407941828,0.000807088546377336,2000,2000,0,common_complete_all_declared_methods_conditions,,
43d0a7f75c8afab6d32ab6fd1f2ff8db49cca59e36971e2b74404173f4cbfcf2,accuracy,ARFIMA_-0.25_n512,ARFIMA,none,-0.25,512.0,0.25,DFA::short_scales,clean,mae,,0.06395039671939257,0.06233131173701904,0.06546468718626916,joint_parent_percentile,0.0007820797678176707,0.0007817309550267757,2000,2000,0,common_complete_all_declared_methods_conditions,,
43d0a7f75c8afab6d32ab6fd1f2ff8db49cca59e36971e2b74404173f4cbfcf2,accuracy,ARFIMA_-0.25_n512,ARFIMA,none,-0.25,512.0,0.25,DMA::balanced_windows,clean,mae,,0.06409715792121186,0.06216059362634377,0.06614218786648034,joint_parent_percentile,0.0010463558702385252,0.0010211658042019042,2000,2000,0,common_complete_all_declared_methods_conditions,,
43d0a7f75c8afab6d32ab6fd1f2ff8db49cca59e36971e2b74404173f4cbfcf2,accuracy,ARFIMA_-0.25_n512,ARFIMA,none,-0.25,512.0,0.25,DMA::long_windows,clean,mae,,0.07607722775457743,0.07378494721627683,0.07843331809349408,joint_parent_percentile,0.0011765010545043246,0.0011644105862357419,2000,2000,0,common_complete_all_declared_methods_conditions,,
43d0a7f75c8afab6d32ab6fd1f2ff8db49cca59e36971e2b74404173f4cbfcf2,accuracy,ARFIMA_-0.25_n512,ARFIMA,none,-0.25,512.0,0.25,DMA::short_windows,clean,mae,,0.05953903797086902,0.05775720486626105,0.06138972122913211,joint_parent_percentile,0.0009831164897066533,0.0009582165069091074,2000,2000,0,common_complete_all_declared_methods_conditions,,
43d0a7f75c8afab6d32ab6fd1f2ff8db49cca59e36971e2b74404173f4cbfcf2,accuracy,ARFIMA_-0.25_n512,ARFIMA,none,-0.25,512.0,0.25,GHE,clean,mae,,0.0432052621255245,0.04190808879072452,0.04450948294469927,joint_parent_percentile,0.0006808057445901911,0.0006667397644933775,2000,2000,0,common_complete_all_declared_methods_conditions,,
43d0a7f75c8afab6d32ab6fd1f2ff8db49cca59e36971e2b74404173f4cbfcf2,accuracy,ARFIMA_-0.25_n512,ARFIMA,none,-0.25,512.0,0.25,GHE::centered,clean,mae,,0.04142372964745014,0.04013793531117467,0.04270963808953341,joint_parent_percentile,0.0006697688419995242,0.0006587262813612,2000,2000,0,common_complete_all_declared_methods_conditions,,
43d0a7f75c8afab6d32ab6fd1f2ff8db49cca59e36971e2b74404173f4cbfcf2,accuracy,ARFIMA_-0.25_n512,ARFIMA,none,-0.25,512.0,0.25,GPH::narrow_band,clean,mae,,0.10713872630925794,0.10385199446810382,0.110609968768049,joint_parent_percentile,0.0017970540690679284,0.0017517312357955253,2000,2000,0,common_complete_all_declared_methods_conditions,,
43d0a7f75c8afab6d32ab6fd1f2ff8db49cca59e36971e2b74404173f4cbfcf2,accuracy,ARFIMA_-0.25_n512,ARFIMA,none,-0.25,512.0,0.25,GPH::wider_band,clean,mae,,0.07145417411224958,0.06909095736474011,0.07377744099617231,joint_parent_percentile,0.0012082171308218511,0.0012059189859165583,2000,2000,0,common_complete_all_declared_methods_conditions,,
43d0a7f75c8afab6d32ab6fd1f2ff8db49cca59e36971e2b74404173f4cbfcf2,accuracy,ARFIMA_-0.25_n512,ARFIMA,none,-0.25,512.0,0.25,Higuchi,clean,mae,,0.04542399280815462,0.04408410017784552,0.04675751661989002,joint_parent_percentile,0.00070154260832043,0.0006917573372457129,2000,2000,0,common_complete_all_declared_methods_conditions,,
43d0a7f75c8afab6d32ab6fd1f2ff8db49cca59e36971e2b74404173f4cbfcf2,accuracy,ARFIMA_-0.25_n512,ARFIMA,none,-0.25,512.0,0.25,Higuchi::centered,clean,mae,,0.04427035944966043,0.042941286024516676,0.04554694200660452,joint_parent_percentile,0.0006930790344498455,0.0006850239336368701,2000,2000,0,common_complete_all_declared_methods_conditions,,
43d0a7f75c8afab6d32ab6fd1f2ff8db49cca59e36971e2b74404173f4cbfcf2,accuracy,ARFIMA_-0.25_n512,ARFIMA,none,-0.25,512.0,0.25,ModifiedLocalWhittle,clean,mae,,0.05695470246777327,0.05494483110040817,0.05898528577442156,joint_parent_percentile,0.0009838215675548123,0.0010136660444359275,2000,2000,0,common_complete_all_declared_methods_conditions,,
43d0a7f75c8afab6d32ab6fd1f2ff8db49cca59e36971e2b74404173f4cbfcf2,accuracy,ARFIMA_-0.25_n512,ARFIMA,none,-0.25,512.0,0.25,RS,clean,mae,,0.16350019792677004,0.16186961682204745,0.16493674016285675,joint_parent_percentile,0.0007988966123262809,0.00078886166036885,2000,2000,0,common_complete_all_declared_methods_conditions,,
43d0a7f75c8afab6d32ab6fd1f2ff8db49cca59e36971e2b74404173f4cbfcf2,accuracy,ARFIMA_-0.25_n512,ARFIMA,none,-0.25,512.0,0.25,Variance,clean,mae,,0.18554507587057656,0.17827700558249746,0.19319181903326804,joint_parent_percentile,0.003857288520025026,0.003834923025622729,2000,2000,0,common_complete_all_declared_methods_conditions,,
43d0a7f75c8afab6d32ab6fd1f2ff8db49cca59e36971e2b74404173f4cbfcf2,accuracy,ARFIMA_-0.25_n512,ARFIMA,none,-0.25,512.0,0.25,VarianceResidual,clean,mae,,0.04126078337304133,0.03991743601004353,0.04256860761942076,joint_parent_percentile,0.0006847967370539557,0.0006778314114082941,2000,2000,0,common_complete_all_declared_methods_conditions,,
43d0a7f75c8afab6d32ab6fd1f2ff8db49cca59e36971e2b74404173f4cbfcf2,accuracy,ARFIMA_-0.25_n512,ARFIMA,none,-0.25,512.0,0.25,WaveletOLS::broad_band,clean,mae,,0.12568494856375959,0.1214601951627866,0.12976388602178648,joint_parent_percentile,0.0020616690906653276,0.002102704837982363,2000,2000,0,common_complete_all_declared_methods_conditions,,
43d0a7f75c8afab6d32ab6fd1f2ff8db49cca59e36971e2b74404173f4cbfcf2,accuracy,ARFIMA_-0.25_n512,ARFIMA,none,-0.25,512.0,0.25,WaveletOLS::conservative_band,clean,mae,,0.12673377977193714,0.12235082766757817,0.13091105106960454,joint_parent_percentile,0.0021684125381036174,0.0022093107136764876,2000,2000,0,common_complete_all_declared_methods_conditions,,
43d0a7f75c8afab6d32ab6fd1f2ff8db49cca59e36971e2b74404173f4cbfcf2,accuracy,ARFIMA_-0.25_n512,ARFIMA,none,-0.25,512.0,0.25,WaveletOLS::upper_band,clean,mae,,0.0963143346297527,0.09307429234672515,0.09956023294462399,joint_parent_percentile,0.0016773589389016588,0.0016568786661243973,2000,2000,0,common_complete_all_declared_methods_conditions,,
43d0a7f75c8afab6d32ab6fd1f2ff8db49cca59e36971e2b74404173f4cbfcf2,accuracy,ARFIMA_-0.25_n512,ARFIMA,none,-0.25,512.0,0.25,WhittleMLE,clean,mae,,0.057333850964415664,0.05531937979791595,0.05939482011836,joint_parent_percentile,0.000991983784711928,0.0010215172449593378,2000,2000,0,common_complete_all_declared_methods_conditions,,
43d0a7f75c8afab6d32ab6fd1f2ff8db49cca59e36971e2b74404173f4cbfcf2,accuracy,ARFIMA_-0.25_n1024,ARFIMA,none,-0.25,1024.0,0.25,AbsoluteMoment,clean,mae,,0.0822196816508537,0.07941287514889712,0.08501505847642372,joint_parent_percentile,0.0014225025678266424,0.0014186178990520729,2000,2000,0,common_complete_all_declared_methods_conditions,,
43d0a7f75c8afab6d32ab6fd1f2ff8db49cca59e36971e2b74404173f4cbfcf2,accuracy,ARFIMA_-0.25_n1024,ARFIMA,none,-0.25,1024.0,0.25,DFA::balanced_scales,clean,mae,,0.04772286572979905,0.04643550914233682,0.049036705288545146,joint_parent_percentile,0.0006723703610904708,0.0006718083812467603,2000,2000,0,common_complete_all_declared_methods_conditions,,
43d0a7f75c8afab6d32ab6fd1f2ff8db49cca59e36971e2b74404173f4cbfcf2,accuracy,ARFIMA_-0.25_n1024,ARFIMA,none,-0.25,1024.0,0.25,DFA::long_scales,clean,mae,,0.041333483900496695,0.04006449963602197,0.042677603803709635,joint_parent_percentile,0.0006703112806605436,0.0006640970292924462,2000,2000,0,common_complete_all_declared_methods_conditions,,
43d0a7f75c8afab6d32ab6fd1f2ff8db49cca59e36971e2b74404173f4cbfcf2,accuracy,ARFIMA_-0.25_n1024,ARFIMA,none,-0.25,1024.0,0.25,DFA::short_scales,clean,mae,,0.06412004356035375,0.06294753376927262,0.06529568405812453,joint_parent_percentile,0.0006028397399527185,0.0006072209542062701,2000,2000,0,common_complete_all_declared_methods_conditions,,
43d0a7f75c8afab6d32ab6fd1f2ff8db49cca59e36971e2b74404173f4cbfcf2,accuracy,ARFIMA_-0.25_n1024,ARFIMA,none,-0.25,1024.0,0.25,DMA::balanced_windows,clean,mae,,0.04734865458295442,0.0458430848911753,0.048889357154850245,joint_parent_percentile,0.0008087517173312358,0.0007898780037455766,2000,2000,0,common_complete_all_declared_methods_conditions,,
43d0a7f75c8afab6d32ab6fd1f2ff8db49cca59e36971e2b74404173f4cbfcf2,accuracy,ARFIMA_-0.25_n1024,ARFIMA,none,-0.25,1024.0,0.25,DMA::long_windows,clean,mae,,0.050276871449993675,0.0486680587162689,0.052005896610049646,joint_parent_percentile,0.0008764838358103739,0.0008571246203272374,2000,2000,0,common_complete_all_declared_methods_conditions,,
43d0a7f75c8afab6d32ab6fd1f2ff8db49cca59e36971e2b74404173f4cbfcf2,accuracy,ARFIMA_-0.25_n1024,ARFIMA,none,-0.25,1024.0,0.25,DMA::short_windows,clean,mae,,0.05198483643431699,0.05047334950879313,0.05360984384915086,joint_parent_percentile,0.0008049957100124742,0.0007934091216302118,2000,2000,0,common_complete_all_declared_methods_conditions,,
43d0a7f75c8afab6d32ab6fd1f2ff8db49cca59e36971e2b74404173f4cbfcf2,accuracy,ARFIMA_-0.25_n1024,ARFIMA,none,-0.25,1024.0,0.25,GHE,clean,mae,,0.03562359115130708,0.034561391555140944,0.03672933050531651,joint_parent_percentile,0.0005796662627816191,0.0005631314928088274,2000,2000,0,common_complete_all_declared_methods_conditions,,
43d0a7f75c8afab6d32ab6fd1f2ff8db49cca59e36971e2b74404173f4cbfcf2,accuracy,ARFIMA_-0.25_n1024,ARFIMA,none,-0.25,1024.0,0.25,GHE::centered,clean,mae,,0.034188725531429494,0.033144148710348355,0.03525090656484663,joint_parent_percentile,0.0005690826206032112,0.0005509372696979535,2000,2000,0,common_complete_all_declared_methods_conditions,,
43d0a7f75c8afab6d32ab6fd1f2ff8db49cca59e36971e2b74404173f4cbfcf2,accuracy,ARFIMA_-0.25_n1024,ARFIMA,none,-0.25,1024.0,0.25,GPH::narrow_band,clean,mae,,0.10663597636682146,0.10317847648465808,0.11006033527007296,joint_parent_percentile,0.00178836327088355,0.001745697510128856,2000,2000,0,common_complete_all_declared_methods_conditions,,
43d0a7f75c8afab6d32ab6fd1f2ff8db49cca59e36971e2b74404173f4cbfcf2,accuracy,ARFIMA_-0.25_n1024,ARFIMA,none,-0.25,1024.0,0.25,GPH::wider_band,clean,mae,,0.06998055429536228,0.06765311230034447,0.07243031098845865,joint_parent_percentile,0.0012209316641572125,0.0011901853602948277,2000,2000,0,common_complete_all_declared_methods_conditions,,
43d0a7f75c8afab6d32ab6fd1f2ff8db49cca59e36971e2b74404173f4cbfcf2,accuracy,ARFIMA_-0.25_n1024,ARFIMA,none,-0.25,1024.0,0.25,Higuchi,clean,mae,,0.039943925674075155,0.0388518135979471,0.04107671923335333,joint_parent_percentile,0.0005799565539012807,0.0005775014231063915,2000,2000,0,common_complete_all_declared_methods_conditions,,
43d0a7f75c8afab6d32ab6fd1f2ff8db49cca59e36971e2b74404173f4cbfcf2,accuracy,ARFIMA_-0.25_n1024,ARFIMA,none,-0.25,1024.0,0.25,Higuchi::centered,clean,mae,,0.039343935265790685,0.03826181761858958,0.04045775117793644,joint_parent_percentile,0.0005748777083033945,0.0005719124622884712,2000,2000,0,common_complete_all_declared_methods_conditions,,
43d0a7f75c8afab6d32ab6fd1f2ff8db49cca59e36971e2b74404173f4cbfcf2,accuracy,ARFIMA_-0.25_n1024,ARFIMA,none,-0.25,1024.0,0.25,ModifiedLocalWhittle,clean,mae,,0.05664653652421842,0.05482291078352809,0.05861645007128325,joint_parent_percentile,0.0009801015513736073,0.0009703624744761665,2000,2000,0,common_complete_all_declared_methods_conditions,,
43d0a7f75c8afab6d32ab6fd1f2ff8db49cca59e36971e2b74404173f4cbfcf2,accuracy,ARFIMA_-0.25_n1024,ARFIMA,none,-0.25,1024.0,0.25,RS,clean,mae,,0.145349297919164,0.1441696656253157,0.14646365320726928,joint_parent_percentile,0.0005961607769812489,0.0005818285026890095,2000,2000,0,common_complete_all_declared_methods_conditions,,
43d0a7f75c8afab6d32ab6fd1f2ff8db49cca59e36971e2b74404173f4cbfcf2,accuracy,ARFIMA_-0.25_n1024,ARFIMA,none,-0.25,1024.0,0.25,Variance,clean,mae,,0.07979722438557885,0.0772703077114345,0.08243226010182585,joint_parent_percentile,0.0013424035682099737,0.0013475702880700107,2000,2000,0,common_complete_all_declared_methods_conditions,,
43d0a7f75c8afab6d32ab6fd1f2ff8db49cca59e36971e2b74404173f4cbfcf2,accuracy,ARFIMA_-0.25_n1024,ARFIMA,none,-0.25,1024.0,0.25,VarianceResidual,clean,mae,,0.036802745292109154,0.0357815638258925,0.03790835343097904,joint_parent_percentile,0.0005494914292407332,0.000543501471564259,2000,2000,0,common_complete_all_declared_methods_conditions,,
43d0a7f75c8afab6d32ab6fd1f2ff8db49cca59e36971e2b74404173f4cbfcf2,accuracy,ARFIMA_-0.25_n1024,ARFIMA,none,-0.25,1024.0,0.25,WaveletOLS::broad_band,clean,mae,,0.13419832252099978,0.13015162105152073,0.13829725622701788,joint_parent_percentile,0.002072738719876111,0.002084043119236362,2000,2000,0,common_complete_all_declared_methods_conditions,,
43d0a7f75c8afab6d32ab6fd1f2ff8db49cca59e36971e2b74404173f4cbfcf2,accuracy,ARFIMA_-0.25_n1024,ARFIMA,none,-0.25,1024.0,0.25,WaveletOLS::conservative_band,clean,mae,,0.09699995831710226,0.093567541583505,0.10057140254277973,joint_parent_percentile,0.0017749658626729588,0.0018003434647265064,2000,2000,0,common_complete_all_declared_methods_conditions,,
43d0a7f75c8afab6d32ab6fd1f2ff8db49cca59e36971e2b74404173f4cbfcf2,accuracy,ARFIMA_-0.25_n1024,ARFIMA,none,-0.25,1024.0,0.25,WaveletOLS::upper_band,clean,mae,,0.08627078951533484,0.08318563978098481,0.08920804900468739,joint_parent_percentile,0.0015036713551614279,0.0015188436129183424,2000,2000,0,common_complete_all_declared_methods_conditions,,
43d0a7f75c8afab6d32ab6fd1f2ff8db49cca59e36971e2b74404173f4cbfcf2,accuracy,ARFIMA_-0.25_n1024,ARFIMA,none,-0.25,1024.0,0.25,WhittleMLE,clean,mae,,0.056755253447770715,0.05492836837787946,0.05873614095422343,joint_parent_percentile,0.000982052472928873,0.0009724694939469732,2000,2000,0,common_complete_all_declared_methods_conditions,,
43d0a7f75c8afab6d32ab6fd1f2ff8db49cca59e36971e2b74404173f4cbfcf2,accuracy,ARFIMA_-0.25_n2048,ARFIMA,none,-0.25,2048.0,0.25,AbsoluteMoment,clean,mae,,0.05409851205899308,0.05235719954290108,0.0559680447913909,joint_parent_percentile,0.0009123516969249183,0.00090912157349055,2000,2000,0,common_complete_all_declared_methods_conditions,,
43d0a7f75c8afab6d32ab6fd1f2ff8db49cca59e36971e2b74404173f4cbfcf2,accuracy,ARFIMA_-0.25_n2048,ARFIMA,none,-0.25,2048.0,0.25,DFA::balanced_scales,clean,mae,,0.04832650013750093,0.0473404313646144,0.04931794264261764,joint_parent_percentile,0.0004955053690547101,0.0004986093299486431,2000,2000,0,common_complete_all_declared_methods_conditions,,
43d0a7f75c8afab6d32ab6fd1f2ff8db49cca59e36971e2b74404173f4cbfcf2,accuracy,ARFIMA_-0.25_n2048,ARFIMA,none,-0.25,2048.0,0.25,DFA::long_scales,clean,mae,,0.03943480497433644,0.03843837368399524,0.04042033811596061,joint_parent_percentile,0.000514610856698665,0.0005091139451648958,2000,2000,0,common_complete_all_declared_methods_conditions,,
43d0a7f75c8afab6d32ab6fd1f2ff8db49cca59e36971e2b74404173f4cbfcf2,accuracy,ARFIMA_-0.25_n2048,ARFIMA,none,-0.25,2048.0,0.25,DFA::short_scales,clean,mae,,0.0660482649280451,0.06525575135059966,0.06683560180905829,joint_parent_percentile,0.0004126911497669191,0.00041356085720577315,2000,2000,0,common_complete_all_declared_methods_conditions,,
43d0a7f75c8afab6d32ab6fd1f2ff8db49cca59e36971e2b74404173f4cbfcf2,accuracy,ARFIMA_-0.25_n2048,ARFIMA,none,-0.25,2048.0,0.25,DMA::balanced_windows,clean,mae,,0.04135566567598528,0.040108312726689514,0.04260111105152758,joint_parent_percentile,0.000656986558734311,0.0006449527350053224,2000,2000,0,common_complete_all_declared_methods_conditions,,
43d0a7f75c8afab6d32ab6fd1f2ff8db49cca59e36971e2b74404173f4cbfcf2,accuracy,ARFIMA_-0.25_n2048,ARFIMA,none,-0.25,2048.0,0.25,DMA::long_windows,clean,mae,,0.04032524792382702,0.03908280246367571,0.041647443124802605,joint_parent_percentile,0.0006719946626063835,0.0006528912752466657,2000,2000,0,common_complete_all_declared_methods_conditions,,
43d0a7f75c8afab6d32ab6fd1f2ff8db49cca59e36971e2b74404173f4cbfcf2,accuracy,ARFIMA_-0.25_n2048,ARFIMA,none,-0.25,2048.0,0.25,DMA::short_windows,clean,mae,,0.051854528858324596,0.05061658542642297,0.05304806562035629,joint_parent_percentile,0.0006301301233027215,0.0006239406450555828,2000,2000,0,common_complete_all_declared_methods_conditions,,
43d0a7f75c8afab6d32ab6fd1f2ff8db49cca59e36971e2b74404173f4cbfcf2,accuracy,ARFIMA_-0.25_n2048,ARFIMA,none,-0.25,2048.0,0.25,GHE,clean,mae,,0.03118259388382874,0.030325376041240994,0.03210162634786713,joint_parent_percentile,0.000472399031258232,0.00046096700146588005,2000,2000,0,common_complete_all_declared_methods_conditions,,
43d0a7f75c8afab6d32ab6fd1f2ff8db49cca59e36971e2b74404173f4cbfcf2,accuracy,ARFIMA_-0.25_n2048,ARFIMA,none,-0.25,2048.0,0.25,GHE::centered,clean,mae,,0.030045485946281432,0.029199394863144164,0.030937514902342613,joint_parent_percentile,0.00046463760927910775,0.00045006330131183307,2000,2000,0,common_complete_all_declared_methods_conditions,,
43d0a7f75c8afab6d32ab6fd1f2ff8db49cca59e36971e2b74404173f4cbfcf2,accuracy,ARFIMA_-0.25_n2048,ARFIMA,none,-0.25,2048.0,0.25,GPH::narrow_band,clean,mae,,0.10878985057745869,0.10534154448616648,0.11228106014777244,joint_parent_percentile,0.001843149684331941,0.0018286205424125738,2000,2000,0,common_complete_all_declared_methods_conditions,,
43d0a7f75c8afab6d32ab6fd1f2ff8db49cca59e36971e2b74404173f4cbfcf2,accuracy,ARFIMA_-0.25_n2048,ARFIMA,none,-0.25,2048.0,0.25,GPH::wider_band,clean,mae,,0.07074540660630844,0.06839738548777552,0.07311698610250768,joint_parent_percentile,0.001192833366701086,0.0011774744350183629,2000,2000,0,common_complete_all_declared_methods_conditions,,
43d0a7f75c8afab6d32ab6fd1f2ff8db49cca59e36971e2b74404173f4cbfcf2,accuracy,ARFIMA_-0.25_n2048,ARFIMA,none,-0.25,2048.0,0.25,Higuchi,clean,mae,,0.03931380022188205,0.038461274931957154,0.040184395967129326,joint_parent_percentile,0.0004397808443095099,0.0004382106985031515,2000,2000,0,common_complete_all_declared_methods_conditions,,
43d0a7f75c8afab6d32ab6fd1f2ff8db49cca59e36971e2b74404173f4cbfcf2,accuracy,ARFIMA_-0.25_n2048,ARFIMA,none,-0.25,2048.0,0.25,Higuchi::centered,clean,mae,,0.03906874765427045,0.03823407541444961,0.03993759073151889,joint_parent_percentile,0.00043916394849099257,0.00043783820718659255,2000,2000,0,common_complete_all_declared_methods_conditions,,
43d0a7f75c8afab6d32ab6fd1f2ff8db49cca59e36971e2b74404173f4cbfcf2,accuracy,ARFIMA_-0.25_n2048,ARFIMA,none,-0.25,2048.0,0.25,ModifiedLocalWhittle,clean,mae,,0.05703746393393852,0.05525442153743372,0.058896831230066136,joint_parent_percentile,0.0009611611957440039,0.0009291869395196225,2000,2000,0,common_complete_all_declared_methods_conditions,,
43d0a7f75c8afab6d32ab6fd1f2ff8db49cca59e36971e2b74404173f4cbfcf2,accuracy,ARFIMA_-0.25_n2048,ARFIMA,none,-0.25,2048.0,0.25,RS,clean,mae,,0.1307191277926002,0.12983571836573754,0.1316175868330694,joint_parent_percentile,0.00045599297830972274,0.00045273474304521877,2000,2000,0,common_complete_all_declared_methods_conditions,,
43d0a7f75c8afab6d32ab6fd1f2ff8db49cca59e36971e2b74404173f4cbfcf2,accuracy,ARFIMA_-0.25_n2048,ARFIMA,none,-0.25,2048.0,0.25,Variance,clean,mae,,0.052929802130092664,0.0512309301590953,0.05462501764783505,joint_parent_percentile,0.0008760967147797411,0.0008728196222232586,2000,2000,0,common_complete_all_declared_methods_conditions,,
43d0a7f75c8afab6d32ab6fd1f2ff8db49cca59e36971e2b74404173f4cbfcf2,accuracy,ARFIMA_-0.25_n2048,ARFIMA,none,-0.25,2048.0,0.25,VarianceResidual,clean,mae,,0.036893106966810335,0.03604244210698788,0.0376914190805585,joint_parent_percentile,0.00042076324914729703,0.00042399754602213046,2000,2000,0,common_complete_all_declared_methods_conditions,,
43d0a7f75c8afab6d32ab6fd1f2ff8db49cca59e36971e2b74404173f4cbfcf2,accuracy,ARFIMA_-0.25_n2048,ARFIMA,none,-0.25,2048.0,0.25,WaveletOLS::broad_band,clean,mae,,0.15439319656590683,0.15011814463062265,0.15849618107692662,joint_parent_percentile,0.00213744088696274,0.0021218261036850296,2000,2000,0,common_complete_all_declared_methods_conditions,,
43d0a7f75c8afab6d32ab6fd1f2ff8db49cca59e36971e2b74404173f4cbfcf2,accuracy,ARFIMA_-0.25_n2048,ARFIMA,none,-0.25,2048.0,0.25,WaveletOLS::conservative_band,clean,mae,,0.12782569678358888,0.12316921429713296,0.13241102813025982,joint_parent_percentile,0.0023609042505005977,0.0023658782466110632,2000,2000,0,common_complete_all_declared_methods_conditions,,
43d0a7f75c8afab6d32ab6fd1f2ff8db49cca59e36971e2b74404173f4cbfcf2,accuracy,ARFIMA_-0.25_n2048,ARFIMA,none,-0.25,2048.0,0.25,WaveletOLS::upper_band,clean,mae,,0.09423690584771109,0.09128575060592055,0.09731806135174367,joint_parent_percentile,0.0015387196537368967,0.001539722999594987,2000,2000,0,common_complete_all_declared_methods_conditions,,
43d0a7f75c8afab6d32ab6fd1f2ff8db49cca59e36971e2b74404173f4cbfcf2,accuracy,ARFIMA_-0.25_n2048,ARFIMA,none,-0.25,2048.0,0.25,WhittleMLE,clean,mae,,0.057060517884987096,0.055280360887857115,0.0589241499988446,joint_parent_percentile,0.000961657591652634,0.0009296894894106368,2000,2000,0,common_complete_all_declared_methods_conditions,,
43d0a7f75c8afab6d32ab6fd1f2ff8db49cca59e36971e2b74404173f4cbfcf2,accuracy,ARFIMA_0_n512,ARFIMA,none,0.0,512.0,0.5,AbsoluteMoment,clean,mae,,0.2187213460826809,0.2104925208900172,0.22715245389007405,joint_parent_percentile,0.004292766954242849,0.004267012501484076,2000,2000,0,common_complete_all_declared_methods_conditions,,
43d0a7f75c8afab6d32ab6fd1f2ff8db49cca59e36971e2b74404173f4cbfcf2,accuracy,ARFIMA_0_n512,ARFIMA,none,0.0,512.0,0.5,DFA::balanced_scales,clean,mae,,0.05307462498095103,0.0513656911727985,0.054808948194748276,joint_parent_percentile,0.0008788069983601213,0.0008817984944061892,2000,2000,0,common_complete_all_declared_methods_conditions,,
43d0a7f75c8afab6d32ab6fd1f2ff8db49cca59e36971e2b74404173f4cbfcf2,accuracy,ARFIMA_0_n512,ARFIMA,none,0.0,512.0,0.5,DFA::long_scales,clean,mae,,0.06367626022949334,0.06175348596749565,0.06566433933800674,joint_parent_percentile,0.0010479799119667466,0.0010019441072752191,2000,2000,0,common_complete_all_declared_methods_conditions,,
43d0a7f75c8afab6d32ab6fd1f2ff8db49cca59e36971e2b74404173f4cbfcf2,accuracy,ARFIMA_0_n512,ARFIMA,none,0.0,512.0,0.5,DFA::short_scales,clean,mae,,0.042033771186664536,0.04063771009985289,0.043451313091268,joint_parent_percentile,0.0006950597357155867,0.0007155555508596309,2000,2000,0,common_complete_all_declared_methods_conditions,,
43d0a7f75c8afab6d32ab6fd1f2ff8db49cca59e36971e2b74404173f4cbfcf2,accuracy,ARFIMA_0_n512,ARFIMA,none,0.0,512.0,0.5,DMA::balanced_windows,clean,mae,,0.0913668229690788,0.08845146082934574,0.09430609793540759,joint_parent_percentile,0.0015470486622595299,0.001509116409634912,2000,2000,0,common_complete_all_declared_methods_conditions,,
43d0a7f75c8afab6d32ab6fd1f2ff8db49cca59e36971e2b74404173f4cbfcf2,accuracy,ARFIMA_0_n512,ARFIMA,none,0.0,512.0,0.5,DMA::long_windows,clean,mae,,0.12232084863766564,0.11852097223420782,0.1261244030246731,joint_parent_percentile,0.002003974383037101,0.0019584419153885623,2000,2000,0,common_complete_all_declared_methods_conditions,,
43d0a7f75c8afab6d32ab6fd1f2ff8db49cca59e36971e2b74404173f4cbfcf2,accuracy,ARFIMA_0_n512,ARFIMA,none,0.0,512.0,0.5,DMA::short_windows,clean,mae,,0.06698973579531531,0.0648027403955235,0.06924229383433599,joint_parent_percentile,0.001140019762421934,0.0011235818802974502,2000,2000,0,common_complete_all_declared_methods_conditions,,
43d0a7f75c8afab6d32ab6fd1f2ff8db49cca59e36971e2b74404173f4cbfcf2,accuracy,ARFIMA_0_n512,ARFIMA,none,0.0,512.0,0.5,GHE,clean,mae,,0.04299923065569319,0.041604498026708917,0.04436201418542379,joint_parent_percentile,0.0007144435377784808,0.0006968768517871943,2000,2000,0,common_complete_all_declared_methods_conditions,,
43d0a7f75c8afab6d32ab6fd1f2ff8db49cca59e36971e2b74404173f4cbfcf2,accuracy,ARFIMA_0_n512,ARFIMA,none,0.0,512.0,0.5,GHE::centered,clean,mae,,0.047130891452055006,0.04560756158551041,0.04868442717899714,joint_parent_percentile,0.000798725476840212,0.0007770129264100631,2000,2000,0,common_complete_all_declared_methods_conditions,,
43d0a7f75c8afab6d32ab6fd1f2ff8db49cca59e36971e2b74404173f4cbfcf2,accuracy,ARFIMA_0_n512,ARFIMA,none,0.0,512.0,0.5,GPH::narrow_band,clean,mae,,0.10634060561881288,0.10285893112020073,0.10996445272536531,joint_parent_percentile,0.0018380985406316489,0.001809382198994102,2000,2000,0,common_complete_all_declared_methods_conditions,,
43d0a7f75c8afab6d32ab6fd1f2ff8db49cca59e36971e2b74404173f4cbfcf2,accuracy,ARFIMA_0_n512,ARFIMA,none,0.0,512.0,0.5,GPH::wider_band,clean,mae,,0.07293388109277536,0.07044787976007852,0.0754005730606,joint_parent_percentile,0.001276855439566057,0.0012552418111273645,2000,2000,0,common_complete_all_declared_methods_conditions,,
43d0a7f75c8afab6d32ab6fd1f2ff8db49cca59e36971e2b74404173f4cbfcf2,accuracy,ARFIMA_0_n512,ARFIMA,none,0.0,512.0,0.5,Higuchi,clean,mae,,0.04135902350064807,0.03999392233316807,0.042729977408129186,joint_parent_percentile,0.0006978886230457812,0.0006951117649897769,2000,2000,0,common_complete_all_declared_methods_conditions,,
43d0a7f75c8afab6d32ab6fd1f2ff8db49cca59e36971e2b74404173f4cbfcf2,accuracy,ARFIMA_0_n512,ARFIMA,none,0.0,512.0,0.5,Higuchi::centered,clean,mae,,0.04373823403978351,0.04222697777574848,0.04521670116638673,joint_parent_percentile,0.0007530164458715369,0.0007485913059665135,2000,2000,0,common_complete_all_declared_methods_conditions,,
43d0a7f75c8afab6d32ab6fd1f2ff8db49cca59e36971e2b74404173f4cbfcf2,accuracy,ARFIMA_0_n512,ARFIMA,none,0.0,512.0,0.5,ModifiedLocalWhittle,clean,mae,,0.05699550940450106,0.055053110763391186,0.058906403671667204,joint_parent_percentile,0.0010009786842807861,0.0010015894137519275,2000,2000,0,common_complete_all_declared_methods_conditions,,
43d0a7f75c8afab6d32ab6fd1f2ff8db49cca59e36971e2b74404173f4cbfcf2,accuracy,ARFIMA_0_n512,ARFIMA,none,0.0,512.0,0.5,RS,clean,mae,,0.06945292743966908,0.06772189111342007,0.07127672253490373,joint_parent_percentile,0.0009288259982713304,0.0009231888225049782,2000,2000,0,common_complete_all_declared_methods_conditions,,
43d0a7f75c8afab6d32ab6fd1f2ff8db49cca59e36971e2b74404173f4cbfcf2,accuracy,ARFIMA_0_n512,ARFIMA,none,0.0,512.0,0.5,Variance,clean,mae,,0.2020260181028783,0.1939349818161904,0.2096813021601752,joint_parent_percentile,0.004069099739498653,0.00405388133151896,2000,2000,0,common_complete_all_declared_methods_conditions,,
43d0a7f75c8afab6d32ab6fd1f2ff8db49cca59e36971e2b74404173f4cbfcf2,accuracy,ARFIMA_0_n512,ARFIMA,none,0.0,512.0,0.5,VarianceResidual,clean,mae,,0.052750715426183384,0.05114043576223994,0.054396137352647374,joint_parent_percentile,0.0008570581732083375,0.0008479939576489494,2000,2000,0,common_complete_all_declared_methods_conditions,,
43d0a7f75c8afab6d32ab6fd1f2ff8db49cca59e36971e2b74404173f4cbfcf2,accuracy,ARFIMA_0_n512,ARFIMA,none,0.0,512.0,0.5,WaveletOLS::broad_band,clean,mae,,0.07942444291054607,0.07691721045604186,0.08213736303738305,joint_parent_percentile,0.0013358323223168294,0.0013449487690447228,2000,2000,0,common_complete_all_declared_methods_conditions,,
43d0a7f75c8afab6d32ab6fd1f2ff8db49cca59e36971e2b74404173f4cbfcf2,accuracy,ARFIMA_0_n512,ARFIMA,none,0.0,512.0,0.5,WaveletOLS::conservative_band,clean,mae,,0.13099804236536944,0.12671944371750687,0.13578856594755606,joint_parent_percentile,0.0023011742906304494,0.0023043657105914135,2000,2000,0,common_complete_all_declared_methods_conditions,,
43d0a7f75c8afab6d32ab6fd1f2ff8db49cca59e36971e2b74404173f4cbfcf2,accuracy,ARFIMA_0_n512,ARFIMA,none,0.0,512.0,0.5,WaveletOLS::upper_band,clean,mae,,0.07384785200171715,0.07154594610576717,0.0763812278957469,joint_parent_percentile,0.0012324039679666163,0.0012535726036596632,2000,2000,0,common_complete_all_declared_methods_conditions,,
43d0a7f75c8afab6d32ab6fd1f2ff8db49cca59e36971e2b74404173f4cbfcf2,accuracy,ARFIMA_0_n512,ARFIMA,none,0.0,512.0,0.5,WhittleMLE,clean,mae,,0.05740291227631035,0.055451963148531985,0.059333721975413194,joint_parent_percentile,0.0010083338795876767,0.0010089271318320927,2000,2000,0,common_complete_all_declared_methods_conditions,,
43d0a7f75c8afab6d32ab6fd1f2ff8db49cca59e36971e2b74404173f4cbfcf2,accuracy,ARFIMA_0_n1024,ARFIMA,none,0.0,1024.0,0.5,AbsoluteMoment,clean,mae,,0.08857227935834643,0.0855946302365603,0.09176906160075429,joint_parent_percentile,0.0015973108995844503,0.0015993714907171237,2000,2000,0,common_complete_all_declared_methods_conditions,,
43d0a7f75c8afab6d32ab6fd1f2ff8db49cca59e36971e2b74404173f4cbfcf2,accuracy,ARFIMA_0_n1024,ARFIMA,none,0.0,1024.0,0.5,DFA::balanced_scales,clean,mae,,0.03676944826681532,0.03552869347007121,0.03804647142851968,joint_parent_percentile,0.0006232218975564487,0.000638751100916905,2000,2000,0,common_complete_all_declared_methods_conditions,,
43d0a7f75c8afab6d32ab6fd1f2ff8db49cca59e36971e2b74404173f4cbfcf2,accuracy,ARFIMA_0_n1024,ARFIMA,none,0.0,1024.0,0.5,DFA::long_scales,clean,mae,,0.04262430681319673,0.041212935109738155,0.0440394855475048,joint_parent_percentile,0.0007422219090960818,0.0007262643889067444,2000,2000,0,common_complete_all_declared_methods_conditions,,
43d0a7f75c8afab6d32ab6fd1f2ff8db49cca59e36971e2b74404173f4cbfcf2,accuracy,ARFIMA_0_n1024,ARFIMA,none,0.0,1024.0,0.5,DFA::short_scales,clean,mae,,0.030427223041481377,0.02945015941400373,0.031457429414471355,joint_parent_percentile,0.0005191081379620793,0.0005169385215779878,2000,2000,0,common_complete_all_declared_methods_conditions,,
43d0a7f75c8afab6d32ab6fd1f2ff8db49cca59e36971e2b74404173f4cbfcf2,accuracy,ARFIMA_0_n1024,ARFIMA,none,0.0,1024.0,0.5,DMA::balanced_windows,clean,mae,,0.05881483464571756,0.05690337712601248,0.06068667515244269,joint_parent_percentile,0.0009793933560217148,0.0009679185293165657,2000,2000,0,common_complete_all_declared_methods_conditions,,
43d0a7f75c8afab6d32ab6fd1f2ff8db49cca59e36971e2b74404173f4cbfcf2,accuracy,ARFIMA_0_n1024,ARFIMA,none,0.0,1024.0,0.5,DMA::long_windows,clean,mae,,0.07423921021611392,0.07178771228496046,0.07665076918657357,joint_parent_percentile,0.0012212656764811524,0.0012239165231022202,2000,2000,0,common_complete_all_declared_methods_conditions,,
43d0a7f75c8afab6d32ab6fd1f2ff8db49cca59e36971e2b74404173f4cbfcf2,accuracy,ARFIMA_0_n1024,ARFIMA,none,0.0,1024.0,0.5,DMA::short_windows,clean,mae,,0.04783919760445381,0.04628049004916205,0.049360906654292484,joint_parent_percentile,0.0008054990843159305,0.0007973424554906111,2000,2000,0,common_complete_all_declared_methods_conditions,,
43d0a7f75c8afab6d32ab6fd1f2ff8db49cca59e36971e2b74404173f4cbfcf2,accuracy,ARFIMA_0_n1024,ARFIMA,none,0.0,1024.0,0.5,GHE,clean,mae,,0.0357383782894724,0.03457735469374006,0.036931678075464686,joint_parent_percentile,0.0006028468707176652,0.0006056703429704866,2000,2000,0,common_complete_all_declared_methods_conditions,,
43d0a7f75c8afab6d32ab6fd1f2ff8db49cca59e36971e2b74404173f4cbfcf2,accuracy,ARFIMA_0_n1024,ARFIMA,none,0.0,1024.0,0.5,GHE::centered,clean,mae,,0.03802212621010426,0.03682875222630645,0.039276469760662854,joint_parent_percentile,0.0006458098078439746,0.0006400649734604157,2000,2000,0,common_complete_all_declared_methods_conditions,,
43d0a7f75c8afab6d32ab6fd1f2ff8db49cca59e36971e2b74404173f4cbfcf2,accuracy,ARFIMA_0_n1024,ARFIMA,none,0.0,1024.0,0.5,GPH::narrow_band,clean,mae,,0.10744264863075377,0.10370578934165149,0.11111597199911033,joint_parent_percentile,0.0018777053370748148,0.001867670593038887,2000,2000,0,common_complete_all_declared_methods_conditions,,
43d0a7f75c8afab6d32ab6fd1f2ff8db49cca59e36971e2b74404173f4cbfcf2,accuracy,ARFIMA_0_n1024,ARFIMA,none,0.0,1024.0,0.5,GPH::wider_band,clean,mae,,0.07076208060782013,0.06836382091668047,0.0731735971003723,joint_parent_percentile,0.0012085425088789045,0.0011983420701194313,2000,2000,0,common_complete_all_declared_methods_conditions,,
43d0a7f75c8afab6d32ab6fd1f2ff8db49cca59e36971e2b74404173f4cbfcf2,accuracy,ARFIMA_0_n1024,ARFIMA,none,0.0,1024.0,0.5,Higuchi,clean,mae,,0.028863389239836165,0.02789712140500647,0.029871742629269053,joint_parent_percentile,0.0004947050204479733,0.000498633531336524,2000,2000,0,common_complete_all_declared_methods_conditions,,
43d0a7f75c8afab6d32ab6fd1f2ff8db49cca59e36971e2b74404173f4cbfcf2,accuracy,ARFIMA_0_n1024,ARFIMA,none,0.0,1024.0,0.5,Higuchi::centered,clean,mae,,0.029534186848995333,0.02854021099676586,0.030530666639290816,joint_parent_percentile,0.0005039451575806771,0.0005106343081889848,2000,2000,0,common_complete_all_declared_methods_conditions,,
43d0a7f75c8afab6d32ab6fd1f2ff8db49cca59e36971e2b74404173f4cbfcf2,accuracy,ARFIMA_0_n1024,ARFIMA,none,0.0,1024.0,0.5,ModifiedLocalWhittle,clean,mae,,0.057524252654096504,0.055580269375190505,0.059407068679307125,joint_parent_percentile,0.0009872063006979728,0.0009758909341040793,2000,2000,0,common_complete_all_declared_methods_conditions,,
43d0a7f75c8afab6d32ab6fd1f2ff8db49cca59e36971e2b74404173f4cbfcf2,accuracy,ARFIMA_0_n1024,ARFIMA,none,0.0,1024.0,0.5,RS,clean,mae,,0.060659505689171125,0.059210102563771703,0.06208249031006578,joint_parent_percentile,0.0007160589375001652,0.000723110677245552,2000,2000,0,common_complete_all_declared_methods_conditions,,
43d0a7f75c8afab6d32ab6fd1f2ff8db49cca59e36971e2b74404173f4cbfcf2,accuracy,ARFIMA_0_n1024,ARFIMA,none,0.0,1024.0,0.5,Variance,clean,mae,,0.08369546210903114,0.08084527905963036,0.08663603544019344,joint_parent_percentile,0.0014832221297353834,0.0014934085238139877,2000,2000,0,common_complete_all_declared_methods_conditions,,
43d0a7f75c8afab6d32ab6fd1f2ff8db49cca59e36971e2b74404173f4cbfcf2,accuracy,ARFIMA_0_n1024,ARFIMA,none,0.0,1024.0,0.5,VarianceResidual,clean,mae,,0.03463481451831113,0.03355571553807466,0.03572867625072894,joint_parent_percentile,0.0005671199829043907,0.0005609225501688094,2000,2000,0,common_complete_all_declared_methods_conditions,,
43d0a7f75c8afab6d32ab6fd1f2ff8db49cca59e36971e2b74404173f4cbfcf2,accuracy,ARFIMA_0_n1024,ARFIMA,none,0.0,1024.0,0.5,WaveletOLS::broad_band,clean,mae,,0.0646105794856224,0.06255701162007396,0.06668656265682302,joint_parent_percentile,0.0010787047959634638,0.0010658034569043272,2000,2000,0,common_complete_all_declared_methods_conditions,,
43d0a7f75c8afab6d32ab6fd1f2ff8db49cca59e36971e2b74404173f4cbfcf2,accuracy,ARFIMA_0_n1024,ARFIMA,none,0.0,1024.0,0.5,WaveletOLS::conservative_band,clean,mae,,0.0780697861932949,0.07548498242233567,0.08082555778856593,joint_parent_percentile,0.0013709661612227237,0.0013756950757807778,2000,2000,0,common_complete_all_declared_methods_conditions,,
43d0a7f75c8afab6d32ab6fd1f2ff8db49cca59e36971e2b74404173f4cbfcf2,accuracy,ARFIMA_0_n1024,ARFIMA,none,0.0,1024.0,0.5,WaveletOLS::upper_band,clean,mae,,0.05430282687886619,0.052499355144784834,0.056098909581758435,joint_parent_percentile,0.0009179966424197861,0.0008957056374170409,2000,2000,0,common_complete_all_declared_methods_conditions,,
43d0a7f75c8afab6d32ab6fd1f2ff8db49cca59e36971e2b74404173f4cbfcf2,accuracy,ARFIMA_0_n1024,ARFIMA,none,0.0,1024.0,0.5,WhittleMLE,clean,mae,,0.05762366275574614,0.05567779697902759,0.05951005705422839,joint_parent_percentile,0.0009890007192514428,0.000977668262678074,2000,2000,0,common_complete_all_declared_methods_conditions,,
43d0a7f75c8afab6d32ab6fd1f2ff8db49cca59e36971e2b74404173f4cbfcf2,accuracy,ARFIMA_0_n2048,ARFIMA,none,0.0,2048.0,0.5,AbsoluteMoment,clean,mae,,0.057669010470749044,0.05567466643637408,0.0596814272238139,joint_parent_percentile,0.0010045024985029095,0.001022198192889836,2000,2000,0,common_complete_all_declared_methods_conditions,,
43d0a7f75c8afab6d32ab6fd1f2ff8db49cca59e36971e2b74404173f4cbfcf2,accuracy,ARFIMA_0_n2048,ARFIMA,none,0.0,2048.0,0.5,DFA::balanced_scales,clean,mae,,0.025921234630893398,0.02503314568807117,0.02670239285313681,joint_parent_percentile,0.0004386399026310299,0.00043085297739780534,2000,2000,0,common_complete_all_declared_methods_conditions,,
43d0a7f75c8afab6d32ab6fd1f2ff8db49cca59e36971e2b74404173f4cbfcf2,accuracy,ARFIMA_0_n2048,ARFIMA,none,0.0,2048.0,0.5,DFA::long_scales,clean,mae,,0.03005696561812472,0.029068552398154927,0.03107836750508025,joint_parent_percentile,0.000514733787931491,0.0005107298136855915,2000,2000,0,common_complete_all_declared_methods_conditions,,
43d0a7f75c8afab6d32ab6fd1f2ff8db49cca59e36971e2b74404173f4cbfcf2,accuracy,ARFIMA_0_n2048,ARFIMA,none,0.0,2048.0,0.5,DFA::short_scales,clean,mae,,0.022536404902683955,0.021820254421222793,0.02327676253448213,joint_parent_percentile,0.00037050143065368824,0.00037444906800648153,2000,2000,0,common_complete_all_declared_methods_conditions,,
43d0a7f75c8afab6d32ab6fd1f2ff8db49cca59e36971e2b74404173f4cbfcf2,accuracy,ARFIMA_0_n2048,ARFIMA,none,0.0,2048.0,0.5,DMA::balanced_windows,clean,mae,,0.04022406464150043,0.03888555140997452,0.04158989812864933,joint_parent_percentile,0.0006848434464292939,0.000696080269384265,2000,2000,0,common_complete_all_declared_methods_conditions,,
43d0a7f75c8afab6d32ab6fd1f2ff8db49cca59e36971e2b74404173f4cbfcf2,accuracy,ARFIMA_0_n2048,ARFIMA,none,0.0,2048.0,0.5,DMA::long_windows,clean,mae,,0.04833516778386937,0.04674073671457448,0.05005738750121941,joint_parent_percentile,0.0008254862564106034,0.0008308436203891993,2000,2000,0,common_complete_all_declared_methods_conditions,,
43d0a7f75c8afab6d32ab6fd1f2ff8db49cca59e36971e2b74404173f4cbfcf2,accuracy,ARFIMA_0_n2048,ARFIMA,none,0.0,2048.0,0.5,DMA::short_windows,clean,mae,,0.037772023819021824,0.036533753085709664,0.03898371010118709,joint_parent_percentile,0.0006167206752491041,0.0006254786614857703,2000,2000,0,common_complete_all_declared_methods_conditions,,
43d0a7f75c8afab6d32ab6fd1f2ff8db49cca59e36971e2b74404173f4cbfcf2,accuracy,ARFIMA_0_n2048,ARFIMA,none,0.0,2048.0,0.5,GHE,clean,mae,,0.029772967383238383,0.028770741398006578,0.03078464949337677,joint_parent_percentile,0.0005128648567358812,0.000516103595219959,2000,2000,0,common_complete_all_declared_methods_conditions,,
43d0a7f75c8afab6d32ab6fd1f2ff8db49cca59e36971e2b74404173f4cbfcf2,accuracy,ARFIMA_0_n2048,ARFIMA,none,0.0,2048.0,0.5,GHE::centered,clean,mae,,0.03155092366408465,0.03049454005623453,0.03260602057266558,joint_parent_percentile,0.0005415569963978334,0.0005475273142487797,2000,2000,0,common_complete_all_declared_methods_conditions,,
43d0a7f75c8afab6d32ab6fd1f2ff8db49cca59e36971e2b74404173f4cbfcf2,accuracy,ARFIMA_0_n2048,ARFIMA,none,0.0,2048.0,0.5,GPH::narrow_band,clean,mae,,0.10356329184778153,0.10015923522139408,0.10701479258744681,joint_parent_percentile,0.0017623175581919597,0.0017696838409058647,2000,2000,0,common_complete_all_declared_methods_conditions,,
43d0a7f75c8afab6d32ab6fd1f2ff8db49cca59e36971e2b74404173f4cbfcf2,accuracy,ARFIMA_0_n2048,ARFIMA,none,0.0,2048.0,0.5,GPH::wider_band,clean,mae,,0.07117936848086778,0.06896897378614925,0.07350312096718335,joint_parent_percentile,0.0011831824324619413,0.001175360801936058,2000,2000,0,common_complete_all_declared_methods_conditions,,
43d0a7f75c8afab6d32ab6fd1f2ff8db49cca59e36971e2b74404173f4cbfcf2,accuracy,ARFIMA_0_n2048,ARFIMA,none,0.0,2048.0,0.5,Higuchi,clean,mae,,0.020553123517557496,0.0198617312736566,0.021219816929280724,joint_parent_percentile,0.0003496848364159406,0.0003477658665514652,2000,2000,0,common_complete_all_declared_methods_conditions,,
43d0a7f75c8afab6d32ab6fd1f2ff8db49cca59e36971e2b74404173f4cbfcf2,accuracy,ARFIMA_0_n2048,ARFIMA,none,0.0,2048.0,0.5,Higuchi::centered,clean,mae,,0.020552906105102204,0.01985286838812508,0.021225348332831195,joint_parent_percentile,0.0003544494817679008,0.0003527913284115315,2000,2000,0,common_complete_all_declared_methods_conditions,,
43d0a7f75c8afab6d32ab6fd1f2ff8db49cca59e36971e2b74404173f4cbfcf2,accuracy,ARFIMA_0_n2048,ARFIMA,none,0.0,2048.0,0.5,ModifiedLocalWhittle,clean,mae,,0.055945646487143244,0.05407236925084453,0.05796057554038516,joint_parent_percentile,0.0009835493442782602,0.0009770760305875916,2000,2000,0,common_complete_all_declared_methods_conditions,,
43d0a7f75c8afab6d32ab6fd1f2ff8db49cca59e36971e2b74404173f4cbfcf2,accuracy,ARFIMA_0_n2048,ARFIMA,none,0.0,2048.0,0.5,RS,clean,mae,,0.05174646059701126,0.05059119309843894,0.052865124518029,joint_parent_percentile,0.0005784674761887095,0.0005798613946225601,2000,2000,0,common_complete_all_declared_methods_conditions,,
43d0a7f75c8afab6d32ab6fd1f2ff8db49cca59e36971e2b74404173f4cbfcf2,accuracy,ARFIMA_0_n2048,ARFIMA,none,0.0,2048.0,0.5,Variance,clean,mae,,0.05362001128925347,0.051753363993593315,0.055539708972274476,joint_parent_percentile,0.0009372059575923715,0.0009593058874574442,2000,2000,0,common_complete_all_declared_methods_conditions,,
43d0a7f75c8afab6d32ab6fd1f2ff8db49cca59e36971e2b74404173f4cbfcf2,accuracy,ARFIMA_0_n2048,ARFIMA,none,0.0,2048.0,0.5,VarianceResidual,clean,mae,,0.02554049800389619,0.0247169475832123,0.026334839922610247,joint_parent_percentile,0.00041872129705116404,0.0004145729048506865,2000,2000,0,common_complete_all_declared_methods_conditions,,
43d0a7f75c8afab6d32ab6fd1f2ff8db49cca59e36971e2b74404173f4cbfcf2,accuracy,ARFIMA_0_n2048,ARFIMA,none,0.0,2048.0,0.5,WaveletOLS::broad_band,clean,mae,,0.05897954570024878,0.05702593461621718,0.060992436418581375,joint_parent_percentile,0.001016736163040425,0.0010230515945673206,2000,2000,0,common_complete_all_declared_methods_conditions,,
43d0a7f75c8afab6d32ab6fd1f2ff8db49cca59e36971e2b74404173f4cbfcf2,accuracy,ARFIMA_0_n2048,ARFIMA,none,0.0,2048.0,0.5,WaveletOLS::conservative_band,clean,mae,,0.064661053831897,0.06232199054625754,0.06683268756690315,joint_parent_percentile,0.0011526565424769472,0.001148064816069438,2000,2000,0,common_complete_all_declared_methods_conditions,,
43d0a7f75c8afab6d32ab6fd1f2ff8db49cca59e36971e2b74404173f4cbfcf2,accuracy,ARFIMA_0_n2048,ARFIMA,none,0.0,2048.0,0.5,WaveletOLS::upper_band,clean,mae,,0.043011607872341866,0.04152872634587363,0.04451099381733805,joint_parent_percentile,0.0007484965681893124,0.000773795449619074,2000,2000,0,common_complete_all_declared_methods_conditions,,
43d0a7f75c8afab6d32ab6fd1f2ff8db49cca59e36971e2b74404173f4cbfcf2,accuracy,ARFIMA_0_n2048,ARFIMA,none,0.0,2048.0,0.5,WhittleMLE,clean,mae,,0.055970473995575795,0.05409596240269352,0.05798639377439575,joint_parent_percentile,0.0009840107771252537,0.0009775397665898542,2000,2000,0,common_complete_all_declared_methods_conditions,,
43d0a7f75c8afab6d32ab6fd1f2ff8db49cca59e36971e2b74404173f4cbfcf2,accuracy,ARFIMA_0.25_n512,ARFIMA,none,0.25,512.0,0.75,AbsoluteMoment,clean,mae,,0.2658694069852251,0.25683307311898107,0.27530533149707054,joint_parent_percentile,0.004976265425080302,0.004759739144019499,2000,2000,0,common_complete_all_declared_methods_conditions,,
43d0a7f75c8afab6d32ab6fd1f2ff8db49cca59e36971e2b74404173f4cbfcf2,accuracy,ARFIMA_0.25_n512,ARFIMA,none,0.25,512.0,0.75,DFA::balanced_scales,clean,mae,,0.06669382257724452,0.06448787448784912,0.0689124243859803,joint_parent_percentile,0.0011157590454619296,0.0011282410866720236,2000,2000,0,common_complete_all_declared_methods_conditions,,
43d0a7f75c8afab6d32ab6fd1f2ff8db49cca59e36971e2b74404173f4cbfcf2,accuracy,ARFIMA_0.25_n512,ARFIMA,none,0.25,512.0,0.75,DFA::long_scales,clean,mae,,0.08098917663172131,0.07836799450029801,0.08369848919295514,joint_parent_percentile,0.0013671090901807622,0.0013702049720228017,2000,2000,0,common_complete_all_declared_methods_conditions,,
43d0a7f75c8afab6d32ab6fd1f2ff8db49cca59e36971e2b74404173f4cbfcf2,accuracy,ARFIMA_0.25_n512,ARFIMA,none,0.25,512.0,0.75,DFA::short_scales,clean,mae,,0.055664035517095665,0.053818017048011944,0.0575706379540896,joint_parent_percentile,0.0009215858589979049,0.0009261337433644242,2000,2000,0,common_complete_all_declared_methods_conditions,,
43d0a7f75c8afab6d32ab6fd1f2ff8db49cca59e36971e2b74404173f4cbfcf2,accuracy,ARFIMA_0.25_n512,ARFIMA,none,0.25,512.0,0.75,DMA::balanced_windows,clean,mae,,0.13077097700931883,0.12657574607734584,0.1350581878907819,joint_parent_percentile,0.0021613559897878873,0.0021562452616754324,2000,2000,0,common_complete_all_declared_methods_conditions,,
43d0a7f75c8afab6d32ab6fd1f2ff8db49cca59e36971e2b74404173f4cbfcf2,accuracy,ARFIMA_0.25_n512,ARFIMA,none,0.25,512.0,0.75,DMA::long_windows,clean,mae,,0.18586266385143188,0.18064766860834847,0.1913525812626328,joint_parent_percentile,0.002799621037296646,0.0027276499585171398,2000,2000,0,common_complete_all_declared_methods_conditions,,
43d0a7f75c8afab6d32ab6fd1f2ff8db49cca59e36971e2b74404173f4cbfcf2,accuracy,ARFIMA_0.25_n512,ARFIMA,none,0.25,512.0,0.75,DMA::short_windows,clean,mae,,0.08603817186769272,0.0830445719898931,0.08904651919211344,joint_parent_percentile,0.0015082596007367683,0.0015171159310253144,2000,2000,0,common_complete_all_declared_methods_conditions,,
43d0a7f75c8afab6d32ab6fd1f2ff8db49cca59e36971e2b74404173f4cbfcf2,accuracy,ARFIMA_0.25_n512,ARFIMA,none,0.25,512.0,0.75,GHE,clean,mae,,0.05676065874163929,0.05489734929826101,0.05858404792098542,joint_parent_percentile,0.0009674162829727611,0.0009615850101300769,2000,2000,0,common_complete_all_declared_methods_conditions,,
43d0a7f75c8afab6d32ab6fd1f2ff8db49cca59e36971e2b74404173f4cbfcf2,accuracy,ARFIMA_0.25_n512,ARFIMA,none,0.25,512.0,0.75,GHE::centered,clean,mae,,0.0729509229923374,0.07064804324769848,0.07516729550915074,joint_parent_percentile,0.0011561372296684496,0.001176660361893957,2000,2000,0,common_complete_all_declared_methods_conditions,,
43d0a7f75c8afab6d32ab6fd1f2ff8db49cca59e36971e2b74404173f4cbfcf2,accuracy,ARFIMA_0.25_n512,ARFIMA,none,0.25,512.0,0.75,GPH::narrow_band,clean,mae,,0.10732990786383047,0.10382265591717679,0.11094912426123948,joint_parent_percentile,0.0017993597399794657,0.00180596345866134,2000,2000,0,common_complete_all_declared_methods_conditions,,
43d0a7f75c8afab6d32ab6fd1f2ff8db49cca59e36971e2b74404173f4cbfcf2,accuracy,ARFIMA_0.25_n512,ARFIMA,none,0.25,512.0,0.75,GPH::wider_band,clean,mae,,0.07155995060273321,0.06917396952921527,0.07400152936677161,joint_parent_percentile,0.0012266569082328028,0.001254729654942881,2000,2000,0,common_complete_all_declared_methods_conditions,,
43d0a7f75c8afab6d32ab6fd1f2ff8db49cca59e36971e2b74404173f4cbfcf2,accuracy,ARFIMA_0.25_n512,ARFIMA,none,0.25,512.0,0.75,Higuchi,clean,mae,,0.052015881687801545,0.05023020429932787,0.05366703271294601,joint_parent_percentile,0.000902428391291793,0.0009045505269327691,2000,2000,0,common_complete_all_declared_methods_conditions,,
43d0a7f75c8afab6d32ab6fd1f2ff8db49cca59e36971e2b74404173f4cbfcf2,accuracy,ARFIMA_0.25_n512,ARFIMA,none,0.25,512.0,0.75,Higuchi::centered,clean,mae,,0.06393468244263552,0.06181531848221843,0.06605284501650698,joint_parent_percentile,0.0010513356616706471,0.0010725087432480666,2000,2000,0,common_complete_all_declared_methods_conditions,,
43d0a7f75c8afab6d32ab6fd1f2ff8db49cca59e36971e2b74404173f4cbfcf2,accuracy,ARFIMA_0.25_n512,ARFIMA,none,0.25,512.0,0.75,ModifiedLocalWhittle,clean,mae,,0.05637344209440022,0.054477790419150636,0.05825414202097298,joint_parent_percentile,0.0009598831290460428,0.0009797470436257194,2000,2000,0,common_complete_all_declared_methods_conditions,,
43d0a7f75c8afab6d32ab6fd1f2ff8db49cca59e36971e2b74404173f4cbfcf2,accuracy,ARFIMA_0.25_n512,ARFIMA,none,0.25,512.0,0.75,RS,clean,mae,,0.04263165212549988,0.04117509678340597,0.04414403251536988,joint_parent_percentile,0.0007366892102856112,0.000752393363143818,2000,2000,0,common_complete_all_declared_methods_conditions,,
43d0a7f75c8afab6d32ab6fd1f2ff8db49cca59e36971e2b74404173f4cbfcf2,accuracy,ARFIMA_0.25_n512,ARFIMA,none,0.25,512.0,0.75,Variance,clean,mae,,0.2431698740159151,0.2345417835838445,0.2521372564946441,joint_parent_percentile,0.004776350294359926,0.004591801542474267,2000,2000,0,common_complete_all_declared_methods_conditions,,
43d0a7f75c8afab6d32ab6fd1f2ff8db49cca59e36971e2b74404173f4cbfcf2,accuracy,ARFIMA_0.25_n512,ARFIMA,none,0.25,512.0,0.75,VarianceResidual,clean,mae,,0.07024856582060504,0.06786487060354147,0.07260949555827753,joint_parent_percentile,0.0011887694860596952,0.0012027552930677324,2000,2000,0,common_complete_all_declared_methods_conditions,,
43d0a7f75c8afab6d32ab6fd1f2ff8db49cca59e36971e2b74404173f4cbfcf2,accuracy,ARFIMA_0.25_n512,ARFIMA,none,0.25,512.0,0.75,WaveletOLS::broad_band,clean,mae,,0.07498222778173298,0.07225828374290526,0.07753137355027362,joint_parent_percentile,0.0013587104508265952,0.0013762833011755835,2000,2000,0,common_complete_all_declared_methods_conditions,,
43d0a7f75c8afab6d32ab6fd1f2ff8db49cca59e36971e2b74404173f4cbfcf2,accuracy,ARFIMA_0.25_n512,ARFIMA,none,0.25,512.0,0.75,WaveletOLS::conservative_band,clean,mae,,0.13341872717183914,0.12888613627986206,0.13795266638386694,joint_parent_percentile,0.0023266527329374497,0.0023564436393281782,2000,2000,0,common_complete_all_declared_methods_conditions,,
43d0a7f75c8afab6d32ab6fd1f2ff8db49cca59e36971e2b74404173f4cbfcf2,accuracy,ARFIMA_0.25_n512,ARFIMA,none,0.25,512.0,0.75,WaveletOLS::upper_band,clean,mae,,0.07448551499269018,0.0720808797165808,0.07692705793113722,joint_parent_percentile,0.001257046636921413,0.0012341449169210406,2000,2000,0,common_complete_all_declared_methods_conditions,,
43d0a7f75c8afab6d32ab6fd1f2ff8db49cca59e36971e2b74404173f4cbfcf2,accuracy,ARFIMA_0.25_n512,ARFIMA,none,0.25,512.0,0.75,WhittleMLE,clean,mae,,0.05672840649628459,0.0548132957980755,0.058607423061748945,joint_parent_percentile,0.0009646285857543489,0.0009844434964578004,2000,2000,0,common_complete_all_declared_methods_conditions,,
43d0a7f75c8afab6d32ab6fd1f2ff8db49cca59e36971e2b74404173f4cbfcf2,accuracy,ARFIMA_0.25_n1024,ARFIMA,none,0.25,1024.0,0.75,AbsoluteMoment,clean,mae,,0.11195562975134224,0.10798153003342717,0.11592286520747598,joint_parent_percentile,0.0019885157386333157,0.002046944948553985,2000,2000,0,common_complete_all_declared_methods_conditions,,
43d0a7f75c8afab6d32ab6fd1f2ff8db49cca59e36971e2b74404173f4cbfcf2,accuracy,ARFIMA_0.25_n1024,ARFIMA,none,0.25,1024.0,0.75,DFA::balanced_scales,clean,mae,,0.049224088414286556,0.04761009073259408,0.05083149601057149,joint_parent_percentile,0.0008204982747004177,0.0008328179875295823,2000,2000,0,common_complete_all_declared_methods_conditions,,
43d0a7f75c8afab6d32ab6fd1f2ff8db49cca59e36971e2b74404173f4cbfcf2,accuracy,ARFIMA_0.25_n1024,ARFIMA,none,0.25,1024.0,0.75,DFA::long_scales,clean,mae,,0.05658841719199353,0.054779546327269814,0.05846946698226344,joint_parent_percentile,0.0009357392221635339,0.0009435519402143299,2000,2000,0,common_complete_all_declared_methods_conditions,,
43d0a7f75c8afab6d32ab6fd1f2ff8db49cca59e36971e2b74404173f4cbfcf2,accuracy,ARFIMA_0.25_n1024,ARFIMA,none,0.25,1024.0,0.75,DFA::short_scales,clean,mae,,0.039496671274728196,0.03820993480186387,0.040778493876990916,joint_parent_percentile,0.0006625931325048412,0.0006530731658618544,2000,2000,0,common_complete_all_declared_methods_conditions,,
43d0a7f75c8afab6d32ab6fd1f2ff8db49cca59e36971e2b74404173f4cbfcf2,accuracy,ARFIMA_0.25_n1024,ARFIMA,none,0.25,1024.0,0.75,DMA::balanced_windows,clean,mae,,0.0788967028520651,0.07622592887242509,0.08164612197941923,joint_parent_percentile,0.001349738497104819,0.0013910760081133884,2000,2000,0,common_complete_all_declared_methods_conditions,,
43d0a7f75c8afab6d32ab6fd1f2ff8db49cca59e36971e2b74404173f4cbfcf2,accuracy,ARFIMA_0.25_n1024,ARFIMA,none,0.25,1024.0,0.75,DMA::long_windows,clean,mae,,0.11021024224310227,0.10669051237316342,0.11392061781006714,joint_parent_percentile,0.0017964329196728847,0.0018540866680479382,2000,2000,0,common_complete_all_declared_methods_conditions,,
43d0a7f75c8afab6d32ab6fd1f2ff8db49cca59e36971e2b74404173f4cbfcf2,accuracy,ARFIMA_0.25_n1024,ARFIMA,none,0.25,1024.0,0.75,DMA::short_windows,clean,mae,,0.052514617261011934,0.050731796049684724,0.054337575487923846,joint_parent_percentile,0.000920501762135702,0.0009362656059710083,2000,2000,0,common_complete_all_declared_methods_conditions,,
43d0a7f75c8afab6d32ab6fd1f2ff8db49cca59e36971e2b74404173f4cbfcf2,accuracy,ARFIMA_0.25_n1024,ARFIMA,none,0.25,1024.0,0.75,GHE,clean,mae,,0.04976441775496508,0.04811186526799266,0.05141535683444007,joint_parent_percentile,0.000839295685874921,0.0008453873896948298,2000,2000,0,common_complete_all_declared_methods_conditions,,
43d0a7f75c8afab6d32ab6fd1f2ff8db49cca59e36971e2b74404173f4cbfcf2,accuracy,ARFIMA_0.25_n1024,ARFIMA,none,0.25,1024.0,0.75,GHE::centered,clean,mae,,0.06373410730383644,0.0617525707338741,0.06573125107050667,joint_parent_percentile,0.0009899791404981773,0.0010151021796260937,2000,2000,0,common_complete_all_declared_methods_conditions,,
43d0a7f75c8afab6d32ab6fd1f2ff8db49cca59e36971e2b74404173f4cbfcf2,accuracy,ARFIMA_0.25_n1024,ARFIMA,none,0.25,1024.0,0.75,GPH::narrow_band,clean,mae,,0.10338879284787529,0.09971300675454318,0.10698287753279102,joint_parent_percentile,0.001809360860379001,0.0018260881379871063,2000,2000,0,common_complete_all_declared_methods_conditions,,
43d0a7f75c8afab6d32ab6fd1f2ff8db49cca59e36971e2b74404173f4cbfcf2,accuracy,ARFIMA_0.25_n1024,ARFIMA,none,0.25,1024.0,0.75,GPH::wider_band,clean,mae,,0.07071632370112448,0.06840133749050034,0.07310217494444222,joint_parent_percentile,0.0012044416487828964,0.0012093442429386468,2000,2000,0,common_complete_all_declared_methods_conditions,,
43d0a7f75c8afab6d32ab6fd1f2ff8db49cca59e36971e2b74404173f4cbfcf2,accuracy,ARFIMA_0.25_n1024,ARFIMA,none,0.25,1024.0,0.75,Higuchi,clean,mae,,0.03915446010179982,0.03786001413399428,0.04044063402559739,joint_parent_percentile,0.0006690284569658786,0.0006576797706158576,2000,2000,0,common_complete_all_declared_methods_conditions,,
43d0a7f75c8afab6d32ab6fd1f2ff8db49cca59e36971e2b74404173f4cbfcf2,accuracy,ARFIMA_0.25_n1024,ARFIMA,none,0.25,1024.0,0.75,Higuchi::centered,clean,mae,,0.0466831844007381,0.04522508570204976,0.048161382887719026,joint_parent_percentile,0.0007478812381067107,0.0007418161207596521,2000,2000,0,common_complete_all_declared_methods_conditions,,
43d0a7f75c8afab6d32ab6fd1f2ff8db49cca59e36971e2b74404173f4cbfcf2,accuracy,ARFIMA_0.25_n1024,ARFIMA,none,0.25,1024.0,0.75,ModifiedLocalWhittle,clean,mae,,0.05674942749167296,0.05483587724824054,0.05868011695235827,joint_parent_percentile,0.0009738737627020443,0.0009745657405775221,2000,2000,0,common_complete_all_declared_methods_conditions,,
43d0a7f75c8afab6d32ab6fd1f2ff8db49cca59e36971e2b74404173f4cbfcf2,accuracy,ARFIMA_0.25_n1024,ARFIMA,none,0.25,1024.0,0.75,RS,clean,mae,,0.03423221610882738,0.033149471907408024,0.035417073828145754,joint_parent_percentile,0.0005750386949510123,0.0005821824480055813,2000,2000,0,common_complete_all_declared_methods_conditions,,
43d0a7f75c8afab6d32ab6fd1f2ff8db49cca59e36971e2b74404173f4cbfcf2,accuracy,ARFIMA_0.25_n1024,ARFIMA,none,0.25,1024.0,0.75,Variance,clean,mae,,0.10151810247712362,0.09791103151569244,0.10533021894590856,joint_parent_percentile,0.0018763086569975026,0.001916436790907544,2000,2000,0,common_complete_all_declared_methods_conditions,,
43d0a7f75c8afab6d32ab6fd1f2ff8db49cca59e36971e2b74404173f4cbfcf2,accuracy,ARFIMA_0.25_n1024,ARFIMA,none,0.25,1024.0,0.75,VarianceResidual,clean,mae,,0.049832457242650424,0.04827133653931753,0.05144716483058529,joint_parent_percentile,0.0008198865906593119,0.0008134369127587961,2000,2000,0,common_complete_all_declared_methods_conditions,,
43d0a7f75c8afab6d32ab6fd1f2ff8db49cca59e36971e2b74404173f4cbfcf2,accuracy,ARFIMA_0.25_n1024,ARFIMA,none,0.25,1024.0,0.75,WaveletOLS::broad_band,clean,mae,,0.05426871893777506,0.052326583805363695,0.05615531476106096,joint_parent_percentile,0.0009665443385807143,0.0009812531972711947,2000,2000,0,common_complete_all_declared_methods_conditions,,
43d0a7f75c8afab6d32ab6fd1f2ff8db49cca59e36971e2b74404173f4cbfcf2,accuracy,ARFIMA_0.25_n1024,ARFIMA,none,0.25,1024.0,0.75,WaveletOLS::conservative_band,clean,mae,,0.07833918386211193,0.07572149512705449,0.08100131972911201,joint_parent_percentile,0.0013592605856242836,0.0013887254913123872,2000,2000,0,common_complete_all_declared_methods_conditions,,
43d0a7f75c8afab6d32ab6fd1f2ff8db49cca59e36971e2b74404173f4cbfcf2,accuracy,ARFIMA_0.25_n1024,ARFIMA,none,0.25,1024.0,0.75,WaveletOLS::upper_band,clean,mae,,0.050065490987436775,0.04844018410907818,0.051759550200762346,joint_parent_percentile,0.0008570060058911093,0.0008758634239951049,2000,2000,0,common_complete_all_declared_methods_conditions,,
43d0a7f75c8afab6d32ab6fd1f2ff8db49cca59e36971e2b74404173f4cbfcf2,accuracy,ARFIMA_0.25_n1024,ARFIMA,none,0.25,1024.0,0.75,WhittleMLE,clean,mae,,0.05682684141817243,0.05491286361795721,0.05874773529516987,joint_parent_percentile,0.000975117334948555,0.0009761486772977114,2000,2000,0,common_complete_all_declared_methods_conditions,,
43d0a7f75c8afab6d32ab6fd1f2ff8db49cca59e36971e2b74404173f4cbfcf2,accuracy,ARFIMA_0.25_n2048,ARFIMA,none,0.25,2048.0,0.75,AbsoluteMoment,clean,mae,,0.0717294498075822,0.06943926303359703,0.07408069620140859,joint_parent_percentile,0.0011853809017993648,0.0011924436013284832,2000,2000,0,common_complete_all_declared_methods_conditions,,
43d0a7f75c8afab6d32ab6fd1f2ff8db49cca59e36971e2b74404173f4cbfcf2,accuracy,ARFIMA_0.25_n2048,ARFIMA,none,0.25,2048.0,0.75,DFA::balanced_scales,clean,mae,,0.033874314045599783,0.0327612542866516,0.035005871999617064,joint_parent_percentile,0.0005710449075042311,0.0005680596440331062,2000,2000,0,common_complete_all_declared_methods_conditions,,
43d0a7f75c8afab6d32ab6fd1f2ff8db49cca59e36971e2b74404173f4cbfcf2,accuracy,ARFIMA_0.25_n2048,ARFIMA,none,0.25,2048.0,0.75,DFA::long_scales,clean,mae,,0.03868399820536248,0.03740081827816275,0.04002622432628779,joint_parent_percentile,0.0006511377550080426,0.0006479930624766972,2000,2000,0,common_complete_all_declared_methods_conditions,,
43d0a7f75c8afab6d32ab6fd1f2ff8db49cca59e36971e2b74404173f4cbfcf2,accuracy,ARFIMA_0.25_n2048,ARFIMA,none,0.25,2048.0,0.75,DFA::short_scales,clean,mae,,0.028350793564559246,0.027440886036278075,0.0292831510342121,joint_parent_percentile,0.0004792828557122541,0.00047288646210585824,2000,2000,0,common_complete_all_declared_methods_conditions,,
43d0a7f75c8afab6d32ab6fd1f2ff8db49cca59e36971e2b74404173f4cbfcf2,accuracy,ARFIMA_0.25_n2048,ARFIMA,none,0.25,2048.0,0.75,DMA::balanced_windows,clean,mae,,0.048243009034295486,0.04654236625069358,0.04985951241471302,joint_parent_percentile,0.000840795047091831,0.0008591084549205457,2000,2000,0,common_complete_all_declared_methods_conditions,,
43d0a7f75c8afab6d32ab6fd1f2ff8db49cca59e36971e2b74404173f4cbfcf2,accuracy,ARFIMA_0.25_n2048,ARFIMA,none,0.25,2048.0,0.75,DMA::long_windows,clean,mae,,0.06618180651824221,0.06391339100839437,0.06839555165331189,joint_parent_percentile,0.0011099860387479316,0.0011204799382100407,2000,2000,0,common_complete_all_declared_methods_conditions,,
43d0a7f75c8afab6d32ab6fd1f2ff8db49cca59e36971e2b74404173f4cbfcf2,accuracy,ARFIMA_0.25_n2048,ARFIMA,none,0.25,2048.0,0.75,DMA::short_windows,clean,mae,,0.035750798917161035,0.03458902852895758,0.03689164714429407,joint_parent_percentile,0.0005966898583371278,0.0006012822593288854,2000,2000,0,common_complete_all_declared_methods_conditions,,
43d0a7f75c8afab6d32ab6fd1f2ff8db49cca59e36971e2b74404173f4cbfcf2,accuracy,ARFIMA_0.25_n2048,ARFIMA,none,0.25,2048.0,0.75,GHE,clean,mae,,0.044045278217936364,0.04265156420656787,0.045481508991226834,joint_parent_percentile,0.0007046168930024269,0.0007174641581925143,2000,2000,0,common_complete_all_declared_methods_conditions,,
43d0a7f75c8afab6d32ab6fd1f2ff8db49cca59e36971e2b74404173f4cbfcf2,accuracy,ARFIMA_0.25_n2048,ARFIMA,none,0.25,2048.0,0.75,GHE::centered,clean,mae,,0.05476433768973513,0.05317892908848113,0.05643443238026498,joint_parent_percentile,0.0008232403458520656,0.0008296619260867397,2000,2000,0,common_complete_all_declared_methods_conditions,,
43d0a7f75c8afab6d32ab6fd1f2ff8db49cca59e36971e2b74404173f4cbfcf2,accuracy,ARFIMA_0.25_n2048,ARFIMA,none,0.25,2048.0,0.75,GPH::narrow_band,clean,mae,,0.10463114854352037,0.10103050702062656,0.10821118600327667,joint_parent_percentile,0.001850114965419715,0.0018092964967095398,2000,2000,0,common_complete_all_declared_methods_conditions,,
43d0a7f75c8afab6d32ab6fd1f2ff8db49cca59e36971e2b74404173f4cbfcf2,accuracy,ARFIMA_0.25_n2048,ARFIMA,none,0.25,2048.0,0.75,GPH::wider_band,clean,mae,,0.06956206843104483,0.06723391272858754,0.07190696932977157,joint_parent_percentile,0.0011981590770927704,0.0011803163899049133,2000,2000,0,common_complete_all_declared_methods_conditions,,
43d0a7f75c8afab6d32ab6fd1f2ff8db49cca59e36971e2b74404173f4cbfcf2,accuracy,ARFIMA_0.25_n2048,ARFIMA,none,0.25,2048.0,0.75,Higuchi,clean,mae,,0.0297786064169441,0.028752514803856495,0.030733232174610815,joint_parent_percentile,0.0004920109131101938,0.0005041577860001985,2000,2000,0,common_complete_all_declared_methods_conditions,,
43d0a7f75c8afab6d32ab6fd1f2ff8db49cca59e36971e2b74404173f4cbfcf2,accuracy,ARFIMA_0.25_n2048,ARFIMA,none,0.25,2048.0,0.75,Higuchi::centered,clean,mae,,0.03433653809704265,0.03322065122420545,0.035402242560414694,joint_parent_percentile,0.0005410065505268338,0.0005617676858716407,2000,2000,0,common_complete_all_declared_methods_conditions,,
43d0a7f75c8afab6d32ab6fd1f2ff8db49cca59e36971e2b74404173f4cbfcf2,accuracy,ARFIMA_0.25_n2048,ARFIMA,none,0.25,2048.0,0.75,ModifiedLocalWhittle,clean,mae,,0.05576986955566524,0.053831500310238596,0.057714048560716415,joint_parent_percentile,0.0009533757750809974,0.0009589299862644797,2000,2000,0,common_complete_all_declared_methods_conditions,,
43d0a7f75c8afab6d32ab6fd1f2ff8db49cca59e36971e2b74404173f4cbfcf2,accuracy,ARFIMA_0.25_n2048,ARFIMA,none,0.25,2048.0,0.75,RS,clean,mae,,0.027899934470731656,0.026937820007797052,0.02881981708909476,joint_parent_percentile,0.0004778910037084661,0.0004906368552332677,2000,2000,0,common_complete_all_declared_methods_conditions,,
43d0a7f75c8afab6d32ab6fd1f2ff8db49cca59e36971e2b74404173f4cbfcf2,accuracy,ARFIMA_0.25_n2048,ARFIMA,none,0.25,2048.0,0.75,Variance,clean,mae,,0.06509099236912491,0.06287350170157907,0.06742562763784918,joint_parent_percentile,0.00112788028784277,0.0011414913941776932,2000,2000,0,common_complete_all_declared_methods_conditions,,
43d0a7f75c8afab6d32ab6fd1f2ff8db49cca59e36971e2b74404173f4cbfcf2,accuracy,ARFIMA_0.25_n2048,ARFIMA,none,0.25,2048.0,0.75,VarianceResidual,clean,mae,,0.03859035164050207,0.03737860991080396,0.039802168716310066,joint_parent_percentile,0.0006178869309650755,0.0006254887093151229,2000,2000,0,common_complete_all_declared_methods_conditions,,
43d0a7f75c8afab6d32ab6fd1f2ff8db49cca59e36971e2b74404173f4cbfcf2,accuracy,ARFIMA_0.25_n2048,ARFIMA,none,0.25,2048.0,0.75,WaveletOLS::broad_band,clean,mae,,0.04201555172756889,0.04063363321221787,0.04343967996963804,joint_parent_percentile,0.0007372363182598441,0.0007314762399613337,2000,2000,0,common_complete_all_declared_methods_conditions,,
43d0a7f75c8afab6d32ab6fd1f2ff8db49cca59e36971e2b74404173f4cbfcf2,accuracy,ARFIMA_0.25_n2048,ARFIMA,none,0.25,2048.0,0.75,WaveletOLS::conservative_band,clean,mae,,0.054309461628282714,0.05250793539831253,0.05622385456503849,joint_parent_percentile,0.0009557827531117588,0.0009442284661994315,2000,2000,0,common_complete_all_declared_methods_conditions,,
43d0a7f75c8afab6d32ab6fd1f2ff8db49cca59e36971e2b74404173f4cbfcf2,accuracy,ARFIMA_0.25_n2048,ARFIMA,none,0.25,2048.0,0.75,WaveletOLS::upper_band,clean,mae,,0.036634219779022294,0.0353639239989844,0.03782219299545887,joint_parent_percentile,0.0006369780404368347,0.0006306785542927336,2000,2000,0,common_complete_all_declared_methods_conditions,,
43d0a7f75c8afab6d32ab6fd1f2ff8db49cca59e36971e2b74404173f4cbfcf2,accuracy,ARFIMA_0.25_n2048,ARFIMA,none,0.25,2048.0,0.75,WhittleMLE,clean,mae,,0.05579502962936804,0.05385653160327606,0.05773796951710234,joint_parent_percentile,0.0009536287073264624,0.0009591231971186931,2000,2000,0,common_complete_all_declared_methods_conditions,,
43d0a7f75c8afab6d32ab6fd1f2ff8db49cca59e36971e2b74404173f4cbfcf2,accuracy,fGn_0.25_n512,fGn,none,0.25,512.0,0.25,AbsoluteMoment,clean,mae,,0.20501791144065443,0.1975491343149195,0.2129207577522082,joint_parent_percentile,0.004059573185474535,0.003987019808845297,2000,2000,0,common_complete_all_declared_methods_conditions,,
43d0a7f75c8afab6d32ab6fd1f2ff8db49cca59e36971e2b74404173f4cbfcf2,accuracy,fGn_0.25_n512,fGn,none,0.25,512.0,0.25,DFA::balanced_scales,clean,mae,,0.032849763459980155,0.031747038018538044,0.03395057108436602,joint_parent_percentile,0.00056740816470122,0.0005654984361282313,2000,2000,0,common_complete_all_declared_methods_conditions,,
43d0a7f75c8afab6d32ab6fd1f2ff8db49cca59e36971e2b74404173f4cbfcf2,accuracy,fGn_0.25_n512,fGn,none,0.25,512.0,0.25,DFA::long_scales,clean,mae,,0.03810418331400372,0.03681235627701858,0.03942047963164058,joint_parent_percentile,0.0006572490955996465,0.0006763680322652092,2000,2000,0,common_complete_all_declared_methods_conditions,,
43d0a7f75c8afab6d32ab6fd1f2ff8db49cca59e36971e2b74404173f4cbfcf2,accuracy,fGn_0.25_n512,fGn,none,0.25,512.0,0.25,DFA::short_scales,clean,mae,,0.030432147317997003,0.029426443967087268,0.031452468512392945,joint_parent_percentile,0.0005343405687724202,0.0005251304961760662,2000,2000,0,common_complete_all_declared_methods_conditions,,
43d0a7f75c8afab6d32ab6fd1f2ff8db49cca59e36971e2b74404173f4cbfcf2,accuracy,fGn_0.25_n512,fGn,none,0.25,512.0,0.25,DMA::balanced_windows,clean,mae,,0.06019683255041481,0.05829909008932453,0.06215403568397455,joint_parent_percentile,0.00098573346323654,0.0009898336503037575,2000,2000,0,common_complete_all_declared_methods_conditions,,
43d0a7f75c8afab6d32ab6fd1f2ff8db49cca59e36971e2b74404173f4cbfcf2,accuracy,fGn_0.25_n512,fGn,none,0.25,512.0,0.25,DMA::long_windows,clean,mae,,0.07480542421888053,0.072557008841567,0.07714885046313735,joint_parent_percentile,0.0011890727948966429,0.00117652939610775,2000,2000,0,common_complete_all_declared_methods_conditions,,
43d0a7f75c8afab6d32ab6fd1f2ff8db49cca59e36971e2b74404173f4cbfcf2,accuracy,fGn_0.25_n512,fGn,none,0.25,512.0,0.25,DMA::short_windows,clean,mae,,0.049018978115099726,0.04739098794400955,0.050655463798322135,joint_parent_percentile,0.0008257567221617382,0.0008430342255798802,2000,2000,0,common_complete_all_declared_methods_conditions,,
43d0a7f75c8afab6d32ab6fd1f2ff8db49cca59e36971e2b74404173f4cbfcf2,accuracy,fGn_0.25_n512,fGn,none,0.25,512.0,0.25,GHE,clean,mae,,0.031158589155003,0.030081448864203428,0.032204955994137426,joint_parent_percentile,0.000519019347629551,0.0005302353260392252,2000,2000,0,common_complete_all_declared_methods_conditions,,
43d0a7f75c8afab6d32ab6fd1f2ff8db49cca59e36971e2b74404173f4cbfcf2,accuracy,fGn_0.25_n512,fGn,none,0.25,512.0,0.25,GHE::centered,clean,mae,,0.03150103471963272,0.030420585771616108,0.03256467471095882,joint_parent_percentile,0.0005312054841020713,0.0005383374156213286,2000,2000,0,common_complete_all_declared_methods_conditions,,
43d0a7f75c8afab6d32ab6fd1f2ff8db49cca59e36971e2b74404173f4cbfcf2,accuracy,fGn_0.25_n512,fGn,none,0.25,512.0,0.25,GPH::narrow_band,clean,mae,,0.1075730948040807,0.10381148446144373,0.1113048292709609,joint_parent_percentile,0.0018624460461919257,0.0019014943883282496,2000,2000,0,common_complete_all_declared_methods_conditions,,
43d0a7f75c8afab6d32ab6fd1f2ff8db49cca59e36971e2b74404173f4cbfcf2,accuracy,fGn_0.25_n512,fGn,none,0.25,512.0,0.25,GPH::wider_band,clean,mae,,0.0730982907796386,0.07081769384943251,0.07559918452019239,joint_parent_percentile,0.0012583908779704358,0.0012365809093609725,2000,2000,0,common_complete_all_declared_methods_conditions,,
43d0a7f75c8afab6d32ab6fd1f2ff8db49cca59e36971e2b74404173f4cbfcf2,accuracy,fGn_0.25_n512,fGn,none,0.25,512.0,0.25,Higuchi,clean,mae,,0.031248902256550828,0.030195915986834142,0.032316127160816464,joint_parent_percentile,0.0005289908131615877,0.000531632743280468,2000,2000,0,common_complete_all_declared_methods_conditions,,
43d0a7f75c8afab6d32ab6fd1f2ff8db49cca59e36971e2b74404173f4cbfcf2,accuracy,fGn_0.25_n512,fGn,none,0.25,512.0,0.25,Higuchi::centered,clean,mae,,0.03156463038610187,0.030522088241313777,0.03263823668485341,joint_parent_percentile,0.0005336830723656411,0.0005369313575066845,2000,2000,0,common_complete_all_declared_methods_conditions,,
43d0a7f75c8afab6d32ab6fd1f2ff8db49cca59e36971e2b74404173f4cbfcf2,accuracy,fGn_0.25_n512,fGn,none,0.25,512.0,0.25,ModifiedLocalWhittle,clean,mae,,0.0604181832379644,0.05838475657230497,0.06254263514170993,joint_parent_percentile,0.0010641206151972156,0.0010714172344362808,2000,2000,0,common_complete_all_declared_methods_conditions,,
43d0a7f75c8afab6d32ab6fd1f2ff8db49cca59e36971e2b74404173f4cbfcf2,accuracy,fGn_0.25_n512,fGn,none,0.25,512.0,0.25,RS,clean,mae,,0.12983091596193388,0.12831188319898804,0.1313371752540533,joint_parent_percentile,0.0007794402122342467,0.0007777545455631146,2000,2000,0,common_complete_all_declared_methods_conditions,,
43d0a7f75c8afab6d32ab6fd1f2ff8db49cca59e36971e2b74404173f4cbfcf2,accuracy,fGn_0.25_n512,fGn,none,0.25,512.0,0.25,Variance,clean,mae,,0.19149625490913355,0.1844578989808831,0.19899384369646259,joint_parent_percentile,0.003829626567743726,0.003759301001132425,2000,2000,0,common_complete_all_declared_methods_conditions,,
43d0a7f75c8afab6d32ab6fd1f2ff8db49cca59e36971e2b74404173f4cbfcf2,accuracy,fGn_0.25_n512,fGn,none,0.25,512.0,0.25,VarianceResidual,clean,mae,,0.0318165691564476,0.030768970615184563,0.032916938072039,joint_parent_percentile,0.0005334601681164165,0.0005438950502111718,2000,2000,0,common_complete_all_declared_methods_conditions,,
43d0a7f75c8afab6d32ab6fd1f2ff8db49cca59e36971e2b74404173f4cbfcf2,accuracy,fGn_0.25_n512,fGn,none,0.25,512.0,0.25,WaveletOLS::broad_band,clean,mae,,0.1207829075587714,0.1166649358898322,0.1248519785464563,joint_parent_percentile,0.0020429372787899454,0.0020428311877668795,2000,2000,0,common_complete_all_declared_methods_conditions,,
43d0a7f75c8afab6d32ab6fd1f2ff8db49cca59e36971e2b74404173f4cbfcf2,accuracy,fGn_0.25_n512,fGn,none,0.25,512.0,0.25,WaveletOLS::conservative_band,clean,mae,,0.1390079859522418,0.13426709212204938,0.14381101362175253,joint_parent_percentile,0.0023172084269435867,0.002408191221867415,2000,2000,0,common_complete_all_declared_methods_conditions,,
43d0a7f75c8afab6d32ab6fd1f2ff8db49cca59e36971e2b74404173f4cbfcf2,accuracy,fGn_0.25_n512,fGn,none,0.25,512.0,0.25,WaveletOLS::upper_band,clean,mae,,0.09127314765568124,0.08817763189032046,0.0942996898295668,joint_parent_percentile,0.0015693375194025193,0.00156604136199151,2000,2000,0,common_complete_all_declared_methods_conditions,,
43d0a7f75c8afab6d32ab6fd1f2ff8db49cca59e36971e2b74404173f4cbfcf2,accuracy,fGn_0.25_n512,fGn,none,0.25,512.0,0.25,WhittleMLE,clean,mae,,0.06135575643246754,0.05929848933696119,0.06348848215279353,joint_parent_percentile,0.0010790254548049467,0.0010871978367960845,2000,2000,0,common_complete_all_declared_methods_conditions,,
43d0a7f75c8afab6d32ab6fd1f2ff8db49cca59e36971e2b74404173f4cbfcf2,accuracy,fGn_0.25_n1024,fGn,none,0.25,1024.0,0.25,AbsoluteMoment,clean,mae,,0.08395398967498362,0.08111770239482693,0.086956414371463,joint_parent_percentile,0.0014507218069588297,0.0014483662271012707,2000,2000,0,common_complete_all_declared_methods_conditions,,
43d0a7f75c8afab6d32ab6fd1f2ff8db49cca59e36971e2b74404173f4cbfcf2,accuracy,fGn_0.25_n1024,fGn,none,0.25,1024.0,0.25,DFA::balanced_scales,clean,mae,,0.02432639582937288,0.02357010077917581,0.02513240558734807,joint_parent_percentile,0.0004094302991594397,0.0004089459586804454,2000,2000,0,common_complete_all_declared_methods_conditions,,
43d0a7f75c8afab6d32ab6fd1f2ff8db49cca59e36971e2b74404173f4cbfcf2,accuracy,fGn_0.25_n1024,fGn,none,0.25,1024.0,0.25,DFA::long_scales,clean,mae,,0.02710825378386594,0.026207260199567477,0.02799281488012699,joint_parent_percentile,0.00046836693422396046,0.0004578588841960194,2000,2000,0,common_complete_all_declared_methods_conditions,,
43d0a7f75c8afab6d32ab6fd1f2ff8db49cca59e36971e2b74404173f4cbfcf2,accuracy,fGn_0.25_n1024,fGn,none,0.25,1024.0,0.25,DFA::short_scales,clean,mae,,0.02528889609363606,0.024547273897745168,0.02609389504223372,joint_parent_percentile,0.00040068916128651173,0.0003958141616673284,2000,2000,0,common_complete_all_declared_methods_conditions,,
43d0a7f75c8afab6d32ab6fd1f2ff8db49cca59e36971e2b74404173f4cbfcf2,accuracy,fGn_0.25_n1024,fGn,none,0.25,1024.0,0.25,DMA::balanced_windows,clean,mae,,0.04203119646043701,0.04078894814800263,0.04334892152182553,joint_parent_percentile,0.0006902892704777798,0.0006656754040050806,2000,2000,0,common_complete_all_declared_methods_conditions,,
43d0a7f75c8afab6d32ab6fd1f2ff8db49cca59e36971e2b74404173f4cbfcf2,accuracy,fGn_0.25_n1024,fGn,none,0.25,1024.0,0.25,DMA::long_windows,clean,mae,,0.04982137269985414,0.04837368475957348,0.051282933901553265,joint_parent_percentile,0.0008098169977748926,0.0007686726932516965,2000,2000,0,common_complete_all_declared_methods_conditions,,
43d0a7f75c8afab6d32ab6fd1f2ff8db49cca59e36971e2b74404173f4cbfcf2,accuracy,fGn_0.25_n1024,fGn,none,0.25,1024.0,0.25,DMA::short_windows,clean,mae,,0.03766268110756878,0.03635392873004624,0.038909075989874274,joint_parent_percentile,0.0006376027304804167,0.0006393141214520845,2000,2000,0,common_complete_all_declared_methods_conditions,,
43d0a7f75c8afab6d32ab6fd1f2ff8db49cca59e36971e2b74404173f4cbfcf2,accuracy,fGn_0.25_n1024,fGn,none,0.25,1024.0,0.25,GHE,clean,mae,,0.02511289650112777,0.02430527423183794,0.02592238698209148,joint_parent_percentile,0.00041878584451426795,0.00041209119584081054,2000,2000,0,common_complete_all_declared_methods_conditions,,
43d0a7f75c8afab6d32ab6fd1f2ff8db49cca59e36971e2b74404173f4cbfcf2,accuracy,fGn_0.25_n1024,fGn,none,0.25,1024.0,0.25,GHE::centered,clean,mae,,0.025733262253110678,0.024940068268355493,0.02655834208743818,joint_parent_percentile,0.00042565155923917416,0.0004210079345451052,2000,2000,0,common_complete_all_declared_methods_conditions,,
43d0a7f75c8afab6d32ab6fd1f2ff8db49cca59e36971e2b74404173f4cbfcf2,accuracy,fGn_0.25_n1024,fGn,none,0.25,1024.0,0.25,GPH::narrow_band,clean,mae,,0.10951784483308384,0.10566473539904095,0.11324558135955465,joint_parent_percentile,0.0019290065804858677,0.0019126613392507364,2000,2000,0,common_complete_all_declared_methods_conditions,,
43d0a7f75c8afab6d32ab6fd1f2ff8db49cca59e36971e2b74404173f4cbfcf2,accuracy,fGn_0.25_n1024,fGn,none,0.25,1024.0,0.25,GPH::wider_band,clean,mae,,0.07329473556801214,0.07089748141943772,0.07573649417876518,joint_parent_percentile,0.0012367132942650582,0.0012609667371799986,2000,2000,0,common_complete_all_declared_methods_conditions,,
43d0a7f75c8afab6d32ab6fd1f2ff8db49cca59e36971e2b74404173f4cbfcf2,accuracy,fGn_0.25_n1024,fGn,none,0.25,1024.0,0.25,Higuchi,clean,mae,,0.022030094900365615,0.021316733490406706,0.022744174580497968,joint_parent_percentile,0.00036882998343243216,0.00036757971029880213,2000,2000,0,common_complete_all_declared_methods_conditions,,
43d0a7f75c8afab6d32ab6fd1f2ff8db49cca59e36971e2b74404173f4cbfcf2,accuracy,fGn_0.25_n1024,fGn,none,0.25,1024.0,0.25,Higuchi::centered,clean,mae,,0.022099338640968125,0.02137032471217997,0.02282087203389785,joint_parent_percentile,0.0003715570688856324,0.00036993371853320914,2000,2000,0,common_complete_all_declared_methods_conditions,,
43d0a7f75c8afab6d32ab6fd1f2ff8db49cca59e36971e2b74404173f4cbfcf2,accuracy,fGn_0.25_n1024,fGn,none,0.25,1024.0,0.25,ModifiedLocalWhittle,clean,mae,,0.05880433885249891,0.056871110929100445,0.06077477132541425,joint_parent_percentile,0.0010031239382029848,0.0010042132109820176,2000,2000,0,common_complete_all_declared_methods_conditions,,
43d0a7f75c8afab6d32ab6fd1f2ff8db49cca59e36971e2b74404173f4cbfcf2,accuracy,fGn_0.25_n1024,fGn,none,0.25,1024.0,0.25,RS,clean,mae,,0.11577435064250233,0.11471087726239018,0.11690711195890689,joint_parent_percentile,0.0005624965780881699,0.0005604062337788964,2000,2000,0,common_complete_all_declared_methods_conditions,,
43d0a7f75c8afab6d32ab6fd1f2ff8db49cca59e36971e2b74404173f4cbfcf2,accuracy,fGn_0.25_n1024,fGn,none,0.25,1024.0,0.25,Variance,clean,mae,,0.07948542992632608,0.07682297556685802,0.0821733080689551,joint_parent_percentile,0.0013678203223761326,0.0013562245487859165,2000,2000,0,common_complete_all_declared_methods_conditions,,
43d0a7f75c8afab6d32ab6fd1f2ff8db49cca59e36971e2b74404173f4cbfcf2,accuracy,fGn_0.25_n1024,fGn,none,0.25,1024.0,0.25,VarianceResidual,clean,mae,,0.02091741542000871,0.020203664931675174,0.021620817151339324,joint_parent_percentile,0.00035635236752398146,0.0003590375253655715,2000,2000,0,common_complete_all_declared_methods_conditions,,
43d0a7f75c8afab6d32ab6fd1f2ff8db49cca59e36971e2b74404173f4cbfcf2,accuracy,fGn_0.25_n1024,fGn,none,0.25,1024.0,0.25,WaveletOLS::broad_band,clean,mae,,0.12852320980074153,0.12462562813997592,0.13233874466237,joint_parent_percentile,0.001982369098291101,0.0019619539467656487,2000,2000,0,common_complete_all_declared_methods_conditions,,
43d0a7f75c8afab6d32ab6fd1f2ff8db49cca59e36971e2b74404173f4cbfcf2,accuracy,fGn_0.25_n1024,fGn,none,0.25,1024.0,0.25,WaveletOLS::conservative_band,clean,mae,,0.09914558828000768,0.09564948876126199,0.10284293956937657,joint_parent_percentile,0.0018231117961711384,0.0018045425542802594,2000,2000,0,common_complete_all_declared_methods_conditions,,
43d0a7f75c8afab6d32ab6fd1f2ff8db49cca59e36971e2b74404173f4cbfcf2,accuracy,fGn_0.25_n1024,fGn,none,0.25,1024.0,0.25,WaveletOLS::upper_band,clean,mae,,0.07672286658273154,0.07403160144912647,0.07935317304299198,joint_parent_percentile,0.0013626924343733192,0.001380876852265952,2000,2000,0,common_complete_all_declared_methods_conditions,,
43d0a7f75c8afab6d32ab6fd1f2ff8db49cca59e36971e2b74404173f4cbfcf2,accuracy,fGn_0.25_n1024,fGn,none,0.25,1024.0,0.25,WhittleMLE,clean,mae,,0.05895768450189277,0.05701758350427057,0.06093368336249638,joint_parent_percentile,0.0010058579165542509,0.0010070510956912307,2000,2000,0,common_complete_all_declared_methods_conditions,,
43d0a7f75c8afab6d32ab6fd1f2ff8db49cca59e36971e2b74404173f4cbfcf2,accuracy,fGn_0.25_n2048,fGn,none,0.25,2048.0,0.25,AbsoluteMoment,clean,mae,,0.052658273108414894,0.05087631290887519,0.05443525095320233,joint_parent_percentile,0.000897757900255859,0.0008947974841294061,2000,2000,0,common_complete_all_declared_methods_conditions,,
43d0a7f75c8afab6d32ab6fd1f2ff8db49cca59e36971e2b74404173f4cbfcf2,accuracy,fGn_0.25_n2048,fGn,none,0.25,2048.0,0.25,DFA::balanced_scales,clean,mae,,0.01821030741030215,0.01760013819707966,0.018826769779788016,joint_parent_percentile,0.00030762483480297625,0.0003056996188943823,2000,2000,0,common_complete_all_declared_methods_conditions,,
43d0a7f75c8afab6d32ab6fd1f2ff8db49cca59e36971e2b74404173f4cbfcf2,accuracy,fGn_0.25_n2048,fGn,none,0.25,2048.0,0.25,DFA::long_scales,clean,mae,,0.019303432567417043,0.01867568390730578,0.01990772167691528,joint_parent_percentile,0.00032528560882378915,0.00032114928364083674,2000,2000,0,common_complete_all_declared_methods_conditions,,
43d0a7f75c8afab6d32ab6fd1f2ff8db49cca59e36971e2b74404173f4cbfcf2,accuracy,fGn_0.25_n2048,fGn,none,0.25,2048.0,0.25,DFA::short_scales,clean,mae,,0.022578678424988553,0.021924708231936624,0.02319866771920375,joint_parent_percentile,0.000332216751460899,0.00032920096453566155,2000,2000,0,common_complete_all_declared_methods_conditions,,
43d0a7f75c8afab6d32ab6fd1f2ff8db49cca59e36971e2b74404173f4cbfcf2,accuracy,fGn_0.25_n2048,fGn,none,0.25,2048.0,0.25,DMA::balanced_windows,clean,mae,,0.031143455462554766,0.03018590425886569,0.03214354939202258,joint_parent_percentile,0.0005246132398105763,0.0005158969772149322,2000,2000,0,common_complete_all_declared_methods_conditions,,
43d0a7f75c8afab6d32ab6fd1f2ff8db49cca59e36971e2b74404173f4cbfcf2,accuracy,fGn_0.25_n2048,fGn,none,0.25,2048.0,0.25,DMA::long_windows,clean,mae,,0.03535678041102435,0.034242391751045216,0.03653102891590698,joint_parent_percentile,0.0005921872751395691,0.0005738250561464309,2000,2000,0,common_complete_all_declared_methods_conditions,,
43d0a7f75c8afab6d32ab6fd1f2ff8db49cca59e36971e2b74404173f4cbfcf2,accuracy,fGn_0.25_n2048,fGn,none,0.25,2048.0,0.25,DMA::short_windows,clean,mae,,0.03161264815404301,0.03061295944274009,0.03258726671531267,joint_parent_percentile,0.0005098301390016144,0.0005062149349567477,2000,2000,0,common_complete_all_declared_methods_conditions,,
43d0a7f75c8afab6d32ab6fd1f2ff8db49cca59e36971e2b74404173f4cbfcf2,accuracy,fGn_0.25_n2048,fGn,none,0.25,2048.0,0.25,GHE,clean,mae,,0.020806921848990176,0.020166793647190474,0.021469406990055732,joint_parent_percentile,0.0003507058651465232,0.00033719799098327435,2000,2000,0,common_complete_all_declared_methods_conditions,,
43d0a7f75c8afab6d32ab6fd1f2ff8db49cca59e36971e2b74404173f4cbfcf2,accuracy,fGn_0.25_n2048,fGn,none,0.25,2048.0,0.25,GHE::centered,clean,mae,,0.02130042761883002,0.020623922836185117,0.02198166045600058,joint_parent_percentile,0.00035282485296563504,0.00034547873840056294,2000,2000,0,common_complete_all_declared_methods_conditions,,
43d0a7f75c8afab6d32ab6fd1f2ff8db49cca59e36971e2b74404173f4cbfcf2,accuracy,fGn_0.25_n2048,fGn,none,0.25,2048.0,0.25,GPH::narrow_band,clean,mae,,0.10873733712263127,0.10521809484364558,0.11256257352116632,joint_parent_percentile,0.0018747939018278765,0.0018769882761934607,2000,2000,0,common_complete_all_declared_methods_conditions,,
43d0a7f75c8afab6d32ab6fd1f2ff8db49cca59e36971e2b74404173f4cbfcf2,accuracy,fGn_0.25_n2048,fGn,none,0.25,2048.0,0.25,GPH::wider_band,clean,mae,,0.07122752136874205,0.06897373461091666,0.0737103771772823,joint_parent_percentile,0.001215754200991693,0.001198306680889023,2000,2000,0,common_complete_all_declared_methods_conditions,,
43d0a7f75c8afab6d32ab6fd1f2ff8db49cca59e36971e2b74404173f4cbfcf2,accuracy,fGn_0.25_n2048,fGn,none,0.25,2048.0,0.25,Higuchi,clean,mae,,0.01610951136486742,0.015606585359188485,0.016642298268913173,joint_parent_percentile,0.0002638592791349037,0.0002583490737659672,2000,2000,0,common_complete_all_declared_methods_conditions,,
43d0a7f75c8afab6d32ab6fd1f2ff8db49cca59e36971e2b74404173f4cbfcf2,accuracy,fGn_0.25_n2048,fGn,none,0.25,2048.0,0.25,Higuchi::centered,clean,mae,,0.016116515059175544,0.015618882855685525,0.016644188855264773,joint_parent_percentile,0.00026444081397793763,0.0002587082380242488,2000,2000,0,common_complete_all_declared_methods_conditions,,
43d0a7f75c8afab6d32ab6fd1f2ff8db49cca59e36971e2b74404173f4cbfcf2,accuracy,fGn_0.25_n2048,fGn,none,0.25,2048.0,0.25,ModifiedLocalWhittle,clean,mae,,0.05724975373182729,0.055463555219322606,0.05910935492782771,joint_parent_percentile,0.0009512766827051724,0.0009467994619515362,2000,2000,0,common_complete_all_declared_methods_conditions,,
43d0a7f75c8afab6d32ab6fd1f2ff8db49cca59e36971e2b74404173f4cbfcf2,accuracy,fGn_0.25_n2048,fGn,none,0.25,2048.0,0.25,RS,clean,mae,,0.10321880362076206,0.10236977470231665,0.10407583441868588,joint_parent_percentile,0.00043608739725016114,0.0004414091231150063,2000,2000,0,common_complete_all_declared_methods_conditions,,
43d0a7f75c8afab6d32ab6fd1f2ff8db49cca59e36971e2b74404173f4cbfcf2,accuracy,fGn_0.25_n2048,fGn,none,0.25,2048.0,0.25,Variance,clean,mae,,0.05044866068776141,0.048807937415336435,0.05207522109684813,joint_parent_percentile,0.0008537449145890571,0.0008399261702642106,2000,2000,0,common_complete_all_declared_methods_conditions,,
43d0a7f75c8afab6d32ab6fd1f2ff8db49cca59e36971e2b74404173f4cbfcf2,accuracy,fGn_0.25_n2048,fGn,none,0.25,2048.0,0.25,VarianceResidual,clean,mae,,0.015124119769851419,0.014669095804799472,0.01561259856381696,joint_parent_percentile,0.0002490215756018168,0.00024502159971225614,2000,2000,0,common_complete_all_declared_methods_conditions,,
43d0a7f75c8afab6d32ab6fd1f2ff8db49cca59e36971e2b74404173f4cbfcf2,accuracy,fGn_0.25_n2048,fGn,none,0.25,2048.0,0.25,WaveletOLS::broad_band,clean,mae,,0.15007028128305347,0.14594527544097144,0.15464021434363823,joint_parent_percentile,0.0021862465187707063,0.0022377534850333836,2000,2000,0,common_complete_all_declared_methods_conditions,,
43d0a7f75c8afab6d32ab6fd1f2ff8db49cca59e36971e2b74404173f4cbfcf2,accuracy,fGn_0.25_n2048,fGn,none,0.25,2048.0,0.25,WaveletOLS::conservative_band,clean,mae,,0.13294139196076526,0.12804583884237375,0.13792539708992121,joint_parent_percentile,0.0025160016351069214,0.002511506392027953,2000,2000,0,common_complete_all_declared_methods_conditions,,
43d0a7f75c8afab6d32ab6fd1f2ff8db49cca59e36971e2b74404173f4cbfcf2,accuracy,fGn_0.25_n2048,fGn,none,0.25,2048.0,0.25,WaveletOLS::upper_band,clean,mae,,0.08372346167247763,0.08092316186063486,0.08675738105336049,joint_parent_percentile,0.001488248444706366,0.001508102868619514,2000,2000,0,common_complete_all_declared_methods_conditions,,
43d0a7f75c8afab6d32ab6fd1f2ff8db49cca59e36971e2b74404173f4cbfcf2,accuracy,fGn_0.25_n2048,fGn,none,0.25,2048.0,0.25,WhittleMLE,clean,mae,,0.05727954831246066,0.05549063114767789,0.05914131189504745,joint_parent_percentile,0.0009518602375094905,0.0009473683820871691,2000,2000,0,common_complete_all_declared_methods_conditions,,
43d0a7f75c8afab6d32ab6fd1f2ff8db49cca59e36971e2b74404173f4cbfcf2,accuracy,fGn_0.5_n512,fGn,none,0.5,512.0,0.5,AbsoluteMoment,clean,mae,,0.22789424744103956,0.2193936864627778,0.2362692813466826,joint_parent_percentile,0.004329917364162472,0.004330505969200882,2000,2000,0,common_complete_all_declared_methods_conditions,,
43d0a7f75c8afab6d32ab6fd1f2ff8db49cca59e36971e2b74404173f4cbfcf2,accuracy,fGn_0.5_n512,fGn,none,0.5,512.0,0.5,DFA::balanced_scales,clean,mae,,0.05333524200511261,0.05161783663852131,0.05501636448587723,joint_parent_percentile,0.0008943862066670311,0.0008812139972950771,2000,2000,0,common_complete_all_declared_methods_conditions,,
43d0a7f75c8afab6d32ab6fd1f2ff8db49cca59e36971e2b74404173f4cbfcf2,accuracy,fGn_0.5_n512,fGn,none,0.5,512.0,0.5,DFA::long_scales,clean,mae,,0.06405190499729044,0.06213046503876878,0.06607239752745517,joint_parent_percentile,0.001047051827395917,0.0010297517896414926,2000,2000,0,common_complete_all_declared_methods_conditions,,
43d0a7f75c8afab6d32ab6fd1f2ff8db49cca59e36971e2b74404173f4cbfcf2,accuracy,fGn_0.5_n512,fGn,none,0.5,512.0,0.5,DFA::short_scales,clean,mae,,0.0435653309052556,0.04209674694433354,0.04503663155203102,joint_parent_percentile,0.0007444506205577344,0.0007535922732431064,2000,2000,0,common_complete_all_declared_methods_conditions,,
43d0a7f75c8afab6d32ab6fd1f2ff8db49cca59e36971e2b74404173f4cbfcf2,accuracy,fGn_0.5_n512,fGn,none,0.5,512.0,0.5,DMA::balanced_windows,clean,mae,,0.09368651794171803,0.09052636011014398,0.09672474573981224,joint_parent_percentile,0.0015483334223182542,0.0015836293705478366,2000,2000,0,common_complete_all_declared_methods_conditions,,
43d0a7f75c8afab6d32ab6fd1f2ff8db49cca59e36971e2b74404173f4cbfcf2,accuracy,fGn_0.5_n512,fGn,none,0.5,512.0,0.5,DMA::long_windows,clean,mae,,0.1249649731153187,0.12105740165050105,0.12894185571938083,joint_parent_percentile,0.0020134089851916595,0.002024073363284584,2000,2000,0,common_complete_all_declared_methods_conditions,,
43d0a7f75c8afab6d32ab6fd1f2ff8db49cca59e36971e2b74404173f4cbfcf2,accuracy,fGn_0.5_n512,fGn,none,0.5,512.0,0.5,DMA::short_windows,clean,mae,,0.06802219892037822,0.06577007821097176,0.07023410316465262,joint_parent_percentile,0.0011243393427595554,0.0011270784678974889,2000,2000,0,common_complete_all_declared_methods_conditions,,
43d0a7f75c8afab6d32ab6fd1f2ff8db49cca59e36971e2b74404173f4cbfcf2,accuracy,fGn_0.5_n512,fGn,none,0.5,512.0,0.5,GHE,clean,mae,,0.0436881873953084,0.042235204936670774,0.04516223852544152,joint_parent_percentile,0.0007442210928987759,0.0007410546762827322,2000,2000,0,common_complete_all_declared_methods_conditions,,
43d0a7f75c8afab6d32ab6fd1f2ff8db49cca59e36971e2b74404173f4cbfcf2,accuracy,fGn_0.5_n512,fGn,none,0.5,512.0,0.5,GHE::centered,clean,mae,,0.04691888915490838,0.04535734599489045,0.048494442821023914,joint_parent_percentile,0.0007865755822061104,0.0007869100631077954,2000,2000,0,common_complete_all_declared_methods_conditions,,
43d0a7f75c8afab6d32ab6fd1f2ff8db49cca59e36971e2b74404173f4cbfcf2,accuracy,fGn_0.5_n512,fGn,none,0.5,512.0,0.5,GPH::narrow_band,clean,mae,,0.10716682991105361,0.10341602750965702,0.1109674234767194,joint_parent_percentile,0.001901002009736919,0.0019094106539923783,2000,2000,0,common_complete_all_declared_methods_conditions,,
43d0a7f75c8afab6d32ab6fd1f2ff8db49cca59e36971e2b74404173f4cbfcf2,accuracy,fGn_0.5_n512,fGn,none,0.5,512.0,0.5,GPH::wider_band,clean,mae,,0.07278206981986446,0.07030023226945034,0.07533756935117156,joint_parent_percentile,0.0012637779786964498,0.0012658087222715457,2000,2000,0,common_complete_all_declared_methods_conditions,,
43d0a7f75c8afab6d32ab6fd1f2ff8db49cca59e36971e2b74404173f4cbfcf2,accuracy,fGn_0.5_n512,fGn,none,0.5,512.0,0.5,Higuchi,clean,mae,,0.04239880998826777,0.040968424933684376,0.04385885564884487,joint_parent_percentile,0.0007105304125166473,0.0007258715685267879,2000,2000,0,common_complete_all_declared_methods_conditions,,
43d0a7f75c8afab6d32ab6fd1f2ff8db49cca59e36971e2b74404173f4cbfcf2,accuracy,fGn_0.5_n512,fGn,none,0.5,512.0,0.5,Higuchi::centered,clean,mae,,0.044063884866294825,0.042582574715519704,0.0455484038985315,joint_parent_percentile,0.0007415733007444607,0.0007552011351276141,2000,2000,0,common_complete_all_declared_methods_conditions,,
43d0a7f75c8afab6d32ab6fd1f2ff8db49cca59e36971e2b74404173f4cbfcf2,accuracy,fGn_0.5_n512,fGn,none,0.5,512.0,0.5,ModifiedLocalWhittle,clean,mae,,0.057989408750380354,0.055993314816885714,0.06011804294411977,joint_parent_percentile,0.0010250605758020158,0.0010541305504378322,2000,2000,0,common_complete_all_declared_methods_conditions,,
43d0a7f75c8afab6d32ab6fd1f2ff8db49cca59e36971e2b74404173f4cbfcf2,accuracy,fGn_0.5_n512,fGn,none,0.5,512.0,0.5,RS,clean,mae,,0.07059801807744513,0.06875250990285726,0.07241284352919032,joint_parent_percentile,0.0009466548758832053,0.0009415683775389681,2000,2000,0,common_complete_all_declared_methods_conditions,,
43d0a7f75c8afab6d32ab6fd1f2ff8db49cca59e36971e2b74404173f4cbfcf2,accuracy,fGn_0.5_n512,fGn,none,0.5,512.0,0.5,Variance,clean,mae,,0.21055782318255928,0.2025160516516436,0.21829224167392744,joint_parent_percentile,0.004096419101142839,0.004085072030204625,2000,2000,0,common_complete_all_declared_methods_conditions,,
43d0a7f75c8afab6d32ab6fd1f2ff8db49cca59e36971e2b74404173f4cbfcf2,accuracy,fGn_0.5_n512,fGn,none,0.5,512.0,0.5,VarianceResidual,clean,mae,,0.05410356499418199,0.05248876635508062,0.0557949958172555,joint_parent_percentile,0.0008831546817321815,0.0008586474527790184,2000,2000,0,common_complete_all_declared_methods_conditions,,
43d0a7f75c8afab6d32ab6fd1f2ff8db49cca59e36971e2b74404173f4cbfcf2,accuracy,fGn_0.5_n512,fGn,none,0.5,512.0,0.5,WaveletOLS::broad_band,clean,mae,,0.07647610432554852,0.07395682675560526,0.07917919113050408,joint_parent_percentile,0.0013140205662855707,0.0013463376332462779,2000,2000,0,common_complete_all_declared_methods_conditions,,
43d0a7f75c8afab6d32ab6fd1f2ff8db49cca59e36971e2b74404173f4cbfcf2,accuracy,fGn_0.5_n512,fGn,none,0.5,512.0,0.5,WaveletOLS::conservative_band,clean,mae,,0.12944611229876976,0.1253091723766236,0.1338111950629546,joint_parent_percentile,0.0021989100468563427,0.002211390145639203,2000,2000,0,common_complete_all_declared_methods_conditions,,
43d0a7f75c8afab6d32ab6fd1f2ff8db49cca59e36971e2b74404173f4cbfcf2,accuracy,fGn_0.5_n512,fGn,none,0.5,512.0,0.5,WaveletOLS::upper_band,clean,mae,,0.07508610197387944,0.07244855216657119,0.0778324965900411,joint_parent_percentile,0.0012997334857502763,0.001345438414450205,2000,2000,0,common_complete_all_declared_methods_conditions,,
43d0a7f75c8afab6d32ab6fd1f2ff8db49cca59e36971e2b74404173f4cbfcf2,accuracy,fGn_0.5_n512,fGn,none,0.5,512.0,0.5,WhittleMLE,clean,mae,,0.05840250545109285,0.05638860816623531,0.060542079025220526,joint_parent_percentile,0.0010326573159906663,0.0010619955174236211,2000,2000,0,common_complete_all_declared_methods_conditions,,
43d0a7f75c8afab6d32ab6fd1f2ff8db49cca59e36971e2b74404173f4cbfcf2,accuracy,fGn_0.5_n1024,fGn,none,0.5,1024.0,0.5,AbsoluteMoment,clean,mae,,0.09001605730103578,0.08690414436483675,0.09318709653404286,joint_parent_percentile,0.001632493229645345,0.0016096458844253442,2000,2000,0,common_complete_all_declared_methods_conditions,,
43d0a7f75c8afab6d32ab6fd1f2ff8db49cca59e36971e2b74404173f4cbfcf2,accuracy,fGn_0.5_n1024,fGn,none,0.5,1024.0,0.5,DFA::balanced_scales,clean,mae,,0.037715405658241774,0.03645491312039052,0.0390225891412572,joint_parent_percentile,0.0006337347417384062,0.0006438337849598389,2000,2000,0,common_complete_all_declared_methods_conditions,,
43d0a7f75c8afab6d32ab6fd1f2ff8db49cca59e36971e2b74404173f4cbfcf2,accuracy,fGn_0.5_n1024,fGn,none,0.5,1024.0,0.5,DFA::long_scales,clean,mae,,0.04437072138257109,0.04282588969835269,0.045826883099287445,joint_parent_percentile,0.0007399972489228425,0.0007709704745664518,2000,2000,0,common_complete_all_declared_methods_conditions,,
43d0a7f75c8afab6d32ab6fd1f2ff8db49cca59e36971e2b74404173f4cbfcf2,accuracy,fGn_0.5_n1024,fGn,none,0.5,1024.0,0.5,DFA::short_scales,clean,mae,,0.03060735683035604,0.029655806757326878,0.0316368788207222,joint_parent_percentile,0.0005167511701534136,0.0005142693790549396,2000,2000,0,common_complete_all_declared_methods_conditions,,
43d0a7f75c8afab6d32ab6fd1f2ff8db49cca59e36971e2b74404173f4cbfcf2,accuracy,fGn_0.5_n1024,fGn,none,0.5,1024.0,0.5,DMA::balanced_windows,clean,mae,,0.0581322333747693,0.056216178499764485,0.06008588872405059,joint_parent_percentile,0.0009894321555292912,0.0010102717690981338,2000,2000,0,common_complete_all_declared_methods_conditions,,
43d0a7f75c8afab6d32ab6fd1f2ff8db49cca59e36971e2b74404173f4cbfcf2,accuracy,fGn_0.5_n1024,fGn,none,0.5,1024.0,0.5,DMA::long_windows,clean,mae,,0.07456786843643023,0.07213964853357561,0.07703490316969325,joint_parent_percentile,0.0012604314391152839,0.0012451248606815482,2000,2000,0,common_complete_all_declared_methods_conditions,,
43d0a7f75c8afab6d32ab6fd1f2ff8db49cca59e36971e2b74404173f4cbfcf2,accuracy,fGn_0.5_n1024,fGn,none,0.5,1024.0,0.5,DMA::short_windows,clean,mae,,0.04808241678169198,0.04649875218662348,0.049683224843787586,joint_parent_percentile,0.0008038614279142182,0.000819719456851812,2000,2000,0,common_complete_all_declared_methods_conditions,,
43d0a7f75c8afab6d32ab6fd1f2ff8db49cca59e36971e2b74404173f4cbfcf2,accuracy,fGn_0.5_n1024,fGn,none,0.5,1024.0,0.5,GHE,clean,mae,,0.03552230784520024,0.03426786088844649,0.03676186919289587,joint_parent_percentile,0.0006224486546213454,0.0006309872760950135,2000,2000,0,common_complete_all_declared_methods_conditions,,
43d0a7f75c8afab6d32ab6fd1f2ff8db49cca59e36971e2b74404173f4cbfcf2,accuracy,fGn_0.5_n1024,fGn,none,0.5,1024.0,0.5,GHE::centered,clean,mae,,0.037671440668805914,0.03629901429130508,0.03895991952551417,joint_parent_percentile,0.0006582234384560632,0.000680376203084021,2000,2000,0,common_complete_all_declared_methods_conditions,,
43d0a7f75c8afab6d32ab6fd1f2ff8db49cca59e36971e2b74404173f4cbfcf2,accuracy,fGn_0.5_n1024,fGn,none,0.5,1024.0,0.5,GPH::narrow_band,clean,mae,,0.10620556765909671,0.10248843891711742,0.11010034281621317,joint_parent_percentile,0.0019240687534867148,0.0019337151712591786,2000,2000,0,common_complete_all_declared_methods_conditions,,
43d0a7f75c8afab6d32ab6fd1f2ff8db49cca59e36971e2b74404173f4cbfcf2,accuracy,fGn_0.5_n1024,fGn,none,0.5,1024.0,0.5,GPH::wider_band,clean,mae,,0.07119671747168926,0.06881025527718693,0.07372030803749426,joint_parent_percentile,0.001232261734160386,0.0012491899316128536,2000,2000,0,common_complete_all_declared_methods_conditions,,
43d0a7f75c8afab6d32ab6fd1f2ff8db49cca59e36971e2b74404173f4cbfcf2,accuracy,fGn_0.5_n1024,fGn,none,0.5,1024.0,0.5,Higuchi,clean,mae,,0.029269109492536888,0.028307945466682038,0.03026464630445101,joint_parent_percentile,0.0004945764674766647,0.0005049248240735846,2000,2000,0,common_complete_all_declared_methods_conditions,,
43d0a7f75c8afab6d32ab6fd1f2ff8db49cca59e36971e2b74404173f4cbfcf2,accuracy,fGn_0.5_n1024,fGn,none,0.5,1024.0,0.5,Higuchi::centered,clean,mae,,0.02969236180376422,0.028704548832729996,0.030702645550460355,joint_parent_percentile,0.0005044152650997421,0.0005186399560485193,2000,2000,0,common_complete_all_declared_methods_conditions,,
43d0a7f75c8afab6d32ab6fd1f2ff8db49cca59e36971e2b74404173f4cbfcf2,accuracy,fGn_0.5_n1024,fGn,none,0.5,1024.0,0.5,ModifiedLocalWhittle,clean,mae,,0.05578407305530629,0.05393657626168442,0.05774947800524507,joint_parent_percentile,0.0009703050704803481,0.0009966347526194539,2000,2000,0,common_complete_all_declared_methods_conditions,,
43d0a7f75c8afab6d32ab6fd1f2ff8db49cca59e36971e2b74404173f4cbfcf2,accuracy,fGn_0.5_n1024,fGn,none,0.5,1024.0,0.5,RS,clean,mae,,0.06066525609965717,0.05931202151963604,0.06213104336030532,joint_parent_percentile,0.0007354547102485464,0.0007278859088366248,2000,2000,0,common_complete_all_declared_methods_conditions,,
43d0a7f75c8afab6d32ab6fd1f2ff8db49cca59e36971e2b74404173f4cbfcf2,accuracy,fGn_0.5_n1024,fGn,none,0.5,1024.0,0.5,Variance,clean,mae,,0.08401803190438678,0.08109870151828179,0.08714421340039467,joint_parent_percentile,0.0015457902541375756,0.0015495157182200544,2000,2000,0,common_complete_all_declared_methods_conditions,,
43d0a7f75c8afab6d32ab6fd1f2ff8db49cca59e36971e2b74404173f4cbfcf2,accuracy,fGn_0.5_n1024,fGn,none,0.5,1024.0,0.5,VarianceResidual,clean,mae,,0.0350482971362132,0.033855594065286626,0.0362697664229151,joint_parent_percentile,0.0005840387737570583,0.0006069433882841543,2000,2000,0,common_complete_all_declared_methods_conditions,,
43d0a7f75c8afab6d32ab6fd1f2ff8db49cca59e36971e2b74404173f4cbfcf2,accuracy,fGn_0.5_n1024,fGn,none,0.5,1024.0,0.5,WaveletOLS::broad_band,clean,mae,,0.06344633788686722,0.06134238900884004,0.06562931846352897,joint_parent_percentile,0.0010924640803867316,0.001100949796385393,2000,2000,0,common_complete_all_declared_methods_conditions,,
43d0a7f75c8afab6d32ab6fd1f2ff8db49cca59e36971e2b74404173f4cbfcf2,accuracy,fGn_0.5_n1024,fGn,none,0.5,1024.0,0.5,WaveletOLS::conservative_band,clean,mae,,0.07713153398169556,0.07465236439737864,0.07980148941973546,joint_parent_percentile,0.0012974894710509948,0.0012962010573401143,2000,2000,0,common_complete_all_declared_methods_conditions,,
43d0a7f75c8afab6d32ab6fd1f2ff8db49cca59e36971e2b74404173f4cbfcf2,accuracy,fGn_0.5_n1024,fGn,none,0.5,1024.0,0.5,WaveletOLS::upper_band,clean,mae,,0.05361868416890101,0.05187113951972255,0.05553046092431299,joint_parent_percentile,0.0009220010131781695,0.0009445054118495112,2000,2000,0,common_complete_all_declared_methods_conditions,,
43d0a7f75c8afab6d32ab6fd1f2ff8db49cca59e36971e2b74404173f4cbfcf2,accuracy,fGn_0.5_n1024,fGn,none,0.5,1024.0,0.5,WhittleMLE,clean,mae,,0.055881907377092414,0.054027184467294195,0.0578504233231612,joint_parent_percentile,0.000972086196036845,0.0009985722941579004,2000,2000,0,common_complete_all_declared_methods_conditions,,
43d0a7f75c8afab6d32ab6fd1f2ff8db49cca59e36971e2b74404173f4cbfcf2,accuracy,fGn_0.5_n2048,fGn,none,0.5,2048.0,0.5,AbsoluteMoment,clean,mae,,0.05673952031252533,0.05481493555394053,0.05879797812531478,joint_parent_percentile,0.0010093851156732024,0.001012457875743886,2000,2000,0,common_complete_all_declared_methods_conditions,,
43d0a7f75c8afab6d32ab6fd1f2ff8db49cca59e36971e2b74404173f4cbfcf2,accuracy,fGn_0.5_n2048,fGn,none,0.5,2048.0,0.5,DFA::balanced_scales,clean,mae,,0.026076318260751886,0.02522375270392989,0.026942060342993266,joint_parent_percentile,0.000430319554922016,0.00044203777541799815,2000,2000,0,common_complete_all_declared_methods_conditions,,
43d0a7f75c8afab6d32ab6fd1f2ff8db49cca59e36971e2b74404173f4cbfcf2,accuracy,fGn_0.5_n2048,fGn,none,0.5,2048.0,0.5,DFA::long_scales,clean,mae,,0.03029247140934212,0.029367143428719718,0.03127699518400512,joint_parent_percentile,0.0005042846067877008,0.0005014726529133897,2000,2000,0,common_complete_all_declared_methods_conditions,,
43d0a7f75c8afab6d32ab6fd1f2ff8db49cca59e36971e2b74404173f4cbfcf2,accuracy,fGn_0.5_n2048,fGn,none,0.5,2048.0,0.5,DFA::short_scales,clean,mae,,0.022106041401938264,0.02140105956828617,0.022835746149288166,joint_parent_percentile,0.00036694876258206756,0.00036449340595165583,2000,2000,0,common_complete_all_declared_methods_conditions,,
43d0a7f75c8afab6d32ab6fd1f2ff8db49cca59e36971e2b74404173f4cbfcf2,accuracy,fGn_0.5_n2048,fGn,none,0.5,2048.0,0.5,DMA::balanced_windows,clean,mae,,0.03945067521760758,0.03810510926337767,0.04071894147848799,joint_parent_percentile,0.0006671836437410421,0.0006732093463723371,2000,2000,0,common_complete_all_declared_methods_conditions,,
43d0a7f75c8afab6d32ab6fd1f2ff8db49cca59e36971e2b74404173f4cbfcf2,accuracy,fGn_0.5_n2048,fGn,none,0.5,2048.0,0.5,DMA::long_windows,clean,mae,,0.04785624922441124,0.04632173961366103,0.049466462773966276,joint_parent_percentile,0.0008039159415937779,0.0008127529190661758,2000,2000,0,common_complete_all_declared_methods_conditions,,
43d0a7f75c8afab6d32ab6fd1f2ff8db49cca59e36971e2b74404173f4cbfcf2,accuracy,fGn_0.5_n2048,fGn,none,0.5,2048.0,0.5,DMA::short_windows,clean,mae,,0.03743437466302717,0.036245625962662974,0.03864438402711555,joint_parent_percentile,0.0005991083305743796,0.0006013810137216368,2000,2000,0,common_complete_all_declared_methods_conditions,,
43d0a7f75c8afab6d32ab6fd1f2ff8db49cca59e36971e2b74404173f4cbfcf2,accuracy,fGn_0.5_n2048,fGn,none,0.5,2048.0,0.5,GHE,clean,mae,,0.02935195742508916,0.028404446437972315,0.03036133772132614,joint_parent_percentile,0.0005007444331225324,0.0005060745435260266,2000,2000,0,common_complete_all_declared_methods_conditions,,
43d0a7f75c8afab6d32ab6fd1f2ff8db49cca59e36971e2b74404173f4cbfcf2,accuracy,fGn_0.5_n2048,fGn,none,0.5,2048.0,0.5,GHE::centered,clean,mae,,0.031196921342658168,0.030183889786762504,0.03229956393052169,joint_parent_percentile,0.0005329395389375607,0.0005399249461683538,2000,2000,0,common_complete_all_declared_methods_conditions,,
43d0a7f75c8afab6d32ab6fd1f2ff8db49cca59e36971e2b74404173f4cbfcf2,accuracy,fGn_0.5_n2048,fGn,none,0.5,2048.0,0.5,GPH::narrow_band,clean,mae,,0.10428922718322259,0.10085757527019468,0.10786377586238691,joint_parent_percentile,0.001813376853593798,0.0017970715986900185,2000,2000,0,common_complete_all_declared_methods_conditions,,
43d0a7f75c8afab6d32ab6fd1f2ff8db49cca59e36971e2b74404173f4cbfcf2,accuracy,fGn_0.5_n2048,fGn,none,0.5,2048.0,0.5,GPH::wider_band,clean,mae,,0.07073044473060788,0.06824154621231433,0.07306948161521848,joint_parent_percentile,0.0011887216994015766,0.0012242736924152865,2000,2000,0,common_complete_all_declared_methods_conditions,,
43d0a7f75c8afab6d32ab6fd1f2ff8db49cca59e36971e2b74404173f4cbfcf2,accuracy,fGn_0.5_n2048,fGn,none,0.5,2048.0,0.5,Higuchi,clean,mae,,0.020089305376402824,0.019418978771539114,0.020790225145972317,joint_parent_percentile,0.0003505503259889132,0.0003512222435385429,2000,2000,0,common_complete_all_declared_methods_conditions,,
43d0a7f75c8afab6d32ab6fd1f2ff8db49cca59e36971e2b74404173f4cbfcf2,accuracy,fGn_0.5_n2048,fGn,none,0.5,2048.0,0.5,Higuchi::centered,clean,mae,,0.02053647591475653,0.019861176472223355,0.021251720206367848,joint_parent_percentile,0.00035535339433949876,0.000359834434615,2000,2000,0,common_complete_all_declared_methods_conditions,,
43d0a7f75c8afab6d32ab6fd1f2ff8db49cca59e36971e2b74404173f4cbfcf2,accuracy,fGn_0.5_n2048,fGn,none,0.5,2048.0,0.5,ModifiedLocalWhittle,clean,mae,,0.056930645282645145,0.05490336707140649,0.05896131896308924,joint_parent_percentile,0.000991187482103118,0.001014354167993514,2000,2000,0,common_complete_all_declared_methods_conditions,,
43d0a7f75c8afab6d32ab6fd1f2ff8db49cca59e36971e2b74404173f4cbfcf2,accuracy,fGn_0.5_n2048,fGn,none,0.5,2048.0,0.5,RS,clean,mae,,0.05135722800102009,0.0502075981654874,0.05245890079652185,joint_parent_percentile,0.0005735329923717115,0.000584185099532109,2000,2000,0,common_complete_all_declared_methods_conditions,,
43d0a7f75c8afab6d32ab6fd1f2ff8db49cca59e36971e2b74404173f4cbfcf2,accuracy,fGn_0.5_n2048,fGn,none,0.5,2048.0,0.5,Variance,clean,mae,,0.05293945538784853,0.05108520602048328,0.054867301259725235,joint_parent_percentile,0.0009455209679678283,0.0009501547341258863,2000,2000,0,common_complete_all_declared_methods_conditions,,
43d0a7f75c8afab6d32ab6fd1f2ff8db49cca59e36971e2b74404173f4cbfcf2,accuracy,fGn_0.5_n2048,fGn,none,0.5,2048.0,0.5,VarianceResidual,clean,mae,,0.025759962090262885,0.024962212853506638,0.026535157090718974,joint_parent_percentile,0.00041738991021756256,0.0004131527959233069,2000,2000,0,common_complete_all_declared_methods_conditions,,
43d0a7f75c8afab6d32ab6fd1f2ff8db49cca59e36971e2b74404173f4cbfcf2,accuracy,fGn_0.5_n2048,fGn,none,0.5,2048.0,0.5,WaveletOLS::broad_band,clean,mae,,0.059043462318631855,0.0571092655729855,0.06101296228064784,joint_parent_percentile,0.0010230629285242804,0.001016278263311971,2000,2000,0,common_complete_all_declared_methods_conditions,,
43d0a7f75c8afab6d32ab6fd1f2ff8db49cca59e36971e2b74404173f4cbfcf2,accuracy,fGn_0.5_n2048,fGn,none,0.5,2048.0,0.5,WaveletOLS::conservative_band,clean,mae,,0.06467837868847244,0.06238936685857075,0.06719891800139134,joint_parent_percentile,0.0011859351403033565,0.0012361829840404136,2000,2000,0,common_complete_all_declared_methods_conditions,,
43d0a7f75c8afab6d32ab6fd1f2ff8db49cca59e36971e2b74404173f4cbfcf2,accuracy,fGn_0.5_n2048,fGn,none,0.5,2048.0,0.5,WaveletOLS::upper_band,clean,mae,,0.042729159344924786,0.041241431323285636,0.044143819857034895,joint_parent_percentile,0.0007463320605893072,0.0007343918560022351,2000,2000,0,common_complete_all_declared_methods_conditions,,
43d0a7f75c8afab6d32ab6fd1f2ff8db49cca59e36971e2b74404173f4cbfcf2,accuracy,fGn_0.5_n2048,fGn,none,0.5,2048.0,0.5,WhittleMLE,clean,mae,,0.05695468477441698,0.05492595205231274,0.05898616820374145,joint_parent_percentile,0.0009916309605350307,0.0010148047197519503,2000,2000,0,common_complete_all_declared_methods_conditions,,
43d0a7f75c8afab6d32ab6fd1f2ff8db49cca59e36971e2b74404173f4cbfcf2,accuracy,fGn_0.75_n512,fGn,none,0.75,512.0,0.75,AbsoluteMoment,clean,mae,,0.2629805882900282,0.25362445424602814,0.2728673725280315,joint_parent_percentile,0.004944990896271638,0.0050408554361046016,2000,2000,0,common_complete_all_declared_methods_conditions,,
43d0a7f75c8afab6d32ab6fd1f2ff8db49cca59e36971e2b74404173f4cbfcf2,accuracy,fGn_0.75_n512,fGn,none,0.75,512.0,0.75,DFA::balanced_scales,clean,mae,,0.06842168333215606,0.06625624055464416,0.0706897336385827,joint_parent_percentile,0.0011192472959451404,0.001141630631864321,2000,2000,0,common_complete_all_declared_methods_conditions,,
43d0a7f75c8afab6d32ab6fd1f2ff8db49cca59e36971e2b74404173f4cbfcf2,accuracy,fGn_0.75_n512,fGn,none,0.75,512.0,0.75,DFA::long_scales,clean,mae,,0.08186807460280274,0.07922102747959088,0.0845124116529678,joint_parent_percentile,0.0013767288790447708,0.0013729424834706032,2000,2000,0,common_complete_all_declared_methods_conditions,,
43d0a7f75c8afab6d32ab6fd1f2ff8db49cca59e36971e2b74404173f4cbfcf2,accuracy,fGn_0.75_n512,fGn,none,0.75,512.0,0.75,DFA::short_scales,clean,mae,,0.05518300675889897,0.05339233877097664,0.05705737128034457,joint_parent_percentile,0.0009241547729933313,0.0009288673985941457,2000,2000,0,common_complete_all_declared_methods_conditions,,
43d0a7f75c8afab6d32ab6fd1f2ff8db49cca59e36971e2b74404173f4cbfcf2,accuracy,fGn_0.75_n512,fGn,none,0.75,512.0,0.75,DMA::balanced_windows,clean,mae,,0.13205165253555048,0.1277502452950746,0.13667755866118203,joint_parent_percentile,0.0021717420837506812,0.0022306028027166643,2000,2000,0,common_complete_all_declared_methods_conditions,,
43d0a7f75c8afab6d32ab6fd1f2ff8db49cca59e36971e2b74404173f4cbfcf2,accuracy,fGn_0.75_n512,fGn,none,0.75,512.0,0.75,DMA::long_windows,clean,mae,,0.18390158899816467,0.17844642709401765,0.18955086584707814,joint_parent_percentile,0.0027681269385561365,0.0028143844537485575,2000,2000,0,common_complete_all_declared_methods_conditions,,
43d0a7f75c8afab6d32ab6fd1f2ff8db49cca59e36971e2b74404173f4cbfcf2,accuracy,fGn_0.75_n512,fGn,none,0.75,512.0,0.75,DMA::short_windows,clean,mae,,0.08782419271665534,0.08482757658732198,0.0910567421304331,joint_parent_percentile,0.001538590552232593,0.0015795294269897002,2000,2000,0,common_complete_all_declared_methods_conditions,,
43d0a7f75c8afab6d32ab6fd1f2ff8db49cca59e36971e2b74404173f4cbfcf2,accuracy,fGn_0.75_n512,fGn,none,0.75,512.0,0.75,GHE,clean,mae,,0.05563208595411941,0.05380356162332789,0.05752627084402868,joint_parent_percentile,0.0009611128729938182,0.000944232194625915,2000,2000,0,common_complete_all_declared_methods_conditions,,
43d0a7f75c8afab6d32ab6fd1f2ff8db49cca59e36971e2b74404173f4cbfcf2,accuracy,fGn_0.75_n512,fGn,none,0.75,512.0,0.75,GHE::centered,clean,mae,,0.06819593634782475,0.06596356686426698,0.07062270199809804,joint_parent_percentile,0.0011451701546368943,0.0011795207654273791,2000,2000,0,common_complete_all_declared_methods_conditions,,
43d0a7f75c8afab6d32ab6fd1f2ff8db49cca59e36971e2b74404173f4cbfcf2,accuracy,fGn_0.75_n512,fGn,none,0.75,512.0,0.75,GPH::narrow_band,clean,mae,,0.10619241528085428,0.10240048695117647,0.10967088683031938,joint_parent_percentile,0.0018552385874726505,0.0018477612019824562,2000,2000,0,common_complete_all_declared_methods_conditions,,
43d0a7f75c8afab6d32ab6fd1f2ff8db49cca59e36971e2b74404173f4cbfcf2,accuracy,fGn_0.75_n512,fGn,none,0.75,512.0,0.75,GPH::wider_band,clean,mae,,0.07340623560541279,0.07113019932062961,0.07578257238222337,joint_parent_percentile,0.0012406431306645094,0.001216909474722658,2000,2000,0,common_complete_all_declared_methods_conditions,,
43d0a7f75c8afab6d32ab6fd1f2ff8db49cca59e36971e2b74404173f4cbfcf2,accuracy,fGn_0.75_n512,fGn,none,0.75,512.0,0.75,Higuchi,clean,mae,,0.05113575575072892,0.04947587000958729,0.05283842935582886,joint_parent_percentile,0.00088421199194992,0.0008730654836381154,2000,2000,0,common_complete_all_declared_methods_conditions,,
43d0a7f75c8afab6d32ab6fd1f2ff8db49cca59e36971e2b74404173f4cbfcf2,accuracy,fGn_0.75_n512,fGn,none,0.75,512.0,0.75,Higuchi::centered,clean,mae,,0.0597202352858848,0.0576125314724701,0.061853515918419796,joint_parent_percentile,0.0010249666042670118,0.0010588133980907071,2000,2000,0,common_complete_all_declared_methods_conditions,,
43d0a7f75c8afab6d32ab6fd1f2ff8db49cca59e36971e2b74404173f4cbfcf2,accuracy,fGn_0.75_n512,fGn,none,0.75,512.0,0.75,ModifiedLocalWhittle,clean,mae,,0.05726074573120182,0.05532623110334587,0.05918221070617025,joint_parent_percentile,0.0009886443085309765,0.0009764511319003343,2000,2000,0,common_complete_all_declared_methods_conditions,,
43d0a7f75c8afab6d32ab6fd1f2ff8db49cca59e36971e2b74404173f4cbfcf2,accuracy,fGn_0.75_n512,fGn,none,0.75,512.0,0.75,RS,clean,mae,,0.04258880763098889,0.04124726890339372,0.04399404919557738,joint_parent_percentile,0.0007057715326874445,0.0007036924639536358,2000,2000,0,common_complete_all_declared_methods_conditions,,
43d0a7f75c8afab6d32ab6fd1f2ff8db49cca59e36971e2b74404173f4cbfcf2,accuracy,fGn_0.75_n512,fGn,none,0.75,512.0,0.75,Variance,clean,mae,,0.2396796490232615,0.2307258533556723,0.24915959652167302,joint_parent_percentile,0.004759800141711077,0.004838053421041075,2000,2000,0,common_complete_all_declared_methods_conditions,,
43d0a7f75c8afab6d32ab6fd1f2ff8db49cca59e36971e2b74404173f4cbfcf2,accuracy,fGn_0.75_n512,fGn,none,0.75,512.0,0.75,VarianceResidual,clean,mae,,0.06787844450682533,0.06563040386823157,0.07012755066067555,joint_parent_percentile,0.0011258481926750587,0.0011467449379990308,2000,2000,0,common_complete_all_declared_methods_conditions,,
43d0a7f75c8afab6d32ab6fd1f2ff8db49cca59e36971e2b74404173f4cbfcf2,accuracy,fGn_0.75_n512,fGn,none,0.75,512.0,0.75,WaveletOLS::broad_band,clean,mae,,0.07288809663669517,0.07029828348557834,0.07545840429096005,joint_parent_percentile,0.0012696243583901127,0.0013064150908103274,2000,2000,0,common_complete_all_declared_methods_conditions,,
43d0a7f75c8afab6d32ab6fd1f2ff8db49cca59e36971e2b74404173f4cbfcf2,accuracy,fGn_0.75_n512,fGn,none,0.75,512.0,0.75,WaveletOLS::conservative_band,clean,mae,,0.12678294586462258,0.12249552868132117,0.1312138275746524,joint_parent_percentile,0.0022508103960068217,0.0022261990640995194,2000,2000,0,common_complete_all_declared_methods_conditions,,
43d0a7f75c8afab6d32ab6fd1f2ff8db49cca59e36971e2b74404173f4cbfcf2,accuracy,fGn_0.75_n512,fGn,none,0.75,512.0,0.75,WaveletOLS::upper_band,clean,mae,,0.07284736390251603,0.07048774542166479,0.07520314842922932,joint_parent_percentile,0.0012303216517658942,0.001222358598147481,2000,2000,0,common_complete_all_declared_methods_conditions,,
43d0a7f75c8afab6d32ab6fd1f2ff8db49cca59e36971e2b74404173f4cbfcf2,accuracy,fGn_0.75_n512,fGn,none,0.75,512.0,0.75,WhittleMLE,clean,mae,,0.05772755386261634,0.055769837120612765,0.05964818575520854,joint_parent_percentile,0.000994492411779873,0.0009819048041272553,2000,2000,0,common_complete_all_declared_methods_conditions,,
43d0a7f75c8afab6d32ab6fd1f2ff8db49cca59e36971e2b74404173f4cbfcf2,accuracy,fGn_0.75_n1024,fGn,none,0.75,1024.0,0.75,AbsoluteMoment,clean,mae,,0.10836674674164598,0.10458863910640738,0.11226107888793484,joint_parent_percentile,0.0019286866012480967,0.001943961969187234,2000,2000,0,common_complete_all_declared_methods_conditions,,
43d0a7f75c8afab6d32ab6fd1f2ff8db49cca59e36971e2b74404173f4cbfcf2,accuracy,fGn_0.75_n1024,fGn,none,0.75,1024.0,0.75,DFA::balanced_scales,clean,mae,,0.04640978822002477,0.04483788127214033,0.04804591156248275,joint_parent_percentile,0.0007886129851686997,0.0008147761967720864,2000,2000,0,common_complete_all_declared_methods_conditions,,
43d0a7f75c8afab6d32ab6fd1f2ff8db49cca59e36971e2b74404173f4cbfcf2,accuracy,fGn_0.75_n1024,fGn,none,0.75,1024.0,0.75,DFA::long_scales,clean,mae,,0.05561562798807873,0.05375049018887768,0.057490794201848654,joint_parent_percentile,0.0009177339359825354,0.0009330851957471753,2000,2000,0,common_complete_all_declared_methods_conditions,,
43d0a7f75c8afab6d32ab6fd1f2ff8db49cca59e36971e2b74404173f4cbfcf2,accuracy,fGn_0.75_n1024,fGn,none,0.75,1024.0,0.75,DFA::short_scales,clean,mae,,0.03757652568629104,0.03631435965828014,0.03884674775959417,joint_parent_percentile,0.0006439682243622851,0.0006349941916007969,2000,2000,0,common_complete_all_declared_methods_conditions,,
43d0a7f75c8afab6d32ab6fd1f2ff8db49cca59e36971e2b74404173f4cbfcf2,accuracy,fGn_0.75_n1024,fGn,none,0.75,1024.0,0.75,DMA::balanced_windows,clean,mae,,0.07590069470956934,0.07339116394272112,0.07853930749151546,joint_parent_percentile,0.0013208058932801451,0.001314095058633901,2000,2000,0,common_complete_all_declared_methods_conditions,,
43d0a7f75c8afab6d32ab6fd1f2ff8db49cca59e36971e2b74404173f4cbfcf2,accuracy,fGn_0.75_n1024,fGn,none,0.75,1024.0,0.75,DMA::long_windows,clean,mae,,0.10448587455605436,0.10120943872844479,0.10798496026215344,joint_parent_percentile,0.0017746528247726515,0.00177797708619443,2000,2000,0,common_complete_all_declared_methods_conditions,,
43d0a7f75c8afab6d32ab6fd1f2ff8db49cca59e36971e2b74404173f4cbfcf2,accuracy,fGn_0.75_n1024,fGn,none,0.75,1024.0,0.75,DMA::short_windows,clean,mae,,0.05227915360693981,0.05051203836538035,0.05404082917958623,joint_parent_percentile,0.0008850022301315213,0.0008910487565747761,2000,2000,0,common_complete_all_declared_methods_conditions,,
43d0a7f75c8afab6d32ab6fd1f2ff8db49cca59e36971e2b74404173f4cbfcf2,accuracy,fGn_0.75_n1024,fGn,none,0.75,1024.0,0.75,GHE,clean,mae,,0.047397627729528054,0.04584847929927588,0.04908413132275469,joint_parent_percentile,0.0008088778147433875,0.0008212325712889904,2000,2000,0,common_complete_all_declared_methods_conditions,,
43d0a7f75c8afab6d32ab6fd1f2ff8db49cca59e36971e2b74404173f4cbfcf2,accuracy,fGn_0.75_n1024,fGn,none,0.75,1024.0,0.75,GHE::centered,clean,mae,,0.05676962609580371,0.0550242684950312,0.05860576840859344,joint_parent_percentile,0.0009267245107189814,0.0009210215707055177,2000,2000,0,common_complete_all_declared_methods_conditions,,
43d0a7f75c8afab6d32ab6fd1f2ff8db49cca59e36971e2b74404173f4cbfcf2,accuracy,fGn_0.75_n1024,fGn,none,0.75,1024.0,0.75,GPH::narrow_band,clean,mae,,0.1068325447571732,0.10326181110559637,0.11045397017418344,joint_parent_percentile,0.0018274247654777348,0.0018441847071987117,2000,2000,0,common_complete_all_declared_methods_conditions,,
43d0a7f75c8afab6d32ab6fd1f2ff8db49cca59e36971e2b74404173f4cbfcf2,accuracy,fGn_0.75_n1024,fGn,none,0.75,1024.0,0.75,GPH::wider_band,clean,mae,,0.070146804786357,0.06782997880268948,0.07231303364136858,joint_parent_percentile,0.0011566182780687233,0.0011193104238118015,2000,2000,0,common_complete_all_declared_methods_conditions,,
43d0a7f75c8afab6d32ab6fd1f2ff8db49cca59e36971e2b74404173f4cbfcf2,accuracy,fGn_0.75_n1024,fGn,none,0.75,1024.0,0.75,Higuchi,clean,mae,,0.03638037079615813,0.03517778204969471,0.037725336737232225,joint_parent_percentile,0.0006304396515172732,0.0006462220117507201,2000,2000,0,common_complete_all_declared_methods_conditions,,
43d0a7f75c8afab6d32ab6fd1f2ff8db49cca59e36971e2b74404173f4cbfcf2,accuracy,fGn_0.75_n1024,fGn,none,0.75,1024.0,0.75,Higuchi::centered,clean,mae,,0.039817904192796474,0.0385249671151146,0.0411339203856239,joint_parent_percentile,0.0006611003843110725,0.0006703745682007492,2000,2000,0,common_complete_all_declared_methods_conditions,,
43d0a7f75c8afab6d32ab6fd1f2ff8db49cca59e36971e2b74404173f4cbfcf2,accuracy,fGn_0.75_n1024,fGn,none,0.75,1024.0,0.75,ModifiedLocalWhittle,clean,mae,,0.05649519691925802,0.05466993949792752,0.0582642205411863,joint_parent_percentile,0.0009487052686892744,0.000924270783157019,2000,2000,0,common_complete_all_declared_methods_conditions,,
43d0a7f75c8afab6d32ab6fd1f2ff8db49cca59e36971e2b74404173f4cbfcf2,accuracy,fGn_0.75_n1024,fGn,none,0.75,1024.0,0.75,RS,clean,mae,,0.03228065729458827,0.031188668153587056,0.03337721086924134,joint_parent_percentile,0.0005618022123807984,0.0005533824890744548,2000,2000,0,common_complete_all_declared_methods_conditions,,
43d0a7f75c8afab6d32ab6fd1f2ff8db49cca59e36971e2b74404173f4cbfcf2,accuracy,fGn_0.75_n1024,fGn,none,0.75,1024.0,0.75,Variance,clean,mae,,0.09817589043968117,0.09468787599507363,0.10190078921336514,joint_parent_percentile,0.001802262782873973,0.0018227135580462205,2000,2000,0,common_complete_all_declared_methods_conditions,,
43d0a7f75c8afab6d32ab6fd1f2ff8db49cca59e36971e2b74404173f4cbfcf2,accuracy,fGn_0.75_n1024,fGn,none,0.75,1024.0,0.75,VarianceResidual,clean,mae,,0.04462610598492193,0.043068285993037844,0.04608568066143152,joint_parent_percentile,0.0007344967834576595,0.000750449483725312,2000,2000,0,common_complete_all_declared_methods_conditions,,
43d0a7f75c8afab6d32ab6fd1f2ff8db49cca59e36971e2b74404173f4cbfcf2,accuracy,fGn_0.75_n1024,fGn,none,0.75,1024.0,0.75,WaveletOLS::broad_band,clean,mae,,0.05336916718882881,0.05163553878374366,0.055102468273158366,joint_parent_percentile,0.0008915217966011697,0.000875769123353797,2000,2000,0,common_complete_all_declared_methods_conditions,,
43d0a7f75c8afab6d32ab6fd1f2ff8db49cca59e36971e2b74404173f4cbfcf2,accuracy,fGn_0.75_n1024,fGn,none,0.75,1024.0,0.75,WaveletOLS::conservative_band,clean,mae,,0.07608493394604059,0.07337488466682753,0.07869537384617963,joint_parent_percentile,0.0013236506848555915,0.001362590668396847,2000,2000,0,common_complete_all_declared_methods_conditions,,
43d0a7f75c8afab6d32ab6fd1f2ff8db49cca59e36971e2b74404173f4cbfcf2,accuracy,fGn_0.75_n1024,fGn,none,0.75,1024.0,0.75,WaveletOLS::upper_band,clean,mae,,0.04983462854601346,0.04812974819187738,0.05151289892172373,joint_parent_percentile,0.0008740504664862996,0.0008686089112648506,2000,2000,0,common_complete_all_declared_methods_conditions,,
43d0a7f75c8afab6d32ab6fd1f2ff8db49cca59e36971e2b74404173f4cbfcf2,accuracy,fGn_0.75_n1024,fGn,none,0.75,1024.0,0.75,WhittleMLE,clean,mae,,0.05660090683813625,0.05476077227989828,0.05836471637726371,joint_parent_percentile,0.0009499628274329388,0.0009255676912093135,2000,2000,0,common_complete_all_declared_methods_conditions,,
43d0a7f75c8afab6d32ab6fd1f2ff8db49cca59e36971e2b74404173f4cbfcf2,accuracy,fGn_0.75_n2048,fGn,none,0.75,2048.0,0.75,AbsoluteMoment,clean,mae,,0.07142457579176903,0.06900821821263345,0.07390477661886168,joint_parent_percentile,0.0012550356251302104,0.0012366201781250682,2000,2000,0,common_complete_all_declared_methods_conditions,,
43d0a7f75c8afab6d32ab6fd1f2ff8db49cca59e36971e2b74404173f4cbfcf2,accuracy,fGn_0.75_n2048,fGn,none,0.75,2048.0,0.75,DFA::balanced_scales,clean,mae,,0.032596952212767226,0.031484519778373445,0.03366581682126425,joint_parent_percentile,0.0005601671997512878,0.000558749045895627,2000,2000,0,common_complete_all_declared_methods_conditions,,
43d0a7f75c8afab6d32ab6fd1f2ff8db49cca59e36971e2b74404173f4cbfcf2,accuracy,fGn_0.75_n2048,fGn,none,0.75,2048.0,0.75,DFA::long_scales,clean,mae,,0.0385028465779354,0.03722484411946958,0.039791266971777574,joint_parent_percentile,0.0006509024873019082,0.0006683397283527477,2000,2000,0,common_complete_all_declared_methods_conditions,,
43d0a7f75c8afab6d32ab6fd1f2ff8db49cca59e36971e2b74404173f4cbfcf2,accuracy,fGn_0.75_n2048,fGn,none,0.75,2048.0,0.75,DFA::short_scales,clean,mae,,0.026985494245400882,0.02609609878903648,0.02784152446976441,joint_parent_percentile,0.0004572920815507835,0.00045767779327297105,2000,2000,0,common_complete_all_declared_methods_conditions,,
43d0a7f75c8afab6d32ab6fd1f2ff8db49cca59e36971e2b74404173f4cbfcf2,accuracy,fGn_0.75_n2048,fGn,none,0.75,2048.0,0.75,DMA::balanced_windows,clean,mae,,0.047051008416966425,0.04540585797690513,0.04865050280421416,joint_parent_percentile,0.0008358401042672719,0.00082841606247071,2000,2000,0,common_complete_all_declared_methods_conditions,,
43d0a7f75c8afab6d32ab6fd1f2ff8db49cca59e36971e2b74404173f4cbfcf2,accuracy,fGn_0.75_n2048,fGn,none,0.75,2048.0,0.75,DMA::long_windows,clean,mae,,0.0650358100099677,0.06289278340090869,0.06719897484239304,joint_parent_percentile,0.0011194643832353587,0.0010983243391067374,2000,2000,0,common_complete_all_declared_methods_conditions,,
43d0a7f75c8afab6d32ab6fd1f2ff8db49cca59e36971e2b74404173f4cbfcf2,accuracy,fGn_0.75_n2048,fGn,none,0.75,2048.0,0.75,DMA::short_windows,clean,mae,,0.035130369291455084,0.033967910229553276,0.03629515939038926,joint_parent_percentile,0.0005991078541432385,0.0006003531303465304,2000,2000,0,common_complete_all_declared_methods_conditions,,
43d0a7f75c8afab6d32ab6fd1f2ff8db49cca59e36971e2b74404173f4cbfcf2,accuracy,fGn_0.75_n2048,fGn,none,0.75,2048.0,0.75,GHE,clean,mae,,0.042512996056325636,0.041111064740733595,0.04401931251499932,joint_parent_percentile,0.0007288534035405527,0.000737632437107744,2000,2000,0,common_complete_all_declared_methods_conditions,,
43d0a7f75c8afab6d32ab6fd1f2ff8db49cca59e36971e2b74404173f4cbfcf2,accuracy,fGn_0.75_n2048,fGn,none,0.75,2048.0,0.75,GHE::centered,clean,mae,,0.050107883713887885,0.04856560287319811,0.051696702551588126,joint_parent_percentile,0.0008132054173471914,0.0008045810592541261,2000,2000,0,common_complete_all_declared_methods_conditions,,
43d0a7f75c8afab6d32ab6fd1f2ff8db49cca59e36971e2b74404173f4cbfcf2,accuracy,fGn_0.75_n2048,fGn,none,0.75,2048.0,0.75,GPH::narrow_band,clean,mae,,0.10409250679733807,0.10055303388559496,0.10776224116982037,joint_parent_percentile,0.0018436294577152098,0.0018636018997204423,2000,2000,0,common_complete_all_declared_methods_conditions,,
43d0a7f75c8afab6d32ab6fd1f2ff8db49cca59e36971e2b74404173f4cbfcf2,accuracy,fGn_0.75_n2048,fGn,none,0.75,2048.0,0.75,GPH::wider_band,clean,mae,,0.07025202245307804,0.0678673457071811,0.07266322255693786,joint_parent_percentile,0.0012051141040022326,0.0011945622373988002,2000,2000,0,common_complete_all_declared_methods_conditions,,
43d0a7f75c8afab6d32ab6fd1f2ff8db49cca59e36971e2b74404173f4cbfcf2,accuracy,fGn_0.75_n2048,fGn,none,0.75,2048.0,0.75,Higuchi,clean,mae,,0.028090295731138287,0.02709546295386114,0.029072588184969304,joint_parent_percentile,0.00047133968487810224,0.0004806683497936969,2000,2000,0,common_complete_all_declared_methods_conditions,,
43d0a7f75c8afab6d32ab6fd1f2ff8db49cca59e36971e2b74404173f4cbfcf2,accuracy,fGn_0.75_n2048,fGn,none,0.75,2048.0,0.75,Higuchi::centered,clean,mae,,0.029112186418070108,0.02817151673157275,0.030081830770486595,joint_parent_percentile,0.0004847918578149878,0.0004875358411171127,2000,2000,0,common_complete_all_declared_methods_conditions,,
43d0a7f75c8afab6d32ab6fd1f2ff8db49cca59e36971e2b74404173f4cbfcf2,accuracy,fGn_0.75_n2048,fGn,none,0.75,2048.0,0.75,ModifiedLocalWhittle,clean,mae,,0.056133301521602355,0.05424574439903144,0.05801682310276307,joint_parent_percentile,0.0009623125138741239,0.0009571569041927581,2000,2000,0,common_complete_all_declared_methods_conditions,,
43d0a7f75c8afab6d32ab6fd1f2ff8db49cca59e36971e2b74404173f4cbfcf2,accuracy,fGn_0.75_n2048,fGn,none,0.75,2048.0,0.75,RS,clean,mae,,0.02640696668541242,0.025478041378801497,0.02730670986123746,joint_parent_percentile,0.0004566160156215506,0.00046395708747694434,2000,2000,0,common_complete_all_declared_methods_conditions,,
43d0a7f75c8afab6d32ab6fd1f2ff8db49cca59e36971e2b74404173f4cbfcf2,accuracy,fGn_0.75_n2048,fGn,none,0.75,2048.0,0.75,Variance,clean,mae,,0.0652117651969562,0.06295688106496314,0.06745365907758939,joint_parent_percentile,0.0011787880216950772,0.0011621682531029118,2000,2000,0,common_complete_all_declared_methods_conditions,,
43d0a7f75c8afab6d32ab6fd1f2ff8db49cca59e36971e2b74404173f4cbfcf2,accuracy,fGn_0.75_n2048,fGn,none,0.75,2048.0,0.75,VarianceResidual,clean,mae,,0.03242564475104556,0.03136928575995987,0.03347947362791387,joint_parent_percentile,0.0005371774827552947,0.0005470517200114606,2000,2000,0,common_complete_all_declared_methods_conditions,,
43d0a7f75c8afab6d32ab6fd1f2ff8db49cca59e36971e2b74404173f4cbfcf2,accuracy,fGn_0.75_n2048,fGn,none,0.75,2048.0,0.75,WaveletOLS::broad_band,clean,mae,,0.04121130255907026,0.03987837825458601,0.042536716734505355,joint_parent_percentile,0.0007063638210390166,0.0006876634649030287,2000,2000,0,common_complete_all_declared_methods_conditions,,
43d0a7f75c8afab6d32ab6fd1f2ff8db49cca59e36971e2b74404173f4cbfcf2,accuracy,fGn_0.75_n2048,fGn,none,0.75,2048.0,0.75,WaveletOLS::conservative_band,clean,mae,,0.05397075637002931,0.05219126850963937,0.05579102074548214,joint_parent_percentile,0.0009102382513674864,0.0009213111864656517,2000,2000,0,common_complete_all_declared_methods_conditions,,
43d0a7f75c8afab6d32ab6fd1f2ff8db49cca59e36971e2b74404173f4cbfcf2,accuracy,fGn_0.75_n2048,fGn,none,0.75,2048.0,0.75,WaveletOLS::upper_band,clean,mae,,0.0357052424637372,0.03456342602015805,0.03695503800446464,joint_parent_percentile,0.0006144113643852118,0.0006056700873951458,2000,2000,0,common_complete_all_declared_methods_conditions,,
43d0a7f75c8afab6d32ab6fd1f2ff8db49cca59e36971e2b74404173f4cbfcf2,accuracy,fGn_0.75_n2048,fGn,none,0.75,2048.0,0.75,WhittleMLE,clean,mae,,0.056153605372091395,0.05426181294669987,0.05803895668495838,joint_parent_percentile,0.0009625661589174258,0.0009574336931805722,2000,2000,0,common_complete_all_declared_methods_conditions,,
43d0a7f75c8afab6d32ab6fd1f2ff8db49cca59e36971e2b74404173f4cbfcf2,accuracy,fGn_0.85_n512,fGn,none,0.85,512.0,0.85,AbsoluteMoment,clean,mae,,0.2932646225863897,0.2828141025492071,0.30280832467194496,joint_parent_percentile,0.005012241620058329,0.005072827388022892,2000,2000,0,common_complete_all_declared_methods_conditions,,
43d0a7f75c8afab6d32ab6fd1f2ff8db49cca59e36971e2b74404173f4cbfcf2,accuracy,fGn_0.85_n512,fGn,none,0.85,512.0,0.85,DFA::balanced_scales,clean,mae,,0.07405459473167299,0.07164872146995233,0.07654604709750146,joint_parent_percentile,0.0012159825724111235,0.0012221078510323432,2000,2000,0,common_complete_all_declared_methods_conditions,,
43d0a7f75c8afab6d32ab6fd1f2ff8db49cca59e36971e2b74404173f4cbfcf2,accuracy,fGn_0.85_n512,fGn,none,0.85,512.0,0.85,DFA::long_scales,clean,mae,,0.0884456771723125,0.08570832527259085,0.09137180712053429,joint_parent_percentile,0.0014829324772695316,0.0014465624837711553,2000,2000,0,common_complete_all_declared_methods_conditions,,
43d0a7f75c8afab6d32ab6fd1f2ff8db49cca59e36971e2b74404173f4cbfcf2,accuracy,fGn_0.85_n512,fGn,none,0.85,512.0,0.85,DFA::short_scales,clean,mae,,0.05860130830904251,0.05668204340136653,0.060379110252196465,joint_parent_percentile,0.0009742103892253579,0.0009661177004124845,2000,2000,0,common_complete_all_declared_methods_conditions,,
43d0a7f75c8afab6d32ab6fd1f2ff8db49cca59e36971e2b74404173f4cbfcf2,accuracy,fGn_0.85_n512,fGn,none,0.85,512.0,0.85,DMA::balanced_windows,clean,mae,,0.16068941302977227,0.1559642186153833,0.16534768124020466,joint_parent_percentile,0.002392970898358978,0.0023856995436542065,2000,2000,0,common_complete_all_declared_methods_conditions,,
43d0a7f75c8afab6d32ab6fd1f2ff8db49cca59e36971e2b74404173f4cbfcf2,accuracy,fGn_0.85_n512,fGn,none,0.85,512.0,0.85,DMA::long_windows,clean,mae,,0.2266138445714697,0.22062168379440814,0.23215267986990556,joint_parent_percentile,0.0029149868666470554,0.0028981287977875823,2000,2000,0,common_complete_all_declared_methods_conditions,,
43d0a7f75c8afab6d32ab6fd1f2ff8db49cca59e36971e2b74404173f4cbfcf2,accuracy,fGn_0.85_n512,fGn,none,0.85,512.0,0.85,DMA::short_windows,clean,mae,,0.10444701079773477,0.10105063548765778,0.10797067220174104,joint_parent_percentile,0.0017692190290308895,0.0017672643503348383,2000,2000,0,common_complete_all_declared_methods_conditions,,
43d0a7f75c8afab6d32ab6fd1f2ff8db49cca59e36971e2b74404173f4cbfcf2,accuracy,fGn_0.85_n512,fGn,none,0.85,512.0,0.85,GHE,clean,mae,,0.05942835529389896,0.05750504505502602,0.06132094473042445,joint_parent_percentile,0.0009793274833676613,0.0009789373449138848,2000,2000,0,common_complete_all_declared_methods_conditions,,
43d0a7f75c8afab6d32ab6fd1f2ff8db49cca59e36971e2b74404173f4cbfcf2,accuracy,fGn_0.85_n512,fGn,none,0.85,512.0,0.85,GHE::centered,clean,mae,,0.08730230609303707,0.08482686416413597,0.08974497876642096,joint_parent_percentile,0.0012844540834796468,0.0012721251332624178,2000,2000,0,common_complete_all_declared_methods_conditions,,
43d0a7f75c8afab6d32ab6fd1f2ff8db49cca59e36971e2b74404173f4cbfcf2,accuracy,fGn_0.85_n512,fGn,none,0.85,512.0,0.85,GPH::narrow_band,clean,mae,,0.10767900102060822,0.10391362098386014,0.11137912247085106,joint_parent_percentile,0.0018492830261015692,0.0018881136276858144,2000,2000,0,common_complete_all_declared_methods_conditions,,
43d0a7f75c8afab6d32ab6fd1f2ff8db49cca59e36971e2b74404173f4cbfcf2,accuracy,fGn_0.85_n512,fGn,none,0.85,512.0,0.85,GPH::wider_band,clean,mae,,0.07291984118491718,0.07053874518207073,0.07519150617543832,joint_parent_percentile,0.0012349120795833893,0.0012199962259943067,2000,2000,0,common_complete_all_declared_methods_conditions,,
43d0a7f75c8afab6d32ab6fd1f2ff8db49cca59e36971e2b74404173f4cbfcf2,accuracy,fGn_0.85_n512,fGn,none,0.85,512.0,0.85,Higuchi,clean,mae,,0.055326019754275826,0.05352947705360603,0.0570582597105042,joint_parent_percentile,0.0009195197465521662,0.0009146959700610816,2000,2000,0,common_complete_all_declared_methods_conditions,,
43d0a7f75c8afab6d32ab6fd1f2ff8db49cca59e36971e2b74404173f4cbfcf2,accuracy,fGn_0.85_n512,fGn,none,0.85,512.0,0.85,Higuchi::centered,clean,mae,,0.07691570705057187,0.07462468925896074,0.0792284661468785,joint_parent_percentile,0.0011717262692407758,0.001163333843188118,2000,2000,0,common_complete_all_declared_methods_conditions,,
43d0a7f75c8afab6d32ab6fd1f2ff8db49cca59e36971e2b74404173f4cbfcf2,accuracy,fGn_0.85_n512,fGn,none,0.85,512.0,0.85,ModifiedLocalWhittle,clean,mae,,0.057465241421265925,0.055532628752888356,0.05930742381215366,joint_parent_percentile,0.0009608871383373754,0.0009621521758577563,2000,2000,0,common_complete_all_declared_methods_conditions,,
43d0a7f75c8afab6d32ab6fd1f2ff8db49cca59e36971e2b74404173f4cbfcf2,accuracy,fGn_0.85_n512,fGn,none,0.85,512.0,0.85,RS,clean,mae,,0.05690121421023184,0.055110707499678786,0.05871477428619172,joint_parent_percentile,0.0009613643163066715,0.0009343308410719134,2000,2000,0,common_complete_all_declared_methods_conditions,,
43d0a7f75c8afab6d32ab6fd1f2ff8db49cca59e36971e2b74404173f4cbfcf2,accuracy,fGn_0.85_n512,fGn,none,0.85,512.0,0.85,Variance,clean,mae,,0.265113502967599,0.2551792572772573,0.2742831247804183,joint_parent_percentile,0.00487773582725098,0.004926429705119745,2000,2000,0,common_complete_all_declared_methods_conditions,,
43d0a7f75c8afab6d32ab6fd1f2ff8db49cca59e36971e2b74404173f4cbfcf2,accuracy,fGn_0.85_n512,fGn,none,0.85,512.0,0.85,VarianceResidual,clean,mae,,0.07359260652126139,0.07130868725274951,0.07605200206437103,joint_parent_percentile,0.0012535728231813088,0.001224187303141789,2000,2000,0,common_complete_all_declared_methods_conditions,,
43d0a7f75c8afab6d32ab6fd1f2ff8db49cca59e36971e2b74404173f4cbfcf2,accuracy,fGn_0.85_n512,fGn,none,0.85,512.0,0.85,WaveletOLS::broad_band,clean,mae,,0.07194407564891227,0.06945788367337358,0.07441945930698426,joint_parent_percentile,0.0012397725187936095,0.0012618976852061385,2000,2000,0,common_complete_all_declared_methods_conditions,,
43d0a7f75c8afab6d32ab6fd1f2ff8db49cca59e36971e2b74404173f4cbfcf2,accuracy,fGn_0.85_n512,fGn,none,0.85,512.0,0.85,WaveletOLS::conservative_band,clean,mae,,0.1311847604240838,0.12655299209653467,0.1357142057511474,joint_parent_percentile,0.002346908415077657,0.002324594258213049,2000,2000,0,common_complete_all_declared_methods_conditions,,
43d0a7f75c8afab6d32ab6fd1f2ff8db49cca59e36971e2b74404173f4cbfcf2,accuracy,fGn_0.85_n512,fGn,none,0.85,512.0,0.85,WaveletOLS::upper_band,clean,mae,,0.07240481557832765,0.06999128137196499,0.07468837516649678,joint_parent_percentile,0.0012097322081254314,0.0011924770346370512,2000,2000,0,common_complete_all_declared_methods_conditions,,
43d0a7f75c8afab6d32ab6fd1f2ff8db49cca59e36971e2b74404173f4cbfcf2,accuracy,fGn_0.85_n512,fGn,none,0.85,512.0,0.85,WhittleMLE,clean,mae,,0.0580212358991313,0.056103523824083734,0.0598651400483256,joint_parent_percentile,0.0009635696721148766,0.0009653551820122584,2000,2000,0,common_complete_all_declared_methods_conditions,,
43d0a7f75c8afab6d32ab6fd1f2ff8db49cca59e36971e2b74404173f4cbfcf2,accuracy,fGn_0.85_n1024,fGn,none,0.85,1024.0,0.85,AbsoluteMoment,clean,mae,,0.13137486491594,0.12712990659067375,0.13553627036975924,joint_parent_percentile,0.0020741616896039513,0.0021081462747842396,2000,2000,0,common_complete_all_declared_methods_conditions,,
43d0a7f75c8afab6d32ab6fd1f2ff8db49cca59e36971e2b74404173f4cbfcf2,accuracy,fGn_0.85_n1024,fGn,none,0.85,1024.0,0.85,DFA::balanced_scales,clean,mae,,0.04956631655535618,0.04793778307085616,0.051250931550134195,joint_parent_percentile,0.0008419796290639717,0.0008347967253009035,2000,2000,0,common_complete_all_declared_methods_conditions,,
43d0a7f75c8afab6d32ab6fd1f2ff8db49cca59e36971e2b74404173f4cbfcf2,accuracy,fGn_0.85_n1024,fGn,none,0.85,1024.0,0.85,DFA::long_scales,clean,mae,,0.05760768826323898,0.055740225626969446,0.059489368457935586,joint_parent_percentile,0.0009776582930097809,0.0009544121426982876,2000,2000,0,common_complete_all_declared_methods_conditions,,
43d0a7f75c8afab6d32ab6fd1f2ff8db49cca59e36971e2b74404173f4cbfcf2,accuracy,fGn_0.85_n1024,fGn,none,0.85,1024.0,0.85,DFA::short_scales,clean,mae,,0.040465199466238076,0.03916971588091795,0.04182995152503468,joint_parent_percentile,0.0006777670948034631,0.0006902693998451047,2000,2000,0,common_complete_all_declared_methods_conditions,,
43d0a7f75c8afab6d32ab6fd1f2ff8db49cca59e36971e2b74404173f4cbfcf2,accuracy,fGn_0.85_n1024,fGn,none,0.85,1024.0,0.85,DMA::balanced_windows,clean,mae,,0.09406028240010522,0.09104670913550428,0.0968785830271979,joint_parent_percentile,0.0015052633019560248,0.001501227891671254,2000,2000,0,common_complete_all_declared_methods_conditions,,
43d0a7f75c8afab6d32ab6fd1f2ff8db49cca59e36971e2b74404173f4cbfcf2,accuracy,fGn_0.85_n1024,fGn,none,0.85,1024.0,0.85,DMA::long_windows,clean,mae,,0.13173315304922156,0.12791154640035704,0.13538363106429566,joint_parent_percentile,0.001951873368945037,0.0019222788209062973,2000,2000,0,common_complete_all_declared_methods_conditions,,
43d0a7f75c8afab6d32ab6fd1f2ff8db49cca59e36971e2b74404173f4cbfcf2,accuracy,fGn_0.85_n1024,fGn,none,0.85,1024.0,0.85,DMA::short_windows,clean,mae,,0.059854425406676764,0.057682304564255216,0.061911625947031354,joint_parent_percentile,0.0010466946251864256,0.0010521993919761084,2000,2000,0,common_complete_all_declared_methods_conditions,,
43d0a7f75c8afab6d32ab6fd1f2ff8db49cca59e36971e2b74404173f4cbfcf2,accuracy,fGn_0.85_n1024,fGn,none,0.85,1024.0,0.85,GHE,clean,mae,,0.05447556547770053,0.05290461663514106,0.056186581836831465,joint_parent_percentile,0.0008489726826273361,0.0008395600301846406,2000,2000,0,common_complete_all_declared_methods_conditions,,
43d0a7f75c8afab6d32ab6fd1f2ff8db49cca59e36971e2b74404173f4cbfcf2,accuracy,fGn_0.85_n1024,fGn,none,0.85,1024.0,0.85,GHE::centered,clean,mae,,0.07625551056616833,0.07415225686258102,0.078277780187081,joint_parent_percentile,0.0010457376108996947,0.001046806147614458,2000,2000,0,common_complete_all_declared_methods_conditions,,
43d0a7f75c8afab6d32ab6fd1f2ff8db49cca59e36971e2b74404173f4cbfcf2,accuracy,fGn_0.85_n1024,fGn,none,0.85,1024.0,0.85,GPH::narrow_band,clean,mae,,0.10535618871576725,0.10184127531193726,0.10875626301473859,joint_parent_percentile,0.0018047157534160844,0.0017795028289632865,2000,2000,0,common_complete_all_declared_methods_conditions,,
43d0a7f75c8afab6d32ab6fd1f2ff8db49cca59e36971e2b74404173f4cbfcf2,accuracy,fGn_0.85_n1024,fGn,none,0.85,1024.0,0.85,GPH::wider_band,clean,mae,,0.07032441511341112,0.06783826870748721,0.0725758733904966,joint_parent_percentile,0.001215486083286201,0.00119740171387026,2000,2000,0,common_complete_all_declared_methods_conditions,,
43d0a7f75c8afab6d32ab6fd1f2ff8db49cca59e36971e2b74404173f4cbfcf2,accuracy,fGn_0.85_n1024,fGn,none,0.85,1024.0,0.85,Higuchi,clean,mae,,0.04381936415763393,0.04244222931501083,0.04518199275315576,joint_parent_percentile,0.0007042382114820033,0.0007017440534794162,2000,2000,0,common_complete_all_declared_methods_conditions,,
43d0a7f75c8afab6d32ab6fd1f2ff8db49cca59e36971e2b74404173f4cbfcf2,accuracy,fGn_0.85_n1024,fGn,none,0.85,1024.0,0.85,Higuchi::centered,clean,mae,,0.05519212971309727,0.05364278227018712,0.05671421056588433,joint_parent_percentile,0.0007809054020227269,0.0007814009227869938,2000,2000,0,common_complete_all_declared_methods_conditions,,
43d0a7f75c8afab6d32ab6fd1f2ff8db49cca59e36971e2b74404173f4cbfcf2,accuracy,fGn_0.85_n1024,fGn,none,0.85,1024.0,0.85,ModifiedLocalWhittle,clean,mae,,0.05535799087122365,0.05353702458301944,0.05713662684149423,joint_parent_percentile,0.0009369436892742946,0.0009378370193205602,2000,2000,0,common_complete_all_declared_methods_conditions,,
43d0a7f75c8afab6d32ab6fd1f2ff8db49cca59e36971e2b74404173f4cbfcf2,accuracy,fGn_0.85_n1024,fGn,none,0.85,1024.0,0.85,RS,clean,mae,,0.0486344411941522,0.04718235139692511,0.050070026740338926,joint_parent_percentile,0.0007484245319627712,0.0007437099456796323,2000,2000,0,common_complete_all_declared_methods_conditions,,
43d0a7f75c8afab6d32ab6fd1f2ff8db49cca59e36971e2b74404173f4cbfcf2,accuracy,fGn_0.85_n1024,fGn,none,0.85,1024.0,0.85,Variance,clean,mae,,0.11674988249026322,0.11266209306374574,0.12068942123871496,joint_parent_percentile,0.001968184818347092,0.0019822811192340938,2000,2000,0,common_complete_all_declared_methods_conditions,,
43d0a7f75c8afab6d32ab6fd1f2ff8db49cca59e36971e2b74404173f4cbfcf2,accuracy,fGn_0.85_n1024,fGn,none,0.85,1024.0,0.85,VarianceResidual,clean,mae,,0.047684130059306946,0.04620163234306935,0.04922065579681253,joint_parent_percentile,0.0007935774607113445,0.0007812983065162807,2000,2000,0,common_complete_all_declared_methods_conditions,,
43d0a7f75c8afab6d32ab6fd1f2ff8db49cca59e36971e2b74404173f4cbfcf2,accuracy,fGn_0.85_n1024,fGn,none,0.85,1024.0,0.85,WaveletOLS::broad_band,clean,mae,,0.05199752017137487,0.050175379262064876,0.053771465217524766,joint_parent_percentile,0.0009163527046858954,0.0009133920375754325,2000,2000,0,common_complete_all_declared_methods_conditions,,
43d0a7f75c8afab6d32ab6fd1f2ff8db49cca59e36971e2b74404173f4cbfcf2,accuracy,fGn_0.85_n1024,fGn,none,0.85,1024.0,0.85,WaveletOLS::conservative_band,clean,mae,,0.07497499367267448,0.0725759523063745,0.0775697904470894,joint_parent_percentile,0.0012760586677412,0.0012751737369868716,2000,2000,0,common_complete_all_declared_methods_conditions,,
43d0a7f75c8afab6d32ab6fd1f2ff8db49cca59e36971e2b74404173f4cbfcf2,accuracy,fGn_0.85_n1024,fGn,none,0.85,1024.0,0.85,WaveletOLS::upper_band,clean,mae,,0.04949501246993305,0.04782209844683736,0.05119824526107576,joint_parent_percentile,0.0008499435761101818,0.000847682028720953,2000,2000,0,common_complete_all_declared_methods_conditions,,
43d0a7f75c8afab6d32ab6fd1f2ff8db49cca59e36971e2b74404173f4cbfcf2,accuracy,fGn_0.85_n1024,fGn,none,0.85,1024.0,0.85,WhittleMLE,clean,mae,,0.05545249642099933,0.05361728981843469,0.057241208310438586,joint_parent_percentile,0.0009376295174969718,0.0009385679435570232,2000,2000,0,common_complete_all_declared_methods_conditions,,
43d0a7f75c8afab6d32ab6fd1f2ff8db49cca59e36971e2b74404173f4cbfcf2,accuracy,fGn_0.85_n2048,fGn,none,0.85,2048.0,0.85,AbsoluteMoment,clean,mae,,0.08709109807332661,0.08450938891543136,0.08967183035876004,joint_parent_percentile,0.001326194182379722,0.0013090921859262655,2000,2000,0,common_complete_all_declared_methods_conditions,,
43d0a7f75c8afab6d32ab6fd1f2ff8db49cca59e36971e2b74404173f4cbfcf2,accuracy,fGn_0.85_n2048,fGn,none,0.85,2048.0,0.85,DFA::balanced_scales,clean,mae,,0.034645934971713165,0.033521126321009134,0.03574273557960021,joint_parent_percentile,0.0005764636332833707,0.0005857600082445516,2000,2000,0,common_complete_all_declared_methods_conditions,,
43d0a7f75c8afab6d32ab6fd1f2ff8db49cca59e36971e2b74404173f4cbfcf2,accuracy,fGn_0.85_n2048,fGn,none,0.85,2048.0,0.85,DFA::long_scales,clean,mae,,0.03975783581778202,0.03845413464949564,0.04115287477144329,joint_parent_percentile,0.0006578411496319758,0.0006737254256132325,2000,2000,0,common_complete_all_declared_methods_conditions,,
43d0a7f75c8afab6d32ab6fd1f2ff8db49cca59e36971e2b74404173f4cbfcf2,accuracy,fGn_0.85_n2048,fGn,none,0.85,2048.0,0.85,DFA::short_scales,clean,mae,,0.028676957610229002,0.027707062053574556,0.02968325034212842,joint_parent_percentile,0.0004799746827171702,0.0004997516547403144,2000,2000,0,common_complete_all_declared_methods_conditions,,
43d0a7f75c8afab6d32ab6fd1f2ff8db49cca59e36971e2b74404173f4cbfcf2,accuracy,fGn_0.85_n2048,fGn,none,0.85,2048.0,0.85,DMA::balanced_windows,clean,mae,,0.058704313383438976,0.05691121848734406,0.06055008115607869,joint_parent_percentile,0.0009518061146551695,0.0009200921650897162,2000,2000,0,common_complete_all_declared_methods_conditions,,
43d0a7f75c8afab6d32ab6fd1f2ff8db49cca59e36971e2b74404173f4cbfcf2,accuracy,fGn_0.85_n2048,fGn,none,0.85,2048.0,0.85,DMA::long_windows,clean,mae,,0.08152390699035332,0.07912321829924017,0.08387738080597062,joint_parent_percentile,0.0012537007147592667,0.0012226021937053128,2000,2000,0,common_complete_all_declared_methods_conditions,,
43d0a7f75c8afab6d32ab6fd1f2ff8db49cca59e36971e2b74404173f4cbfcf2,accuracy,fGn_0.85_n2048,fGn,none,0.85,2048.0,0.85,DMA::short_windows,clean,mae,,0.037580214673924764,0.03633246466720165,0.03879096211038218,joint_parent_percentile,0.0006376117930330844,0.000621649545401364,2000,2000,0,common_complete_all_declared_methods_conditions,,
43d0a7f75c8afab6d32ab6fd1f2ff8db49cca59e36971e2b74404173f4cbfcf2,accuracy,fGn_0.85_n2048,fGn,none,0.85,2048.0,0.85,GHE,clean,mae,,0.048534927045737024,0.046982489799639815,0.05004514513747229,joint_parent_percentile,0.0007859769705358636,0.0007679643250274353,2000,2000,0,common_complete_all_declared_methods_conditions,,
43d0a7f75c8afab6d32ab6fd1f2ff8db49cca59e36971e2b74404173f4cbfcf2,accuracy,fGn_0.85_n2048,fGn,none,0.85,2048.0,0.85,GHE::centered,clean,mae,,0.06706097135331002,0.06529415685809775,0.06889086003692771,joint_parent_percentile,0.0009214618477340775,0.0009067992876801005,2000,2000,0,common_complete_all_declared_methods_conditions,,
43d0a7f75c8afab6d32ab6fd1f2ff8db49cca59e36971e2b74404173f4cbfcf2,accuracy,fGn_0.85_n2048,fGn,none,0.85,2048.0,0.85,GPH::narrow_band,clean,mae,,0.10710503204895591,0.1034497200744388,0.11079611578294209,joint_parent_percentile,0.001864188908335425,0.0018590911906371153,2000,2000,0,common_complete_all_declared_methods_conditions,,
43d0a7f75c8afab6d32ab6fd1f2ff8db49cca59e36971e2b74404173f4cbfcf2,accuracy,fGn_0.85_n2048,fGn,none,0.85,2048.0,0.85,GPH::wider_band,clean,mae,,0.07148052277129113,0.06900398183245977,0.07390137323327628,joint_parent_percentile,0.0012208289061410914,0.00123769193318101,2000,2000,0,common_complete_all_declared_methods_conditions,,
43d0a7f75c8afab6d32ab6fd1f2ff8db49cca59e36971e2b74404173f4cbfcf2,accuracy,fGn_0.85_n2048,fGn,none,0.85,2048.0,0.85,Higuchi,clean,mae,,0.0341212808317729,0.033048402877050305,0.03521123580816996,joint_parent_percentile,0.0005494836758171381,0.0005433780716117933,2000,2000,0,common_complete_all_declared_methods_conditions,,
43d0a7f75c8afab6d32ab6fd1f2ff8db49cca59e36971e2b74404173f4cbfcf2,accuracy,fGn_0.85_n2048,fGn,none,0.85,2048.0,0.85,Higuchi::centered,clean,mae,,0.04131304417363866,0.040190803860825554,0.042430800065451475,joint_parent_percentile,0.000582435485839102,0.0005736434220848691,2000,2000,0,common_complete_all_declared_methods_conditions,,
43d0a7f75c8afab6d32ab6fd1f2ff8db49cca59e36971e2b74404173f4cbfcf2,accuracy,fGn_0.85_n2048,fGn,none,0.85,2048.0,0.85,ModifiedLocalWhittle,clean,mae,,0.05494882521795166,0.05319623983145039,0.05668627268837641,joint_parent_percentile,0.0009293406157887685,0.0009073048397292838,2000,2000,0,common_complete_all_declared_methods_conditions,,
43d0a7f75c8afab6d32ab6fd1f2ff8db49cca59e36971e2b74404173f4cbfcf2,accuracy,fGn_0.85_n2048,fGn,none,0.85,2048.0,0.85,RS,clean,mae,,0.0421169722684051,0.04094982023171931,0.043288746038071764,joint_parent_percentile,0.0006259174592377283,0.000606317305257079,2000,2000,0,common_complete_all_declared_methods_conditions,,
43d0a7f75c8afab6d32ab6fd1f2ff8db49cca59e36971e2b74404173f4cbfcf2,accuracy,fGn_0.85_n2048,fGn,none,0.85,2048.0,0.85,Variance,clean,mae,,0.08053591707182399,0.07809662667149805,0.08286832352948581,joint_parent_percentile,0.001252997731650156,0.0012392668830239317,2000,2000,0,common_complete_all_declared_methods_conditions,,
43d0a7f75c8afab6d32ab6fd1f2ff8db49cca59e36971e2b74404173f4cbfcf2,accuracy,fGn_0.85_n2048,fGn,none,0.85,2048.0,0.85,VarianceResidual,clean,mae,,0.033732764514004865,0.03261805253805974,0.03489004727028558,joint_parent_percentile,0.0005721412368240958,0.0005672735865177024,2000,2000,0,common_complete_all_declared_methods_conditions,,
43d0a7f75c8afab6d32ab6fd1f2ff8db49cca59e36971e2b74404173f4cbfcf2,accuracy,fGn_0.85_n2048,fGn,none,0.85,2048.0,0.85,WaveletOLS::broad_band,clean,mae,,0.040752554825936954,0.03944135602223066,0.042119017764688696,joint_parent_percentile,0.0007015828422655213,0.0006787627751985758,2000,2000,0,common_complete_all_declared_methods_conditions,,
43d0a7f75c8afab6d32ab6fd1f2ff8db49cca59e36971e2b74404173f4cbfcf2,accuracy,fGn_0.85_n2048,fGn,none,0.85,2048.0,0.85,WaveletOLS::conservative_band,clean,mae,,0.05303539660360819,0.05130446761604846,0.05487935253064499,joint_parent_percentile,0.0009176222171029855,0.0009052914903849431,2000,2000,0,common_complete_all_declared_methods_conditions,,
43d0a7f75c8afab6d32ab6fd1f2ff8db49cca59e36971e2b74404173f4cbfcf2,accuracy,fGn_0.85_n2048,fGn,none,0.85,2048.0,0.85,WaveletOLS::upper_band,clean,mae,,0.0362065338146969,0.035050313015169615,0.037476546888191596,joint_parent_percentile,0.000611506059380557,0.0006182419365877336,2000,2000,0,common_complete_all_declared_methods_conditions,,
43d0a7f75c8afab6d32ab6fd1f2ff8db49cca59e36971e2b74404173f4cbfcf2,accuracy,fGn_0.85_n2048,fGn,none,0.85,2048.0,0.85,WhittleMLE,clean,mae,,0.05497027037189989,0.05322170458458762,0.05671413362144494,joint_parent_percentile,0.0009293987233132426,0.0009075275955592445,2000,2000,0,common_complete_all_declared_methods_conditions,,
43d0a7f75c8afab6d32ab6fd1f2ff8db49cca59e36971e2b74404173f4cbfcf2,accuracy,domain_aggregate,AR1,all_lengths,,,,AbsoluteMoment,clean,mae,,0.14546037672398412,0.14399664966495662,0.1468903261878139,joint_parent_percentile,,0.0007285185269154063,24000,24000,0,fixed_equal_cell_weights__common_complete_all_declared_methods_conditions,,
43d0a7f75c8afab6d32ab6fd1f2ff8db49cca59e36971e2b74404173f4cbfcf2,accuracy,domain_aggregate,AR1,all_lengths,,,,DFA::balanced_scales,clean,mae,,0.3188220511124871,0.3181009756504701,0.3195606494105853,joint_parent_percentile,,0.0003810955467965484,24000,24000,0,fixed_equal_cell_weights__common_complete_all_declared_methods_conditions,,
43d0a7f75c8afab6d32ab6fd1f2ff8db49cca59e36971e2b74404173f4cbfcf2,accuracy,domain_aggregate,AR1,all_lengths,,,,DFA::long_scales,clean,mae,,0.26461666846767273,0.26379946183998554,0.26543420147185287,joint_parent_percentile,,0.0004194908939339232,24000,24000,0,fixed_equal_cell_weights__common_complete_all_declared_methods_conditions,,
43d0a7f75c8afab6d32ab6fd1f2ff8db49cca59e36971e2b74404173f4cbfcf2,accuracy,domain_aggregate,AR1,all_lengths,,,,DFA::short_scales,clean,mae,,0.3875825124932022,0.38696520998568285,0.38820522018593084,joint_parent_percentile,,0.0003233297159705581,24000,24000,0,fixed_equal_cell_weights__common_complete_all_declared_methods_conditions,,
43d0a7f75c8afab6d32ab6fd1f2ff8db49cca59e36971e2b74404173f4cbfcf2,accuracy,domain_aggregate,AR1,all_lengths,,,,DMA::balanced_windows,clean,mae,,0.1283666662776533,0.12759875945723054,0.12907570404629368,joint_parent_percentile,,0.00037502577981250615,24000,24000,0,fixed_equal_cell_weights__common_complete_all_declared_methods_conditions,,
43d0a7f75c8afab6d32ab6fd1f2ff8db49cca59e36971e2b74404173f4cbfcf2,accuracy,domain_aggregate,AR1,all_lengths,,,,DMA::long_windows,clean,mae,,0.11322550867201919,0.11239520511324402,0.11406569769608174,joint_parent_percentile,,0.000431662592634273,24000,24000,0,fixed_equal_cell_weights__common_complete_all_declared_methods_conditions,,
43d0a7f75c8afab6d32ab6fd1f2ff8db49cca59e36971e2b74404173f4cbfcf2,accuracy,domain_aggregate,AR1,all_lengths,,,,DMA::short_windows,clean,mae,,0.16285770342020026,0.16223441704976121,0.1634617537216014,joint_parent_percentile,,0.00031446231426727746,24000,24000,0,fixed_equal_cell_weights__common_complete_all_declared_methods_conditions,,
43d0a7f75c8afab6d32ab6fd1f2ff8db49cca59e36971e2b74404173f4cbfcf2,accuracy,domain_aggregate,AR1,all_lengths,,,,GHE,clean,mae,,0.1857744175596604,0.18525128055280962,0.1862981191406281,joint_parent_percentile,,0.00026285286142567764,24000,24000,0,fixed_equal_cell_weights__common_complete_all_declared_methods_conditions,,
43d0a7f75c8afab6d32ab6fd1f2ff8db49cca59e36971e2b74404173f4cbfcf2,accuracy,domain_aggregate,AR1,all_lengths,,,,GHE::centered,clean,mae,,0.1802916904773264,0.17976571645659467,0.18079832443887756,joint_parent_percentile,,0.00026517072744423637,24000,24000,0,fixed_equal_cell_weights__common_complete_all_declared_methods_conditions,,
43d0a7f75c8afab6d32ab6fd1f2ff8db49cca59e36971e2b74404173f4cbfcf2,accuracy,domain_aggregate,AR1,all_lengths,,,,GPH::narrow_band,clean,mae,,0.21238899074570836,0.21114351287745933,0.21364753197779157,joint_parent_percentile,,0.0006459283147647651,24000,24000,0,fixed_equal_cell_weights__common_complete_all_declared_methods_conditions,,
43d0a7f75c8afab6d32ab6fd1f2ff8db49cca59e36971e2b74404173f4cbfcf2,accuracy,domain_aggregate,AR1,all_lengths,,,,GPH::wider_band,clean,mae,,0.25766628503137257,0.2567558396788637,0.25861886551639374,joint_parent_percentile,,0.000474610301970267,24000,24000,0,fixed_equal_cell_weights__common_complete_all_declared_methods_conditions,,
43d0a7f75c8afab6d32ab6fd1f2ff8db49cca59e36971e2b74404173f4cbfcf2,accuracy,domain_aggregate,AR1,all_lengths,,,,Higuchi,clean,mae,,0.2264659150638091,0.22603637879709498,0.22690524202147458,joint_parent_percentile,,0.00021961930060283895,24000,24000,0,fixed_equal_cell_weights__common_complete_all_declared_methods_conditions,,
43d0a7f75c8afab6d32ab6fd1f2ff8db49cca59e36971e2b74404173f4cbfcf2,accuracy,domain_aggregate,AR1,all_lengths,,,,Higuchi::centered,clean,mae,,0.22389466856078077,0.2234581523835184,0.2243377913465888,joint_parent_percentile,,0.00022256137698327833,24000,24000,0,fixed_equal_cell_weights__common_complete_all_declared_methods_conditions,,
43d0a7f75c8afab6d32ab6fd1f2ff8db49cca59e36971e2b74404173f4cbfcf2,accuracy,domain_aggregate,AR1,all_lengths,,,,ModifiedLocalWhittle,clean,mae,,0.21471389470020075,0.2140932965296129,0.2153572455294852,joint_parent_percentile,,0.00033129050469826423,24000,24000,0,fixed_equal_cell_weights__common_complete_all_declared_methods_conditions,,
43d0a7f75c8afab6d32ab6fd1f2ff8db49cca59e36971e2b74404173f4cbfcf2,accuracy,domain_aggregate,AR1,all_lengths,,,,RS,clean,mae,,0.21092179686067783,0.210514074140407,0.21132830504534048,joint_parent_percentile,,0.00021356198283339136,24000,24000,0,fixed_equal_cell_weights__common_complete_all_declared_methods_conditions,,
43d0a7f75c8afab6d32ab6fd1f2ff8db49cca59e36971e2b74404173f4cbfcf2,accuracy,domain_aggregate,AR1,all_lengths,,,,Variance,clean,mae,,0.1447729292072236,0.14339664287120632,0.1461102779544479,joint_parent_percentile,,0.0006935756615767186,24000,24000,0,fixed_equal_cell_weights__common_complete_all_declared_methods_conditions,,
43d0a7f75c8afab6d32ab6fd1f2ff8db49cca59e36971e2b74404173f4cbfcf2,accuracy,domain_aggregate,AR1,all_lengths,,,,VarianceResidual,clean,mae,,0.3184729876990778,0.3178072524947289,0.3191475249891626,joint_parent_percentile,,0.00034638420888922193,24000,24000,0,fixed_equal_cell_weights__common_complete_all_declared_methods_conditions,,
43d0a7f75c8afab6d32ab6fd1f2ff8db49cca59e36971e2b74404173f4cbfcf2,accuracy,domain_aggregate,AR1,all_lengths,,,,WaveletOLS::broad_band,clean,mae,,0.3561271505955646,0.3552721623722838,0.35701303458256256,joint_parent_percentile,,0.00044526641092731826,24000,24000,0,fixed_equal_cell_weights__common_complete_all_declared_methods_conditions,,
43d0a7f75c8afab6d32ab6fd1f2ff8db49cca59e36971e2b74404173f4cbfcf2,accuracy,domain_aggregate,AR1,all_lengths,,,,WaveletOLS::conservative_band,clean,mae,,0.3533931170971334,0.35216160870577223,0.35462242691461016,joint_parent_percentile,,0.0006368058601559826,24000,24000,0,fixed_equal_cell_weights__common_complete_all_declared_methods_conditions,,
43d0a7f75c8afab6d32ab6fd1f2ff8db49cca59e36971e2b74404173f4cbfcf2,accuracy,domain_aggregate,AR1,all_lengths,,,,WaveletOLS::upper_band,clean,mae,,0.4109072293250802,0.41006315364461765,0.41175423660905186,joint_parent_percentile,,0.0004383349833035048,24000,24000,0,fixed_equal_cell_weights__common_complete_all_declared_methods_conditions,,
43d0a7f75c8afab6d32ab6fd1f2ff8db49cca59e36971e2b74404173f4cbfcf2,accuracy,domain_aggregate,AR1,all_lengths,,,,WhittleMLE,clean,mae,,0.21495223119498433,0.21433205164320066,0.21559744103344095,joint_parent_percentile,,0.0003318016523942232,24000,24000,0,fixed_equal_cell_weights__common_complete_all_declared_methods_conditions,,
43d0a7f75c8afab6d32ab6fd1f2ff8db49cca59e36971e2b74404173f4cbfcf2,accuracy,domain_aggregate,ARFIMA,all_lengths,,,,AbsoluteMoment,clean,mae,,0.1275225329731844,0.12576345429278393,0.1293257123636012,joint_parent_percentile,,0.0009306626524600808,18000,18000,0,fixed_equal_cell_weights__common_complete_all_declared_methods_conditions,,
43d0a7f75c8afab6d32ab6fd1f2ff8db49cca59e36971e2b74404173f4cbfcf2,accuracy,domain_aggregate,ARFIMA,all_lengths,,,,DFA::balanced_scales,clean,mae,,0.04588239445343735,0.04536642993032446,0.046359302359378206,joint_parent_percentile,,0.00025040299392906795,18000,18000,0,fixed_equal_cell_weights__common_complete_all_declared_methods_conditions,,
43d0a7f75c8afab6d32ab6fd1f2ff8db49cca59e36971e2b74404173f4cbfcf2,accuracy,domain_aggregate,ARFIMA,all_lengths,,,,DFA::long_scales,clean,mae,,0.04904323798995676,0.04848874316737046,0.0495831745278113,joint_parent_percentile,,0.00027964871630291495,18000,18000,0,fixed_equal_cell_weights__common_complete_all_declared_methods_conditions,,
43d0a7f75c8afab6d32ab6fd1f2ff8db49cca59e36971e2b74404173f4cbfcf2,accuracy,domain_aggregate,ARFIMA,all_lengths,,,,DFA::short_scales,clean,mae,,0.04584751163277826,0.0454402687456174,0.0462633166155545,joint_parent_percentile,,0.00021185843508508207,18000,18000,0,fixed_equal_cell_weights__common_complete_all_declared_methods_conditions,,
43d0a7f75c8afab6d32ab6fd1f2ff8db49cca59e36971e2b74404173f4cbfcf2,accuracy,domain_aggregate,ARFIMA,all_lengths,,,,DMA::balanced_windows,clean,mae,,0.06679087659245864,0.06601158789817824,0.0675965400745776,joint_parent_percentile,,0.00040109892111714525,18000,18000,0,fixed_equal_cell_weights__common_complete_all_declared_methods_conditions,,
43d0a7f75c8afab6d32ab6fd1f2ff8db49cca59e36971e2b74404173f4cbfcf2,accuracy,domain_aggregate,ARFIMA,all_lengths,,,,DMA::long_windows,clean,mae,,0.08598103181986927,0.08503279717290659,0.08696213401001644,joint_parent_percentile,,0.0004971638424835483,18000,18000,0,fixed_equal_cell_weights__common_complete_all_declared_methods_conditions,,
43d0a7f75c8afab6d32ab6fd1f2ff8db49cca59e36971e2b74404173f4cbfcf2,accuracy,domain_aggregate,ARFIMA,all_lengths,,,,DMA::short_windows,clean,mae,,0.05447588316979636,0.05386076800677077,0.055081010514374674,joint_parent_percentile,,0.00030865534071011563,18000,18000,0,fixed_equal_cell_weights__common_complete_all_declared_methods_conditions,,
43d0a7f75c8afab6d32ab6fd1f2ff8db49cca59e36971e2b74404173f4cbfcf2,accuracy,domain_aggregate,ARFIMA,all_lengths,,,,GHE,clean,mae,,0.041010264244845,0.0405588915900094,0.04146669681220018,joint_parent_percentile,,0.00022500033310247138,18000,18000,0,fixed_equal_cell_weights__common_complete_all_declared_methods_conditions,,
43d0a7f75c8afab6d32ab6fd1f2ff8db49cca59e36971e2b74404173f4cbfcf2,accuracy,domain_aggregate,ARFIMA,all_lengths,,,,GHE::centered,clean,mae,,0.04597902782636822,0.045468874318628824,0.046481560546937195,joint_parent_percentile,,0.0002544495457357679,18000,18000,0,fixed_equal_cell_weights__common_complete_all_declared_methods_conditions,,
43d0a7f75c8afab6d32ab6fd1f2ff8db49cca59e36971e2b74404173f4cbfcf2,accuracy,domain_aggregate,ARFIMA,all_lengths,,,,GPH::narrow_band,clean,mae,,0.10614010540067916,0.1049557653628993,0.10733937617939118,joint_parent_percentile,,0.0006063133207462293,18000,18000,0,fixed_equal_cell_weights__common_complete_all_declared_methods_conditions,,
43d0a7f75c8afab6d32ab6fd1f2ff8db49cca59e36971e2b74404173f4cbfcf2,accuracy,domain_aggregate,ARFIMA,all_lengths,,,,GPH::wider_band,clean,mae,,0.07098820088114291,0.07018630314592669,0.07176862199757432,joint_parent_percentile,,0.0004028326822738325,18000,18000,0,fixed_equal_cell_weights__common_complete_all_declared_methods_conditions,,
43d0a7f75c8afab6d32ab6fd1f2ff8db49cca59e36971e2b74404173f4cbfcf2,accuracy,domain_aggregate,ARFIMA,all_lengths,,,,Higuchi,clean,mae,,0.03737846701874433,0.036984692834903896,0.03777464646117175,joint_parent_percentile,,0.00020219306942579325,18000,18000,0,fixed_equal_cell_weights__common_complete_all_declared_methods_conditions,,
43d0a7f75c8afab6d32ab6fd1f2ff8db49cca59e36971e2b74404173f4cbfcf2,accuracy,domain_aggregate,ARFIMA,all_lengths,,,,Higuchi::centered,clean,mae,,0.04016253047822433,0.039710487874534094,0.04059250555315199,joint_parent_percentile,,0.00022204104867499218,18000,18000,0,fixed_equal_cell_weights__common_complete_all_declared_methods_conditions,,
43d0a7f75c8afab6d32ab6fd1f2ff8db49cca59e36971e2b74404173f4cbfcf2,accuracy,domain_aggregate,ARFIMA,all_lengths,,,,ModifiedLocalWhittle,clean,mae,,0.056666316734823266,0.056010320726463295,0.05728993302207424,joint_parent_percentile,,0.00032568330730998584,18000,18000,0,fixed_equal_cell_weights__common_complete_all_declared_methods_conditions,,
43d0a7f75c8afab6d32ab6fd1f2ff8db49cca59e36971e2b74404173f4cbfcf2,accuracy,domain_aggregate,ARFIMA,all_lengths,,,,RS,clean,mae,,0.08068792445216051,0.08025970989410529,0.08113960680670149,joint_parent_percentile,,0.0002258444751733277,18000,18000,0,fixed_equal_cell_weights__common_complete_all_declared_methods_conditions,,
43d0a7f75c8afab6d32ab6fd1f2ff8db49cca59e36971e2b74404173f4cbfcf2,accuracy,domain_aggregate,ARFIMA,all_lengths,,,,Variance,clean,mae,,0.11859917363884162,0.11689833220885666,0.12027575114697499,joint_parent_percentile,,0.0008828935514056294,18000,18000,0,fixed_equal_cell_weights__common_complete_all_declared_methods_conditions,,
43d0a7f75c8afab6d32ab6fd1f2ff8db49cca59e36971e2b74404173f4cbfcf2,accuracy,domain_aggregate,ARFIMA,all_lengths,,,,VarianceResidual,clean,mae,,0.04295044869823434,0.04245987394838295,0.04341388946415699,joint_parent_percentile,,0.0002375038702837722,18000,18000,0,fixed_equal_cell_weights__common_complete_all_declared_methods_conditions,,
43d0a7f75c8afab6d32ab6fd1f2ff8db49cca59e36971e2b74404173f4cbfcf2,accuracy,domain_aggregate,ARFIMA,all_lengths,,,,WaveletOLS::broad_band,clean,mae,,0.08761750379935115,0.08660925839827752,0.08857131015288752,joint_parent_percentile,,0.0004987493811966169,18000,18000,0,fixed_equal_cell_weights__common_complete_all_declared_methods_conditions,,
43d0a7f75c8afab6d32ab6fd1f2ff8db49cca59e36971e2b74404173f4cbfcf2,accuracy,domain_aggregate,ARFIMA,all_lengths,,,,WaveletOLS::conservative_band,clean,mae,,0.09903952110282482,0.09788791784323166,0.10024679195826298,joint_parent_percentile,,0.0006194448318567574,18000,18000,0,fixed_equal_cell_weights__common_complete_all_declared_methods_conditions,,
43d0a7f75c8afab6d32ab6fd1f2ff8db49cca59e36971e2b74404173f4cbfcf2,accuracy,domain_aggregate,ARFIMA,all_lengths,,,,WaveletOLS::upper_band,clean,mae,,0.06768550472276366,0.06689782283323001,0.0684977188829975,joint_parent_percentile,,0.00041510552559481743,18000,18000,0,fixed_equal_cell_weights__common_complete_all_declared_methods_conditions,,
43d0a7f75c8afab6d32ab6fd1f2ff8db49cca59e36971e2b74404173f4cbfcf2,accuracy,domain_aggregate,ARFIMA,all_lengths,,,,WhittleMLE,clean,mae,,0.05683299431873676,0.05617851631991674,0.057455605157808676,joint_parent_percentile,,0.0003266597986227046,18000,18000,0,fixed_equal_cell_weights__common_complete_all_declared_methods_conditions,,
43d0a7f75c8afab6d32ab6fd1f2ff8db49cca59e36971e2b74404173f4cbfcf2,accuracy,domain_aggregate,fGn,all_lengths,,,,AbsoluteMoment,clean,mae,,0.1392318746398128,0.13755465039684794,0.1408703698265694,joint_parent_percentile,,0.000838086117240601,24000,24000,0,fixed_equal_cell_weights__common_complete_all_declared_methods_conditions,,
43d0a7f75c8afab6d32ab6fd1f2ff8db49cca59e36971e2b74404173f4cbfcf2,accuracy,domain_aggregate,fGn,all_lengths,,,,DFA::balanced_scales,clean,mae,,0.041517391887287654,0.04109158373523551,0.04194945960451626,joint_parent_percentile,,0.00021868223047508288,24000,24000,0,fixed_equal_cell_weights__common_complete_all_declared_methods_conditions,,
43d0a7f75c8afab6d32ab6fd1f2ff8db49cca59e36971e2b74404173f4cbfcf2,accuracy,domain_aggregate,fGn,all_lengths,,,,DFA::long_scales,clean,mae,,0.048752393156386735,0.048241524952438254,0.04924129949017105,joint_parent_percentile,,0.0002527876228743335,24000,24000,0,fixed_equal_cell_weights__common_complete_all_declared_methods_conditions,,
43d0a7f75c8afab6d32ab6fd1f2ff8db49cca59e36971e2b74404173f4cbfcf2,accuracy,domain_aggregate,fGn,all_lengths,,,,DFA::short_scales,clean,mae,,0.03517224525418933,0.03482879024265303,0.03552477592912438,joint_parent_percentile,,0.00017464983310436585,24000,24000,0,fixed_equal_cell_weights__common_complete_all_declared_methods_conditions,,
43d0a7f75c8afab6d32ab6fd1f2ff8db49cca59e36971e2b74404173f4cbfcf2,accuracy,domain_aggregate,fGn,all_lengths,,,,DMA::balanced_windows,clean,mae,,0.07442485629024202,0.07367461826152677,0.07521035541907448,joint_parent_percentile,,0.00039436383144651917,24000,24000,0,fixed_equal_cell_weights__common_complete_all_declared_methods_conditions,,
43d0a7f75c8afab6d32ab6fd1f2ff8db49cca59e36971e2b74404173f4cbfcf2,accuracy,domain_aggregate,fGn,all_lengths,,,,DMA::long_windows,clean,mae,,0.10005557052342921,0.09910150232554148,0.10103917005521888,joint_parent_percentile,,0.0004916918371816495,24000,24000,0,fixed_equal_cell_weights__common_complete_all_declared_methods_conditions,,
43d0a7f75c8afab6d32ab6fd1f2ff8db49cca59e36971e2b74404173f4cbfcf2,accuracy,domain_aggregate,fGn,all_lengths,,,,DMA::short_windows,clean,mae,,0.05407905535293295,0.053495108643323803,0.05467588734670611,joint_parent_percentile,,0.0002960460298917789,24000,24000,0,fixed_equal_cell_weights__common_complete_all_declared_methods_conditions,,
43d0a7f75c8afab6d32ab6fd1f2ff8db49cca59e36971e2b74404173f4cbfcf2,accuracy,domain_aggregate,fGn,all_lengths,,,,GHE,clean,mae,,0.0411352014773357,0.04072797700769586,0.041532964638145514,joint_parent_percentile,,0.00020842048092427627,24000,24000,0,fixed_equal_cell_weights__common_complete_all_declared_methods_conditions,,
43d0a7f75c8afab6d32ab6fd1f2ff8db49cca59e36971e2b74404173f4cbfcf2,accuracy,domain_aggregate,fGn,all_lengths,,,,GHE::centered,clean,mae,,0.0500011841606648,0.04953876829932986,0.050491167626875624,joint_parent_percentile,,0.00023916885553822295,24000,24000,0,fixed_equal_cell_weights__common_complete_all_declared_methods_conditions,,
43d0a7f75c8afab6d32ab6fd1f2ff8db49cca59e36971e2b74404173f4cbfcf2,accuracy,domain_aggregate,fGn,all_lengths,,,,GPH::narrow_band,clean,mae,,0.10672896584448881,0.10562013275787294,0.10779668620364215,joint_parent_percentile,,0.0005583044361962979,24000,24000,0,fixed_equal_cell_weights__common_complete_all_declared_methods_conditions,,
43d0a7f75c8afab6d32ab6fd1f2ff8db49cca59e36971e2b74404173f4cbfcf2,accuracy,domain_aggregate,fGn,all_lengths,,,,GPH::wider_band,clean,mae,,0.07173830180441847,0.0710536871487529,0.07244133271387053,joint_parent_percentile,,0.00035278597189217854,24000,24000,0,fixed_equal_cell_weights__common_complete_all_declared_methods_conditions,,
43d0a7f75c8afab6d32ab6fd1f2ff8db49cca59e36971e2b74404173f4cbfcf2,accuracy,domain_aggregate,fGn,all_lengths,,,,Higuchi,clean,mae,,0.034168235033391614,0.033815952775665986,0.034514879869154226,joint_parent_percentile,,0.00017858270629075588,24000,24000,0,fixed_equal_cell_weights__common_complete_all_declared_methods_conditions,,
43d0a7f75c8afab6d32ab6fd1f2ff8db49cca59e36971e2b74404173f4cbfcf2,accuracy,domain_aggregate,fGn,all_lengths,,,,Higuchi::centered,clean,mae,,0.03884536779209336,0.03846356163189242,0.03923393777614066,joint_parent_percentile,,0.00019583319796194636,24000,24000,0,fixed_equal_cell_weights__common_complete_all_declared_methods_conditions,,
43d0a7f75c8afab6d32ab6fd1f2ff8db49cca59e36971e2b74404173f4cbfcf2,accuracy,domain_aggregate,fGn,all_lengths,,,,ModifiedLocalWhittle,clean,mae,,0.057069808716093816,0.05650925786310941,0.057634549860732895,joint_parent_percentile,,0.0002809889298897947,24000,24000,0,fixed_equal_cell_weights__common_complete_all_declared_methods_conditions,,
43d0a7f75c8afab6d32ab6fd1f2ff8db49cca59e36971e2b74404173f4cbfcf2,accuracy,domain_aggregate,fGn,all_lengths,,,,RS,clean,mae,,0.06503113597392494,0.06462627263501818,0.06540630584260464,joint_parent_percentile,,0.0001975099307263922,24000,24000,0,fixed_equal_cell_weights__common_complete_all_declared_methods_conditions,,
43d0a7f75c8afab6d32ab6fd1f2ff8db49cca59e36971e2b74404173f4cbfcf2,accuracy,domain_aggregate,fGn,all_lengths,,,,Variance,clean,mae,,0.12786768859896674,0.12627716506856843,0.12940322252460737,joint_parent_percentile,,0.0008043150359695662,24000,24000,0,fixed_equal_cell_weights__common_complete_all_declared_methods_conditions,,
43d0a7f75c8afab6d32ab6fd1f2ff8db49cca59e36971e2b74404173f4cbfcf2,accuracy,domain_aggregate,fGn,all_lengths,,,,VarianceResidual,clean,mae,,0.040225802075360986,0.039840486983556044,0.040640305248234,joint_parent_percentile,,0.0002099060000593567,24000,24000,0,fixed_equal_cell_weights__common_complete_all_declared_methods_conditions,,
43d0a7f75c8afab6d32ab6fd1f2ff8db49cca59e36971e2b74404173f4cbfcf2,accuracy,domain_aggregate,fGn,all_lengths,,,,WaveletOLS::broad_band,clean,mae,,0.07754208501703602,0.07679697571206595,0.07834414080770524,joint_parent_percentile,,0.0003942894050603677,24000,24000,0,fixed_equal_cell_weights__common_complete_all_declared_methods_conditions,,
43d0a7f75c8afab6d32ab6fd1f2ff8db49cca59e36971e2b74404173f4cbfcf2,accuracy,domain_aggregate,fGn,all_lengths,,,,WaveletOLS::conservative_band,clean,mae,,0.09653206483691762,0.09547989479136869,0.09750086796390436,joint_parent_percentile,,0.0005186010243844132,24000,24000,0,fixed_equal_cell_weights__common_complete_all_declared_methods_conditions,,
43d0a7f75c8afab6d32ab6fd1f2ff8db49cca59e36971e2b74404173f4cbfcf2,accuracy,domain_aggregate,fGn,all_lengths,,,,WaveletOLS::upper_band,clean,mae,,0.06163725151448499,0.061012000732908696,0.06227575747223594,joint_parent_percentile,,0.0003229821981472466,24000,24000,0,fixed_equal_cell_weights__common_complete_all_declared_methods_conditions,,
43d0a7f75c8afab6d32ab6fd1f2ff8db49cca59e36971e2b74404173f4cbfcf2,accuracy,domain_aggregate,fGn,all_lengths,,,,WhittleMLE,clean,mae,,0.05731317963452481,0.05675062912042311,0.0578809933129925,joint_parent_percentile,,0.0002819298198113924,24000,24000,0,fixed_equal_cell_weights__common_complete_all_declared_methods_conditions,,
