record_id,cell,model_fit,H_target,failure,H,boundary_hit,bounds,covariance_diagonal_jitter,mean,model,objective,optimizer_success,sigma
AR1_0.8_n1024_r0,AR1_0.8_n1024,unknown,0.5,,0.99,True,"[0.01, 0.99]",0.0,0.0007893565816711745,stationary_gaussian_fgn_unknown_constant_mean_ml,-993.9091855522133,True,2.845154600299218
AR1_0.8_n1024_r0,AR1_0.8_n1024,zero,0.5,,0.99,True,"[0.01, 0.99]",0.0,0.0,stationary_gaussian_fgn_known_zero_mean,-993.9091854636017,True,2.8451546004223203
AR1_0.8_n1024_r1,AR1_0.8_n1024,unknown,0.5,,0.99,True,"[0.01, 0.99]",0.0,0.09185260156502142,stationary_gaussian_fgn_unknown_constant_mean_ml,-944.7603747004696,True,2.9142597718958205
AR1_0.8_n1024_r1,AR1_0.8_n1024,zero,0.5,,0.99,True,"[0.01, 0.99]",0.0,0.0,stationary_gaussian_fgn_known_zero_mean,-944.7592310749187,True,2.914261399250736
AR1_0.8_n1024_r10,AR1_0.8_n1024,unknown,0.5,,0.99,True,"[0.01, 0.99]",0.0,-0.07152625370300081,stationary_gaussian_fgn_unknown_constant_mean_ml,-1014.9438570099869,True,2.816082040251161
AR1_0.8_n1024_r10,AR1_0.8_n1024,zero,0.5,,0.99,True,"[0.01, 0.99]",0.0,0.0,stationary_gaussian_fgn_known_zero_mean,-1014.9431143365578,True,2.816083061457061
AR1_0.8_n1024_r11,AR1_0.8_n1024,unknown,0.5,,0.99,True,"[0.01, 0.99]",0.0,-0.022690106705345693,stationary_gaussian_fgn_unknown_constant_mean_ml,-901.8132908094049,True,2.976017822692768
AR1_0.8_n1024_r11,AR1_0.8_n1024,zero,0.5,,0.99,True,"[0.01, 0.99]",0.0,0.0,stationary_gaussian_fgn_known_zero_mean,-901.8132238888243,True,2.9760179199373207
AR1_0.8_n1024_r12,AR1_0.8_n1024,unknown,0.5,,0.99,True,"[0.01, 0.99]",0.0,0.13115911984963313,stationary_gaussian_fgn_unknown_constant_mean_ml,-953.4009445611487,True,2.9019903283480524
AR1_0.8_n1024_r12,AR1_0.8_n1024,zero,0.5,,0.99,True,"[0.01, 0.99]",0.0,0.0,stationary_gaussian_fgn_known_zero_mean,-953.3985929676046,True,2.90199366052854
AR1_0.8_n1024_r13,AR1_0.8_n1024,unknown,0.5,,0.99,True,"[0.01, 0.99]",0.0,-0.20913663550392056,stationary_gaussian_fgn_unknown_constant_mean_ml,-1018.6339958442409,True,2.811012520098987
AR1_0.8_n1024_r13,AR1_0.8_n1024,zero,0.5,,0.99,True,"[0.01, 0.99]",0.0,0.0,stationary_gaussian_fgn_known_zero_mean,-1018.6276236205208,True,2.8110212664019767
AR1_0.8_n1024_r14,AR1_0.8_n1024,unknown,0.5,,0.99,True,"[0.01, 0.99]",0.0,-0.037759477256715954,stationary_gaussian_fgn_unknown_constant_mean_ml,-919.1680516614542,True,2.9509055856755855
AR1_0.8_n1024_r14,AR1_0.8_n1024,zero,0.5,,0.99,True,"[0.01, 0.99]",0.0,0.0,stationary_gaussian_fgn_known_zero_mean,-919.1678631668296,True,2.9509058572721996
AR1_0.8_n1024_r15,AR1_0.8_n1024,unknown,0.5,,0.99,True,"[0.01, 0.99]",0.0,-0.04188689705859646,stationary_gaussian_fgn_unknown_constant_mean_ml,-1062.7712266561525,True,2.7510794547202067
AR1_0.8_n1024_r15,AR1_0.8_n1024,zero,0.5,,0.99,True,"[0.01, 0.99]",0.0,0.0,stationary_gaussian_fgn_known_zero_mean,-1062.7709597812418,True,2.7510798132134346
AR1_0.8_n1024_r16,AR1_0.8_n1024,unknown,0.5,,0.99,True,"[0.01, 0.99]",0.0,-0.09294691650378312,stationary_gaussian_fgn_unknown_constant_mean_ml,-1016.1224955763332,True,2.8144618312733
AR1_0.8_n1024_r16,AR1_0.8_n1024,zero,0.5,,0.99,True,"[0.01, 0.99]",0.0,0.0,stationary_gaussian_fgn_known_zero_mean,-1016.1212400186428,True,2.8144635567226555
AR1_0.8_n1024_r17,AR1_0.8_n1024,unknown,0.5,,0.99,True,"[0.01, 0.99]",0.0,0.11667127587062989,stationary_gaussian_fgn_unknown_constant_mean_ml,-1055.1101623914064,True,2.7613898385745235
AR1_0.8_n1024_r17,AR1_0.8_n1024,zero,0.5,,0.99,True,"[0.01, 0.99]",0.0,0.0,stationary_gaussian_fgn_known_zero_mean,-1055.1081073068021,True,2.7613926095181713
AR1_0.8_n1024_r18,AR1_0.8_n1024,unknown,0.5,,0.99,True,"[0.01, 0.99]",0.0,-0.18523606954985306,stationary_gaussian_fgn_unknown_constant_mean_ml,-860.2684020005045,True,3.0370045856793233
AR1_0.8_n1024_r18,AR1_0.8_n1024,zero,0.5,,0.99,True,"[0.01, 0.99]",0.0,0.0,stationary_gaussian_fgn_known_zero_mean,-860.264119306918,True,3.0370109365453684
AR1_0.8_n1024_r19,AR1_0.8_n1024,unknown,0.5,,0.99,True,"[0.01, 0.99]",0.0,0.11206785538860257,stationary_gaussian_fgn_unknown_constant_mean_ml,-939.1313001428998,True,2.922280841619505
AR1_0.8_n1024_r19,AR1_0.8_n1024,zero,0.5,,0.99,True,"[0.01, 0.99]",0.0,0.0,stationary_gaussian_fgn_known_zero_mean,-939.1296070704088,True,2.922283257457078
AR1_0.8_n1024_r2,AR1_0.8_n1024,unknown,0.5,,0.99,True,"[0.01, 0.99]",0.0,0.019488366908632163,stationary_gaussian_fgn_unknown_constant_mean_ml,-939.4397896155392,True,2.9218406927018408
AR1_0.8_n1024_r2,AR1_0.8_n1024,zero,0.5,,0.99,True,"[0.01, 0.99]",0.0,0.0,stationary_gaussian_fgn_known_zero_mean,-939.4397384007352,True,2.921840765768979
AR1_0.8_n1024_r20,AR1_0.8_n1024,unknown,0.5,,0.99,True,"[0.01, 0.99]",0.0,-0.16807797074911027,stationary_gaussian_fgn_unknown_constant_mean_ml,-955.223549499719,True,2.899408868843766
AR1_0.8_n1024_r20,AR1_0.8_n1024,zero,0.5,,0.99,True,"[0.01, 0.99]",0.0,0.0,stationary_gaussian_fgn_known_zero_mean,-955.2196808488529,True,2.899414345802372
AR1_0.8_n1024_r21,AR1_0.8_n1024,unknown,0.5,,0.99,True,"[0.01, 0.99]",0.0,0.01779225234449988,stationary_gaussian_fgn_unknown_constant_mean_ml,-951.4610226839236,True,2.9047404756330977
AR1_0.8_n1024_r21,AR1_0.8_n1024,zero,0.5,,0.99,True,"[0.01, 0.99]",0.0,0.0,stationary_gaussian_fgn_known_zero_mean,-951.4609794917687,True,2.9047405368938404
AR1_0.8_n1024_r22,AR1_0.8_n1024,unknown,0.5,,0.99,True,"[0.01, 0.99]",0.0,0.057876758001741066,stationary_gaussian_fgn_unknown_constant_mean_ml,-909.3530544035061,True,2.9650816812974536
AR1_0.8_n1024_r22,AR1_0.8_n1024,zero,0.5,,0.99,True,"[0.01, 0.99]",0.0,0.0,stationary_gaussian_fgn_known_zero_mean,-909.3526157792271,True,2.965082316335029
AR1_0.8_n1024_r23,AR1_0.8_n1024,unknown,0.5,,0.99,True,"[0.01, 0.99]",0.0,-0.06297393286465898,stationary_gaussian_fgn_unknown_constant_mean_ml,-942.2938041126763,True,2.9177717630365203
AR1_0.8_n1024_r23,AR1_0.8_n1024,zero,0.5,,0.99,True,"[0.01, 0.99]",0.0,0.0,stationary_gaussian_fgn_known_zero_mean,-942.293267851227,True,2.917772527044684
AR1_0.8_n1024_r24,AR1_0.8_n1024,unknown,0.5,,0.99,True,"[0.01, 0.99]",0.0,0.17040027689582304,stationary_gaussian_fgn_unknown_constant_mean_ml,-918.254266919656,True,2.9522225261804693
AR1_0.8_n1024_r24,AR1_0.8_n1024,zero,0.5,,0.99,True,"[0.01, 0.99]",0.0,0.0,stationary_gaussian_fgn_known_zero_mean,-918.250431620087,True,2.9522280548271413
AR1_0.8_n1024_r25,AR1_0.8_n1024,unknown,0.5,,0.99,True,"[0.01, 0.99]",0.0,0.02904576569181573,stationary_gaussian_fgn_unknown_constant_mean_ml,-962.9612425399246,True,2.8884750758645596
AR1_0.8_n1024_r25,AR1_0.8_n1024,zero,0.5,,0.99,True,"[0.01, 0.99]",0.0,0.0,stationary_gaussian_fgn_known_zero_mean,-962.9611261310533,True,2.8884752400462648
AR1_0.8_n1024_r26,AR1_0.8_n1024,unknown,0.5,,0.99,True,"[0.01, 0.99]",0.0,0.07834644463652089,stationary_gaussian_fgn_unknown_constant_mean_ml,-964.853984260566,True,2.8858068084204147
AR1_0.8_n1024_r26,AR1_0.8_n1024,zero,0.5,,0.99,True,"[0.01, 0.99]",0.0,0.0,stationary_gaussian_fgn_known_zero_mean,-964.8531357415286,True,2.885808004056412
AR1_0.8_n1024_r27,AR1_0.8_n1024,unknown,0.5,,0.99,True,"[0.01, 0.99]",0.0,0.01958935792682972,stationary_gaussian_fgn_unknown_constant_mean_ml,-905.1012842012674,True,2.9712437620018575
AR1_0.8_n1024_r27,AR1_0.8_n1024,zero,0.5,,0.99,True,"[0.01, 0.99]",0.0,0.0,stationary_gaussian_fgn_known_zero_mean,-905.1012341607816,True,2.9712438346007266
AR1_0.8_n1024_r28,AR1_0.8_n1024,unknown,0.5,,0.99,True,"[0.01, 0.99]",0.0,0.09512759722249706,stationary_gaussian_fgn_unknown_constant_mean_ml,-888.746090654899,True,2.995066918089466
AR1_0.8_n1024_r28,AR1_0.8_n1024,zero,0.5,,0.99,True,"[0.01, 0.99]",0.0,0.0,stationary_gaussian_fgn_known_zero_mean,-888.7449293200993,True,2.9950686164666265
AR1_0.8_n1024_r29,AR1_0.8_n1024,unknown,0.5,,0.99,True,"[0.01, 0.99]",0.0,0.15717208168498706,stationary_gaussian_fgn_unknown_constant_mean_ml,-1000.6129494286788,True,2.8358567183522037
AR1_0.8_n1024_r29,AR1_0.8_n1024,zero,0.5,,0.99,True,"[0.01, 0.99]",0.0,0.0,stationary_gaussian_fgn_known_zero_mean,-1000.6094132094286,True,2.835861614943891
AR1_0.8_n1024_r3,AR1_0.8_n1024,unknown,0.5,,0.99,True,"[0.01, 0.99]",0.0,-0.09306155389997951,stationary_gaussian_fgn_unknown_constant_mean_ml,-982.5175527196102,True,2.861024358105948
AR1_0.8_n1024_r3,AR1_0.8_n1024,zero,0.5,,0.99,True,"[0.01, 0.99]",0.0,0.0,stationary_gaussian_fgn_known_zero_mean,-982.5163346981981,True,2.861026059663548
AR1_0.8_n1024_r30,AR1_0.8_n1024,unknown,0.5,,0.99,True,"[0.01, 0.99]",0.0,-0.010800875971447535,stationary_gaussian_fgn_unknown_constant_mean_ml,-910.8662099270305,True,2.9628917532364873
AR1_0.8_n1024_r30,AR1_0.8_n1024,zero,0.5,,0.99,True,"[0.01, 0.99]",0.0,0.0,stationary_gaussian_fgn_known_zero_mean,-910.8661946286984,True,2.962891775368959
AR1_0.8_n1024_r31,AR1_0.8_n1024,unknown,0.5,,0.99,True,"[0.01, 0.99]",0.0,0.09043786691287742,stationary_gaussian_fgn_unknown_constant_mean_ml,-1032.82811052455,True,2.7915975368637325
AR1_0.8_n1024_r31,AR1_0.8_n1024,zero,0.5,,0.99,True,"[0.01, 0.99]",0.0,0.0,stationary_gaussian_fgn_known_zero_mean,-1032.8269022866803,True,2.7915991837948146
AR1_0.8_n1024_r32,AR1_0.8_n1024,unknown,0.5,,0.99,True,"[0.01, 0.99]",0.0,0.24593242090139011,stationary_gaussian_fgn_unknown_constant_mean_ml,-994.1907595815405,True,2.844763454510471
AR1_0.8_n1024_r32,AR1_0.8_n1024,zero,0.5,,0.99,True,"[0.01, 0.99]",0.0,0.0,stationary_gaussian_fgn_known_zero_mean,-994.1821556862365,True,2.8447754057303625
AR1_0.8_n1024_r33,AR1_0.8_n1024,unknown,0.5,,0.99,True,"[0.01, 0.99]",0.0,0.0748047354392612,stationary_gaussian_fgn_unknown_constant_mean_ml,-1014.6167135758242,True,2.816531911507892
AR1_0.8_n1024_r33,AR1_0.8_n1024,zero,0.5,,0.99,True,"[0.01, 0.99]",0.0,0.0,stationary_gaussian_fgn_known_zero_mean,-1014.6159015191311,True,2.8165330282969756
AR1_0.8_n1024_r34,AR1_0.8_n1024,unknown,0.5,,0.99,True,"[0.01, 0.99]",0.0,0.2096338647887268,stationary_gaussian_fgn_unknown_constant_mean_ml,-985.5371974641976,True,2.8568090694018795
AR1_0.8_n1024_r34,AR1_0.8_n1024,zero,0.5,,0.99,True,"[0.01, 0.99]",0.0,0.0,stationary_gaussian_fgn_known_zero_mean,-985.5309985328354,True,2.8568177164673765
AR1_0.8_n1024_r35,AR1_0.8_n1024,unknown,0.5,,0.99,True,"[0.01, 0.99]",0.0,-0.08970769978393227,stationary_gaussian_fgn_unknown_constant_mean_ml,-975.5557715782929,True,2.8707664075281967
AR1_0.8_n1024_r35,AR1_0.8_n1024,zero,0.5,,0.99,True,"[0.01, 0.99]",0.0,0.0,stationary_gaussian_fgn_known_zero_mean,-975.5546474362668,True,2.8707679832850577
AR1_0.8_n1024_r36,AR1_0.8_n1024,unknown,0.5,,0.99,True,"[0.01, 0.99]",0.0,0.1233462662251609,stationary_gaussian_fgn_unknown_constant_mean_ml,-966.4252372753076,True,2.8835936279067007
AR1_0.8_n1024_r36,AR1_0.8_n1024,zero,0.5,,0.99,True,"[0.01, 0.99]",0.0,0.0,stationary_gaussian_fgn_known_zero_mean,-966.4231308738517,True,2.8835965937313786
AR1_0.8_n1024_r37,AR1_0.8_n1024,unknown,0.5,,0.99,True,"[0.01, 0.99]",0.0,-0.03148413118825714,stationary_gaussian_fgn_unknown_constant_mean_ml,-1038.5263159258752,True,2.7838411954077267
AR1_0.8_n1024_r37,AR1_0.8_n1024,zero,0.5,,0.99,True,"[0.01, 0.99]",0.0,0.0,stationary_gaussian_fgn_known_zero_mean,-1038.5261686769368,True,2.783841395562842
AR1_0.8_n1024_r38,AR1_0.8_n1024,unknown,0.5,,0.99,True,"[0.01, 0.99]",0.0,-0.040909298019904755,stationary_gaussian_fgn_unknown_constant_mean_ml,-971.2222058317102,True,2.8768473774817456
AR1_0.8_n1024_r38,AR1_0.8_n1024,zero,0.5,,0.99,True,"[0.01, 0.99]",0.0,0.0,stationary_gaussian_fgn_known_zero_mean,-971.2219730397105,True,2.8768477044871625
AR1_0.8_n1024_r39,AR1_0.8_n1024,unknown,0.5,,0.99,True,"[0.01, 0.99]",0.0,-0.07063109301638244,stationary_gaussian_fgn_unknown_constant_mean_ml,-981.4998547419173,True,2.8624464197553996
AR1_0.8_n1024_r39,AR1_0.8_n1024,zero,0.5,,0.99,True,"[0.01, 0.99]",0.0,0.0,stationary_gaussian_fgn_known_zero_mean,-981.4991538118902,True,2.8624473994306876
AR1_0.8_n1024_r4,AR1_0.8_n1024,unknown,0.5,,0.99,True,"[0.01, 0.99]",0.0,0.1346996568784736,stationary_gaussian_fgn_unknown_constant_mean_ml,-987.0416509743145,True,2.8547112382523325
AR1_0.8_n1024_r4,AR1_0.8_n1024,zero,0.5,,0.99,True,"[0.01, 0.99]",0.0,0.0,stationary_gaussian_fgn_known_zero_mean,-987.0390878730914,True,2.854714810966417
AR1_0.8_n1024_r40,AR1_0.8_n1024,unknown,0.5,,0.99,True,"[0.01, 0.99]",0.0,0.04850583998345502,stationary_gaussian_fgn_unknown_constant_mean_ml,-988.4520727340109,True,2.852745925396379
AR1_0.8_n1024_r40,AR1_0.8_n1024,zero,0.5,,0.99,True,"[0.01, 0.99]",0.0,0.0,stationary_gaussian_fgn_known_zero_mean,-988.4517399062879,True,2.852746389006246
AR1_0.8_n1024_r41,AR1_0.8_n1024,unknown,0.5,,0.99,True,"[0.01, 0.99]",0.0,-0.040739699432611964,stationary_gaussian_fgn_unknown_constant_mean_ml,-1040.9714155191627,True,2.7805195609823676
AR1_0.8_n1024_r41,AR1_0.8_n1024,zero,0.5,,0.99,True,"[0.01, 0.99]",0.0,0.0,stationary_gaussian_fgn_known_zero_mean,-1040.9711683801138,True,2.780519896517036
AR1_0.8_n1024_r42,AR1_0.8_n1024,unknown,0.5,,0.99,True,"[0.01, 0.99]",0.0,-0.22147868723936565,stationary_gaussian_fgn_unknown_constant_mean_ml,-933.1376341200903,True,2.930845700174522
AR1_0.8_n1024_r42,AR1_0.8_n1024,zero,0.5,,0.99,True,"[0.01, 0.99]",0.0,0.0,stationary_gaussian_fgn_known_zero_mean,-933.1310600509141,True,2.93085510818883
AR1_0.8_n1024_r43,AR1_0.8_n1024,unknown,0.5,,0.99,True,"[0.01, 0.99]",0.0,0.0334609563607494,stationary_gaussian_fgn_unknown_constant_mean_ml,-1017.7977969738236,True,2.812160491499166
AR1_0.8_n1024_r43,AR1_0.8_n1024,zero,0.5,,0.99,True,"[0.01, 0.99]",0.0,0.0,stationary_gaussian_fgn_known_zero_mean,-1017.7976339863785,True,2.812160715301349
AR1_0.8_n1024_r44,AR1_0.8_n1024,unknown,0.5,,0.99,True,"[0.01, 0.99]",0.0,0.05090677486556178,stationary_gaussian_fgn_unknown_constant_mean_ml,-936.4250335506968,True,2.92614495222492
AR1_0.8_n1024_r44,AR1_0.8_n1024,zero,0.5,,0.99,True,"[0.01, 0.99]",0.0,0.0,stationary_gaussian_fgn_known_zero_mean,-936.4246851194343,True,2.9261454500571786
AR1_0.8_n1024_r45,AR1_0.8_n1024,unknown,0.5,,0.99,True,"[0.01, 0.99]",0.0,0.06631727970693664,stationary_gaussian_fgn_unknown_constant_mean_ml,-984.6943283306368,True,2.8579850517020122
AR1_0.8_n1024_r45,AR1_0.8_n1024,zero,0.5,,0.99,True,"[0.01, 0.99]",0.0,0.0,stationary_gaussian_fgn_known_zero_mean,-984.6937084742767,True,2.8579859167120114
AR1_0.8_n1024_r46,AR1_0.8_n1024,unknown,0.5,,0.99,True,"[0.01, 0.99]",0.0,0.15715523448537588,stationary_gaussian_fgn_unknown_constant_mean_ml,-993.1617814820352,True,2.846193110161617
AR1_0.8_n1024_r46,AR1_0.8_n1024,zero,0.5,,0.99,True,"[0.01, 0.99]",0.0,0.0,stationary_gaussian_fgn_known_zero_mean,-993.158271653313,True,2.8461979879247457
AR1_0.8_n1024_r47,AR1_0.8_n1024,unknown,0.5,,0.99,True,"[0.01, 0.99]",0.0,0.05767380862017242,stationary_gaussian_fgn_unknown_constant_mean_ml,-967.723744782088,True,2.881765902716514
AR1_0.8_n1024_r47,AR1_0.8_n1024,zero,0.5,,0.99,True,"[0.01, 0.99]",0.0,0.0,stationary_gaussian_fgn_known_zero_mean,-967.7232836796043,True,2.881766551539543
AR1_0.8_n1024_r48,AR1_0.8_n1024,unknown,0.5,,0.99,True,"[0.01, 0.99]",0.0,0.0928225468273675,stationary_gaussian_fgn_unknown_constant_mean_ml,-872.8688957601862,True,3.0183765214310827
AR1_0.8_n1024_r48,AR1_0.8_n1024,zero,0.5,,0.99,True,"[0.01, 0.99]",0.0,0.0,stationary_gaussian_fgn_known_zero_mean,-872.867807036695,True,3.0183781260103295
AR1_0.8_n1024_r49,AR1_0.8_n1024,unknown,0.5,,0.99,True,"[0.01, 0.99]",0.0,0.05076896038085988,stationary_gaussian_fgn_unknown_constant_mean_ml,-1032.3131798185054,True,2.7922995192949975
AR1_0.8_n1024_r49,AR1_0.8_n1024,zero,0.5,,0.99,True,"[0.01, 0.99]",0.0,0.0,stationary_gaussian_fgn_known_zero_mean,-1032.3127992523623,True,2.7923000381693903
AR1_0.8_n1024_r5,AR1_0.8_n1024,unknown,0.5,,0.99,True,"[0.01, 0.99]",0.0,-0.02473926381964745,stationary_gaussian_fgn_unknown_constant_mean_ml,-1026.1889009124434,True,2.8006620268375824
AR1_0.8_n1024_r5,AR1_0.8_n1024,zero,0.5,,0.99,True,"[0.01, 0.99]",0.0,0.0,stationary_gaussian_fgn_known_zero_mean,-1026.1888110848408,True,2.800662149677798
AR1_0.8_n1024_r50,AR1_0.8_n1024,unknown,0.5,,0.99,True,"[0.01, 0.99]",0.0,-0.07362585411864708,stationary_gaussian_fgn_unknown_constant_mean_ml,-1052.9606674492834,True,2.764289599051245
AR1_0.8_n1024_r50,AR1_0.8_n1024,zero,0.5,,0.99,True,"[0.01, 0.99]",0.0,0.0,stationary_gaussian_fgn_known_zero_mean,-1052.9598507707665,True,2.7642907013639304
AR1_0.8_n1024_r51,AR1_0.8_n1024,unknown,0.5,,0.99,True,"[0.01, 0.99]",0.0,0.05264554453862043,stationary_gaussian_fgn_unknown_constant_mean_ml,-986.9090898724071,True,2.8548960214138397
AR1_0.8_n1024_r51,AR1_0.8_n1024,zero,0.5,,0.99,True,"[0.01, 0.99]",0.0,0.0,stationary_gaussian_fgn_known_zero_mean,-986.9086984008054,True,2.8548965671222506
AR1_0.8_n1024_r52,AR1_0.8_n1024,unknown,0.5,,0.99,True,"[0.01, 0.99]",0.0,0.3291529868727049,stationary_gaussian_fgn_unknown_constant_mean_ml,-993.5032661226437,True,2.845718573928387
AR1_0.8_n1024_r52,AR1_0.8_n1024,zero,0.5,,0.99,True,"[0.01, 0.99]",0.0,0.0,stationary_gaussian_fgn_known_zero_mean,-993.4878645123667,True,2.8457399747161
AR1_0.8_n1024_r53,AR1_0.8_n1024,unknown,0.5,,0.99,True,"[0.01, 0.99]",0.0,-0.16753394602507196,stationary_gaussian_fgn_unknown_constant_mean_ml,-997.6567231428858,True,2.8399531478947737
AR1_0.8_n1024_r53,AR1_0.8_n1024,zero,0.5,,0.99,True,"[0.01, 0.99]",0.0,0.0,stationary_gaussian_fgn_known_zero_mean,-997.6527168736934,True,2.839958703377162
AR1_0.8_n1024_r54,AR1_0.8_n1024,unknown,0.5,,0.99,True,"[0.01, 0.99]",0.0,0.005575784387317012,stationary_gaussian_fgn_unknown_constant_mean_ml,-990.789250066483,True,2.849492229031019
AR1_0.8_n1024_r54,AR1_0.8_n1024,zero,0.5,,0.99,True,"[0.01, 0.99]",0.0,0.0,stationary_gaussian_fgn_known_zero_mean,-990.7892456585528,True,2.849492235164009
AR1_0.8_n1024_r55,AR1_0.8_n1024,unknown,0.5,,0.99,True,"[0.01, 0.99]",0.0,-0.0866084905805416,stationary_gaussian_fgn_unknown_constant_mean_ml,-1007.4832254242906,True,2.826359415835693
AR1_0.8_n1024_r55,AR1_0.8_n1024,zero,0.5,,0.99,True,"[0.01, 0.99]",0.0,0.0,stationary_gaussian_fgn_known_zero_mean,-1007.4821444294394,True,2.8263609076720133
AR1_0.8_n1024_r56,AR1_0.8_n1024,unknown,0.5,,0.99,True,"[0.01, 0.99]",0.0,0.18083400223189033,stationary_gaussian_fgn_unknown_constant_mean_ml,-964.6514855546634,True,2.8860921604884937
AR1_0.8_n1024_r56,AR1_0.8_n1024,zero,0.5,,0.99,True,"[0.01, 0.99]",0.0,0.0,stationary_gaussian_fgn_known_zero_mean,-964.6469659907561,True,2.8860985295765578
AR1_0.8_n1024_r57,AR1_0.8_n1024,unknown,0.5,,0.99,True,"[0.01, 0.99]",0.0,-0.3470182249341047,stationary_gaussian_fgn_unknown_constant_mean_ml,-1058.152511345043,True,2.7572907787322585
AR1_0.8_n1024_r57,AR1_0.8_n1024,zero,0.5,,0.99,True,"[0.01, 0.99]",0.0,0.0,stationary_gaussian_fgn_known_zero_mean,-1058.1342768703557,True,2.7573153285236334
AR1_0.8_n1024_r58,AR1_0.8_n1024,unknown,0.5,,0.99,True,"[0.01, 0.99]",0.0,-0.16069157017235147,stationary_gaussian_fgn_unknown_constant_mean_ml,-935.996639419971,True,2.9267570979468105
AR1_0.8_n1024_r58,AR1_0.8_n1024,zero,0.5,,0.99,True,"[0.01, 0.99]",0.0,0.0,stationary_gaussian_fgn_known_zero_mean,-935.9931690978838,True,2.926762057321032
AR1_0.8_n1024_r59,AR1_0.8_n1024,unknown,0.5,,0.99,True,"[0.01, 0.99]",0.0,0.02270328558619618,stationary_gaussian_fgn_unknown_constant_mean_ml,-997.5842392238092,True,2.8400536628249444
AR1_0.8_n1024_r59,AR1_0.8_n1024,zero,0.5,,0.99,True,"[0.01, 0.99]",0.0,0.0,stationary_gaussian_fgn_known_zero_mean,-997.5841656569851,True,2.8400537648433684
AR1_0.8_n1024_r6,AR1_0.8_n1024,unknown,0.5,,0.99,True,"[0.01, 0.99]",0.0,-0.17156947832780967,stationary_gaussian_fgn_unknown_constant_mean_ml,-1107.4073398919227,True,2.691768429852751
AR1_0.8_n1024_r6,AR1_0.8_n1024,zero,0.5,,0.99,True,"[0.01, 0.99]",0.0,0.0,stationary_gaussian_fgn_known_zero_mean,-1107.4026629565228,True,2.6917745769432946
AR1_0.8_n1024_r60,AR1_0.8_n1024,unknown,0.5,,0.99,True,"[0.01, 0.99]",0.0,-0.013568801148180189,stationary_gaussian_fgn_unknown_constant_mean_ml,-1025.6987058708096,True,2.801332454060406
AR1_0.8_n1024_r60,AR1_0.8_n1024,zero,0.5,,0.99,True,"[0.01, 0.99]",0.0,0.0,stationary_gaussian_fgn_known_zero_mean,-1025.6986788616337,True,2.801332491004587
AR1_0.8_n1024_r61,AR1_0.8_n1024,unknown,0.5,,0.99,True,"[0.01, 0.99]",0.0,0.10022658961422314,stationary_gaussian_fgn_unknown_constant_mean_ml,-1024.3972778431394,True,2.803113162644315
AR1_0.8_n1024_r61,AR1_0.8_n1024,zero,0.5,,0.99,True,"[0.01, 0.99]",0.0,0.0,stationary_gaussian_fgn_known_zero_mean,-1024.3958060660966,True,2.8031151770774616
AR1_0.8_n1024_r62,AR1_0.8_n1024,unknown,0.5,,0.99,True,"[0.01, 0.99]",0.0,-0.039369910320794024,stationary_gaussian_fgn_unknown_constant_mean_ml,-930.3217841729302,True,2.9348781698149895
AR1_0.8_n1024_r62,AR1_0.8_n1024,zero,0.5,,0.99,True,"[0.01, 0.99]",0.0,0.0,stationary_gaussian_fgn_known_zero_mean,-930.3215770127204,True,2.934878466685112
AR1_0.8_n1024_r63,AR1_0.8_n1024,unknown,0.5,,0.99,True,"[0.01, 0.99]",0.0,0.07105162521652895,stationary_gaussian_fgn_unknown_constant_mean_ml,-983.5835946795778,True,2.859535501487994
AR1_0.8_n1024_r63,AR1_0.8_n1024,zero,0.5,,0.99,True,"[0.01, 0.99]",0.0,0.0,stationary_gaussian_fgn_known_zero_mean,-983.5828839333094,True,2.859536493873023
AR1_0.8_n1024_r7,AR1_0.8_n1024,unknown,0.5,,0.99,True,"[0.01, 0.99]",0.0,0.08863287011063985,stationary_gaussian_fgn_unknown_constant_mean_ml,-989.6670183471156,True,2.8510540780846063
AR1_0.8_n1024_r7,AR1_0.8_n1024,zero,0.5,,0.99,True,"[0.01, 0.99]",0.0,0.0,stationary_gaussian_fgn_known_zero_mean,-989.665905754503,True,2.8510556269432814
AR1_0.8_n1024_r8,AR1_0.8_n1024,unknown,0.5,,0.99,True,"[0.01, 0.99]",0.0,0.01597397204420031,stationary_gaussian_fgn_unknown_constant_mean_ml,-976.5896455526818,True,2.8693175493036502
AR1_0.8_n1024_r8,AR1_0.8_n1024,zero,0.5,,0.99,True,"[0.01, 0.99]",0.0,0.0,stationary_gaussian_fgn_known_zero_mean,-976.5896098725625,True,2.869317599292709
AR1_0.8_n1024_r9,AR1_0.8_n1024,unknown,0.5,,0.99,True,"[0.01, 0.99]",0.0,-0.1311329317972794,stationary_gaussian_fgn_unknown_constant_mean_ml,-1012.5394031495434,True,2.8193902022219555
AR1_0.8_n1024_r9,AR1_0.8_n1024,zero,0.5,,0.99,True,"[0.01, 0.99]",0.0,0.0,stationary_gaussian_fgn_known_zero_mean,-1012.5369127425133,True,2.8193936306562564
AR1_0.8_n256_r0,AR1_0.8_n256,unknown,0.5,,0.99,True,"[0.01, 0.99]",0.0,-0.1946375745085286,stationary_gaussian_fgn_unknown_constant_mean_ml,-252.06195670183598,True,2.807566601365159
AR1_0.8_n256_r0,AR1_0.8_n256,zero,0.5,,0.99,True,"[0.01, 0.99]",0.0,0.0,stationary_gaussian_fgn_known_zero_mean,-252.05657524982098,True,2.807596110865834
AR1_0.8_n256_r1,AR1_0.8_n256,unknown,0.5,,0.99,True,"[0.01, 0.99]",0.0,0.13936248528108375,stationary_gaussian_fgn_unknown_constant_mean_ml,-250.09795715466362,True,2.818356931171481
AR1_0.8_n256_r1,AR1_0.8_n256,zero,0.5,,0.99,True,"[0.01, 0.99]",0.0,0.0,stationary_gaussian_fgn_known_zero_mean,-250.09521931343227,True,2.8183720019418748
AR1_0.8_n256_r10,AR1_0.8_n256,unknown,0.5,,0.9830490608340955,False,"[0.01, 0.99]",0.0,0.0892073654464615,stationary_gaussian_fgn_unknown_constant_mean_ml,-211.16098097450072,True,2.3500025061704664
AR1_0.8_n256_r10,AR1_0.8_n256,zero,0.5,,0.9830728221031028,False,"[0.01, 0.99]",0.0,0.0,stationary_gaussian_fgn_known_zero_mean,-211.15923702059558,True,2.3516121441991595
AR1_0.8_n256_r11,AR1_0.8_n256,unknown,0.5,,0.99,True,"[0.01, 0.99]",0.0,-0.25918368547288084,stationary_gaussian_fgn_unknown_constant_mean_ml,-229.3047212454419,True,2.9351714155470017
AR1_0.8_n256_r11,AR1_0.8_n256,zero,0.5,,0.99,True,"[0.01, 0.99]",0.0,0.0,stationary_gaussian_fgn_known_zero_mean,-229.29599049084152,True,2.9352214672654253
AR1_0.8_n256_r12,AR1_0.8_n256,unknown,0.5,,0.986726353209122,False,"[0.01, 0.99]",0.0,-0.24990556863902139,stationary_gaussian_fgn_unknown_constant_mean_ml,-277.45035034238185,True,2.325795193461733
AR1_0.8_n256_r12,AR1_0.8_n256,zero,0.5,,0.9868995333214654,False,"[0.01, 0.99]",0.0,0.0,stationary_gaussian_fgn_known_zero_mean,-277.437037867782,True,2.340823763885539
AR1_0.8_n256_r13,AR1_0.8_n256,unknown,0.5,,0.9896011260469508,True,"[0.01, 0.99]",0.0,0.1312022799562508,stationary_gaussian_fgn_unknown_constant_mean_ml,-231.6698715974784,True,2.8661097353968192
AR1_0.8_n256_r13,AR1_0.8_n256,zero,0.5,,0.9896222275366946,True,"[0.01, 0.99]",0.0,0.0,stationary_gaussian_fgn_known_zero_mean,-231.66751710086487,True,2.868980073017631
AR1_0.8_n256_r14,AR1_0.8_n256,unknown,0.5,,0.99,True,"[0.01, 0.99]",0.0,-0.05136164772507354,stationary_gaussian_fgn_unknown_constant_mean_ml,-278.7975959664727,True,2.6647229262301995
AR1_0.8_n256_r14,AR1_0.8_n256,zero,0.5,,0.99,True,"[0.01, 0.99]",0.0,0.0,stationary_gaussian_fgn_known_zero_mean,-278.79717997519015,True,2.664725091273086
AR1_0.8_n256_r15,AR1_0.8_n256,unknown,0.5,,0.99,True,"[0.01, 0.99]",0.0,0.24538707442569754,stationary_gaussian_fgn_unknown_constant_mean_ml,-249.13709351603904,True,2.823651070572461
AR1_0.8_n256_r15,AR1_0.8_n256,zero,0.5,,0.99,True,"[0.01, 0.99]",0.0,0.0,stationary_gaussian_fgn_known_zero_mean,-249.12863712728426,True,2.82369770746377
AR1_0.8_n256_r16,AR1_0.8_n256,unknown,0.5,,0.99,True,"[0.01, 0.99]",0.0,-0.044125095534171994,stationary_gaussian_fgn_unknown_constant_mean_ml,-267.4882490134729,True,2.7242377190053366
AR1_0.8_n256_r16,AR1_0.8_n256,zero,0.5,,0.99,True,"[0.01, 0.99]",0.0,0.0,stationary_gaussian_fgn_known_zero_mean,-267.48795525400806,True,2.724239282034329
AR1_0.8_n256_r17,AR1_0.8_n256,unknown,0.5,,0.99,True,"[0.01, 0.99]",0.0,-0.10884548742845088,stationary_gaussian_fgn_unknown_constant_mean_ml,-212.59074829958365,True,3.0325696636408535
AR1_0.8_n256_r17,AR1_0.8_n256,zero,0.5,,0.99,True,"[0.01, 0.99]",0.0,0.0,stationary_gaussian_fgn_known_zero_mean,-212.58930582269056,True,3.032578207425675
AR1_0.8_n256_r18,AR1_0.8_n256,unknown,0.5,,0.99,True,"[0.01, 0.99]",0.0,-0.36205051109837455,stationary_gaussian_fgn_unknown_constant_mean_ml,-265.5337302336951,True,2.7346571521944503
AR1_0.8_n256_r18,AR1_0.8_n256,zero,0.5,,0.99,True,"[0.01, 0.99]",0.0,0.0,stationary_gaussian_fgn_known_zero_mean,-265.5141044632687,True,2.7347619779407397
AR1_0.8_n256_r19,AR1_0.8_n256,unknown,0.5,,0.99,True,"[0.01, 0.99]",0.0,-0.03138127763444441,stationary_gaussian_fgn_unknown_constant_mean_ml,-246.6427981457287,True,2.837440530185591
AR1_0.8_n256_r19,AR1_0.8_n256,zero,0.5,,0.99,True,"[0.01, 0.99]",0.0,0.0,stationary_gaussian_fgn_known_zero_mean,-246.64266118426326,True,2.8374412892091554
AR1_0.8_n256_r2,AR1_0.8_n256,unknown,0.5,,0.9854006247643821,False,"[0.01, 0.99]",0.0,0.21844100551462442,stationary_gaussian_fgn_unknown_constant_mean_ml,-237.45030795059682,True,2.400646077915039
AR1_0.8_n256_r2,AR1_0.8_n256,zero,0.5,,0.985534296804689,False,"[0.01, 0.99]",0.0,0.0,stationary_gaussian_fgn_known_zero_mean,-237.44059550438294,True,2.4114802018853942
AR1_0.8_n256_r20,AR1_0.8_n256,unknown,0.5,,0.99,True,"[0.01, 0.99]",0.0,0.4065504239763931,stationary_gaussian_fgn_unknown_constant_mean_ml,-231.81720361020427,True,2.920803248021637
AR1_0.8_n256_r20,AR1_0.8_n256,zero,0.5,,0.99,True,"[0.01, 0.99]",0.0,0.0,stationary_gaussian_fgn_known_zero_mean,-231.7955107591697,True,2.9209270017170197
AR1_0.8_n256_r21,AR1_0.8_n256,unknown,0.5,,0.99,True,"[0.01, 0.99]",0.0,0.2890519152187564,stationary_gaussian_fgn_unknown_constant_mean_ml,-234.02587307864235,True,2.9082306023858897
AR1_0.8_n256_r21,AR1_0.8_n256,zero,0.5,,0.99,True,"[0.01, 0.99]",0.0,0.0,stationary_gaussian_fgn_known_zero_mean,-234.01481205185996,True,2.908293431221939
AR1_0.8_n256_r22,AR1_0.8_n256,unknown,0.5,,0.9735069398756853,False,"[0.01, 0.99]",0.0,-0.278341795543727,stationary_gaussian_fgn_unknown_constant_mean_ml,-260.85139102617916,True,1.7193472529612195
AR1_0.8_n256_r22,AR1_0.8_n256,zero,0.5,,0.9741849650092109,False,"[0.01, 0.99]",0.0,0.0,stationary_gaussian_fgn_known_zero_mean,-260.8166216329086,True,1.7409420416627468
AR1_0.8_n256_r23,AR1_0.8_n256,unknown,0.5,,0.99,True,"[0.01, 0.99]",0.0,0.4898483115392201,stationary_gaussian_fgn_unknown_constant_mean_ml,-251.19752085119472,True,2.812310763783759
AR1_0.8_n256_r23,AR1_0.8_n256,zero,0.5,,0.99,True,"[0.01, 0.99]",0.0,0.0,stationary_gaussian_fgn_known_zero_mean,-251.16355217650857,True,2.812497352921473
AR1_0.8_n256_r24,AR1_0.8_n256,unknown,0.5,,0.9834241997778375,False,"[0.01, 0.99]",0.0,0.1692281546186632,stationary_gaussian_fgn_unknown_constant_mean_ml,-259.5507420748335,True,2.161446499572112
AR1_0.8_n256_r24,AR1_0.8_n256,zero,0.5,,0.9835349280790338,False,"[0.01, 0.99]",0.0,0.0,stationary_gaussian_fgn_known_zero_mean,-259.5433770398076,True,2.168530025166404
AR1_0.8_n256_r25,AR1_0.8_n256,unknown,0.5,,0.9879381966327164,False,"[0.01, 0.99]",0.0,-0.1569470554360522,stationary_gaussian_fgn_unknown_constant_mean_ml,-228.370781852067,True,2.6824267753716873
AR1_0.8_n256_r25,AR1_0.8_n256,zero,0.5,,0.9879812074146401,False,"[0.01, 0.99]",0.0,0.0,stationary_gaussian_fgn_known_zero_mean,-228.36686582048856,True,2.6871401065459866
AR1_0.8_n256_r26,AR1_0.8_n256,unknown,0.5,,0.9894970277406591,True,"[0.01, 0.99]",0.0,-0.013399468075409447,stationary_gaussian_fgn_unknown_constant_mean_ml,-249.80483475363224,True,2.752887297327061
AR1_0.8_n256_r26,AR1_0.8_n256,zero,0.5,,0.9894971372484372,True,"[0.01, 0.99]",0.0,0.0,stationary_gaussian_fgn_known_zero_mean,-249.80480806367626,True,2.752901517682051
AR1_0.8_n256_r27,AR1_0.8_n256,unknown,0.5,,0.99,True,"[0.01, 0.99]",0.0,-0.09914973612353528,stationary_gaussian_fgn_unknown_constant_mean_ml,-264.3693157309632,True,2.740883515686545
AR1_0.8_n256_r27,AR1_0.8_n256,zero,0.5,,0.99,True,"[0.01, 0.99]",0.0,0.0,stationary_gaussian_fgn_known_zero_mean,-264.36785048164325,True,2.740891359599541
AR1_0.8_n256_r28,AR1_0.8_n256,unknown,0.5,,0.99,True,"[0.01, 0.99]",0.0,-0.07474629341579442,stationary_gaussian_fgn_unknown_constant_mean_ml,-298.4474738932417,True,2.5643920083487566
AR1_0.8_n256_r28,AR1_0.8_n256,zero,0.5,,0.99,True,"[0.01, 0.99]",0.0,0.0,stationary_gaussian_fgn_known_zero_mean,-298.44652258668503,True,2.5643967730464086
AR1_0.8_n256_r29,AR1_0.8_n256,unknown,0.5,,0.9843075698454361,False,"[0.01, 0.99]",0.0,0.008737054204657018,stationary_gaussian_fgn_unknown_constant_mean_ml,-256.95647784742863,True,2.23105980465374
AR1_0.8_n256_r29,AR1_0.8_n256,zero,0.5,,0.9843076609265615,False,"[0.01, 0.99]",0.0,0.0,stationary_gaussian_fgn_known_zero_mean,-256.95645954034177,True,2.231066185868855
AR1_0.8_n256_r3,AR1_0.8_n256,unknown,0.5,,0.99,True,"[0.01, 0.99]",0.0,0.0369870299245627,stationary_gaussian_fgn_unknown_constant_mean_ml,-250.20634347142993,True,2.817760370631516
AR1_0.8_n256_r3,AR1_0.8_n256,zero,0.5,,0.99,True,"[0.01, 0.99]",0.0,0.0,stationary_gaussian_fgn_known_zero_mean,-250.20615054068378,True,2.8177614324141587
AR1_0.8_n256_r30,AR1_0.8_n256,unknown,0.5,,0.99,True,"[0.01, 0.99]",0.0,0.17628427272898745,stationary_gaussian_fgn_unknown_constant_mean_ml,-263.9892123541837,True,2.7429190740715303
AR1_0.8_n256_r30,AR1_0.8_n256,zero,0.5,,0.99,True,"[0.01, 0.99]",0.0,0.0,stationary_gaussian_fgn_known_zero_mean,-263.98458739368107,True,2.742943851316992
AR1_0.8_n256_r31,AR1_0.8_n256,unknown,0.5,,0.9788398501004295,False,"[0.01, 0.99]",0.0,-0.03144720364555735,stationary_gaussian_fgn_unknown_constant_mean_ml,-234.90277924102634,True,2.015073269464025
AR1_0.8_n256_r31,AR1_0.8_n256,zero,0.5,,0.9788460494539774,False,"[0.01, 0.99]",0.0,0.0,stationary_gaussian_fgn_known_zero_mean,-234.90246997293713,True,2.0153594349437682
AR1_0.8_n256_r32,AR1_0.8_n256,unknown,0.5,,0.99,True,"[0.01, 0.99]",0.0,-0.3438547561345038,stationary_gaussian_fgn_unknown_constant_mean_ml,-265.1900218368631,True,2.736493558804883
AR1_0.8_n256_r32,AR1_0.8_n256,zero,0.5,,0.99,True,"[0.01, 0.99]",0.0,0.0,stationary_gaussian_fgn_known_zero_mean,-265.172342864415,True,2.7365880494874513
AR1_0.8_n256_r33,AR1_0.8_n256,unknown,0.5,,0.9892066828013455,True,"[0.01, 0.99]",0.0,0.43410182637357403,stationary_gaussian_fgn_unknown_constant_mean_ml,-250.44720975566702,True,2.7129183573412745
AR1_0.8_n256_r33,AR1_0.8_n256,zero,0.5,,0.9894982188933721,True,"[0.01, 0.99]",0.0,0.0,stationary_gaussian_fgn_known_zero_mean,-250.4187084650399,True,2.7497415871622986
AR1_0.8_n256_r34,AR1_0.8_n256,unknown,0.5,,0.9899174923039056,True,"[0.01, 0.99]",0.0,0.5392147706332493,stationary_gaussian_fgn_unknown_constant_mean_ml,-204.67205032191487,True,3.067441744672287
AR1_0.8_n256_r34,AR1_0.8_n256,zero,0.5,,0.99,True,"[0.01, 0.99]",0.0,0.0,stationary_gaussian_fgn_known_zero_mean,-204.63769186914453,True,3.080043275147799
AR1_0.8_n256_r35,AR1_0.8_n256,unknown,0.5,,0.99,True,"[0.01, 0.99]",0.0,0.05989729425855554,stationary_gaussian_fgn_unknown_constant_mean_ml,-278.0384373317248,True,2.6686769260433123
AR1_0.8_n256_r35,AR1_0.8_n256,zero,0.5,,0.99,True,"[0.01, 0.99]",0.0,0.0,stationary_gaussian_fgn_known_zero_mean,-278.0378732620748,True,2.668679866122392
AR1_0.8_n256_r36,AR1_0.8_n256,unknown,0.5,,0.9850009436952536,False,"[0.01, 0.99]",0.0,-0.2990131143271849,stationary_gaussian_fgn_unknown_constant_mean_ml,-284.0924963146572,True,2.162963325681194
AR1_0.8_n256_r36,AR1_0.8_n256,zero,0.5,,0.9853023554635769,False,"[0.01, 0.99]",0.0,0.0,stationary_gaussian_fgn_known_zero_mean,-284.07011563475425,True,2.1845589065501407
AR1_0.8_n256_r37,AR1_0.8_n256,unknown,0.5,,0.9892012022239374,True,"[0.01, 0.99]",0.0,0.05871126367571318,stationary_gaussian_fgn_unknown_constant_mean_ml,-262.3626748313201,True,2.649851734420275
AR1_0.8_n256_r37,AR1_0.8_n256,zero,0.5,,0.9892072891544276,True,"[0.01, 0.99]",0.0,0.0,stationary_gaussian_fgn_known_zero_mean,-262.362120291456,True,2.650587122711367
AR1_0.8_n256_r38,AR1_0.8_n256,unknown,0.5,,0.99,True,"[0.01, 0.99]",0.0,-0.4593830788127362,stationary_gaussian_fgn_unknown_constant_mean_ml,-260.5954269336074,True,2.7611608688669755
AR1_0.8_n256_r38,AR1_0.8_n256,zero,0.5,,0.99,True,"[0.01, 0.99]",0.0,0.0,stationary_gaussian_fgn_known_zero_mean,-260.5644348279933,True,2.761328011014012
AR1_0.8_n256_r39,AR1_0.8_n256,unknown,0.5,,0.99,True,"[0.01, 0.99]",0.0,0.1765090268689022,stationary_gaussian_fgn_unknown_constant_mean_ml,-209.7665018948362,True,3.0493438617407547
AR1_0.8_n256_r39,AR1_0.8_n256,zero,0.5,,0.99,True,"[0.01, 0.99]",0.0,0.0,stationary_gaussian_fgn_known_zero_mean,-209.76275019001594,True,3.0493662060375897
AR1_0.8_n256_r4,AR1_0.8_n256,unknown,0.5,,0.99,True,"[0.01, 0.99]",0.0,-0.19298475254799555,stationary_gaussian_fgn_unknown_constant_mean_ml,-241.63516190083385,True,2.8653283863156553
AR1_0.8_n256_r4,AR1_0.8_n256,zero,0.5,,0.99,True,"[0.01, 0.99]",0.0,0.0,stationary_gaussian_fgn_known_zero_mean,-241.63008260292622,True,2.8653568119575863
AR1_0.8_n256_r40,AR1_0.8_n256,unknown,0.5,,0.99,True,"[0.01, 0.99]",0.0,0.15303558728944372,stationary_gaussian_fgn_unknown_constant_mean_ml,-228.66043144021023,True,2.9388672971473073
AR1_0.8_n256_r40,AR1_0.8_n256,zero,0.5,,0.99,True,"[0.01, 0.99]",0.0,0.0,stationary_gaussian_fgn_known_zero_mean,-228.65739522085113,True,2.938884725022773
AR1_0.8_n256_r41,AR1_0.8_n256,unknown,0.5,,0.99,True,"[0.01, 0.99]",0.0,-0.046071995813152175,stationary_gaussian_fgn_unknown_constant_mean_ml,-246.43827015206864,True,2.838574225395069
AR1_0.8_n256_r41,AR1_0.8_n256,zero,0.5,,0.99,True,"[0.01, 0.99]",0.0,0.0,stationary_gaussian_fgn_known_zero_mean,-246.43797517782548,True,2.8385758607593767
AR1_0.8_n256_r42,AR1_0.8_n256,unknown,0.5,,0.99,True,"[0.01, 0.99]",0.0,0.14684399933164305,stationary_gaussian_fgn_unknown_constant_mean_ml,-215.280213114091,True,3.0166817618304558
AR1_0.8_n256_r42,AR1_0.8_n256,zero,0.5,,0.99,True,"[0.01, 0.99]",0.0,0.0,stationary_gaussian_fgn_known_zero_mean,-215.27755996310134,True,3.016697394121353
AR1_0.8_n256_r43,AR1_0.8_n256,unknown,0.5,,0.9831050680996127,False,"[0.01, 0.99]",0.0,-0.3568866417466031,stationary_gaussian_fgn_unknown_constant_mean_ml,-283.89911418094636,True,2.0420561256120595
AR1_0.8_n256_r43,AR1_0.8_n256,zero,0.5,,0.9836294531473527,False,"[0.01, 0.99]",0.0,0.0,stationary_gaussian_fgn_known_zero_mean,-283.86280683198413,True,2.0737307015912907
AR1_0.8_n256_r44,AR1_0.8_n256,unknown,0.5,,0.99,True,"[0.01, 0.99]",0.0,0.0018266285005035174,stationary_gaussian_fgn_unknown_constant_mean_ml,-220.312401129896,True,2.9871775570392542
AR1_0.8_n256_r44,AR1_0.8_n256,zero,0.5,,0.99,True,"[0.01, 0.99]",0.0,0.0,stationary_gaussian_fgn_known_zero_mean,-220.3124007112092,True,2.9871775594820114
AR1_0.8_n256_r45,AR1_0.8_n256,unknown,0.5,,0.99,True,"[0.01, 0.99]",0.0,-0.314340388110178,stationary_gaussian_fgn_unknown_constant_mean_ml,-220.66593866220705,True,2.985115613966966
AR1_0.8_n256_r45,AR1_0.8_n256,zero,0.5,,0.99,True,"[0.01, 0.99]",0.0,0.0,stationary_gaussian_fgn_known_zero_mean,-220.65352275865945,True,2.9851880033359683
AR1_0.8_n256_r46,AR1_0.8_n256,unknown,0.5,,0.99,True,"[0.01, 0.99]",0.0,0.14805567352282714,stationary_gaussian_fgn_unknown_constant_mean_ml,-245.79650091286663,True,2.8421344828447634
AR1_0.8_n256_r46,AR1_0.8_n256,zero,0.5,,0.99,True,"[0.01, 0.99]",0.0,0.0,stationary_gaussian_fgn_known_zero_mean,-245.79346234397468,True,2.842151350124162
AR1_0.8_n256_r47,AR1_0.8_n256,unknown,0.5,,0.99,True,"[0.01, 0.99]",0.0,-0.38150361896895507,stationary_gaussian_fgn_unknown_constant_mean_ml,-215.76856838696165,True,3.013805765581708
AR1_0.8_n256_r47,AR1_0.8_n256,zero,0.5,,0.99,True,"[0.01, 0.99]",0.0,0.0,stationary_gaussian_fgn_known_zero_mean,-215.7506267365461,True,3.0139113780756377
AR1_0.8_n256_r48,AR1_0.8_n256,unknown,0.5,,0.99,True,"[0.01, 0.99]",0.0,-0.11613216881645305,stationary_gaussian_fgn_unknown_constant_mean_ml,-221.52885566309112,True,2.980088782844605
AR1_0.8_n256_r48,AR1_0.8_n256,zero,0.5,,0.99,True,"[0.01, 0.99]",0.0,0.0,stationary_gaussian_fgn_known_zero_mean,-221.52715524377652,True,2.9800986801276923
AR1_0.8_n256_r49,AR1_0.8_n256,unknown,0.5,,0.99,True,"[0.01, 0.99]",0.0,-0.12012312417991478,stationary_gaussian_fgn_unknown_constant_mean_ml,-218.49651038761033,True,2.997790874789239
AR1_0.8_n256_r49,AR1_0.8_n256,zero,0.5,,0.99,True,"[0.01, 0.99]",0.0,0.0,stationary_gaussian_fgn_known_zero_mean,-218.4947125111346,True,2.997801401482903
AR1_0.8_n256_r5,AR1_0.8_n256,unknown,0.5,,0.99,True,"[0.01, 0.99]",0.0,-0.1234850667448512,stationary_gaussian_fgn_unknown_constant_mean_ml,-298.0360454232597,True,2.5664535081602593
AR1_0.8_n256_r5,AR1_0.8_n256,zero,0.5,,0.99,True,"[0.01, 0.99]",0.0,0.0,stationary_gaussian_fgn_known_zero_mean,-298.03345321026165,True,2.5664665019317128
AR1_0.8_n256_r50,AR1_0.8_n256,unknown,0.5,,0.99,True,"[0.01, 0.99]",0.0,0.08598896316888989,stationary_gaussian_fgn_unknown_constant_mean_ml,-269.8077344758176,True,2.7119241673436703
AR1_0.8_n256_r50,AR1_0.8_n256,zero,0.5,,0.99,True,"[0.01, 0.99]",0.0,0.0,stationary_gaussian_fgn_known_zero_mean,-269.80660873039176,True,2.7119301301162935
AR1_0.8_n256_r51,AR1_0.8_n256,unknown,0.5,,0.99,True,"[0.01, 0.99]",0.0,0.18057283494734627,stationary_gaussian_fgn_unknown_constant_mean_ml,-250.09438700606904,True,2.818376583492024
AR1_0.8_n256_r51,AR1_0.8_n256,zero,0.5,,0.99,True,"[0.01, 0.99]",0.0,0.0,stationary_gaussian_fgn_known_zero_mean,-250.08979064969253,True,2.8184018849008665
AR1_0.8_n256_r52,AR1_0.8_n256,unknown,0.5,,0.9843008799534572,False,"[0.01, 0.99]",0.0,0.17540373030262085,stationary_gaussian_fgn_unknown_constant_mean_ml,-291.96087992707623,True,2.083192018833123
AR1_0.8_n256_r52,AR1_0.8_n256,zero,0.5,,0.9844146036714192,False,"[0.01, 0.99]",0.0,0.0,stationary_gaussian_fgn_known_zero_mean,-291.9524461935257,True,2.0906101383016114
AR1_0.8_n256_r53,AR1_0.8_n256,unknown,0.5,,0.99,True,"[0.01, 0.99]",0.0,-0.17627642752417552,stationary_gaussian_fgn_unknown_constant_mean_ml,-234.2931086283619,True,2.9067130636828518
AR1_0.8_n256_r53,AR1_0.8_n256,zero,0.5,,0.99,True,"[0.01, 0.99]",0.0,0.0,stationary_gaussian_fgn_known_zero_mean,-234.28899057977344,True,2.906736442655052
AR1_0.8_n256_r54,AR1_0.8_n256,unknown,0.5,,0.986555788513078,False,"[0.01, 0.99]",0.0,-0.0820903337607804,stationary_gaussian_fgn_unknown_constant_mean_ml,-220.06037157994388,True,2.585494235485683
AR1_0.8_n256_r54,AR1_0.8_n256,zero,0.5,,0.9865715472497603,False,"[0.01, 0.99]",0.0,0.0,stationary_gaussian_fgn_known_zero_mean,-220.05919879893088,True,2.58698124346312
AR1_0.8_n256_r55,AR1_0.8_n256,unknown,0.5,,0.9512735678437216,False,"[0.01, 0.99]",0.0,-0.0262607736904215,stationary_gaussian_fgn_unknown_constant_mean_ml,-248.6980221246476,True,1.3214297406205362
AR1_0.8_n256_r55,AR1_0.8_n256,zero,0.5,,0.951305786174791,False,"[0.01, 0.99]",0.0,0.0,stationary_gaussian_fgn_known_zero_mean,-248.6973384627803,True,1.3218349525826543
AR1_0.8_n256_r56,AR1_0.8_n256,unknown,0.5,,0.99,True,"[0.01, 0.99]",0.0,0.13291301213910042,stationary_gaussian_fgn_unknown_constant_mean_ml,-272.34516171981124,True,2.698517357160774
AR1_0.8_n256_r56,AR1_0.8_n256,zero,0.5,,0.99,True,"[0.01, 0.99]",0.0,0.0,stationary_gaussian_fgn_known_zero_mean,-272.34244532389687,True,2.6985316740767296
AR1_0.8_n256_r57,AR1_0.8_n256,unknown,0.5,,0.99,True,"[0.01, 0.99]",0.0,-0.12791097293031944,stationary_gaussian_fgn_unknown_constant_mean_ml,-208.1621568436583,True,3.058913925347795
AR1_0.8_n256_r57,AR1_0.8_n256,zero,0.5,,0.99,True,"[0.01, 0.99]",0.0,0.0,stationary_gaussian_fgn_known_zero_mean,-208.16019894488363,True,3.0589256227213832
AR1_0.8_n256_r58,AR1_0.8_n256,unknown,0.5,,0.99,True,"[0.01, 0.99]",0.0,0.06813375465839117,stationary_gaussian_fgn_unknown_constant_mean_ml,-233.2369290883655,True,2.9127153674561574
AR1_0.8_n256_r58,AR1_0.8_n256,zero,0.5,,0.99,True,"[0.01, 0.99]",0.0,0.0,stationary_gaussian_fgn_known_zero_mean,-233.23631640112717,True,2.912718852972959
AR1_0.8_n256_r59,AR1_0.8_n256,unknown,0.5,,0.9878264189731085,False,"[0.01, 0.99]",0.0,0.1769869601285522,stationary_gaussian_fgn_unknown_constant_mean_ml,-240.48202618743989,True,2.60792289096532
AR1_0.8_n256_r59,AR1_0.8_n256,zero,0.5,,0.9878859907395168,False,"[0.01, 0.99]",0.0,0.0,stationary_gaussian_fgn_known_zero_mean,-240.4767548279828,True,2.6142161970382713
AR1_0.8_n256_r6,AR1_0.8_n256,unknown,0.5,,0.99,True,"[0.01, 0.99]",0.0,-0.025968084313285313,stationary_gaussian_fgn_unknown_constant_mean_ml,-246.59435672830477,True,2.8377089992159537
AR1_0.8_n256_r6,AR1_0.8_n256,zero,0.5,,0.99,True,"[0.01, 0.99]",0.0,0.0,stationary_gaussian_fgn_known_zero_mean,-246.59426296026555,True,2.837709518916019
AR1_0.8_n256_r60,AR1_0.8_n256,unknown,0.5,,0.99,True,"[0.01, 0.99]",0.0,-0.11556888882815487,stationary_gaussian_fgn_unknown_constant_mean_ml,-246.6234920369406,True,2.8375475242644357
AR1_0.8_n256_r60,AR1_0.8_n256,zero,0.5,,0.99,True,"[0.01, 0.99]",0.0,0.0,stationary_gaussian_fgn_known_zero_mean,-246.62163463961622,True,2.8375578181369736
AR1_0.8_n256_r61,AR1_0.8_n256,unknown,0.5,,0.99,True,"[0.01, 0.99]",0.0,-0.41721056272899315,stationary_gaussian_fgn_unknown_constant_mean_ml,-225.80671415322422,True,2.9552932975740944
AR1_0.8_n256_r61,AR1_0.8_n256,zero,0.5,,0.99,True,"[0.01, 0.99]",0.0,0.0,stationary_gaussian_fgn_known_zero_mean,-225.784398927315,True,2.9554221051419423
AR1_0.8_n256_r62,AR1_0.8_n256,unknown,0.5,,0.99,True,"[0.01, 0.99]",0.0,-0.3887762369744397,stationary_gaussian_fgn_unknown_constant_mean_ml,-280.89434975538575,True,2.6538326079854255
AR1_0.8_n256_r62,AR1_0.8_n256,zero,0.5,,0.99,True,"[0.01, 0.99]",0.0,0.0,stationary_gaussian_fgn_known_zero_mean,-280.8703203628031,True,2.6539571616613022
AR1_0.8_n256_r63,AR1_0.8_n256,unknown,0.5,,0.9801608083797311,False,"[0.01, 0.99]",0.0,0.18356161462257295,stationary_gaussian_fgn_unknown_constant_mean_ml,-284.4739747980569,True,1.886974659503767
AR1_0.8_n256_r63,AR1_0.8_n256,zero,0.5,,0.9803596104141029,False,"[0.01, 0.99]",0.0,0.0,stationary_gaussian_fgn_known_zero_mean,-284.4622048799781,True,1.8962314046938962
AR1_0.8_n256_r7,AR1_0.8_n256,unknown,0.5,,0.99,True,"[0.01, 0.99]",0.0,-0.25051201068250684,stationary_gaussian_fgn_unknown_constant_mean_ml,-218.69039798000767,True,2.996655866163782
AR1_0.8_n256_r7,AR1_0.8_n256,zero,0.5,,0.99,True,"[0.01, 0.99]",0.0,0.0,stationary_gaussian_fgn_known_zero_mean,-218.68257292267265,True,2.9967016653496334
AR1_0.8_n256_r8,AR1_0.8_n256,unknown,0.5,,0.99,True,"[0.01, 0.99]",0.0,0.24028010324807156,stationary_gaussian_fgn_unknown_constant_mean_ml,-235.02549273853367,True,2.90255816406038
AR1_0.8_n256_r8,AR1_0.8_n256,zero,0.5,,0.99,True,"[0.01, 0.99]",0.0,0.0,stationary_gaussian_fgn_known_zero_mean,-235.01781951142686,True,2.902601664362874
AR1_0.8_n256_r9,AR1_0.8_n256,unknown,0.5,,0.9841271190460492,False,"[0.01, 0.99]",0.0,0.2634454063851818,stationary_gaussian_fgn_unknown_constant_mean_ml,-252.95069371167642,True,2.2361093812492396
AR1_0.8_n256_r9,AR1_0.8_n256,zero,0.5,,0.9843608183959894,False,"[0.01, 0.99]",0.0,0.0,stationary_gaussian_fgn_known_zero_mean,-252.93422310543644,True,2.2523785406192998
AR1_0.8_n512_r0,AR1_0.8_n512,unknown,0.5,,0.99,True,"[0.01, 0.99]",0.0,-0.007974124295017416,stationary_gaussian_fgn_unknown_constant_mean_ml,-424.73868077712496,True,3.046481151433436
AR1_0.8_n512_r0,AR1_0.8_n512,zero,0.5,,0.99,True,"[0.01, 0.99]",0.0,0.0,stationary_gaussian_fgn_known_zero_mean,-424.7386729984753,True,3.0464811745755354
AR1_0.8_n512_r1,AR1_0.8_n512,unknown,0.5,,0.99,True,"[0.01, 0.99]",0.0,0.137021283214375,stationary_gaussian_fgn_unknown_constant_mean_ml,-431.38962588546747,True,3.026758182955348
AR1_0.8_n512_r1,AR1_0.8_n512,zero,0.5,,0.99,True,"[0.01, 0.99]",0.0,0.0,stationary_gaussian_fgn_known_zero_mean,-431.3872991081621,True,3.026765060494655
AR1_0.8_n512_r10,AR1_0.8_n512,unknown,0.5,,0.99,True,"[0.01, 0.99]",0.0,-0.11784207913475268,stationary_gaussian_fgn_unknown_constant_mean_ml,-467.8711775179579,True,2.9208235812377694
AR1_0.8_n512_r10,AR1_0.8_n512,zero,0.5,,0.99,True,"[0.01, 0.99]",0.0,0.0,stationary_gaussian_fgn_known_zero_mean,-467.8693294218515,True,2.920828852690464
AR1_0.8_n512_r11,AR1_0.8_n512,unknown,0.5,,0.99,True,"[0.01, 0.99]",0.0,0.07933763319601322,stationary_gaussian_fgn_unknown_constant_mean_ml,-527.7132992927739,True,2.7550237212872313
AR1_0.8_n512_r11,AR1_0.8_n512,zero,0.5,,0.99,True,"[0.01, 0.99]",0.0,0.0,stationary_gaussian_fgn_known_zero_mean,-527.7123577444986,True,2.7550262544796387
AR1_0.8_n512_r12,AR1_0.8_n512,unknown,0.5,,0.99,True,"[0.01, 0.99]",0.0,-0.2686412993249912,stationary_gaussian_fgn_unknown_constant_mean_ml,-424.3336570763654,True,3.047686367375496
AR1_0.8_n512_r12,AR1_0.8_n512,zero,0.5,,0.99,True,"[0.01, 0.99]",0.0,0.0,stationary_gaussian_fgn_known_zero_mean,-424.3248356976328,True,3.047712622171888
AR1_0.8_n512_r13,AR1_0.8_n512,unknown,0.5,,0.99,True,"[0.01, 0.99]",0.0,0.07112258138717839,stationary_gaussian_fgn_unknown_constant_mean_ml,-518.3600372227025,True,2.7803035095091837
AR1_0.8_n512_r13,AR1_0.8_n512,zero,0.5,,0.99,True,"[0.01, 0.99]",0.0,0.0,stationary_gaussian_fgn_known_zero_mean,-518.3592942626101,True,2.78030552675069
AR1_0.8_n512_r14,AR1_0.8_n512,unknown,0.5,,0.99,True,"[0.01, 0.99]",0.0,0.053158361743029334,stationary_gaussian_fgn_unknown_constant_mean_ml,-489.1502436890023,True,2.860754172715245
AR1_0.8_n512_r14,AR1_0.8_n512,zero,0.5,,0.99,True,"[0.01, 0.99]",0.0,0.0,stationary_gaussian_fgn_known_zero_mean,-489.1498516609672,True,2.860755267926233
AR1_0.8_n512_r15,AR1_0.8_n512,unknown,0.5,,0.99,True,"[0.01, 0.99]",0.0,0.13252146341518392,stationary_gaussian_fgn_unknown_constant_mean_ml,-510.07346763939177,True,2.8028939890459346
AR1_0.8_n512_r15,AR1_0.8_n512,zero,0.5,,0.99,True,"[0.01, 0.99]",0.0,0.0,stationary_gaussian_fgn_known_zero_mean,-510.0709296300222,True,2.8029009360967376
AR1_0.8_n512_r16,AR1_0.8_n512,unknown,0.5,,0.99,True,"[0.01, 0.99]",0.0,-0.10496360927877404,stationary_gaussian_fgn_unknown_constant_mean_ml,-450.07380559947956,True,2.9720319314576793
AR1_0.8_n512_r16,AR1_0.8_n512,zero,0.5,,0.99,True,"[0.01, 0.99]",0.0,0.0,stationary_gaussian_fgn_known_zero_mean,-450.07238946282314,True,2.972036041620055
AR1_0.8_n512_r17,AR1_0.8_n512,unknown,0.5,,0.99,True,"[0.01, 0.99]",0.0,-0.0730592959999784,stationary_gaussian_fgn_unknown_constant_mean_ml,-533.5541868191674,True,2.739353821753158
AR1_0.8_n512_r17,AR1_0.8_n512,zero,0.5,,0.99,True,"[0.01, 0.99]",0.0,0.0,stationary_gaussian_fgn_known_zero_mean,-533.5533792317226,True,2.7393559821717366
AR1_0.8_n512_r18,AR1_0.8_n512,unknown,0.5,,0.99,True,"[0.01, 0.99]",0.0,-0.03494328511532088,stationary_gaussian_fgn_unknown_constant_mean_ml,-482.7661628587882,True,2.8786451250362384
AR1_0.8_n512_r18,AR1_0.8_n512,zero,0.5,,0.99,True,"[0.01, 0.99]",0.0,0.0,stationary_gaussian_fgn_known_zero_mean,-482.76599556249016,True,2.8786455953357617
AR1_0.8_n512_r19,AR1_0.8_n512,unknown,0.5,,0.99,True,"[0.01, 0.99]",0.0,0.10422471497813762,stationary_gaussian_fgn_unknown_constant_mean_ml,-489.3821924476774,True,2.8601062496352423
AR1_0.8_n512_r19,AR1_0.8_n512,zero,0.5,,0.99,True,"[0.01, 0.99]",0.0,0.0,stationary_gaussian_fgn_known_zero_mean,-489.38068475906516,True,2.8601104607219585
AR1_0.8_n512_r2,AR1_0.8_n512,unknown,0.5,,0.99,True,"[0.01, 0.99]",0.0,0.0343100516484362,stationary_gaussian_fgn_unknown_constant_mean_ml,-525.7919321528582,True,2.7601979217390475
AR1_0.8_n512_r2,AR1_0.8_n512,zero,0.5,,0.99,True,"[0.01, 0.99]",0.0,0.0,stationary_gaussian_fgn_known_zero_mean,-525.7917567254624,True,2.760198394604647
AR1_0.8_n512_r20,AR1_0.8_n512,unknown,0.5,,0.99,True,"[0.01, 0.99]",0.0,0.1822441488191948,stationary_gaussian_fgn_unknown_constant_mean_ml,-513.2487759160426,True,2.794215993239736
AR1_0.8_n512_r20,AR1_0.8_n512,zero,0.5,,0.99,True,"[0.01, 0.99]",0.0,0.0,stationary_gaussian_fgn_known_zero_mean,-513.2439462134703,True,2.7942291722084813
AR1_0.8_n512_r21,AR1_0.8_n512,unknown,0.5,,0.99,True,"[0.01, 0.99]",0.0,-0.14146640186591805,stationary_gaussian_fgn_unknown_constant_mean_ml,-441.68269498344057,True,2.996486138043685
AR1_0.8_n512_r21,AR1_0.8_n512,zero,0.5,,0.99,True,"[0.01, 0.99]",0.0,0.0,stationary_gaussian_fgn_known_zero_mean,-441.680164426047,True,2.9964935431115767
AR1_0.8_n512_r22,AR1_0.8_n512,unknown,0.5,,0.99,True,"[0.01, 0.99]",0.0,0.11527386501384186,stationary_gaussian_fgn_unknown_constant_mean_ml,-486.534151008085,True,2.8680721084343594
AR1_0.8_n512_r22,AR1_0.8_n512,zero,0.5,,0.99,True,"[0.01, 0.99]",0.0,0.0,stationary_gaussian_fgn_known_zero_mean,-486.5323169377125,True,2.8680772453980232
AR1_0.8_n512_r23,AR1_0.8_n512,unknown,0.5,,0.99,True,"[0.01, 0.99]",0.0,-0.0017052616832337053,stationary_gaussian_fgn_unknown_constant_mean_ml,-507.7746116910612,True,2.8091934886857017
AR1_0.8_n512_r23,AR1_0.8_n512,zero,0.5,,0.99,True,"[0.01, 0.99]",0.0,0.0,stationary_gaussian_fgn_known_zero_mean,-507.7746112726977,True,2.809193489833421
AR1_0.8_n512_r24,AR1_0.8_n512,unknown,0.5,,0.99,True,"[0.01, 0.99]",0.0,0.3496976139211382,stationary_gaussian_fgn_unknown_constant_mean_ml,-498.52298185674226,True,2.8346889751133797
AR1_0.8_n512_r24,AR1_0.8_n512,zero,0.5,,0.99,True,"[0.01, 0.99]",0.0,0.0,stationary_gaussian_fgn_known_zero_mean,-498.50570350239195,True,2.8347368063378
AR1_0.8_n512_r25,AR1_0.8_n512,unknown,0.5,,0.99,True,"[0.01, 0.99]",0.0,0.06942969218086047,stationary_gaussian_fgn_unknown_constant_mean_ml,-523.7473621535023,True,2.7657145775797405
AR1_0.8_n512_r25,AR1_0.8_n512,zero,0.5,,0.99,True,"[0.01, 0.99]",0.0,0.0,stationary_gaussian_fgn_known_zero_mean,-523.7466466518283,True,2.7657165100739802
AR1_0.8_n512_r26,AR1_0.8_n512,unknown,0.5,,0.99,True,"[0.01, 0.99]",0.0,-0.09968030648783216,stationary_gaussian_fgn_unknown_constant_mean_ml,-494.01549284876546,True,2.8471943389948504
AR1_0.8_n512_r26,AR1_0.8_n512,zero,0.5,,0.99,True,"[0.01, 0.99]",0.0,0.0,stationary_gaussian_fgn_known_zero_mean,-494.01410123373216,True,2.847198208331899
AR1_0.8_n512_r27,AR1_0.8_n512,unknown,0.5,,0.99,True,"[0.01, 0.99]",0.0,-0.061952294431638244,stationary_gaussian_fgn_unknown_constant_mean_ml,-486.25507527611376,True,2.86885386468695
AR1_0.8_n512_r27,AR1_0.8_n512,zero,0.5,,0.99,True,"[0.01, 0.99]",0.0,0.0,stationary_gaussian_fgn_known_zero_mean,-486.2545458164143,True,2.8688553480296233
AR1_0.8_n512_r28,AR1_0.8_n512,unknown,0.5,,0.99,True,"[0.01, 0.99]",0.0,0.04054883559373888,stationary_gaussian_fgn_unknown_constant_mean_ml,-484.0805907863055,True,2.8749524061689034
AR1_0.8_n512_r28,AR1_0.8_n512,zero,0.5,,0.99,True,"[0.01, 0.99]",0.0,0.0,stationary_gaussian_fgn_known_zero_mean,-484.08036493086547,True,2.8749530402740917
AR1_0.8_n512_r29,AR1_0.8_n512,unknown,0.5,,0.99,True,"[0.01, 0.99]",0.0,0.27521093708130656,stationary_gaussian_fgn_unknown_constant_mean_ml,-539.7921019414154,True,2.7227171860236496
AR1_0.8_n512_r29,AR1_0.8_n512,zero,0.5,,0.99,True,"[0.01, 0.99]",0.0,0.0,stationary_gaussian_fgn_known_zero_mean,-539.7805019788209,True,2.7227480293795123
AR1_0.8_n512_r3,AR1_0.8_n512,unknown,0.5,,0.99,True,"[0.01, 0.99]",0.0,0.1638710430625002,stationary_gaussian_fgn_unknown_constant_mean_ml,-484.3598032484349,True,2.874168604302464
AR1_0.8_n512_r3,AR1_0.8_n512,zero,0.5,,0.99,True,"[0.01, 0.99]",0.0,0.0,stationary_gaussian_fgn_known_zero_mean,-484.3561125073079,True,2.874178963512806
AR1_0.8_n512_r30,AR1_0.8_n512,unknown,0.5,,0.99,True,"[0.01, 0.99]",0.0,0.036362109216145355,stationary_gaussian_fgn_unknown_constant_mean_ml,-477.69823479519187,True,2.892927280339122
AR1_0.8_n512_r30,AR1_0.8_n512,zero,0.5,,0.99,True,"[0.01, 0.99]",0.0,0.0,stationary_gaussian_fgn_known_zero_mean,-477.69805542171775,True,2.892927787091526
AR1_0.8_n512_r31,AR1_0.8_n512,unknown,0.5,,0.99,True,"[0.01, 0.99]",0.0,-0.38310371591987735,stationary_gaussian_fgn_unknown_constant_mean_ml,-450.26369611289033,True,2.9714808490894526
AR1_0.8_n512_r31,AR1_0.8_n512,zero,0.5,,0.99,True,"[0.01, 0.99]",0.0,0.0,stationary_gaussian_fgn_known_zero_mean,-450.2448242814228,True,2.971535612568491
AR1_0.8_n512_r32,AR1_0.8_n512,unknown,0.5,,0.99,True,"[0.01, 0.99]",0.0,0.20003029580938264,stationary_gaussian_fgn_unknown_constant_mean_ml,-482.9433159667119,True,2.8781471593905774
AR1_0.8_n512_r32,AR1_0.8_n512,zero,0.5,,0.99,True,"[0.01, 0.99]",0.0,0.0,stationary_gaussian_fgn_known_zero_mean,-482.93783195425,True,2.878162573294049
AR1_0.8_n512_r33,AR1_0.8_n512,unknown,0.5,,0.99,True,"[0.01, 0.99]",0.0,-0.009270575276027926,stationary_gaussian_fgn_unknown_constant_mean_ml,-488.7672217962331,True,2.861824423135043
AR1_0.8_n512_r33,AR1_0.8_n512,zero,0.5,,0.99,True,"[0.01, 0.99]",0.0,0.0,stationary_gaussian_fgn_known_zero_mean,-488.76720988209627,True,2.8618244564320823
AR1_0.8_n512_r34,AR1_0.8_n512,unknown,0.5,,0.99,True,"[0.01, 0.99]",0.0,-0.41270466410070716,stationary_gaussian_fgn_unknown_constant_mean_ml,-502.0870299254343,True,2.8248399454470627
AR1_0.8_n512_r34,AR1_0.8_n512,zero,0.5,,0.99,True,"[0.01, 0.99]",0.0,0.0,stationary_gaussian_fgn_known_zero_mean,-502.0627964345249,True,2.824906797539998
AR1_0.8_n512_r35,AR1_0.8_n512,unknown,0.5,,0.99,True,"[0.01, 0.99]",0.0,0.21397621994574992,stationary_gaussian_fgn_unknown_constant_mean_ml,-543.9138215343316,True,2.711779957940757
AR1_0.8_n512_r35,AR1_0.8_n512,zero,0.5,,0.99,True,"[0.01, 0.99]",0.0,0.0,stationary_gaussian_fgn_known_zero_mean,-543.9067525938259,True,2.7117986781334844
AR1_0.8_n512_r36,AR1_0.8_n512,unknown,0.5,,0.99,True,"[0.01, 0.99]",0.0,-0.21369456396769634,stationary_gaussian_fgn_unknown_constant_mean_ml,-491.6286061428427,True,2.8538387305390227
AR1_0.8_n512_r36,AR1_0.8_n512,zero,0.5,,0.99,True,"[0.01, 0.99]",0.0,0.0,stationary_gaussian_fgn_known_zero_mean,-491.62224023144563,True,2.8538564720829394
AR1_0.8_n512_r37,AR1_0.8_n512,unknown,0.5,,0.99,True,"[0.01, 0.99]",0.0,0.09057524256667249,stationary_gaussian_fgn_unknown_constant_mean_ml,-512.3766929538203,True,2.796596682783215
AR1_0.8_n512_r37,AR1_0.8_n512,zero,0.5,,0.99,True,"[0.01, 0.99]",0.0,0.0,stationary_gaussian_fgn_known_zero_mean,-512.3755020024571,True,2.796599935334551
AR1_0.8_n512_r38,AR1_0.8_n512,unknown,0.5,,0.99,True,"[0.01, 0.99]",0.0,0.10587160763551386,stationary_gaussian_fgn_unknown_constant_mean_ml,-467.37483342751193,True,2.922239679803657
AR1_0.8_n512_r38,AR1_0.8_n512,zero,0.5,,0.99,True,"[0.01, 0.99]",0.0,0.0,stationary_gaussian_fgn_known_zero_mean,-467.3733431679668,True,2.922243932634462
AR1_0.8_n512_r39,AR1_0.8_n512,unknown,0.5,,0.99,True,"[0.01, 0.99]",0.0,0.036527121400391174,stationary_gaussian_fgn_unknown_constant_mean_ml,-406.831909470063,True,3.100223746212635
AR1_0.8_n512_r39,AR1_0.8_n512,zero,0.5,,0.99,True,"[0.01, 0.99]",0.0,0.0,stationary_gaussian_fgn_known_zero_mean,-406.8317518614497,True,3.10022422338256
AR1_0.8_n512_r4,AR1_0.8_n512,unknown,0.5,,0.99,True,"[0.01, 0.99]",0.0,-0.17015505475129286,stationary_gaussian_fgn_unknown_constant_mean_ml,-513.187951623107,True,2.7943819710324993
AR1_0.8_n512_r4,AR1_0.8_n512,zero,0.5,,0.99,True,"[0.01, 0.99]",0.0,0.0,stationary_gaussian_fgn_known_zero_mean,-513.183741918921,True,2.794393458870058
AR1_0.8_n512_r40,AR1_0.8_n512,unknown,0.5,,0.99,True,"[0.01, 0.99]",0.0,0.006835832204658832,stationary_gaussian_fgn_unknown_constant_mean_ml,-498.3779427198192,True,2.8350905082781455
AR1_0.8_n512_r40,AR1_0.8_n512,zero,0.5,,0.99,True,"[0.01, 0.99]",0.0,0.0,stationary_gaussian_fgn_known_zero_mean,-498.37793611920836,True,2.8350905265528814
AR1_0.8_n512_r41,AR1_0.8_n512,unknown,0.5,,0.99,True,"[0.01, 0.99]",0.0,0.0596675368041147,stationary_gaussian_fgn_unknown_constant_mean_ml,-518.8798785330691,True,2.77889242570182
AR1_0.8_n512_r41,AR1_0.8_n512,zero,0.5,,0.99,True,"[0.01, 0.99]",0.0,0.0,stationary_gaussian_fgn_known_zero_mean,-518.8793550920859,True,2.7788938461965027
AR1_0.8_n512_r42,AR1_0.8_n512,unknown,0.5,,0.99,True,"[0.01, 0.99]",0.0,0.2023866661980344,stationary_gaussian_fgn_unknown_constant_mean_ml,-457.3315005917382,True,2.951041851876268
AR1_0.8_n512_r42,AR1_0.8_n512,zero,0.5,,0.99,True,"[0.01, 0.99]",0.0,0.0,stationary_gaussian_fgn_known_zero_mean,-457.3261605335847,True,2.951057241306144
AR1_0.8_n512_r43,AR1_0.8_n512,unknown,0.5,,0.99,True,"[0.01, 0.99]",0.0,0.023944223125201024,stationary_gaussian_fgn_unknown_constant_mean_ml,-447.14957816081187,True,2.9805312658340015
AR1_0.8_n512_r43,AR1_0.8_n512,zero,0.5,,0.99,True,"[0.01, 0.99]",0.0,0.0,stationary_gaussian_fgn_known_zero_mean,-447.14950488691284,True,2.9805314791105206
AR1_0.8_n512_r44,AR1_0.8_n512,unknown,0.5,,0.99,True,"[0.01, 0.99]",0.0,0.05544221564553718,stationary_gaussian_fgn_unknown_constant_mean_ml,-496.493243115264,True,2.840313373723727
AR1_0.8_n512_r44,AR1_0.8_n512,zero,0.5,,0.99,True,"[0.01, 0.99]",0.0,0.0,stationary_gaussian_fgn_known_zero_mean,-496.4928105181177,True,2.8403145736375164
AR1_0.8_n512_r45,AR1_0.8_n512,unknown,0.5,,0.99,True,"[0.01, 0.99]",0.0,-0.09999921135859824,stationary_gaussian_fgn_unknown_constant_mean_ml,-509.2922686057127,True,2.8050331037985705
AR1_0.8_n512_r45,AR1_0.8_n512,zero,0.5,,0.99,True,"[0.01, 0.99]",0.0,0.0,stationary_gaussian_fgn_known_zero_mean,-509.2908256541539,True,2.8050370564643337
AR1_0.8_n512_r46,AR1_0.8_n512,unknown,0.5,,0.99,True,"[0.01, 0.99]",0.0,0.15476363548876101,stationary_gaussian_fgn_unknown_constant_mean_ml,-472.83864180828414,True,2.9066888628787075
AR1_0.8_n512_r46,AR1_0.8_n512,zero,0.5,,0.99,True,"[0.01, 0.99]",0.0,0.0,stationary_gaussian_fgn_known_zero_mean,-472.8354231521339,True,2.9066979992524273
AR1_0.8_n512_r47,AR1_0.8_n512,unknown,0.5,,0.99,True,"[0.01, 0.99]",0.0,-0.10678999702852364,stationary_gaussian_fgn_unknown_constant_mean_ml,-459.83617366065414,True,2.943832513152845
AR1_0.8_n512_r47,AR1_0.8_n512,zero,0.5,,0.99,True,"[0.01, 0.99]",0.0,0.0,stationary_gaussian_fgn_known_zero_mean,-459.83467959557265,True,2.943836808348716
AR1_0.8_n512_r48,AR1_0.8_n512,unknown,0.5,,0.99,True,"[0.01, 0.99]",0.0,-0.2930851114577613,stationary_gaussian_fgn_unknown_constant_mean_ml,-485.8353503489243,True,2.870030013409684
AR1_0.8_n512_r48,AR1_0.8_n512,zero,0.5,,0.99,True,"[0.01, 0.99]",0.0,0.0,stationary_gaussian_fgn_known_zero_mean,-485.8235105367826,True,2.870063197797035
AR1_0.8_n512_r49,AR1_0.8_n512,unknown,0.5,,0.99,True,"[0.01, 0.99]",0.0,0.09795162485210764,stationary_gaussian_fgn_unknown_constant_mean_ml,-512.6805694606298,True,2.795766903535681
AR1_0.8_n512_r49,AR1_0.8_n512,zero,0.5,,0.99,True,"[0.01, 0.99]",0.0,0.0,stationary_gaussian_fgn_known_zero_mean,-512.6791758033908,True,2.7957707085585675
AR1_0.8_n512_r5,AR1_0.8_n512,unknown,0.5,,0.99,True,"[0.01, 0.99]",0.0,-0.18992348579446494,stationary_gaussian_fgn_unknown_constant_mean_ml,-524.7377533134418,True,2.763040930043912
AR1_0.8_n512_r5,AR1_0.8_n512,zero,0.5,,0.99,True,"[0.01, 0.99]",0.0,0.0,stationary_gaussian_fgn_known_zero_mean,-524.7323889816835,True,2.7630554045625004
AR1_0.8_n512_r50,AR1_0.8_n512,unknown,0.5,,0.99,True,"[0.01, 0.99]",0.0,0.06808789412602449,stationary_gaussian_fgn_unknown_constant_mean_ml,-555.2892575034457,True,2.68182197819704
AR1_0.8_n512_r50,AR1_0.8_n512,zero,0.5,,0.99,True,"[0.01, 0.99]",0.0,0.0,stationary_gaussian_fgn_known_zero_mean,-555.2885256657112,True,2.6818238948564366
AR1_0.8_n512_r51,AR1_0.8_n512,unknown,0.5,,0.99,True,"[0.01, 0.99]",0.0,0.08373411365242686,stationary_gaussian_fgn_unknown_constant_mean_ml,-472.6295109379696,True,2.9072825547235905
AR1_0.8_n512_r51,AR1_0.8_n512,zero,0.5,,0.99,True,"[0.01, 0.99]",0.0,0.0,stationary_gaussian_fgn_known_zero_mean,-472.6285691239159,True,2.9072852286697115
AR1_0.8_n512_r52,AR1_0.8_n512,unknown,0.5,,0.99,True,"[0.01, 0.99]",0.0,0.06862627498884558,stationary_gaussian_fgn_unknown_constant_mean_ml,-489.02182371634126,True,2.8611129627641434
AR1_0.8_n512_r52,AR1_0.8_n512,zero,0.5,,0.99,True,"[0.01, 0.99]",0.0,0.0,stationary_gaussian_fgn_known_zero_mean,-489.02117051696564,True,2.8611147878401173
AR1_0.8_n512_r53,AR1_0.8_n512,unknown,0.5,,0.99,True,"[0.01, 0.99]",0.0,0.09020600773493936,stationary_gaussian_fgn_unknown_constant_mean_ml,-506.6822043886966,True,2.8121919466527805
AR1_0.8_n512_r53,AR1_0.8_n512,zero,0.5,,0.99,True,"[0.01, 0.99]",0.0,0.0,stationary_gaussian_fgn_known_zero_mean,-506.68103619272324,True,2.812195154849248
AR1_0.8_n512_r54,AR1_0.8_n512,unknown,0.5,,0.99,True,"[0.01, 0.99]",0.0,0.03321770783565521,stationary_gaussian_fgn_unknown_constant_mean_ml,-464.3528075808756,True,2.9308765233638407
AR1_0.8_n512_r54,AR1_0.8_n512,zero,0.5,,0.99,True,"[0.01, 0.99]",0.0,0.0,stationary_gaussian_fgn_known_zero_mean,-464.35266173995024,True,2.9308769407874493
AR1_0.8_n512_r55,AR1_0.8_n512,unknown,0.5,,0.99,True,"[0.01, 0.99]",0.0,0.2689418948611406,stationary_gaussian_fgn_unknown_constant_mean_ml,-496.25417464549037,True,2.840976565757909
AR1_0.8_n512_r55,AR1_0.8_n512,zero,0.5,,0.99,True,"[0.01, 0.99]",0.0,0.0,stationary_gaussian_fgn_known_zero_mean,-496.24400015902097,True,2.8410047939036427
AR1_0.8_n512_r56,AR1_0.8_n512,unknown,0.5,,0.99,True,"[0.01, 0.99]",0.0,-0.0316921622509849,stationary_gaussian_fgn_unknown_constant_mean_ml,-470.2572392671093,True,2.9140255811893216
AR1_0.8_n512_r56,AR1_0.8_n512,zero,0.5,,0.99,True,"[0.01, 0.99]",0.0,0.0,stationary_gaussian_fgn_known_zero_mean,-470.2571049744852,True,2.9140259633496415
AR1_0.8_n512_r57,AR1_0.8_n512,unknown,0.5,,0.99,True,"[0.01, 0.99]",0.0,0.16658108735871477,stationary_gaussian_fgn_unknown_constant_mean_ml,-481.5407376529399,True,2.882092074121023
AR1_0.8_n512_r57,AR1_0.8_n512,zero,0.5,,0.99,True,"[0.01, 0.99]",0.0,0.0,stationary_gaussian_fgn_known_zero_mean,-481.53694477147724,True,2.8821027493689204
AR1_0.8_n512_r58,AR1_0.8_n512,unknown,0.5,,0.99,True,"[0.01, 0.99]",0.0,-0.046154261496369045,stationary_gaussian_fgn_unknown_constant_mean_ml,-521.7192100190275,True,2.7711978280889826
AR1_0.8_n512_r58,AR1_0.8_n512,zero,0.5,,0.99,True,"[0.01, 0.99]",0.0,0.0,stationary_gaussian_fgn_known_zero_mean,-521.7188950820794,True,2.7711986803865614
AR1_0.8_n512_r59,AR1_0.8_n512,unknown,0.5,,0.99,True,"[0.01, 0.99]",0.0,0.29863325580266253,stationary_gaussian_fgn_unknown_constant_mean_ml,-521.6603333152628,True,2.7713571676243793
AR1_0.8_n512_r59,AR1_0.8_n512,zero,0.5,,0.99,True,"[0.01, 0.99]",0.0,0.0,stationary_gaussian_fgn_known_zero_mean,-521.6471501121977,True,2.7713928469207567
AR1_0.8_n512_r6,AR1_0.8_n512,unknown,0.5,,0.99,True,"[0.01, 0.99]",0.0,-0.11994883261984295,stationary_gaussian_fgn_unknown_constant_mean_ml,-537.0251027209903,True,2.7300843189987725
AR1_0.8_n512_r6,AR1_0.8_n512,zero,0.5,,0.99,True,"[0.01, 0.99]",0.0,0.0,stationary_gaussian_fgn_known_zero_mean,-537.0229110558678,True,2.7300901621989544
AR1_0.8_n512_r60,AR1_0.8_n512,unknown,0.5,,0.9863043250202345,False,"[0.01, 0.99]",0.0,0.039593226210214466,stationary_gaussian_fgn_unknown_constant_mean_ml,-556.5134513289426,True,2.2956819910918274
AR1_0.8_n512_r60,AR1_0.8_n512,zero,0.5,,0.9863052191856039,False,"[0.01, 0.99]",0.0,0.0,stationary_gaussian_fgn_known_zero_mean,-556.5130973718707,True,2.2957560970171946
AR1_0.8_n512_r61,AR1_0.8_n512,unknown,0.5,,0.99,True,"[0.01, 0.99]",0.0,0.1539861160290003,stationary_gaussian_fgn_unknown_constant_mean_ml,-537.9168154581778,True,2.7277079603147683
AR1_0.8_n512_r61,AR1_0.8_n512,zero,0.5,,0.99,True,"[0.01, 0.99]",0.0,0.0,stationary_gaussian_fgn_known_zero_mean,-537.913197187532,True,2.727717598599025
AR1_0.8_n512_r62,AR1_0.8_n512,unknown,0.5,,0.9864927003835338,False,"[0.01, 0.99]",0.0,-0.27296599680752465,stationary_gaussian_fgn_unknown_constant_mean_ml,-513.6173192751645,True,2.4101664672375036
AR1_0.8_n512_r62,AR1_0.8_n512,zero,0.5,,0.9866610133709883,False,"[0.01, 0.99]",0.0,0.0,stationary_gaussian_fgn_known_zero_mean,-513.6022013826588,True,2.425035517446493
AR1_0.8_n512_r63,AR1_0.8_n512,unknown,0.5,,0.99,True,"[0.01, 0.99]",0.0,-0.02263182687993601,stationary_gaussian_fgn_unknown_constant_mean_ml,-540.3124384606197,True,2.7213340128838754
AR1_0.8_n512_r63,AR1_0.8_n512,zero,0.5,,0.99,True,"[0.01, 0.99]",0.0,0.0,stationary_gaussian_fgn_known_zero_mean,-540.3123599351236,True,2.7213342215695313
AR1_0.8_n512_r7,AR1_0.8_n512,unknown,0.5,,0.99,True,"[0.01, 0.99]",0.0,-0.1964036390959717,stationary_gaussian_fgn_unknown_constant_mean_ml,-481.95006758332966,True,2.8809402276466556
AR1_0.8_n512_r7,AR1_0.8_n512,zero,0.5,,0.99,True,"[0.01, 0.99]",0.0,0.0,stationary_gaussian_fgn_known_zero_mean,-481.94479086973047,True,2.880955073286935
AR1_0.8_n512_r8,AR1_0.8_n512,unknown,0.5,,0.99,True,"[0.01, 0.99]",0.0,0.28024924767990966,stationary_gaussian_fgn_unknown_constant_mean_ml,-503.2760126844173,True,2.8215618821321073
AR1_0.8_n512_r8,AR1_0.8_n512,zero,0.5,,0.99,True,"[0.01, 0.99]",0.0,0.0,stationary_gaussian_fgn_known_zero_mean,-503.26481211255077,True,2.8215927447097204
AR1_0.8_n512_r9,AR1_0.8_n512,unknown,0.5,,0.99,True,"[0.01, 0.99]",0.0,0.1233728954756457,stationary_gaussian_fgn_unknown_constant_mean_ml,-501.0015671036997,True,2.8278359263687602
AR1_0.8_n512_r9,AR1_0.8_n512,zero,0.5,,0.99,True,"[0.01, 0.99]",0.0,0.0,stationary_gaussian_fgn_known_zero_mean,-500.9994060508959,True,2.8278418942488437
AR1_0.95_n1024_r0,AR1_0.95_n1024,unknown,0.5,,0.99,True,"[0.01, 0.99]",0.0,-0.022539401540130732,stationary_gaussian_fgn_unknown_constant_mean_ml,-1882.756968284311,True,1.843396328257775
AR1_0.95_n1024_r0,AR1_0.95_n1024,zero,0.5,,0.99,True,"[0.01, 0.99]",0.0,0.0,stationary_gaussian_fgn_known_zero_mean,-1882.7567961747554,True,1.8433964831728797
AR1_0.95_n1024_r1,AR1_0.95_n1024,unknown,0.5,,0.99,True,"[0.01, 0.99]",0.0,-0.03893195650452641,stationary_gaussian_fgn_unknown_constant_mean_ml,-2179.3316449372487,True,1.5948789611157501
AR1_0.95_n1024_r1,AR1_0.95_n1024,zero,0.5,,0.99,True,"[0.01, 0.99]",0.0,0.0,stationary_gaussian_fgn_known_zero_mean,-2179.3309589523624,True,1.5948794953262218
AR1_0.95_n1024_r10,AR1_0.95_n1024,unknown,0.5,,0.99,True,"[0.01, 0.99]",0.0,0.1978086026508386,stationary_gaussian_fgn_unknown_constant_mean_ml,-2136.0339738840894,True,1.6289559495579704
AR1_0.95_n1024_r10,AR1_0.95_n1024,zero,0.5,,0.99,True,"[0.01, 0.99]",0.0,0.0,stationary_gaussian_fgn_known_zero_mean,-2136.016998259522,True,1.6289694518329907
AR1_0.95_n1024_r11,AR1_0.95_n1024,unknown,0.5,,0.99,True,"[0.01, 0.99]",0.0,0.23789808892232295,stationary_gaussian_fgn_unknown_constant_mean_ml,-2222.1155316911013,True,1.5619066354712103
AR1_0.95_n1024_r11,AR1_0.95_n1024,zero,0.5,,0.99,True,"[0.01, 0.99]",0.0,0.0,stationary_gaussian_fgn_known_zero_mean,-2222.0888247717303,True,1.561927003628713
AR1_0.95_n1024_r12,AR1_0.95_n1024,unknown,0.5,,0.99,True,"[0.01, 0.99]",0.0,-0.055113555553839566,stationary_gaussian_fgn_unknown_constant_mean_ml,-2129.7376781494577,True,1.6339716578087233
AR1_0.95_n1024_r12,AR1_0.95_n1024,zero,0.5,,0.99,True,"[0.01, 0.99]",0.0,0.0,stationary_gaussian_fgn_known_zero_mean,-2129.736368409024,True,1.633972702769384
AR1_0.95_n1024_r13,AR1_0.95_n1024,unknown,0.5,,0.99,True,"[0.01, 0.99]",0.0,-0.2029668640837693,stationary_gaussian_fgn_unknown_constant_mean_ml,-2239.761242884968,True,1.548506947911251
AR1_0.95_n1024_r13,AR1_0.95_n1024,zero,0.5,,0.99,True,"[0.01, 0.99]",0.0,0.0,stationary_gaussian_fgn_known_zero_mean,-2239.7414651084655,True,1.5485219020968994
AR1_0.95_n1024_r14,AR1_0.95_n1024,unknown,0.5,,0.99,True,"[0.01, 0.99]",0.0,0.177246148197037,stationary_gaussian_fgn_unknown_constant_mean_ml,-2127.2329121487574,True,1.6359712771609696
AR1_0.95_n1024_r14,AR1_0.95_n1024,zero,0.5,,0.99,True,"[0.01, 0.99]",0.0,0.0,stationary_gaussian_fgn_known_zero_mean,-2127.2193989834436,True,1.6359820717035733
AR1_0.95_n1024_r15,AR1_0.95_n1024,unknown,0.5,,0.99,True,"[0.01, 0.99]",0.0,0.12633010138195158,stationary_gaussian_fgn_unknown_constant_mean_ml,-2183.2117238571836,True,1.5918602121433418
AR1_0.95_n1024_r15,AR1_0.95_n1024,zero,0.5,,0.99,True,"[0.01, 0.99]",0.0,0.0,stationary_gaussian_fgn_known_zero_mean,-2183.2044734902206,True,1.5918658476858818
AR1_0.95_n1024_r16,AR1_0.95_n1024,unknown,0.5,,0.99,True,"[0.01, 0.99]",0.0,0.26718128036717065,stationary_gaussian_fgn_unknown_constant_mean_ml,-2129.035225666261,True,1.6345321970242157
AR1_0.95_n1024_r16,AR1_0.95_n1024,zero,0.5,,0.99,True,"[0.01, 0.99]",0.0,0.0,stationary_gaussian_fgn_known_zero_mean,-2129.004466379339,True,1.6345567465468687
AR1_0.95_n1024_r17,AR1_0.95_n1024,unknown,0.5,,0.99,True,"[0.01, 0.99]",0.0,0.11191491826250284,stationary_gaussian_fgn_unknown_constant_mean_ml,-2001.3915636001911,True,1.7396477535600032
AR1_0.95_n1024_r17,AR1_0.95_n1024,zero,0.5,,0.99,True,"[0.01, 0.99]",0.0,0.0,stationary_gaussian_fgn_known_zero_mean,-2001.3867991805728,True,1.7396518006408266
AR1_0.95_n1024_r18,AR1_0.95_n1024,unknown,0.5,,0.99,True,"[0.01, 0.99]",0.0,-0.2741987369420218,stationary_gaussian_fgn_unknown_constant_mean_ml,-2142.466724780568,True,1.6238474396178588
AR1_0.95_n1024_r18,AR1_0.95_n1024,zero,0.5,,0.99,True,"[0.01, 0.99]",0.0,0.0,stationary_gaussian_fgn_known_zero_mean,-2142.433900804937,True,1.6238734657682132
AR1_0.95_n1024_r19,AR1_0.95_n1024,unknown,0.5,,0.99,True,"[0.01, 0.99]",0.0,0.08815212849118925,stationary_gaussian_fgn_unknown_constant_mean_ml,-2230.6420392036953,True,1.5554174146364217
AR1_0.95_n1024_r19,AR1_0.95_n1024,zero,0.5,,0.99,True,"[0.01, 0.99]",0.0,0.0,stationary_gaussian_fgn_known_zero_mean,-2230.6383415298624,True,1.5554202229525669
AR1_0.95_n1024_r2,AR1_0.95_n1024,unknown,0.5,,0.99,True,"[0.01, 0.99]",0.0,0.27359267050107516,stationary_gaussian_fgn_unknown_constant_mean_ml,-2043.5142602756018,True,1.7042326133353742
AR1_0.95_n1024_r2,AR1_0.95_n1024,zero,0.5,,0.99,True,"[0.01, 0.99]",0.0,0.0,stationary_gaussian_fgn_known_zero_mean,-2043.484591298492,True,1.7042573024001415
AR1_0.95_n1024_r20,AR1_0.95_n1024,unknown,0.5,,0.99,True,"[0.01, 0.99]",0.0,0.13107666991492925,stationary_gaussian_fgn_unknown_constant_mean_ml,-2046.130667350265,True,1.7020567738727537
AR1_0.95_n1024_r20,AR1_0.95_n1024,zero,0.5,,0.99,True,"[0.01, 0.99]",0.0,0.0,stationary_gaussian_fgn_known_zero_mean,-2046.1238398935075,True,1.7020624480614222
AR1_0.95_n1024_r21,AR1_0.95_n1024,unknown,0.5,,0.99,True,"[0.01, 0.99]",0.0,-0.1968815110974181,stationary_gaussian_fgn_unknown_constant_mean_ml,-2148.3202837444774,True,1.6192128127898127
AR1_0.95_n1024_r21,AR1_0.95_n1024,zero,0.5,,0.99,True,"[0.01, 0.99]",0.0,0.0,stationary_gaussian_fgn_known_zero_mean,-2148.3032638804043,True,1.6192262692822406
AR1_0.95_n1024_r22,AR1_0.95_n1024,unknown,0.5,,0.99,True,"[0.01, 0.99]",0.0,-0.23796715164036195,stationary_gaussian_fgn_unknown_constant_mean_ml,-2051.0660034149205,True,1.6979600410879199
AR1_0.95_n1024_r22,AR1_0.95_n1024,zero,0.5,,0.99,True,"[0.01, 0.99]",0.0,0.0,stationary_gaussian_fgn_known_zero_mean,-2051.043391778665,True,1.6979787880931823
AR1_0.95_n1024_r23,AR1_0.95_n1024,unknown,0.5,,0.99,True,"[0.01, 0.99]",0.0,-0.23368781477832198,stationary_gaussian_fgn_unknown_constant_mean_ml,-2138.3192767161418,True,1.627139259413837
AR1_0.95_n1024_r23,AR1_0.95_n1024,zero,0.5,,0.99,True,"[0.01, 0.99]",0.0,0.0,stationary_gaussian_fgn_known_zero_mean,-2138.295531542816,True,1.627158125101202
AR1_0.95_n1024_r24,AR1_0.95_n1024,unknown,0.5,,0.99,True,"[0.01, 0.99]",0.0,0.18484607762813063,stationary_gaussian_fgn_unknown_constant_mean_ml,-2074.9943517513775,True,1.6782369214674562
AR1_0.95_n1024_r24,AR1_0.95_n1024,zero,0.5,,0.99,True,"[0.01, 0.99]",0.0,0.0,stationary_gaussian_fgn_known_zero_mean,-2074.9803858597897,True,1.678248365878989
AR1_0.95_n1024_r25,AR1_0.95_n1024,unknown,0.5,,0.99,True,"[0.01, 0.99]",0.0,-0.18813022053578662,stationary_gaussian_fgn_unknown_constant_mean_ml,-2150.1135606256585,True,1.6177956125938795
AR1_0.95_n1024_r25,AR1_0.95_n1024,zero,0.5,,0.99,True,"[0.01, 0.99]",0.0,0.0,stationary_gaussian_fgn_known_zero_mean,-2150.0979929342793,True,1.6178079101712886
AR1_0.95_n1024_r26,AR1_0.95_n1024,unknown,0.5,,0.99,True,"[0.01, 0.99]",0.0,0.2251946424254876,stationary_gaussian_fgn_unknown_constant_mean_ml,-2058.248142294462,True,1.6920158875320073
AR1_0.95_n1024_r26,AR1_0.95_n1024,zero,0.5,,0.99,True,"[0.01, 0.99]",0.0,0.0,stationary_gaussian_fgn_known_zero_mean,-2058.2277502578313,True,1.692032735101214
AR1_0.95_n1024_r27,AR1_0.95_n1024,unknown,0.5,,0.99,True,"[0.01, 0.99]",0.0,0.030498106957137824,stationary_gaussian_fgn_unknown_constant_mean_ml,-2121.615581302054,True,1.6404646397109135
AR1_0.95_n1024_r27,AR1_0.95_n1024,zero,0.5,,0.99,True,"[0.01, 0.99]",0.0,0.0,stationary_gaussian_fgn_known_zero_mean,-2121.615183406005,True,1.6404649584289126
AR1_0.95_n1024_r28,AR1_0.95_n1024,unknown,0.5,,0.99,True,"[0.01, 0.99]",0.0,-0.050931869153619705,stationary_gaussian_fgn_unknown_constant_mean_ml,-2100.8839204761116,True,1.6571552042487636
AR1_0.95_n1024_r28,AR1_0.95_n1024,zero,0.5,,0.99,True,"[0.01, 0.99]",0.0,0.0,stationary_gaussian_fgn_known_zero_mean,-2100.88283302355,True,1.6571560841697355
AR1_0.95_n1024_r29,AR1_0.95_n1024,unknown,0.5,,0.99,True,"[0.01, 0.99]",0.0,0.12865974252169582,stationary_gaussian_fgn_unknown_constant_mean_ml,-2115.118216386279,True,1.6456773461901766
AR1_0.95_n1024_r29,AR1_0.95_n1024,zero,0.5,,0.99,True,"[0.01, 0.99]",0.0,0.0,stationary_gaussian_fgn_known_zero_mean,-2115.1111799594782,True,1.6456830003445104
AR1_0.95_n1024_r3,AR1_0.95_n1024,unknown,0.5,,0.99,True,"[0.01, 0.99]",0.0,-0.014600119193827477,stationary_gaussian_fgn_unknown_constant_mean_ml,-2007.4426091910855,True,1.7345153551060266
AR1_0.95_n1024_r3,AR1_0.95_n1024,zero,0.5,,0.99,True,"[0.01, 0.99]",0.0,0.0,stationary_gaussian_fgn_known_zero_mean,-2007.442527624144,True,1.734515424187626
AR1_0.95_n1024_r30,AR1_0.95_n1024,unknown,0.5,,0.99,True,"[0.01, 0.99]",0.0,-0.16816973478176966,stationary_gaussian_fgn_unknown_constant_mean_ml,-2101.688207807214,True,1.65650453664258
AR1_0.95_n1024_r30,AR1_0.95_n1024,zero,0.5,,0.99,True,"[0.01, 0.99]",0.0,0.0,stationary_gaussian_fgn_known_zero_mean,-2101.6763428658787,True,1.656514133510784
AR1_0.95_n1024_r31,AR1_0.95_n1024,unknown,0.5,,0.99,True,"[0.01, 0.99]",0.0,-0.23328941573253092,stationary_gaussian_fgn_unknown_constant_mean_ml,-2026.0426531556996,True,1.718833713748899
AR1_0.95_n1024_r31,AR1_0.95_n1024,zero,0.5,,0.99,True,"[0.01, 0.99]",0.0,0.0,stationary_gaussian_fgn_known_zero_mean,-2026.021446336254,True,1.7188515121790493
AR1_0.95_n1024_r32,AR1_0.95_n1024,unknown,0.5,,0.99,True,"[0.01, 0.99]",0.0,0.16982937699294087,stationary_gaussian_fgn_unknown_constant_mean_ml,-2231.866089380407,True,1.5544880493484756
AR1_0.95_n1024_r32,AR1_0.95_n1024,zero,0.5,,0.99,True,"[0.01, 0.99]",0.0,0.0,stationary_gaussian_fgn_known_zero_mean,-2231.852348782346,True,1.5544984788734415
AR1_0.95_n1024_r33,AR1_0.95_n1024,unknown,0.5,,0.99,True,"[0.01, 0.99]",0.0,-0.035362619978510756,stationary_gaussian_fgn_unknown_constant_mean_ml,-2137.4320092264993,True,1.62784434757024
AR1_0.95_n1024_r33,AR1_0.95_n1024,zero,0.5,,0.99,True,"[0.01, 0.99]",0.0,0.0,stationary_gaussian_fgn_known_zero_mean,-2137.4314659502816,True,1.627844779391156
AR1_0.95_n1024_r34,AR1_0.95_n1024,unknown,0.5,,0.99,True,"[0.01, 0.99]",0.0,0.07648709951935238,stationary_gaussian_fgn_unknown_constant_mean_ml,-2038.6479162119217,True,1.7082869313077447
AR1_0.95_n1024_r34,AR1_0.95_n1024,zero,0.5,,0.99,True,"[0.01, 0.99]",0.0,0.0,stationary_gaussian_fgn_known_zero_mean,-2038.6456083386884,True,1.708288856362386
AR1_0.95_n1024_r35,AR1_0.95_n1024,unknown,0.5,,0.99,True,"[0.01, 0.99]",0.0,0.013761147396703076,stationary_gaussian_fgn_unknown_constant_mean_ml,-2121.4863461554773,True,1.6405681613795735
AR1_0.95_n1024_r35,AR1_0.95_n1024,zero,0.5,,0.99,True,"[0.01, 0.99]",0.0,0.0,stationary_gaussian_fgn_known_zero_mean,-2121.4862651567105,True,1.6405682262643397
AR1_0.95_n1024_r36,AR1_0.95_n1024,unknown,0.5,,0.99,True,"[0.01, 0.99]",0.0,-0.0879991871094895,stationary_gaussian_fgn_unknown_constant_mean_ml,-2091.939258486609,True,1.664408675673378
AR1_0.95_n1024_r36,AR1_0.95_n1024,zero,0.5,,0.99,True,"[0.01, 0.99]",0.0,0.0,stationary_gaussian_fgn_known_zero_mean,-2091.936040424746,True,1.6644112909928566
AR1_0.95_n1024_r37,AR1_0.95_n1024,unknown,0.5,,0.99,True,"[0.01, 0.99]",0.0,0.09549763899424465,stationary_gaussian_fgn_unknown_constant_mean_ml,-2082.1584613397254,True,1.6723765363301932
AR1_0.95_n1024_r37,AR1_0.95_n1024,zero,0.5,,0.99,True,"[0.01, 0.99]",0.0,0.0,stationary_gaussian_fgn_known_zero_mean,-2082.154707514627,True,1.6723796016694361
AR1_0.95_n1024_r38,AR1_0.95_n1024,unknown,0.5,,0.99,True,"[0.01, 0.99]",0.0,-0.2584083829078626,stationary_gaussian_fgn_unknown_constant_mean_ml,-2077.7002302517963,True,1.6760210491024414
AR1_0.95_n1024_r38,AR1_0.95_n1024,zero,0.5,,0.99,True,"[0.01, 0.99]",0.0,0.0,stationary_gaussian_fgn_known_zero_mean,-2077.6728645778453,True,1.6760434444891585
AR1_0.95_n1024_r39,AR1_0.95_n1024,unknown,0.5,,0.99,True,"[0.01, 0.99]",0.0,-0.0273481393809573,stationary_gaussian_fgn_unknown_constant_mean_ml,-2182.7247139581414,True,1.592238798014966
AR1_0.95_n1024_r39,AR1_0.95_n1024,zero,0.5,,0.99,True,"[0.01, 0.99]",0.0,0.0,stationary_gaussian_fgn_known_zero_mean,-2182.724374335383,True,1.5922390620582165
AR1_0.95_n1024_r4,AR1_0.95_n1024,unknown,0.5,,0.99,True,"[0.01, 0.99]",0.0,0.1515474551315858,stationary_gaussian_fgn_unknown_constant_mean_ml,-2207.2414730887276,True,1.5732916251389504
AR1_0.95_n1024_r4,AR1_0.95_n1024,zero,0.5,,0.99,True,"[0.01, 0.99]",0.0,0.0,stationary_gaussian_fgn_known_zero_mean,-2207.2307915391434,True,1.5732998308207526
AR1_0.95_n1024_r40,AR1_0.95_n1024,unknown,0.5,,0.99,True,"[0.01, 0.99]",0.0,0.2469237737973203,stationary_gaussian_fgn_unknown_constant_mean_ml,-2083.5199253203336,True,1.671265147768349
AR1_0.95_n1024_r40,AR1_0.95_n1024,zero,0.5,,0.99,True,"[0.01, 0.99]",0.0,0.0,stationary_gaussian_fgn_known_zero_mean,-2083.494795611224,True,1.6712856549288362
AR1_0.95_n1024_r41,AR1_0.95_n1024,unknown,0.5,,0.99,True,"[0.01, 0.99]",0.0,0.12535881820324402,stationary_gaussian_fgn_unknown_constant_mean_ml,-2242.1907222291034,True,1.5466710909215204
AR1_0.95_n1024_r41,AR1_0.95_n1024,zero,0.5,,0.99,True,"[0.01, 0.99]",0.0,0.0,stationary_gaussian_fgn_known_zero_mean,-2242.1831596499965,True,1.5466768022711654
AR1_0.95_n1024_r42,AR1_0.95_n1024,unknown,0.5,,0.99,True,"[0.01, 0.99]",0.0,0.27104783339690447,stationary_gaussian_fgn_unknown_constant_mean_ml,-2102.9590884944687,True,1.6554769162495249
AR1_0.95_n1024_r42,AR1_0.95_n1024,zero,0.5,,0.99,True,"[0.01, 0.99]",0.0,0.0,stationary_gaussian_fgn_known_zero_mean,-2102.928228434238,True,1.6555018618072668
AR1_0.95_n1024_r43,AR1_0.95_n1024,unknown,0.5,,0.99,True,"[0.01, 0.99]",0.0,0.07077436895016276,stationary_gaussian_fgn_unknown_constant_mean_ml,-2114.1469675587664,True,1.6464579815703455
AR1_0.95_n1024_r43,AR1_0.95_n1024,zero,0.5,,0.99,True,"[0.01, 0.99]",0.0,0.0,stationary_gaussian_fgn_known_zero_mean,-2114.1448403606055,True,1.646459691699354
AR1_0.95_n1024_r44,AR1_0.95_n1024,unknown,0.5,,0.99,True,"[0.01, 0.99]",0.0,0.2423319417739759,stationary_gaussian_fgn_unknown_constant_mean_ml,-2070.0879971568784,True,1.6822622614870897
AR1_0.95_n1024_r44,AR1_0.95_n1024,zero,0.5,,0.99,True,"[0.01, 0.99]",0.0,0.0,stationary_gaussian_fgn_known_zero_mean,-2070.06410878529,True,1.6822818839189182
AR1_0.95_n1024_r45,AR1_0.95_n1024,unknown,0.5,,0.99,True,"[0.01, 0.99]",0.0,-0.2516200750812383,stationary_gaussian_fgn_unknown_constant_mean_ml,-2120.638492760371,True,1.641247482301416
AR1_0.95_n1024_r45,AR1_0.95_n1024,zero,0.5,,0.99,True,"[0.01, 0.99]",0.0,0.0,stationary_gaussian_fgn_known_zero_mean,-2120.6114348419173,True,1.6412691664000008
AR1_0.95_n1024_r46,AR1_0.95_n1024,unknown,0.5,,0.99,True,"[0.01, 0.99]",0.0,0.07628795233722525,stationary_gaussian_fgn_unknown_constant_mean_ml,-2093.5183892018913,True,1.6631258114999117
AR1_0.95_n1024_r46,AR1_0.95_n1024,zero,0.5,,0.99,True,"[0.01, 0.99]",0.0,0.0,stationary_gaussian_fgn_known_zero_mean,-2093.5159669523246,True,1.6631277785449106
AR1_0.95_n1024_r47,AR1_0.95_n1024,unknown,0.5,,0.99,True,"[0.01, 0.99]",0.0,0.41373325727015037,stationary_gaussian_fgn_unknown_constant_mean_ml,-2033.5755139241446,True,1.7125231901495483
AR1_0.95_n1024_r47,AR1_0.95_n1024,zero,0.5,,0.99,True,"[0.01, 0.99]",0.0,0.0,stationary_gaussian_fgn_known_zero_mean,-2033.5083228806548,True,1.7125793757490215
AR1_0.95_n1024_r48,AR1_0.95_n1024,unknown,0.5,,0.99,True,"[0.01, 0.99]",0.0,-0.16635117988539436,stationary_gaussian_fgn_unknown_constant_mean_ml,-2088.9033362294676,True,1.6668777979629819
AR1_0.95_n1024_r48,AR1_0.95_n1024,zero,0.5,,0.99,True,"[0.01, 0.99]",0.0,0.0,stationary_gaussian_fgn_known_zero_mean,-2088.891870557627,True,1.666887129958748
AR1_0.95_n1024_r49,AR1_0.95_n1024,unknown,0.5,,0.99,True,"[0.01, 0.99]",0.0,-0.09833664572106493,stationary_gaussian_fgn_unknown_constant_mean_ml,-2051.050275812716,True,1.6979730806106872
AR1_0.95_n1024_r49,AR1_0.95_n1024,zero,0.5,,0.99,True,"[0.01, 0.99]",0.0,0.0,stationary_gaussian_fgn_known_zero_mean,-2051.046414579331,True,1.697976281917584
AR1_0.95_n1024_r5,AR1_0.95_n1024,unknown,0.5,,0.99,True,"[0.01, 0.99]",0.0,0.30502877249949734,stationary_gaussian_fgn_unknown_constant_mean_ml,-2162.950985934254,True,1.607686542604937
AR1_0.95_n1024_r5,AR1_0.95_n1024,zero,0.5,,0.99,True,"[0.01, 0.99]",0.0,0.0,stationary_gaussian_fgn_known_zero_mean,-2162.9095451691196,True,1.6077190740670875
AR1_0.95_n1024_r50,AR1_0.95_n1024,unknown,0.5,,0.99,True,"[0.01, 0.99]",0.0,0.06010787771362645,stationary_gaussian_fgn_unknown_constant_mean_ml,-2047.8093374186833,True,1.7006622323133984
AR1_0.95_n1024_r50,AR1_0.95_n1024,zero,0.5,,0.99,True,"[0.01, 0.99]",0.0,0.0,stationary_gaussian_fgn_known_zero_mean,-2047.8078993353902,True,1.7006634265003142
AR1_0.95_n1024_r51,AR1_0.95_n1024,unknown,0.5,,0.99,True,"[0.01, 0.99]",0.0,-0.45939655950702246,stationary_gaussian_fgn_unknown_constant_mean_ml,-2200.631486710011,True,1.5783776781371477
AR1_0.95_n1024_r51,AR1_0.95_n1024,zero,0.5,,0.99,True,"[0.01, 0.99]",0.0,0.0,stationary_gaussian_fgn_known_zero_mean,-2200.5339673981384,True,1.578452837302066
AR1_0.95_n1024_r52,AR1_0.95_n1024,unknown,0.5,,0.99,True,"[0.01, 0.99]",0.0,-0.006304977252640481,stationary_gaussian_fgn_unknown_constant_mean_ml,-2025.354033155686,True,1.7194117519740812
AR1_0.95_n1024_r52,AR1_0.95_n1024,zero,0.5,,0.99,True,"[0.01, 0.99]",0.0,0.0,stationary_gaussian_fgn_known_zero_mean,-2025.3540176758997,True,1.7194117649702363
AR1_0.95_n1024_r53,AR1_0.95_n1024,unknown,0.5,,0.99,True,"[0.01, 0.99]",0.0,-0.3012805479195405,stationary_gaussian_fgn_unknown_constant_mean_ml,-2066.602808805495,True,1.6851274921295774
AR1_0.95_n1024_r53,AR1_0.95_n1024,zero,0.5,,0.99,True,"[0.01, 0.99]",0.0,0.0,stationary_gaussian_fgn_known_zero_mean,-2066.566010608021,True,1.6851577705530718
AR1_0.95_n1024_r54,AR1_0.95_n1024,unknown,0.5,,0.99,True,"[0.01, 0.99]",0.0,-0.18821975579376377,stationary_gaussian_fgn_unknown_constant_mean_ml,-2058.6660356493044,True,1.6916706677757998
AR1_0.95_n1024_r54,AR1_0.95_n1024,zero,0.5,,0.99,True,"[0.01, 0.99]",0.0,0.0,stationary_gaussian_fgn_known_zero_mean,-2058.651784383411,True,1.6916824395201215
AR1_0.95_n1024_r55,AR1_0.95_n1024,unknown,0.5,,0.99,True,"[0.01, 0.99]",0.0,0.08045862009293606,stationary_gaussian_fgn_unknown_constant_mean_ml,-2123.8686780864905,True,1.6386608832591572
AR1_0.95_n1024_r55,AR1_0.95_n1024,zero,0.5,,0.99,True,"[0.01, 0.99]",0.0,0.0,stationary_gaussian_fgn_known_zero_mean,-2123.8659026960386,True,1.638663103926565
AR1_0.95_n1024_r56,AR1_0.95_n1024,unknown,0.5,,0.99,True,"[0.01, 0.99]",0.0,-0.20021062945452664,stationary_gaussian_fgn_unknown_constant_mean_ml,-2149.859238742592,True,1.617996523909385
AR1_0.95_n1024_r56,AR1_0.95_n1024,zero,0.5,,0.99,True,"[0.01, 0.99]",0.0,0.0,stationary_gaussian_fgn_known_zero_mean,-2149.8416119600115,True,1.6180104497861807
AR1_0.95_n1024_r57,AR1_0.95_n1024,unknown,0.5,,0.99,True,"[0.01, 0.99]",0.0,-0.1556803534588457,stationary_gaussian_fgn_unknown_constant_mean_ml,-2245.904365446635,True,1.5438690498357222
AR1_0.95_n1024_r57,AR1_0.95_n1024,zero,0.5,,0.99,True,"[0.01, 0.99]",0.0,0.0,stationary_gaussian_fgn_known_zero_mean,-2245.89265962491,True,1.543877874204625
AR1_0.95_n1024_r58,AR1_0.95_n1024,unknown,0.5,,0.99,True,"[0.01, 0.99]",0.0,0.07271443911688893,stationary_gaussian_fgn_unknown_constant_mean_ml,-2054.2255894255445,True,1.6953425046799881
AR1_0.95_n1024_r58,AR1_0.95_n1024,zero,0.5,,0.99,True,"[0.01, 0.99]",0.0,0.0,stationary_gaussian_fgn_known_zero_mean,-2054.223471631811,True,1.695344257798928
AR1_0.95_n1024_r59,AR1_0.95_n1024,unknown,0.5,,0.99,True,"[0.01, 0.99]",0.0,0.012236914888054944,stationary_gaussian_fgn_unknown_constant_mean_ml,-2196.167606555663,True,1.5818217078583605
AR1_0.95_n1024_r59,AR1_0.95_n1024,zero,0.5,,0.99,True,"[0.01, 0.99]",0.0,0.0,stationary_gaussian_fgn_known_zero_mean,-2196.1675376608555,True,1.5818217610709115
AR1_0.95_n1024_r6,AR1_0.95_n1024,unknown,0.5,,0.99,True,"[0.01, 0.99]",0.0,-0.44217700633491175,stationary_gaussian_fgn_unknown_constant_mean_ml,-2137.13804636835,True,1.6280780195046376
AR1_0.95_n1024_r6,AR1_0.95_n1024,zero,0.5,,0.99,True,"[0.01, 0.99]",0.0,0.0,stationary_gaussian_fgn_known_zero_mean,-2137.053131924549,True,1.628145524487814
AR1_0.95_n1024_r60,AR1_0.95_n1024,unknown,0.5,,0.99,True,"[0.01, 0.99]",0.0,0.03897248138660096,stationary_gaussian_fgn_unknown_constant_mean_ml,-2172.2404206425003,True,1.6004108199748155
AR1_0.95_n1024_r60,AR1_0.95_n1024,zero,0.5,,0.99,True,"[0.01, 0.99]",0.0,0.0,stationary_gaussian_fgn_known_zero_mean,-2172.239737972677,True,1.6004113534476447
AR1_0.95_n1024_r61,AR1_0.95_n1024,unknown,0.5,,0.99,True,"[0.01, 0.99]",0.0,0.08054902897442018,stationary_gaussian_fgn_unknown_constant_mean_ml,-2160.1234889144953,True,1.609907669704791
AR1_0.95_n1024_r61,AR1_0.95_n1024,zero,0.5,,0.99,True,"[0.01, 0.99]",0.0,0.0,stationary_gaussian_fgn_known_zero_mean,-2160.1206070353737,True,1.6099099351162
AR1_0.95_n1024_r62,AR1_0.95_n1024,unknown,0.5,,0.99,True,"[0.01, 0.99]",0.0,0.2575571565956431,stationary_gaussian_fgn_unknown_constant_mean_ml,-2050.6442323777283,True,1.6983097598944348
AR1_0.95_n1024_r62,AR1_0.95_n1024,zero,0.5,,0.99,True,"[0.01, 0.99]",0.0,0.0,stationary_gaussian_fgn_known_zero_mean,-2050.6177555767895,True,1.6983317159980034
AR1_0.95_n1024_r63,AR1_0.95_n1024,unknown,0.5,,0.99,True,"[0.01, 0.99]",0.0,0.14459449341058248,stationary_gaussian_fgn_unknown_constant_mean_ml,-2000.5226464177404,True,1.7403860008938392
AR1_0.95_n1024_r63,AR1_0.95_n1024,zero,0.5,,0.99,True,"[0.01, 0.99]",0.0,0.0,stationary_gaussian_fgn_known_zero_mean,-2000.5147000556171,True,1.7403927537084032
AR1_0.95_n1024_r7,AR1_0.95_n1024,unknown,0.5,,0.99,True,"[0.01, 0.99]",0.0,-0.046312571866229335,stationary_gaussian_fgn_unknown_constant_mean_ml,-2058.8102939344976,True,1.6915515130321404
AR1_0.95_n1024_r7,AR1_0.95_n1024,zero,0.5,,0.99,True,"[0.01, 0.99]",0.0,0.0,stationary_gaussian_fgn_known_zero_mean,-2058.8094309860503,True,1.6915522257870517
AR1_0.95_n1024_r8,AR1_0.95_n1024,unknown,0.5,,0.99,True,"[0.01, 0.99]",0.0,-0.2526525953952107,stationary_gaussian_fgn_unknown_constant_mean_ml,-2067.1583336394588,True,1.6846704593082915
AR1_0.95_n1024_r8,AR1_0.95_n1024,zero,0.5,,0.99,True,"[0.01, 0.99]",0.0,0.0,stationary_gaussian_fgn_known_zero_mean,-2067.132441388482,True,1.6846917582272773
AR1_0.95_n1024_r9,AR1_0.95_n1024,unknown,0.5,,0.99,True,"[0.01, 0.99]",0.0,0.03042965985536696,stationary_gaussian_fgn_unknown_constant_mean_ml,-2002.5647530590259,True,1.7386514879610686
AR1_0.95_n1024_r9,AR1_0.95_n1024,zero,0.5,,0.99,True,"[0.01, 0.99]",0.0,0.0,stationary_gaussian_fgn_known_zero_mean,-2002.5644004229503,True,1.738651787331816
AR1_0.95_n256_r0,AR1_0.95_n256,unknown,0.5,,0.99,True,"[0.01, 0.99]",0.0,-0.14323261988367622,stationary_gaussian_fgn_unknown_constant_mean_ml,-495.20778041691113,True,1.7461684720674007
AR1_0.95_n256_r0,AR1_0.95_n256,zero,0.5,,0.99,True,"[0.01, 0.99]",0.0,0.0,stationary_gaussian_fgn_known_zero_mean,-495.20024658372756,True,1.7461941662837417
AR1_0.95_n256_r1,AR1_0.95_n256,unknown,0.5,,0.99,True,"[0.01, 0.99]",0.0,-0.5022798920779291,stationary_gaussian_fgn_unknown_constant_mean_ml,-563.5182978335242,True,1.5280691786960952
AR1_0.95_n256_r1,AR1_0.95_n256,zero,0.5,,0.99,True,"[0.01, 0.99]",0.0,0.0,stationary_gaussian_fgn_known_zero_mean,-563.3973456378175,True,1.5284302043892994
AR1_0.95_n256_r10,AR1_0.95_n256,unknown,0.5,,0.99,True,"[0.01, 0.99]",0.0,-0.052225372849338064,stationary_gaussian_fgn_unknown_constant_mean_ml,-515.3990894251347,True,1.6786464642764694
AR1_0.95_n256_r10,AR1_0.95_n256,zero,0.5,,0.99,True,"[0.01, 0.99]",0.0,0.0,stationary_gaussian_fgn_known_zero_mean,-515.3980056117682,True,1.678650017677643
AR1_0.95_n256_r11,AR1_0.95_n256,unknown,0.5,,0.99,True,"[0.01, 0.99]",0.0,0.3531704194173772,stationary_gaussian_fgn_unknown_constant_mean_ml,-531.8263517256295,True,1.6256427824132347
AR1_0.95_n256_r11,AR1_0.95_n256,zero,0.5,,0.99,True,"[0.01, 0.99]",0.0,0.0,stationary_gaussian_fgn_known_zero_mean,-531.7735091007855,True,1.6258105708210375
AR1_0.95_n256_r12,AR1_0.95_n256,unknown,0.5,,0.99,True,"[0.01, 0.99]",0.0,-0.37725500004847623,stationary_gaussian_fgn_unknown_constant_mean_ml,-574.0821728833554,True,1.4968642130507994
AR1_0.95_n256_r12,AR1_0.95_n256,zero,0.5,,0.99,True,"[0.01, 0.99]",0.0,0.0,stationary_gaussian_fgn_known_zero_mean,-574.0110587896936,True,1.4970721340170696
AR1_0.95_n256_r13,AR1_0.95_n256,unknown,0.5,,0.99,True,"[0.01, 0.99]",0.0,0.19091766785100076,stationary_gaussian_fgn_unknown_constant_mean_ml,-536.3161926212977,True,1.6114494854308474
AR1_0.95_n256_r13,AR1_0.95_n256,zero,0.5,,0.99,True,"[0.01, 0.99]",0.0,0.0,stationary_gaussian_fgn_known_zero_mean,-536.3004761037597,True,1.6114989517644736
AR1_0.95_n256_r14,AR1_0.95_n256,unknown,0.5,,0.99,True,"[0.01, 0.99]",0.0,-0.13089155086569354,stationary_gaussian_fgn_unknown_constant_mean_ml,-555.1621236804248,True,1.5532128877345959
AR1_0.95_n256_r14,AR1_0.95_n256,zero,0.5,,0.99,True,"[0.01, 0.99]",0.0,0.0,stationary_gaussian_fgn_known_zero_mean,-555.1541718828687,True,1.5532370106454452
AR1_0.95_n256_r15,AR1_0.95_n256,unknown,0.5,,0.99,True,"[0.01, 0.99]",0.0,0.3989839667481122,stationary_gaussian_fgn_unknown_constant_mean_ml,-522.615892913246,True,1.6551513806971083
AR1_0.95_n256_r15,AR1_0.95_n256,zero,0.5,,0.99,True,"[0.01, 0.99]",0.0,0.0,stationary_gaussian_fgn_known_zero_mean,-522.5508363576444,True,1.6553617035274246
AR1_0.95_n256_r16,AR1_0.95_n256,unknown,0.5,,0.99,True,"[0.01, 0.99]",0.0,0.04484987114957202,stationary_gaussian_fgn_unknown_constant_mean_ml,-514.5621919679289,True,1.6813925653447384
AR1_0.95_n256_r16,AR1_0.95_n256,zero,0.5,,0.99,True,"[0.01, 0.99]",0.0,0.0,stationary_gaussian_fgn_known_zero_mean,-514.5613952689109,True,1.681395181682332
AR1_0.95_n256_r17,AR1_0.95_n256,unknown,0.5,,0.99,True,"[0.01, 0.99]",0.0,0.21051912709548076,stationary_gaussian_fgn_unknown_constant_mean_ml,-550.9123270599268,True,1.566158804889277
AR1_0.95_n256_r17,AR1_0.95_n256,zero,0.5,,0.99,True,"[0.01, 0.99]",0.0,0.0,stationary_gaussian_fgn_known_zero_mean,-550.8920966272217,True,1.5662206890616899
AR1_0.95_n256_r18,AR1_0.95_n256,unknown,0.5,,0.99,True,"[0.01, 0.99]",0.0,-0.6734728012768301,stationary_gaussian_fgn_unknown_constant_mean_ml,-482.0834987837687,True,1.7915072517674095
AR1_0.95_n256_r18,AR1_0.95_n256,zero,0.5,,0.99,True,"[0.01, 0.99]",0.0,0.0,stationary_gaussian_fgn_known_zero_mean,-481.925308576082,True,1.7920608507692557
AR1_0.95_n256_r19,AR1_0.95_n256,unknown,0.5,,0.99,True,"[0.01, 0.99]",0.0,-0.4889100431666491,stationary_gaussian_fgn_unknown_constant_mean_ml,-489.35366203915606,True,1.7662484333449562
AR1_0.95_n256_r19,AR1_0.95_n256,zero,0.5,,0.99,True,"[0.01, 0.99]",0.0,0.0,stationary_gaussian_fgn_known_zero_mean,-489.2678807877947,True,1.7665443780592667
AR1_0.95_n256_r2,AR1_0.95_n256,unknown,0.5,,0.99,True,"[0.01, 0.99]",0.0,-0.07454645365757338,stationary_gaussian_fgn_unknown_constant_mean_ml,-507.23981256374816,True,1.705611811812801
AR1_0.95_n256_r2,AR1_0.95_n256,zero,0.5,,0.99,True,"[0.01, 0.99]",0.0,0.0,stationary_gaussian_fgn_known_zero_mean,-507.2376736041801,True,1.7056189372860922
AR1_0.95_n256_r20,AR1_0.95_n256,unknown,0.5,,0.99,True,"[0.01, 0.99]",0.0,-0.1375141821551561,stationary_gaussian_fgn_unknown_constant_mean_ml,-543.9790485454276,True,1.5875112843335846
AR1_0.95_n256_r20,AR1_0.95_n256,zero,0.5,,0.99,True,"[0.01, 0.99]",0.0,0.0,stationary_gaussian_fgn_known_zero_mean,-543.9706468871053,True,1.587537334796137
AR1_0.95_n256_r21,AR1_0.95_n256,unknown,0.5,,0.99,True,"[0.01, 0.99]",0.0,0.7309837317887699,stationary_gaussian_fgn_unknown_constant_mean_ml,-538.9832470410554,True,1.6030771240878279
AR1_0.95_n256_r21,AR1_0.95_n256,zero,0.5,,0.99,True,"[0.01, 0.99]",0.0,0.0,stationary_gaussian_fgn_known_zero_mean,-538.750534394857,True,1.6038059153234747
AR1_0.95_n256_r22,AR1_0.95_n256,unknown,0.5,,0.99,True,"[0.01, 0.99]",0.0,-0.21765891998221218,stationary_gaussian_fgn_unknown_constant_mean_ml,-554.9577796070737,True,1.5538329135028432
AR1_0.95_n256_r22,AR1_0.95_n256,zero,0.5,,0.99,True,"[0.01, 0.99]",0.0,0.0,stationary_gaussian_fgn_known_zero_mean,-554.9358092824191,True,1.553899591131804
AR1_0.95_n256_r23,AR1_0.95_n256,unknown,0.5,,0.99,True,"[0.01, 0.99]",0.0,0.3055607176048412,stationary_gaussian_fgn_unknown_constant_mean_ml,-460.70089369624986,True,1.867910088569628
AR1_0.95_n256_r23,AR1_0.95_n256,zero,0.5,,0.99,True,"[0.01, 0.99]",0.0,0.0,stationary_gaussian_fgn_known_zero_mean,-460.67093185517376,True,1.8680194004110227
AR1_0.95_n256_r24,AR1_0.95_n256,unknown,0.5,,0.99,True,"[0.01, 0.99]",0.0,-0.2957911566888607,stationary_gaussian_fgn_unknown_constant_mean_ml,-516.2127682755324,True,1.6759808502898095
AR1_0.95_n256_r24,AR1_0.95_n256,zero,0.5,,0.99,True,"[0.01, 0.99]",0.0,0.0,stationary_gaussian_fgn_known_zero_mean,-516.1778933339631,True,1.6760950138150545
AR1_0.95_n256_r25,AR1_0.95_n256,unknown,0.5,,0.99,True,"[0.01, 0.99]",0.0,0.8034409521984471,stationary_gaussian_fgn_unknown_constant_mean_ml,-567.1032718280426,True,1.5174071583216124
AR1_0.95_n256_r25,AR1_0.95_n256,zero,0.5,,0.99,True,"[0.01, 0.99]",0.0,0.0,stationary_gaussian_fgn_known_zero_mean,-566.789547399079,True,1.5183372238909396
AR1_0.95_n256_r26,AR1_0.95_n256,unknown,0.5,,0.99,True,"[0.01, 0.99]",0.0,0.1150319129199742,stationary_gaussian_fgn_unknown_constant_mean_ml,-524.8591545647917,True,1.6479154127117952
AR1_0.95_n256_r26,AR1_0.95_n256,zero,0.5,,0.99,True,"[0.01, 0.99]",0.0,0.0,stationary_gaussian_fgn_known_zero_mean,-524.8536985815408,True,1.647932973350068
AR1_0.95_n256_r27,AR1_0.95_n256,unknown,0.5,,0.99,True,"[0.01, 0.99]",0.0,-0.36274609255132034,stationary_gaussian_fgn_unknown_constant_mean_ml,-500.2004557239547,True,1.7292237771721568
AR1_0.95_n256_r27,AR1_0.95_n256,zero,0.5,,0.99,True,"[0.01, 0.99]",0.0,0.0,stationary_gaussian_fgn_known_zero_mean,-500.15118691079476,True,1.729390185184825
AR1_0.95_n256_r28,AR1_0.95_n256,unknown,0.5,,0.99,True,"[0.01, 0.99]",0.0,0.24818699179833714,stationary_gaussian_fgn_unknown_constant_mean_ml,-457.6099897176024,True,1.8792206218180354
AR1_0.95_n256_r28,AR1_0.95_n256,zero,0.5,,0.99,True,"[0.01, 0.99]",0.0,0.0,stationary_gaussian_fgn_known_zero_mean,-457.5904599655733,True,1.8792923042647494
AR1_0.95_n256_r29,AR1_0.95_n256,unknown,0.5,,0.99,True,"[0.01, 0.99]",0.0,-0.1992946606772084,stationary_gaussian_fgn_unknown_constant_mean_ml,-518.6691498965686,True,1.6679593878020218
AR1_0.95_n256_r29,AR1_0.95_n256,zero,0.5,,0.99,True,"[0.01, 0.99]",0.0,0.0,stationary_gaussian_fgn_known_zero_mean,-518.6531647130058,True,1.6680114640778252
AR1_0.95_n256_r3,AR1_0.95_n256,unknown,0.5,,0.99,True,"[0.01, 0.99]",0.0,0.1510245140464711,stationary_gaussian_fgn_unknown_constant_mean_ml,-528.9492526511133,True,1.6348035269199706
AR1_0.95_n256_r3,AR1_0.95_n256,zero,0.5,,0.99,True,"[0.01, 0.99]",0.0,0.0,stationary_gaussian_fgn_known_zero_mean,-528.9396968641238,True,1.6348340385997637
AR1_0.95_n256_r30,AR1_0.95_n256,unknown,0.5,,0.99,True,"[0.01, 0.99]",0.0,0.5128507399710495,stationary_gaussian_fgn_unknown_constant_mean_ml,-524.5717916647534,True,1.6488405741729677
AR1_0.95_n256_r30,AR1_0.95_n256,zero,0.5,,0.99,True,"[0.01, 0.99]",0.0,0.0,stationary_gaussian_fgn_known_zero_mean,-524.4634878946008,True,1.6491893916319922
AR1_0.95_n256_r31,AR1_0.95_n256,unknown,0.5,,0.99,True,"[0.01, 0.99]",0.0,-0.058415082867109974,stationary_gaussian_fgn_unknown_constant_mean_ml,-542.4514147443946,True,1.592254951108084
AR1_0.95_n256_r31,AR1_0.95_n256,zero,0.5,,0.99,True,"[0.01, 0.99]",0.0,0.0,stationary_gaussian_fgn_known_zero_mean,-542.4499076713448,True,1.592259637920695
AR1_0.95_n256_r32,AR1_0.95_n256,unknown,0.5,,0.99,True,"[0.01, 0.99]",0.0,0.04281277232192028,stationary_gaussian_fgn_unknown_constant_mean_ml,-493.20086655383784,True,1.753026454309426
AR1_0.95_n256_r32,AR1_0.95_n256,zero,0.5,,0.99,True,"[0.01, 0.99]",0.0,0.0,stationary_gaussian_fgn_known_zero_mean,-493.2001987021929,True,1.7530287409546697
AR1_0.95_n256_r33,AR1_0.95_n256,unknown,0.5,,0.99,True,"[0.01, 0.99]",0.0,-0.2817555335898474,stationary_gaussian_fgn_unknown_constant_mean_ml,-546.355113399001,True,1.580161107059403
AR1_0.95_n256_r33,AR1_0.95_n256,zero,0.5,,0.99,True,"[0.01, 0.99]",0.0,0.0,stationary_gaussian_fgn_known_zero_mean,-546.3195156300144,True,1.5802709745702368
AR1_0.95_n256_r34,AR1_0.95_n256,unknown,0.5,,0.99,True,"[0.01, 0.99]",0.0,-0.010813611500387954,stationary_gaussian_fgn_unknown_constant_mean_ml,-531.5595058293351,True,1.6264902612582184
AR1_0.95_n256_r34,AR1_0.95_n256,zero,0.5,,0.99,True,"[0.01, 0.99]",0.0,0.0,stationary_gaussian_fgn_known_zero_mean,-531.5594563356999,True,1.6264904184865767
AR1_0.95_n256_r35,AR1_0.95_n256,unknown,0.5,,0.99,True,"[0.01, 0.99]",0.0,-0.4233902266155209,stationary_gaussian_fgn_unknown_constant_mean_ml,-500.4109303522558,True,1.7285130683175973
AR1_0.95_n256_r35,AR1_0.95_n256,zero,0.5,,0.99,True,"[0.01, 0.99]",0.0,0.0,stationary_gaussian_fgn_known_zero_mean,-500.34375806328507,True,1.7287398569818648
AR1_0.95_n256_r36,AR1_0.95_n256,unknown,0.5,,0.99,True,"[0.01, 0.99]",0.0,-0.09721910623215027,stationary_gaussian_fgn_unknown_constant_mean_ml,-586.3112106552198,True,1.4615354422595932
AR1_0.95_n256_r36,AR1_0.95_n256,zero,0.5,,0.99,True,"[0.01, 0.99]",0.0,0.0,stationary_gaussian_fgn_known_zero_mean,-586.3062562543112,True,1.4615495849696665
AR1_0.95_n256_r37,AR1_0.95_n256,unknown,0.5,,0.99,True,"[0.01, 0.99]",0.0,-0.35903575924703457,stationary_gaussian_fgn_unknown_constant_mean_ml,-481.7911503467947,True,1.792530482041889
AR1_0.95_n256_r37,AR1_0.95_n256,zero,0.5,,0.99,True,"[0.01, 0.99]",0.0,0.0,stationary_gaussian_fgn_known_zero_mean,-481.7462329048804,True,1.7926877465257058
AR1_0.95_n256_r38,AR1_0.95_n256,unknown,0.5,,0.99,True,"[0.01, 0.99]",0.0,-0.6806920431826332,stationary_gaussian_fgn_unknown_constant_mean_ml,-543.8964257983407,True,1.587767485753684
AR1_0.95_n256_r38,AR1_0.95_n256,zero,0.5,,0.99,True,"[0.01, 0.99]",0.0,0.0,stationary_gaussian_fgn_known_zero_mean,-543.6907118031966,True,1.5884055553208314
AR1_0.95_n256_r39,AR1_0.95_n256,unknown,0.5,,0.99,True,"[0.01, 0.99]",0.0,-0.18616041050364046,stationary_gaussian_fgn_unknown_constant_mean_ml,-557.7355011803247,True,1.5454258268342753
AR1_0.95_n256_r39,AR1_0.95_n256,zero,0.5,,0.99,True,"[0.01, 0.99]",0.0,0.0,stationary_gaussian_fgn_known_zero_mean,-557.7192540992851,True,1.545474867961296
AR1_0.95_n256_r4,AR1_0.95_n256,unknown,0.5,,0.99,True,"[0.01, 0.99]",0.0,-0.28371619034505074,stationary_gaussian_fgn_unknown_constant_mean_ml,-504.03082600557167,True,1.7163353925112106
AR1_0.95_n256_r4,AR1_0.95_n256,zero,0.5,,0.99,True,"[0.01, 0.99]",0.0,0.0,stationary_gaussian_fgn_known_zero_mean,-504.00023112410355,True,1.7164379562745715
AR1_0.95_n256_r40,AR1_0.95_n256,unknown,0.5,,0.99,True,"[0.01, 0.99]",0.0,0.21536223286926562,stationary_gaussian_fgn_unknown_constant_mean_ml,-490.9568935269733,True,1.7607264094149173
AR1_0.95_n256_r40,AR1_0.95_n256,zero,0.5,,0.99,True,"[0.01, 0.99]",0.0,0.0,stationary_gaussian_fgn_known_zero_mean,-490.94014209536385,True,1.7607840171698665
AR1_0.95_n256_r41,AR1_0.95_n256,unknown,0.5,,0.99,True,"[0.01, 0.99]",0.0,0.7380134937007852,stationary_gaussian_fgn_unknown_constant_mean_ml,-534.1350386233886,True,1.6183290104550014
AR1_0.95_n256_r41,AR1_0.95_n256,zero,0.5,,0.99,True,"[0.01, 0.99]",0.0,0.0,stationary_gaussian_fgn_known_zero_mean,-533.9022786383857,True,1.619064885202681
AR1_0.95_n256_r42,AR1_0.95_n256,unknown,0.5,,0.99,True,"[0.01, 0.99]",0.0,-0.08383651095750348,stationary_gaussian_fgn_unknown_constant_mean_ml,-563.7961741125464,True,1.5272400791384881
AR1_0.95_n256_r42,AR1_0.95_n256,zero,0.5,,0.99,True,"[0.01, 0.99]",0.0,0.0,stationary_gaussian_fgn_known_zero_mean,-563.7927999988856,True,1.52725014378418
AR1_0.95_n256_r43,AR1_0.95_n256,unknown,0.5,,0.99,True,"[0.01, 0.99]",0.0,-0.26621686402188377,stationary_gaussian_fgn_unknown_constant_mean_ml,-611.7846237040341,True,1.3905992870905153
AR1_0.95_n256_r43,AR1_0.95_n256,zero,0.5,,0.99,True,"[0.01, 0.99]",0.0,0.0,stationary_gaussian_fgn_known_zero_mean,-611.7435897735168,True,1.3907107402959347
AR1_0.95_n256_r44,AR1_0.95_n256,unknown,0.5,,0.99,True,"[0.01, 0.99]",0.0,0.4956183343106784,stationary_gaussian_fgn_unknown_constant_mean_ml,-543.8674140278002,True,1.5878574569471757
AR1_0.95_n256_r44,AR1_0.95_n256,zero,0.5,,0.99,True,"[0.01, 0.99]",0.0,0.0,stationary_gaussian_fgn_known_zero_mean,-543.7583478763154,True,1.5881957380971616
AR1_0.95_n256_r45,AR1_0.95_n256,unknown,0.5,,0.99,True,"[0.01, 0.99]",0.0,-0.584420923594598,stationary_gaussian_fgn_unknown_constant_mean_ml,-535.845212382477,True,1.6129325128688572
AR1_0.95_n256_r45,AR1_0.95_n256,zero,0.5,,0.99,True,"[0.01, 0.99]",0.0,0.0,stationary_gaussian_fgn_known_zero_mean,-535.6982503126965,True,1.6133955478750508
AR1_0.95_n256_r46,AR1_0.95_n256,unknown,0.5,,0.99,True,"[0.01, 0.99]",0.0,0.6983667999065187,stationary_gaussian_fgn_unknown_constant_mean_ml,-515.564215814326,True,1.6781051671363296
AR1_0.95_n256_r46,AR1_0.95_n256,zero,0.5,,0.99,True,"[0.01, 0.99]",0.0,0.0,stationary_gaussian_fgn_known_zero_mean,-515.3703616294488,True,1.6787406540529817
AR1_0.95_n256_r47,AR1_0.95_n256,unknown,0.5,,0.99,True,"[0.01, 0.99]",0.0,-0.12359282369743906,stationary_gaussian_fgn_unknown_constant_mean_ml,-555.4530984568878,True,1.55233043192511
AR1_0.95_n256_r47,AR1_0.95_n256,zero,0.5,,0.99,True,"[0.01, 0.99]",0.0,0.0,stationary_gaussian_fgn_known_zero_mean,-555.4460006700989,True,1.5523519518212108
AR1_0.95_n256_r48,AR1_0.95_n256,unknown,0.5,,0.99,True,"[0.01, 0.99]",0.0,-0.3353267793500777,stationary_gaussian_fgn_unknown_constant_mean_ml,-506.8740110076948,True,1.7068308321018524
AR1_0.95_n256_r48,AR1_0.95_n256,zero,0.5,,0.99,True,"[0.01, 0.99]",0.0,0.0,stationary_gaussian_fgn_known_zero_mean,-506.83079649060437,True,1.7069749004281067
AR1_0.95_n256_r49,AR1_0.95_n256,unknown,0.5,,0.99,True,"[0.01, 0.99]",0.0,-0.07430055605175652,stationary_gaussian_fgn_unknown_constant_mean_ml,-563.9028627686806,True,1.5269218716844153
AR1_0.95_n256_r49,AR1_0.95_n256,zero,0.5,,0.99,True,"[0.01, 0.99]",0.0,0.0,stationary_gaussian_fgn_known_zero_mean,-563.900211467588,True,1.5269297785986897
AR1_0.95_n256_r5,AR1_0.95_n256,unknown,0.5,,0.99,True,"[0.01, 0.99]",0.0,0.1078323871168261,stationary_gaussian_fgn_unknown_constant_mean_ml,-530.0029399325983,True,1.6314425886626391
AR1_0.95_n256_r5,AR1_0.95_n256,zero,0.5,,0.99,True,"[0.01, 0.99]",0.0,0.0,stationary_gaussian_fgn_known_zero_mean,-529.9980482135851,True,1.6314581757658695
AR1_0.95_n256_r50,AR1_0.95_n256,unknown,0.5,,0.99,True,"[0.01, 0.99]",0.0,0.9377915121465519,stationary_gaussian_fgn_unknown_constant_mean_ml,-486.808259723774,True,1.7750511810718765
AR1_0.95_n256_r50,AR1_0.95_n256,zero,0.5,,0.99,True,"[0.01, 0.99]",0.0,0.0,stationary_gaussian_fgn_known_zero_mean,-486.4959132046614,True,1.7761343846028927
AR1_0.95_n256_r51,AR1_0.95_n256,unknown,0.5,,0.99,True,"[0.01, 0.99]",0.0,0.43353001879984443,stationary_gaussian_fgn_unknown_constant_mean_ml,-563.4196440246593,True,1.5283636403545
AR1_0.95_n256_r51,AR1_0.95_n256,zero,0.5,,0.99,True,"[0.01, 0.99]",0.0,0.0,stationary_gaussian_fgn_known_zero_mean,-563.3295658973013,True,1.5286325548973694
AR1_0.95_n256_r52,AR1_0.95_n256,unknown,0.5,,0.99,True,"[0.01, 0.99]",0.0,0.18720872993569143,stationary_gaussian_fgn_unknown_constant_mean_ml,-569.7061365763692,True,1.5097126597920234
AR1_0.95_n256_r52,AR1_0.95_n256,zero,0.5,,0.99,True,"[0.01, 0.99]",0.0,0.0,stationary_gaussian_fgn_known_zero_mean,-569.6889194843836,True,1.5097634279536896
AR1_0.95_n256_r53,AR1_0.95_n256,unknown,0.5,,0.99,True,"[0.01, 0.99]",0.0,0.16355022816978476,stationary_gaussian_fgn_unknown_constant_mean_ml,-564.0304895869018,True,1.52654130157959
AR1_0.95_n256_r53,AR1_0.95_n256,zero,0.5,,0.99,True,"[0.01, 0.99]",0.0,0.0,stationary_gaussian_fgn_known_zero_mean,-564.0176371614712,True,1.5265796219008767
AR1_0.95_n256_r54,AR1_0.95_n256,unknown,0.5,,0.99,True,"[0.01, 0.99]",0.0,-0.4949002339465016,stationary_gaussian_fgn_unknown_constant_mean_ml,-519.8438298313755,True,1.6641369805483057
AR1_0.95_n256_r54,AR1_0.95_n256,zero,0.5,,0.99,True,"[0.01, 0.99]",0.0,0.0,stationary_gaussian_fgn_known_zero_mean,-519.7448187071582,True,1.6644588243097087
AR1_0.95_n256_r55,AR1_0.95_n256,unknown,0.5,,0.99,True,"[0.01, 0.99]",0.0,-0.6761619156905113,stationary_gaussian_fgn_unknown_constant_mean_ml,-516.0181813728052,True,1.6766179321309282
AR1_0.95_n256_r55,AR1_0.95_n256,zero,0.5,,0.99,True,"[0.01, 0.99]",0.0,0.0,stationary_gaussian_fgn_known_zero_mean,-515.8361318384173,True,1.6772141856162979
AR1_0.95_n256_r56,AR1_0.95_n256,unknown,0.5,,0.99,True,"[0.01, 0.99]",0.0,-0.4644136656716107,stationary_gaussian_fgn_unknown_constant_mean_ml,-551.4062229107899,True,1.5646487533824653
AR1_0.95_n256_r56,AR1_0.95_n256,zero,0.5,,0.99,True,"[0.01, 0.99]",0.0,0.0,stationary_gaussian_fgn_known_zero_mean,-551.3075941888253,True,1.5649501873110083
AR1_0.95_n256_r57,AR1_0.95_n256,unknown,0.5,,0.99,True,"[0.01, 0.99]",0.0,-0.2022209444239299,stationary_gaussian_fgn_unknown_constant_mean_ml,-481.42510897804686,True,1.793812464292828
AR1_0.95_n256_r57,AR1_0.95_n256,zero,0.5,,0.99,True,"[0.01, 0.99]",0.0,0.0,stationary_gaussian_fgn_known_zero_mean,-481.4108792392718,True,1.7938623194441745
AR1_0.95_n256_r58,AR1_0.95_n256,unknown,0.5,,0.99,True,"[0.01, 0.99]",0.0,0.2210763012771656,stationary_gaussian_fgn_unknown_constant_mean_ml,-496.05146700933034,True,1.7432934607575195
AR1_0.95_n256_r58,AR1_0.95_n256,zero,0.5,,0.99,True,"[0.01, 0.99]",0.0,0.0,stationary_gaussian_fgn_known_zero_mean,-496.0334601112063,True,1.7433547729836258
AR1_0.95_n256_r59,AR1_0.95_n256,unknown,0.5,,0.99,True,"[0.01, 0.99]",0.0,0.21913519437633533,stationary_gaussian_fgn_unknown_constant_mean_ml,-545.2003882720439,True,1.58372890173078
AR1_0.95_n256_r59,AR1_0.95_n256,zero,0.5,,0.99,True,"[0.01, 0.99]",0.0,0.0,stationary_gaussian_fgn_known_zero_mean,-545.1789517066755,True,1.5837952111425886
AR1_0.95_n256_r6,AR1_0.95_n256,unknown,0.5,,0.99,True,"[0.01, 0.99]",0.0,0.24820467351466444,stationary_gaussian_fgn_unknown_constant_mean_ml,-519.9920218935881,True,1.6636553863978851
AR1_0.95_n256_r6,AR1_0.95_n256,zero,0.5,,0.99,True,"[0.01, 0.99]",0.0,0.0,stationary_gaussian_fgn_known_zero_mean,-519.9670998969864,True,1.663736368083414
AR1_0.95_n256_r60,AR1_0.95_n256,unknown,0.5,,0.99,True,"[0.01, 0.99]",0.0,-0.25341784862380123,stationary_gaussian_fgn_unknown_constant_mean_ml,-529.1463113476319,True,1.6341744443711244
AR1_0.95_n256_r60,AR1_0.95_n256,zero,0.5,,0.99,True,"[0.01, 0.99]",0.0,0.0,stationary_gaussian_fgn_known_zero_mean,-529.1193857386513,True,1.6342603863615643
AR1_0.95_n256_r61,AR1_0.95_n256,unknown,0.5,,0.99,True,"[0.01, 0.99]",0.0,-0.875715954990767,stationary_gaussian_fgn_unknown_constant_mean_ml,-538.1835388442038,True,1.605582974928084
AR1_0.95_n256_r61,AR1_0.95_n256,zero,0.5,,0.99,True,"[0.01, 0.99]",0.0,0.0,stationary_gaussian_fgn_known_zero_mean,-537.85065752129,True,1.6066271983013996
AR1_0.95_n256_r62,AR1_0.95_n256,unknown,0.5,,0.99,True,"[0.01, 0.99]",0.0,0.8334529789567541,stationary_gaussian_fgn_unknown_constant_mean_ml,-525.529870272055,True,1.6457580706961703
AR1_0.95_n256_r62,AR1_0.95_n256,zero,0.5,,0.99,True,"[0.01, 0.99]",0.0,0.0,stationary_gaussian_fgn_known_zero_mean,-525.2428599280545,True,1.6466808871152496
AR1_0.95_n256_r63,AR1_0.95_n256,unknown,0.5,,0.99,True,"[0.01, 0.99]",0.0,-0.23626054253073575,stationary_gaussian_fgn_unknown_constant_mean_ml,-578.0217016100315,True,1.485390949457463
AR1_0.95_n256_r63,AR1_0.95_n256,zero,0.5,,0.99,True,"[0.01, 0.99]",0.0,0.0,stationary_gaussian_fgn_known_zero_mean,-577.9933754552819,True,1.4854731302735185
AR1_0.95_n256_r7,AR1_0.95_n256,unknown,0.5,,0.99,True,"[0.01, 0.99]",0.0,-0.44006764507411167,stationary_gaussian_fgn_unknown_constant_mean_ml,-510.6648270940139,True,1.6942402305409443
AR1_0.95_n256_r7,AR1_0.95_n256,zero,0.5,,0.99,True,"[0.01, 0.99]",0.0,0.0,stationary_gaussian_fgn_known_zero_mean,-510.58929428582934,True,1.6944901917953534
AR1_0.95_n256_r8,AR1_0.95_n256,unknown,0.5,,0.99,True,"[0.01, 0.99]",0.0,-0.0446223874196231,stationary_gaussian_fgn_unknown_constant_mean_ml,-518.9449666416384,True,1.6670610924198435
AR1_0.95_n256_r8,AR1_0.95_n256,zero,0.5,,0.99,True,"[0.01, 0.99]",0.0,0.0,stationary_gaussian_fgn_known_zero_mean,-518.9441643861495,True,1.6670637045486705
AR1_0.95_n256_r9,AR1_0.95_n256,unknown,0.5,,0.99,True,"[0.01, 0.99]",0.0,0.27523555516581044,stationary_gaussian_fgn_unknown_constant_mean_ml,-518.355929428581,True,1.6689800886925266
AR1_0.95_n256_r9,AR1_0.95_n256,zero,0.5,,0.99,True,"[0.01, 0.99]",0.0,0.0,stationary_gaussian_fgn_known_zero_mean,-518.3254791174045,True,1.6690793513376874
AR1_0.95_n512_r0,AR1_0.95_n512,unknown,0.5,,0.99,True,"[0.01, 0.99]",0.0,0.2624631316452563,stationary_gaussian_fgn_unknown_constant_mean_ml,-1073.2810180565282,True,1.6171172317127975
AR1_0.95_n512_r0,AR1_0.95_n512,zero,0.5,,0.99,True,"[0.01, 0.99]",0.0,0.0,stationary_gaussian_fgn_known_zero_mean,-1073.2511108317706,True,1.6171644623717563
AR1_0.95_n512_r1,AR1_0.95_n512,unknown,0.5,,0.99,True,"[0.01, 0.99]",0.0,0.280156597926676,stationary_gaussian_fgn_unknown_constant_mean_ml,-1122.439887683739,True,1.541318731053862
AR1_0.95_n512_r1,AR1_0.95_n512,zero,0.5,,0.99,True,"[0.01, 0.99]",0.0,0.0,stationary_gaussian_fgn_known_zero_mean,-1122.4023786320172,True,1.5413751904902553
AR1_0.95_n512_r10,AR1_0.95_n512,unknown,0.5,,0.99,True,"[0.01, 0.99]",0.0,-0.2913805852514729,stationary_gaussian_fgn_unknown_constant_mean_ml,-998.8504490423506,True,1.7390364231468085
AR1_0.95_n512_r10,AR1_0.95_n512,zero,0.5,,0.99,True,"[0.01, 0.99]",0.0,0.0,stationary_gaussian_fgn_known_zero_mean,-998.8185758514487,True,1.7390905535203924
AR1_0.95_n512_r11,AR1_0.95_n512,unknown,0.5,,0.99,True,"[0.01, 0.99]",0.0,-0.3851324189198604,stationary_gaussian_fgn_unknown_constant_mean_ml,-981.5396915606877,True,1.768684794865688
AR1_0.95_n512_r11,AR1_0.95_n512,zero,0.5,,0.99,True,"[0.01, 0.99]",0.0,0.0,stationary_gaussian_fgn_known_zero_mean,-981.485860661399,True,1.76877777572083
AR1_0.95_n512_r12,AR1_0.95_n512,unknown,0.5,,0.99,True,"[0.01, 0.99]",0.0,-0.2131032843371628,stationary_gaussian_fgn_unknown_constant_mean_ml,-949.1688494879727,True,1.8254898593471038
AR1_0.95_n512_r12,AR1_0.95_n512,zero,0.5,,0.99,True,"[0.01, 0.99]",0.0,0.0,stationary_gaussian_fgn_known_zero_mean,-949.1533773592357,True,1.8255174417958255
AR1_0.95_n512_r13,AR1_0.95_n512,unknown,0.5,,0.99,True,"[0.01, 0.99]",0.0,0.14057239960909818,stationary_gaussian_fgn_unknown_constant_mean_ml,-1093.9144161819977,True,1.584858730956978
AR1_0.95_n512_r13,AR1_0.95_n512,zero,0.5,,0.99,True,"[0.01, 0.99]",0.0,0.0,stationary_gaussian_fgn_known_zero_mean,-1093.9054841471066,True,1.5848725552491867
AR1_0.95_n512_r14,AR1_0.95_n512,unknown,0.5,,0.99,True,"[0.01, 0.99]",0.0,-0.19516870070412734,stationary_gaussian_fgn_unknown_constant_mean_ml,-1040.5630188853456,True,1.6696203221024086
AR1_0.95_n512_r14,AR1_0.95_n512,zero,0.5,,0.99,True,"[0.01, 0.99]",0.0,0.0,stationary_gaussian_fgn_known_zero_mean,-1040.5475052523375,True,1.6696456170957175
AR1_0.95_n512_r15,AR1_0.95_n512,unknown,0.5,,0.99,True,"[0.01, 0.99]",0.0,0.03366425745930471,stationary_gaussian_fgn_unknown_constant_mean_ml,-986.370709932416,True,1.7603601613714954
AR1_0.95_n512_r15,AR1_0.95_n512,zero,0.5,,0.99,True,"[0.01, 0.99]",0.0,0.0,stationary_gaussian_fgn_known_zero_mean,-986.370294720283,True,1.7603608751635327
AR1_0.95_n512_r16,AR1_0.95_n512,unknown,0.5,,0.99,True,"[0.01, 0.99]",0.0,-1.0000317438467108,stationary_gaussian_fgn_unknown_constant_mean_ml,-1088.811535494246,True,1.5927762400245142
AR1_0.95_n512_r16,AR1_0.95_n512,zero,0.5,,0.99,True,"[0.01, 0.99]",0.0,0.0,stationary_gaussian_fgn_known_zero_mean,-1088.364168971927,True,1.593472246314507
AR1_0.95_n512_r17,AR1_0.95_n512,unknown,0.5,,0.99,True,"[0.01, 0.99]",0.0,-0.1096980666110619,stationary_gaussian_fgn_unknown_constant_mean_ml,-1044.4506414748741,True,1.66329361509647
AR1_0.95_n512_r17,AR1_0.95_n512,zero,0.5,,0.99,True,"[0.01, 0.99]",0.0,0.0,stationary_gaussian_fgn_known_zero_mean,-1044.445702995922,True,1.663301636737404
AR1_0.95_n512_r18,AR1_0.95_n512,unknown,0.5,,0.99,True,"[0.01, 0.99]",0.0,0.34046370267542825,stationary_gaussian_fgn_unknown_constant_mean_ml,-1050.050178981544,True,1.6542230522459858
AR1_0.95_n512_r18,AR1_0.95_n512,zero,0.5,,0.99,True,"[0.01, 0.99]",0.0,0.0,stationary_gaussian_fgn_known_zero_mean,-1050.0020874843428,True,1.6543007435852617
AR1_0.95_n512_r19,AR1_0.95_n512,unknown,0.5,,0.99,True,"[0.01, 0.99]",0.0,-0.5021404887411121,stationary_gaussian_fgn_unknown_constant_mean_ml,-1055.2481975774103,True,1.645847178421665
AR1_0.95_n512_r19,AR1_0.95_n512,zero,0.5,,0.99,True,"[0.01, 0.99]",0.0,0.0,stationary_gaussian_fgn_known_zero_mean,-1055.1425251107883,True,1.6460170316494747
AR1_0.95_n512_r2,AR1_0.95_n512,unknown,0.5,,0.99,True,"[0.01, 0.99]",0.0,-0.1302033555838742,stationary_gaussian_fgn_unknown_constant_mean_ml,-1045.3495814931987,True,1.6618340984090938
AR1_0.95_n512_r2,AR1_0.95_n512,zero,0.5,,0.99,True,"[0.01, 0.99]",0.0,0.0,stationary_gaussian_fgn_known_zero_mean,-1045.3426119989808,True,1.6618454091342445
AR1_0.95_n512_r20,AR1_0.95_n512,unknown,0.5,,0.99,True,"[0.01, 0.99]",0.0,0.12052642398750447,stationary_gaussian_fgn_unknown_constant_mean_ml,-1126.9374578633401,True,1.534563860165728
AR1_0.95_n512_r20,AR1_0.95_n512,zero,0.5,,0.99,True,"[0.01, 0.99]",0.0,0.0,stationary_gaussian_fgn_known_zero_mean,-1126.9304541746192,True,1.5345743559121667
AR1_0.95_n512_r21,AR1_0.95_n512,unknown,0.5,,0.99,True,"[0.01, 0.99]",0.0,0.2604678611674658,stationary_gaussian_fgn_unknown_constant_mean_ml,-969.4118068135792,True,1.7897569957714037
AR1_0.95_n512_r21,AR1_0.95_n512,zero,0.5,,0.99,True,"[0.01, 0.99]",0.0,0.0,stationary_gaussian_fgn_known_zero_mean,-969.3877606859614,True,1.789799024316751
AR1_0.95_n512_r22,AR1_0.95_n512,unknown,0.5,,0.99,True,"[0.01, 0.99]",0.0,-0.039523126146272916,stationary_gaussian_fgn_unknown_constant_mean_ml,-1052.503264340656,True,1.6502649529938724
AR1_0.95_n512_r22,AR1_0.95_n512,zero,0.5,,0.99,True,"[0.01, 0.99]",0.0,0.0,stationary_gaussian_fgn_known_zero_mean,-1052.5026131170368,True,1.650266002497639
AR1_0.95_n512_r23,AR1_0.95_n512,unknown,0.5,,0.99,True,"[0.01, 0.99]",0.0,0.4963349078963545,stationary_gaussian_fgn_unknown_constant_mean_ml,-1022.6817017176656,True,1.6990316520745217
AR1_0.95_n512_r23,AR1_0.95_n512,zero,0.5,,0.99,True,"[0.01, 0.99]",0.0,0.0,stationary_gaussian_fgn_known_zero_mean,-1022.584820227906,True,1.6991924064734876
AR1_0.95_n512_r24,AR1_0.95_n512,unknown,0.5,,0.99,True,"[0.01, 0.99]",0.0,0.3929308002716176,stationary_gaussian_fgn_unknown_constant_mean_ml,-1073.9440291193905,True,1.616070532893776
AR1_0.95_n512_r24,AR1_0.95_n512,zero,0.5,,0.99,True,"[0.01, 0.99]",0.0,0.0,stationary_gaussian_fgn_known_zero_mean,-1073.8769143266388,True,1.6161764565201133
AR1_0.95_n512_r25,AR1_0.95_n512,unknown,0.5,,0.99,True,"[0.01, 0.99]",0.0,0.13238049801231003,stationary_gaussian_fgn_unknown_constant_mean_ml,-1078.1252237871013,True,1.6094852507136994
AR1_0.95_n512_r25,AR1_0.95_n512,zero,0.5,,0.99,True,"[0.01, 0.99]",0.0,0.0,stationary_gaussian_fgn_known_zero_mean,-1078.1175429959399,True,1.6094973231418737
AR1_0.95_n512_r26,AR1_0.95_n512,unknown,0.5,,0.99,True,"[0.01, 0.99]",0.0,-0.23544796707262639,stationary_gaussian_fgn_unknown_constant_mean_ml,-1048.3909855565184,True,1.6569055725788833
AR1_0.95_n512_r26,AR1_0.95_n512,zero,0.5,,0.99,True,"[0.01, 0.99]",0.0,0.0,stationary_gaussian_fgn_known_zero_mean,-1048.3680600021987,True,1.656942668188184
AR1_0.95_n512_r27,AR1_0.95_n512,unknown,0.5,,0.99,True,"[0.01, 0.99]",0.0,0.22851245713796586,stationary_gaussian_fgn_unknown_constant_mean_ml,-1007.6540849701883,True,1.7241494894881144
AR1_0.95_n512_r27,AR1_0.95_n512,zero,0.5,,0.99,True,"[0.01, 0.99]",0.0,0.0,stationary_gaussian_fgn_known_zero_mean,-1007.6341416867303,True,1.7241830691139297
AR1_0.95_n512_r28,AR1_0.95_n512,unknown,0.5,,0.99,True,"[0.01, 0.99]",0.0,0.14158266062061353,stationary_gaussian_fgn_unknown_constant_mean_ml,-877.4607567288401,True,1.9579065220731837
AR1_0.95_n512_r28,AR1_0.95_n512,zero,0.5,,0.99,True,"[0.01, 0.99]",0.0,0.0,stationary_gaussian_fgn_known_zero_mean,-877.454819703396,True,1.9579178738061298
AR1_0.95_n512_r29,AR1_0.95_n512,unknown,0.5,,0.99,True,"[0.01, 0.99]",0.0,-0.0810031861235341,stationary_gaussian_fgn_unknown_constant_mean_ml,-1069.0992644591984,True,1.6237346267729542
AR1_0.95_n512_r29,AR1_0.95_n512,zero,0.5,,0.99,True,"[0.01, 0.99]",0.0,0.0,stationary_gaussian_fgn_known_zero_mean,-1069.0964388760246,True,1.6237391072451903
AR1_0.95_n512_r3,AR1_0.95_n512,unknown,0.5,,0.99,True,"[0.01, 0.99]",0.0,-0.1165429000925906,stationary_gaussian_fgn_unknown_constant_mean_ml,-1079.1148562972562,True,1.6079305343993402
AR1_0.95_n512_r3,AR1_0.95_n512,zero,0.5,,0.99,True,"[0.01, 0.99]",0.0,0.0,stationary_gaussian_fgn_known_zero_mean,-1079.1088918563078,True,1.6079399000581793
AR1_0.95_n512_r30,AR1_0.95_n512,unknown,0.5,,0.99,True,"[0.01, 0.99]",0.0,0.3500365982801048,stationary_gaussian_fgn_unknown_constant_mean_ml,-1096.7817306607653,True,1.580427156677186
AR1_0.95_n512_r30,AR1_0.95_n512,zero,0.5,,0.99,True,"[0.01, 0.99]",0.0,0.0,stationary_gaussian_fgn_known_zero_mean,-1096.7260390835072,True,1.580513112609398
AR1_0.95_n512_r31,AR1_0.95_n512,unknown,0.5,,0.99,True,"[0.01, 0.99]",0.0,-0.29124913868654373,stationary_gaussian_fgn_unknown_constant_mean_ml,-1111.273645084433,True,1.5582180654604485
AR1_0.95_n512_r31,AR1_0.95_n512,zero,0.5,,0.99,True,"[0.01, 0.99]",0.0,0.0,stationary_gaussian_fgn_known_zero_mean,-1111.2339815690805,True,1.5582784224947654
AR1_0.95_n512_r32,AR1_0.95_n512,unknown,0.5,,0.99,True,"[0.01, 0.99]",0.0,0.19653596533721884,stationary_gaussian_fgn_unknown_constant_mean_ml,-981.0991777738573,True,1.7694458277244878
AR1_0.95_n512_r32,AR1_0.95_n512,zero,0.5,,0.99,True,"[0.01, 0.99]",0.0,0.0,stationary_gaussian_fgn_known_zero_mean,-981.0851709784381,True,1.7694700312745082
AR1_0.95_n512_r33,AR1_0.95_n512,unknown,0.5,,0.99,True,"[0.01, 0.99]",0.0,-0.3468834000859804,stationary_gaussian_fgn_unknown_constant_mean_ml,-979.4332469335131,True,1.7723268565539945
AR1_0.95_n512_r33,AR1_0.95_n512,zero,0.5,,0.99,True,"[0.01, 0.99]",0.0,0.0,stationary_gaussian_fgn_known_zero_mean,-979.3897562585066,True,1.772402131288551
AR1_0.95_n512_r34,AR1_0.95_n512,unknown,0.5,,0.99,True,"[0.01, 0.99]",0.0,-0.04699655265543047,stationary_gaussian_fgn_unknown_constant_mean_ml,-1003.1511290247518,True,1.7317479899887191
AR1_0.95_n512_r34,AR1_0.95_n512,zero,0.5,,0.99,True,"[0.01, 0.99]",0.0,0.0,stationary_gaussian_fgn_known_zero_mean,-1003.1502928492084,True,1.7317494040960506
AR1_0.95_n512_r35,AR1_0.95_n512,unknown,0.5,,0.99,True,"[0.01, 0.99]",0.0,0.2347627249992977,stationary_gaussian_fgn_unknown_constant_mean_ml,-1069.5352342397634,True,1.623043466074077
AR1_0.95_n512_r35,AR1_0.95_n512,zero,0.5,,0.99,True,"[0.01, 0.99]",0.0,0.0,stationary_gaussian_fgn_known_zero_mean,-1069.511480986241,True,1.623081115497978
AR1_0.95_n512_r36,AR1_0.95_n512,unknown,0.5,,0.99,True,"[0.01, 0.99]",0.0,0.0745582501100079,stationary_gaussian_fgn_unknown_constant_mean_ml,-1055.5397410443531,True,1.6453786552851566
AR1_0.95_n512_r36,AR1_0.95_n512,zero,0.5,,0.99,True,"[0.01, 0.99]",0.0,0.0,stationary_gaussian_fgn_known_zero_mean,-1055.537409767231,True,1.6453824012206868
AR1_0.95_n512_r37,AR1_0.95_n512,unknown,0.5,,0.99,True,"[0.01, 0.99]",0.0,-0.08126185835634506,stationary_gaussian_fgn_unknown_constant_mean_ml,-1106.8519481654275,True,1.5649610977973845
AR1_0.95_n512_r37,AR1_0.95_n512,zero,0.5,,0.99,True,"[0.01, 0.99]",0.0,0.0,stationary_gaussian_fgn_known_zero_mean,-1106.8488869048078,True,1.5649657762748654
AR1_0.95_n512_r38,AR1_0.95_n512,unknown,0.5,,0.99,True,"[0.01, 0.99]",0.0,-0.37239311935400476,stationary_gaussian_fgn_unknown_constant_mean_ml,-1078.5509765238455,True,1.6088162074355075
AR1_0.95_n512_r38,AR1_0.95_n512,zero,0.5,,0.99,True,"[0.01, 0.99]",0.0,0.0,stationary_gaussian_fgn_known_zero_mean,-1078.4901490433663,True,1.6089117769111407
AR1_0.95_n512_r39,AR1_0.95_n512,unknown,0.5,,0.99,True,"[0.01, 0.99]",0.0,0.09696689245727452,stationary_gaussian_fgn_unknown_constant_mean_ml,-1000.6674596058789,True,1.7359533706532615
AR1_0.95_n512_r39,AR1_0.95_n512,zero,0.5,,0.99,True,"[0.01, 0.99]",0.0,0.0,stationary_gaussian_fgn_known_zero_mean,-1000.6639171492809,True,1.7359593760732894
AR1_0.95_n512_r4,AR1_0.95_n512,unknown,0.5,,0.99,True,"[0.01, 0.99]",0.0,-0.03297010894392666,stationary_gaussian_fgn_unknown_constant_mean_ml,-1005.1925150535048,True,1.728299118169298
AR1_0.95_n512_r4,AR1_0.95_n512,zero,0.5,,0.99,True,"[0.01, 0.99]",0.0,0.0,stationary_gaussian_fgn_known_zero_mean,-1005.1921018747635,True,1.7282998155292573
AR1_0.95_n512_r40,AR1_0.95_n512,unknown,0.5,,0.99,True,"[0.01, 0.99]",0.0,0.037435097176464316,stationary_gaussian_fgn_unknown_constant_mean_ml,-1068.7469508812726,True,1.624293378900197
AR1_0.95_n512_r40,AR1_0.95_n512,zero,0.5,,0.99,True,"[0.01, 0.99]",0.0,0.0,stationary_gaussian_fgn_known_zero_mean,-1068.7463478165537,True,1.624294335496211
AR1_0.95_n512_r41,AR1_0.95_n512,unknown,0.5,,0.99,True,"[0.01, 0.99]",0.0,0.14164793202485418,stationary_gaussian_fgn_unknown_constant_mean_ml,-1067.4741174881478,True,1.6263136331092265
AR1_0.95_n512_r41,AR1_0.95_n512,zero,0.5,,0.99,True,"[0.01, 0.99]",0.0,0.0,stationary_gaussian_fgn_known_zero_mean,-1067.4655047069473,True,1.6263273119592185
AR1_0.95_n512_r42,AR1_0.95_n512,unknown,0.5,,0.99,True,"[0.01, 0.99]",0.0,-0.47158033886242123,stationary_gaussian_fgn_unknown_constant_mean_ml,-1141.1600231076836,True,1.5133972930317026
AR1_0.95_n512_r42,AR1_0.95_n512,zero,0.5,,0.99,True,"[0.01, 0.99]",0.0,0.0,stationary_gaussian_fgn_known_zero_mean,-1141.049794601999,True,1.513560211489794
AR1_0.95_n512_r43,AR1_0.95_n512,unknown,0.5,,0.99,True,"[0.01, 0.99]",0.0,-0.21302481077578098,stationary_gaussian_fgn_unknown_constant_mean_ml,-1042.1199975668162,True,1.6670836151220612
AR1_0.95_n512_r43,AR1_0.95_n512,zero,0.5,,0.99,True,"[0.01, 0.99]",0.0,0.0,stationary_gaussian_fgn_known_zero_mean,-1042.101459137155,True,1.6671137961690254
AR1_0.95_n512_r44,AR1_0.95_n512,unknown,0.5,,0.99,True,"[0.01, 0.99]",0.0,-0.3440521103532169,stationary_gaussian_fgn_unknown_constant_mean_ml,-1012.9645989742419,True,1.7152311116018086
AR1_0.95_n512_r44,AR1_0.95_n512,zero,0.5,,0.99,True,"[0.01, 0.99]",0.0,0.0,stationary_gaussian_fgn_known_zero_mean,-1012.9189197222752,True,1.7153076274433212
AR1_0.95_n512_r45,AR1_0.95_n512,unknown,0.5,,0.99,True,"[0.01, 0.99]",0.0,0.5529544448649635,stationary_gaussian_fgn_unknown_constant_mean_ml,-1109.4017105918997,True,1.5610691883982035
AR1_0.95_n512_r45,AR1_0.95_n512,zero,0.5,,0.99,True,"[0.01, 0.99]",0.0,0.0,stationary_gaussian_fgn_known_zero_mean,-1109.2592780616374,True,1.5612863392758738
AR1_0.95_n512_r46,AR1_0.95_n512,unknown,0.5,,0.99,True,"[0.01, 0.99]",0.0,-0.33853959288411595,stationary_gaussian_fgn_unknown_constant_mean_ml,-1086.4242689795535,True,1.5964938348524944
AR1_0.95_n512_r46,AR1_0.95_n512,zero,0.5,,0.99,True,"[0.01, 0.99]",0.0,0.0,stationary_gaussian_fgn_known_zero_mean,-1086.373218716069,True,1.5965734280776225
AR1_0.95_n512_r47,AR1_0.95_n512,unknown,0.5,,0.99,True,"[0.01, 0.99]",0.0,-0.05633892927199497,stationary_gaussian_fgn_unknown_constant_mean_ml,-1070.2652901817503,True,1.6218867373260395
AR1_0.95_n512_r47,AR1_0.95_n512,zero,0.5,,0.99,True,"[0.01, 0.99]",0.0,0.0,stationary_gaussian_fgn_known_zero_mean,-1070.2639202127261,True,1.6218889071854898
AR1_0.95_n512_r48,AR1_0.95_n512,unknown,0.5,,0.99,True,"[0.01, 0.99]",0.0,-0.05697005595490202,stationary_gaussian_fgn_unknown_constant_mean_ml,-1081.9698580263812,True,1.603453726938511
AR1_0.95_n512_r48,AR1_0.95_n512,zero,0.5,,0.99,True,"[0.01, 0.99]",0.0,0.0,stationary_gaussian_fgn_known_zero_mean,-1081.9684247992625,True,1.6034559711914147
AR1_0.95_n512_r49,AR1_0.95_n512,unknown,0.5,,0.99,True,"[0.01, 0.99]",0.0,-0.13776265764885778,stationary_gaussian_fgn_unknown_constant_mean_ml,-1018.4394241422825,True,1.7060850845513476
AR1_0.95_n512_r49,AR1_0.95_n512,zero,0.5,,0.99,True,"[0.01, 0.99]",0.0,0.0,stationary_gaussian_fgn_known_zero_mean,-1018.4320213816204,True,1.7060974183259587
AR1_0.95_n512_r5,AR1_0.95_n512,unknown,0.5,,0.99,True,"[0.01, 0.99]",0.0,-0.14297716223636564,stationary_gaussian_fgn_unknown_constant_mean_ml,-1121.520006466942,True,1.5427039529036517
AR1_0.95_n512_r5,AR1_0.95_n512,zero,0.5,,0.99,True,"[0.01, 0.99]",0.0,0.0,stationary_gaussian_fgn_known_zero_mean,-1121.5102543427988,True,1.5427186450053163
AR1_0.95_n512_r50,AR1_0.95_n512,unknown,0.5,,0.99,True,"[0.01, 0.99]",0.0,-0.2171110169513442,stationary_gaussian_fgn_unknown_constant_mean_ml,-991.330882093826,True,1.7518537397144636
AR1_0.95_n512_r50,AR1_0.95_n512,zero,0.5,,0.99,True,"[0.01, 0.99]",0.0,0.0,stationary_gaussian_fgn_known_zero_mean,-991.3134441275288,True,1.7518835727482363
AR1_0.95_n512_r51,AR1_0.95_n512,unknown,0.5,,0.99,True,"[0.01, 0.99]",0.0,0.2318696584791552,stationary_gaussian_fgn_unknown_constant_mean_ml,-1095.4371612550403,True,1.5825037091496412
AR1_0.95_n512_r51,AR1_0.95_n512,zero,0.5,,0.99,True,"[0.01, 0.99]",0.0,0.0,stationary_gaussian_fgn_known_zero_mean,-1095.412787455792,True,1.5825413772031292
AR1_0.95_n512_r52,AR1_0.95_n512,unknown,0.5,,0.99,True,"[0.01, 0.99]",0.0,0.3094138550610961,stationary_gaussian_fgn_unknown_constant_mean_ml,-1010.8301002154631,True,1.7188101908222935
AR1_0.95_n512_r52,AR1_0.95_n512,zero,0.5,,0.99,True,"[0.01, 0.99]",0.0,0.0,stationary_gaussian_fgn_known_zero_mean,-1010.7933090737133,True,1.7188719468041302
AR1_0.95_n512_r53,AR1_0.95_n512,unknown,0.5,,0.99,True,"[0.01, 0.99]",0.0,-0.04642124929959061,stationary_gaussian_fgn_unknown_constant_mean_ml,-1111.6939899835763,True,1.5575785590153917
AR1_0.95_n512_r53,AR1_0.95_n512,zero,0.5,,0.99,True,"[0.01, 0.99]",0.0,0.0,stationary_gaussian_fgn_known_zero_mean,-1111.692981500776,True,1.5575800929919157
AR1_0.95_n512_r54,AR1_0.95_n512,unknown,0.5,,0.99,True,"[0.01, 0.99]",0.0,-0.24771290081104158,stationary_gaussian_fgn_unknown_constant_mean_ml,-1085.0707553759312,True,1.5986054606981068
AR1_0.95_n512_r54,AR1_0.95_n512,zero,0.5,,0.99,True,"[0.01, 0.99]",0.0,0.0,stationary_gaussian_fgn_known_zero_mean,-1085.043494594559,True,1.5986480191102643
AR1_0.95_n512_r55,AR1_0.95_n512,unknown,0.5,,0.99,True,"[0.01, 0.99]",0.0,-0.12505336007060835,stationary_gaussian_fgn_unknown_constant_mean_ml,-1028.2072932179524,True,1.6898882236453956
AR1_0.95_n512_r55,AR1_0.95_n512,zero,0.5,,0.99,True,"[0.01, 0.99]",0.0,0.0,stationary_gaussian_fgn_known_zero_mean,-1028.2010758391173,True,1.6898984841016187
AR1_0.95_n512_r56,AR1_0.95_n512,unknown,0.5,,0.99,True,"[0.01, 0.99]",0.0,0.0679362497032368,stationary_gaussian_fgn_unknown_constant_mean_ml,-1042.9984672163491,True,1.665654069845429
AR1_0.95_n512_r56,AR1_0.95_n512,zero,0.5,,0.99,True,"[0.01, 0.99]",0.0,0.0,stationary_gaussian_fgn_known_zero_mean,-1042.9965784949036,True,1.665657142071468
AR1_0.95_n512_r57,AR1_0.95_n512,unknown,0.5,,0.99,True,"[0.01, 0.99]",0.0,-0.24295106535786964,stationary_gaussian_fgn_unknown_constant_mean_ml,-1054.703709440167,True,1.6467225520139641
AR1_0.95_n512_r57,AR1_0.95_n512,zero,0.5,,0.99,True,"[0.01, 0.99]",0.0,0.0,stationary_gaussian_fgn_known_zero_mean,-1054.6789966680922,True,1.6467622937816997
AR1_0.95_n512_r58,AR1_0.95_n512,unknown,0.5,,0.99,True,"[0.01, 0.99]",0.0,-0.028306080584017387,stationary_gaussian_fgn_unknown_constant_mean_ml,-1053.6413709399103,True,1.6484318142373977
AR1_0.95_n512_r58,AR1_0.95_n512,zero,0.5,,0.99,True,"[0.01, 0.99]",0.0,0.0,stationary_gaussian_fgn_known_zero_mean,-1053.641036165267,True,1.6484323531565994
AR1_0.95_n512_r59,AR1_0.95_n512,unknown,0.5,,0.99,True,"[0.01, 0.99]",0.0,-0.0674076481149374,stationary_gaussian_fgn_unknown_constant_mean_ml,-1134.7998461028785,True,1.5228264230020074
AR1_0.95_n512_r59,AR1_0.95_n512,zero,0.5,,0.99,True,"[0.01, 0.99]",0.0,0.0,stationary_gaussian_fgn_known_zero_mean,-1134.7976215035906,True,1.522829731285461
AR1_0.95_n512_r6,AR1_0.95_n512,unknown,0.5,,0.99,True,"[0.01, 0.99]",0.0,-0.08188845140453264,stationary_gaussian_fgn_unknown_constant_mean_ml,-1089.3060801994654,True,1.5920071883881965
AR1_0.95_n512_r6,AR1_0.95_n512,zero,0.5,,0.99,True,"[0.01, 0.99]",0.0,0.0,stationary_gaussian_fgn_known_zero_mean,-1089.303076273745,True,1.5920118585819019
AR1_0.95_n512_r60,AR1_0.95_n512,unknown,0.5,,0.99,True,"[0.01, 0.99]",0.0,-0.30268109065916193,stationary_gaussian_fgn_unknown_constant_mean_ml,-1076.3645764908288,True,1.6122549512891535
AR1_0.95_n512_r60,AR1_0.95_n512,zero,0.5,,0.99,True,"[0.01, 0.99]",0.0,0.0,stationary_gaussian_fgn_known_zero_mean,-1076.3245616248773,True,1.612317954635132
AR1_0.95_n512_r61,AR1_0.95_n512,unknown,0.5,,0.99,True,"[0.01, 0.99]",0.0,-0.09790123374851488,stationary_gaussian_fgn_unknown_constant_mean_ml,-1036.4080056897158,True,1.6764087869588973
AR1_0.95_n512_r61,AR1_0.95_n512,zero,0.5,,0.99,True,"[0.01, 0.99]",0.0,0.0,stationary_gaussian_fgn_known_zero_mean,-1036.4041335588558,True,1.6764151261058413
AR1_0.95_n512_r62,AR1_0.95_n512,unknown,0.5,,0.99,True,"[0.01, 0.99]",0.0,0.4339333503533934,stationary_gaussian_fgn_unknown_constant_mean_ml,-1044.3166490125093,True,1.663511274656211
AR1_0.95_n512_r62,AR1_0.95_n512,zero,0.5,,0.99,True,"[0.01, 0.99]",0.0,0.0,stationary_gaussian_fgn_known_zero_mean,-1044.2393992782556,True,1.6636367733390274
AR1_0.95_n512_r63,AR1_0.95_n512,unknown,0.5,,0.99,True,"[0.01, 0.99]",0.0,0.17880441683224008,stationary_gaussian_fgn_unknown_constant_mean_ml,-1010.5186868427606,True,1.7193329856241288
AR1_0.95_n512_r63,AR1_0.95_n512,zero,0.5,,0.99,True,"[0.01, 0.99]",0.0,0.0,stationary_gaussian_fgn_known_zero_mean,-1010.5064077442798,True,1.7193536027975975
AR1_0.95_n512_r7,AR1_0.95_n512,unknown,0.5,,0.99,True,"[0.01, 0.99]",0.0,-0.04042955298754647,stationary_gaussian_fgn_unknown_constant_mean_ml,-1059.5640689944591,True,1.6389249941710538
AR1_0.95_n512_r7,AR1_0.95_n512,zero,0.5,,0.99,True,"[0.01, 0.99]",0.0,0.0,stationary_gaussian_fgn_known_zero_mean,-1059.5633780953626,True,1.6389260999641984
AR1_0.95_n512_r8,AR1_0.95_n512,unknown,0.5,,0.99,True,"[0.01, 0.99]",0.0,0.032949210297557735,stationary_gaussian_fgn_unknown_constant_mean_ml,-1003.2401132617565,True,1.7315975099317853
AR1_0.95_n512_r8,AR1_0.95_n512,zero,0.5,,0.99,True,"[0.01, 0.99]",0.0,0.0,stationary_gaussian_fgn_known_zero_mean,-1003.239702177224,True,1.7315982050812935
AR1_0.95_n512_r9,AR1_0.95_n512,unknown,0.5,,0.99,True,"[0.01, 0.99]",0.0,-0.09073405791911612,stationary_gaussian_fgn_unknown_constant_mean_ml,-1025.4195060465104,True,1.6944951253329423
AR1_0.95_n512_r9,AR1_0.95_n512,zero,0.5,,0.99,True,"[0.01, 0.99]",0.0,0.0,stationary_gaussian_fgn_known_zero_mean,-1025.416250725388,True,1.6945005121830803
ARFIMA_0.25_n1024_r0,ARFIMA_0.25_n1024,unknown,0.75,,0.6590102179998194,False,"[0.01, 0.99]",0.0,0.2215867601294397,stationary_gaussian_fgn_unknown_constant_mean_ml,12.916741502087007,True,1.0467651561076041
ARFIMA_0.25_n1024_r0,ARFIMA_0.25_n1024,zero,0.75,,0.6709863202268154,False,"[0.01, 0.99]",0.0,0.0,stationary_gaussian_fgn_known_zero_mean,17.58033428336148,True,1.0564973227795666
ARFIMA_0.25_n1024_r1,ARFIMA_0.25_n1024,unknown,0.75,,0.6985553647155727,False,"[0.01, 0.99]",0.0,-0.07281803966343953,stationary_gaussian_fgn_unknown_constant_mean_ml,27.762420354411915,True,1.0820772746690461
ARFIMA_0.25_n1024_r1,ARFIMA_0.25_n1024,zero,0.75,,0.6996702427313739,False,"[0.01, 0.99]",0.0,0.0,stationary_gaussian_fgn_known_zero_mean,28.058649118910125,True,1.083162702907034
ARFIMA_0.25_n1024_r10,ARFIMA_0.25_n1024,unknown,0.75,,0.6904987618247429,False,"[0.01, 0.99]",0.0,0.32258851622849644,stationary_gaussian_fgn_unknown_constant_mean_ml,44.57038264153152,True,1.0844894149097797
ARFIMA_0.25_n1024_r10,ARFIMA_0.25_n1024,zero,0.75,,0.7056226814665696,False,"[0.01, 0.99]",0.0,0.0,stationary_gaussian_fgn_known_zero_mean,50.3764721833636,True,1.1002001974518205
ARFIMA_0.25_n1024_r11,ARFIMA_0.25_n1024,unknown,0.75,,0.7119883979113832,False,"[0.01, 0.99]",0.0,-0.3646214944841628,stationary_gaussian_fgn_unknown_constant_mean_ml,29.002962101001685,True,1.0945458634011291
ARFIMA_0.25_n1024_r11,ARFIMA_0.25_n1024,zero,0.75,,0.7271447518540808,False,"[0.01, 0.99]",0.0,0.0,stationary_gaussian_fgn_known_zero_mean,34.38387554262954,True,1.112530385413576
ARFIMA_0.25_n1024_r12,ARFIMA_0.25_n1024,unknown,0.75,,0.6739482022970045,False,"[0.01, 0.99]",0.0,-0.2859001467896695,stationary_gaussian_fgn_unknown_constant_mean_ml,-24.255387922256432,True,1.0370384195454192
ARFIMA_0.25_n1024_r12,ARFIMA_0.25_n1024,zero,0.75,,0.692565434995168,False,"[0.01, 0.99]",0.0,0.0,stationary_gaussian_fgn_known_zero_mean,-18.24397648821423,True,1.0533083387297881
ARFIMA_0.25_n1024_r13,ARFIMA_0.25_n1024,unknown,0.75,,0.6652209723986211,False,"[0.01, 0.99]",0.0,0.21110615696848076,stationary_gaussian_fgn_unknown_constant_mean_ml,18.549625349973212,True,1.053359125058378
ARFIMA_0.25_n1024_r13,ARFIMA_0.25_n1024,zero,0.75,,0.6762014137171959,False,"[0.01, 0.99]",0.0,0.0,stationary_gaussian_fgn_known_zero_mean,22.401856088457862,True,1.0624519524606924
ARFIMA_0.25_n1024_r14,ARFIMA_0.25_n1024,unknown,0.75,,0.6636468035584463,False,"[0.01, 0.99]",0.0,-0.09503633846912851,stationary_gaussian_fgn_unknown_constant_mean_ml,20.241381433884726,True,1.05326812428687
ARFIMA_0.25_n1024_r14,ARFIMA_0.25_n1024,zero,0.75,,0.6655340244077587,False,"[0.01, 0.99]",0.0,0.0,stationary_gaussian_fgn_known_zero_mean,21.1024711486084,True,1.0548659078227949
ARFIMA_0.25_n1024_r15,ARFIMA_0.25_n1024,unknown,0.75,,0.6915868920846936,False,"[0.01, 0.99]",0.0,-0.48632345070164773,stationary_gaussian_fgn_unknown_constant_mean_ml,12.236650851466038,True,1.0683408804032952
ARFIMA_0.25_n1024_r15,ARFIMA_0.25_n1024,zero,0.75,,0.7212658079836626,False,"[0.01, 0.99]",0.0,0.0,stationary_gaussian_fgn_known_zero_mean,23.987932367690973,True,1.1008360401133992
ARFIMA_0.25_n1024_r16,ARFIMA_0.25_n1024,unknown,0.75,,0.7052904626954756,False,"[0.01, 0.99]",0.0,0.2506015834998133,stationary_gaussian_fgn_unknown_constant_mean_ml,-32.42986337113325,True,1.0563195308387472
ARFIMA_0.25_n1024_r16,ARFIMA_0.25_n1024,zero,0.75,,0.714502089667349,False,"[0.01, 0.99]",0.0,0.0,stationary_gaussian_fgn_known_zero_mean,-29.278295295025146,True,1.066135958540007
ARFIMA_0.25_n1024_r17,ARFIMA_0.25_n1024,unknown,0.75,,0.7417642469222092,False,"[0.01, 0.99]",0.0,0.02661935769775135,stationary_gaussian_fgn_unknown_constant_mean_ml,8.198939083704317,True,1.1147323125675805
ARFIMA_0.25_n1024_r17,ARFIMA_0.25_n1024,zero,0.75,,0.7418160244541868,False,"[0.01, 0.99]",0.0,0.0,stationary_gaussian_fgn_known_zero_mean,8.219724036582647,True,1.114805196749113
ARFIMA_0.25_n1024_r18,ARFIMA_0.25_n1024,unknown,0.75,,0.7154475058675598,False,"[0.01, 0.99]",0.0,-0.23360441601539825,stationary_gaussian_fgn_unknown_constant_mean_ml,-1.709732301175336,True,1.0814740005537211
ARFIMA_0.25_n1024_r18,ARFIMA_0.25_n1024,zero,0.75,,0.7224398309498089,False,"[0.01, 0.99]",0.0,0.0,stationary_gaussian_fgn_known_zero_mean,0.6003924221531634,True,1.0895091132264363
ARFIMA_0.25_n1024_r19,ARFIMA_0.25_n1024,unknown,0.75,,0.7020164041203957,False,"[0.01, 0.99]",0.0,-0.15074737438532226,stationary_gaussian_fgn_unknown_constant_mean_ml,22.992034125603823,True,1.0824656395504009
ARFIMA_0.25_n1024_r19,ARFIMA_0.25_n1024,zero,0.75,,0.7055007444326407,False,"[0.01, 0.99]",0.0,0.0,stationary_gaussian_fgn_known_zero_mean,24.179690945970833,True,1.0861095343126457
ARFIMA_0.25_n1024_r2,ARFIMA_0.25_n1024,unknown,0.75,,0.7146899771402329,False,"[0.01, 0.99]",0.0,0.18783252968344785,stationary_gaussian_fgn_unknown_constant_mean_ml,-33.40255869387329,True,1.064164637097201
ARFIMA_0.25_n1024_r2,ARFIMA_0.25_n1024,zero,0.75,,0.7195041681366814,False,"[0.01, 0.99]",0.0,0.0,stationary_gaussian_fgn_known_zero_mean,-31.816719857368298,True,1.0695344645225564
ARFIMA_0.25_n1024_r20,ARFIMA_0.25_n1024,unknown,0.75,,0.6955715609674136,False,"[0.01, 0.99]",0.0,0.1755480838899331,stationary_gaussian_fgn_unknown_constant_mean_ml,8.424532944595285,True,1.0694888336933455
ARFIMA_0.25_n1024_r20,ARFIMA_0.25_n1024,zero,0.75,,0.7008774493930076,False,"[0.01, 0.99]",0.0,0.0,stationary_gaussian_fgn_known_zero_mean,10.201730244941245,True,1.0747665777109905
ARFIMA_0.25_n1024_r21,ARFIMA_0.25_n1024,unknown,0.75,,0.7129868159812002,False,"[0.01, 0.99]",0.0,0.04488052951618153,stationary_gaussian_fgn_unknown_constant_mean_ml,-16.561208498203086,True,1.0713761441253178
ARFIMA_0.25_n1024_r21,ARFIMA_0.25_n1024,zero,0.75,,0.713119557692545,False,"[0.01, 0.99]",0.0,0.0,stationary_gaussian_fgn_known_zero_mean,-16.466086618462214,True,1.0715478842712598
ARFIMA_0.25_n1024_r22,ARFIMA_0.25_n1024,unknown,0.75,,0.699210051320165,False,"[0.01, 0.99]",0.0,0.23437454994474305,stationary_gaussian_fgn_unknown_constant_mean_ml,-44.542708697102626,True,1.0450662268265372
ARFIMA_0.25_n1024_r22,ARFIMA_0.25_n1024,zero,0.75,,0.7076765526485034,False,"[0.01, 0.99]",0.0,0.0,stationary_gaussian_fgn_known_zero_mean,-41.45755699931942,True,1.0537209960752436
ARFIMA_0.25_n1024_r23,ARFIMA_0.25_n1024,unknown,0.75,,0.7146925444596164,False,"[0.01, 0.99]",0.0,-0.10954748921256678,stationary_gaussian_fgn_unknown_constant_mean_ml,3.7894946949850237,True,1.0836690207883448
ARFIMA_0.25_n1024_r23,ARFIMA_0.25_n1024,zero,0.75,,0.716346981566993,False,"[0.01, 0.99]",0.0,0.0,stationary_gaussian_fgn_known_zero_mean,4.323439639175376,True,1.0855201150502438
ARFIMA_0.25_n1024_r24,ARFIMA_0.25_n1024,unknown,0.75,,0.7124048339819236,False,"[0.01, 0.99]",0.0,-0.13057140590990907,stationary_gaussian_fgn_unknown_constant_mean_ml,44.02451024935908,True,1.1029948488483505
ARFIMA_0.25_n1024_r24,ARFIMA_0.25_n1024,zero,0.75,,0.7147267065364841,False,"[0.01, 0.99]",0.0,0.0,stationary_gaussian_fgn_known_zero_mean,44.77679299912006,True,1.105608129630164
ARFIMA_0.25_n1024_r25,ARFIMA_0.25_n1024,unknown,0.75,,0.6812480311567773,False,"[0.01, 0.99]",0.0,0.2687714636415584,stationary_gaussian_fgn_unknown_constant_mean_ml,-51.587605717709266,True,1.0281379582887045
ARFIMA_0.25_n1024_r25,ARFIMA_0.25_n1024,zero,0.75,,0.6956681399430517,False,"[0.01, 0.99]",0.0,0.0,stationary_gaussian_fgn_known_zero_mean,-46.47897256189208,True,1.0412737877705314
ARFIMA_0.25_n1024_r26,ARFIMA_0.25_n1024,unknown,0.75,,0.6837180805873936,False,"[0.01, 0.99]",0.0,0.1870579096946154,stationary_gaussian_fgn_unknown_constant_mean_ml,70.32649789056222,True,1.0930173115007737
ARFIMA_0.25_n1024_r26,ARFIMA_0.25_n1024,zero,0.75,,0.6895122861206078,False,"[0.01, 0.99]",0.0,0.0,stationary_gaussian_fgn_known_zero_mean,72.60617193741655,True,1.098661230292044
ARFIMA_0.25_n1024_r27,ARFIMA_0.25_n1024,unknown,0.75,,0.6868200454463109,False,"[0.01, 0.99]",0.0,-0.08604583601860533,stationary_gaussian_fgn_unknown_constant_mean_ml,-33.792573249853376,True,1.0410611646851233
ARFIMA_0.25_n1024_r27,ARFIMA_0.25_n1024,zero,0.75,,0.6881419673523608,False,"[0.01, 0.99]",0.0,0.0,stationary_gaussian_fgn_known_zero_mean,-33.26569836932731,True,1.0422952610632195
ARFIMA_0.25_n1024_r28,ARFIMA_0.25_n1024,unknown,0.75,,0.7179698250219344,False,"[0.01, 0.99]",0.0,-0.05435119018671443,stationary_gaussian_fgn_unknown_constant_mean_ml,-33.11740294437959,True,1.067387305322173
ARFIMA_0.25_n1024_r28,ARFIMA_0.25_n1024,zero,0.75,,0.7182684938516687,False,"[0.01, 0.99]",0.0,0.0,stationary_gaussian_fgn_known_zero_mean,-32.986335601844075,True,1.0677399072792981
ARFIMA_0.25_n1024_r29,ARFIMA_0.25_n1024,unknown,0.75,,0.6716793753791478,False,"[0.01, 0.99]",0.0,0.2855340258149312,stationary_gaussian_fgn_unknown_constant_mean_ml,34.33936617348854,True,1.0656319954568825
ARFIMA_0.25_n1024_r29,ARFIMA_0.25_n1024,zero,0.75,,0.6881053060635953,False,"[0.01, 0.99]",0.0,0.0,stationary_gaussian_fgn_known_zero_mean,40.333854902792154,True,1.0804057774562144
ARFIMA_0.25_n1024_r3,ARFIMA_0.25_n1024,unknown,0.75,,0.6872354100772845,False,"[0.01, 0.99]",0.0,0.1509910946284897,stationary_gaussian_fgn_unknown_constant_mean_ml,-98.02820159618386,True,1.0092079822400115
ARFIMA_0.25_n1024_r3,ARFIMA_0.25_n1024,zero,0.75,,0.6919489655389168,False,"[0.01, 0.99]",0.0,0.0,stationary_gaussian_fgn_known_zero_mean,-96.35616891376594,True,1.013435381997354
ARFIMA_0.25_n1024_r30,ARFIMA_0.25_n1024,unknown,0.75,,0.6824929414947242,False,"[0.01, 0.99]",0.0,-0.0448028032515412,stationary_gaussian_fgn_unknown_constant_mean_ml,10.956403964293258,True,1.0609057920761271
ARFIMA_0.25_n1024_r30,ARFIMA_0.25_n1024,zero,0.75,,0.6830796054882301,False,"[0.01, 0.99]",0.0,0.0,stationary_gaussian_fgn_known_zero_mean,11.102767879574003,True,1.061402128291369
ARFIMA_0.25_n1024_r31,ARFIMA_0.25_n1024,unknown,0.75,,0.679013185509698,False,"[0.01, 0.99]",0.0,-0.3286896754059717,stationary_gaussian_fgn_unknown_constant_mean_ml,-18.338078190087344,True,1.0434236546649867
ARFIMA_0.25_n1024_r31,ARFIMA_0.25_n1024,zero,0.75,,0.6989200450312879,False,"[0.01, 0.99]",0.0,0.0,stationary_gaussian_fgn_known_zero_mean,-11.155470996821805,True,1.0620059562244915
ARFIMA_0.25_n1024_r32,ARFIMA_0.25_n1024,unknown,0.75,,0.6665979879995938,False,"[0.01, 0.99]",0.0,0.21607235325882387,stationary_gaussian_fgn_unknown_constant_mean_ml,-33.24434473580959,True,1.0278841809222552
ARFIMA_0.25_n1024_r32,ARFIMA_0.25_n1024,zero,0.75,,0.6800639985328528,False,"[0.01, 0.99]",0.0,0.0,stationary_gaussian_fgn_known_zero_mean,-29.151216767966616,True,1.0386467192931457
ARFIMA_0.25_n1024_r33,ARFIMA_0.25_n1024,unknown,0.75,,0.7075689639205809,False,"[0.01, 0.99]",0.0,0.2033187702819898,stationary_gaussian_fgn_unknown_constant_mean_ml,11.005020526449698,True,1.0809666848450739
ARFIMA_0.25_n1024_r33,ARFIMA_0.25_n1024,zero,0.75,,0.7133698281704434,False,"[0.01, 0.99]",0.0,0.0,stationary_gaussian_fgn_known_zero_mean,12.986662111345595,True,1.087303086688971
ARFIMA_0.25_n1024_r34,ARFIMA_0.25_n1024,unknown,0.75,,0.7142209469380316,False,"[0.01, 0.99]",0.0,0.1655754923531197,stationary_gaussian_fgn_unknown_constant_mean_ml,18.470540740412616,True,1.0910190565108977
ARFIMA_0.25_n1024_r34,ARFIMA_0.25_n1024,zero,0.75,,0.7179748146923682,False,"[0.01, 0.99]",0.0,0.0,stationary_gaussian_fgn_known_zero_mean,19.66161881000926,True,1.0952573321661547
ARFIMA_0.25_n1024_r35,ARFIMA_0.25_n1024,unknown,0.75,,0.696470047403962,False,"[0.01, 0.99]",0.0,-0.05254813356784661,stationary_gaussian_fgn_unknown_constant_mean_ml,33.48780564900517,True,1.0833883780897269
ARFIMA_0.25_n1024_r35,ARFIMA_0.25_n1024,zero,0.75,,0.6967820942349223,False,"[0.01, 0.99]",0.0,0.0,stationary_gaussian_fgn_known_zero_mean,33.6477494103774,True,1.083728153788396
ARFIMA_0.25_n1024_r36,ARFIMA_0.25_n1024,unknown,0.75,,0.7094288851168468,False,"[0.01, 0.99]",0.0,0.4068398717407884,stationary_gaussian_fgn_unknown_constant_mean_ml,-36.42154279738634,True,1.0578496456434612
ARFIMA_0.25_n1024_r36,ARFIMA_0.25_n1024,zero,0.75,,0.7297871503712916,False,"[0.01, 0.99]",0.0,0.0,stationary_gaussian_fgn_known_zero_mean,-29.31147769313202,True,1.0812143310362843
ARFIMA_0.25_n1024_r37,ARFIMA_0.25_n1024,unknown,0.75,,0.667044179361786,False,"[0.01, 0.99]",0.0,-0.06776941863243476,stationary_gaussian_fgn_unknown_constant_mean_ml,30.081024737336065,True,1.060443308861341
ARFIMA_0.25_n1024_r37,ARFIMA_0.25_n1024,zero,0.75,,0.6681694822564371,False,"[0.01, 0.99]",0.0,0.0,stationary_gaussian_fgn_known_zero_mean,30.494778929155018,True,1.0613686007009864
ARFIMA_0.25_n1024_r38,ARFIMA_0.25_n1024,unknown,0.75,,0.676810352680771,False,"[0.01, 0.99]",0.0,-0.34142019505475396,stationary_gaussian_fgn_unknown_constant_mean_ml,-2.477364223555014,True,1.0500334452246771
ARFIMA_0.25_n1024_r38,ARFIMA_0.25_n1024,zero,0.75,,0.6985747556861313,False,"[0.01, 0.99]",0.0,0.0,stationary_gaussian_fgn_known_zero_mean,5.4325647756536455,True,1.0703591052397283
ARFIMA_0.25_n1024_r39,ARFIMA_0.25_n1024,unknown,0.75,,0.7264529382823218,False,"[0.01, 0.99]",0.0,-0.12423189175418106,stationary_gaussian_fgn_unknown_constant_mean_ml,76.79488921338861,True,1.1350612162079114
ARFIMA_0.25_n1024_r39,ARFIMA_0.25_n1024,zero,0.75,,0.7278917433787845,False,"[0.01, 0.99]",0.0,0.0,stationary_gaussian_fgn_known_zero_mean,77.3290403396918,True,1.1369187853656755
ARFIMA_0.25_n1024_r4,ARFIMA_0.25_n1024,unknown,0.75,,0.7052189253344219,False,"[0.01, 0.99]",0.0,0.3232343374329583,stationary_gaussian_fgn_unknown_constant_mean_ml,-23.296068976464085,True,1.0609798065191403
ARFIMA_0.25_n1024_r4,ARFIMA_0.25_n1024,zero,0.75,,0.7185187654596961,False,"[0.01, 0.99]",0.0,0.0,stationary_gaussian_fgn_known_zero_mean,-18.25321122446485,True,1.0756893310133897
ARFIMA_0.25_n1024_r40,ARFIMA_0.25_n1024,unknown,0.75,,0.7012465558091843,False,"[0.01, 0.99]",0.0,0.0181848090089829,stationary_gaussian_fgn_unknown_constant_mean_ml,5.833420500946431,True,1.0727859522729712
ARFIMA_0.25_n1024_r40,ARFIMA_0.25_n1024,zero,0.75,,0.7013364201988296,False,"[0.01, 0.99]",0.0,0.0,stationary_gaussian_fgn_known_zero_mean,5.85172064408971,True,1.0728710085688946
ARFIMA_0.25_n1024_r41,ARFIMA_0.25_n1024,unknown,0.75,,0.6770566268600156,False,"[0.01, 0.99]",0.0,-0.11913474508789725,stationary_gaussian_fgn_unknown_constant_mean_ml,53.38105027009851,True,1.0792379522515612
ARFIMA_0.25_n1024_r41,ARFIMA_0.25_n1024,zero,0.75,,0.680005937611349,False,"[0.01, 0.99]",0.0,0.0,stationary_gaussian_fgn_known_zero_mean,54.44126723609725,True,1.0818763881111544
ARFIMA_0.25_n1024_r42,ARFIMA_0.25_n1024,unknown,0.75,,0.6965219123093163,False,"[0.01, 0.99]",0.0,0.1255347064014021,stationary_gaussian_fgn_unknown_constant_mean_ml,60.490889489511574,True,1.0978104701857312
ARFIMA_0.25_n1024_r42,ARFIMA_0.25_n1024,zero,0.75,,0.6993820363242074,False,"[0.01, 0.99]",0.0,0.0,stationary_gaussian_fgn_known_zero_mean,61.355703638566865,True,1.1006721167506837
ARFIMA_0.25_n1024_r43,ARFIMA_0.25_n1024,unknown,0.75,,0.640957708878067,False,"[0.01, 0.99]",0.0,-0.3004739751124019,stationary_gaussian_fgn_unknown_constant_mean_ml,-11.697772071353029,True,1.0247651888754443
ARFIMA_0.25_n1024_r43,ARFIMA_0.25_n1024,zero,0.75,,0.6679808049409656,False,"[0.01, 0.99]",0.0,0.0,stationary_gaussian_fgn_known_zero_mean,-1.6457515688289277,True,1.044724047979018
ARFIMA_0.25_n1024_r44,ARFIMA_0.25_n1024,unknown,0.75,,0.6363382262807995,False,"[0.01, 0.99]",0.0,0.10868731137053926,stationary_gaussian_fgn_unknown_constant_mean_ml,64.45303521320511,True,1.061329650475213
ARFIMA_0.25_n1024_r44,ARFIMA_0.25_n1024,zero,0.75,,0.6410991541835637,False,"[0.01, 0.99]",0.0,0.0,stationary_gaussian_fgn_known_zero_mean,66.02477864883349,True,1.0644736741779803
ARFIMA_0.25_n1024_r45,ARFIMA_0.25_n1024,unknown,0.75,,0.6941071234023998,False,"[0.01, 0.99]",0.0,-0.08921733767459694,stationary_gaussian_fgn_unknown_constant_mean_ml,37.493693975849965,True,1.083596003136828
ARFIMA_0.25_n1024_r45,ARFIMA_0.25_n1024,zero,0.75,,0.695797617042578,False,"[0.01, 0.99]",0.0,0.0,stationary_gaussian_fgn_known_zero_mean,37.96294097106511,True,1.0852096362670482
ARFIMA_0.25_n1024_r46,ARFIMA_0.25_n1024,unknown,0.75,,0.6882096185033171,False,"[0.01, 0.99]",0.0,0.13775387793077082,stationary_gaussian_fgn_unknown_constant_mean_ml,-62.05378841002539,True,1.027795593270915
ARFIMA_0.25_n1024_r46,ARFIMA_0.25_n1024,zero,0.75,,0.6925415645253239,False,"[0.01, 0.99]",0.0,0.0,stationary_gaussian_fgn_known_zero_mean,-60.7246567415832,True,1.0316671118293754
ARFIMA_0.25_n1024_r47,ARFIMA_0.25_n1024,unknown,0.75,,0.7335705584634523,False,"[0.01, 0.99]",0.0,-0.05003951167127166,stationary_gaussian_fgn_unknown_constant_mean_ml,-80.02504408925324,True,1.0587213210426747
ARFIMA_0.25_n1024_r47,ARFIMA_0.25_n1024,zero,0.75,,0.7336591115724062,False,"[0.01, 0.99]",0.0,0.0,stationary_gaussian_fgn_known_zero_mean,-79.93386154430982,True,1.0588624972323963
ARFIMA_0.25_n1024_r48,ARFIMA_0.25_n1024,unknown,0.75,,0.6960034995540458,False,"[0.01, 0.99]",0.0,-0.08371692869480048,stationary_gaussian_fgn_unknown_constant_mean_ml,43.35976723681961,True,1.0882412113516418
ARFIMA_0.25_n1024_r48,ARFIMA_0.25_n1024,zero,0.75,,0.6971521828209906,False,"[0.01, 0.99]",0.0,0.0,stationary_gaussian_fgn_known_zero_mean,43.7619124584603,True,1.0893984637037617
ARFIMA_0.25_n1024_r49,ARFIMA_0.25_n1024,unknown,0.75,,0.725922011359941,False,"[0.01, 0.99]",0.0,0.025379800971963073,stationary_gaussian_fgn_unknown_constant_mean_ml,-57.31928654233161,True,1.0625777229821656
ARFIMA_0.25_n1024_r49,ARFIMA_0.25_n1024,zero,0.75,,0.7259405302794533,False,"[0.01, 0.99]",0.0,0.0,stationary_gaussian_fgn_known_zero_mean,-57.293402519407664,True,1.0626097734869953
ARFIMA_0.25_n1024_r5,ARFIMA_0.25_n1024,unknown,0.75,,0.6939528883485241,False,"[0.01, 0.99]",0.0,-0.030464396321575063,stationary_gaussian_fgn_unknown_constant_mean_ml,60.133229820297856,True,1.095516105844399
ARFIMA_0.25_n1024_r5,ARFIMA_0.25_n1024,zero,0.75,,0.694023101071505,False,"[0.01, 0.99]",0.0,0.0,stationary_gaussian_fgn_known_zero_mean,60.18774051194305,True,1.0956021133904883
ARFIMA_0.25_n1024_r50,ARFIMA_0.25_n1024,unknown,0.75,,0.7029849620994807,False,"[0.01, 0.99]",0.0,0.5829449961329678,stationary_gaussian_fgn_unknown_constant_mean_ml,-18.486919801321164,True,1.0615747780103522
ARFIMA_0.25_n1024_r50,ARFIMA_0.25_n1024,zero,0.75,,0.7403751522459316,False,"[0.01, 0.99]",0.0,0.0,stationary_gaussian_fgn_known_zero_mean,-4.918569137458235,True,1.1059840827556404
ARFIMA_0.25_n1024_r51,ARFIMA_0.25_n1024,unknown,0.75,,0.7218150716019567,False,"[0.01, 0.99]",0.0,0.2135144726111905,stationary_gaussian_fgn_unknown_constant_mean_ml,11.8798465027171,True,1.094897173289624
ARFIMA_0.25_n1024_r51,ARFIMA_0.25_n1024,zero,0.75,,0.7274868380257882,False,"[0.01, 0.99]",0.0,0.0,stationary_gaussian_fgn_known_zero_mean,13.622234103691426,True,1.1016693836463236
ARFIMA_0.25_n1024_r52,ARFIMA_0.25_n1024,unknown,0.75,,0.6716810601741722,False,"[0.01, 0.99]",0.0,-0.18021959378729105,stationary_gaussian_fgn_unknown_constant_mean_ml,-115.39011237495197,True,0.990504358591173
ARFIMA_0.25_n1024_r52,ARFIMA_0.25_n1024,zero,0.75,,0.6809092575971498,False,"[0.01, 0.99]",0.0,0.0,stationary_gaussian_fgn_known_zero_mean,-112.45725903165612,True,0.9978045974456935
ARFIMA_0.25_n1024_r53,ARFIMA_0.25_n1024,unknown,0.75,,0.6843793044292095,False,"[0.01, 0.99]",0.0,-0.14374279332118967,stationary_gaussian_fgn_unknown_constant_mean_ml,17.560597106862133,True,1.0656966078075303
ARFIMA_0.25_n1024_r53,ARFIMA_0.25_n1024,zero,0.75,,0.6885698896079081,False,"[0.01, 0.99]",0.0,0.0,stationary_gaussian_fgn_known_zero_mean,18.979084242313093,True,1.0695497411780053
ARFIMA_0.25_n1024_r54,ARFIMA_0.25_n1024,unknown,0.75,,0.6936185620483466,False,"[0.01, 0.99]",0.0,0.005886774876327711,stationary_gaussian_fgn_unknown_constant_mean_ml,51.11780731787303,True,1.090435153773939
ARFIMA_0.25_n1024_r54,ARFIMA_0.25_n1024,zero,0.75,,0.6936169246685631,False,"[0.01, 0.99]",0.0,0.0,stationary_gaussian_fgn_known_zero_mean,51.11987178448908,True,1.0904349373489441
ARFIMA_0.25_n1024_r55,ARFIMA_0.25_n1024,unknown,0.75,,0.6824597473334728,False,"[0.01, 0.99]",0.0,-0.11082934570906909,stationary_gaussian_fgn_unknown_constant_mean_ml,-14.882628852866674,True,1.047581300966313
ARFIMA_0.25_n1024_r55,ARFIMA_0.25_n1024,zero,0.75,,0.6850816227135312,False,"[0.01, 0.99]",0.0,0.0,stationary_gaussian_fgn_known_zero_mean,-13.975048670150954,True,1.0499182879927826
ARFIMA_0.25_n1024_r56,ARFIMA_0.25_n1024,unknown,0.75,,0.7361342468038836,False,"[0.01, 0.99]",0.0,-0.10959705629545488,stationary_gaussian_fgn_unknown_constant_mean_ml,-20.498316955388873,True,1.0927780149827055
ARFIMA_0.25_n1024_r56,ARFIMA_0.25_n1024,zero,0.75,,0.7376877778089163,False,"[0.01, 0.99]",0.0,0.0,stationary_gaussian_fgn_known_zero_mean,-20.108572442535205,True,1.0947332907395935
ARFIMA_0.25_n1024_r57,ARFIMA_0.25_n1024,unknown,0.75,,0.650608514362431,False,"[0.01, 0.99]",0.0,-0.05599960163978978,stationary_gaussian_fgn_unknown_constant_mean_ml,70.53499781385835,True,1.0718213908304597
ARFIMA_0.25_n1024_r57,ARFIMA_0.25_n1024,zero,0.75,,0.6516362263553586,False,"[0.01, 0.99]",0.0,0.0,stationary_gaussian_fgn_known_zero_mean,70.88216787821057,True,1.0725715147584765
ARFIMA_0.25_n1024_r58,ARFIMA_0.25_n1024,unknown,0.75,,0.7168607315368113,False,"[0.01, 0.99]",0.0,0.06166981880032038,stationary_gaussian_fgn_unknown_constant_mean_ml,43.748705971834625,True,1.1071206419651738
ARFIMA_0.25_n1024_r58,ARFIMA_0.25_n1024,zero,0.75,,0.7171395969996264,False,"[0.01, 0.99]",0.0,0.0,stationary_gaussian_fgn_known_zero_mean,43.90803144964275,True,1.1074797481067256
ARFIMA_0.25_n1024_r59,ARFIMA_0.25_n1024,unknown,0.75,,0.7087879964839673,False,"[0.01, 0.99]",0.0,0.17406822280111106,stationary_gaussian_fgn_unknown_constant_mean_ml,-46.596489395197295,True,1.052045981275286
ARFIMA_0.25_n1024_r59,ARFIMA_0.25_n1024,zero,0.75,,0.71357990850408,False,"[0.01, 0.99]",0.0,0.0,stationary_gaussian_fgn_known_zero_mean,-45.086199667949586,True,1.057095717953465
ARFIMA_0.25_n1024_r6,ARFIMA_0.25_n1024,unknown,0.75,,0.7329188700907133,False,"[0.01, 0.99]",0.0,0.09922345052313578,stationary_gaussian_fgn_unknown_constant_mean_ml,-10.997755315838731,True,1.0942999277464125
ARFIMA_0.25_n1024_r6,ARFIMA_0.25_n1024,zero,0.75,,0.7337746398368683,False,"[0.01, 0.99]",0.0,0.0,stationary_gaussian_fgn_known_zero_mean,-10.660845315939241,True,1.0954178508697694
ARFIMA_0.25_n1024_r60,ARFIMA_0.25_n1024,unknown,0.75,,0.6684782087980895,False,"[0.01, 0.99]",0.0,-0.032888547379449434,stationary_gaussian_fgn_unknown_constant_mean_ml,-37.525799533318605,True,1.0268860885152564
ARFIMA_0.25_n1024_r60,ARFIMA_0.25_n1024,zero,0.75,,0.6686988481156944,False,"[0.01, 0.99]",0.0,0.0,stationary_gaussian_fgn_known_zero_mean,-37.42318097530142,True,1.0270736136840186
ARFIMA_0.25_n1024_r61,ARFIMA_0.25_n1024,unknown,0.75,,0.6882322474449195,False,"[0.01, 0.99]",0.0,-0.0478346439413775,stationary_gaussian_fgn_unknown_constant_mean_ml,-47.07639393826321,True,1.0353561356708387
ARFIMA_0.25_n1024_r61,ARFIMA_0.25_n1024,zero,0.75,,0.6885349461083035,False,"[0.01, 0.99]",0.0,0.0,stationary_gaussian_fgn_known_zero_mean,-46.91380059536641,True,1.0356598594981146
ARFIMA_0.25_n1024_r62,ARFIMA_0.25_n1024,unknown,0.75,,0.6998284393580643,False,"[0.01, 0.99]",0.0,0.009616999734434632,stationary_gaussian_fgn_unknown_constant_mean_ml,17.181928517281904,True,1.0775572147849428
ARFIMA_0.25_n1024_r62,ARFIMA_0.25_n1024,zero,0.75,,0.6998056035514805,False,"[0.01, 0.99]",0.0,0.0,stationary_gaussian_fgn_known_zero_mean,17.187106529192988,True,1.0775408981898018
ARFIMA_0.25_n1024_r63,ARFIMA_0.25_n1024,unknown,0.75,,0.6887023382605402,False,"[0.01, 0.99]",0.0,0.4873978454755119,stationary_gaussian_fgn_unknown_constant_mean_ml,-36.11467680649412,True,1.0412587297270142
ARFIMA_0.25_n1024_r63,ARFIMA_0.25_n1024,zero,0.75,,0.7211678183120244,False,"[0.01, 0.99]",0.0,0.0,stationary_gaussian_fgn_known_zero_mean,-23.736575918127983,True,1.0753836563586154
ARFIMA_0.25_n1024_r7,ARFIMA_0.25_n1024,unknown,0.75,,0.7009461980403728,False,"[0.01, 0.99]",0.0,-0.10318818703849629,stationary_gaussian_fgn_unknown_constant_mean_ml,-117.16262948885651,True,1.0100173707850464
ARFIMA_0.25_n1024_r7,ARFIMA_0.25_n1024,zero,0.75,,0.7023573152647034,False,"[0.01, 0.99]",0.0,0.0,stationary_gaussian_fgn_known_zero_mean,-116.49995622302413,True,1.0114640741284349
ARFIMA_0.25_n1024_r8,ARFIMA_0.25_n1024,unknown,0.75,,0.6733841229971456,False,"[0.01, 0.99]",0.0,-0.3100775501710572,stationary_gaussian_fgn_unknown_constant_mean_ml,-49.16229390975241,True,1.0241407158790208
ARFIMA_0.25_n1024_r8,ARFIMA_0.25_n1024,zero,0.75,,0.6925381056056054,False,"[0.01, 0.99]",0.0,0.0,stationary_gaussian_fgn_known_zero_mean,-41.77546643750293,True,1.0412543126677614
ARFIMA_0.25_n1024_r9,ARFIMA_0.25_n1024,unknown,0.75,,0.6653186163589339,False,"[0.01, 0.99]",0.0,0.22692018726813373,stationary_gaussian_fgn_unknown_constant_mean_ml,0.2604550115652273,True,1.044053746486226
ARFIMA_0.25_n1024_r9,ARFIMA_0.25_n1024,zero,0.75,,0.6770853829588405,False,"[0.01, 0.99]",0.0,0.0,stationary_gaussian_fgn_known_zero_mean,4.789603838401945,True,1.0539525554267295
ARFIMA_0.25_n256_r0,ARFIMA_0.25_n256,unknown,0.75,,0.6890457504849136,False,"[0.01, 0.99]",0.0,-0.005471778216306681,stationary_gaussian_fgn_unknown_constant_mean_ml,23.420126788132393,True,1.109173719362386
ARFIMA_0.25_n256_r0,ARFIMA_0.25_n256,zero,0.75,,0.6890353727920925,False,"[0.01, 0.99]",0.0,0.0,stationary_gaussian_fgn_known_zero_mean,23.420901906999802,True,1.1091672771857681
ARFIMA_0.25_n256_r1,ARFIMA_0.25_n256,unknown,0.75,,0.6885585554925381,False,"[0.01, 0.99]",0.0,-0.3157244365095556,stationary_gaussian_fgn_unknown_constant_mean_ml,-22.81336634018453,True,1.0130569728938683
ARFIMA_0.25_n256_r1,ARFIMA_0.25_n256,zero,0.75,,0.7099250739459249,False,"[0.01, 0.99]",0.0,0.0,stationary_gaussian_fgn_known_zero_mean,-20.134178516633142,True,1.0351724154373196
ARFIMA_0.25_n256_r10,ARFIMA_0.25_n256,unknown,0.75,,0.7021735853812457,False,"[0.01, 0.99]",0.0,-0.2268060569543723,stationary_gaussian_fgn_unknown_constant_mean_ml,-16.821261911886552,True,1.0353945978933758
ARFIMA_0.25_n256_r10,ARFIMA_0.25_n256,zero,0.75,,0.7185260836923311,False,"[0.01, 0.99]",0.0,0.0,stationary_gaussian_fgn_known_zero_mean,-15.658545029573816,True,1.0520119474770608
ARFIMA_0.25_n256_r11,ARFIMA_0.25_n256,unknown,0.75,,0.6422077249178773,False,"[0.01, 0.99]",0.0,-0.09229699284472105,stationary_gaussian_fgn_unknown_constant_mean_ml,-1.901501743831659,True,1.027175327169408
ARFIMA_0.25_n256_r11,ARFIMA_0.25_n256,zero,0.75,,0.6473722231293694,False,"[0.01, 0.99]",0.0,0.0,stationary_gaussian_fgn_known_zero_mean,-1.4866316963303916,True,1.0305775455815709
ARFIMA_0.25_n256_r12,ARFIMA_0.25_n256,unknown,0.75,,0.7151045118034888,False,"[0.01, 0.99]",0.0,-0.23623402566054186,stationary_gaussian_fgn_unknown_constant_mean_ml,10.228165576677725,True,1.1032539150606626
ARFIMA_0.25_n256_r12,ARFIMA_0.25_n256,zero,0.75,,0.722903721710562,False,"[0.01, 0.99]",0.0,0.0,stationary_gaussian_fgn_known_zero_mean,11.27348906548184,True,1.113225256250408
ARFIMA_0.25_n256_r13,ARFIMA_0.25_n256,unknown,0.75,,0.6866904043269138,False,"[0.01, 0.99]",0.0,0.35257165279423197,stationary_gaussian_fgn_unknown_constant_mean_ml,-19.055417757686314,True,1.0191908636482203
ARFIMA_0.25_n256_r13,ARFIMA_0.25_n256,zero,0.75,,0.7169900115218006,False,"[0.01, 0.99]",0.0,0.0,stationary_gaussian_fgn_known_zero_mean,-15.949079969882746,True,1.0499895609707013
ARFIMA_0.25_n256_r14,ARFIMA_0.25_n256,unknown,0.75,,0.6710790075206787,False,"[0.01, 0.99]",0.0,-0.32453501318165884,stationary_gaussian_fgn_unknown_constant_mean_ml,16.100785807359898,True,1.0806104408912567
ARFIMA_0.25_n256_r14,ARFIMA_0.25_n256,zero,0.75,,0.6996337020663507,False,"[0.01, 0.99]",0.0,0.0,stationary_gaussian_fgn_known_zero_mean,18.995611016128123,True,1.1082349075891902
ARFIMA_0.25_n256_r15,ARFIMA_0.25_n256,unknown,0.75,,0.6262503691385616,False,"[0.01, 0.99]",0.0,0.018966316405872274,stationary_gaussian_fgn_unknown_constant_mean_ml,3.97652329352627,True,1.0318043701283737
ARFIMA_0.25_n256_r15,ARFIMA_0.25_n256,zero,0.75,,0.6264166325932414,False,"[0.01, 0.99]",0.0,0.0,stationary_gaussian_fgn_known_zero_mean,3.9979889266940063,True,1.0319170483855273
ARFIMA_0.25_n256_r16,ARFIMA_0.25_n256,unknown,0.75,,0.7436461886177039,False,"[0.01, 0.99]",0.0,0.04599913064800357,stationary_gaussian_fgn_unknown_constant_mean_ml,-21.92585532907526,True,1.0650866178351053
ARFIMA_0.25_n256_r16,ARFIMA_0.25_n256,zero,0.75,,0.7443823914680351,False,"[0.01, 0.99]",0.0,0.0,stationary_gaussian_fgn_known_zero_mean,-21.89360331272701,True,1.0659993082550538
ARFIMA_0.25_n256_r17,ARFIMA_0.25_n256,unknown,0.75,,0.6405616196091024,False,"[0.01, 0.99]",0.0,0.05034492256892417,stationary_gaussian_fgn_unknown_constant_mean_ml,-26.801876989949164,True,0.9776614976593149
ARFIMA_0.25_n256_r17,ARFIMA_0.25_n256,zero,0.75,,0.6431197953106536,False,"[0.01, 0.99]",0.0,0.0,stationary_gaussian_fgn_known_zero_mean,-26.661631947552678,True,0.9791066158758435
ARFIMA_0.25_n256_r18,ARFIMA_0.25_n256,unknown,0.75,,0.6928549329145766,False,"[0.01, 0.99]",0.0,-0.44990769980084794,stationary_gaussian_fgn_unknown_constant_mean_ml,-26.953412394068096,True,1.0079903642657926
ARFIMA_0.25_n256_r18,ARFIMA_0.25_n256,zero,0.75,,0.7353356896979066,False,"[0.01, 0.99]",0.0,0.0,stationary_gaussian_fgn_known_zero_mean,-22.432892585035916,True,1.0548587651011239
ARFIMA_0.25_n256_r19,ARFIMA_0.25_n256,unknown,0.75,,0.7699519390033298,False,"[0.01, 0.99]",0.0,0.11243184975585038,stationary_gaussian_fgn_unknown_constant_mean_ml,-40.11430391846682,True,1.0605697867902955
ARFIMA_0.25_n256_r19,ARFIMA_0.25_n256,zero,0.75,,0.7715431085103951,False,"[0.01, 0.99]",0.0,0.0,stationary_gaussian_fgn_known_zero_mean,-39.969047130165336,True,1.0630992908679666
ARFIMA_0.25_n256_r2,ARFIMA_0.25_n256,unknown,0.75,,0.7339429498909844,False,"[0.01, 0.99]",0.0,0.27441328777290014,stationary_gaussian_fgn_unknown_constant_mean_ml,-1.0116851394913056,True,1.0983910924505613
ARFIMA_0.25_n256_r2,ARFIMA_0.25_n256,zero,0.75,,0.7467162873986203,False,"[0.01, 0.99]",0.0,0.0,stationary_gaussian_fgn_known_zero_mean,0.08492250493588926,True,1.1155912111534625
ARFIMA_0.25_n256_r20,ARFIMA_0.25_n256,unknown,0.75,,0.7801178046613718,False,"[0.01, 0.99]",0.0,0.3688125713879987,stationary_gaussian_fgn_unknown_constant_mean_ml,-31.536981264867165,True,1.0935330649391517
ARFIMA_0.25_n256_r20,ARFIMA_0.25_n256,zero,0.75,,0.7942095787393217,False,"[0.01, 0.99]",0.0,0.0,stationary_gaussian_fgn_known_zero_mean,-30.347906431590445,True,1.119427541650254
ARFIMA_0.25_n256_r21,ARFIMA_0.25_n256,unknown,0.75,,0.781074081674312,False,"[0.01, 0.99]",0.0,0.227666027356484,stationary_gaussian_fgn_unknown_constant_mean_ml,2.819112115511871,True,1.171019773984203
ARFIMA_0.25_n256_r21,ARFIMA_0.25_n256,zero,0.75,,0.7868848718456162,False,"[0.01, 0.99]",0.0,0.0,stationary_gaussian_fgn_known_zero_mean,3.235360650180837,True,1.181950882130128
ARFIMA_0.25_n256_r22,ARFIMA_0.25_n256,unknown,0.75,,0.7175196036862791,False,"[0.01, 0.99]",0.0,0.22096151258219618,stationary_gaussian_fgn_unknown_constant_mean_ml,-52.79941467692902,True,0.9775292082566068
ARFIMA_0.25_n256_r22,ARFIMA_0.25_n256,zero,0.75,,0.7297690094648751,False,"[0.01, 0.99]",0.0,0.0,stationary_gaussian_fgn_known_zero_mean,-51.71402389324396,True,0.9907568036703871
ARFIMA_0.25_n256_r23,ARFIMA_0.25_n256,unknown,0.75,,0.6513593609022589,False,"[0.01, 0.99]",0.0,-0.29944815501831273,stationary_gaussian_fgn_unknown_constant_mean_ml,34.96052659882571,True,1.108840438982771
ARFIMA_0.25_n256_r23,ARFIMA_0.25_n256,zero,0.75,,0.6819207143295344,False,"[0.01, 0.99]",0.0,0.0,stationary_gaussian_fgn_known_zero_mean,37.85355344075367,True,1.1353263275387722
ARFIMA_0.25_n256_r24,ARFIMA_0.25_n256,unknown,0.75,,0.5912437014384535,False,"[0.01, 0.99]",0.0,-0.10489787754234697,stationary_gaussian_fgn_unknown_constant_mean_ml,-53.2038397260651,True,0.9119684590612531
ARFIMA_0.25_n256_r24,ARFIMA_0.25_n256,zero,0.75,,0.6013931958374198,False,"[0.01, 0.99]",0.0,0.0,stationary_gaussian_fgn_known_zero_mean,-52.03563813077557,True,0.9167463196803844
ARFIMA_0.25_n256_r25,ARFIMA_0.25_n256,unknown,0.75,,0.6553281815365811,False,"[0.01, 0.99]",0.0,0.24716149347411936,stationary_gaussian_fgn_unknown_constant_mean_ml,9.330044712493986,True,1.0568876698329737
ARFIMA_0.25_n256_r25,ARFIMA_0.25_n256,zero,0.75,,0.6765080668228833,False,"[0.01, 0.99]",0.0,0.0,stationary_gaussian_fgn_known_zero_mean,11.543071575855151,True,1.0746619647095048
ARFIMA_0.25_n256_r26,ARFIMA_0.25_n256,unknown,0.75,,0.7104087232708022,False,"[0.01, 0.99]",0.0,0.3126444209451747,stationary_gaussian_fgn_unknown_constant_mean_ml,-7.29701153416147,True,1.0618827841679601
ARFIMA_0.25_n256_r26,ARFIMA_0.25_n256,zero,0.75,,0.7303641615704662,False,"[0.01, 0.99]",0.0,0.0,stationary_gaussian_fgn_known_zero_mean,-5.388870447325985,True,1.0852061879970163
ARFIMA_0.25_n256_r27,ARFIMA_0.25_n256,unknown,0.75,,0.7234857562585504,False,"[0.01, 0.99]",0.0,-0.26721236747421884,stationary_gaussian_fgn_unknown_constant_mean_ml,34.73142283323875,True,1.166040272516061
ARFIMA_0.25_n256_r27,ARFIMA_0.25_n256,zero,0.75,,0.7312158413336619,False,"[0.01, 0.99]",0.0,0.0,stationary_gaussian_fgn_known_zero_mean,35.830298935982,True,1.1771626014778223
ARFIMA_0.25_n256_r28,ARFIMA_0.25_n256,unknown,0.75,,0.6838775373059047,False,"[0.01, 0.99]",0.0,-0.2885394340951774,stationary_gaussian_fgn_unknown_constant_mean_ml,-20.751791811466774,True,1.0138655970170696
ARFIMA_0.25_n256_r28,ARFIMA_0.25_n256,zero,0.75,,0.7039579584722653,False,"[0.01, 0.99]",0.0,0.0,stationary_gaussian_fgn_known_zero_mean,-18.379883643039648,True,1.033700664565758
ARFIMA_0.25_n256_r29,ARFIMA_0.25_n256,unknown,0.75,,0.6988409307485838,False,"[0.01, 0.99]",0.0,-0.34215727238822474,stationary_gaussian_fgn_unknown_constant_mean_ml,-0.8101632126561071,True,1.065536986091675
ARFIMA_0.25_n256_r29,ARFIMA_0.25_n256,zero,0.75,,0.7207381382667297,False,"[0.01, 0.99]",0.0,0.0,stationary_gaussian_fgn_known_zero_mean,1.7213510450982312,True,1.0904949882628772
ARFIMA_0.25_n256_r3,ARFIMA_0.25_n256,unknown,0.75,,0.6365236426333325,False,"[0.01, 0.99]",0.0,0.05137949578687184,stationary_gaussian_fgn_unknown_constant_mean_ml,-4.842408792031108,True,1.0186281222820444
ARFIMA_0.25_n256_r3,ARFIMA_0.25_n256,zero,0.75,,0.6375631771093198,False,"[0.01, 0.99]",0.0,0.0,stationary_gaussian_fgn_known_zero_mean,-4.698643719005474,True,1.019390362717695
ARFIMA_0.25_n256_r30,ARFIMA_0.25_n256,unknown,0.75,,0.6519840922371918,False,"[0.01, 0.99]",0.0,-0.003303846013571844,stationary_gaussian_fgn_unknown_constant_mean_ml,-9.305652015725173,True,1.0173273259021731
ARFIMA_0.25_n256_r30,ARFIMA_0.25_n256,zero,0.75,,0.652002518996838,False,"[0.01, 0.99]",0.0,0.0,stationary_gaussian_fgn_known_zero_mean,-9.305147123438928,True,1.0173380035260873
ARFIMA_0.25_n256_r31,ARFIMA_0.25_n256,unknown,0.75,,0.7527381186598482,False,"[0.01, 0.99]",0.0,-0.19192889787881212,stationary_gaussian_fgn_unknown_constant_mean_ml,5.215484902903995,True,1.1344887240832424
ARFIMA_0.25_n256_r31,ARFIMA_0.25_n256,zero,0.75,,0.7576408207927952,False,"[0.01, 0.99]",0.0,0.0,stationary_gaussian_fgn_known_zero_mean,5.65254304762027,True,1.1420042026800306
ARFIMA_0.25_n256_r32,ARFIMA_0.25_n256,unknown,0.75,,0.646407309678416,False,"[0.01, 0.99]",0.0,-0.17985103206649325,stationary_gaussian_fgn_unknown_constant_mean_ml,-3.715709956521323,True,1.0256127249692981
ARFIMA_0.25_n256_r32,ARFIMA_0.25_n256,zero,0.75,,0.6562809779976407,False,"[0.01, 0.99]",0.0,0.0,stationary_gaussian_fgn_known_zero_mean,-2.2351233564191375,True,1.033807805454215
ARFIMA_0.25_n256_r33,ARFIMA_0.25_n256,unknown,0.75,,0.7155879794499562,False,"[0.01, 0.99]",0.0,0.35872973329789165,stationary_gaussian_fgn_unknown_constant_mean_ml,52.11204469486688,True,1.1978012441197463
ARFIMA_0.25_n256_r33,ARFIMA_0.25_n256,zero,0.75,,0.7319386271261202,False,"[0.01, 0.99]",0.0,0.0,stationary_gaussian_fgn_known_zero_mean,54.015006721001555,True,1.220588641563877
ARFIMA_0.25_n256_r34,ARFIMA_0.25_n256,unknown,0.75,,0.6937875167742412,False,"[0.01, 0.99]",0.0,0.03003624758533491,stationary_gaussian_fgn_unknown_constant_mean_ml,19.5635029530373,True,1.1046105674447997
ARFIMA_0.25_n256_r34,ARFIMA_0.25_n256,zero,0.75,,0.6938547168702988,False,"[0.01, 0.99]",0.0,0.0,stationary_gaussian_fgn_known_zero_mean,19.585853469613085,True,1.1047132036167508
ARFIMA_0.25_n256_r35,ARFIMA_0.25_n256,unknown,0.75,,0.7081216851560075,False,"[0.01, 0.99]",0.0,0.5217141528424599,stationary_gaussian_fgn_unknown_constant_mean_ml,-12.375219987696369,True,1.049415082161054
ARFIMA_0.25_n256_r35,ARFIMA_0.25_n256,zero,0.75,,0.7497413050959428,False,"[0.01, 0.99]",0.0,0.0,stationary_gaussian_fgn_known_zero_mean,-7.555372463948743,True,1.1027730692994604
ARFIMA_0.25_n256_r36,ARFIMA_0.25_n256,unknown,0.75,,0.6837196206827871,False,"[0.01, 0.99]",0.0,-0.3122185659707251,stationary_gaussian_fgn_unknown_constant_mean_ml,-0.19915939741690636,True,1.0552792333815852
ARFIMA_0.25_n256_r36,ARFIMA_0.25_n256,zero,0.75,,0.70581997249019,False,"[0.01, 0.99]",0.0,0.0,stationary_gaussian_fgn_known_zero_mean,2.373348915395013,True,1.0780652181349193
ARFIMA_0.25_n256_r37,ARFIMA_0.25_n256,unknown,0.75,,0.6474417428466056,False,"[0.01, 0.99]",0.0,0.48725893816339194,stationary_gaussian_fgn_unknown_constant_mean_ml,-12.207049076892417,True,1.0092580668238869
ARFIMA_0.25_n256_r37,ARFIMA_0.25_n256,zero,0.75,,0.6998305011293803,False,"[0.01, 0.99]",0.0,0.0,stationary_gaussian_fgn_known_zero_mean,-4.126497344364225,True,1.059460020499586
ARFIMA_0.25_n256_r38,ARFIMA_0.25_n256,unknown,0.75,,0.7135879515708967,False,"[0.01, 0.99]",0.0,-0.2242343158821888,stationary_gaussian_fgn_unknown_constant_mean_ml,8.838631619783882,True,1.0988289864335852
ARFIMA_0.25_n256_r38,ARFIMA_0.25_n256,zero,0.75,,0.7224892710471563,False,"[0.01, 0.99]",0.0,0.0,stationary_gaussian_fgn_known_zero_mean,9.794057065805305,True,1.1095913141927611
ARFIMA_0.25_n256_r39,ARFIMA_0.25_n256,unknown,0.75,,0.7397033493743879,False,"[0.01, 0.99]",0.0,-0.04381490232567607,stationary_gaussian_fgn_unknown_constant_mean_ml,22.075616866690325,True,1.1558322354374875
ARFIMA_0.25_n256_r39,ARFIMA_0.25_n256,zero,0.75,,0.740378948081198,False,"[0.01, 0.99]",0.0,0.0,stationary_gaussian_fgn_known_zero_mean,22.101504730584452,True,1.1567078843673901
ARFIMA_0.25_n256_r4,ARFIMA_0.25_n256,unknown,0.75,,0.6795685295493019,False,"[0.01, 0.99]",0.0,0.004955756633789811,stationary_gaussian_fgn_unknown_constant_mean_ml,23.320330173616867,True,1.1018418749256533
ARFIMA_0.25_n256_r4,ARFIMA_0.25_n256,zero,0.75,,0.6795939736748176,False,"[0.01, 0.99]",0.0,0.0,stationary_gaussian_fgn_known_zero_mean,23.32104492448184,True,1.1018617322138315
ARFIMA_0.25_n256_r40,ARFIMA_0.25_n256,unknown,0.75,,0.693004772714998,False,"[0.01, 0.99]",0.0,0.027808346902381535,stationary_gaussian_fgn_unknown_constant_mean_ml,12.580516380531378,True,1.0890245348672383
ARFIMA_0.25_n256_r40,ARFIMA_0.25_n256,zero,0.75,,0.6933188483560389,False,"[0.01, 0.99]",0.0,0.0,stationary_gaussian_fgn_known_zero_mean,12.600341188061748,True,1.0893161467540038
ARFIMA_0.25_n256_r41,ARFIMA_0.25_n256,unknown,0.75,,0.7625715748501646,False,"[0.01, 0.99]",0.0,-0.12716131280436602,stationary_gaussian_fgn_unknown_constant_mean_ml,2.4479226606306383,True,1.1417088112657723
ARFIMA_0.25_n256_r41,ARFIMA_0.25_n256,zero,0.75,,0.7641568159838754,False,"[0.01, 0.99]",0.0,0.0,stationary_gaussian_fgn_known_zero_mean,2.6220714940741345,True,1.1443574167709492
ARFIMA_0.25_n256_r42,ARFIMA_0.25_n256,unknown,0.75,,0.6811654828287819,False,"[0.01, 0.99]",0.0,-0.1602401966272718,stationary_gaussian_fgn_unknown_constant_mean_ml,32.00107783981878,True,1.1218600093665558
ARFIMA_0.25_n256_r42,ARFIMA_0.25_n256,zero,0.75,,0.6889813473654273,False,"[0.01, 0.99]",0.0,0.0,stationary_gaussian_fgn_known_zero_mean,32.67123666458383,True,1.129345752767863
ARFIMA_0.25_n256_r43,ARFIMA_0.25_n256,unknown,0.75,,0.7192343876059878,False,"[0.01, 0.99]",0.0,0.08526917576016184,stationary_gaussian_fgn_unknown_constant_mean_ml,-30.352965655892604,True,1.022893592440778
ARFIMA_0.25_n256_r43,ARFIMA_0.25_n256,zero,0.75,,0.7196938386330464,False,"[0.01, 0.99]",0.0,0.0,stationary_gaussian_fgn_known_zero_mean,-30.194424132623794,True,1.0236311739264574
ARFIMA_0.25_n256_r44,ARFIMA_0.25_n256,unknown,0.75,,0.6806095780912382,False,"[0.01, 0.99]",0.0,0.03334878290805191,stationary_gaussian_fgn_unknown_constant_mean_ml,0.9604761296463948,True,1.055479014213166
ARFIMA_0.25_n256_r44,ARFIMA_0.25_n256,zero,0.75,,0.680791482434739,False,"[0.01, 0.99]",0.0,0.0,stationary_gaussian_fgn_known_zero_mean,0.9953495101511862,True,1.0556775344468081
ARFIMA_0.25_n256_r45,ARFIMA_0.25_n256,unknown,0.75,,0.7369961451878244,False,"[0.01, 0.99]",0.0,0.1348019275375411,stationary_gaussian_fgn_unknown_constant_mean_ml,24.448980268362902,True,1.15796016360063
ARFIMA_0.25_n256_r45,ARFIMA_0.25_n256,zero,0.75,,0.7395982472112029,False,"[0.01, 0.99]",0.0,0.0,stationary_gaussian_fgn_known_zero_mean,24.698773691906013,True,1.161641817124865
ARFIMA_0.25_n256_r46,ARFIMA_0.25_n256,unknown,0.75,,0.6680337857267605,False,"[0.01, 0.99]",0.0,-0.09419930025558786,stationary_gaussian_fgn_unknown_constant_mean_ml,50.71284293010035,True,1.1540726980293463
ARFIMA_0.25_n256_r46,ARFIMA_0.25_n256,zero,0.75,,0.6719287185743057,False,"[0.01, 0.99]",0.0,0.0,stationary_gaussian_fgn_known_zero_mean,50.970389660042315,True,1.1573698143745657
ARFIMA_0.25_n256_r47,ARFIMA_0.25_n256,unknown,0.75,,0.6697023468685211,False,"[0.01, 0.99]",0.0,-0.025724756931034785,stationary_gaussian_fgn_unknown_constant_mean_ml,-24.333372662287616,True,0.9977223375219929
ARFIMA_0.25_n256_r47,ARFIMA_0.25_n256,zero,0.75,,0.6697508186703897,False,"[0.01, 0.99]",0.0,0.0,stationary_gaussian_fgn_known_zero_mean,-24.307174744097324,True,0.9978025054166643
ARFIMA_0.25_n256_r48,ARFIMA_0.25_n256,unknown,0.75,,0.7256719394054517,False,"[0.01, 0.99]",0.0,0.508845682802653,stationary_gaussian_fgn_unknown_constant_mean_ml,-24.867871688978425,True,1.0400232259025108
ARFIMA_0.25_n256_r48,ARFIMA_0.25_n256,zero,0.75,,0.7649813529580581,False,"[0.01, 0.99]",0.0,0.0,stationary_gaussian_fgn_known_zero_mean,-21.062343538044615,True,1.0937611724750695
ARFIMA_0.25_n256_r49,ARFIMA_0.25_n256,unknown,0.75,,0.6660818691127888,False,"[0.01, 0.99]",0.0,-0.006687811181266223,stationary_gaussian_fgn_unknown_constant_mean_ml,0.812849204253439,True,1.0457009666133241
ARFIMA_0.25_n256_r49,ARFIMA_0.25_n256,zero,0.75,,0.6661785530852918,False,"[0.01, 0.99]",0.0,0.0,stationary_gaussian_fgn_known_zero_mean,0.8145217319625999,True,1.0457634194083776
ARFIMA_0.25_n256_r5,ARFIMA_0.25_n256,unknown,0.75,,0.6787212481925213,False,"[0.01, 0.99]",0.0,-0.20912844004491432,stationary_gaussian_fgn_unknown_constant_mean_ml,-42.08607839781814,True,0.969169913820068
ARFIMA_0.25_n256_r5,ARFIMA_0.25_n256,zero,0.75,,0.692789016717988,False,"[0.01, 0.99]",0.0,0.0,stationary_gaussian_fgn_known_zero_mean,-40.58943771466886,True,0.9814519850462587
ARFIMA_0.25_n256_r50,ARFIMA_0.25_n256,unknown,0.75,,0.7061751632121943,False,"[0.01, 0.99]",0.0,-0.24159563316641344,stationary_gaussian_fgn_unknown_constant_mean_ml,-6.1321702663892665,True,1.0606077980851782
ARFIMA_0.25_n256_r50,ARFIMA_0.25_n256,zero,0.75,,0.720766456370532,False,"[0.01, 0.99]",0.0,0.0,stationary_gaussian_fgn_known_zero_mean,-4.896226997711892,True,1.0765186327554086
ARFIMA_0.25_n256_r51,ARFIMA_0.25_n256,unknown,0.75,,0.6648533967001659,False,"[0.01, 0.99]",0.0,0.08670085179334724,stationary_gaussian_fgn_unknown_constant_mean_ml,6.0753552100524075,True,1.0557511439554266
ARFIMA_0.25_n256_r51,ARFIMA_0.25_n256,zero,0.75,,0.6686520168026624,False,"[0.01, 0.99]",0.0,0.0,stationary_gaussian_fgn_known_zero_mean,6.347307171565035,True,1.0586701781556764
ARFIMA_0.25_n256_r52,ARFIMA_0.25_n256,unknown,0.75,,0.6858625976884244,False,"[0.01, 0.99]",0.0,-0.25866145634395393,stationary_gaussian_fgn_unknown_constant_mean_ml,27.5189880803415,True,1.1156123763552048
ARFIMA_0.25_n256_r52,ARFIMA_0.25_n256,zero,0.75,,0.6995927055367303,False,"[0.01, 0.99]",0.0,0.0,stationary_gaussian_fgn_known_zero_mean,29.127876345027857,True,1.1303492980619525
ARFIMA_0.25_n256_r53,ARFIMA_0.25_n256,unknown,0.75,,0.6651757221683429,False,"[0.01, 0.99]",0.0,0.2998797240895965,stationary_gaussian_fgn_unknown_constant_mean_ml,-41.26437707301443,True,0.9626922505626201
ARFIMA_0.25_n256_r53,ARFIMA_0.25_n256,zero,0.75,,0.6935644778144071,False,"[0.01, 0.99]",0.0,0.0,stationary_gaussian_fgn_known_zero_mean,-37.879435993442144,True,0.9872186869796054
ARFIMA_0.25_n256_r54,ARFIMA_0.25_n256,unknown,0.75,,0.6735632510662086,False,"[0.01, 0.99]",0.0,0.2470531391524952,stationary_gaussian_fgn_unknown_constant_mean_ml,20.83483114203625,True,1.0923166125881008
ARFIMA_0.25_n256_r54,ARFIMA_0.25_n256,zero,0.75,,0.6912768436819566,False,"[0.01, 0.99]",0.0,0.0,stationary_gaussian_fgn_known_zero_mean,22.539087811345553,True,1.1090268717781562
ARFIMA_0.25_n256_r55,ARFIMA_0.25_n256,unknown,0.75,,0.7342186722768469,False,"[0.01, 0.99]",0.0,0.36003615743077666,stationary_gaussian_fgn_unknown_constant_mean_ml,13.782158757699676,True,1.1309030011669017
ARFIMA_0.25_n256_r55,ARFIMA_0.25_n256,zero,0.75,,0.749319375800691,False,"[0.01, 0.99]",0.0,0.0,stationary_gaussian_fgn_known_zero_mean,15.566896088817202,True,1.1531698776525177
ARFIMA_0.25_n256_r56,ARFIMA_0.25_n256,unknown,0.75,,0.680428531208394,False,"[0.01, 0.99]",0.0,-0.07117603975228962,stationary_gaussian_fgn_unknown_constant_mean_ml,-34.77463546458489,True,0.9842064007807837
ARFIMA_0.25_n256_r56,ARFIMA_0.25_n256,zero,0.75,,0.6815799202617836,False,"[0.01, 0.99]",0.0,0.0,stationary_gaussian_fgn_known_zero_mean,-34.592319212875736,True,0.9853066234012599
ARFIMA_0.25_n256_r57,ARFIMA_0.25_n256,unknown,0.75,,0.6987043787637001,False,"[0.01, 0.99]",0.0,-0.13943548737878045,stationary_gaussian_fgn_unknown_constant_mean_ml,13.81844052133215,True,1.0963059306844538
ARFIMA_0.25_n256_r57,ARFIMA_0.25_n256,zero,0.75,,0.7041098927505556,False,"[0.01, 0.99]",0.0,0.0,stationary_gaussian_fgn_known_zero_mean,14.261493517546569,True,1.1018808972464407
ARFIMA_0.25_n256_r58,ARFIMA_0.25_n256,unknown,0.75,,0.6696285405957638,False,"[0.01, 0.99]",0.0,0.13243738635055777,stationary_gaussian_fgn_unknown_constant_mean_ml,-7.2276467853001805,True,1.0315731347009904
ARFIMA_0.25_n256_r58,ARFIMA_0.25_n256,zero,0.75,,0.6760405692304712,False,"[0.01, 0.99]",0.0,0.0,stationary_gaussian_fgn_known_zero_mean,-6.610575829521963,True,1.036917697015701
ARFIMA_0.25_n256_r59,ARFIMA_0.25_n256,unknown,0.75,,0.663250163269074,False,"[0.01, 0.99]",0.0,-0.6981977953733933,stationary_gaussian_fgn_unknown_constant_mean_ml,-52.10658067402119,True,0.9414785208854872
ARFIMA_0.25_n256_r59,ARFIMA_0.25_n256,zero,0.75,,0.7587747820098546,False,"[0.01, 0.99]",0.0,0.0,stationary_gaussian_fgn_known_zero_mean,-41.18174749208731,True,1.0435953431032639
ARFIMA_0.25_n256_r6,ARFIMA_0.25_n256,unknown,0.75,,0.6718886887106759,False,"[0.01, 0.99]",0.0,-0.567805754376701,stationary_gaussian_fgn_unknown_constant_mean_ml,-22.15014438329092,True,1.0033174327076484
ARFIMA_0.25_n256_r6,ARFIMA_0.25_n256,zero,0.75,,0.7371085682817646,False,"[0.01, 0.99]",0.0,0.0,stationary_gaussian_fgn_known_zero_mean,-14.618813046331411,True,1.0730131040385384
ARFIMA_0.25_n256_r60,ARFIMA_0.25_n256,unknown,0.75,,0.659143394680689,False,"[0.01, 0.99]",0.0,-0.4982377155301,stationary_gaussian_fgn_unknown_constant_mean_ml,19.130360304082956,True,1.0795371864807481
ARFIMA_0.25_n256_r60,ARFIMA_0.25_n256,zero,0.75,,0.7119673318497397,False,"[0.01, 0.99]",0.0,0.0,stationary_gaussian_fgn_known_zero_mean,25.735608587217257,True,1.1341338554673384
ARFIMA_0.25_n256_r61,ARFIMA_0.25_n256,unknown,0.75,,0.6857398175297723,False,"[0.01, 0.99]",0.0,-0.2898320941112031,stationary_gaussian_fgn_unknown_constant_mean_ml,-13.575056627044773,True,1.0294835492794447
ARFIMA_0.25_n256_r61,ARFIMA_0.25_n256,zero,0.75,,0.7053464777372517,False,"[0.01, 0.99]",0.0,0.0,stationary_gaussian_fgn_known_zero_mean,-11.25077004098091,True,1.0493570603218616
ARFIMA_0.25_n256_r62,ARFIMA_0.25_n256,unknown,0.75,,0.6473830525308373,False,"[0.01, 0.99]",0.0,-0.06679640896994507,stationary_gaussian_fgn_unknown_constant_mean_ml,30.318106566894244,True,1.0966316644445024
ARFIMA_0.25_n256_r62,ARFIMA_0.25_n256,zero,0.75,,0.6505760151799365,False,"[0.01, 0.99]",0.0,0.0,stationary_gaussian_fgn_known_zero_mean,30.499739443924454,True,1.0987814413675199
ARFIMA_0.25_n256_r63,ARFIMA_0.25_n256,unknown,0.75,,0.6029233678973734,False,"[0.01, 0.99]",0.0,0.24057789575329955,stationary_gaussian_fgn_unknown_constant_mean_ml,-28.494120089512535,True,0.9603390487737281
ARFIMA_0.25_n256_r63,ARFIMA_0.25_n256,zero,0.75,,0.639345120885279,False,"[0.01, 0.99]",0.0,0.0,stationary_gaussian_fgn_known_zero_mean,-24.41799792656832,True,0.9816721854603868
ARFIMA_0.25_n256_r7,ARFIMA_0.25_n256,unknown,0.75,,0.6292823184177697,False,"[0.01, 0.99]",0.0,0.25321603379861657,stationary_gaussian_fgn_unknown_constant_mean_ml,-17.86699140447422,True,0.9899415104043585
ARFIMA_0.25_n256_r7,ARFIMA_0.25_n256,zero,0.75,,0.6584851780602666,False,"[0.01, 0.99]",0.0,0.0,stationary_gaussian_fgn_known_zero_mean,-14.530734731231291,True,1.0104818241430993
ARFIMA_0.25_n256_r8,ARFIMA_0.25_n256,unknown,0.75,,0.7397194372688997,False,"[0.01, 0.99]",0.0,0.30432088602360285,stationary_gaussian_fgn_unknown_constant_mean_ml,22.32832149825731,True,1.1564222666135509
ARFIMA_0.25_n256_r8,ARFIMA_0.25_n256,zero,0.75,,0.7538963472665472,False,"[0.01, 0.99]",0.0,0.0,stationary_gaussian_fgn_known_zero_mean,23.4693133904633,True,1.1772405434942004
ARFIMA_0.25_n256_r9,ARFIMA_0.25_n256,unknown,0.75,,0.7104982718292563,False,"[0.01, 0.99]",0.0,-0.08755703377364257,stationary_gaussian_fgn_unknown_constant_mean_ml,-40.53660478488166,True,0.9952087515140486
ARFIMA_0.25_n256_r9,ARFIMA_0.25_n256,zero,0.75,,0.7122540116045323,False,"[0.01, 0.99]",0.0,0.0,stationary_gaussian_fgn_known_zero_mean,-40.34383856523709,True,0.9970546242059003
ARFIMA_0.25_n512_r0,ARFIMA_0.25_n512,unknown,0.75,,0.688708424168334,False,"[0.01, 0.99]",0.0,0.03228579075458833,stationary_gaussian_fgn_unknown_constant_mean_ml,31.493436233042758,True,1.0927216356779075
ARFIMA_0.25_n512_r0,ARFIMA_0.25_n512,zero,0.75,,0.6887880990139559,False,"[0.01, 0.99]",0.0,0.0,stationary_gaussian_fgn_known_zero_mean,31.536401390745823,True,1.0928290481589782
ARFIMA_0.25_n512_r1,ARFIMA_0.25_n512,unknown,0.75,,0.6899802737722649,False,"[0.01, 0.99]",0.0,-0.4178215556127675,stationary_gaussian_fgn_unknown_constant_mean_ml,-16.730002675829382,True,1.0433971555752517
ARFIMA_0.25_n512_r1,ARFIMA_0.25_n512,zero,0.75,,0.7186977799201522,False,"[0.01, 0.99]",0.0,0.0,stationary_gaussian_fgn_known_zero_mean,-10.35850730968582,True,1.074343683682533
ARFIMA_0.25_n512_r10,ARFIMA_0.25_n512,unknown,0.75,,0.6837832053860002,False,"[0.01, 0.99]",0.0,-0.00508505986736053,stationary_gaussian_fgn_unknown_constant_mean_ml,-5.847451514013528,True,1.0500025746994759
ARFIMA_0.25_n512_r10,ARFIMA_0.25_n512,zero,0.75,,0.6837835800140135,False,"[0.01, 0.99]",0.0,0.0,stationary_gaussian_fgn_known_zero_mean,-5.846224247880855,True,1.050004100337688
ARFIMA_0.25_n512_r11,ARFIMA_0.25_n512,unknown,0.75,,0.7445684915341733,False,"[0.01, 0.99]",0.0,-0.2408781058623261,stationary_gaussian_fgn_unknown_constant_mean_ml,26.353373735418245,True,1.1423674351259585
ARFIMA_0.25_n512_r11,ARFIMA_0.25_n512,zero,0.75,,0.750923888893706,False,"[0.01, 0.99]",0.0,0.0,stationary_gaussian_fgn_known_zero_mean,27.400599658531746,True,1.151655832209488
ARFIMA_0.25_n512_r12,ARFIMA_0.25_n512,unknown,0.75,,0.7005139517349133,False,"[0.01, 0.99]",0.0,-0.2422425982105273,stationary_gaussian_fgn_unknown_constant_mean_ml,-4.067144013994266,True,1.0647006104696037
ARFIMA_0.25_n512_r12,ARFIMA_0.25_n512,zero,0.75,,0.7116029360340936,False,"[0.01, 0.99]",0.0,0.0,stationary_gaussian_fgn_known_zero_mean,-2.04513279695243,True,1.0764393696644898
ARFIMA_0.25_n512_r13,ARFIMA_0.25_n512,unknown,0.75,,0.7176503112442488,False,"[0.01, 0.99]",0.0,-0.2447725318437385,stationary_gaussian_fgn_unknown_constant_mean_ml,46.062045299847796,True,1.1341415137880817
ARFIMA_0.25_n512_r13,ARFIMA_0.25_n512,zero,0.75,,0.7267351486934681,False,"[0.01, 0.99]",0.0,0.0,stationary_gaussian_fgn_known_zero_mean,47.5755354557557,True,1.1453292043376437
ARFIMA_0.25_n512_r14,ARFIMA_0.25_n512,unknown,0.75,,0.7525319056644608,False,"[0.01, 0.99]",0.0,-0.1338938477356995,stationary_gaussian_fgn_unknown_constant_mean_ml,-27.807092107343124,True,1.093224334782521
ARFIMA_0.25_n512_r14,ARFIMA_0.25_n512,zero,0.75,,0.75491665247127,False,"[0.01, 0.99]",0.0,0.0,stationary_gaussian_fgn_known_zero_mean,-27.478991410865092,True,1.0966155167939098
ARFIMA_0.25_n512_r15,ARFIMA_0.25_n512,unknown,0.75,,0.6943314482835309,False,"[0.01, 0.99]",0.0,-0.2564519618489198,stationary_gaussian_fgn_unknown_constant_mean_ml,31.84219528552103,True,1.0975466011553325
ARFIMA_0.25_n512_r15,ARFIMA_0.25_n512,zero,0.75,,0.7085816108221519,False,"[0.01, 0.99]",0.0,0.0,stationary_gaussian_fgn_known_zero_mean,34.104135215321776,True,1.1123044768941113
ARFIMA_0.25_n512_r16,ARFIMA_0.25_n512,unknown,0.75,,0.6705202501067699,False,"[0.01, 0.99]",0.0,-0.059022518278424224,stationary_gaussian_fgn_unknown_constant_mean_ml,-12.641620202668037,True,1.0341928691861033
ARFIMA_0.25_n512_r16,ARFIMA_0.25_n512,zero,0.75,,0.6713030748316793,False,"[0.01, 0.99]",0.0,0.0,stationary_gaussian_fgn_known_zero_mean,-12.441576123263303,True,1.0348896706711876
ARFIMA_0.25_n512_r17,ARFIMA_0.25_n512,unknown,0.75,,0.7191561892336374,False,"[0.01, 0.99]",0.0,0.09503802510286209,stationary_gaussian_fgn_unknown_constant_mean_ml,0.16816437391912586,True,1.0858902969043702
ARFIMA_0.25_n512_r17,ARFIMA_0.25_n512,zero,0.75,,0.7210579874958486,False,"[0.01, 0.99]",0.0,0.0,stationary_gaussian_fgn_known_zero_mean,0.42153967414537874,True,1.088026250092525
ARFIMA_0.25_n512_r18,ARFIMA_0.25_n512,unknown,0.75,,0.6616946096488446,False,"[0.01, 0.99]",0.0,-0.12868684810821182,stationary_gaussian_fgn_unknown_constant_mean_ml,-94.83807535055053,True,0.9494942578719162
ARFIMA_0.25_n512_r18,ARFIMA_0.25_n512,zero,0.75,,0.6686493322932877,False,"[0.01, 0.99]",0.0,0.0,stationary_gaussian_fgn_known_zero_mean,-93.64516732128959,True,0.9544558518699168
ARFIMA_0.25_n512_r19,ARFIMA_0.25_n512,unknown,0.75,,0.6773593013353726,False,"[0.01, 0.99]",0.0,-0.41061179904810824,stationary_gaussian_fgn_unknown_constant_mean_ml,17.275477323758878,True,1.0694262435315778
ARFIMA_0.25_n512_r19,ARFIMA_0.25_n512,zero,0.75,,0.7091814667984546,False,"[0.01, 0.99]",0.0,0.0,stationary_gaussian_fgn_known_zero_mean,23.86600335933622,True,1.1017863020088328
ARFIMA_0.25_n512_r2,ARFIMA_0.25_n512,unknown,0.75,,0.7213266918188573,False,"[0.01, 0.99]",0.0,-0.17491495792895015,stationary_gaussian_fgn_unknown_constant_mean_ml,6.908237704688418,True,1.0952083752946902
ARFIMA_0.25_n512_r2,ARFIMA_0.25_n512,zero,0.75,,0.7247742864799915,False,"[0.01, 0.99]",0.0,0.0,stationary_gaussian_fgn_known_zero_mean,7.728483298453966,True,1.0995820449315323
ARFIMA_0.25_n512_r20,ARFIMA_0.25_n512,unknown,0.75,,0.6305246504258787,False,"[0.01, 0.99]",0.0,-0.2144686761490743,stationary_gaussian_fgn_unknown_constant_mean_ml,2.4552217556467895,True,1.0282266189657545
ARFIMA_0.25_n512_r20,ARFIMA_0.25_n512,zero,0.75,,0.6492686014286829,False,"[0.01, 0.99]",0.0,0.0,stationary_gaussian_fgn_known_zero_mean,6.290266208215144,True,1.0411066032356098
ARFIMA_0.25_n512_r21,ARFIMA_0.25_n512,unknown,0.75,,0.7142930093046751,False,"[0.01, 0.99]",0.0,-0.003428994903080157,stationary_gaussian_fgn_unknown_constant_mean_ml,-55.53375833215796,True,1.0240072053477944
ARFIMA_0.25_n512_r21,ARFIMA_0.25_n512,zero,0.75,,0.7142985687886033,False,"[0.01, 0.99]",0.0,0.0,stationary_gaussian_fgn_known_zero_mean,-55.533356411235445,True,1.0240125250359848
ARFIMA_0.25_n512_r22,ARFIMA_0.25_n512,unknown,0.75,,0.6778804470479448,False,"[0.01, 0.99]",0.0,0.25043838823528564,stationary_gaussian_fgn_unknown_constant_mean_ml,29.07499966391424,True,1.0821846935289912
ARFIMA_0.25_n512_r22,ARFIMA_0.25_n512,zero,0.75,,0.693986009561352,False,"[0.01, 0.99]",0.0,0.0,stationary_gaussian_fgn_known_zero_mean,31.73208723563789,True,1.0971487572837961
ARFIMA_0.25_n512_r23,ARFIMA_0.25_n512,unknown,0.75,,0.709955892997812,False,"[0.01, 0.99]",0.0,0.15836876513161993,stationary_gaussian_fgn_unknown_constant_mean_ml,7.795638022172852,True,1.0853300023831136
ARFIMA_0.25_n512_r23,ARFIMA_0.25_n512,zero,0.75,,0.7136325705165849,False,"[0.01, 0.99]",0.0,0.0,stationary_gaussian_fgn_known_zero_mean,8.582539868536514,True,1.0895536161788417
ARFIMA_0.25_n512_r24,ARFIMA_0.25_n512,unknown,0.75,,0.6685060761836371,False,"[0.01, 0.99]",0.0,-0.04231389108170737,stationary_gaussian_fgn_unknown_constant_mean_ml,5.668010532552444,True,1.0515716279969516
ARFIMA_0.25_n512_r24,ARFIMA_0.25_n512,zero,0.75,,0.6687882841937504,False,"[0.01, 0.99]",0.0,0.0,stationary_gaussian_fgn_known_zero_mean,5.770284393791144,True,1.051854541282473
ARFIMA_0.25_n512_r25,ARFIMA_0.25_n512,unknown,0.75,,0.7191346617949794,False,"[0.01, 0.99]",0.0,0.27635291148800345,stationary_gaussian_fgn_unknown_constant_mean_ml,18.173578102041574,True,1.1051314776247045
ARFIMA_0.25_n512_r25,ARFIMA_0.25_n512,zero,0.75,,0.7299719716229606,False,"[0.01, 0.99]",0.0,0.0,stationary_gaussian_fgn_known_zero_mean,20.125186326356697,True,1.1185104570847109
ARFIMA_0.25_n512_r26,ARFIMA_0.25_n512,unknown,0.75,,0.7182013808564728,False,"[0.01, 0.99]",0.0,0.013078078578496022,stationary_gaussian_fgn_unknown_constant_mean_ml,20.01251308869655,True,1.106195294625888
ARFIMA_0.25_n512_r26,ARFIMA_0.25_n512,zero,0.75,,0.718260881495677,False,"[0.01, 0.99]",0.0,0.0,stationary_gaussian_fgn_known_zero_mean,20.017281851764437,True,1.1062590468801103
ARFIMA_0.25_n512_r27,ARFIMA_0.25_n512,unknown,0.75,,0.7073732591913806,False,"[0.01, 0.99]",0.0,-0.17445986190627566,stationary_gaussian_fgn_unknown_constant_mean_ml,-36.74847861594435,True,1.036912790682214
ARFIMA_0.25_n512_r27,ARFIMA_0.25_n512,zero,0.75,,0.713443185774784,False,"[0.01, 0.99]",0.0,0.0,stationary_gaussian_fgn_known_zero_mean,-35.694801747740485,True,1.0432760901663842
ARFIMA_0.25_n512_r28,ARFIMA_0.25_n512,unknown,0.75,,0.7419388773869408,False,"[0.01, 0.99]",0.0,0.02403010137412493,stationary_gaussian_fgn_unknown_constant_mean_ml,-28.10680728991656,True,1.080138331844768
ARFIMA_0.25_n512_r28,ARFIMA_0.25_n512,zero,0.75,,0.7419366922271491,False,"[0.01, 0.99]",0.0,0.0,stationary_gaussian_fgn_known_zero_mean,-28.094219195837923,True,1.0801490951276844
ARFIMA_0.25_n512_r29,ARFIMA_0.25_n512,unknown,0.75,,0.6663883525843654,False,"[0.01, 0.99]",0.0,0.28169831389111816,stationary_gaussian_fgn_unknown_constant_mean_ml,4.105599061874727,True,1.048650110245085
ARFIMA_0.25_n512_r29,ARFIMA_0.25_n512,zero,0.75,,0.6872499916912432,False,"[0.01, 0.99]",0.0,0.0,stationary_gaussian_fgn_known_zero_mean,8.146518061847019,True,1.0669956711731554
ARFIMA_0.25_n512_r3,ARFIMA_0.25_n512,unknown,0.75,,0.7261644892154249,False,"[0.01, 0.99]",0.0,-0.02242326147527409,stationary_gaussian_fgn_unknown_constant_mean_ml,-47.509830996538994,True,1.0432015616400458
ARFIMA_0.25_n512_r3,ARFIMA_0.25_n512,zero,0.75,,0.7263789289810669,False,"[0.01, 0.99]",0.0,0.0,stationary_gaussian_fgn_known_zero_mean,-47.49558416411469,True,1.043427850574957
ARFIMA_0.25_n512_r30,ARFIMA_0.25_n512,unknown,0.75,,0.6729753543647494,False,"[0.01, 0.99]",0.0,0.33085434898749727,stationary_gaussian_fgn_unknown_constant_mean_ml,-61.52093332699201,True,0.9874769053030897
ARFIMA_0.25_n512_r30,ARFIMA_0.25_n512,zero,0.75,,0.69665715378145,False,"[0.01, 0.99]",0.0,0.0,stationary_gaussian_fgn_known_zero_mean,-55.857673991557704,True,1.0092103399355103
ARFIMA_0.25_n512_r31,ARFIMA_0.25_n512,unknown,0.75,,0.6685637122556288,False,"[0.01, 0.99]",0.0,0.04272252522437922,stationary_gaussian_fgn_unknown_constant_mean_ml,15.652178231238622,True,1.061911414595074
ARFIMA_0.25_n512_r31,ARFIMA_0.25_n512,zero,0.75,,0.6689674120510918,False,"[0.01, 0.99]",0.0,0.0,stationary_gaussian_fgn_known_zero_mean,15.754227613239436,True,1.0622744748212234
ARFIMA_0.25_n512_r32,ARFIMA_0.25_n512,unknown,0.75,,0.6711305821236482,False,"[0.01, 0.99]",0.0,-0.08799096303933429,stationary_gaussian_fgn_unknown_constant_mean_ml,-1.6306555261571702,True,1.045762962400917
ARFIMA_0.25_n512_r32,ARFIMA_0.25_n512,zero,0.75,,0.6736413393722707,False,"[0.01, 0.99]",0.0,0.0,stationary_gaussian_fgn_known_zero_mean,-1.205455842916308,True,1.047823040660543
ARFIMA_0.25_n512_r33,ARFIMA_0.25_n512,unknown,0.75,,0.7242164162203669,False,"[0.01, 0.99]",0.0,0.7257682587885682,stationary_gaussian_fgn_unknown_constant_mean_ml,30.975682330044265,True,1.1242447886237352
ARFIMA_0.25_n512_r33,ARFIMA_0.25_n512,zero,0.75,,0.770695012910238,False,"[0.01, 0.99]",0.0,0.0,stationary_gaussian_fgn_known_zero_mean,39.85227249019363,True,1.1944276267197778
ARFIMA_0.25_n512_r34,ARFIMA_0.25_n512,unknown,0.75,,0.6824199912056229,False,"[0.01, 0.99]",0.0,0.041708404878550945,stationary_gaussian_fgn_unknown_constant_mean_ml,-36.0424366770892,True,1.0185544495627696
ARFIMA_0.25_n512_r34,ARFIMA_0.25_n512,zero,0.75,,0.6832387100830875,False,"[0.01, 0.99]",0.0,0.0,stationary_gaussian_fgn_known_zero_mean,-35.954011570750254,True,1.0192047068990397
ARFIMA_0.25_n512_r35,ARFIMA_0.25_n512,unknown,0.75,,0.743101579091411,False,"[0.01, 0.99]",0.0,-0.36243915522803477,stationary_gaussian_fgn_unknown_constant_mean_ml,-33.262530253320165,True,1.0760517897119772
ARFIMA_0.25_n512_r35,ARFIMA_0.25_n512,zero,0.75,,0.7579354621423732,False,"[0.01, 0.99]",0.0,0.0,stationary_gaussian_fgn_known_zero_mean,-30.729173571497086,True,1.097068876868072
ARFIMA_0.25_n512_r36,ARFIMA_0.25_n512,unknown,0.75,,0.7016047589219844,False,"[0.01, 0.99]",0.0,-0.23080456617350759,stationary_gaussian_fgn_unknown_constant_mean_ml,14.305257386917674,True,1.0848977794926986
ARFIMA_0.25_n512_r36,ARFIMA_0.25_n512,zero,0.75,,0.7106469725047816,False,"[0.01, 0.99]",0.0,0.0,stationary_gaussian_fgn_known_zero_mean,16.09750884952291,True,1.094798433902995
ARFIMA_0.25_n512_r37,ARFIMA_0.25_n512,unknown,0.75,,0.7412228435087652,False,"[0.01, 0.99]",0.0,-0.28657204611527476,stationary_gaussian_fgn_unknown_constant_mean_ml,-22.2729484473532,True,1.085483302209095
ARFIMA_0.25_n512_r37,ARFIMA_0.25_n512,zero,0.75,,0.7522653464011848,False,"[0.01, 0.99]",0.0,0.0,stationary_gaussian_fgn_known_zero_mean,-20.63697667050178,True,1.100567774752132
ARFIMA_0.25_n512_r38,ARFIMA_0.25_n512,unknown,0.75,,0.7334206220833068,False,"[0.01, 0.99]",0.0,0.2570757860360786,stationary_gaussian_fgn_unknown_constant_mean_ml,68.76953908368864,True,1.176923199868694
ARFIMA_0.25_n512_r38,ARFIMA_0.25_n512,zero,0.75,,0.7404305017233237,False,"[0.01, 0.99]",0.0,0.0,stationary_gaussian_fgn_known_zero_mean,70.0438710490132,True,1.1868956871824663
ARFIMA_0.25_n512_r39,ARFIMA_0.25_n512,unknown,0.75,,0.6797311084434022,False,"[0.01, 0.99]",0.0,0.18672240439709226,stationary_gaussian_fgn_unknown_constant_mean_ml,-31.397429893386743,True,1.021358728308768
ARFIMA_0.25_n512_r39,ARFIMA_0.25_n512,zero,0.75,,0.6890665043421819,False,"[0.01, 0.99]",0.0,0.0,stationary_gaussian_fgn_known_zero_mean,-29.67478024007528,True,1.0296205943865944
ARFIMA_0.25_n512_r4,ARFIMA_0.25_n512,unknown,0.75,,0.6703071038634578,False,"[0.01, 0.99]",0.0,0.42112242701235997,stationary_gaussian_fgn_unknown_constant_mean_ml,-51.08247525877346,True,0.9959599171834693
ARFIMA_0.25_n512_r4,ARFIMA_0.25_n512,zero,0.75,,0.7075550364035987,False,"[0.01, 0.99]",0.0,0.0,stationary_gaussian_fgn_known_zero_mean,-42.71686191369554,True,1.0310402931718683
ARFIMA_0.25_n512_r40,ARFIMA_0.25_n512,unknown,0.75,,0.7332736285484698,False,"[0.01, 0.99]",0.0,0.060004375441567226,stationary_gaussian_fgn_unknown_constant_mean_ml,-10.25879146672878,True,1.0893494370123715
ARFIMA_0.25_n512_r40,ARFIMA_0.25_n512,zero,0.75,,0.7337337714423146,False,"[0.01, 0.99]",0.0,0.0,stationary_gaussian_fgn_known_zero_mean,-10.173127757762586,True,1.0899419182776002
ARFIMA_0.25_n512_r41,ARFIMA_0.25_n512,unknown,0.75,,0.6885285305579791,False,"[0.01, 0.99]",0.0,-0.030979763186866693,stationary_gaussian_fgn_unknown_constant_mean_ml,-4.633238750133614,True,1.0547085553286877
ARFIMA_0.25_n512_r41,ARFIMA_0.25_n512,zero,0.75,,0.6885998518977006,False,"[0.01, 0.99]",0.0,0.0,stationary_gaussian_fgn_known_zero_mean,-4.590679450321659,True,1.0548055044115694
ARFIMA_0.25_n512_r42,ARFIMA_0.25_n512,unknown,0.75,,0.7030034008082146,False,"[0.01, 0.99]",0.0,-0.16384332417156305,stationary_gaussian_fgn_unknown_constant_mean_ml,21.15055498549259,True,1.0933775851623408
ARFIMA_0.25_n512_r42,ARFIMA_0.25_n512,zero,0.75,,0.7079130638565774,False,"[0.01, 0.99]",0.0,0.0,stationary_gaussian_fgn_known_zero_mean,22.040380324261832,True,1.0986715635495075
ARFIMA_0.25_n512_r43,ARFIMA_0.25_n512,unknown,0.75,,0.6429319484660706,False,"[0.01, 0.99]",0.0,-0.003990720854431884,stationary_gaussian_fgn_unknown_constant_mean_ml,-79.86359247651103,True,0.9541202881818962
ARFIMA_0.25_n512_r43,ARFIMA_0.25_n512,zero,0.75,,0.6429338726962556,False,"[0.01, 0.99]",0.0,0.0,stationary_gaussian_fgn_known_zero_mean,-79.86207384839076,True,0.9541225796511599
ARFIMA_0.25_n512_r44,ARFIMA_0.25_n512,unknown,0.75,,0.7186024954273279,False,"[0.01, 0.99]",0.0,-0.38589523482396004,stationary_gaussian_fgn_unknown_constant_mean_ml,37.320259355265534,True,1.1254535836430315
ARFIMA_0.25_n512_r44,ARFIMA_0.25_n512,zero,0.75,,0.7390453559484488,False,"[0.01, 0.99]",0.0,0.0,stationary_gaussian_fgn_known_zero_mean,40.677075356913065,True,1.1516676717197403
ARFIMA_0.25_n512_r45,ARFIMA_0.25_n512,unknown,0.75,,0.7140121838940607,False,"[0.01, 0.99]",0.0,-0.028053764512804873,stationary_gaussian_fgn_unknown_constant_mean_ml,23.365524359684287,True,1.1057582788593463
ARFIMA_0.25_n512_r45,ARFIMA_0.25_n512,zero,0.75,,0.7140114797659928,False,"[0.01, 0.99]",0.0,0.0,stationary_gaussian_fgn_known_zero_mean,23.388676944971394,True,1.1057826091540366
ARFIMA_0.25_n512_r46,ARFIMA_0.25_n512,unknown,0.75,,0.7102425307094161,False,"[0.01, 0.99]",0.0,-0.11378193682671645,stationary_gaussian_fgn_unknown_constant_mean_ml,24.587652555580235,True,1.1035389783900982
ARFIMA_0.25_n512_r46,ARFIMA_0.25_n512,zero,0.75,,0.7128099504148344,False,"[0.01, 0.99]",0.0,0.0,stationary_gaussian_fgn_known_zero_mean,24.979492850718998,True,1.1063606977018223
ARFIMA_0.25_n512_r47,ARFIMA_0.25_n512,unknown,0.75,,0.6201392572489407,False,"[0.01, 0.99]",0.0,-0.030030645595808828,stationary_gaussian_fgn_unknown_constant_mean_ml,7.255797637314572,True,1.0287480104641011
ARFIMA_0.25_n512_r47,ARFIMA_0.25_n512,zero,0.75,,0.6209819088224374,False,"[0.01, 0.99]",0.0,0.0,stationary_gaussian_fgn_known_zero_mean,7.3529839731136235,True,1.0291779703652257
ARFIMA_0.25_n512_r48,ARFIMA_0.25_n512,unknown,0.75,,0.705558749337039,False,"[0.01, 0.99]",0.0,0.3044738108993895,stationary_gaussian_fgn_unknown_constant_mean_ml,-26.71914432865333,True,1.0455746805505057
ARFIMA_0.25_n512_r48,ARFIMA_0.25_n512,zero,0.75,,0.7222443726921296,False,"[0.01, 0.99]",0.0,0.0,stationary_gaussian_fgn_known_zero_mean,-23.738527662696924,True,1.063808779309221
ARFIMA_0.25_n512_r49,ARFIMA_0.25_n512,unknown,0.75,,0.7283780022773934,False,"[0.01, 0.99]",0.0,-0.020975840409734273,stationary_gaussian_fgn_unknown_constant_mean_ml,58.80025865402877,True,1.1597727404819456
ARFIMA_0.25_n512_r49,ARFIMA_0.25_n512,zero,0.75,,0.728411566382224,False,"[0.01, 0.99]",0.0,0.0,stationary_gaussian_fgn_known_zero_mean,58.81010224200372,True,1.1598213353806404
ARFIMA_0.25_n512_r5,ARFIMA_0.25_n512,unknown,0.75,,0.6674843392679476,False,"[0.01, 0.99]",0.0,0.3822994191449557,stationary_gaussian_fgn_unknown_constant_mean_ml,52.17232615926423,True,1.099759206173725
ARFIMA_0.25_n512_r5,ARFIMA_0.25_n512,zero,0.75,,0.6968834486366476,False,"[0.01, 0.99]",0.0,0.0,stationary_gaussian_fgn_known_zero_mean,58.37337417922163,True,1.128503586172455
ARFIMA_0.25_n512_r50,ARFIMA_0.25_n512,unknown,0.75,,0.6519842284478572,False,"[0.01, 0.99]",0.0,-0.18520386428690622,stationary_gaussian_fgn_unknown_constant_mean_ml,-68.20452773884881,True,0.9694041436655092
ARFIMA_0.25_n512_r50,ARFIMA_0.25_n512,zero,0.75,,0.6660446163832139,False,"[0.01, 0.99]",0.0,0.0,stationary_gaussian_fgn_known_zero_mean,-65.64426174060168,True,0.9794019356686883
ARFIMA_0.25_n512_r51,ARFIMA_0.25_n512,unknown,0.75,,0.7495513152042674,False,"[0.01, 0.99]",0.0,0.042519608881982224,stationary_gaussian_fgn_unknown_constant_mean_ml,31.621231600883903,True,1.1546134964768102
ARFIMA_0.25_n512_r51,ARFIMA_0.25_n512,zero,0.75,,0.749682110946564,False,"[0.01, 0.99]",0.0,0.0,stationary_gaussian_fgn_known_zero_mean,31.652578441098285,True,1.1548193512155338
ARFIMA_0.25_n512_r52,ARFIMA_0.25_n512,unknown,0.75,,0.6493449321568714,False,"[0.01, 0.99]",0.0,-0.1369806410057139,stationary_gaussian_fgn_unknown_constant_mean_ml,-31.7433128357427,True,1.0031857189878357
ARFIMA_0.25_n512_r52,ARFIMA_0.25_n512,zero,0.75,,0.6574731636406863,False,"[0.01, 0.99]",0.0,0.0,stationary_gaussian_fgn_known_zero_mean,-30.324591437560002,True,1.0088740854955491
ARFIMA_0.25_n512_r53,ARFIMA_0.25_n512,unknown,0.75,,0.7118364126229297,False,"[0.01, 0.99]",0.0,0.07472703548027736,stationary_gaussian_fgn_unknown_constant_mean_ml,32.66132126367461,True,1.1137686666662499
ARFIMA_0.25_n512_r53,ARFIMA_0.25_n512,zero,0.75,,0.7123766517616211,False,"[0.01, 0.99]",0.0,0.0,stationary_gaussian_fgn_known_zero_mean,32.82727048076549,True,1.114460462382421
ARFIMA_0.25_n512_r54,ARFIMA_0.25_n512,unknown,0.75,,0.6972297089968087,False,"[0.01, 0.99]",0.0,-0.21242492048363557,stationary_gaussian_fgn_unknown_constant_mean_ml,31.05339950896382,True,1.099081017511462
ARFIMA_0.25_n512_r54,ARFIMA_0.25_n512,zero,0.75,,0.7058024647410069,False,"[0.01, 0.99]",0.0,0.0,stationary_gaussian_fgn_known_zero_mean,32.61445468119473,True,1.1081662258050247
ARFIMA_0.25_n512_r55,ARFIMA_0.25_n512,unknown,0.75,,0.7162868405423829,False,"[0.01, 0.99]",0.0,0.1933710918130244,stationary_gaussian_fgn_unknown_constant_mean_ml,77.42879649569522,True,1.1680145716554629
ARFIMA_0.25_n512_r55,ARFIMA_0.25_n512,zero,0.75,,0.7223037577015426,False,"[0.01, 0.99]",0.0,0.0,stationary_gaussian_fgn_known_zero_mean,78.34325587316198,True,1.1753893164572726
ARFIMA_0.25_n512_r56,ARFIMA_0.25_n512,unknown,0.75,,0.7160024522059749,False,"[0.01, 0.99]",0.0,-0.20809930299979654,stationary_gaussian_fgn_unknown_constant_mean_ml,-37.56841583894152,True,1.0436813463339862
ARFIMA_0.25_n512_r56,ARFIMA_0.25_n512,zero,0.75,,0.722508243608219,False,"[0.01, 0.99]",0.0,0.0,stationary_gaussian_fgn_known_zero_mean,-36.23041007056463,True,1.0511649555723768
ARFIMA_0.25_n512_r57,ARFIMA_0.25_n512,unknown,0.75,,0.6754988554215057,False,"[0.01, 0.99]",0.0,-0.1482186513073579,stationary_gaussian_fgn_unknown_constant_mean_ml,30.88756525059648,True,1.082448307331472
ARFIMA_0.25_n512_r57,ARFIMA_0.25_n512,zero,0.75,,0.6806955911524923,False,"[0.01, 0.99]",0.0,0.0,stationary_gaussian_fgn_known_zero_mean,31.9344923954377,True,1.087213262584604
ARFIMA_0.25_n512_r58,ARFIMA_0.25_n512,unknown,0.75,,0.6296289647812022,False,"[0.01, 0.99]",0.0,-0.22055879525084052,stationary_gaussian_fgn_unknown_constant_mean_ml,2.1021508179555894,True,1.027483630157426
ARFIMA_0.25_n512_r58,ARFIMA_0.25_n512,zero,0.75,,0.6500159267848709,False,"[0.01, 0.99]",0.0,0.0,stationary_gaussian_fgn_known_zero_mean,6.154160655670921,True,1.0413632454373822
ARFIMA_0.25_n512_r59,ARFIMA_0.25_n512,unknown,0.75,,0.7028297836404195,False,"[0.01, 0.99]",0.0,0.12137331438183467,stationary_gaussian_fgn_unknown_constant_mean_ml,17.63933539693926,True,1.0894852743498886
ARFIMA_0.25_n512_r59,ARFIMA_0.25_n512,zero,0.75,,0.7047439706472822,False,"[0.01, 0.99]",0.0,0.0,stationary_gaussian_fgn_known_zero_mean,18.14744411903348,True,1.0916888675174425
ARFIMA_0.25_n512_r6,ARFIMA_0.25_n512,unknown,0.75,,0.6858279059143795,False,"[0.01, 0.99]",0.0,-0.06305481321548774,stationary_gaussian_fgn_unknown_constant_mean_ml,4.004936906476814,True,1.0616397089702032
ARFIMA_0.25_n512_r6,ARFIMA_0.25_n512,zero,0.75,,0.6867135682445645,False,"[0.01, 0.99]",0.0,0.0,stationary_gaussian_fgn_known_zero_mean,4.183916084776456,True,1.06247729358043
ARFIMA_0.25_n512_r60,ARFIMA_0.25_n512,unknown,0.75,,0.6848432447441736,False,"[0.01, 0.99]",0.0,0.2294496328747845,stationary_gaussian_fgn_unknown_constant_mean_ml,-5.655655044544801,True,1.0509590176253771
ARFIMA_0.25_n512_r60,ARFIMA_0.25_n512,zero,0.75,,0.6969199857717833,False,"[0.01, 0.99]",0.0,0.0,stationary_gaussian_fgn_known_zero_mean,-3.4013693021151994,True,1.0624665755559632
ARFIMA_0.25_n512_r61,ARFIMA_0.25_n512,unknown,0.75,,0.6415311429144148,False,"[0.01, 0.99]",0.0,0.1730940727300183,stationary_gaussian_fgn_unknown_constant_mean_ml,-61.5810567205865,True,0.9706630574019153
ARFIMA_0.25_n512_r61,ARFIMA_0.25_n512,zero,0.75,,0.6551050549776501,False,"[0.01, 0.99]",0.0,0.0,stationary_gaussian_fgn_known_zero_mean,-59.06494212182474,True,0.9797013565917514
ARFIMA_0.25_n512_r62,ARFIMA_0.25_n512,unknown,0.75,,0.6396366792057079,False,"[0.01, 0.99]",0.0,-0.14713464521311634,stationary_gaussian_fgn_unknown_constant_mean_ml,-26.474183053261413,True,1.0036299717474935
ARFIMA_0.25_n512_r62,ARFIMA_0.25_n512,zero,0.75,,0.6486902167823756,False,"[0.01, 0.99]",0.0,0.0,stationary_gaussian_fgn_known_zero_mean,-24.6360560117555,True,1.0098389175466123
ARFIMA_0.25_n512_r63,ARFIMA_0.25_n512,unknown,0.75,,0.6951790777847112,False,"[0.01, 0.99]",0.0,-0.14792694212088953,stationary_gaussian_fgn_unknown_constant_mean_ml,-2.094045261633937,True,1.0624368708545155
ARFIMA_0.25_n512_r63,ARFIMA_0.25_n512,zero,0.75,,0.6988675138528161,False,"[0.01, 0.99]",0.0,0.0,stationary_gaussian_fgn_known_zero_mean,-1.232250796616654,True,1.0662974604965274
ARFIMA_0.25_n512_r7,ARFIMA_0.25_n512,unknown,0.75,,0.7218576955864892,False,"[0.01, 0.99]",0.0,-0.004055163207843937,stationary_gaussian_fgn_unknown_constant_mean_ml,8.909777811735012,True,1.0978835906351943
ARFIMA_0.25_n512_r7,ARFIMA_0.25_n512,zero,0.75,,0.7218665078460877,False,"[0.01, 0.99]",0.0,0.0,stationary_gaussian_fgn_known_zero_mean,8.910222901890393,True,1.0978929235831982
ARFIMA_0.25_n512_r8,ARFIMA_0.25_n512,unknown,0.75,,0.6419569497145383,False,"[0.01, 0.99]",0.0,0.13407681634397733,stationary_gaussian_fgn_unknown_constant_mean_ml,-22.034137513468977,True,1.0090862314679836
ARFIMA_0.25_n512_r8,ARFIMA_0.25_n512,zero,0.75,,0.6492219732237029,False,"[0.01, 0.99]",0.0,0.0,stationary_gaussian_fgn_known_zero_mean,-20.553779166606546,True,1.014144818626454
ARFIMA_0.25_n512_r9,ARFIMA_0.25_n512,unknown,0.75,,0.7221293444203403,False,"[0.01, 0.99]",0.0,-0.18194749357282394,stationary_gaussian_fgn_unknown_constant_mean_ml,38.22258362763864,True,1.1300467500337212
ARFIMA_0.25_n512_r9,ARFIMA_0.25_n512,zero,0.75,,0.7258775936882872,False,"[0.01, 0.99]",0.0,0.0,stationary_gaussian_fgn_known_zero_mean,39.04674270063947,True,1.134907629862905
fGn_0.25_n1024_r0,fGn_0.25_n1024,unknown,0.25,,0.25419935044258335,False,"[0.01, 0.99]",0.0,-0.0006021429112644471,stationary_gaussian_fgn_unknown_constant_mean_ml,-90.32092692926426,True,1.0236286327607376
fGn_0.25_n1024_r0,fGn_0.25_n1024,zero,0.25,,0.25420110069009805,False,"[0.01, 0.99]",0.0,0.0,stationary_gaussian_fgn_known_zero_mean,-90.30909054141557,True,1.0236335971757058
fGn_0.25_n1024_r1,fGn_0.25_n1024,unknown,0.25,,0.286732350621978,False,"[0.01, 0.99]",0.0,0.0030531621323441533,stationary_gaussian_fgn_unknown_constant_mean_ml,-151.9513441181216,True,0.9773666382126369
fGn_0.25_n1024_r1,fGn_0.25_n1024,zero,0.25,,0.28699419298611906,False,"[0.01, 0.99]",0.0,0.0,stationary_gaussian_fgn_known_zero_mean,-151.74606200665266,True,0.9773463137147351
fGn_0.25_n1024_r10,fGn_0.25_n1024,unknown,0.25,,0.22047367512558763,False,"[0.01, 0.99]",0.0,0.0028382364952387303,stationary_gaussian_fgn_unknown_constant_mean_ml,-111.28208186303209,True,1.0328265088852486
fGn_0.25_n1024_r10,fGn_0.25_n1024,zero,0.25,,0.22133557569644777,False,"[0.01, 0.99]",0.0,0.0,stationary_gaussian_fgn_known_zero_mean,-110.85214601553662,True,1.0325036097015794
fGn_0.25_n1024_r11,fGn_0.25_n1024,unknown,0.25,,0.2516564607167606,False,"[0.01, 0.99]",0.0,0.0004366265754323843,stationary_gaussian_fgn_unknown_constant_mean_ml,-118.1729586828842,True,1.011173875100744
fGn_0.25_n1024_r11,fGn_0.25_n1024,zero,0.25,,0.2516232120037103,False,"[0.01, 0.99]",0.0,0.0,stationary_gaussian_fgn_known_zero_mean,-118.16633532663718,True,1.0111951907917043
fGn_0.25_n1024_r12,fGn_0.25_n1024,unknown,0.25,,0.2748252601548265,False,"[0.01, 0.99]",0.0,0.0065032555526331115,stationary_gaussian_fgn_unknown_constant_mean_ml,-166.9603920983045,True,0.9757312656625247
fGn_0.25_n1024_r12,fGn_0.25_n1024,zero,0.25,,0.27625336107673054,False,"[0.01, 0.99]",0.0,0.0,stationary_gaussian_fgn_known_zero_mean,-165.85274945128776,True,0.9755821236937074
fGn_0.25_n1024_r13,fGn_0.25_n1024,unknown,0.25,,0.22422383265111914,False,"[0.01, 0.99]",0.0,0.0017688553005963416,stationary_gaussian_fgn_unknown_constant_mean_ml,-169.5417048484842,True,1.0015922557542143
fGn_0.25_n1024_r13,fGn_0.25_n1024,zero,0.25,,0.22444645361226717,False,"[0.01, 0.99]",0.0,0.0,stationary_gaussian_fgn_known_zero_mean,-169.37322908835722,True,1.0015412486862862
fGn_0.25_n1024_r14,fGn_0.25_n1024,unknown,0.25,,0.25416789289344616,False,"[0.01, 0.99]",0.0,-0.006705015082767523,stationary_gaussian_fgn_unknown_constant_mean_ml,-65.87345060522193,True,1.0359384721265936
fGn_0.25_n1024_r14,fGn_0.25_n1024,zero,0.25,,0.25679681633137313,False,"[0.01, 0.99]",0.0,0.0,stationary_gaussian_fgn_known_zero_mean,-64.46633182280357,True,1.0352114634467573
fGn_0.25_n1024_r15,fGn_0.25_n1024,unknown,0.25,,0.24480855689416892,False,"[0.01, 0.99]",0.0,0.00042250849194607506,stationary_gaussian_fgn_unknown_constant_mean_ml,-156.64561653972623,True,0.996060880086252
fGn_0.25_n1024_r15,fGn_0.25_n1024,zero,0.25,,0.24480237032133148,False,"[0.01, 0.99]",0.0,0.0,stationary_gaussian_fgn_known_zero_mean,-156.63852152077698,True,0.9960677308519673
fGn_0.25_n1024_r16,fGn_0.25_n1024,unknown,0.25,,0.24561059069126637,False,"[0.01, 0.99]",0.0,0.0007513330754110419,stationary_gaussian_fgn_unknown_constant_mean_ml,-184.9407810571156,True,0.9819599990087979
fGn_0.25_n1024_r16,fGn_0.25_n1024,zero,0.25,,0.24564964305535808,False,"[0.01, 0.99]",0.0,0.0,stationary_gaussian_fgn_known_zero_mean,-184.91798079239152,True,0.9819498425071415
fGn_0.25_n1024_r17,fGn_0.25_n1024,unknown,0.25,,0.2503330790669889,False,"[0.01, 0.99]",0.0,0.0023619941627068593,stationary_gaussian_fgn_unknown_constant_mean_ml,-167.07147516551413,True,0.9880201892393929
fGn_0.25_n1024_r17,fGn_0.25_n1024,zero,0.25,,0.25063122048671865,False,"[0.01, 0.99]",0.0,0.0,stationary_gaussian_fgn_known_zero_mean,-166.86457049162073,True,0.9879611568497179
fGn_0.25_n1024_r18,fGn_0.25_n1024,unknown,0.25,,0.2601168330897393,False,"[0.01, 0.99]",0.0,-0.007397333179408272,stationary_gaussian_fgn_unknown_constant_mean_ml,-206.2575404739573,True,0.9642918924669611
fGn_0.25_n1024_r18,fGn_0.25_n1024,zero,0.25,,0.26398147836405716,False,"[0.01, 0.99]",0.0,0.0,stationary_gaussian_fgn_known_zero_mean,-204.47239647923243,True,0.9632165081080996
fGn_0.25_n1024_r19,fGn_0.25_n1024,unknown,0.25,,0.229082396275754,False,"[0.01, 0.99]",0.0,-0.0008122300179701415,stationary_gaussian_fgn_unknown_constant_mean_ml,-78.2446846333919,True,1.0442396588079013
fGn_0.25_n1024_r19,fGn_0.25_n1024,zero,0.25,,0.229137998526929,False,"[0.01, 0.99]",0.0,0.0,stationary_gaussian_fgn_known_zero_mean,-78.21434475216347,True,1.0442210349150192
fGn_0.25_n1024_r2,fGn_0.25_n1024,unknown,0.25,,0.2553701163708255,False,"[0.01, 0.99]",0.0,-0.0035715892352542115,stationary_gaussian_fgn_unknown_constant_mean_ml,-194.7109942572706,True,0.9721566679598396
fGn_0.25_n1024_r2,fGn_0.25_n1024,zero,0.25,,0.25641195522360133,False,"[0.01, 0.99]",0.0,0.0,stationary_gaussian_fgn_known_zero_mean,-194.2616088964278,True,0.971835762046379
fGn_0.25_n1024_r20,fGn_0.25_n1024,unknown,0.25,,0.23123978823362057,False,"[0.01, 0.99]",0.0,0.004505110086380624,stationary_gaussian_fgn_unknown_constant_mean_ml,-221.77171219797265,True,0.9723357327894541
fGn_0.25_n1024_r20,fGn_0.25_n1024,zero,0.25,,0.2334832266606382,False,"[0.01, 0.99]",0.0,0.0,stationary_gaussian_fgn_known_zero_mean,-220.75032969678796,True,0.9715563520552923
fGn_0.25_n1024_r21,fGn_0.25_n1024,unknown,0.25,,0.2553371371238628,False,"[0.01, 0.99]",0.0,-0.004888918877028582,stationary_gaussian_fgn_unknown_constant_mean_ml,-114.58715812489118,True,1.0109617399119508
fGn_0.25_n1024_r21,fGn_0.25_n1024,zero,0.25,,0.25666540286613754,False,"[0.01, 0.99]",0.0,0.0,stationary_gaussian_fgn_known_zero_mean,-113.80766446667485,True,1.0106385449908837
fGn_0.25_n1024_r22,fGn_0.25_n1024,unknown,0.25,,0.2355640485875462,False,"[0.01, 0.99]",0.0,0.004138419827756787,stationary_gaussian_fgn_unknown_constant_mean_ml,-210.83073449028097,True,0.975106553992337
fGn_0.25_n1024_r22,fGn_0.25_n1024,zero,0.25,,0.2368939771492241,False,"[0.01, 0.99]",0.0,0.0,stationary_gaussian_fgn_known_zero_mean,-210.01966875266226,True,0.974752377492485
fGn_0.25_n1024_r23,fGn_0.25_n1024,unknown,0.25,,0.2302986170627755,False,"[0.01, 0.99]",0.0,-0.0021980391309197244,stationary_gaussian_fgn_unknown_constant_mean_ml,-137.59662375376274,True,1.0136888942348619
fGn_0.25_n1024_r23,fGn_0.25_n1024,zero,0.25,,0.23046130354409908,False,"[0.01, 0.99]",0.0,0.0,stationary_gaussian_fgn_known_zero_mean,-137.365239057317,True,1.0137070672092547
fGn_0.25_n1024_r24,fGn_0.25_n1024,unknown,0.25,,0.2657791304325636,False,"[0.01, 0.99]",0.0,0.0009288189099300378,stationary_gaussian_fgn_unknown_constant_mean_ml,-150.14014433247166,True,0.9882087935178245
fGn_0.25_n1024_r24,fGn_0.25_n1024,zero,0.25,,0.26583918598703377,False,"[0.01, 0.99]",0.0,0.0,stationary_gaussian_fgn_known_zero_mean,-150.11476411656895,True,0.9881909950292873
fGn_0.25_n1024_r25,fGn_0.25_n1024,unknown,0.25,,0.25381029457968185,False,"[0.01, 0.99]",0.0,-0.0018382053757217312,stationary_gaussian_fgn_unknown_constant_mean_ml,-126.77093531492801,True,1.0057793979964869
fGn_0.25_n1024_r25,fGn_0.25_n1024,zero,0.25,,0.25393373320813,False,"[0.01, 0.99]",0.0,0.0,stationary_gaussian_fgn_known_zero_mean,-126.65606543635386,True,1.0057697768388758
fGn_0.25_n1024_r26,fGn_0.25_n1024,unknown,0.25,,0.21733566049627354,False,"[0.01, 0.99]",0.0,-0.004384725295612579,stationary_gaussian_fgn_unknown_constant_mean_ml,-129.55129335265292,True,1.0256190153765212
fGn_0.25_n1024_r26,fGn_0.25_n1024,zero,0.25,,0.2196756910971944,False,"[0.01, 0.99]",0.0,0.0,stationary_gaussian_fgn_known_zero_mean,-128.4735464310197,True,1.0246902626293313
fGn_0.25_n1024_r27,fGn_0.25_n1024,unknown,0.25,,0.2296538310037333,False,"[0.01, 0.99]",0.0,0.0028439748148118174,stationary_gaussian_fgn_unknown_constant_mean_ml,-166.39966663399446,True,0.9999093959775368
fGn_0.25_n1024_r27,fGn_0.25_n1024,zero,0.25,,0.23032499890445535,False,"[0.01, 0.99]",0.0,0.0,stationary_gaussian_fgn_known_zero_mean,-165.9992238894497,True,0.999712213651662
fGn_0.25_n1024_r28,fGn_0.25_n1024,unknown,0.25,,0.24721109921345144,False,"[0.01, 0.99]",0.0,0.0016167028049419913,stationary_gaussian_fgn_unknown_constant_mean_ml,-79.86111645153278,True,1.0327512048127765
fGn_0.25_n1024_r28,fGn_0.25_n1024,zero,0.25,,0.24741414810292012,False,"[0.01, 0.99]",0.0,0.0,stationary_gaussian_fgn_known_zero_mean,-79.76809034467942,True,1.0326835759072206
fGn_0.25_n1024_r29,fGn_0.25_n1024,unknown,0.25,,0.23253738491771916,False,"[0.01, 0.99]",0.0,-0.005978348511549149,stationary_gaussian_fgn_unknown_constant_mean_ml,-197.31380941039106,True,0.9832759674432969
fGn_0.25_n1024_r29,fGn_0.25_n1024,zero,0.25,,0.23548929482736916,False,"[0.01, 0.99]",0.0,0.0,stationary_gaussian_fgn_known_zero_mean,-195.5912228884854,True,0.9824315949276893
fGn_0.25_n1024_r3,fGn_0.25_n1024,unknown,0.25,,0.2566106661649081,False,"[0.01, 0.99]",0.0,0.0018078209158945355,stationary_gaussian_fgn_unknown_constant_mean_ml,-205.91811827529546,True,0.9662190911955395
fGn_0.25_n1024_r3,fGn_0.25_n1024,zero,0.25,,0.2567714242321713,False,"[0.01, 0.99]",0.0,0.0,stationary_gaussian_fgn_known_zero_mean,-205.802741894282,True,0.9661918566775498
fGn_0.25_n1024_r30,fGn_0.25_n1024,unknown,0.25,,0.23299940628453078,False,"[0.01, 0.99]",0.0,0.001870752951777152,stationary_gaussian_fgn_unknown_constant_mean_ml,-138.5870775864728,True,1.0116091532131875
fGn_0.25_n1024_r30,fGn_0.25_n1024,zero,0.25,,0.23319528568501163,False,"[0.01, 0.99]",0.0,0.0,stationary_gaussian_fgn_known_zero_mean,-138.42569957584965,True,1.0115743232018866
fGn_0.25_n1024_r31,fGn_0.25_n1024,unknown,0.25,,0.2567295554388095,False,"[0.01, 0.99]",0.0,-0.003760045979630369,stationary_gaussian_fgn_unknown_constant_mean_ml,-139.38545358551164,True,0.9980613514337948
fGn_0.25_n1024_r31,fGn_0.25_n1024,zero,0.25,,0.25731513668056766,False,"[0.01, 0.99]",0.0,0.0,stationary_gaussian_fgn_known_zero_mean,-138.91964195203764,True,0.9979814891897304
fGn_0.25_n1024_r32,fGn_0.25_n1024,unknown,0.25,,0.25450272535412055,False,"[0.01, 0.99]",0.0,-0.005040122167244641,stationary_gaussian_fgn_unknown_constant_mean_ml,-152.878810804767,True,0.9926738794097385
fGn_0.25_n1024_r32,fGn_0.25_n1024,zero,0.25,,0.2559498262658164,False,"[0.01, 0.99]",0.0,0.0,stationary_gaussian_fgn_known_zero_mean,-152.00941574384888,True,0.9923355058871463
fGn_0.25_n1024_r33,fGn_0.25_n1024,unknown,0.25,,0.24895560044032092,False,"[0.01, 0.99]",0.0,0.00505083211643449,stationary_gaussian_fgn_unknown_constant_mean_ml,-114.42739543467269,True,1.014502478836457
fGn_0.25_n1024_r33,fGn_0.25_n1024,zero,0.25,,0.251209842139568,False,"[0.01, 0.99]",0.0,0.0,stationary_gaussian_fgn_known_zero_mean,-113.52912810113776,True,1.0137124881011277
fGn_0.25_n1024_r34,fGn_0.25_n1024,unknown,0.25,,0.2351914559419636,False,"[0.01, 0.99]",0.0,0.00762493478573321,stationary_gaussian_fgn_unknown_constant_mean_ml,-90.25979009797038,True,1.0344578266092586
fGn_0.25_n1024_r34,fGn_0.25_n1024,zero,0.25,,0.23967788123592187,False,"[0.01, 0.99]",0.0,0.0,stationary_gaussian_fgn_known_zero_mean,-87.85984619176043,True,1.033033894665062
fGn_0.25_n1024_r35,fGn_0.25_n1024,unknown,0.25,,0.2425299738684755,False,"[0.01, 0.99]",0.0,-0.005202888167046168,stationary_gaussian_fgn_unknown_constant_mean_ml,-88.75578562759438,True,1.0309342126596672
fGn_0.25_n1024_r35,fGn_0.25_n1024,zero,0.25,,0.24437482045448458,False,"[0.01, 0.99]",0.0,0.0,stationary_gaussian_fgn_known_zero_mean,-87.72983802425051,True,1.0303957020753298
fGn_0.25_n1024_r36,fGn_0.25_n1024,unknown,0.25,,0.24228071505447712,False,"[0.01, 0.99]",0.0,-0.0023328153502495275,stationary_gaussian_fgn_unknown_constant_mean_ml,-96.1347247209219,True,1.027369091241617
fGn_0.25_n1024_r36,fGn_0.25_n1024,zero,0.25,,0.24268077983967576,False,"[0.01, 0.99]",0.0,0.0,stationary_gaussian_fgn_known_zero_mean,-95.92402743944058,True,1.02724589358064
fGn_0.25_n1024_r37,fGn_0.25_n1024,unknown,0.25,,0.23363182126892745,False,"[0.01, 0.99]",0.0,-0.0031847296255416904,stationary_gaussian_fgn_unknown_constant_mean_ml,-139.7606114972691,True,1.0106604362335079
fGn_0.25_n1024_r37,fGn_0.25_n1024,zero,0.25,,0.23446463932771436,False,"[0.01, 0.99]",0.0,0.0,stationary_gaussian_fgn_known_zero_mean,-139.2989465300625,True,1.010403571603618
fGn_0.25_n1024_r38,fGn_0.25_n1024,unknown,0.25,,0.23007091570912336,False,"[0.01, 0.99]",0.0,0.0012828869465325438,stationary_gaussian_fgn_unknown_constant_mean_ml,-146.8988724035512,True,1.00922940681713
fGn_0.25_n1024_r38,fGn_0.25_n1024,zero,0.25,,0.2301188194910667,False,"[0.01, 0.99]",0.0,0.0,stationary_gaussian_fgn_known_zero_mean,-146.81904285916016,True,1.0092404669885617
fGn_0.25_n1024_r39,fGn_0.25_n1024,unknown,0.25,,0.2557272628361667,False,"[0.01, 0.99]",0.0,-0.0035912632214484272,stationary_gaussian_fgn_unknown_constant_mean_ml,-180.31732731354123,True,0.9788285194926761
fGn_0.25_n1024_r39,fGn_0.25_n1024,zero,0.25,,0.25661100722557456,False,"[0.01, 0.99]",0.0,0.0,stationary_gaussian_fgn_known_zero_mean,-179.87011621559896,True,0.9785864990786561
fGn_0.25_n1024_r4,fGn_0.25_n1024,unknown,0.25,,0.23847597177669902,False,"[0.01, 0.99]",0.0,-0.0037943004613251916,stationary_gaussian_fgn_unknown_constant_mean_ml,-167.01404758796616,True,0.9945439362054325
fGn_0.25_n1024_r4,fGn_0.25_n1024,zero,0.25,,0.23923797668541963,False,"[0.01, 0.99]",0.0,0.0,stationary_gaussian_fgn_known_zero_mean,-166.38431447514267,True,0.9944215546674767
fGn_0.25_n1024_r40,fGn_0.25_n1024,unknown,0.25,,0.24727793332772272,False,"[0.01, 0.99]",0.0,-0.013744100311161956,stationary_gaussian_fgn_unknown_constant_mean_ml,-196.79567801552776,True,0.9754004678012842
fGn_0.25_n1024_r40,fGn_0.25_n1024,zero,0.25,,0.2597256026665443,False,"[0.01, 0.99]",0.0,0.0,stationary_gaussian_fgn_known_zero_mean,-189.92407136225938,True,0.9722105045578748
fGn_0.25_n1024_r41,fGn_0.25_n1024,unknown,0.25,,0.2401727459373705,False,"[0.01, 0.99]",0.0,-0.0042170312381529995,stationary_gaussian_fgn_unknown_constant_mean_ml,-154.11301156492664,True,0.9998714092850144
fGn_0.25_n1024_r41,fGn_0.25_n1024,zero,0.25,,0.24190766045297823,False,"[0.01, 0.99]",0.0,0.0,stationary_gaussian_fgn_known_zero_mean,-153.3715531807211,True,0.9992619377032268
fGn_0.25_n1024_r42,fGn_0.25_n1024,unknown,0.25,,0.2356101673790375,False,"[0.01, 0.99]",0.0,0.003511276767684933,stationary_gaussian_fgn_unknown_constant_mean_ml,-118.55996096246872,True,1.020016866227051
fGn_0.25_n1024_r42,fGn_0.25_n1024,zero,0.25,,0.23651309265791548,False,"[0.01, 0.99]",0.0,0.0,stationary_gaussian_fgn_known_zero_mean,-118.02553287607361,True,1.0197568882583974
fGn_0.25_n1024_r43,fGn_0.25_n1024,unknown,0.25,,0.2531079832942962,False,"[0.01, 0.99]",0.0,0.005606342861845971,stationary_gaussian_fgn_unknown_constant_mean_ml,-135.24477288914204,True,1.0020013215241657
fGn_0.25_n1024_r43,fGn_0.25_n1024,zero,0.25,,0.2546993533792623,False,"[0.01, 0.99]",0.0,0.0,stationary_gaussian_fgn_known_zero_mean,-134.16630865612706,True,1.0016810150021744
fGn_0.25_n1024_r44,fGn_0.25_n1024,unknown,0.25,,0.22712627449366435,False,"[0.01, 0.99]",0.0,0.006550709610741733,stationary_gaussian_fgn_unknown_constant_mean_ml,-81.64445028017644,True,1.0437105009769452
fGn_0.25_n1024_r44,fGn_0.25_n1024,zero,0.25,,0.2301554523990773,False,"[0.01, 0.99]",0.0,0.0,stationary_gaussian_fgn_known_zero_mean,-79.64914543222358,True,1.0428677939890871
fGn_0.25_n1024_r45,fGn_0.25_n1024,unknown,0.25,,0.21956228309851747,False,"[0.01, 0.99]",0.0,-0.0036983574463354744,stationary_gaussian_fgn_unknown_constant_mean_ml,-150.43028124976672,True,1.0138332386302376
fGn_0.25_n1024_r45,fGn_0.25_n1024,zero,0.25,,0.2209274831317489,False,"[0.01, 0.99]",0.0,0.0,stationary_gaussian_fgn_known_zero_mean,-149.66483883501814,True,1.0133708615628325
fGn_0.25_n1024_r46,fGn_0.25_n1024,unknown,0.25,,0.24827940942913615,False,"[0.01, 0.99]",0.0,0.007572549087301539,stationary_gaussian_fgn_unknown_constant_mean_ml,-172.7923365493657,True,0.9863610908100366
fGn_0.25_n1024_r46,fGn_0.25_n1024,zero,0.25,,0.25282332429881105,False,"[0.01, 0.99]",0.0,0.0,stationary_gaussian_fgn_known_zero_mean,-170.67103100666918,True,0.9849674435662105
fGn_0.25_n1024_r47,fGn_0.25_n1024,unknown,0.25,,0.2562544276440036,False,"[0.01, 0.99]",0.0,0.0018479494813374402,stationary_gaussian_fgn_unknown_constant_mean_ml,-143.55924936621068,True,0.9962784422526356
fGn_0.25_n1024_r47,fGn_0.25_n1024,zero,0.25,,0.25630802068688124,False,"[0.01, 0.99]",0.0,0.0,stationary_gaussian_fgn_known_zero_mean,-143.44516901571888,True,0.9963058181369687
fGn_0.25_n1024_r48,fGn_0.25_n1024,unknown,0.25,,0.26941739156203265,False,"[0.01, 0.99]",0.0,-0.01328108024566287,stationary_gaussian_fgn_unknown_constant_mean_ml,-199.60743998112275,True,0.9628637755543314
fGn_0.25_n1024_r48,fGn_0.25_n1024,zero,0.25,,0.2776828432173526,False,"[0.01, 0.99]",0.0,0.0,stationary_gaussian_fgn_known_zero_mean,-194.71929201319017,True,0.9612641543850488
fGn_0.25_n1024_r49,fGn_0.25_n1024,unknown,0.25,,0.22203378021322984,False,"[0.01, 0.99]",0.0,-0.0065444786789205026,stationary_gaussian_fgn_unknown_constant_mean_ml,-91.26720940474024,True,1.0419848748459521
fGn_0.25_n1024_r49,fGn_0.25_n1024,zero,0.25,,0.2256249472776025,False,"[0.01, 0.99]",0.0,0.0,stationary_gaussian_fgn_known_zero_mean,-89.11842409774408,True,1.040835578874392
fGn_0.25_n1024_r5,fGn_0.25_n1024,unknown,0.25,,0.2573168985040007,False,"[0.01, 0.99]",0.0,0.0027947870828498042,stationary_gaussian_fgn_unknown_constant_mean_ml,-154.0811315735782,True,0.9906197260348408
fGn_0.25_n1024_r5,fGn_0.25_n1024,zero,0.25,,0.2580199575000852,False,"[0.01, 0.99]",0.0,0.0,stationary_gaussian_fgn_known_zero_mean,-153.8233598058191,True,0.9903797214672247
fGn_0.25_n1024_r50,fGn_0.25_n1024,unknown,0.25,,0.2598942544526216,False,"[0.01, 0.99]",0.0,-0.004121817042977036,stationary_gaussian_fgn_unknown_constant_mean_ml,-67.29618450895941,True,1.0321112142293412
fGn_0.25_n1024_r50,fGn_0.25_n1024,zero,0.25,,0.26113081876186073,False,"[0.01, 0.99]",0.0,0.0,stationary_gaussian_fgn_known_zero_mean,-66.80123107375903,True,1.031700186669649
fGn_0.25_n1024_r51,fGn_0.25_n1024,unknown,0.25,,0.26937478187830416,False,"[0.01, 0.99]",0.0,0.002147263162135834,stationary_gaussian_fgn_unknown_constant_mean_ml,-216.10824407038444,True,0.9551574137703012
fGn_0.25_n1024_r51,fGn_0.25_n1024,zero,0.25,,0.2697429303749205,False,"[0.01, 0.99]",0.0,0.0,stationary_gaussian_fgn_known_zero_mean,-215.97102309633328,True,0.9550461887117683
fGn_0.25_n1024_r52,fGn_0.25_n1024,unknown,0.25,,0.24600852457624514,False,"[0.01, 0.99]",0.0,0.0001426191059065644,stationary_gaussian_fgn_unknown_constant_mean_ml,-179.7306325867621,True,0.9842460463450713
fGn_0.25_n1024_r52,fGn_0.25_n1024,zero,0.25,,0.24601076614362008,False,"[0.01, 0.99]",0.0,0.0,stationary_gaussian_fgn_known_zero_mean,-179.72981960765173,True,0.9842452256174546
fGn_0.25_n1024_r53,fGn_0.25_n1024,unknown,0.25,,0.24370879229729106,False,"[0.01, 0.99]",0.0,-0.0031039570054673077,stationary_gaussian_fgn_unknown_constant_mean_ml,-97.53176249471426,True,1.0258539837504028
fGn_0.25_n1024_r53,fGn_0.25_n1024,zero,0.25,,0.24433521927625165,False,"[0.01, 0.99]",0.0,0.0,stationary_gaussian_fgn_known_zero_mean,-97.16621119177125,True,1.02568141906689
fGn_0.25_n1024_r54,fGn_0.25_n1024,unknown,0.25,,0.21156178403109913,False,"[0.01, 0.99]",0.0,0.0004920823417645629,stationary_gaussian_fgn_unknown_constant_mean_ml,-241.9705567302217,True,0.9743294879065164
fGn_0.25_n1024_r54,fGn_0.25_n1024,zero,0.25,,0.2115589069163337,False,"[0.01, 0.99]",0.0,0.0,stationary_gaussian_fgn_known_zero_mean,-241.95374542526088,True,0.9743392485303113
fGn_0.25_n1024_r55,fGn_0.25_n1024,unknown,0.25,,0.2676231580459155,False,"[0.01, 0.99]",0.0,-0.002797744604794159,stationary_gaussian_fgn_unknown_constant_mean_ml,-128.57179174764497,True,0.9977426326108599
fGn_0.25_n1024_r55,fGn_0.25_n1024,zero,0.25,,0.26795980797813956,False,"[0.01, 0.99]",0.0,0.0,stationary_gaussian_fgn_known_zero_mean,-128.3523394146664,True,0.9976809112657794
fGn_0.25_n1024_r56,fGn_0.25_n1024,unknown,0.25,,0.25738254901362323,False,"[0.01, 0.99]",0.0,0.0015658505704740336,stationary_gaussian_fgn_unknown_constant_mean_ml,-119.15674903227728,True,1.0076228581628983
fGn_0.25_n1024_r56,fGn_0.25_n1024,zero,0.25,,0.25754630430542735,False,"[0.01, 0.99]",0.0,0.0,stationary_gaussian_fgn_known_zero_mean,-119.07811237880378,True,1.0075750686605962
fGn_0.25_n1024_r57,fGn_0.25_n1024,unknown,0.25,,0.25817144718152096,False,"[0.01, 0.99]",0.0,0.008618333310884085,stationary_gaussian_fgn_unknown_constant_mean_ml,-160.04508263397975,True,0.987297373853869
fGn_0.25_n1024_r57,fGn_0.25_n1024,zero,0.25,,0.2628761707756854,False,"[0.01, 0.99]",0.0,0.0,stationary_gaussian_fgn_known_zero_mean,-157.6752981879158,True,0.9860366559070441
fGn_0.25_n1024_r58,fGn_0.25_n1024,unknown,0.25,,0.25128698118570497,False,"[0.01, 0.99]",0.0,-0.0061778296179891235,stationary_gaussian_fgn_unknown_constant_mean_ml,-89.0093688330353,True,1.0258796010886733
fGn_0.25_n1024_r58,fGn_0.25_n1024,zero,0.25,,0.2538399259050106,False,"[0.01, 0.99]",0.0,0.0,stationary_gaussian_fgn_known_zero_mean,-87.73750842279242,True,1.0251165243768519
fGn_0.25_n1024_r59,fGn_0.25_n1024,unknown,0.25,,0.2584521817099418,False,"[0.01, 0.99]",0.0,-0.007236570530779108,stationary_gaussian_fgn_unknown_constant_mean_ml,-100.02570123396572,True,1.0165105377096655
fGn_0.25_n1024_r59,fGn_0.25_n1024,zero,0.25,,0.2610516778762442,False,"[0.01, 0.99]",0.0,0.0,stationary_gaussian_fgn_known_zero_mean,-98.42598106054083,True,1.015932792217423
fGn_0.25_n1024_r6,fGn_0.25_n1024,unknown,0.25,,0.23525607809659088,False,"[0.01, 0.99]",0.0,-0.0011319316347977338,stationary_gaussian_fgn_unknown_constant_mean_ml,-115.24063443430259,True,1.0218786326166813
fGn_0.25_n1024_r6,fGn_0.25_n1024,zero,0.25,,0.2353274908119447,False,"[0.01, 0.99]",0.0,0.0,stationary_gaussian_fgn_known_zero_mean,-115.18467461527098,True,1.0218647352431056
fGn_0.25_n1024_r60,fGn_0.25_n1024,unknown,0.25,,0.28110209171377026,False,"[0.01, 0.99]",0.0,0.001812390302388986,stationary_gaussian_fgn_unknown_constant_mean_ml,-61.6451122776175,True,1.0241245775445962
fGn_0.25_n1024_r60,fGn_0.25_n1024,zero,0.25,,0.2811918344274676,False,"[0.01, 0.99]",0.0,0.0,stationary_gaussian_fgn_known_zero_mean,-61.57345654383562,True,1.0241168398135871
fGn_0.25_n1024_r61,fGn_0.25_n1024,unknown,0.25,,0.24729873567582156,False,"[0.01, 0.99]",0.0,-0.007324678169796478,stationary_gaussian_fgn_unknown_constant_mean_ml,-173.87937343152225,True,0.9863648937728766
fGn_0.25_n1024_r61,fGn_0.25_n1024,zero,0.25,,0.250578248648393,False,"[0.01, 0.99]",0.0,0.0,stationary_gaussian_fgn_known_zero_mean,-171.8342371237427,True,0.9855948216344251
fGn_0.25_n1024_r62,fGn_0.25_n1024,unknown,0.25,,0.22892548364009602,False,"[0.01, 0.99]",0.0,0.0036681296308273157,stationary_gaussian_fgn_unknown_constant_mean_ml,-132.51703094418917,True,1.0170243189749815
fGn_0.25_n1024_r62,fGn_0.25_n1024,zero,0.25,,0.23026442359990218,False,"[0.01, 0.99]",0.0,0.0,stationary_gaussian_fgn_known_zero_mean,-131.86991718821764,True,1.0165476984478716
fGn_0.25_n1024_r63,fGn_0.25_n1024,unknown,0.25,,0.24928328051496218,False,"[0.01, 0.99]",0.0,-0.0002457723389930081,stationary_gaussian_fgn_unknown_constant_mean_ml,-153.28254164165173,True,0.9952596708409569
fGn_0.25_n1024_r63,fGn_0.25_n1024,zero,0.25,,0.2492847168157763,False,"[0.01, 0.99]",0.0,0.0,stationary_gaussian_fgn_known_zero_mean,-153.28029481903786,True,0.9952599880955524
fGn_0.25_n1024_r7,fGn_0.25_n1024,unknown,0.25,,0.23777363522084083,False,"[0.01, 0.99]",0.0,-0.004243547667714544,stationary_gaussian_fgn_unknown_constant_mean_ml,-96.15731797144872,True,1.0299651840390425
fGn_0.25_n1024_r7,fGn_0.25_n1024,zero,0.25,,0.23880736974472414,False,"[0.01, 0.99]",0.0,0.0,stationary_gaussian_fgn_known_zero_mean,-95.41667171273912,True,1.0297347525093299
fGn_0.25_n1024_r8,fGn_0.25_n1024,unknown,0.25,,0.2610164888915416,False,"[0.01, 0.99]",0.0,0.0017205465381808138,stationary_gaussian_fgn_unknown_constant_mean_ml,-187.99460186304577,True,0.972476559143412
fGn_0.25_n1024_r8,fGn_0.25_n1024,zero,0.25,,0.2612254325983247,False,"[0.01, 0.99]",0.0,0.0,stationary_gaussian_fgn_known_zero_mean,-187.8981494335594,True,0.9724174611272062
fGn_0.25_n1024_r9,fGn_0.25_n1024,unknown,0.25,,0.2560470554098263,False,"[0.01, 0.99]",0.0,0.0047235275701087934,stationary_gaussian_fgn_unknown_constant_mean_ml,-99.83895055418225,True,1.0178866601721681
fGn_0.25_n1024_r9,fGn_0.25_n1024,zero,0.25,,0.2574628411898658,False,"[0.01, 0.99]",0.0,0.0,stationary_gaussian_fgn_known_zero_mean,-99.1299035743873,True,1.0174816409870597
fGn_0.25_n256_r0,fGn_0.25_n256,unknown,0.25,,0.23073185755663228,False,"[0.01, 0.99]",0.0,-0.02275713362885736,stationary_gaussian_fgn_unknown_constant_mean_ml,-83.59125014126346,True,0.9198475377167691
fGn_0.25_n256_r0,fGn_0.25_n256,zero,0.25,,0.24520251242059887,False,"[0.01, 0.99]",0.0,0.0,stationary_gaussian_fgn_known_zero_mean,-80.29594723410526,True,0.9183022590612953
fGn_0.25_n256_r1,fGn_0.25_n256,unknown,0.25,,0.20929371101486538,False,"[0.01, 0.99]",0.0,0.016579910666755123,stationary_gaussian_fgn_unknown_constant_mean_ml,-34.671260076043495,True,1.0252168518111255
fGn_0.25_n256_r1,fGn_0.25_n256,zero,0.25,,0.218783454843679,False,"[0.01, 0.99]",0.0,0.0,stationary_gaussian_fgn_known_zero_mean,-32.79760480084258,True,1.0229785090261991
fGn_0.25_n256_r10,fGn_0.25_n256,unknown,0.25,,0.19978843500503407,False,"[0.01, 0.99]",0.0,0.009667779957716918,stationary_gaussian_fgn_unknown_constant_mean_ml,-90.40049391555522,True,0.9250863379665869
fGn_0.25_n256_r10,fGn_0.25_n256,zero,0.25,,0.20622916628672233,False,"[0.01, 0.99]",0.0,0.0,stationary_gaussian_fgn_known_zero_mean,-89.50051741275558,True,0.9228852859620386
fGn_0.25_n256_r11,fGn_0.25_n256,unknown,0.25,,0.2647536444626188,False,"[0.01, 0.99]",0.0,0.005311109807039204,stationary_gaussian_fgn_unknown_constant_mean_ml,-38.11103828733292,True,0.9870055155766879
fGn_0.25_n256_r11,fGn_0.25_n256,zero,0.25,,0.26511477487109747,False,"[0.01, 0.99]",0.0,0.0,stationary_gaussian_fgn_known_zero_mean,-38.00122863177489,True,0.9870379964701409
fGn_0.25_n256_r12,fGn_0.25_n256,unknown,0.25,,0.3224667770919096,False,"[0.01, 0.99]",0.0,0.0002536310925243552,stationary_gaussian_fgn_unknown_constant_mean_ml,-54.35064392421532,True,0.9320012023775054
fGn_0.25_n256_r12,fGn_0.25_n256,zero,0.25,,0.32248733757352005,False,"[0.01, 0.99]",0.0,0.0,stationary_gaussian_fgn_known_zero_mean,-54.3505028448875,True,0.9319940663196992
fGn_0.25_n256_r13,fGn_0.25_n256,unknown,0.25,,0.2525906275365442,False,"[0.01, 0.99]",0.0,-0.008458485249044455,stationary_gaussian_fgn_unknown_constant_mean_ml,-60.50712948934586,True,0.9507104358231082
fGn_0.25_n256_r13,fGn_0.25_n256,zero,0.25,,0.2537833882170025,False,"[0.01, 0.99]",0.0,0.0,stationary_gaussian_fgn_known_zero_mean,-60.1598257531042,True,0.9507569373902224
fGn_0.25_n256_r14,fGn_0.25_n256,unknown,0.25,,0.280000203170282,False,"[0.01, 0.99]",0.0,-0.005970581882792305,stationary_gaussian_fgn_unknown_constant_mean_ml,-78.56340201357784,True,0.9052744114618974
fGn_0.25_n256_r14,fGn_0.25_n256,zero,0.25,,0.28116712360359497,False,"[0.01, 0.99]",0.0,0.0,stationary_gaussian_fgn_known_zero_mean,-78.42714167571103,True,0.905018567882627
fGn_0.25_n256_r15,fGn_0.25_n256,unknown,0.25,,0.20957191597375252,False,"[0.01, 0.99]",0.0,0.013035937235282586,stationary_gaussian_fgn_unknown_constant_mean_ml,-49.01996106232616,True,0.9967103375706623
fGn_0.25_n256_r15,fGn_0.25_n256,zero,0.25,,0.21624846506283046,False,"[0.01, 0.99]",0.0,0.0,stationary_gaussian_fgn_known_zero_mean,-47.77409768432119,True,0.9950203919228652
fGn_0.25_n256_r16,fGn_0.25_n256,unknown,0.25,,0.22460315584117668,False,"[0.01, 0.99]",0.0,0.0032391877020899293,stationary_gaussian_fgn_unknown_constant_mean_ml,-34.80585467801359,True,1.0154344461235463
fGn_0.25_n256_r16,fGn_0.25_n256,zero,0.25,,0.22487772257214525,False,"[0.01, 0.99]",0.0,0.0,stationary_gaussian_fgn_known_zero_mean,-34.74232027302514,True,1.0153957269441205
fGn_0.25_n256_r17,fGn_0.25_n256,unknown,0.25,,0.2670552059183804,False,"[0.01, 0.99]",0.0,-0.012252195027241668,stationary_gaussian_fgn_unknown_constant_mean_ml,-8.768104965983184,True,1.0440196416427703
fGn_0.25_n256_r17,fGn_0.25_n256,zero,0.25,,0.27224240083991996,False,"[0.01, 0.99]",0.0,0.0,stationary_gaussian_fgn_known_zero_mean,-8.280849420611844,True,1.0423452007133116
fGn_0.25_n256_r18,fGn_0.25_n256,unknown,0.25,,0.2300139132754149,False,"[0.01, 0.99]",0.0,-0.0014010760716142803,stationary_gaussian_fgn_unknown_constant_mean_ml,-56.23651802995289,True,0.9707316708934068
fGn_0.25_n256_r18,fGn_0.25_n256,zero,0.25,,0.23001940250166666,False,"[0.01, 0.99]",0.0,0.0,stationary_gaussian_fgn_known_zero_mean,-56.22435803685636,True,0.9707516419867758
fGn_0.25_n256_r19,fGn_0.25_n256,unknown,0.25,,0.25296598318713076,False,"[0.01, 0.99]",0.0,0.004636547835440564,stationary_gaussian_fgn_unknown_constant_mean_ml,-41.67399068589941,True,0.9861363224777708
fGn_0.25_n256_r19,fGn_0.25_n256,zero,0.25,,0.254068485526428,False,"[0.01, 0.99]",0.0,0.0,stationary_gaussian_fgn_known_zero_mean,-41.57813636476533,True,0.9857480676317247
fGn_0.25_n256_r2,fGn_0.25_n256,unknown,0.25,,0.22265386135856818,False,"[0.01, 0.99]",0.0,0.013491180835155084,stationary_gaussian_fgn_unknown_constant_mean_ml,-35.03556944897639,True,1.0161536732076277
fGn_0.25_n256_r2,fGn_0.25_n256,zero,0.25,,0.22968455122894246,False,"[0.01, 0.99]",0.0,0.0,stationary_gaussian_fgn_known_zero_mean,-33.964525405400536,True,1.0140837965825313
fGn_0.25_n256_r20,fGn_0.25_n256,unknown,0.25,,0.2314141216742386,False,"[0.01, 0.99]",0.0,-0.0123186392014924,stationary_gaussian_fgn_unknown_constant_mean_ml,-14.95896623615431,True,1.0513834317135882
fGn_0.25_n256_r20,fGn_0.25_n256,zero,0.25,,0.2353443381654227,False,"[0.01, 0.99]",0.0,0.0,stationary_gaussian_fgn_known_zero_mean,-14.187523390747515,True,1.0506076917003206
fGn_0.25_n256_r21,fGn_0.25_n256,unknown,0.25,,0.19154964306790637,False,"[0.01, 0.99]",0.0,-0.009533176580551347,stationary_gaussian_fgn_unknown_constant_mean_ml,-60.685371048052616,True,0.9857202350122917
fGn_0.25_n256_r21,fGn_0.25_n256,zero,0.25,,0.1951751469351465,False,"[0.01, 0.99]",0.0,0.0,stationary_gaussian_fgn_known_zero_mean,-59.80271176459382,True,0.9850354501309142
fGn_0.25_n256_r22,fGn_0.25_n256,unknown,0.25,,0.19612168336040894,False,"[0.01, 0.99]",0.0,-0.021087293706088285,stationary_gaussian_fgn_unknown_constant_mean_ml,-45.11475660864005,True,1.0130684717276761
fGn_0.25_n256_r22,fGn_0.25_n256,zero,0.25,,0.21915135224417762,False,"[0.01, 0.99]",0.0,0.0,stationary_gaussian_fgn_known_zero_mean,-41.78456055442916,True,1.0049557671077938
fGn_0.25_n256_r23,fGn_0.25_n256,unknown,0.25,,0.21527353785899236,False,"[0.01, 0.99]",0.0,-0.0008596488352360663,stationary_gaussian_fgn_unknown_constant_mean_ml,-39.54670124734548,True,1.01174196557313
fGn_0.25_n256_r23,fGn_0.25_n256,zero,0.25,,0.21520752811745014,False,"[0.01, 0.99]",0.0,0.0,stationary_gaussian_fgn_known_zero_mean,-39.54162227937536,True,1.0117929458100123
fGn_0.25_n256_r24,fGn_0.25_n256,unknown,0.25,,0.3121437397903885,False,"[0.01, 0.99]",0.0,-0.007596784416096076,stationary_gaussian_fgn_unknown_constant_mean_ml,-9.430615314700276,True,1.0216331806896417
fGn_0.25_n256_r24,fGn_0.25_n256,zero,0.25,,0.3122737435334283,False,"[0.01, 0.99]",0.0,0.0,stationary_gaussian_fgn_known_zero_mean,-9.311501965619982,True,1.021816908130873
fGn_0.25_n256_r25,fGn_0.25_n256,unknown,0.25,,0.24032674262266446,False,"[0.01, 0.99]",0.0,-0.0011077360116137028,stationary_gaussian_fgn_unknown_constant_mean_ml,-60.75466052587342,True,0.9565914670229566
fGn_0.25_n256_r25,fGn_0.25_n256,zero,0.25,,0.24044391119241765,False,"[0.01, 0.99]",0.0,0.0,stationary_gaussian_fgn_known_zero_mean,-60.747794732936995,True,0.9565420278877415
fGn_0.25_n256_r26,fGn_0.25_n256,unknown,0.25,,0.23971570205040874,False,"[0.01, 0.99]",0.0,-0.01060182157894566,stationary_gaussian_fgn_unknown_constant_mean_ml,-25.708519984609893,True,1.0247109616264678
fGn_0.25_n256_r26,fGn_0.25_n256,zero,0.25,,0.24474950072776547,False,"[0.01, 0.99]",0.0,0.0,stationary_gaussian_fgn_known_zero_mean,-25.17672257387278,True,1.0229321466964416
fGn_0.25_n256_r27,fGn_0.25_n256,unknown,0.25,,0.20335187772839353,False,"[0.01, 0.99]",0.0,-0.00016645119334784508,stationary_gaussian_fgn_unknown_constant_mean_ml,-43.006339711953046,True,1.0124724463409784
fGn_0.25_n256_r27,fGn_0.25_n256,zero,0.25,,0.20335328987225373,False,"[0.01, 0.99]",0.0,0.0,stationary_gaussian_fgn_known_zero_mean,-43.006117568878494,True,1.0124719678678473
fGn_0.25_n256_r28,fGn_0.25_n256,unknown,0.25,,0.24159581954581946,False,"[0.01, 0.99]",0.0,0.014392413421626976,stationary_gaussian_fgn_unknown_constant_mean_ml,-16.105133718483955,True,1.0430236061278713
fGn_0.25_n256_r28,fGn_0.25_n256,zero,0.25,,0.24788642219541024,False,"[0.01, 0.99]",0.0,0.0,stationary_gaussian_fgn_known_zero_mean,-15.184910385395312,True,1.0413172363343783
fGn_0.25_n256_r29,fGn_0.25_n256,unknown,0.25,,0.2735133264190309,False,"[0.01, 0.99]",0.0,-0.013200902238402642,stationary_gaussian_fgn_unknown_constant_mean_ml,-64.49004629287651,True,0.9333935817730799
fGn_0.25_n256_r29,fGn_0.25_n256,zero,0.25,,0.2779221685503856,False,"[0.01, 0.99]",0.0,0.0,stationary_gaussian_fgn_known_zero_mean,-63.82697283351024,True,0.9326261338471568
fGn_0.25_n256_r3,fGn_0.25_n256,unknown,0.25,,0.26977374173588703,False,"[0.01, 0.99]",0.0,-0.005124233304613126,stationary_gaussian_fgn_unknown_constant_mean_ml,-31.06510829040826,True,0.9981841430024566
fGn_0.25_n256_r3,fGn_0.25_n256,zero,0.25,,0.27038960839064075,False,"[0.01, 0.99]",0.0,0.0,stationary_gaussian_fgn_known_zero_mean,-30.97125203301016,True,0.9980646738508919
fGn_0.25_n256_r30,fGn_0.25_n256,unknown,0.25,,0.23590475847699208,False,"[0.01, 0.99]",0.0,-0.003449774649473117,stationary_gaussian_fgn_unknown_constant_mean_ml,-56.31354273927161,True,0.9673200141728157
fGn_0.25_n256_r30,fGn_0.25_n256,zero,0.25,,0.23604290769552935,False,"[0.01, 0.99]",0.0,0.0,stationary_gaussian_fgn_known_zero_mean,-56.2446252631097,True,0.967374670678159
fGn_0.25_n256_r31,fGn_0.25_n256,unknown,0.25,,0.25880837275844426,False,"[0.01, 0.99]",0.0,-0.04316872100722016,stationary_gaussian_fgn_unknown_constant_mean_ml,-5.8244378225221,True,1.0544388211983844
fGn_0.25_n256_r31,fGn_0.25_n256,zero,0.25,,0.29200738746100907,False,"[0.01, 0.99]",0.0,0.0,stationary_gaussian_fgn_known_zero_mean,-0.12429739283481922,True,1.049349482718097
fGn_0.25_n256_r32,fGn_0.25_n256,unknown,0.25,,0.27077399488035836,False,"[0.01, 0.99]",0.0,-0.0015223317227398558,stationary_gaussian_fgn_unknown_constant_mean_ml,-51.54628791580615,True,0.9585711043648287
fGn_0.25_n256_r32,fGn_0.25_n256,zero,0.25,,0.27106387901753903,False,"[0.01, 0.99]",0.0,0.0,stationary_gaussian_fgn_known_zero_mean,-51.53746434917923,True,0.9584514013189027
fGn_0.25_n256_r33,fGn_0.25_n256,unknown,0.25,,0.31675243294518435,False,"[0.01, 0.99]",0.0,0.005527694687170513,stationary_gaussian_fgn_unknown_constant_mean_ml,-16.296522411527235,True,1.006159482447291
fGn_0.25_n256_r33,fGn_0.25_n256,zero,0.25,,0.3173405909201868,False,"[0.01, 0.99]",0.0,0.0,stationary_gaussian_fgn_known_zero_mean,-16.235182047458466,True,1.00604530687535
fGn_0.25_n256_r34,fGn_0.25_n256,unknown,0.25,,0.24582860411903085,False,"[0.01, 0.99]",0.0,-0.017961241944346697,stationary_gaussian_fgn_unknown_constant_mean_ml,-57.2074096634193,True,0.9603334961546278
fGn_0.25_n256_r34,fGn_0.25_n256,zero,0.25,,0.2516524576498504,False,"[0.01, 0.99]",0.0,0.0,stationary_gaussian_fgn_known_zero_mean,-55.56897562350014,True,0.9604016487892763
fGn_0.25_n256_r35,fGn_0.25_n256,unknown,0.25,,0.23731558591839863,False,"[0.01, 0.99]",0.0,0.0006685935357426424,stationary_gaussian_fgn_unknown_constant_mean_ml,-25.732173640102246,True,1.0260410143325824
fGn_0.25_n256_r35,fGn_0.25_n256,zero,0.25,,0.23728960337317606,False,"[0.01, 0.99]",0.0,0.0,stationary_gaussian_fgn_known_zero_mean,-25.72991283862359,True,1.0260605379831718
fGn_0.25_n256_r36,fGn_0.25_n256,unknown,0.25,,0.25078730061285287,False,"[0.01, 0.99]",0.0,0.024453717493277786,stationary_gaussian_fgn_unknown_constant_mean_ml,-39.4835612604744,True,0.9915095766693542
fGn_0.25_n256_r36,fGn_0.25_n256,zero,0.25,,0.2691562511929483,False,"[0.01, 0.99]",0.0,0.0,stationary_gaussian_fgn_known_zero_mean,-37.058917745803456,True,0.9868674271181753
fGn_0.25_n256_r37,fGn_0.25_n256,unknown,0.25,,0.2197059752089119,False,"[0.01, 0.99]",0.0,0.00011820332925942256,stationary_gaussian_fgn_unknown_constant_mean_ml,-6.287257908166339,True,1.0767418371735857
fGn_0.25_n256_r37,fGn_0.25_n256,zero,0.25,,0.21969902815138842,False,"[0.01, 0.99]",0.0,0.0,stationary_gaussian_fgn_known_zero_mean,-6.287177762313604,True,1.0767465127723679
fGn_0.25_n256_r38,fGn_0.25_n256,unknown,0.25,,0.3074625721371913,False,"[0.01, 0.99]",0.0,-0.00912585573290642,stationary_gaussian_fgn_unknown_constant_mean_ml,-51.69013887841436,True,0.9425078327546577
fGn_0.25_n256_r38,fGn_0.25_n256,zero,0.25,,0.30949120535624086,False,"[0.01, 0.99]",0.0,0.0,stationary_gaussian_fgn_known_zero_mean,-51.4798137320297,True,0.9421039271016056
fGn_0.25_n256_r39,fGn_0.25_n256,unknown,0.25,,0.25378272323819084,False,"[0.01, 0.99]",0.0,-0.009429545198539467,stationary_gaussian_fgn_unknown_constant_mean_ml,-12.444371282894508,True,1.0436224244329302
fGn_0.25_n256_r39,fGn_0.25_n256,zero,0.25,,0.25552239742606336,False,"[0.01, 0.99]",0.0,0.0,stationary_gaussian_fgn_known_zero_mean,-12.092801372752433,True,1.0433866990523548
fGn_0.25_n256_r4,fGn_0.25_n256,unknown,0.25,,0.17688318325345753,False,"[0.01, 0.99]",0.0,-0.009140063217727045,stationary_gaussian_fgn_unknown_constant_mean_ml,-73.22922973310676,True,0.9716673597859599
fGn_0.25_n256_r4,fGn_0.25_n256,zero,0.25,,0.18222267281408275,False,"[0.01, 0.99]",0.0,0.0,stationary_gaussian_fgn_known_zero_mean,-72.23144164211965,True,0.9699099131768606
fGn_0.25_n256_r40,fGn_0.25_n256,unknown,0.25,,0.2860732593082128,False,"[0.01, 0.99]",0.0,0.013678404359124024,stationary_gaussian_fgn_unknown_constant_mean_ml,15.59028122399593,True,1.0849687554834901
fGn_0.25_n256_r40,fGn_0.25_n256,zero,0.25,,0.2882043337909732,False,"[0.01, 0.99]",0.0,0.0,stationary_gaussian_fgn_known_zero_mean,16.052713761300083,True,1.0848923161949258
fGn_0.25_n256_r41,fGn_0.25_n256,unknown,0.25,,0.26683274635287596,False,"[0.01, 0.99]",0.0,-0.016996486124498174,stationary_gaussian_fgn_unknown_constant_mean_ml,-18.402258412800734,True,1.0246719420517734
fGn_0.25_n256_r41,fGn_0.25_n256,zero,0.25,,0.272827118427161,False,"[0.01, 0.99]",0.0,0.0,stationary_gaussian_fgn_known_zero_mean,-17.413904113480612,True,1.0236252354893618
fGn_0.25_n256_r42,fGn_0.25_n256,unknown,0.25,,0.21915589863112592,False,"[0.01, 0.99]",0.0,0.001261862265072555,stationary_gaussian_fgn_unknown_constant_mean_ml,-57.258170995976,True,0.9750357783996384
fGn_0.25_n256_r42,fGn_0.25_n256,zero,0.25,,0.21901963112586234,False,"[0.01, 0.99]",0.0,0.0,stationary_gaussian_fgn_known_zero_mean,-57.24696740805746,True,0.9751373664645094
fGn_0.25_n256_r43,fGn_0.25_n256,unknown,0.25,,0.24016877145693355,False,"[0.01, 0.99]",0.0,0.008882866223886107,stationary_gaussian_fgn_unknown_constant_mean_ml,-4.818760727307335,True,1.0671150009519728
fGn_0.25_n256_r43,fGn_0.25_n256,zero,0.25,,0.242394793840486,False,"[0.01, 0.99]",0.0,0.0,stationary_gaussian_fgn_known_zero_mean,-4.466500899750372,True,1.0665343576332802
fGn_0.25_n256_r44,fGn_0.25_n256,unknown,0.25,,0.2783062044775657,False,"[0.01, 0.99]",0.0,-0.009189180667084197,stationary_gaussian_fgn_unknown_constant_mean_ml,-52.54509616691456,True,0.9532305212916989
fGn_0.25_n256_r44,fGn_0.25_n256,zero,0.25,,0.2794761528496307,False,"[0.01, 0.99]",0.0,0.0,stationary_gaussian_fgn_known_zero_mean,-52.24675564707064,True,0.9532576073165218
fGn_0.25_n256_r45,fGn_0.25_n256,unknown,0.25,,0.2719173411850302,False,"[0.01, 0.99]",0.0,0.010149990928723839,stationary_gaussian_fgn_unknown_constant_mean_ml,-46.35336037623415,True,0.9678011665333338
fGn_0.25_n256_r45,fGn_0.25_n256,zero,0.25,,0.2754984862893345,False,"[0.01, 0.99]",0.0,0.0,stationary_gaussian_fgn_known_zero_mean,-45.98094195282795,True,0.966826526754725
fGn_0.25_n256_r46,fGn_0.25_n256,unknown,0.25,,0.22929064281744246,False,"[0.01, 0.99]",0.0,2.0671188790836147e-05,stationary_gaussian_fgn_unknown_constant_mean_ml,-4.923530130707945,True,1.0735111106382358
fGn_0.25_n256_r46,fGn_0.25_n256,zero,0.25,,0.22929297106549443,False,"[0.01, 0.99]",0.0,0.0,stationary_gaussian_fgn_known_zero_mean,-4.923527949221352,True,1.0735096645370938
fGn_0.25_n256_r47,fGn_0.25_n256,unknown,0.25,,0.18546031060703763,False,"[0.01, 0.99]",0.0,0.0016258427709289489,stationary_gaussian_fgn_unknown_constant_mean_ml,-30.04490175206672,True,1.0508527931414247
fGn_0.25_n256_r47,fGn_0.25_n256,zero,0.25,,0.18552889108750745,False,"[0.01, 0.99]",0.0,0.0,stationary_gaussian_fgn_known_zero_mean,-30.019963593138527,True,1.0508544038828234
fGn_0.25_n256_r48,fGn_0.25_n256,unknown,0.25,,0.25128377955488185,False,"[0.01, 0.99]",0.0,-0.0009272499474025232,stationary_gaussian_fgn_unknown_constant_mean_ml,-48.658242608426576,True,0.9736433043527243
fGn_0.25_n256_r48,fGn_0.25_n256,zero,0.25,,0.2513036107310058,False,"[0.01, 0.99]",0.0,0.0,stationary_gaussian_fgn_known_zero_mean,-48.65418163448692,True,0.9736407592553655
fGn_0.25_n256_r49,fGn_0.25_n256,unknown,0.25,,0.2121739549435503,False,"[0.01, 0.99]",0.0,0.002458324082797651,stationary_gaussian_fgn_unknown_constant_mean_ml,-29.516245361054644,True,1.0337321639646115
fGn_0.25_n256_r49,fGn_0.25_n256,zero,0.25,,0.21266018233042128,False,"[0.01, 0.99]",0.0,0.0,stationary_gaussian_fgn_known_zero_mean,-29.475025967417082,True,1.0335038856427512
fGn_0.25_n256_r5,fGn_0.25_n256,unknown,0.25,,0.29196762217918537,False,"[0.01, 0.99]",0.0,0.011812381582001458,stationary_gaussian_fgn_unknown_constant_mean_ml,4.489675756759425,True,1.0588674294577702
fGn_0.25_n256_r5,fGn_0.25_n256,zero,0.25,,0.29673444295902096,False,"[0.01, 0.99]",0.0,0.0,stationary_gaussian_fgn_known_zero_mean,4.814231038347998,True,1.0573076477679981
fGn_0.25_n256_r50,fGn_0.25_n256,unknown,0.25,,0.23622645255427607,False,"[0.01, 0.99]",0.0,0.012107605360344295,stationary_gaussian_fgn_unknown_constant_mean_ml,-13.56905776710937,True,1.05135269321412
fGn_0.25_n256_r50,fGn_0.25_n256,zero,0.25,,0.24082810861494797,False,"[0.01, 0.99]",0.0,0.0,stationary_gaussian_fgn_known_zero_mean,-12.874000274034074,True,1.0500730387541353
fGn_0.25_n256_r51,fGn_0.25_n256,unknown,0.25,,0.17441486104544515,False,"[0.01, 0.99]",0.0,0.019127889327950304,stationary_gaussian_fgn_unknown_constant_mean_ml,-53.464930977797394,True,1.011692771193449
fGn_0.25_n256_r51,fGn_0.25_n256,zero,0.25,,0.1936117395669074,False,"[0.01, 0.99]",0.0,0.0,stationary_gaussian_fgn_known_zero_mean,-49.63677826903438,True,1.005833561625899
fGn_0.25_n256_r52,fGn_0.25_n256,unknown,0.25,,0.24987754915625185,False,"[0.01, 0.99]",0.0,-0.00023604172133098907,stationary_gaussian_fgn_unknown_constant_mean_ml,-21.147177890426974,True,1.0281614831740107
fGn_0.25_n256_r52,fGn_0.25_n256,zero,0.25,,0.24989684166396914,False,"[0.01, 0.99]",0.0,0.0,stationary_gaussian_fgn_known_zero_mean,-21.14693802174918,True,1.0281513566595057
fGn_0.25_n256_r53,fGn_0.25_n256,unknown,0.25,,0.22833546082107983,False,"[0.01, 0.99]",0.0,-0.023724593240952385,stationary_gaussian_fgn_unknown_constant_mean_ml,-52.76438340631813,True,0.9782900869259112
fGn_0.25_n256_r53,fGn_0.25_n256,zero,0.25,,0.24868800623202073,False,"[0.01, 0.99]",0.0,0.0,stationary_gaussian_fgn_known_zero_mean,-49.70781772710086,True,0.9729986987894339
fGn_0.25_n256_r54,fGn_0.25_n256,unknown,0.25,,0.2846766758665855,False,"[0.01, 0.99]",0.0,-0.007814125087782222,stationary_gaussian_fgn_unknown_constant_mean_ml,-4.004268816712852,True,1.0449026040563285
fGn_0.25_n256_r54,fGn_0.25_n256,zero,0.25,,0.2855709045520545,False,"[0.01, 0.99]",0.0,0.0,stationary_gaussian_fgn_known_zero_mean,-3.8379954963542104,True,1.04481120203335
fGn_0.25_n256_r55,fGn_0.25_n256,unknown,0.25,,0.2126500121631575,False,"[0.01, 0.99]",0.0,0.027200373541945273,stationary_gaussian_fgn_unknown_constant_mean_ml,-69.40969412222421,True,0.9559628358481351
fGn_0.25_n256_r55,fGn_0.25_n256,zero,0.25,,0.24694066082227845,False,"[0.01, 0.99]",0.0,0.0,stationary_gaussian_fgn_known_zero_mean,-64.68415460129768,True,0.9458409424103554
fGn_0.25_n256_r56,fGn_0.25_n256,unknown,0.25,,0.2276001173457019,False,"[0.01, 0.99]",0.0,-0.015935057243699747,stationary_gaussian_fgn_unknown_constant_mean_ml,-44.492987185820766,True,0.9946494148405206
fGn_0.25_n256_r56,fGn_0.25_n256,zero,0.25,,0.23717792241126542,False,"[0.01, 0.99]",0.0,0.0,stationary_gaussian_fgn_known_zero_mean,-43.04173275830169,True,0.9920095209634466
fGn_0.25_n256_r57,fGn_0.25_n256,unknown,0.25,,0.2526909726376221,False,"[0.01, 0.99]",0.0,0.004048761799162706,stationary_gaussian_fgn_unknown_constant_mean_ml,-41.00838227916165,True,0.9875626654537274
fGn_0.25_n256_r57,fGn_0.25_n256,zero,0.25,,0.2529297641195359,False,"[0.01, 0.99]",0.0,0.0,stationary_gaussian_fgn_known_zero_mean,-40.9344706628342,True,0.9875805958177528
fGn_0.25_n256_r58,fGn_0.25_n256,unknown,0.25,,0.2646890461240245,False,"[0.01, 0.99]",0.0,-1.9548124649896507e-05,stationary_gaussian_fgn_unknown_constant_mean_ml,-32.76594018470155,True,0.9973958966803868
fGn_0.25_n256_r58,fGn_0.25_n256,zero,0.25,,0.2646891430207731,False,"[0.01, 0.99]",0.0,0.0,stationary_gaussian_fgn_known_zero_mean,-32.76593872531009,True,0.9973958508840766
fGn_0.25_n256_r59,fGn_0.25_n256,unknown,0.25,,0.3174853957482655,False,"[0.01, 0.99]",0.0,0.022788977723038905,stationary_gaussian_fgn_unknown_constant_mean_ml,-51.67037459759405,True,0.9387185458584248
fGn_0.25_n256_r59,fGn_0.25_n256,zero,0.25,,0.32544831695180965,False,"[0.01, 0.99]",0.0,0.0,stationary_gaussian_fgn_known_zero_mean,-50.52269596427027,True,0.9379241529572915
fGn_0.25_n256_r6,fGn_0.25_n256,unknown,0.25,,0.22261860521039847,False,"[0.01, 0.99]",0.0,-0.0031434267252454942,stationary_gaussian_fgn_unknown_constant_mean_ml,-48.95986065570105,True,0.9889116455548501
fGn_0.25_n256_r6,fGn_0.25_n256,zero,0.25,,0.22300521833016992,False,"[0.01, 0.99]",0.0,0.0,stationary_gaussian_fgn_known_zero_mean,-48.89524555291473,True,0.9888088591286281
fGn_0.25_n256_r60,fGn_0.25_n256,unknown,0.25,,0.22961285738303247,False,"[0.01, 0.99]",0.0,0.014642170065903305,stationary_gaussian_fgn_unknown_constant_mean_ml,-27.58596657322437,True,1.026839068149103
fGn_0.25_n256_r60,fGn_0.25_n256,zero,0.25,,0.23749685988740535,False,"[0.01, 0.99]",0.0,0.0,stationary_gaussian_fgn_known_zero_mean,-26.453065583101193,True,1.0244929670891842
fGn_0.25_n256_r61,fGn_0.25_n256,unknown,0.25,,0.28668868543235754,False,"[0.01, 0.99]",0.0,0.021515979950226256,stationary_gaussian_fgn_unknown_constant_mean_ml,-65.22863841689292,True,0.9262784488693826
fGn_0.25_n256_r61,fGn_0.25_n256,zero,0.25,,0.2943055611597889,False,"[0.01, 0.99]",0.0,0.0,stationary_gaussian_fgn_known_zero_mean,-63.718121767238245,True,0.9258360210377746
fGn_0.25_n256_r62,fGn_0.25_n256,unknown,0.25,,0.2517698523442029,False,"[0.01, 0.99]",0.0,-0.0031119909029453273,stationary_gaussian_fgn_unknown_constant_mean_ml,-50.792468496412084,True,0.969342857473775
fGn_0.25_n256_r62,fGn_0.25_n256,zero,0.25,,0.2517674344699383,False,"[0.01, 0.99]",0.0,0.0,stationary_gaussian_fgn_known_zero_mean,-50.74659593619458,True,0.969430953532841
fGn_0.25_n256_r63,fGn_0.25_n256,unknown,0.25,,0.2499032785970753,False,"[0.01, 0.99]",0.0,0.009076215957834873,stationary_gaussian_fgn_unknown_constant_mean_ml,-20.347180722683106,True,1.0297550659999446
fGn_0.25_n256_r63,fGn_0.25_n256,zero,0.25,,0.25286795513264076,False,"[0.01, 0.99]",0.0,0.0,stationary_gaussian_fgn_known_zero_mean,-20.000480301970356,True,1.0288299493652497
fGn_0.25_n256_r7,fGn_0.25_n256,unknown,0.25,,0.23903413044586222,False,"[0.01, 0.99]",0.0,0.00846066515196561,stationary_gaussian_fgn_unknown_constant_mean_ml,-69.2286712517681,True,0.9415672194805471
fGn_0.25_n256_r7,fGn_0.25_n256,zero,0.25,,0.24213335789320292,False,"[0.01, 0.99]",0.0,0.0,stationary_gaussian_fgn_known_zero_mean,-68.81584159358795,True,0.9407068931806195
fGn_0.25_n256_r8,fGn_0.25_n256,unknown,0.25,,0.1800624784323819,False,"[0.01, 0.99]",0.0,0.017145544883145535,stationary_gaussian_fgn_unknown_constant_mean_ml,-44.333167128366654,True,1.025774675438689
fGn_0.25_n256_r8,fGn_0.25_n256,zero,0.25,,0.19572349003858036,False,"[0.01, 0.99]",0.0,0.0,stationary_gaussian_fgn_known_zero_mean,-41.54014859723634,True,1.0204345026892205
fGn_0.25_n256_r9,fGn_0.25_n256,unknown,0.25,,0.2404430828524888,False,"[0.01, 0.99]",0.0,-0.01165339893303797,stationary_gaussian_fgn_unknown_constant_mean_ml,-48.27933084278254,True,0.9801225900980617
fGn_0.25_n256_r9,fGn_0.25_n256,zero,0.25,,0.24541991819141876,False,"[0.01, 0.99]",0.0,0.0,stationary_gaussian_fgn_known_zero_mean,-47.57831536961362,True,0.9787828300378283
fGn_0.25_n512_r0,fGn_0.25_n512,unknown,0.25,,0.2741274248992221,False,"[0.01, 0.99]",0.0,-0.007508787932591133,stationary_gaussian_fgn_unknown_constant_mean_ml,-28.897770491113306,True,1.0292968142503125
fGn_0.25_n512_r0,fGn_0.25_n512,zero,0.25,,0.27640242724694775,False,"[0.01, 0.99]",0.0,0.0,stationary_gaussian_fgn_known_zero_mean,-28.413175928132432,True,1.0286495137376976
fGn_0.25_n512_r1,fGn_0.25_n512,unknown,0.25,,0.23529089324866148,False,"[0.01, 0.99]",0.0,-0.016465413540495688,stationary_gaussian_fgn_unknown_constant_mean_ml,-80.23202487996048,True,0.9992642742890718
fGn_0.25_n512_r1,fGn_0.25_n512,zero,0.25,,0.24838201597889695,False,"[0.01, 0.99]",0.0,0.0,stationary_gaussian_fgn_known_zero_mean,-76.31509028308551,True,0.995815658091172
fGn_0.25_n512_r10,fGn_0.25_n512,unknown,0.25,,0.23344760083927027,False,"[0.01, 0.99]",0.0,4.0948353461869e-05,stationary_gaussian_fgn_unknown_constant_mean_ml,-78.05691348195501,True,1.0024472708505117
fGn_0.25_n512_r10,fGn_0.25_n512,zero,0.25,,0.23344758003948402,False,"[0.01, 0.99]",0.0,0.0,stationary_gaussian_fgn_known_zero_mean,-78.05688645279747,True,1.0024473093010335
fGn_0.25_n512_r11,fGn_0.25_n512,unknown,0.25,,0.23519103050422668,False,"[0.01, 0.99]",0.0,0.015768945671428124,stationary_gaussian_fgn_unknown_constant_mean_ml,-31.43647506601792,True,1.0480936356306607
fGn_0.25_n512_r11,fGn_0.25_n512,zero,0.25,,0.24855216031619679,False,"[0.01, 0.99]",0.0,0.0,stationary_gaussian_fgn_known_zero_mean,-28.200757661611078,True,1.0436261970120873
fGn_0.25_n512_r12,fGn_0.25_n512,unknown,0.25,,0.23343325974104626,False,"[0.01, 0.99]",0.0,0.008875185389865843,stationary_gaussian_fgn_unknown_constant_mean_ml,-79.73238862422295,True,1.0008166553796045
fGn_0.25_n512_r12,fGn_0.25_n512,zero,0.25,,0.2381099313307864,False,"[0.01, 0.99]",0.0,0.0,stationary_gaussian_fgn_known_zero_mean,-78.50133807234829,True,0.999353938161561
fGn_0.25_n512_r13,fGn_0.25_n512,unknown,0.25,,0.24569556816912236,False,"[0.01, 0.99]",0.0,-0.01289118763098887,stationary_gaussian_fgn_unknown_constant_mean_ml,-97.38029526722471,True,0.9769682370327231
fGn_0.25_n512_r13,fGn_0.25_n512,zero,0.25,,0.2527641062474733,False,"[0.01, 0.99]",0.0,0.0,stationary_gaussian_fgn_known_zero_mean,-95.10182452910885,True,0.9754143616349674
fGn_0.25_n512_r14,fGn_0.25_n512,unknown,0.25,,0.3032222739264595,False,"[0.01, 0.99]",0.0,0.006656933721098882,stationary_gaussian_fgn_unknown_constant_mean_ml,-63.30279271088011,True,0.9821453731612413
fGn_0.25_n512_r14,fGn_0.25_n512,zero,0.25,,0.3037113086188548,False,"[0.01, 0.99]",0.0,0.0,stationary_gaussian_fgn_known_zero_mean,-63.01417258085394,True,0.9822172646988879
fGn_0.25_n512_r15,fGn_0.25_n512,unknown,0.25,,0.24718889776015107,False,"[0.01, 0.99]",0.0,0.00028632100573792313,stationary_gaussian_fgn_unknown_constant_mean_ml,-73.40625441073234,True,0.9992957981939351
fGn_0.25_n512_r15,fGn_0.25_n512,zero,0.25,,0.24722796743740555,False,"[0.01, 0.99]",0.0,0.0,stationary_gaussian_fgn_known_zero_mean,-73.40515814122318,True,0.9992756141522129
fGn_0.25_n512_r16,fGn_0.25_n512,unknown,0.25,,0.2159137809705798,False,"[0.01, 0.99]",0.0,-0.009123296243105957,stationary_gaussian_fgn_unknown_constant_mean_ml,-78.18281567499048,True,1.0128404722084858
fGn_0.25_n512_r16,fGn_0.25_n512,zero,0.25,,0.21997189548064483,False,"[0.01, 0.99]",0.0,0.0,stationary_gaussian_fgn_known_zero_mean,-76.53990834316096,True,1.0119544252424921
fGn_0.25_n512_r17,fGn_0.25_n512,unknown,0.25,,0.28169755228669896,False,"[0.01, 0.99]",0.0,0.001121672614201217,stationary_gaussian_fgn_unknown_constant_mean_ml,-61.215611772283864,True,0.9937090295658344
fGn_0.25_n512_r17,fGn_0.25_n512,zero,0.25,,0.2817348147943909,False,"[0.01, 0.99]",0.0,0.0,stationary_gaussian_fgn_known_zero_mean,-61.20493790073715,True,0.9937019422087461
fGn_0.25_n512_r18,fGn_0.25_n512,unknown,0.25,,0.24903359204846257,False,"[0.01, 0.99]",0.0,-0.0017327069524280198,stationary_gaussian_fgn_unknown_constant_mean_ml,-119.41825476550343,True,0.9544322415091048
fGn_0.25_n512_r18,fGn_0.25_n512,zero,0.25,,0.24913145776595627,False,"[0.01, 0.99]",0.0,0.0,stationary_gaussian_fgn_known_zero_mean,-119.37525633275641,True,0.9544218525601202
fGn_0.25_n512_r19,fGn_0.25_n512,unknown,0.25,,0.22834163364261575,False,"[0.01, 0.99]",0.0,0.002670869013351296,stationary_gaussian_fgn_unknown_constant_mean_ml,-165.06452773663386,True,0.9235242811040927
fGn_0.25_n512_r19,fGn_0.25_n512,zero,0.25,,0.22897950636923348,False,"[0.01, 0.99]",0.0,0.0,stationary_gaussian_fgn_known_zero_mean,-164.9197591232969,True,0.923309673296678
fGn_0.25_n512_r2,fGn_0.25_n512,unknown,0.25,,0.24933593937330903,False,"[0.01, 0.99]",0.0,-0.006693794663229607,stationary_gaussian_fgn_unknown_constant_mean_ml,-36.40245581529484,True,1.0348621218219352
fGn_0.25_n512_r2,fGn_0.25_n512,zero,0.25,,0.25097481782476344,False,"[0.01, 0.99]",0.0,0.0,stationary_gaussian_fgn_known_zero_mean,-35.86391082680825,True,1.0344940760487582
fGn_0.25_n512_r20,fGn_0.25_n512,unknown,0.25,,0.25431648286892783,False,"[0.01, 0.99]",0.0,0.006624719105521119,stationary_gaussian_fgn_unknown_constant_mean_ml,-43.21154749291463,True,1.02527153627691
fGn_0.25_n512_r20,fGn_0.25_n512,zero,0.25,,0.2559595534110658,False,"[0.01, 0.99]",0.0,0.0,stationary_gaussian_fgn_known_zero_mean,-42.70976004249701,True,1.0248859802793284
fGn_0.25_n512_r21,fGn_0.25_n512,unknown,0.25,,0.23151991525731783,False,"[0.01, 0.99]",0.0,-0.0014283489347097734,stationary_gaussian_fgn_unknown_constant_mean_ml,-62.21379119663993,True,1.0192110254092135
fGn_0.25_n512_r21,fGn_0.25_n512,zero,0.25,,0.23164750342963414,False,"[0.01, 0.99]",0.0,0.0,stationary_gaussian_fgn_known_zero_mean,-62.181136742400895,True,1.0191681974445503
fGn_0.25_n512_r22,fGn_0.25_n512,unknown,0.25,,0.27251126306280427,False,"[0.01, 0.99]",0.0,0.004627628700341099,stationary_gaussian_fgn_unknown_constant_mean_ml,-61.75448873338678,True,0.9975817980942998
fGn_0.25_n512_r22,fGn_0.25_n512,zero,0.25,,0.2730240974369972,False,"[0.01, 0.99]",0.0,0.0,stationary_gaussian_fgn_known_zero_mean,-61.55098305120373,True,0.9975295040572064
fGn_0.25_n512_r23,fGn_0.25_n512,unknown,0.25,,0.21803347105039578,False,"[0.01, 0.99]",0.0,-0.007254889418820303,stationary_gaussian_fgn_unknown_constant_mean_ml,-40.85654927373662,True,1.0490763458399504
fGn_0.25_n512_r23,fGn_0.25_n512,zero,0.25,,0.22095581875148862,False,"[0.01, 0.99]",0.0,0.0,stationary_gaussian_fgn_known_zero_mean,-39.91136257563085,True,1.0481830891841668
fGn_0.25_n512_r24,fGn_0.25_n512,unknown,0.25,,0.19720575111818242,False,"[0.01, 0.99]",0.0,-0.0032560130446513944,stationary_gaussian_fgn_unknown_constant_mean_ml,-111.38522985190275,True,0.9923135871555291
fGn_0.25_n512_r24,fGn_0.25_n512,zero,0.25,,0.197659152764221,False,"[0.01, 0.99]",0.0,0.0,stationary_gaussian_fgn_known_zero_mean,-111.09327081649599,True,0.9922988606642933
fGn_0.25_n512_r25,fGn_0.25_n512,unknown,0.25,,0.22302198537612317,False,"[0.01, 0.99]",0.0,-0.0005796837114362984,stationary_gaussian_fgn_unknown_constant_mean_ml,-88.74794923797276,True,0.9981253185777084
fGn_0.25_n512_r25,fGn_0.25_n512,zero,0.25,,0.2230034221058752,False,"[0.01, 0.99]",0.0,0.0,stationary_gaussian_fgn_known_zero_mean,-88.74162452993278,True,0.998142583491538
fGn_0.25_n512_r26,fGn_0.25_n512,unknown,0.25,,0.1962648354605828,False,"[0.01, 0.99]",0.0,-0.011576541276153693,stationary_gaussian_fgn_unknown_constant_mean_ml,-80.39738702888235,True,1.0234401265263702
fGn_0.25_n512_r26,fGn_0.25_n512,zero,0.25,,0.20738324284503262,False,"[0.01, 0.99]",0.0,0.0,stationary_gaussian_fgn_known_zero_mean,-77.1342359672708,True,1.0193082178557973
fGn_0.25_n512_r27,fGn_0.25_n512,unknown,0.25,,0.22260993897270837,False,"[0.01, 0.99]",0.0,-0.007638838514731267,stationary_gaussian_fgn_unknown_constant_mean_ml,-53.14528809335616,True,1.0336940241970307
fGn_0.25_n512_r27,fGn_0.25_n512,zero,0.25,,0.2255768137132166,False,"[0.01, 0.99]",0.0,0.0,stationary_gaussian_fgn_known_zero_mean,-52.13507574151413,True,1.0328845874877755
fGn_0.25_n512_r28,fGn_0.25_n512,unknown,0.25,,0.27142780812358824,False,"[0.01, 0.99]",0.0,-0.017061754954521512,stationary_gaussian_fgn_unknown_constant_mean_ml,-89.0582470427471,True,0.9718512413197434
fGn_0.25_n512_r28,fGn_0.25_n512,zero,0.25,,0.2813276267651502,False,"[0.01, 0.99]",0.0,0.0,stationary_gaussian_fgn_known_zero_mean,-86.26730568987955,True,0.9698625258482391
fGn_0.25_n512_r29,fGn_0.25_n512,unknown,0.25,,0.23699577222084592,False,"[0.01, 0.99]",0.0,0.0064657423673124045,stationary_gaussian_fgn_unknown_constant_mean_ml,-78.24867622156421,True,1.0002308812931404
fGn_0.25_n512_r29,fGn_0.25_n512,zero,0.25,,0.23913808941908163,False,"[0.01, 0.99]",0.0,0.0,stationary_gaussian_fgn_known_zero_mean,-77.61409826510567,True,0.9996409800577883
fGn_0.25_n512_r3,fGn_0.25_n512,unknown,0.25,,0.2077223910259537,False,"[0.01, 0.99]",0.0,0.010598626877053093,stationary_gaussian_fgn_unknown_constant_mean_ml,-15.014435296858892,True,1.0828238449742227
fGn_0.25_n512_r3,fGn_0.25_n512,zero,0.25,,0.2145885221384522,False,"[0.01, 0.99]",0.0,0.0,stationary_gaussian_fgn_known_zero_mean,-12.883368289534701,True,1.0804158273999234
fGn_0.25_n512_r30,fGn_0.25_n512,unknown,0.25,,0.251656260869286,False,"[0.01, 0.99]",0.0,0.0010085305847745258,stationary_gaussian_fgn_unknown_constant_mean_ml,-93.10213941327925,True,0.9778988130118641
fGn_0.25_n512_r30,fGn_0.25_n512,zero,0.25,,0.2516997060723865,False,"[0.01, 0.99]",0.0,0.0,stationary_gaussian_fgn_known_zero_mean,-93.08875181606595,True,0.9778888838467887
fGn_0.25_n512_r31,fGn_0.25_n512,unknown,0.25,,0.22459679949548048,False,"[0.01, 0.99]",0.0,0.0009679511931906162,stationary_gaussian_fgn_unknown_constant_mean_ml,-72.25855414384046,True,1.0133746371990167
fGn_0.25_n512_r31,fGn_0.25_n512,zero,0.25,,0.2247640623744914,False,"[0.01, 0.99]",0.0,0.0,stationary_gaussian_fgn_known_zero_mean,-72.24187452575711,True,1.0132902637838812
fGn_0.25_n512_r32,fGn_0.25_n512,unknown,0.25,,0.2726498477005617,False,"[0.01, 0.99]",0.0,-0.001202249982937997,stationary_gaussian_fgn_unknown_constant_mean_ml,-88.62138558748188,True,0.9716824165566822
fGn_0.25_n512_r32,fGn_0.25_n512,zero,0.25,,0.27278622740645647,False,"[0.01, 0.99]",0.0,0.0,stationary_gaussian_fgn_known_zero_mean,-88.60693040427714,True,0.9716312208540182
fGn_0.25_n512_r33,fGn_0.25_n512,unknown,0.25,,0.2610763907186427,False,"[0.01, 0.99]",0.0,-0.0027674687064391306,stationary_gaussian_fgn_unknown_constant_mean_ml,-92.83344156699604,True,0.9733342236281962
fGn_0.25_n512_r33,fGn_0.25_n512,zero,0.25,,0.26141720989637807,False,"[0.01, 0.99]",0.0,0.0,stationary_gaussian_fgn_known_zero_mean,-92.7441706291911,True,0.9732485514545556
fGn_0.25_n512_r34,fGn_0.25_n512,unknown,0.25,,0.24475188817115887,False,"[0.01, 0.99]",0.0,-0.0009968340819417102,stationary_gaussian_fgn_unknown_constant_mean_ml,-63.59332526575645,True,1.0102641105464079
fGn_0.25_n512_r34,fGn_0.25_n512,zero,0.25,,0.24485199163044613,False,"[0.01, 0.99]",0.0,0.0,stationary_gaussian_fgn_known_zero_mean,-63.57986133308282,True,1.0102218054070757
fGn_0.25_n512_r35,fGn_0.25_n512,unknown,0.25,,0.24722547807649986,False,"[0.01, 0.99]",0.0,0.0065275133322982935,stationary_gaussian_fgn_unknown_constant_mean_ml,-83.88307021981086,True,0.9891041650666708
fGn_0.25_n512_r35,fGn_0.25_n512,zero,0.25,,0.24917285096249148,False,"[0.01, 0.99]",0.0,0.0,stationary_gaussian_fgn_known_zero_mean,-83.30828205369448,True,0.9886150890293525
fGn_0.25_n512_r36,fGn_0.25_n512,unknown,0.25,,0.26195674935044444,False,"[0.01, 0.99]",0.0,0.020137936923697915,stationary_gaussian_fgn_unknown_constant_mean_ml,-134.74133647560484,True,0.9338817186374623
fGn_0.25_n512_r36,fGn_0.25_n512,zero,0.25,,0.2782463461852237,False,"[0.01, 0.99]",0.0,0.0,stationary_gaussian_fgn_known_zero_mean,-130.22121900812522,True,0.9304744513088564
fGn_0.25_n512_r37,fGn_0.25_n512,unknown,0.25,,0.2517711060968229,False,"[0.01, 0.99]",0.0,-0.007168186510142552,stationary_gaussian_fgn_unknown_constant_mean_ml,-82.7388885806397,True,0.98778510788022
fGn_0.25_n512_r37,fGn_0.25_n512,zero,0.25,,0.25380065361553844,False,"[0.01, 0.99]",0.0,0.0,stationary_gaussian_fgn_known_zero_mean,-82.08408536410752,True,0.9873498451523058
fGn_0.25_n512_r38,fGn_0.25_n512,unknown,0.25,,0.272557806221034,False,"[0.01, 0.99]",0.0,0.0005722253951389732,stationary_gaussian_fgn_unknown_constant_mean_ml,-92.53336764094342,True,0.9680210496841574
fGn_0.25_n512_r38,fGn_0.25_n512,zero,0.25,,0.2725910526155727,False,"[0.01, 0.99]",0.0,0.0,stationary_gaussian_fgn_known_zero_mean,-92.53005869263438,True,0.9680084032418581
fGn_0.25_n512_r39,fGn_0.25_n512,unknown,0.25,,0.21215684341281751,False,"[0.01, 0.99]",0.0,-0.0009072460380976127,stationary_gaussian_fgn_unknown_constant_mean_ml,-76.24904600852233,True,1.0171227956966908
fGn_0.25_n512_r39,fGn_0.25_n512,zero,0.25,,0.21226953324264808,False,"[0.01, 0.99]",0.0,0.0,stationary_gaussian_fgn_known_zero_mean,-76.23165978861152,True,1.0170684569647817
fGn_0.25_n512_r4,fGn_0.25_n512,unknown,0.25,,0.2233648535318009,False,"[0.01, 0.99]",0.0,0.003741455628555497,stationary_gaussian_fgn_unknown_constant_mean_ml,-122.74451057309261,True,0.9653336700009916
fGn_0.25_n512_r4,fGn_0.25_n512,zero,0.25,,0.2245982450776947,False,"[0.01, 0.99]",0.0,0.0,stationary_gaussian_fgn_known_zero_mean,-122.46720981795852,True,0.9648846054304945
fGn_0.25_n512_r40,fGn_0.25_n512,unknown,0.25,,0.18953725644593467,False,"[0.01, 0.99]",0.0,0.0014151497867099208,stationary_gaussian_fgn_unknown_constant_mean_ml,-171.59176915051376,True,0.9404868884678651
fGn_0.25_n512_r40,fGn_0.25_n512,zero,0.25,,0.18960993226916328,False,"[0.01, 0.99]",0.0,0.0,stationary_gaussian_fgn_known_zero_mean,-171.52292893132403,True,0.940503495251792
fGn_0.25_n512_r41,fGn_0.25_n512,unknown,0.25,,0.24414728153681697,False,"[0.01, 0.99]",0.0,-0.010717770748216022,stationary_gaussian_fgn_unknown_constant_mean_ml,-45.52368204457275,True,1.0285918556204665
fGn_0.25_n512_r41,fGn_0.25_n512,zero,0.25,,0.2515305203637845,False,"[0.01, 0.99]",0.0,0.0,stationary_gaussian_fgn_known_zero_mean,-44.09420141749638,True,1.025907396336323
fGn_0.25_n512_r42,fGn_0.25_n512,unknown,0.25,,0.2623932806505962,False,"[0.01, 0.99]",0.0,-0.0009010182064968922,stationary_gaussian_fgn_unknown_constant_mean_ml,-70.16259913753697,True,0.9944515935219
fGn_0.25_n512_r42,fGn_0.25_n512,zero,0.25,,0.26242249815420143,False,"[0.01, 0.99]",0.0,0.0,stationary_gaussian_fgn_known_zero_mean,-70.15367500729826,True,0.9944453957360455
fGn_0.25_n512_r43,fGn_0.25_n512,unknown,0.25,,0.26739563598945437,False,"[0.01, 0.99]",0.0,-0.00010641360646822349,stationary_gaussian_fgn_unknown_constant_mean_ml,-63.773156634028624,True,0.9981447837675234
fGn_0.25_n512_r43,fGn_0.25_n512,zero,0.25,,0.26739512854460956,False,"[0.01, 0.99]",0.0,0.0,stationary_gaussian_fgn_known_zero_mean,-63.773041164093,True,0.9981451500941376
fGn_0.25_n512_r44,fGn_0.25_n512,unknown,0.25,,0.2693421030655404,False,"[0.01, 0.99]",0.0,0.011052476631658436,stationary_gaussian_fgn_unknown_constant_mean_ml,-64.15083658132176,True,0.9968080960255459
fGn_0.25_n512_r44,fGn_0.25_n512,zero,0.25,,0.27382083673868557,False,"[0.01, 0.99]",0.0,0.0,stationary_gaussian_fgn_known_zero_mean,-62.97436072828782,True,0.9957563512655915
fGn_0.25_n512_r45,fGn_0.25_n512,unknown,0.25,,0.24366196725732087,False,"[0.01, 0.99]",0.0,-0.0012139575378141126,stationary_gaussian_fgn_unknown_constant_mean_ml,-138.3151824681795,True,0.9397341750161934
fGn_0.25_n512_r45,fGn_0.25_n512,zero,0.25,,0.24375510885815282,False,"[0.01, 0.99]",0.0,0.0,stationary_gaussian_fgn_known_zero_mean,-138.29174262626543,True,0.9397073628255314
fGn_0.25_n512_r46,fGn_0.25_n512,unknown,0.25,,0.26710281389240326,False,"[0.01, 0.99]",0.0,-0.018895238210250825,stationary_gaussian_fgn_unknown_constant_mean_ml,-122.48862175843124,True,0.9426601454490359
fGn_0.25_n512_r46,fGn_0.25_n512,zero,0.25,,0.27998765370006184,False,"[0.01, 0.99]",0.0,0.0,stationary_gaussian_fgn_known_zero_mean,-118.69733502541067,True,0.9402244630695114
fGn_0.25_n512_r47,fGn_0.25_n512,unknown,0.25,,0.2553023688472159,False,"[0.01, 0.99]",0.0,0.018709164906140198,stationary_gaussian_fgn_unknown_constant_mean_ml,-170.41904997602364,True,0.9050283615437508
fGn_0.25_n512_r47,fGn_0.25_n512,zero,0.25,,0.2720890522857628,False,"[0.01, 0.99]",0.0,0.0,stationary_gaussian_fgn_known_zero_mean,-165.91069873952142,True,0.9012892951711413
fGn_0.25_n512_r48,fGn_0.25_n512,unknown,0.25,,0.2543793015613946,False,"[0.01, 0.99]",0.0,-0.0031546321412002677,stationary_gaussian_fgn_unknown_constant_mean_ml,-155.3167222426082,True,0.9189225460131942
fGn_0.25_n512_r48,fGn_0.25_n512,zero,0.25,,0.2549182235401009,False,"[0.01, 0.99]",0.0,0.0,stationary_gaussian_fgn_known_zero_mean,-155.17430700249088,True,0.9187887738820403
fGn_0.25_n512_r49,fGn_0.25_n512,unknown,0.25,,0.2755482438881209,False,"[0.01, 0.99]",0.0,0.0039210171674861705,stationary_gaussian_fgn_unknown_constant_mean_ml,-121.48175531839797,True,0.9396687308043477
fGn_0.25_n512_r49,fGn_0.25_n512,zero,0.25,,0.2760499347795683,False,"[0.01, 0.99]",0.0,0.0,stationary_gaussian_fgn_known_zero_mean,-121.32376702840179,True,0.9395858170084596
fGn_0.25_n512_r5,fGn_0.25_n512,unknown,0.25,,0.20933525235283665,False,"[0.01, 0.99]",0.0,-0.000492495219521728,stationary_gaussian_fgn_unknown_constant_mean_ml,-28.73189526886017,True,1.067323593227881
fGn_0.25_n512_r5,fGn_0.25_n512,zero,0.25,,0.2094043722261525,False,"[0.01, 0.99]",0.0,0.0,stationary_gaussian_fgn_known_zero_mean,-28.727050933243163,True,1.067282042014731
fGn_0.25_n512_r50,fGn_0.25_n512,unknown,0.25,,0.2406456768289951,False,"[0.01, 0.99]",0.0,-0.010205746184279432,stationary_gaussian_fgn_unknown_constant_mean_ml,-53.3925567232227,True,1.022703557198054
fGn_0.25_n512_r50,fGn_0.25_n512,zero,0.25,,0.24597484220420035,False,"[0.01, 0.99]",0.0,0.0,stationary_gaussian_fgn_known_zero_mean,-51.98611371084053,True,1.0210956750321243
fGn_0.25_n512_r51,fGn_0.25_n512,unknown,0.25,,0.2109555053056588,False,"[0.01, 0.99]",0.0,0.005311695857545999,stationary_gaussian_fgn_unknown_constant_mean_ml,-61.47386029549443,True,1.0326819036307133
fGn_0.25_n512_r51,fGn_0.25_n512,zero,0.25,,0.2120685805838756,False,"[0.01, 0.99]",0.0,0.0,stationary_gaussian_fgn_known_zero_mean,-60.887649204684976,True,1.0325530054138568
fGn_0.25_n512_r52,fGn_0.25_n512,unknown,0.25,,0.24180675582356345,False,"[0.01, 0.99]",0.0,0.014049470111137892,stationary_gaussian_fgn_unknown_constant_mean_ml,-93.47986182192835,True,0.9828040671787823
fGn_0.25_n512_r52,fGn_0.25_n512,zero,0.25,,0.251609019838094,False,"[0.01, 0.99]",0.0,0.0,stationary_gaussian_fgn_known_zero_mean,-90.76549353476662,True,0.9801575692965196
fGn_0.25_n512_r53,fGn_0.25_n512,unknown,0.25,,0.27136068789369655,False,"[0.01, 0.99]",0.0,-0.0002658368947766206,stationary_gaussian_fgn_unknown_constant_mean_ml,-62.16905330959571,True,0.9977420659084236
fGn_0.25_n512_r53,fGn_0.25_n512,zero,0.25,,0.27135850323043753,False,"[0.01, 0.99]",0.0,0.0,stationary_gaussian_fgn_known_zero_mean,-62.168369763323426,True,0.9977438058671942
fGn_0.25_n512_r54,fGn_0.25_n512,unknown,0.25,,0.254730609021024,False,"[0.01, 0.99]",0.0,0.002815121931256778,stationary_gaussian_fgn_unknown_constant_mean_ml,15.850279527141765,True,1.0859076702431085
fGn_0.25_n512_r54,fGn_0.25_n512,zero,0.25,,0.2549850593034415,False,"[0.01, 0.99]",0.0,0.0,stationary_gaussian_fgn_known_zero_mean,15.931286516236923,True,1.08584775201456
fGn_0.25_n512_r55,fGn_0.25_n512,unknown,0.25,,0.2406638152586672,False,"[0.01, 0.99]",0.0,0.00810953028606262,stationary_gaussian_fgn_unknown_constant_mean_ml,-69.50705641566356,True,1.0067252275277845
fGn_0.25_n512_r55,fGn_0.25_n512,zero,0.25,,0.24414789029388004,False,"[0.01, 0.99]",0.0,0.0,stationary_gaussian_fgn_known_zero_mean,-68.58068442064882,True,1.0056899234905046
fGn_0.25_n512_r56,fGn_0.25_n512,unknown,0.25,,0.24588091625675718,False,"[0.01, 0.99]",0.0,0.022362606938112605,stationary_gaussian_fgn_unknown_constant_mean_ml,-78.74269690400524,True,0.994811668475235
fGn_0.25_n512_r56,fGn_0.25_n512,zero,0.25,,0.26630858830498894,False,"[0.01, 0.99]",0.0,0.0,stationary_gaussian_fgn_known_zero_mean,-72.75169566810632,True,0.9899714675912923
fGn_0.25_n512_r57,fGn_0.25_n512,unknown,0.25,,0.2611537209092801,False,"[0.01, 0.99]",0.0,-0.0015565380332269911,stationary_gaussian_fgn_unknown_constant_mean_ml,-86.32488068905218,True,0.9795014949550809
fGn_0.25_n512_r57,fGn_0.25_n512,zero,0.25,,0.26142098056027163,False,"[0.01, 0.99]",0.0,0.0,stationary_gaussian_fgn_known_zero_mean,-86.29707519026783,True,0.9793935492377653
fGn_0.25_n512_r58,fGn_0.25_n512,unknown,0.25,,0.21093638160405803,False,"[0.01, 0.99]",0.0,0.0015190102157548874,stationary_gaussian_fgn_unknown_constant_mean_ml,-37.10042404173669,True,1.0575695505231266
fGn_0.25_n512_r58,fGn_0.25_n512,zero,0.25,,0.21090302126556695,False,"[0.01, 0.99]",0.0,0.0,stationary_gaussian_fgn_known_zero_mean,-37.05447816062792,True,1.0576391578153863
fGn_0.25_n512_r59,fGn_0.25_n512,unknown,0.25,,0.23629598521454698,False,"[0.01, 0.99]",0.0,0.0028885590284715087,stationary_gaussian_fgn_unknown_constant_mean_ml,-123.5776575874836,True,0.9573000855743256
fGn_0.25_n512_r59,fGn_0.25_n512,zero,0.25,,0.23686135603653521,False,"[0.01, 0.99]",0.0,0.0,stationary_gaussian_fgn_known_zero_mean,-123.43652694365801,True,0.9571246305828434
fGn_0.25_n512_r6,fGn_0.25_n512,unknown,0.25,,0.2646037814156938,False,"[0.01, 0.99]",0.0,0.01381084163197035,stationary_gaussian_fgn_unknown_constant_mean_ml,-105.99216542020008,True,0.9591772296759202
fGn_0.25_n512_r6,fGn_0.25_n512,zero,0.25,,0.2720842860947225,False,"[0.01, 0.99]",0.0,0.0,stationary_gaussian_fgn_known_zero_mean,-103.91207778893158,True,0.9575463791889789
fGn_0.25_n512_r60,fGn_0.25_n512,unknown,0.25,,0.25218773125284966,False,"[0.01, 0.99]",0.0,0.014028506960096315,stationary_gaussian_fgn_unknown_constant_mean_ml,-77.07502986124837,True,0.9930428477954993
fGn_0.25_n512_r60,fGn_0.25_n512,zero,0.25,,0.2597028421713195,False,"[0.01, 0.99]",0.0,0.0,stationary_gaussian_fgn_known_zero_mean,-74.70389063089374,True,0.9914224794554487
fGn_0.25_n512_r61,fGn_0.25_n512,unknown,0.25,,0.2662905249633375,False,"[0.01, 0.99]",0.0,-0.02741534041841659,stationary_gaussian_fgn_unknown_constant_mean_ml,-65.13115938673991,True,0.9973753156130796
fGn_0.25_n512_r61,fGn_0.25_n512,zero,0.25,,0.29006946476339923,False,"[0.01, 0.99]",0.0,0.0,stationary_gaussian_fgn_known_zero_mean,-58.62312387532734,True,0.9923776009253409
fGn_0.25_n512_r62,fGn_0.25_n512,unknown,0.25,,0.2552794387338693,False,"[0.01, 0.99]",0.0,0.0017458770023419667,stationary_gaussian_fgn_unknown_constant_mean_ml,-14.8027668329662,True,1.0535781255181986
fGn_0.25_n512_r62,fGn_0.25_n512,zero,0.25,,0.2553544502098765,False,"[0.01, 0.99]",0.0,0.0,stationary_gaussian_fgn_known_zero_mean,-14.769881186544808,True,1.0535703304425412
fGn_0.25_n512_r63,fGn_0.25_n512,unknown,0.25,,0.27157032709492346,False,"[0.01, 0.99]",0.0,-0.0064419400524903,stationary_gaussian_fgn_unknown_constant_mean_ml,-107.62057660473192,True,0.9543259668097633
fGn_0.25_n512_r63,fGn_0.25_n512,zero,0.25,,0.27326187686649245,False,"[0.01, 0.99]",0.0,0.0,stationary_gaussian_fgn_known_zero_mean,-107.18828134553678,True,0.9539371487658629
fGn_0.25_n512_r7,fGn_0.25_n512,unknown,0.25,,0.2336815962191345,False,"[0.01, 0.99]",0.0,-0.012039282151816502,stationary_gaussian_fgn_unknown_constant_mean_ml,-99.59178282103221,True,0.9814537751865329
fGn_0.25_n512_r7,fGn_0.25_n512,zero,0.25,,0.24151332580705412,False,"[0.01, 0.99]",0.0,0.0,stationary_gaussian_fgn_known_zero_mean,-97.29546945020707,True,0.9793087160294391
fGn_0.25_n512_r8,fGn_0.25_n512,unknown,0.25,,0.2583692689914774,False,"[0.01, 0.99]",0.0,0.002526912225914938,stationary_gaussian_fgn_unknown_constant_mean_ml,-83.1659633548702,True,0.983943867628125
fGn_0.25_n512_r8,fGn_0.25_n512,zero,0.25,,0.2586721351355636,False,"[0.01, 0.99]",0.0,0.0,stationary_gaussian_fgn_known_zero_mean,-83.09038490894477,True,0.9838615657462331
fGn_0.25_n512_r9,fGn_0.25_n512,unknown,0.25,,0.23970427245927356,False,"[0.01, 0.99]",0.0,0.0003526015810228762,stationary_gaussian_fgn_unknown_constant_mean_ml,-127.71597688397969,True,0.9516055427146798
fGn_0.25_n512_r9,fGn_0.25_n512,zero,0.25,,0.23968597475582196,False,"[0.01, 0.99]",0.0,0.0,stationary_gaussian_fgn_known_zero_mean,-127.71393900485077,True,0.9516172048577776
fGn_0.5_n1024_r0,fGn_0.5_n1024,unknown,0.5,,0.4946778701297119,False,"[0.01, 0.99]",0.0,-0.0612167947012538,stationary_gaussian_fgn_unknown_constant_mean_ml,3.420258596800977,True,1.0017079822809545
fGn_0.5_n1024_r0,fGn_0.5_n1024,zero,0.5,,0.5051698028140529,False,"[0.01, 0.99]",0.0,0.0,stationary_gaussian_fgn_known_zero_mean,7.2198030865124565,True,1.003566391756598
fGn_0.5_n1024_r1,fGn_0.5_n1024,unknown,0.5,,0.49603349269851543,False,"[0.01, 0.99]",0.0,0.056307866893110715,stationary_gaussian_fgn_unknown_constant_mean_ml,6.6490799442108255,True,1.0032722494480997
fGn_0.5_n1024_r1,fGn_0.5_n1024,zero,0.5,,0.5045257308899685,False,"[0.01, 0.99]",0.0,0.0,stationary_gaussian_fgn_known_zero_mean,9.857107439803713,True,1.0048513877372571
fGn_0.5_n1024_r10,fGn_0.5_n1024,unknown,0.5,,0.4982889405803156,False,"[0.01, 0.99]",0.0,0.004327934554334548,stationary_gaussian_fgn_unknown_constant_mean_ml,-58.56455678501197,True,0.9718126964312143
fGn_0.5_n1024_r10,fGn_0.5_n1024,zero,0.5,,0.4984546412839134,False,"[0.01, 0.99]",0.0,0.0,stationary_gaussian_fgn_known_zero_mean,-58.543824405519445,True,0.9718218572898107
fGn_0.5_n1024_r11,fGn_0.5_n1024,unknown,0.5,,0.5140529479629461,False,"[0.01, 0.99]",0.0,0.00887582270003466,stationary_gaussian_fgn_unknown_constant_mean_ml,-53.08560596184361,True,0.9746647152692438
fGn_0.5_n1024_r11,fGn_0.5_n1024,zero,0.5,,0.5143627460356497,False,"[0.01, 0.99]",0.0,0.0,stationary_gaussian_fgn_known_zero_mean,-53.0159572559146,True,0.9747091920435926
fGn_0.5_n1024_r12,fGn_0.5_n1024,unknown,0.5,,0.5227218842576324,False,"[0.01, 0.99]",0.0,0.054484772676232536,stationary_gaussian_fgn_unknown_constant_mean_ml,36.659780997901635,True,1.018756734048483
fGn_0.5_n1024_r12,fGn_0.5_n1024,zero,0.5,,0.5282282138232576,False,"[0.01, 0.99]",0.0,0.0,stationary_gaussian_fgn_known_zero_mean,38.72155563968363,True,1.0201671362771119
fGn_0.5_n1024_r13,fGn_0.5_n1024,unknown,0.5,,0.46730429311606375,False,"[0.01, 0.99]",0.0,0.01613190353965676,stationary_gaussian_fgn_unknown_constant_mean_ml,-82.65064381052935,True,0.9617387393141277
fGn_0.5_n1024_r13,fGn_0.5_n1024,zero,0.5,,0.4681114092108987,False,"[0.01, 0.99]",0.0,0.0,stationary_gaussian_fgn_known_zero_mean,-82.19875309879853,True,0.9618887432798702
fGn_0.5_n1024_r14,fGn_0.5_n1024,unknown,0.5,,0.5441468610672602,False,"[0.01, 0.99]",0.0,0.017454049812232773,stationary_gaussian_fgn_unknown_constant_mean_ml,0.5886718273086444,True,1.0029255324989654
fGn_0.5_n1024_r14,fGn_0.5_n1024,zero,0.5,,0.5445985630677218,False,"[0.01, 0.99]",0.0,0.0,stationary_gaussian_fgn_known_zero_mean,0.7565452814633318,True,1.0030633577329262
fGn_0.5_n1024_r15,fGn_0.5_n1024,unknown,0.5,,0.49154367156490414,False,"[0.01, 0.99]",0.0,0.0026390918708043727,stationary_gaussian_fgn_unknown_constant_mean_ml,71.17031375134457,True,1.0354570882098406
fGn_0.5_n1024_r15,fGn_0.5_n1024,zero,0.5,,0.49160266717130546,False,"[0.01, 0.99]",0.0,0.0,stationary_gaussian_fgn_known_zero_mean,71.17778438933601,True,1.0354595481711208
fGn_0.5_n1024_r16,fGn_0.5_n1024,unknown,0.5,,0.4971769481172051,False,"[0.01, 0.99]",0.0,0.022913215683377074,stationary_gaussian_fgn_unknown_constant_mean_ml,15.28800081121608,True,1.0075031393495568
fGn_0.5_n1024_r16,fGn_0.5_n1024,zero,0.5,,0.49889076176107194,False,"[0.01, 0.99]",0.0,0.0,stationary_gaussian_fgn_known_zero_mean,15.831362335852646,True,1.0077617151608045
fGn_0.5_n1024_r17,fGn_0.5_n1024,unknown,0.5,,0.5036284405188567,False,"[0.01, 0.99]",0.0,0.059161666168205666,stationary_gaussian_fgn_unknown_constant_mean_ml,55.34257124948863,True,1.0274087281809865
fGn_0.5_n1024_r17,fGn_0.5_n1024,zero,0.5,,0.5102106917541044,False,"[0.01, 0.99]",0.0,0.0,stationary_gaussian_fgn_known_zero_mean,58.431928121314286,True,1.0290822914917297
fGn_0.5_n1024_r18,fGn_0.5_n1024,unknown,0.5,,0.5218494194501179,False,"[0.01, 0.99]",0.0,0.03778109637984807,stationary_gaussian_fgn_unknown_constant_mean_ml,-25.446970114380292,True,0.988274753358776
fGn_0.5_n1024_r18,fGn_0.5_n1024,zero,0.5,,0.5251979672859887,False,"[0.01, 0.99]",0.0,0.0,stationary_gaussian_fgn_known_zero_mean,-24.368263140323506,True,0.9890040053048229
fGn_0.5_n1024_r19,fGn_0.5_n1024,unknown,0.5,,0.5449222149660645,False,"[0.01, 0.99]",0.0,-0.02457936316435441,stationary_gaussian_fgn_unknown_constant_mean_ml,10.797125775725817,True,1.0080334982294972
fGn_0.5_n1024_r19,fGn_0.5_n1024,zero,0.5,,0.5459519312500692,False,"[0.01, 0.99]",0.0,0.0,stationary_gaussian_fgn_known_zero_mean,11.121794663584751,True,1.008324034058605
fGn_0.5_n1024_r2,fGn_0.5_n1024,unknown,0.5,,0.44729578684073973,False,"[0.01, 0.99]",0.0,-4.5882010602151324e-05,stationary_gaussian_fgn_unknown_constant_mean_ml,4.6791768329676415,True,1.0057382844586384
fGn_0.5_n1024_r2,fGn_0.5_n1024,zero,0.5,,0.4472957007338951,False,"[0.01, 0.99]",0.0,0.0,stationary_gaussian_fgn_known_zero_mean,4.6791812684232355,True,1.0057382976996423
fGn_0.5_n1024_r20,fGn_0.5_n1024,unknown,0.5,,0.515561500928142,False,"[0.01, 0.99]",0.0,0.013280207323950851,stationary_gaussian_fgn_unknown_constant_mean_ml,-51.92364388623719,True,0.9752754423573025
fGn_0.5_n1024_r20,fGn_0.5_n1024,zero,0.5,,0.5159356534225799,False,"[0.01, 0.99]",0.0,0.0,stationary_gaussian_fgn_known_zero_mean,-51.771003100602684,True,0.975363345265644
fGn_0.5_n1024_r21,fGn_0.5_n1024,unknown,0.5,,0.4722810284887712,False,"[0.01, 0.99]",0.0,-0.010779981211201045,stationary_gaussian_fgn_unknown_constant_mean_ml,-1.7214271702073347,True,1.0001297272066707
fGn_0.5_n1024_r21,fGn_0.5_n1024,zero,0.5,,0.47295967073826023,False,"[0.01, 0.99]",0.0,0.0,stationary_gaussian_fgn_known_zero_mean,-1.5477701774916568,True,1.0001681291594668
fGn_0.5_n1024_r22,fGn_0.5_n1024,unknown,0.5,,0.46820057791178804,False,"[0.01, 0.99]",0.0,-0.08395285751022671,stationary_gaussian_fgn_unknown_constant_mean_ml,-90.1540970007004,True,0.9581528301764699
fGn_0.5_n1024_r22,fGn_0.5_n1024,zero,0.5,,0.4918765073171241,False,"[0.01, 0.99]",0.0,0.0,stationary_gaussian_fgn_known_zero_mean,-79.90252556549103,True,0.9618179035497622
fGn_0.5_n1024_r23,fGn_0.5_n1024,unknown,0.5,,0.4940233857682533,False,"[0.01, 0.99]",0.0,-0.03843076269881408,stationary_gaussian_fgn_unknown_constant_mean_ml,65.32926929215182,True,1.0324607497637355
fGn_0.5_n1024_r23,fGn_0.5_n1024,zero,0.5,,0.49798540659698554,False,"[0.01, 0.99]",0.0,0.0,stationary_gaussian_fgn_known_zero_mean,66.82443180484734,True,1.0331727004073674
fGn_0.5_n1024_r24,fGn_0.5_n1024,unknown,0.5,,0.49704585042184335,False,"[0.01, 0.99]",0.0,0.005341424947420913,stationary_gaussian_fgn_unknown_constant_mean_ml,37.75017464811117,True,1.018615105838882
fGn_0.5_n1024_r24,fGn_0.5_n1024,zero,0.5,,0.49710044708929757,False,"[0.01, 0.99]",0.0,0.0,stationary_gaussian_fgn_known_zero_mean,37.77950188229033,True,1.0186292728555093
fGn_0.5_n1024_r25,fGn_0.5_n1024,unknown,0.5,,0.48804653630690853,False,"[0.01, 0.99]",0.0,0.045303557554205995,stationary_gaussian_fgn_unknown_constant_mean_ml,27.162029112742403,True,1.013536426220903
fGn_0.5_n1024_r25,fGn_0.5_n1024,zero,0.5,,0.49398714507516883,False,"[0.01, 0.99]",0.0,0.0,stationary_gaussian_fgn_known_zero_mean,29.473325628933708,True,1.014542531575616
fGn_0.5_n1024_r26,fGn_0.5_n1024,unknown,0.5,,0.4713529601161101,False,"[0.01, 0.99]",0.0,0.02405771709615754,stationary_gaussian_fgn_unknown_constant_mean_ml,101.9237922286593,True,1.0521155879311048
fGn_0.5_n1024_r26,fGn_0.5_n1024,zero,0.5,,0.4730884904671547,False,"[0.01, 0.99]",0.0,0.0,stationary_gaussian_fgn_known_zero_mean,102.71267136654569,True,1.052394298073857
fGn_0.5_n1024_r27,fGn_0.5_n1024,unknown,0.5,,0.47347225385433445,False,"[0.01, 0.99]",0.0,0.0009530508840287222,stationary_gaussian_fgn_unknown_constant_mean_ml,96.55345428980172,True,1.0492071633039164
fGn_0.5_n1024_r27,fGn_0.5_n1024,zero,0.5,,0.47346740590975184,False,"[0.01, 0.99]",0.0,0.0,stationary_gaussian_fgn_known_zero_mean,96.55467533144383,True,1.0492081261728972
fGn_0.5_n1024_r28,fGn_0.5_n1024,unknown,0.5,,0.5207155810122199,False,"[0.01, 0.99]",0.0,0.017809272355478967,stationary_gaussian_fgn_unknown_constant_mean_ml,65.68086886497213,True,1.033175523311119
fGn_0.5_n1024_r28,fGn_0.5_n1024,zero,0.5,,0.5213097730398776,False,"[0.01, 0.99]",0.0,0.0,stationary_gaussian_fgn_known_zero_mean,65.90839278059639,True,1.033324724693468
fGn_0.5_n1024_r29,fGn_0.5_n1024,unknown,0.5,,0.5281429739154471,False,"[0.01, 0.99]",0.0,0.04567978128081028,stationary_gaussian_fgn_unknown_constant_mean_ml,5.9201628898258605,True,1.0039514760205785
fGn_0.5_n1024_r29,fGn_0.5_n1024,zero,0.5,,0.5328057079507118,False,"[0.01, 0.99]",0.0,0.0,stationary_gaussian_fgn_known_zero_mean,7.300435289811048,True,1.0050147290327325
fGn_0.5_n1024_r3,fGn_0.5_n1024,unknown,0.5,,0.5143221533547995,False,"[0.01, 0.99]",0.0,-6.856142707319015e-05,stationary_gaussian_fgn_unknown_constant_mean_ml,10.194758068086685,True,1.0052607416317174
fGn_0.5_n1024_r3,fGn_0.5_n1024,zero,0.5,,0.5143226214657496,False,"[0.01, 0.99]",0.0,0.0,stationary_gaussian_fgn_known_zero_mean,10.194761974331414,True,1.0052607613504227
fGn_0.5_n1024_r30,fGn_0.5_n1024,unknown,0.5,,0.5061313463587693,False,"[0.01, 0.99]",0.0,-0.011542215501634664,stationary_gaussian_fgn_unknown_constant_mean_ml,-3.1380026789356634,True,0.9985177981624921
fGn_0.5_n1024_r30,fGn_0.5_n1024,zero,0.5,,0.5063476509637049,False,"[0.01, 0.99]",0.0,0.0,stationary_gaussian_fgn_known_zero_mean,-3.0124540706001426,True,0.9985825308334625
fGn_0.5_n1024_r31,fGn_0.5_n1024,unknown,0.5,,0.5119868261965408,False,"[0.01, 0.99]",0.0,-0.017448412401155404,stationary_gaussian_fgn_unknown_constant_mean_ml,-10.159744164905078,True,0.9952385961620853
fGn_0.5_n1024_r31,fGn_0.5_n1024,zero,0.5,,0.5128460533752405,False,"[0.01, 0.99]",0.0,0.0,stationary_gaussian_fgn_known_zero_mean,-9.89494597686371,True,0.9953952557248721
fGn_0.5_n1024_r32,fGn_0.5_n1024,unknown,0.5,,0.5328163081469169,False,"[0.01, 0.99]",0.0,-0.026707528965233294,stationary_gaussian_fgn_unknown_constant_mean_ml,-51.10297481911357,True,0.976760155021009
fGn_0.5_n1024_r32,fGn_0.5_n1024,zero,0.5,,0.5342850442698736,False,"[0.01, 0.99]",0.0,0.0,stationary_gaussian_fgn_known_zero_mean,-50.62260653648309,True,0.9771201959466521
fGn_0.5_n1024_r33,fGn_0.5_n1024,unknown,0.5,,0.49297407253837733,False,"[0.01, 0.99]",0.0,-0.05737746801000883,stationary_gaussian_fgn_unknown_constant_mean_ml,6.458959511699504,True,1.0032224428312682
fGn_0.5_n1024_r33,fGn_0.5_n1024,zero,0.5,,0.5016937900821408,False,"[0.01, 0.99]",0.0,0.0,stationary_gaussian_fgn_known_zero_mean,9.921018896073292,True,1.0048597363225285
fGn_0.5_n1024_r34,fGn_0.5_n1024,unknown,0.5,,0.49245327196118005,False,"[0.01, 0.99]",0.0,0.004911998348647491,stationary_gaussian_fgn_unknown_constant_mean_ml,-43.08367504790658,True,0.9792544587079646
fGn_0.5_n1024_r34,fGn_0.5_n1024,zero,0.5,,0.4925829301070388,False,"[0.01, 0.99]",0.0,0.0,stationary_gaussian_fgn_known_zero_mean,-43.05511056961177,True,0.9792656831685772
fGn_0.5_n1024_r35,fGn_0.5_n1024,unknown,0.5,,0.5004972824133566,False,"[0.01, 0.99]",0.0,0.027634042593656486,stationary_gaussian_fgn_unknown_constant_mean_ml,11.055078051871533,True,1.0054129046052924
fGn_0.5_n1024_r35,fGn_0.5_n1024,zero,0.5,,0.5028892952184507,False,"[0.01, 0.99]",0.0,0.0,stationary_gaussian_fgn_known_zero_mean,11.809148656259367,True,1.005793736883584
fGn_0.5_n1024_r36,fGn_0.5_n1024,unknown,0.5,,0.48788624857379714,False,"[0.01, 0.99]",0.0,-0.04016307144056189,stationary_gaussian_fgn_unknown_constant_mean_ml,16.33274853348894,True,1.00819621091813
fGn_0.5_n1024_r36,fGn_0.5_n1024,zero,0.5,,0.4937761242453898,False,"[0.01, 0.99]",0.0,0.0,stationary_gaussian_fgn_known_zero_mean,18.163556621057523,True,1.0089586594600648
fGn_0.5_n1024_r37,fGn_0.5_n1024,unknown,0.5,,0.4796373421601021,False,"[0.01, 0.99]",0.0,-0.009229392546482485,stationary_gaussian_fgn_unknown_constant_mean_ml,-37.593023043176345,True,0.9823289387362719
fGn_0.5_n1024_r37,fGn_0.5_n1024,zero,0.5,,0.4799619018314991,False,"[0.01, 0.99]",0.0,0.0,stationary_gaussian_fgn_known_zero_mean,-37.473416707330216,True,0.9823700814977722
fGn_0.5_n1024_r38,fGn_0.5_n1024,unknown,0.5,,0.47375074572211406,False,"[0.01, 0.99]",0.0,-0.0008865260683491714,stationary_gaussian_fgn_unknown_constant_mean_ml,-13.625701368465798,True,0.9942346908594454
fGn_0.5_n1024_r38,fGn_0.5_n1024,zero,0.5,,0.47373963936622493,False,"[0.01, 0.99]",0.0,0.0,stationary_gaussian_fgn_known_zero_mean,-13.62452960382052,True,0.994235984648706
fGn_0.5_n1024_r39,fGn_0.5_n1024,unknown,0.5,,0.49296752412302547,False,"[0.01, 0.99]",0.0,-0.06777183719693837,stationary_gaussian_fgn_unknown_constant_mean_ml,51.546003956766526,True,1.0255535732916783
fGn_0.5_n1024_r39,fGn_0.5_n1024,zero,0.5,,0.5047735814281843,False,"[0.01, 0.99]",0.0,0.0,stationary_gaussian_fgn_known_zero_mean,56.058181904038065,True,1.02778065956428
fGn_0.5_n1024_r4,fGn_0.5_n1024,unknown,0.5,,0.4818417907271358,False,"[0.01, 0.99]",0.0,0.017442870361524695,stationary_gaussian_fgn_unknown_constant_mean_ml,10.937016713578032,True,1.0057767637829633
fGn_0.5_n1024_r4,fGn_0.5_n1024,zero,0.5,,0.48278888141374326,False,"[0.01, 0.99]",0.0,0.0,stationary_gaussian_fgn_known_zero_mean,11.330673658376782,True,1.0059275181587937
fGn_0.5_n1024_r40,fGn_0.5_n1024,unknown,0.5,,0.4712180383423016,False,"[0.01, 0.99]",0.0,0.012618711540151427,stationary_gaussian_fgn_unknown_constant_mean_ml,105.26652466345513,True,1.0538444245054737
fGn_0.5_n1024_r40,fGn_0.5_n1024,zero,0.5,,0.47185559912705904,False,"[0.01, 0.99]",0.0,0.0,stationary_gaussian_fgn_known_zero_mean,105.48446728005638,True,1.0539088842178763
fGn_0.5_n1024_r41,fGn_0.5_n1024,unknown,0.5,,0.4868298496253065,False,"[0.01, 0.99]",0.0,-0.053842616696765135,stationary_gaussian_fgn_unknown_constant_mean_ml,18.88127216802468,True,1.0094858899581671
fGn_0.5_n1024_r41,fGn_0.5_n1024,zero,0.5,,0.49474480974475965,False,"[0.01, 0.99]",0.0,0.0,stationary_gaussian_fgn_known_zero_mean,22.190189873823783,True,1.0109299210630507
fGn_0.5_n1024_r42,fGn_0.5_n1024,unknown,0.5,,0.5163890211974951,False,"[0.01, 0.99]",0.0,-0.007190850052115977,stationary_gaussian_fgn_unknown_constant_mean_ml,3.929946698191088,True,1.0022745024001567
fGn_0.5_n1024_r42,fGn_0.5_n1024,zero,0.5,,0.5165787095640414,False,"[0.01, 0.99]",0.0,0.0,stationary_gaussian_fgn_known_zero_mean,3.971865613166756,True,1.002303321224013
fGn_0.5_n1024_r43,fGn_0.5_n1024,unknown,0.5,,0.49728461338916585,False,"[0.01, 0.99]",0.0,-0.015301144980368088,stationary_gaussian_fgn_unknown_constant_mean_ml,-37.243783893512955,True,0.98198826243431
fGn_0.5_n1024_r43,fGn_0.5_n1024,zero,0.5,,0.49802023874800383,False,"[0.01, 0.99]",0.0,0.0,stationary_gaussian_fgn_known_zero_mean,-36.98698566668372,True,0.9821070260646052
fGn_0.5_n1024_r44,fGn_0.5_n1024,unknown,0.5,,0.49970390433401013,False,"[0.01, 0.99]",0.0,-0.014141512947763156,stationary_gaussian_fgn_unknown_constant_mean_ml,-10.259457521142394,True,0.9950031387375107
fGn_0.5_n1024_r44,fGn_0.5_n1024,zero,0.5,,0.5002723780624955,False,"[0.01, 0.99]",0.0,0.0,stationary_gaussian_fgn_known_zero_mean,-10.05266181640718,True,0.9951035964122296
fGn_0.5_n1024_r45,fGn_0.5_n1024,unknown,0.5,,0.4705076201325234,False,"[0.01, 0.99]",0.0,0.0025485106556329996,stationary_gaussian_fgn_unknown_constant_mean_ml,25.306668723589155,True,1.0135444170370222
fGn_0.5_n1024_r45,fGn_0.5_n1024,zero,0.5,,0.47055191674885855,False,"[0.01, 0.99]",0.0,0.0,stationary_gaussian_fgn_known_zero_mean,25.316414036071365,True,1.0135459445992414
fGn_0.5_n1024_r46,fGn_0.5_n1024,unknown,0.5,,0.5119077136172961,False,"[0.01, 0.99]",0.0,0.05562566304357968,stationary_gaussian_fgn_unknown_constant_mean_ml,-44.329159396512296,True,0.9787690697498075
fGn_0.5_n1024_r46,fGn_0.5_n1024,zero,0.5,,0.5177291457127952,False,"[0.01, 0.99]",0.0,0.0,stationary_gaussian_fgn_known_zero_mean,-41.63158281570941,True,0.9802826844023541
fGn_0.5_n1024_r47,fGn_0.5_n1024,unknown,0.5,,0.49898659475263585,False,"[0.01, 0.99]",0.0,0.01833903867292576,stationary_gaussian_fgn_unknown_constant_mean_ml,-78.31992813847819,True,0.9624811238053368
fGn_0.5_n1024_r47,fGn_0.5_n1024,zero,0.5,,0.5001149106864542,False,"[0.01, 0.99]",0.0,0.0,stationary_gaussian_fgn_known_zero_mean,-77.94665813496749,True,0.9626553005856837
fGn_0.5_n1024_r48,fGn_0.5_n1024,unknown,0.5,,0.5146421690551227,False,"[0.01, 0.99]",0.0,0.03776596886090714,stationary_gaussian_fgn_unknown_constant_mean_ml,-11.90451035525848,True,0.9944838080098304
fGn_0.5_n1024_r48,fGn_0.5_n1024,zero,0.5,,0.517597010094217,False,"[0.01, 0.99]",0.0,0.0,stationary_gaussian_fgn_known_zero_mean,-10.72490531381618,True,0.9951823034778116
fGn_0.5_n1024_r49,fGn_0.5_n1024,unknown,0.5,,0.5037595639764187,False,"[0.01, 0.99]",0.0,-0.02485671703415981,stationary_gaussian_fgn_unknown_constant_mean_ml,-22.093526600765927,True,0.9892882832942012
fGn_0.5_n1024_r49,fGn_0.5_n1024,zero,0.5,,0.5054235869618355,False,"[0.01, 0.99]",0.0,0.0,stationary_gaussian_fgn_known_zero_mean,-21.487556615793437,True,0.989600736771446
fGn_0.5_n1024_r5,fGn_0.5_n1024,unknown,0.5,,0.4785664497395339,False,"[0.01, 0.99]",0.0,0.0459740854743119,stationary_gaussian_fgn_unknown_constant_mean_ml,-4.8492119730553895,True,0.9982170606630879
fGn_0.5_n1024_r5,fGn_0.5_n1024,zero,0.5,,0.4853111603550783,False,"[0.01, 0.99]",0.0,0.0,stationary_gaussian_fgn_known_zero_mean,-2.059297480303485,True,0.9992702953703995
fGn_0.5_n1024_r50,fGn_0.5_n1024,unknown,0.5,,0.5166062721537045,False,"[0.01, 0.99]",0.0,0.045462631809241,stationary_gaussian_fgn_unknown_constant_mean_ml,57.78834260061285,True,1.0289917725521942
fGn_0.5_n1024_r50,fGn_0.5_n1024,zero,0.5,,0.5218815718122768,False,"[0.01, 0.99]",0.0,0.0,stationary_gaussian_fgn_known_zero_mean,59.30850462766102,True,1.0300340473416647
fGn_0.5_n1024_r51,fGn_0.5_n1024,unknown,0.5,,0.5071279609171493,False,"[0.01, 0.99]",0.0,-0.024069932856898752,stationary_gaussian_fgn_unknown_constant_mean_ml,-30.19130258453697,True,0.9854315021105964
fGn_0.5_n1024_r51,fGn_0.5_n1024,zero,0.5,,0.5084381341751878,False,"[0.01, 0.99]",0.0,0.0,stationary_gaussian_fgn_known_zero_mean,-29.64277425364071,True,0.9857217720013811
fGn_0.5_n1024_r52,fGn_0.5_n1024,unknown,0.5,,0.478931348530742,False,"[0.01, 0.99]",0.0,-0.05333860476049417,stationary_gaussian_fgn_unknown_constant_mean_ml,2.892893484380238,True,1.0019782357286766
fGn_0.5_n1024_r52,fGn_0.5_n1024,zero,0.5,,0.4889819633048419,False,"[0.01, 0.99]",0.0,0.0,stationary_gaussian_fgn_known_zero_mean,6.495412214363569,True,1.0033326675191623
fGn_0.5_n1024_r53,fGn_0.5_n1024,unknown,0.5,,0.545298818507541,False,"[0.01, 0.99]",0.0,0.013805789565972925,stationary_gaussian_fgn_unknown_constant_mean_ml,15.292576081557854,True,1.0102961410859972
fGn_0.5_n1024_r53,fGn_0.5_n1024,zero,0.5,,0.5457074445844854,False,"[0.01, 0.99]",0.0,0.0,stationary_gaussian_fgn_known_zero_mean,15.394333051180638,True,1.0103984037475295
fGn_0.5_n1024_r54,fGn_0.5_n1024,unknown,0.5,,0.4866172965159073,False,"[0.01, 0.99]",0.0,-0.006038276675331583,stationary_gaussian_fgn_unknown_constant_mean_ml,3.078051052311366,True,1.0017334398570983
fGn_0.5_n1024_r54,fGn_0.5_n1024,zero,0.5,,0.4867438517322498,False,"[0.01, 0.99]",0.0,0.0,stationary_gaussian_fgn_known_zero_mean,3.122806904349545,True,1.001751038681658
fGn_0.5_n1024_r55,fGn_0.5_n1024,unknown,0.5,,0.4402044767575919,False,"[0.01, 0.99]",0.0,0.06125892004579843,stationary_gaussian_fgn_unknown_constant_mean_ml,41.06279286553627,True,1.0247516609498843
fGn_0.5_n1024_r55,fGn_0.5_n1024,zero,0.5,,0.4576186698050175,False,"[0.01, 0.99]",0.0,0.0,stationary_gaussian_fgn_known_zero_mean,48.50621736752373,True,1.0262645390942118
fGn_0.5_n1024_r56,fGn_0.5_n1024,unknown,0.5,,0.5014509318167021,False,"[0.01, 0.99]",0.0,0.018655652136809905,stationary_gaussian_fgn_unknown_constant_mean_ml,43.09095821116671,True,1.0212662050062293
fGn_0.5_n1024_r56,fGn_0.5_n1024,zero,0.5,,0.5023456933174191,False,"[0.01, 0.99]",0.0,0.0,stationary_gaussian_fgn_known_zero_mean,43.424005375232355,True,1.0214367998674798
fGn_0.5_n1024_r57,fGn_0.5_n1024,unknown,0.5,,0.4799564902046606,False,"[0.01, 0.99]",0.0,-0.003703477304188408,stationary_gaussian_fgn_unknown_constant_mean_ml,-4.45407199080455,True,0.9983372076539454
fGn_0.5_n1024_r57,fGn_0.5_n1024,zero,0.5,,0.4799738012376623,False,"[0.01, 0.99]",0.0,0.0,stationary_gaussian_fgn_known_zero_mean,-4.435461989689884,True,0.9983454068787919
fGn_0.5_n1024_r58,fGn_0.5_n1024,unknown,0.5,,0.478471106814308,False,"[0.01, 0.99]",0.0,0.07565739829844423,stationary_gaussian_fgn_unknown_constant_mean_ml,41.06714243480792,True,1.0208552091584677
fGn_0.5_n1024_r58,fGn_0.5_n1024,zero,0.5,,0.49540612804475664,False,"[0.01, 0.99]",0.0,0.0,stationary_gaussian_fgn_known_zero_mean,47.70603643850427,True,1.023595223045963
fGn_0.5_n1024_r59,fGn_0.5_n1024,unknown,0.5,,0.47445168301404267,False,"[0.01, 0.99]",0.0,0.013566994951067462,stationary_gaussian_fgn_unknown_constant_mean_ml,63.366620605200296,True,1.0322764421091037
fGn_0.5_n1024_r59,fGn_0.5_n1024,zero,0.5,,0.4754427297182054,False,"[0.01, 0.99]",0.0,0.0,stationary_gaussian_fgn_known_zero_mean,63.61617942156772,True,1.0323380479134412
fGn_0.5_n1024_r6,fGn_0.5_n1024,unknown,0.5,,0.45938043498162917,False,"[0.01, 0.99]",0.0,0.05235029645719582,stationary_gaussian_fgn_unknown_constant_mean_ml,-38.0639981366794,True,0.9836112266737675
fGn_0.5_n1024_r6,fGn_0.5_n1024,zero,0.5,,0.47200055885565323,False,"[0.01, 0.99]",0.0,0.0,stationary_gaussian_fgn_known_zero_mean,-33.43349795954646,True,0.9847817938824023
fGn_0.5_n1024_r60,fGn_0.5_n1024,unknown,0.5,,0.48787783474370916,False,"[0.01, 0.99]",0.0,-0.0202898031516061,stationary_gaussian_fgn_unknown_constant_mean_ml,14.660719434175917,True,1.0073736963381728
fGn_0.5_n1024_r60,fGn_0.5_n1024,zero,0.5,,0.48851971275542244,False,"[0.01, 0.99]",0.0,0.0,stationary_gaussian_fgn_known_zero_mean,15.150975465253396,True,1.0075954310499526
fGn_0.5_n1024_r61,fGn_0.5_n1024,unknown,0.5,,0.4896992998757689,False,"[0.01, 0.99]",0.0,0.12193864183683423,stationary_gaussian_fgn_unknown_constant_mean_ml,61.21603839739237,True,1.0304820223044948
fGn_0.5_n1024_r61,fGn_0.5_n1024,zero,0.5,,0.5194505180708026,False,"[0.01, 0.99]",0.0,0.0,stationary_gaussian_fgn_known_zero_mean,74.47542130960983,True,1.0375515207392756
fGn_0.5_n1024_r62,fGn_0.5_n1024,unknown,0.5,,0.47061915206922367,False,"[0.01, 0.99]",0.0,-0.01758409889070325,stationary_gaussian_fgn_unknown_constant_mean_ml,-17.181734455299193,True,0.9927256306916508
fGn_0.5_n1024_r62,fGn_0.5_n1024,zero,0.5,,0.4721478657165675,False,"[0.01, 0.99]",0.0,0.0,stationary_gaussian_fgn_known_zero_mean,-16.704976481288213,True,0.9928484618074479
fGn_0.5_n1024_r63,fGn_0.5_n1024,unknown,0.5,,0.486529571835866,False,"[0.01, 0.99]",0.0,-0.012048144347061536,stationary_gaussian_fgn_unknown_constant_mean_ml,-11.837872578612405,True,0.9944671302442342
fGn_0.5_n1024_r63,fGn_0.5_n1024,zero,0.5,,0.4870480435422916,False,"[0.01, 0.99]",0.0,0.0,stationary_gaussian_fgn_known_zero_mean,-11.657436790723295,True,0.9945374295282776
fGn_0.5_n1024_r7,fGn_0.5_n1024,unknown,0.5,,0.5149910339044333,False,"[0.01, 0.99]",0.0,-0.0030368567168017127,stationary_gaussian_fgn_unknown_constant_mean_ml,15.888084723044813,True,1.0080853141812816
fGn_0.5_n1024_r7,fGn_0.5_n1024,zero,0.5,,0.5150701337372473,False,"[0.01, 0.99]",0.0,0.0,stationary_gaussian_fgn_known_zero_mean,15.895618680134248,True,1.0080921915234755
fGn_0.5_n1024_r8,fGn_0.5_n1024,unknown,0.5,,0.47072537414170934,False,"[0.01, 0.99]",0.0,0.06047969567492193,stationary_gaussian_fgn_unknown_constant_mean_ml,7.194701949476439,True,1.0046044079470071
fGn_0.5_n1024_r8,fGn_0.5_n1024,zero,0.5,,0.4836692994085108,False,"[0.01, 0.99]",0.0,0.0,stationary_gaussian_fgn_known_zero_mean,12.293810792020395,True,1.0063630923112439
fGn_0.5_n1024_r9,fGn_0.5_n1024,unknown,0.5,,0.4858898697944426,False,"[0.01, 0.99]",0.0,0.0006846104622048625,stationary_gaussian_fgn_unknown_constant_mean_ml,63.52348159436315,True,1.0317658130058904
fGn_0.5_n1024_r9,fGn_0.5_n1024,zero,0.5,,0.4858966022656512,False,"[0.01, 0.99]",0.0,0.0,stationary_gaussian_fgn_known_zero_mean,63.52402979803355,True,1.031765840332913
fGn_0.5_n256_r0,fGn_0.5_n256,unknown,0.5,,0.5020815577884838,False,"[0.01, 0.99]",0.0,0.08336442921960269,stationary_gaussian_fgn_unknown_constant_mean_ml,-21.95585015262145,True,0.9580292677559329
fGn_0.5_n256_r0,fGn_0.5_n256,zero,0.5,,0.516441927335191,False,"[0.01, 0.99]",0.0,0.0,stationary_gaussian_fgn_known_zero_mean,-20.228492723681825,True,0.9616001883719821
fGn_0.5_n256_r1,fGn_0.5_n256,unknown,0.5,,0.4600454624439658,False,"[0.01, 0.99]",0.0,-0.03359351834493222,stationary_gaussian_fgn_unknown_constant_mean_ml,9.888731650410023,True,1.0215199896912937
fGn_0.5_n256_r1,fGn_0.5_n256,zero,0.5,,0.4621480780631314,False,"[0.01, 0.99]",0.0,0.0,stationary_gaussian_fgn_known_zero_mean,10.317109771930404,True,1.0221709706619582
fGn_0.5_n256_r10,fGn_0.5_n256,unknown,0.5,,0.5093526106296182,False,"[0.01, 0.99]",0.0,-0.06551086321934695,stationary_gaussian_fgn_unknown_constant_mean_ml,-12.876043066052262,True,0.9752754660588939
fGn_0.5_n256_r10,fGn_0.5_n256,zero,0.5,,0.5155503328740638,False,"[0.01, 0.99]",0.0,0.0,stationary_gaussian_fgn_known_zero_mean,-11.870033607785786,True,0.9773906661359988
fGn_0.5_n256_r11,fGn_0.5_n256,unknown,0.5,,0.5878204295243992,False,"[0.01, 0.99]",0.0,-0.01638445461536287,stationary_gaussian_fgn_unknown_constant_mean_ml,-10.636332874231357,True,0.9901281194008572
fGn_0.5_n256_r11,fGn_0.5_n256,zero,0.5,,0.5885624039933894,False,"[0.01, 0.99]",0.0,0.0,stationary_gaussian_fgn_known_zero_mean,-10.610051914778978,True,0.990370994218388
fGn_0.5_n256_r12,fGn_0.5_n256,unknown,0.5,,0.46378075161506416,False,"[0.01, 0.99]",0.0,-0.02631823938864086,stationary_gaussian_fgn_unknown_constant_mean_ml,-4.6024111756438515,True,0.9926682015817775
fGn_0.5_n256_r12,fGn_0.5_n256,zero,0.5,,0.46629831986620096,False,"[0.01, 0.99]",0.0,0.0,stationary_gaussian_fgn_known_zero_mean,-4.337309184575076,True,0.9929680108351736
fGn_0.5_n256_r13,fGn_0.5_n256,unknown,0.5,,0.5158632097433908,False,"[0.01, 0.99]",0.0,0.04767272803067979,stationary_gaussian_fgn_unknown_constant_mean_ml,-18.93463975717907,True,0.9640096176530696
fGn_0.5_n256_r13,fGn_0.5_n256,zero,0.5,,0.522738067905058,False,"[0.01, 0.99]",0.0,0.0,stationary_gaussian_fgn_known_zero_mean,-18.43954935939928,True,0.9652801732121108
fGn_0.5_n256_r14,fGn_0.5_n256,unknown,0.5,,0.49258499586467763,False,"[0.01, 0.99]",0.0,0.02393220849238379,stationary_gaussian_fgn_unknown_constant_mean_ml,2.7619678506777063,True,1.005479483620838
fGn_0.5_n256_r14,fGn_0.5_n256,zero,0.5,,0.4944689846118998,False,"[0.01, 0.99]",0.0,0.0,stationary_gaussian_fgn_known_zero_mean,2.9170229867950184,True,1.0057528415971044
fGn_0.5_n256_r15,fGn_0.5_n256,unknown,0.5,,0.4671965196654295,False,"[0.01, 0.99]",0.0,0.03206298099565966,stationary_gaussian_fgn_unknown_constant_mean_ml,3.5237858650515363,True,1.0082573937950337
fGn_0.5_n256_r15,fGn_0.5_n256,zero,0.5,,0.47015406799045983,False,"[0.01, 0.99]",0.0,0.0,stationary_gaussian_fgn_known_zero_mean,3.8903195312952903,True,1.0087492722652514
fGn_0.5_n256_r16,fGn_0.5_n256,unknown,0.5,,0.5079510571045375,False,"[0.01, 0.99]",0.0,-0.10028975715106118,stationary_gaussian_fgn_unknown_constant_mean_ml,11.210338257137096,True,1.0222201707143173
fGn_0.5_n256_r16,fGn_0.5_n256,zero,0.5,,0.5276404472159798,False,"[0.01, 0.99]",0.0,0.0,stationary_gaussian_fgn_known_zero_mean,13.222084753184731,True,1.0271941457629215
fGn_0.5_n256_r17,fGn_0.5_n256,unknown,0.5,,0.39447997446671124,False,"[0.01, 0.99]",0.0,-0.12930456591262035,stationary_gaussian_fgn_unknown_constant_mean_ml,7.114266369664165,True,1.0274085417882037
fGn_0.5_n256_r17,fGn_0.5_n256,zero,0.5,,0.45973024425580167,False,"[0.01, 0.99]",0.0,0.0,stationary_gaussian_fgn_known_zero_mean,15.572182879762295,True,1.032954358802183
fGn_0.5_n256_r18,fGn_0.5_n256,unknown,0.5,,0.5467490476676732,False,"[0.01, 0.99]",0.0,0.010483433523645794,stationary_gaussian_fgn_unknown_constant_mean_ml,-72.49268410255223,True,0.8705321549366175
fGn_0.5_n256_r18,fGn_0.5_n256,zero,0.5,,0.5471179676483621,False,"[0.01, 0.99]",0.0,0.0,stationary_gaussian_fgn_known_zero_mean,-72.47062881996635,True,0.8706111824529377
fGn_0.5_n256_r19,fGn_0.5_n256,unknown,0.5,,0.5317277251107845,False,"[0.01, 0.99]",0.0,0.0884533685641715,stationary_gaussian_fgn_unknown_constant_mean_ml,-35.48099643747253,True,0.9342912402168152
fGn_0.5_n256_r19,fGn_0.5_n256,zero,0.5,,0.5435138038766822,False,"[0.01, 0.99]",0.0,0.0,stationary_gaussian_fgn_known_zero_mean,-33.96699414111151,True,0.9381868381339995
fGn_0.5_n256_r2,fGn_0.5_n256,unknown,0.5,,0.38280839701540154,False,"[0.01, 0.99]",0.0,0.09758383910806938,stationary_gaussian_fgn_unknown_constant_mean_ml,-7.250321260096257,True,1.0019338757004046
fGn_0.5_n256_r2,fGn_0.5_n256,zero,0.5,,0.4238735521375597,False,"[0.01, 0.99]",0.0,0.0,stationary_gaussian_fgn_known_zero_mean,-0.29787004560193964,True,1.0064205104448378
fGn_0.5_n256_r20,fGn_0.5_n256,unknown,0.5,,0.5359164390381901,False,"[0.01, 0.99]",0.0,0.039568366482636085,stationary_gaussian_fgn_unknown_constant_mean_ml,-27.938603292856783,True,0.9485188021827756
fGn_0.5_n256_r20,fGn_0.5_n256,zero,0.5,,0.5372868924675827,False,"[0.01, 0.99]",0.0,0.0,stationary_gaussian_fgn_known_zero_mean,-27.64058795877054,True,0.9492000447724929
fGn_0.5_n256_r21,fGn_0.5_n256,unknown,0.5,,0.465721274340485,False,"[0.01, 0.99]",0.0,0.05007217120282778,stationary_gaussian_fgn_unknown_constant_mean_ml,35.08382289335225,True,1.0724928614989024
fGn_0.5_n256_r21,fGn_0.5_n256,zero,0.5,,0.47286854026901437,False,"[0.01, 0.99]",0.0,0.0,stationary_gaussian_fgn_known_zero_mean,35.86701654814533,True,1.0735539492466486
fGn_0.5_n256_r22,fGn_0.5_n256,unknown,0.5,,0.45890251566810425,False,"[0.01, 0.99]",0.0,-0.05489928357911134,stationary_gaussian_fgn_unknown_constant_mean_ml,-29.291638363138645,True,0.9463719166621637
fGn_0.5_n256_r22,fGn_0.5_n256,zero,0.5,,0.4696692696546922,False,"[0.01, 0.99]",0.0,0.0,stationary_gaussian_fgn_known_zero_mean,-28.01858299012656,True,0.9478349666974971
fGn_0.5_n256_r23,fGn_0.5_n256,unknown,0.5,,0.5436646598338905,False,"[0.01, 0.99]",0.0,0.02604890277930755,stationary_gaussian_fgn_unknown_constant_mean_ml,38.35139087515472,True,1.0805376053325804
fGn_0.5_n256_r23,fGn_0.5_n256,zero,0.5,,0.5444346527547719,False,"[0.01, 0.99]",0.0,0.0,stationary_gaussian_fgn_known_zero_mean,38.442824943850724,True,1.0808310991765024
fGn_0.5_n256_r24,fGn_0.5_n256,unknown,0.5,,0.4892695155142974,False,"[0.01, 0.99]",0.0,-0.06674620554531896,stationary_gaussian_fgn_unknown_constant_mean_ml,-3.320250870391021,True,0.9936814572717982
fGn_0.5_n256_r24,fGn_0.5_n256,zero,0.5,,0.49839778814813923,False,"[0.01, 0.99]",0.0,0.0,stationary_gaussian_fgn_known_zero_mean,-2.0862507242707693,True,0.995936856891499
fGn_0.5_n256_r25,fGn_0.5_n256,unknown,0.5,,0.45006620881430576,False,"[0.01, 0.99]",0.0,0.07739642882695008,stationary_gaussian_fgn_unknown_constant_mean_ml,-39.21539870846118,True,0.9291099103435343
fGn_0.5_n256_r25,fGn_0.5_n256,zero,0.5,,0.46701290074473467,False,"[0.01, 0.99]",0.0,0.0,stationary_gaussian_fgn_known_zero_mean,-36.42680259120277,True,0.9325894957912234
fGn_0.5_n256_r26,fGn_0.5_n256,unknown,0.5,,0.4895651729310705,False,"[0.01, 0.99]",0.0,-0.10241828175110598,stationary_gaussian_fgn_unknown_constant_mean_ml,25.700860893140828,True,1.051623706370075
fGn_0.5_n256_r26,fGn_0.5_n256,zero,0.5,,0.5073279262859088,False,"[0.01, 0.99]",0.0,0.0,stationary_gaussian_fgn_known_zero_mean,28.15132844676151,True,1.0565960054358117
fGn_0.5_n256_r27,fGn_0.5_n256,unknown,0.5,,0.5266808477961193,False,"[0.01, 0.99]",0.0,-0.037047712955930165,stationary_gaussian_fgn_unknown_constant_mean_ml,12.590791858697798,True,1.025857021750054
fGn_0.5_n256_r27,fGn_0.5_n256,zero,0.5,,0.5286974259973666,False,"[0.01, 0.99]",0.0,0.0,stationary_gaussian_fgn_known_zero_mean,12.836727725393075,True,1.0265030331629992
fGn_0.5_n256_r28,fGn_0.5_n256,unknown,0.5,,0.439877593243284,False,"[0.01, 0.99]",0.0,-0.06855053570561016,stationary_gaussian_fgn_unknown_constant_mean_ml,-4.769626999938282,True,0.9951035653828433
fGn_0.5_n256_r28,fGn_0.5_n256,zero,0.5,,0.455364517443306,False,"[0.01, 0.99]",0.0,0.0,stationary_gaussian_fgn_known_zero_mean,-2.6003767467694843,True,0.9973835253122116
fGn_0.5_n256_r29,fGn_0.5_n256,unknown,0.5,,0.466842627106765,False,"[0.01, 0.99]",0.0,0.0838660841232969,stationary_gaussian_fgn_unknown_constant_mean_ml,2.0898179686880667,True,1.0054663417349383
fGn_0.5_n256_r29,fGn_0.5_n256,zero,0.5,,0.48595516828128,False,"[0.01, 0.99]",0.0,0.0,stationary_gaussian_fgn_known_zero_mean,4.3961152672148955,True,1.0088751672844491
fGn_0.5_n256_r3,fGn_0.5_n256,unknown,0.5,,0.47298266575249637,False,"[0.01, 0.99]",0.0,0.010953314306007288,stationary_gaussian_fgn_unknown_constant_mean_ml,11.558920655215843,True,1.0237682605671883
fGn_0.5_n256_r3,fGn_0.5_n256,zero,0.5,,0.47297563140377974,False,"[0.01, 0.99]",0.0,0.0,stationary_gaussian_fgn_known_zero_mean,11.598481521771873,True,1.0238478492820966
fGn_0.5_n256_r30,fGn_0.5_n256,unknown,0.5,,0.4870784806874329,False,"[0.01, 0.99]",0.0,-0.04722230319954323,stationary_gaussian_fgn_unknown_constant_mean_ml,-25.690446533623458,True,0.9512627576421985
fGn_0.5_n256_r30,fGn_0.5_n256,zero,0.5,,0.49313626853623643,False,"[0.01, 0.99]",0.0,0.0,stationary_gaussian_fgn_known_zero_mean,-24.98450763440644,True,0.9524308159853213
fGn_0.5_n256_r31,fGn_0.5_n256,unknown,0.5,,0.44838120187022035,False,"[0.01, 0.99]",0.0,-0.12145703442773143,stationary_gaussian_fgn_unknown_constant_mean_ml,30.805155284751095,True,1.0654919225343613
fGn_0.5_n256_r31,fGn_0.5_n256,zero,0.5,,0.4811937480206269,False,"[0.01, 0.99]",0.0,0.0,stationary_gaussian_fgn_known_zero_mean,35.664243044504644,True,1.0726184662277782
fGn_0.5_n256_r32,fGn_0.5_n256,unknown,0.5,,0.49523621487108094,False,"[0.01, 0.99]",0.0,-0.046152571440910714,stationary_gaussian_fgn_unknown_constant_mean_ml,13.877074248326949,True,1.0275040882890936
fGn_0.5_n256_r32,fGn_0.5_n256,zero,0.5,,0.4994274805108703,False,"[0.01, 0.99]",0.0,0.0,stationary_gaussian_fgn_known_zero_mean,14.410514125410145,True,1.0285457955603976
fGn_0.5_n256_r33,fGn_0.5_n256,unknown,0.5,,0.4400797885963235,False,"[0.01, 0.99]",0.0,-0.05689604095126549,stationary_gaussian_fgn_unknown_constant_mean_ml,36.56089666011292,True,1.0787320289061788
fGn_0.5_n256_r33,fGn_0.5_n256,zero,0.5,,0.450578468312705,False,"[0.01, 0.99]",0.0,0.0,stationary_gaussian_fgn_known_zero_mean,37.86824876719879,True,1.0800036645726148
fGn_0.5_n256_r34,fGn_0.5_n256,unknown,0.5,,0.4783567775545531,False,"[0.01, 0.99]",0.0,-0.06575060403342652,stationary_gaussian_fgn_unknown_constant_mean_ml,-2.5449732909444265,True,0.9956283150724191
fGn_0.5_n256_r34,fGn_0.5_n256,zero,0.5,,0.48979840786641765,False,"[0.01, 0.99]",0.0,0.0,stationary_gaussian_fgn_known_zero_mean,-1.222810468836201,True,0.9977465156133847
fGn_0.5_n256_r35,fGn_0.5_n256,unknown,0.5,,0.46660753571899577,False,"[0.01, 0.99]",0.0,0.10824475003063706,stationary_gaussian_fgn_unknown_constant_mean_ml,-25.424249353947403,True,0.9528786313006559
fGn_0.5_n256_r35,fGn_0.5_n256,zero,0.5,,0.4989371328810635,False,"[0.01, 0.99]",0.0,0.0,stationary_gaussian_fgn_known_zero_mean,-21.58544941941051,True,0.9587186428799774
fGn_0.5_n256_r36,fGn_0.5_n256,unknown,0.5,,0.42784020647128485,False,"[0.01, 0.99]",0.0,0.0922448928436722,stationary_gaussian_fgn_unknown_constant_mean_ml,-22.729052554992506,True,0.9626154324460025
fGn_0.5_n256_r36,fGn_0.5_n256,zero,0.5,,0.46511979959799626,False,"[0.01, 0.99]",0.0,0.0,stationary_gaussian_fgn_known_zero_mean,-18.53517887079215,True,0.9659068502794251
fGn_0.5_n256_r37,fGn_0.5_n256,unknown,0.5,,0.46403471025359494,False,"[0.01, 0.99]",0.0,-0.09923210696910809,stationary_gaussian_fgn_unknown_constant_mean_ml,24.671380976605064,True,1.0510546872046
fGn_0.5_n256_r37,fGn_0.5_n256,zero,0.5,,0.48651748954444735,False,"[0.01, 0.99]",0.0,0.0,stationary_gaussian_fgn_known_zero_mean,27.668836131247758,True,1.0557707364339926
fGn_0.5_n256_r38,fGn_0.5_n256,unknown,0.5,,0.5044332354610849,False,"[0.01, 0.99]",0.0,0.011096199809218657,stationary_gaussian_fgn_unknown_constant_mean_ml,0.8443687293325866,True,1.0016758775840013
fGn_0.5_n256_r38,fGn_0.5_n256,zero,0.5,,0.5048016234213963,False,"[0.01, 0.99]",0.0,0.0,stationary_gaussian_fgn_known_zero_mean,0.8742024500678554,True,1.0017386461947635
fGn_0.5_n256_r39,fGn_0.5_n256,unknown,0.5,,0.43978620818994657,False,"[0.01, 0.99]",0.0,0.04918277688053585,stationary_gaussian_fgn_unknown_constant_mean_ml,23.703426447671404,True,1.0520241484268207
fGn_0.5_n256_r39,fGn_0.5_n256,zero,0.5,,0.44966349139214046,False,"[0.01, 0.99]",0.0,0.0,stationary_gaussian_fgn_known_zero_mean,24.724464789712215,True,1.0527470031780755
fGn_0.5_n256_r4,fGn_0.5_n256,unknown,0.5,,0.4314641756934566,False,"[0.01, 0.99]",0.0,0.010082766109936818,stationary_gaussian_fgn_unknown_constant_mean_ml,32.168564624604414,True,1.0709218782474368
fGn_0.5_n256_r4,fGn_0.5_n256,zero,0.5,,0.4320460054047951,False,"[0.01, 0.99]",0.0,0.0,stationary_gaussian_fgn_known_zero_mean,32.21707517520258,True,1.0709229178372062
fGn_0.5_n256_r40,fGn_0.5_n256,unknown,0.5,,0.462787583720095,False,"[0.01, 0.99]",0.0,-0.035048916324493924,stationary_gaussian_fgn_unknown_constant_mean_ml,-13.62386932843549,True,0.9754175677948536
fGn_0.5_n256_r40,fGn_0.5_n256,zero,0.5,,0.46906831523848036,False,"[0.01, 0.99]",0.0,0.0,stationary_gaussian_fgn_known_zero_mean,-13.148026861867834,True,0.9758118871898019
fGn_0.5_n256_r41,fGn_0.5_n256,unknown,0.5,,0.5551677751827844,False,"[0.01, 0.99]",0.0,0.034096861340836136,stationary_gaussian_fgn_unknown_constant_mean_ml,7.825901983110498,True,1.0196013194043656
fGn_0.5_n256_r41,fGn_0.5_n256,zero,0.5,,0.5562905622770682,False,"[0.01, 0.99]",0.0,0.0,stationary_gaussian_fgn_known_zero_mean,7.98054278226067,True,1.0200877505826758
fGn_0.5_n256_r42,fGn_0.5_n256,unknown,0.5,,0.45228667020008473,False,"[0.01, 0.99]",0.0,-0.05281501081751568,stationary_gaussian_fgn_unknown_constant_mean_ml,-37.145100945188005,True,0.9326304891624331
fGn_0.5_n256_r42,fGn_0.5_n256,zero,0.5,,0.4604387787763647,False,"[0.01, 0.99]",0.0,0.0,stationary_gaussian_fgn_known_zero_mean,-35.804279351364585,True,0.9342692747596882
fGn_0.5_n256_r43,fGn_0.5_n256,unknown,0.5,,0.5202911590829444,False,"[0.01, 0.99]",0.0,-0.04975801741405236,stationary_gaussian_fgn_unknown_constant_mean_ml,0.2452002214266713,True,1.0010179409776636
fGn_0.5_n256_r43,fGn_0.5_n256,zero,0.5,,0.5247677174613691,False,"[0.01, 0.99]",0.0,0.0,stationary_gaussian_fgn_known_zero_mean,0.735078254095356,True,1.0022441107223392
fGn_0.5_n256_r44,fGn_0.5_n256,unknown,0.5,,0.49713650206910315,False,"[0.01, 0.99]",0.0,0.06294220541381548,stationary_gaussian_fgn_unknown_constant_mean_ml,0.7762627733829959,True,1.0015277953721582
fGn_0.5_n256_r44,fGn_0.5_n256,zero,0.5,,0.5063154815099644,False,"[0.01, 0.99]",0.0,0.0,stationary_gaussian_fgn_known_zero_mean,1.7648830884552353,True,1.0035046343858145
fGn_0.5_n256_r45,fGn_0.5_n256,unknown,0.5,,0.511866206190673,False,"[0.01, 0.99]",0.0,-0.06239035882467442,stationary_gaussian_fgn_unknown_constant_mean_ml,17.239273507360735,True,1.0344326606319916
fGn_0.5_n256_r45,fGn_0.5_n256,zero,0.5,,0.5193574710402321,False,"[0.01, 0.99]",0.0,0.0,stationary_gaussian_fgn_known_zero_mean,18.015931833149352,True,1.0363210770820193
fGn_0.5_n256_r46,fGn_0.5_n256,unknown,0.5,,0.5260714880925457,False,"[0.01, 0.99]",0.0,-0.029803114844385498,stationary_gaussian_fgn_unknown_constant_mean_ml,-32.290225776904606,True,0.9397205724490113
fGn_0.5_n256_r46,fGn_0.5_n256,zero,0.5,,0.5281405441362065,False,"[0.01, 0.99]",0.0,0.0,stationary_gaussian_fgn_known_zero_mean,-32.100160376751546,True,0.9402102315391309
fGn_0.5_n256_r47,fGn_0.5_n256,unknown,0.5,,0.5007507954710587,False,"[0.01, 0.99]",0.0,-0.0865206498702026,stationary_gaussian_fgn_unknown_constant_mean_ml,4.088383126616122,True,1.0080178188655162
fGn_0.5_n256_r47,fGn_0.5_n256,zero,0.5,,0.5183231428453917,False,"[0.01, 0.99]",0.0,0.0,stationary_gaussian_fgn_known_zero_mean,5.78490164720597,True,1.0118060602741534
fGn_0.5_n256_r48,fGn_0.5_n256,unknown,0.5,,0.49253408575775937,False,"[0.01, 0.99]",0.0,0.015084706755026269,stationary_gaussian_fgn_unknown_constant_mean_ml,38.63128890255223,True,1.0784477681405604
fGn_0.5_n256_r48,fGn_0.5_n256,zero,0.5,,0.4927158677814513,False,"[0.01, 0.99]",0.0,0.0,stationary_gaussian_fgn_known_zero_mean,38.68567422479646,True,1.078558655706821
fGn_0.5_n256_r49,fGn_0.5_n256,unknown,0.5,,0.48055613643564765,False,"[0.01, 0.99]",0.0,-0.12110973254489518,stationary_gaussian_fgn_unknown_constant_mean_ml,13.420635898614023,True,1.0270481098378461
fGn_0.5_n256_r49,fGn_0.5_n256,zero,0.5,,0.5113057812603742,False,"[0.01, 0.99]",0.0,0.0,stationary_gaussian_fgn_known_zero_mean,17.16285594628698,True,1.0342607638385086
fGn_0.5_n256_r5,fGn_0.5_n256,unknown,0.5,,0.4832270599238802,False,"[0.01, 0.99]",0.0,0.08299935254329202,stationary_gaussian_fgn_unknown_constant_mean_ml,10.358393061782067,True,1.0208000888769346
fGn_0.5_n256_r5,fGn_0.5_n256,zero,0.5,,0.4980791923007811,False,"[0.01, 0.99]",0.0,0.0,stationary_gaussian_fgn_known_zero_mean,12.229690095681349,True,1.0241785106236223
fGn_0.5_n256_r50,fGn_0.5_n256,unknown,0.5,,0.48705948761943224,False,"[0.01, 0.99]",0.0,0.05533666121822918,stationary_gaussian_fgn_unknown_constant_mean_ml,18.274851475064793,True,1.0365577663049679
fGn_0.5_n256_r50,fGn_0.5_n256,zero,0.5,,0.49290285485853275,False,"[0.01, 0.99]",0.0,0.0,stationary_gaussian_fgn_known_zero_mean,19.092970036871293,True,1.0380616286025726
fGn_0.5_n256_r51,fGn_0.5_n256,unknown,0.5,,0.48419891613605215,False,"[0.01, 0.99]",0.0,-0.08065779287163966,stationary_gaussian_fgn_unknown_constant_mean_ml,-14.17324516955648,True,0.9730047001982813
fGn_0.5_n256_r51,fGn_0.5_n256,zero,0.5,,0.5040304592023239,False,"[0.01, 0.99]",0.0,0.0,stationary_gaussian_fgn_known_zero_mean,-12.335005852042343,True,0.9762165029678415
fGn_0.5_n256_r52,fGn_0.5_n256,unknown,0.5,,0.47236280854253365,False,"[0.01, 0.99]",0.0,0.018873311701405996,stationary_gaussian_fgn_unknown_constant_mean_ml,4.751102716968489,True,1.0102881600127587
fGn_0.5_n256_r52,fGn_0.5_n256,zero,0.5,,0.47374661979390675,False,"[0.01, 0.99]",0.0,0.0,stationary_gaussian_fgn_known_zero_mean,4.871349514446592,True,1.0104321654012616
fGn_0.5_n256_r53,fGn_0.5_n256,unknown,0.5,,0.4702162553456188,False,"[0.01, 0.99]",0.0,-0.06058447819669261,stationary_gaussian_fgn_unknown_constant_mean_ml,-13.905537355006572,True,0.9742855084006369
fGn_0.5_n256_r53,fGn_0.5_n256,zero,0.5,,0.47975569279676017,False,"[0.01, 0.99]",0.0,0.0,stationary_gaussian_fgn_known_zero_mean,-12.589002616818561,True,0.9762157971422337
fGn_0.5_n256_r54,fGn_0.5_n256,unknown,0.5,,0.5263273750623764,False,"[0.01, 0.99]",0.0,0.11057578697511475,stationary_gaussian_fgn_unknown_constant_mean_ml,12.517879352377918,True,1.0256853157600352
fGn_0.5_n256_r54,fGn_0.5_n256,zero,0.5,,0.5456365954196722,False,"[0.01, 0.99]",0.0,0.0,stationary_gaussian_fgn_known_zero_mean,14.46789384450642,True,1.0315400740593315
fGn_0.5_n256_r55,fGn_0.5_n256,unknown,0.5,,0.48415125967924577,False,"[0.01, 0.99]",0.0,0.1334774063764697,stationary_gaussian_fgn_unknown_constant_mean_ml,26.649543228004518,True,1.0537629677553024
fGn_0.5_n256_r55,fGn_0.5_n256,zero,0.5,,0.5166217388781548,False,"[0.01, 0.99]",0.0,0.0,stationary_gaussian_fgn_known_zero_mean,30.676854289923995,True,1.0621294374768315
fGn_0.5_n256_r56,fGn_0.5_n256,unknown,0.5,,0.5144455351990531,False,"[0.01, 0.99]",0.0,0.04224189262150101,stationary_gaussian_fgn_unknown_constant_mean_ml,3.358524298197324,True,1.0068543835438373
fGn_0.5_n256_r56,fGn_0.5_n256,zero,0.5,,0.517524261083504,False,"[0.01, 0.99]",0.0,0.0,stationary_gaussian_fgn_known_zero_mean,3.7365591370695483,True,1.0077282569509103
fGn_0.5_n256_r57,fGn_0.5_n256,unknown,0.5,,0.5244792170456373,False,"[0.01, 0.99]",0.0,-0.04498775139651812,stationary_gaussian_fgn_unknown_constant_mean_ml,8.521158774444643,True,1.0175826808924266
fGn_0.5_n256_r57,fGn_0.5_n256,zero,0.5,,0.5297506237795107,False,"[0.01, 0.99]",0.0,0.0,stationary_gaussian_fgn_known_zero_mean,8.88740393029991,True,1.0186995040738387
fGn_0.5_n256_r58,fGn_0.5_n256,unknown,0.5,,0.4659034596075474,False,"[0.01, 0.99]",0.0,0.03886974115405498,stationary_gaussian_fgn_unknown_constant_mean_ml,23.92747664084061,True,1.0493602484655244
fGn_0.5_n256_r58,fGn_0.5_n256,zero,0.5,,0.47108535408037144,False,"[0.01, 0.99]",0.0,0.0,stationary_gaussian_fgn_known_zero_mean,24.422617463728557,True,1.0499534368924586
fGn_0.5_n256_r59,fGn_0.5_n256,unknown,0.5,,0.48974819016391674,False,"[0.01, 0.99]",0.0,-0.0035006925007468135,stationary_gaussian_fgn_unknown_constant_mean_ml,22.285217062925994,True,1.0446264823888838
fGn_0.5_n256_r59,fGn_0.5_n256,zero,0.5,,0.48984332206541215,False,"[0.01, 0.99]",0.0,0.0,stationary_gaussian_fgn_known_zero_mean,22.288433861127373,True,1.044630479670164
fGn_0.5_n256_r6,fGn_0.5_n256,unknown,0.5,,0.5242144809257611,False,"[0.01, 0.99]",0.0,-0.02846753374501641,stationary_gaussian_fgn_unknown_constant_mean_ml,-0.8996100200275805,True,0.9990133088963098
fGn_0.5_n256_r6,fGn_0.5_n256,zero,0.5,,0.5266776201274855,False,"[0.01, 0.99]",0.0,0.0,stationary_gaussian_fgn_known_zero_mean,-0.7435175639863019,True,0.9994847120202411
fGn_0.5_n256_r60,fGn_0.5_n256,unknown,0.5,,0.485283594003617,False,"[0.01, 0.99]",0.0,-0.037454192685964095,stationary_gaussian_fgn_unknown_constant_mean_ml,1.165930396291401,True,1.0025546191359653
fGn_0.5_n256_r60,fGn_0.5_n256,zero,0.5,,0.48918260695498045,False,"[0.01, 0.99]",0.0,0.0,stationary_gaussian_fgn_known_zero_mean,1.5780227762803065,True,1.0032359433587974
fGn_0.5_n256_r61,fGn_0.5_n256,unknown,0.5,,0.5231700697624259,False,"[0.01, 0.99]",0.0,0.05703366681173822,stationary_gaussian_fgn_unknown_constant_mean_ml,37.30021985621761,True,1.07632897627174
fGn_0.5_n256_r61,fGn_0.5_n256,zero,0.5,,0.5272709331010035,False,"[0.01, 0.99]",0.0,0.0,stationary_gaussian_fgn_known_zero_mean,37.84418754724584,True,1.0777697969405498
fGn_0.5_n256_r62,fGn_0.5_n256,unknown,0.5,,0.5579833798738694,False,"[0.01, 0.99]",0.0,0.005932397567834917,stationary_gaussian_fgn_unknown_constant_mean_ml,-16.159275925911857,True,0.9733725602552318
fGn_0.5_n256_r62,fGn_0.5_n256,zero,0.5,,0.558142671090943,False,"[0.01, 0.99]",0.0,0.0,stationary_gaussian_fgn_known_zero_mean,-16.154282063452,True,0.9734073239086006
fGn_0.5_n256_r63,fGn_0.5_n256,unknown,0.5,,0.5402882532978411,False,"[0.01, 0.99]",0.0,0.0033188560205881148,stationary_gaussian_fgn_unknown_constant_mean_ml,-15.386308464871945,True,0.9725001396285826
fGn_0.5_n256_r63,fGn_0.5_n256,zero,0.5,,0.5403062962863151,False,"[0.01, 0.99]",0.0,0.0,stationary_gaussian_fgn_known_zero_mean,-15.384399602608823,True,0.9725056923766401
fGn_0.5_n256_r7,fGn_0.5_n256,unknown,0.5,,0.4984416022475458,False,"[0.01, 0.99]",0.0,-0.08092670620870109,stationary_gaussian_fgn_unknown_constant_mean_ml,-23.474162867062205,True,0.9551901357730654
fGn_0.5_n256_r7,fGn_0.5_n256,zero,0.5,,0.5136906521532085,False,"[0.01, 0.99]",0.0,0.0,stationary_gaussian_fgn_known_zero_mean,-21.748334231599245,True,0.9586457825265592
fGn_0.5_n256_r8,fGn_0.5_n256,unknown,0.5,,0.4159788363903868,False,"[0.01, 0.99]",0.0,-0.06078004139846767,stationary_gaussian_fgn_unknown_constant_mean_ml,-56.257380667567645,True,0.9035527348793223
fGn_0.5_n256_r8,fGn_0.5_n256,zero,0.5,,0.44185978725043845,False,"[0.01, 0.99]",0.0,0.0,stationary_gaussian_fgn_known_zero_mean,-53.74546690155148,True,0.904074135370855
fGn_0.5_n256_r9,fGn_0.5_n256,unknown,0.5,,0.5387108485652496,False,"[0.01, 0.99]",0.0,0.06429249184949291,stationary_gaussian_fgn_unknown_constant_mean_ml,5.207609506422386,True,1.0122421782492026
fGn_0.5_n256_r9,fGn_0.5_n256,zero,0.5,,0.5468318431231085,False,"[0.01, 0.99]",0.0,0.0,stationary_gaussian_fgn_known_zero_mean,5.841107029042178,True,1.014459312770466
fGn_0.5_n512_r0,fGn_0.5_n512,unknown,0.5,,0.5161787488158182,False,"[0.01, 0.99]",0.0,-0.11966908221542066,stationary_gaussian_fgn_unknown_constant_mean_ml,20.583827392359126,True,1.0206546984036586
fGn_0.5_n512_r0,fGn_0.5_n512,zero,0.5,,0.538311557126492,False,"[0.01, 0.99]",0.0,0.0,stationary_gaussian_fgn_known_zero_mean,25.497807381573466,True,1.0272300617191124
fGn_0.5_n512_r1,fGn_0.5_n512,unknown,0.5,,0.5003965514356901,False,"[0.01, 0.99]",0.0,0.027178650241273573,stationary_gaussian_fgn_unknown_constant_mean_ml,-11.15271841626236,True,0.989167969930714
fGn_0.5_n512_r1,fGn_0.5_n512,zero,0.5,,0.5034861799412079,False,"[0.01, 0.99]",0.0,0.0,stationary_gaussian_fgn_known_zero_mean,-10.780215389612067,True,0.9895432321183076
fGn_0.5_n512_r10,fGn_0.5_n512,unknown,0.5,,0.5550195781042948,False,"[0.01, 0.99]",0.0,0.07056483106538447,stationary_gaussian_fgn_unknown_constant_mean_ml,-25.12794602050576,True,0.9797941786007739
fGn_0.5_n512_r10,fGn_0.5_n512,zero,0.5,,0.5611552288003037,False,"[0.01, 0.99]",0.0,0.0,stationary_gaussian_fgn_known_zero_mean,-23.845007630079635,True,0.982009753999533
fGn_0.5_n512_r11,fGn_0.5_n512,unknown,0.5,,0.48591752920762177,False,"[0.01, 0.99]",0.0,0.027410724042768154,stationary_gaussian_fgn_unknown_constant_mean_ml,-58.79581435501609,True,0.9444380634273385
fGn_0.5_n512_r11,fGn_0.5_n512,zero,0.5,,0.4888491365034716,False,"[0.01, 0.99]",0.0,0.0,stationary_gaussian_fgn_known_zero_mean,-58.29420544373011,True,0.9448121690358816
fGn_0.5_n512_r12,fGn_0.5_n512,unknown,0.5,,0.4683897717841835,False,"[0.01, 0.99]",0.0,-0.007191733138623444,stationary_gaussian_fgn_unknown_constant_mean_ml,75.95391638944307,True,1.0783450303606876
fGn_0.5_n512_r12,fGn_0.5_n512,zero,0.5,,0.4684215616376067,False,"[0.01, 0.99]",0.0,0.0,stationary_gaussian_fgn_known_zero_mean,75.98772381542517,True,1.0783779505064484
fGn_0.5_n512_r13,fGn_0.5_n512,unknown,0.5,,0.5453736511262868,False,"[0.01, 0.99]",0.0,-0.07808622301591853,stationary_gaussian_fgn_unknown_constant_mean_ml,5.201967052567625,True,1.0078885495665515
fGn_0.5_n512_r13,fGn_0.5_n512,zero,0.5,,0.5540447693741682,False,"[0.01, 0.99]",0.0,0.0,stationary_gaussian_fgn_known_zero_mean,6.831771234380085,True,1.010705704015848
fGn_0.5_n512_r14,fGn_0.5_n512,unknown,0.5,,0.4755797105346741,False,"[0.01, 0.99]",0.0,0.029256691830035195,stationary_gaussian_fgn_unknown_constant_mean_ml,25.38666328621366,True,1.0258735542329125
fGn_0.5_n512_r14,fGn_0.5_n512,zero,0.5,,0.47829229785971916,False,"[0.01, 0.99]",0.0,0.0,stationary_gaussian_fgn_known_zero_mean,25.93907888056674,True,1.0262664348706598
fGn_0.5_n512_r15,fGn_0.5_n512,unknown,0.5,,0.46921403279662793,False,"[0.01, 0.99]",0.0,0.016075532770497933,stationary_gaussian_fgn_unknown_constant_mean_ml,77.50100414219241,True,1.0799066530429813
fGn_0.5_n512_r15,fGn_0.5_n512,zero,0.5,,0.46969132794188984,False,"[0.01, 0.99]",0.0,0.0,stationary_gaussian_fgn_known_zero_mean,77.66741750914548,True,1.0800431211525692
fGn_0.5_n512_r16,fGn_0.5_n512,unknown,0.5,,0.5240710578002675,False,"[0.01, 0.99]",0.0,0.0648612821803668,stationary_gaussian_fgn_unknown_constant_mean_ml,-27.18171829170842,True,0.9745497159456122
fGn_0.5_n512_r16,fGn_0.5_n512,zero,0.5,,0.5317540180012171,False,"[0.01, 0.99]",0.0,0.0,stationary_gaussian_fgn_known_zero_mean,-25.583456957634326,True,0.9766348257495323
fGn_0.5_n512_r17,fGn_0.5_n512,unknown,0.5,,0.5222918527307924,False,"[0.01, 0.99]",0.0,0.007869151274552394,stationary_gaussian_fgn_unknown_constant_mean_ml,-25.413724455045895,True,0.9761263589888154
fGn_0.5_n512_r17,fGn_0.5_n512,zero,0.5,,0.5223340525641414,False,"[0.01, 0.99]",0.0,0.0,stationary_gaussian_fgn_known_zero_mean,-25.388523402919645,True,0.976152831324282
fGn_0.5_n512_r18,fGn_0.5_n512,unknown,0.5,,0.46653582465627086,False,"[0.01, 0.99]",0.0,-0.00830655747906823,stationary_gaussian_fgn_unknown_constant_mean_ml,41.83597468598532,True,1.0431639833811153
fGn_0.5_n512_r18,fGn_0.5_n512,zero,0.5,,0.46713294152679247,False,"[0.01, 0.99]",0.0,0.0,stationary_gaussian_fgn_known_zero_mean,41.88488929501341,True,1.0431627546261952
fGn_0.5_n512_r19,fGn_0.5_n512,unknown,0.5,,0.49997700156381775,False,"[0.01, 0.99]",0.0,0.0018386840000754086,stationary_gaussian_fgn_unknown_constant_mean_ml,8.874158005772415,True,1.0087038305770168
fGn_0.5_n512_r19,fGn_0.5_n512,zero,0.5,,0.5000294636898795,False,"[0.01, 0.99]",0.0,0.0,stationary_gaussian_fgn_known_zero_mean,8.875856609913171,True,1.0087055042508017
fGn_0.5_n512_r2,fGn_0.5_n512,unknown,0.5,,0.5261713353354498,False,"[0.01, 0.99]",0.0,-0.05936046176103575,stationary_gaussian_fgn_unknown_constant_mean_ml,27.499813586987102,True,1.028150317032329
fGn_0.5_n512_r2,fGn_0.5_n512,zero,0.5,,0.5319006086023688,False,"[0.01, 0.99]",0.0,0.0,stationary_gaussian_fgn_known_zero_mean,28.691474408428803,True,1.0298086507591147
fGn_0.5_n512_r20,fGn_0.5_n512,unknown,0.5,,0.5115517717844039,False,"[0.01, 0.99]",0.0,0.01103552455283102,stationary_gaussian_fgn_unknown_constant_mean_ml,-9.040797193215212,True,0.9913824746343941
fGn_0.5_n512_r20,fGn_0.5_n512,zero,0.5,,0.5118754612381301,False,"[0.01, 0.99]",0.0,0.0,stationary_gaussian_fgn_known_zero_mean,-8.985997304710509,True,0.9914453917822256
fGn_0.5_n512_r21,fGn_0.5_n512,unknown,0.5,,0.5314646336764334,False,"[0.01, 0.99]",0.0,-0.006149700710909753,stationary_gaussian_fgn_unknown_constant_mean_ml,-20.53097005428276,True,0.9814412531527009
fGn_0.5_n512_r21,fGn_0.5_n512,zero,0.5,,0.5316995864559507,False,"[0.01, 0.99]",0.0,0.0,stationary_gaussian_fgn_known_zero_mean,-20.517465707462634,True,0.9814738789320705
fGn_0.5_n512_r22,fGn_0.5_n512,unknown,0.5,,0.5462829524876934,False,"[0.01, 0.99]",0.0,0.03893185151703768,stationary_gaussian_fgn_unknown_constant_mean_ml,-24.21818628735241,True,0.9794561496863308
fGn_0.5_n512_r22,fGn_0.5_n512,zero,0.5,,0.5485429742357739,False,"[0.01, 0.99]",0.0,0.0,stationary_gaussian_fgn_known_zero_mean,-23.770471746160865,True,0.9801755758920196
fGn_0.5_n512_r23,fGn_0.5_n512,unknown,0.5,,0.4550386365945805,False,"[0.01, 0.99]",0.0,-0.06437796489577498,stationary_gaussian_fgn_unknown_constant_mean_ml,-9.61702179706299,True,0.9931408524957442
fGn_0.5_n512_r23,fGn_0.5_n512,zero,0.5,,0.4720077194333253,False,"[0.01, 0.99]",0.0,0.0,stationary_gaussian_fgn_known_zero_mean,-6.264656981129292,True,0.9948814874158972
fGn_0.5_n512_r24,fGn_0.5_n512,unknown,0.5,,0.5267300768366757,False,"[0.01, 0.99]",0.0,-0.13419008568734203,stationary_gaussian_fgn_unknown_constant_mean_ml,-7.260696390453404,True,0.993874037518663
fGn_0.5_n512_r24,fGn_0.5_n512,zero,0.5,,0.5506868924007137,False,"[0.01, 0.99]",0.0,0.0,stationary_gaussian_fgn_known_zero_mean,-1.5433309488923896,True,1.0019805112706306
fGn_0.5_n512_r25,fGn_0.5_n512,unknown,0.5,,0.5393407141725636,False,"[0.01, 0.99]",0.0,-0.03223571609844371,stationary_gaussian_fgn_unknown_constant_mean_ml,27.190273656137833,True,1.02904166760124
fGn_0.5_n512_r25,fGn_0.5_n512,zero,0.5,,0.5412872791123907,False,"[0.01, 0.99]",0.0,0.0,stationary_gaussian_fgn_known_zero_mean,27.49262068403982,True,1.0295669136943593
fGn_0.5_n512_r26,fGn_0.5_n512,unknown,0.5,,0.5113192246567587,False,"[0.01, 0.99]",0.0,0.06528565860066161,stationary_gaussian_fgn_unknown_constant_mean_ml,-14.99175115266803,True,0.9856309122602763
fGn_0.5_n512_r26,fGn_0.5_n512,zero,0.5,,0.5207454498605172,False,"[0.01, 0.99]",0.0,0.0,stationary_gaussian_fgn_known_zero_mean,-13.16441115999919,True,0.9877856288131693
fGn_0.5_n512_r27,fGn_0.5_n512,unknown,0.5,,0.5030443136346929,False,"[0.01, 0.99]",0.0,-0.020961334822226115,stationary_gaussian_fgn_unknown_constant_mean_ml,37.56752949623478,True,1.0373807542504832
fGn_0.5_n512_r27,fGn_0.5_n512,zero,0.5,,0.5038194063469649,False,"[0.01, 0.99]",0.0,0.0,stationary_gaussian_fgn_known_zero_mean,37.767939008547955,True,1.0375909580683194
fGn_0.5_n512_r28,fGn_0.5_n512,unknown,0.5,,0.522450927277225,False,"[0.01, 0.99]",0.0,-0.018682697515412718,stationary_gaussian_fgn_unknown_constant_mean_ml,30.213844706709324,True,1.0306297742479238
fGn_0.5_n512_r28,fGn_0.5_n512,zero,0.5,,0.5232722255498962,False,"[0.01, 0.99]",0.0,0.0,stationary_gaussian_fgn_known_zero_mean,30.340267950154157,True,1.0308086380934056
fGn_0.5_n512_r29,fGn_0.5_n512,unknown,0.5,,0.49689336090473046,False,"[0.01, 0.99]",0.0,-0.013866661225090253,stationary_gaussian_fgn_unknown_constant_mean_ml,-28.841418850461423,True,0.9722395712619126
fGn_0.5_n512_r29,fGn_0.5_n512,zero,0.5,,0.49728031331177047,False,"[0.01, 0.99]",0.0,0.0,stationary_gaussian_fgn_known_zero_mean,-28.733359743814162,True,0.972339356887302
fGn_0.5_n512_r3,fGn_0.5_n512,unknown,0.5,,0.5126614440844889,False,"[0.01, 0.99]",0.0,0.058997535824131024,stationary_gaussian_fgn_unknown_constant_mean_ml,-48.67735466268209,True,0.953775287018841
fGn_0.5_n512_r3,fGn_0.5_n512,zero,0.5,,0.5205842718074811,False,"[0.01, 0.99]",0.0,0.0,stationary_gaussian_fgn_known_zero_mean,-47.09321998712858,True,0.955584546424445
fGn_0.5_n512_r30,fGn_0.5_n512,unknown,0.5,,0.4920163817401667,False,"[0.01, 0.99]",0.0,0.04315547308321667,stationary_gaussian_fgn_unknown_constant_mean_ml,-23.12883134124195,True,0.977746235088438
fGn_0.5_n512_r30,fGn_0.5_n512,zero,0.5,,0.4979853755237631,False,"[0.01, 0.99]",0.0,0.0,stationary_gaussian_fgn_known_zero_mean,-22.07045712489662,True,0.978682544329773
fGn_0.5_n512_r31,fGn_0.5_n512,unknown,0.5,,0.4614124630136657,False,"[0.01, 0.99]",0.0,-0.0975773080298113,stationary_gaussian_fgn_unknown_constant_mean_ml,-8.99554581774396,True,0.9930967514617373
fGn_0.5_n512_r31,fGn_0.5_n512,zero,0.5,,0.4912033429624996,False,"[0.01, 0.99]",0.0,0.0,stationary_gaussian_fgn_known_zero_mean,-2.374512433911832,True,0.9977826366242749
fGn_0.5_n512_r32,fGn_0.5_n512,unknown,0.5,,0.488509832277816,False,"[0.01, 0.99]",0.0,0.0823735996467858,stationary_gaussian_fgn_unknown_constant_mean_ml,38.89920386362155,True,1.0388933549063573
fGn_0.5_n512_r32,fGn_0.5_n512,zero,0.5,,0.5055906176618389,False,"[0.01, 0.99]",0.0,0.0,stationary_gaussian_fgn_known_zero_mean,42.1763676965154,True,1.0420900830968274
fGn_0.5_n512_r33,fGn_0.5_n512,unknown,0.5,,0.4840797691150529,False,"[0.01, 0.99]",0.0,0.04598501432368357,stationary_gaussian_fgn_unknown_constant_mean_ml,27.532945050850913,True,1.0275835432228801
fGn_0.5_n512_r33,fGn_0.5_n512,zero,0.5,,0.48996393864686566,False,"[0.01, 0.99]",0.0,0.0,stationary_gaussian_fgn_known_zero_mean,28.730171312822904,True,1.0285865436383386
fGn_0.5_n512_r34,fGn_0.5_n512,unknown,0.5,,0.46694085518944367,False,"[0.01, 0.99]",0.0,-0.06308279763156305,stationary_gaussian_fgn_unknown_constant_mean_ml,8.44492634060498,True,1.0096630364316288
fGn_0.5_n512_r34,fGn_0.5_n512,zero,0.5,,0.47790264848239605,False,"[0.01, 0.99]",0.0,0.0,stationary_gaussian_fgn_known_zero_mean,11.249994311208866,True,1.0116715643025551
fGn_0.5_n512_r35,fGn_0.5_n512,unknown,0.5,,0.5031482986143272,False,"[0.01, 0.99]",0.0,0.0710023033571736,stationary_gaussian_fgn_unknown_constant_mean_ml,28.302368773133594,True,1.028037717645653
fGn_0.5_n512_r35,fGn_0.5_n512,zero,0.5,,0.5126479437397351,False,"[0.01, 0.99]",0.0,0.0,stationary_gaussian_fgn_known_zero_mean,30.49649246958461,True,1.0304448248774252
fGn_0.5_n512_r36,fGn_0.5_n512,unknown,0.5,,0.4679264243647481,False,"[0.01, 0.99]",0.0,0.004752791498658972,stationary_gaussian_fgn_unknown_constant_mean_ml,-66.60815570072191,True,0.9382331846045868
fGn_0.5_n512_r36,fGn_0.5_n512,zero,0.5,,0.4678801175576522,False,"[0.01, 0.99]",0.0,0.0,stationary_gaussian_fgn_known_zero_mean,-66.58853934540412,True,0.9382546092570065
fGn_0.5_n512_r37,fGn_0.5_n512,unknown,0.5,,0.491296047899672,False,"[0.01, 0.99]",0.0,-0.010484283579864,stationary_gaussian_fgn_unknown_constant_mean_ml,39.84391578912755,True,1.0397778038059007
fGn_0.5_n512_r37,fGn_0.5_n512,zero,0.5,,0.4916300762367952,False,"[0.01, 0.99]",0.0,0.0,stationary_gaussian_fgn_known_zero_mean,39.90181076693011,True,1.039829030068581
fGn_0.5_n512_r38,fGn_0.5_n512,unknown,0.5,,0.5036243441673715,False,"[0.01, 0.99]",0.0,0.05249238464781995,stationary_gaussian_fgn_unknown_constant_mean_ml,-14.56768845603051,True,0.9858912205375443
fGn_0.5_n512_r38,fGn_0.5_n512,zero,0.5,,0.5094942165523652,False,"[0.01, 0.99]",0.0,0.0,stationary_gaussian_fgn_known_zero_mean,-13.225338438026029,True,0.987283505132749
fGn_0.5_n512_r39,fGn_0.5_n512,unknown,0.5,,0.43780856181404865,False,"[0.01, 0.99]",0.0,-0.017866557776363333,stationary_gaussian_fgn_unknown_constant_mean_ml,-22.582847420489088,True,0.9828315034055485
fGn_0.5_n512_r39,fGn_0.5_n512,zero,0.5,,0.43952183974788395,False,"[0.01, 0.99]",0.0,0.0,stationary_gaussian_fgn_known_zero_mean,-22.217744583383364,True,0.9829347544729743
fGn_0.5_n512_r4,fGn_0.5_n512,unknown,0.5,,0.5409106957838578,False,"[0.01, 0.99]",0.0,-0.049485595544819044,stationary_gaussian_fgn_unknown_constant_mean_ml,-14.2978104862068,True,0.9883531663270837
fGn_0.5_n512_r4,fGn_0.5_n512,zero,0.5,,0.5449342493337418,False,"[0.01, 0.99]",0.0,0.0,stationary_gaussian_fgn_known_zero_mean,-13.547260320101259,True,0.9895480175069546
fGn_0.5_n512_r40,fGn_0.5_n512,unknown,0.5,,0.45971367731059937,False,"[0.01, 0.99]",0.0,0.09476531439898996,stationary_gaussian_fgn_unknown_constant_mean_ml,-50.06958494800688,True,0.954207419736171
fGn_0.5_n512_r40,fGn_0.5_n512,zero,0.5,,0.4876399700550826,False,"[0.01, 0.99]",0.0,0.0,stationary_gaussian_fgn_known_zero_mean,-43.0866178527599,True,0.958983051571396
fGn_0.5_n512_r41,fGn_0.5_n512,unknown,0.5,,0.5148706415534989,False,"[0.01, 0.99]",0.0,0.023501339192119167,stationary_gaussian_fgn_unknown_constant_mean_ml,-11.390388183776395,True,0.9892243689064396
fGn_0.5_n512_r41,fGn_0.5_n512,zero,0.5,,0.5156554154320601,False,"[0.01, 0.99]",0.0,0.0,stationary_gaussian_fgn_known_zero_mean,-11.151198600734006,True,0.9894867149182663
fGn_0.5_n512_r42,fGn_0.5_n512,unknown,0.5,,0.4961904086902874,False,"[0.01, 0.99]",0.0,-0.018674375859742007,stationary_gaussian_fgn_unknown_constant_mean_ml,-24.093006306279904,True,0.9767645309110198
fGn_0.5_n512_r42,fGn_0.5_n512,zero,0.5,,0.4972349192983457,False,"[0.01, 0.99]",0.0,0.0,stationary_gaussian_fgn_known_zero_mean,-23.89817033411964,True,0.9769417810737042
fGn_0.5_n512_r43,fGn_0.5_n512,unknown,0.5,,0.5093023032819686,False,"[0.01, 0.99]",0.0,-0.015255059900485703,stationary_gaussian_fgn_unknown_constant_mean_ml,28.65544573520151,True,1.028494873779512
fGn_0.5_n512_r43,fGn_0.5_n512,zero,0.5,,0.5098196173881877,False,"[0.01, 0.99]",0.0,0.0,stationary_gaussian_fgn_known_zero_mean,28.755461896541647,True,1.028608638725932
fGn_0.5_n512_r44,fGn_0.5_n512,unknown,0.5,,0.477913459452967,False,"[0.01, 0.99]",0.0,-0.02843979664546753,stationary_gaussian_fgn_unknown_constant_mean_ml,-24.937696308600835,True,0.9765433239395579
fGn_0.5_n512_r44,fGn_0.5_n512,zero,0.5,,0.4803014710153134,False,"[0.01, 0.99]",0.0,0.0,stationary_gaussian_fgn_known_zero_mean,-24.37391161525875,True,0.9769588020755221
fGn_0.5_n512_r45,fGn_0.5_n512,unknown,0.5,,0.4676994587649723,False,"[0.01, 0.99]",0.0,-0.07887818955388685,stationary_gaussian_fgn_unknown_constant_mean_ml,-9.156070105306526,True,0.992395924607632
fGn_0.5_n512_r45,fGn_0.5_n512,zero,0.5,,0.4898303396656763,False,"[0.01, 0.99]",0.0,0.0,stationary_gaussian_fgn_known_zero_mean,-4.949837356309217,True,0.995309409143698
fGn_0.5_n512_r46,fGn_0.5_n512,unknown,0.5,,0.4359788746552534,False,"[0.01, 0.99]",0.0,0.037193273086995084,stationary_gaussian_fgn_unknown_constant_mean_ml,-67.1680940922331,True,0.9412165444454919
fGn_0.5_n512_r46,fGn_0.5_n512,zero,0.5,,0.4449432399819986,False,"[0.01, 0.99]",0.0,0.0,stationary_gaussian_fgn_known_zero_mean,-65.50403300373591,True,0.9415416398922296
fGn_0.5_n512_r47,fGn_0.5_n512,unknown,0.5,,0.4783463105795651,False,"[0.01, 0.99]",0.0,-0.04738143149234845,stationary_gaussian_fgn_unknown_constant_mean_ml,-1.1769922654671063,True,0.9994440766474786
fGn_0.5_n512_r47,fGn_0.5_n512,zero,0.5,,0.4857390428600706,False,"[0.01, 0.99]",0.0,0.0,stationary_gaussian_fgn_known_zero_mean,0.2574291913554134,True,1.0005105464432202
fGn_0.5_n512_r48,fGn_0.5_n512,unknown,0.5,,0.5017700629336911,False,"[0.01, 0.99]",0.0,-0.04020199814773887,stationary_gaussian_fgn_unknown_constant_mean_ml,37.12352614352676,True,1.0369228116571718
fGn_0.5_n512_r48,fGn_0.5_n512,zero,0.5,,0.5058043636598355,False,"[0.01, 0.99]",0.0,0.0,stationary_gaussian_fgn_known_zero_mean,37.85443718196916,True,1.0377043564591684
fGn_0.5_n512_r49,fGn_0.5_n512,unknown,0.5,,0.5060630380292203,False,"[0.01, 0.99]",0.0,0.03748504657053129,stationary_gaussian_fgn_unknown_constant_mean_ml,-1.0351198148910044,True,0.999037297889663
fGn_0.5_n512_r49,fGn_0.5_n512,zero,0.5,,0.5099015771023571,False,"[0.01, 0.99]",0.0,0.0,stationary_gaussian_fgn_known_zero_mean,-0.387750393926126,True,0.9997490305394546
fGn_0.5_n512_r5,fGn_0.5_n512,unknown,0.5,,0.48884172377600305,False,"[0.01, 0.99]",0.0,-0.06010889721090714,stationary_gaussian_fgn_unknown_constant_mean_ml,-32.26020927106765,True,0.9691410651351916
fGn_0.5_n512_r5,fGn_0.5_n512,zero,0.5,,0.4982706914303831,False,"[0.01, 0.99]",0.0,0.0,stationary_gaussian_fgn_known_zero_mean,-30.12524155934807,True,0.9710130905696679
fGn_0.5_n512_r50,fGn_0.5_n512,unknown,0.5,,0.46840487322781965,False,"[0.01, 0.99]",0.0,-0.10449571796563378,stationary_gaussian_fgn_unknown_constant_mean_ml,35.07880244602393,True,1.0361471819844097
fGn_0.5_n512_r50,fGn_0.5_n512,zero,0.5,,0.4983680365362617,False,"[0.01, 0.99]",0.0,0.0,stationary_gaussian_fgn_known_zero_mean,41.30850200814143,True,1.0411686298086313
fGn_0.5_n512_r51,fGn_0.5_n512,unknown,0.5,,0.5158692817585873,False,"[0.01, 0.99]",0.0,0.017509993999355794,stationary_gaussian_fgn_unknown_constant_mean_ml,-6.733853937869981,True,0.9937732358047946
fGn_0.5_n512_r51,fGn_0.5_n512,zero,0.5,,0.5164559509293978,False,"[0.01, 0.99]",0.0,0.0,stationary_gaussian_fgn_known_zero_mean,-6.603916634777988,True,0.9939242295967554
fGn_0.5_n512_r52,fGn_0.5_n512,unknown,0.5,,0.4772537165975948,False,"[0.01, 0.99]",0.0,0.10232909933254436,stationary_gaussian_fgn_unknown_constant_mean_ml,12.512198392802702,True,1.0129562564304029
fGn_0.5_n512_r52,fGn_0.5_n512,zero,0.5,,0.5057088794983206,False,"[0.01, 0.99]",0.0,0.0,stationary_gaussian_fgn_known_zero_mean,18.095129435978833,True,1.0178711059298042
fGn_0.5_n512_r53,fGn_0.5_n512,unknown,0.5,,0.48739547457843024,False,"[0.01, 0.99]",0.0,-0.006391854992582911,stationary_gaussian_fgn_unknown_constant_mean_ml,63.26999030559796,True,1.063951429307824
fGn_0.5_n512_r53,fGn_0.5_n512,zero,0.5,,0.4874337247327482,False,"[0.01, 0.99]",0.0,0.0,stationary_gaussian_fgn_known_zero_mean,63.29161678470291,True,1.0639726004855654
fGn_0.5_n512_r54,fGn_0.5_n512,unknown,0.5,,0.4675356392368444,False,"[0.01, 0.99]",0.0,-0.013892928053417245,stationary_gaussian_fgn_unknown_constant_mean_ml,91.82548528980328,True,1.0952632991536007
fGn_0.5_n512_r54,fGn_0.5_n512,zero,0.5,,0.4682393034392681,False,"[0.01, 0.99]",0.0,0.0,stationary_gaussian_fgn_known_zero_mean,91.94838015514983,True,1.0953335019129389
fGn_0.5_n512_r55,fGn_0.5_n512,unknown,0.5,,0.4840565005333745,False,"[0.01, 0.99]",0.0,0.0731526342471249,stationary_gaussian_fgn_unknown_constant_mean_ml,-10.771732928613346,True,0.9898557986016533
fGn_0.5_n512_r55,fGn_0.5_n512,zero,0.5,,0.49685599579053674,False,"[0.01, 0.99]",0.0,0.0,stationary_gaussian_fgn_known_zero_mean,-7.63457258543167,True,0.9925847083771021
fGn_0.5_n512_r56,fGn_0.5_n512,unknown,0.5,,0.48451399227117314,False,"[0.01, 0.99]",0.0,0.09644291089275957,stationary_gaussian_fgn_unknown_constant_mean_ml,-2.8054062393837285,True,0.9975684095668419
fGn_0.5_n512_r56,fGn_0.5_n512,zero,0.5,,0.506009418331408,False,"[0.01, 0.99]",0.0,0.0,stationary_gaussian_fgn_known_zero_mean,2.214718164240594,True,1.0022121049977983
fGn_0.5_n512_r57,fGn_0.5_n512,unknown,0.5,,0.5186142581557353,False,"[0.01, 0.99]",0.0,-0.008324865113371771,stationary_gaussian_fgn_unknown_constant_mean_ml,35.00827725079989,True,1.0352497882911165
fGn_0.5_n512_r57,fGn_0.5_n512,zero,0.5,,0.5186403591384914,False,"[0.01, 0.99]",0.0,0.0,stationary_gaussian_fgn_known_zero_mean,35.034528329214936,True,1.0352776619657977
fGn_0.5_n512_r58,fGn_0.5_n512,unknown,0.5,,0.4864959163147495,False,"[0.01, 0.99]",0.0,0.02197065179769783,stationary_gaussian_fgn_unknown_constant_mean_ml,-18.291460124028163,True,0.9825241627008922
fGn_0.5_n512_r58,fGn_0.5_n512,zero,0.5,,0.48816452213502204,False,"[0.01, 0.99]",0.0,0.0,stationary_gaussian_fgn_known_zero_mean,-17.99223615162373,True,0.9827586101579541
fGn_0.5_n512_r59,fGn_0.5_n512,unknown,0.5,,0.5107058025942911,False,"[0.01, 0.99]",0.0,0.024345630346480122,stationary_gaussian_fgn_unknown_constant_mean_ml,-16.7111571395626,True,0.9839599010616017
fGn_0.5_n512_r59,fGn_0.5_n512,zero,0.5,,0.5123830539905063,False,"[0.01, 0.99]",0.0,0.0,stationary_gaussian_fgn_known_zero_mean,-16.44036171777634,True,0.9842701264562563
fGn_0.5_n512_r6,fGn_0.5_n512,unknown,0.5,,0.46150001774149496,False,"[0.01, 0.99]",0.0,-0.0901642928780005,stationary_gaussian_fgn_unknown_constant_mean_ml,-7.522028551113635,True,0.9945185864705262
fGn_0.5_n512_r6,fGn_0.5_n512,zero,0.5,,0.48790461571048416,False,"[0.01, 0.99]",0.0,0.0,stationary_gaussian_fgn_known_zero_mean,-1.7817858403370792,True,0.9984478657300428
fGn_0.5_n512_r60,fGn_0.5_n512,unknown,0.5,,0.4813185781502379,False,"[0.01, 0.99]",0.0,-0.05800658723270697,stationary_gaussian_fgn_unknown_constant_mean_ml,-60.8335754921045,True,0.9427397406457895
fGn_0.5_n512_r60,fGn_0.5_n512,zero,0.5,,0.49050154536643586,False,"[0.01, 0.99]",0.0,0.0,stationary_gaussian_fgn_known_zero_mean,-58.51367967143915,True,0.9445686872579994
fGn_0.5_n512_r61,fGn_0.5_n512,unknown,0.5,,0.5005562949058184,False,"[0.01, 0.99]",0.0,-0.05871348310976734,stationary_gaussian_fgn_unknown_constant_mean_ml,9.828820743294955,True,1.0096450739933274
fGn_0.5_n512_r61,fGn_0.5_n512,zero,0.5,,0.5095818986792862,False,"[0.01, 0.99]",0.0,0.0,stationary_gaussian_fgn_known_zero_mean,11.442817638951283,True,1.01135816129257
fGn_0.5_n512_r62,fGn_0.5_n512,unknown,0.5,,0.4964160957156604,False,"[0.01, 0.99]",0.0,-0.02839973210391016,stationary_gaussian_fgn_unknown_constant_mean_ml,10.262780496160985,True,1.010089320306332
fGn_0.5_n512_r62,fGn_0.5_n512,zero,0.5,,0.4985416535187404,False,"[0.01, 0.99]",0.0,0.0,stationary_gaussian_fgn_known_zero_mean,10.679344761306538,True,1.0104863885128055
fGn_0.5_n512_r63,fGn_0.5_n512,unknown,0.5,,0.5128089492655459,False,"[0.01, 0.99]",0.0,0.05844949691482026,stationary_gaussian_fgn_unknown_constant_mean_ml,-7.789687852814268,True,0.9926343740260712
fGn_0.5_n512_r63,fGn_0.5_n512,zero,0.5,,0.5195497262977926,False,"[0.01, 0.99]",0.0,0.0,stationary_gaussian_fgn_known_zero_mean,-6.3405325729920605,True,0.9943265334173091
fGn_0.5_n512_r7,fGn_0.5_n512,unknown,0.5,,0.4763215214726827,False,"[0.01, 0.99]",0.0,0.011449845672474578,stationary_gaussian_fgn_unknown_constant_mean_ml,-7.964576063949153,True,0.9929552669650562
fGn_0.5_n512_r7,fGn_0.5_n512,zero,0.5,,0.47676907033139104,False,"[0.01, 0.99]",0.0,0.0,stationary_gaussian_fgn_known_zero_mean,-7.873300369962635,True,0.9930177045230582
fGn_0.5_n512_r8,fGn_0.5_n512,unknown,0.5,,0.48676970032357497,False,"[0.01, 0.99]",0.0,-0.029606935418106977,stationary_gaussian_fgn_unknown_constant_mean_ml,36.57104832625873,True,1.0365905928169068
fGn_0.5_n512_r8,fGn_0.5_n512,zero,0.5,,0.4886684127129736,False,"[0.01, 0.99]",0.0,0.0,stationary_gaussian_fgn_known_zero_mean,37.058449336085005,True,1.0370227377451893
fGn_0.5_n512_r9,fGn_0.5_n512,unknown,0.5,,0.46958137556788115,False,"[0.01, 0.99]",0.0,0.03921399722922914,stationary_gaussian_fgn_unknown_constant_mean_ml,-30.740687600920864,True,0.9715543734983048
fGn_0.5_n512_r9,fGn_0.5_n512,zero,0.5,,0.47574265174118,False,"[0.01, 0.99]",0.0,0.0,stationary_gaussian_fgn_known_zero_mean,-29.576507964377015,True,0.9722518691974121
fGn_0.75_n1024_r0,fGn_0.75_n1024,unknown,0.75,,0.7435577453456027,False,"[0.01, 0.99]",0.0,0.21080751345942134,stationary_gaussian_fgn_unknown_constant_mean_ml,-187.29345108859252,True,1.0151991179824624
fGn_0.75_n1024_r0,fGn_0.75_n1024,zero,0.75,,0.748037398687422,False,"[0.01, 0.99]",0.0,0.0,stationary_gaussian_fgn_known_zero_mean,-185.81504559130826,True,1.020948046856843
fGn_0.75_n1024_r1,fGn_0.75_n1024,unknown,0.75,,0.7389662216840729,False,"[0.01, 0.99]",0.0,0.10126837957569323,stationary_gaussian_fgn_unknown_constant_mean_ml,-213.8032928274879,True,0.9972656310931901
fGn_0.75_n1024_r1,fGn_0.75_n1024,zero,0.75,,0.7398578407966458,False,"[0.01, 0.99]",0.0,0.0,stationary_gaussian_fgn_known_zero_mean,-213.41458242012868,True,0.9983872078172533
fGn_0.75_n1024_r10,fGn_0.75_n1024,unknown,0.75,,0.7554278290370384,False,"[0.01, 0.99]",0.0,-0.1523295075579275,stationary_gaussian_fgn_unknown_constant_mean_ml,-301.41728764143454,True,0.9731490568818536
fGn_0.75_n1024_r10,fGn_0.75_n1024,zero,0.75,,0.7578376532796164,False,"[0.01, 0.99]",0.0,0.0,stationary_gaussian_fgn_known_zero_mean,-300.69111428563383,True,0.9762962745466126
fGn_0.75_n1024_r11,fGn_0.75_n1024,unknown,0.75,,0.7193266376633142,False,"[0.01, 0.99]",0.0,0.18243750394844468,stationary_gaussian_fgn_unknown_constant_mean_ml,-322.3638972033805,True,0.9279242982278595
fGn_0.75_n1024_r11,fGn_0.75_n1024,zero,0.75,,0.7248085060313268,False,"[0.01, 0.99]",0.0,0.0,stationary_gaussian_fgn_known_zero_mean,-320.52505765995966,True,0.933448179989303
fGn_0.75_n1024_r12,fGn_0.75_n1024,unknown,0.75,,0.7509918135915343,False,"[0.01, 0.99]",0.0,0.05854928815413682,stationary_gaussian_fgn_unknown_constant_mean_ml,-191.2549986856011,True,1.0216465112776494
fGn_0.75_n1024_r12,fGn_0.75_n1024,zero,0.75,,0.7514039660061514,False,"[0.01, 0.99]",0.0,0.0,stationary_gaussian_fgn_known_zero_mean,-191.1499793834446,True,1.022181141553336
fGn_0.75_n1024_r13,fGn_0.75_n1024,unknown,0.75,,0.7272772758122151,False,"[0.01, 0.99]",0.0,0.009143102936809037,stationary_gaussian_fgn_unknown_constant_mean_ml,-237.9171855163022,True,0.9741443059546994
fGn_0.75_n1024_r13,fGn_0.75_n1024,zero,0.75,,0.7272890449655817,False,"[0.01, 0.99]",0.0,0.0,stationary_gaussian_fgn_known_zero_mean,-237.91326284963407,True,0.9741571325581414
fGn_0.75_n1024_r14,fGn_0.75_n1024,unknown,0.75,,0.7237456601380647,False,"[0.01, 0.99]",0.0,0.2208455703703221,stationary_gaussian_fgn_unknown_constant_mean_ml,-295.17952780752057,True,0.9441339195021857
fGn_0.75_n1024_r14,fGn_0.75_n1024,zero,0.75,,0.730386947391384,False,"[0.01, 0.99]",0.0,0.0,stationary_gaussian_fgn_known_zero_mean,-292.73943458964186,True,0.9512708905599245
fGn_0.75_n1024_r15,fGn_0.75_n1024,unknown,0.75,,0.7301267080069846,False,"[0.01, 0.99]",0.0,-0.2204394758256262,stationary_gaussian_fgn_unknown_constant_mean_ml,-267.8789441999388,True,0.9626436650877067
fGn_0.75_n1024_r15,fGn_0.75_n1024,zero,0.75,,0.7370190984149226,False,"[0.01, 0.99]",0.0,0.0,stationary_gaussian_fgn_known_zero_mean,-265.75877735522863,True,0.9703237817424517
fGn_0.75_n1024_r16,fGn_0.75_n1024,unknown,0.75,,0.748596792252733,False,"[0.01, 0.99]",0.0,0.07919878597624494,stationary_gaussian_fgn_unknown_constant_mean_ml,-220.67136060056237,True,1.00434813696469
fGn_0.75_n1024_r16,fGn_0.75_n1024,zero,0.75,,0.7491145167442862,False,"[0.01, 0.99]",0.0,0.0,stationary_gaussian_fgn_known_zero_mean,-220.4656831204029,True,1.0050341795639903
fGn_0.75_n1024_r17,fGn_0.75_n1024,unknown,0.75,,0.7649986354493229,False,"[0.01, 0.99]",0.0,-0.24070919869900176,stationary_gaussian_fgn_unknown_constant_mean_ml,-188.26120852389977,True,1.0405649044069496
fGn_0.75_n1024_r17,fGn_0.75_n1024,zero,0.75,,0.7706424662459792,False,"[0.01, 0.99]",0.0,0.0,stationary_gaussian_fgn_known_zero_mean,-186.91576947669,True,1.0489034306987284
fGn_0.75_n1024_r18,fGn_0.75_n1024,unknown,0.75,,0.7733740874458473,False,"[0.01, 0.99]",0.0,0.21029335666071022,stationary_gaussian_fgn_unknown_constant_mean_ml,-272.6310516640906,True,1.0095969361357788
fGn_0.75_n1024_r18,fGn_0.75_n1024,zero,0.75,,0.777354028172651,False,"[0.01, 0.99]",0.0,0.0,stationary_gaussian_fgn_known_zero_mean,-271.64274144400133,True,1.0156234762753726
fGn_0.75_n1024_r19,fGn_0.75_n1024,unknown,0.75,,0.7628032363281984,False,"[0.01, 0.99]",0.0,0.15357536985170664,stationary_gaussian_fgn_unknown_constant_mean_ml,-336.6740347173086,True,0.9651523179269628
fGn_0.75_n1024_r19,fGn_0.75_n1024,zero,0.75,,0.765115741825071,False,"[0.01, 0.99]",0.0,0.0,stationary_gaussian_fgn_known_zero_mean,-335.99698435262917,True,0.9682896244404898
fGn_0.75_n1024_r2,fGn_0.75_n1024,unknown,0.75,,0.7699454727955416,False,"[0.01, 0.99]",0.0,-0.26190468322996613,stationary_gaussian_fgn_unknown_constant_mean_ml,-289.4683654264063,True,0.996754461499918
fGn_0.75_n1024_r2,fGn_0.75_n1024,zero,0.75,,0.7754150350574935,False,"[0.01, 0.99]",0.0,0.0,stationary_gaussian_fgn_known_zero_mean,-287.83715760662426,True,1.0049222375849047
fGn_0.75_n1024_r20,fGn_0.75_n1024,unknown,0.75,,0.7540482049388088,False,"[0.01, 0.99]",0.0,0.03449324317188038,stationary_gaussian_fgn_unknown_constant_mean_ml,-347.68351122244803,True,0.9498690455252301
fGn_0.75_n1024_r20,fGn_0.75_n1024,zero,0.75,,0.7541651597780803,False,"[0.01, 0.99]",0.0,0.0,stationary_gaussian_fgn_known_zero_mean,-347.64296186546335,True,0.9500178698660494
fGn_0.75_n1024_r21,fGn_0.75_n1024,unknown,0.75,,0.7802277580140539,False,"[0.01, 0.99]",0.0,-0.1659340465830167,stationary_gaussian_fgn_unknown_constant_mean_ml,-255.34959062388816,True,1.027893445589646
fGn_0.75_n1024_r21,fGn_0.75_n1024,zero,0.75,,0.7822565180928445,False,"[0.01, 0.99]",0.0,0.0,stationary_gaussian_fgn_known_zero_mean,-254.80059813940716,True,1.0311709733345051
fGn_0.75_n1024_r22,fGn_0.75_n1024,unknown,0.75,,0.7432231153886025,False,"[0.01, 0.99]",0.0,-0.28880045584881003,stationary_gaussian_fgn_unknown_constant_mean_ml,-143.5555105073413,True,1.0367386850680607
fGn_0.75_n1024_r22,fGn_0.75_n1024,zero,0.75,,0.7527595596590665,False,"[0.01, 0.99]",0.0,0.0,stationary_gaussian_fgn_known_zero_mean,-140.99743757037095,True,1.0491598326772125
fGn_0.75_n1024_r23,fGn_0.75_n1024,unknown,0.75,,0.7529999080883389,False,"[0.01, 0.99]",0.0,0.3224514065146127,stationary_gaussian_fgn_unknown_constant_mean_ml,-186.65671574247426,True,1.0263140591483249
fGn_0.75_n1024_r23,fGn_0.75_n1024,zero,0.75,,0.7637051032600096,False,"[0.01, 0.99]",0.0,0.0,stationary_gaussian_fgn_known_zero_mean,-183.86274087679294,True,1.0410983110948255
fGn_0.75_n1024_r24,fGn_0.75_n1024,unknown,0.75,,0.7390278929775842,False,"[0.01, 0.99]",0.0,0.2692969594931998,stationary_gaussian_fgn_unknown_constant_mean_ml,-244.57567130981852,True,0.9824564386486382
fGn_0.75_n1024_r24,fGn_0.75_n1024,zero,0.75,,0.7474172898999272,False,"[0.01, 0.99]",0.0,0.0,stationary_gaussian_fgn_known_zero_mean,-241.90122760519307,True,0.9926810435753587
fGn_0.75_n1024_r25,fGn_0.75_n1024,unknown,0.75,,0.7458846896747481,False,"[0.01, 0.99]",0.0,-0.08642962010945497,stationary_gaussian_fgn_unknown_constant_mean_ml,-217.8635984484049,True,1.002699140746695
fGn_0.75_n1024_r25,fGn_0.75_n1024,zero,0.75,,0.7467208555317343,False,"[0.01, 0.99]",0.0,0.0,stationary_gaussian_fgn_known_zero_mean,-217.6093072087997,True,1.0037494353129968
fGn_0.75_n1024_r26,fGn_0.75_n1024,unknown,0.75,,0.7643689681995006,False,"[0.01, 0.99]",0.0,-0.17964678670031756,stationary_gaussian_fgn_unknown_constant_mean_ml,-326.918262932325,True,0.9716711260366836
fGn_0.75_n1024_r26,fGn_0.75_n1024,zero,0.75,,0.7679707666646488,False,"[0.01, 0.99]",0.0,0.0,stationary_gaussian_fgn_known_zero_mean,-326.0380653465054,True,0.9765865973224603
fGn_0.75_n1024_r27,fGn_0.75_n1024,unknown,0.75,,0.7311868612681145,False,"[0.01, 0.99]",0.0,-0.03763543419908455,stationary_gaussian_fgn_unknown_constant_mean_ml,-176.43974926771625,True,1.0076449274976282
fGn_0.75_n1024_r27,fGn_0.75_n1024,zero,0.75,,0.7314188609599566,False,"[0.01, 0.99]",0.0,0.0,stationary_gaussian_fgn_known_zero_mean,-176.38102775455445,True,1.0079042541550496
fGn_0.75_n1024_r28,fGn_0.75_n1024,unknown,0.75,,0.7113396609289914,False,"[0.01, 0.99]",0.0,-0.1121325982667982,stationary_gaussian_fgn_unknown_constant_mean_ml,-211.18282444087845,True,0.9728852735466815
fGn_0.75_n1024_r28,fGn_0.75_n1024,zero,0.75,,0.7138841493851678,False,"[0.01, 0.99]",0.0,0.0,stationary_gaussian_fgn_known_zero_mean,-210.460993728404,True,0.975347102634498
fGn_0.75_n1024_r29,fGn_0.75_n1024,unknown,0.75,,0.7426325772294021,False,"[0.01, 0.99]",0.0,-0.02091264258732836,stationary_gaussian_fgn_unknown_constant_mean_ml,-238.2737240500992,True,0.9892535870435327
fGn_0.75_n1024_r29,fGn_0.75_n1024,zero,0.75,,0.7426956487827249,False,"[0.01, 0.99]",0.0,0.0,stationary_gaussian_fgn_known_zero_mean,-238.25763373113887,True,0.9893283573984456
fGn_0.75_n1024_r3,fGn_0.75_n1024,unknown,0.75,,0.7723391188207924,False,"[0.01, 0.99]",0.0,0.12933530082268357,stationary_gaussian_fgn_unknown_constant_mean_ml,-236.12536987647127,True,1.0263213715065826
fGn_0.75_n1024_r3,fGn_0.75_n1024,zero,0.75,,0.773484932628731,False,"[0.01, 0.99]",0.0,0.0,stationary_gaussian_fgn_known_zero_mean,-235.74894083672007,True,1.02809760381063
fGn_0.75_n1024_r30,fGn_0.75_n1024,unknown,0.75,,0.7492381226726543,False,"[0.01, 0.99]",0.0,-0.10103676562856749,stationary_gaussian_fgn_unknown_constant_mean_ml,-262.4254189590938,True,0.9847896474576543
fGn_0.75_n1024_r30,fGn_0.75_n1024,zero,0.75,,0.750411864820058,False,"[0.01, 0.99]",0.0,0.0,stationary_gaussian_fgn_known_zero_mean,-262.08252286981997,True,0.9862654616368562
fGn_0.75_n1024_r31,fGn_0.75_n1024,unknown,0.75,,0.7624007211773054,False,"[0.01, 0.99]",0.0,-0.01977972510117583,stationary_gaussian_fgn_unknown_constant_mean_ml,-348.1416572744215,True,0.959281286798751
fGn_0.75_n1024_r31,fGn_0.75_n1024,zero,0.75,,0.7624345202887812,False,"[0.01, 0.99]",0.0,0.0,stationary_gaussian_fgn_known_zero_mean,-348.1300021967263,True,0.9593271403679727
fGn_0.75_n1024_r32,fGn_0.75_n1024,unknown,0.75,,0.7854014921497664,False,"[0.01, 0.99]",0.0,-0.051469364879057455,stationary_gaussian_fgn_unknown_constant_mean_ml,-272.502364412685,True,1.0270201957887164
fGn_0.75_n1024_r32,fGn_0.75_n1024,zero,0.75,,0.7856033974730502,False,"[0.01, 0.99]",0.0,0.0,stationary_gaussian_fgn_known_zero_mean,-272.45236392058223,True,1.0273532016107132
fGn_0.75_n1024_r33,fGn_0.75_n1024,unknown,0.75,,0.7351254572765895,False,"[0.01, 0.99]",0.0,0.027488595671812083,stationary_gaussian_fgn_unknown_constant_mean_ml,-234.81327201462136,True,0.9831926873889136
fGn_0.75_n1024_r33,fGn_0.75_n1024,zero,0.75,,0.7352332450837443,False,"[0.01, 0.99]",0.0,0.0,stationary_gaussian_fgn_known_zero_mean,-234.78206226743305,True,0.9833152297546387
fGn_0.75_n1024_r34,fGn_0.75_n1024,unknown,0.75,,0.7389647464421242,False,"[0.01, 0.99]",0.0,-0.02119610622675927,stationary_gaussian_fgn_unknown_constant_mean_ml,-299.66077647262,True,0.956320420603335
fGn_0.75_n1024_r34,fGn_0.75_n1024,zero,0.75,,0.739113366162096,False,"[0.01, 0.99]",0.0,0.0,stationary_gaussian_fgn_known_zero_mean,-299.64221099633005,True,0.9564776034429013
fGn_0.75_n1024_r35,fGn_0.75_n1024,unknown,0.75,,0.7343528045014582,False,"[0.01, 0.99]",0.0,0.09706761469475372,stationary_gaussian_fgn_unknown_constant_mean_ml,-222.74659327284007,True,0.9882300492361648
fGn_0.75_n1024_r35,fGn_0.75_n1024,zero,0.75,,0.7357140657742262,False,"[0.01, 0.99]",0.0,0.0,stationary_gaussian_fgn_known_zero_mean,-222.36200459012616,True,0.9897805833386313
fGn_0.75_n1024_r36,fGn_0.75_n1024,unknown,0.75,,0.7503058732029186,False,"[0.01, 0.99]",0.0,0.1085910206015478,stationary_gaussian_fgn_unknown_constant_mean_ml,-261.6079436174414,True,0.9863750794727061
fGn_0.75_n1024_r36,fGn_0.75_n1024,zero,0.75,,0.7517007324086199,False,"[0.01, 0.99]",0.0,0.0,stationary_gaussian_fgn_known_zero_mean,-261.21960715357864,True,0.9881366483563949
fGn_0.75_n1024_r37,fGn_0.75_n1024,unknown,0.75,,0.7371958621941757,False,"[0.01, 0.99]",0.0,0.1945306882657171,stationary_gaussian_fgn_unknown_constant_mean_ml,-250.20454748094517,True,0.9778992713801595
fGn_0.75_n1024_r37,fGn_0.75_n1024,zero,0.75,,0.7420503020673401,False,"[0.01, 0.99]",0.0,0.0,stationary_gaussian_fgn_known_zero_mean,-248.726913403832,True,0.983603538180273
fGn_0.75_n1024_r38,fGn_0.75_n1024,unknown,0.75,,0.7962046101848993,False,"[0.01, 0.99]",0.0,0.04771173167836691,stationary_gaussian_fgn_unknown_constant_mean_ml,-252.24441712456382,True,1.0547121610391177
fGn_0.75_n1024_r38,fGn_0.75_n1024,zero,0.75,,0.7963028714077515,False,"[0.01, 0.99]",0.0,0.0,stationary_gaussian_fgn_known_zero_mean,-252.20928562104064,True,1.0548974973432568
fGn_0.75_n1024_r39,fGn_0.75_n1024,unknown,0.75,,0.746559662599045,False,"[0.01, 0.99]",0.0,-0.272838841451131,stationary_gaussian_fgn_unknown_constant_mean_ml,-268.4124881812754,True,0.97898187169138
fGn_0.75_n1024_r39,fGn_0.75_n1024,zero,0.75,,0.7536201909791694,False,"[0.01, 0.99]",0.0,0.0,stationary_gaussian_fgn_known_zero_mean,-265.9017742604442,True,0.9880731729870391
fGn_0.75_n1024_r4,fGn_0.75_n1024,unknown,0.75,,0.7274661651103336,False,"[0.01, 0.99]",0.0,-0.1155400257023776,stationary_gaussian_fgn_unknown_constant_mean_ml,-261.9662030064237,True,0.9629461300308113
fGn_0.75_n1024_r4,fGn_0.75_n1024,zero,0.75,,0.7293322390807935,False,"[0.01, 0.99]",0.0,0.0,stationary_gaussian_fgn_known_zero_mean,-261.33542991186187,True,0.9649773689763468
fGn_0.75_n1024_r40,fGn_0.75_n1024,unknown,0.75,,0.7577488048927841,False,"[0.01, 0.99]",0.0,0.056810897136440636,stationary_gaussian_fgn_unknown_constant_mean_ml,-165.98230436122412,True,1.0425605009619718
fGn_0.75_n1024_r40,fGn_0.75_n1024,zero,0.75,,0.758093890870082,False,"[0.01, 0.99]",0.0,0.0,stationary_gaussian_fgn_known_zero_mean,-165.89575067767737,True,1.043037958350586
fGn_0.75_n1024_r41,fGn_0.75_n1024,unknown,0.75,,0.7502118965847712,False,"[0.01, 0.99]",0.0,-0.26369489344423896,stationary_gaussian_fgn_unknown_constant_mean_ml,-241.1797227128841,True,0.9961566903848573
fGn_0.75_n1024_r41,fGn_0.75_n1024,zero,0.75,,0.757334760893673,False,"[0.01, 0.99]",0.0,0.0,stationary_gaussian_fgn_known_zero_mean,-239.035098169908,True,1.0055273934296396
fGn_0.75_n1024_r42,fGn_0.75_n1024,unknown,0.75,,0.7555392744296117,False,"[0.01, 0.99]",0.0,0.2326485007262588,stationary_gaussian_fgn_unknown_constant_mean_ml,-177.26279833665694,True,1.0341047445373417
fGn_0.75_n1024_r42,fGn_0.75_n1024,zero,0.75,,0.7596268665881191,False,"[0.01, 0.99]",0.0,0.0,stationary_gaussian_fgn_known_zero_mean,-175.78305093708514,True,1.0399463333517593
fGn_0.75_n1024_r43,fGn_0.75_n1024,unknown,0.75,,0.7449696470208595,False,"[0.01, 0.99]",0.0,-0.010647262411064926,stationary_gaussian_fgn_unknown_constant_mean_ml,-299.0895837789021,True,0.9627429868588857
fGn_0.75_n1024_r43,fGn_0.75_n1024,zero,0.75,,0.7450119203014256,False,"[0.01, 0.99]",0.0,0.0,stationary_gaussian_fgn_known_zero_mean,-299.08532110188617,True,0.9627894634368832
fGn_0.75_n1024_r44,fGn_0.75_n1024,unknown,0.75,,0.720888072900409,False,"[0.01, 0.99]",0.0,0.1864857284359259,stationary_gaussian_fgn_unknown_constant_mean_ml,-219.2252884814311,True,0.9772321840093557
fGn_0.75_n1024_r44,fGn_0.75_n1024,zero,0.75,,0.7259714555225484,False,"[0.01, 0.99]",0.0,0.0,stationary_gaussian_fgn_known_zero_mean,-217.51870308274783,True,0.9826740426136757
fGn_0.75_n1024_r45,fGn_0.75_n1024,unknown,0.75,,0.7388457191157811,False,"[0.01, 0.99]",0.0,-0.23557317118851256,stationary_gaussian_fgn_unknown_constant_mean_ml,-259.8373120437559,True,0.9749769571511765
fGn_0.75_n1024_r45,fGn_0.75_n1024,zero,0.75,,0.7470881799137429,False,"[0.01, 0.99]",0.0,0.0,stationary_gaussian_fgn_known_zero_mean,-257.7872803027685,True,0.9846504961140178
fGn_0.75_n1024_r46,fGn_0.75_n1024,unknown,0.75,,0.7268131928330753,False,"[0.01, 0.99]",0.0,0.07580917011543993,stationary_gaussian_fgn_unknown_constant_mean_ml,-173.41320714642325,True,1.0048691963565242
fGn_0.75_n1024_r46,fGn_0.75_n1024,zero,0.75,,0.7274983932235868,False,"[0.01, 0.99]",0.0,0.0,stationary_gaussian_fgn_known_zero_mean,-173.15925074819188,True,1.0056517296897458
fGn_0.75_n1024_r47,fGn_0.75_n1024,unknown,0.75,,0.7389682828926414,False,"[0.01, 0.99]",0.0,0.1636106914457171,stationary_gaussian_fgn_unknown_constant_mean_ml,-205.37897282890526,True,1.0013784249953583
fGn_0.75_n1024_r47,fGn_0.75_n1024,zero,0.75,,0.7421683121245535,False,"[0.01, 0.99]",0.0,0.0,stationary_gaussian_fgn_known_zero_mean,-204.3958913862748,True,1.0052535726166598
fGn_0.75_n1024_r48,fGn_0.75_n1024,unknown,0.75,,0.7593661947392798,False,"[0.01, 0.99]",0.0,-0.31817094100879967,stationary_gaussian_fgn_unknown_constant_mean_ml,-217.33477689674783,True,1.018735853148261
fGn_0.75_n1024_r48,fGn_0.75_n1024,zero,0.75,,0.7684065853373149,False,"[0.01, 0.99]",0.0,0.0,stationary_gaussian_fgn_known_zero_mean,-214.75593492932194,True,1.0317044732934715
fGn_0.75_n1024_r49,fGn_0.75_n1024,unknown,0.75,,0.7332551708080141,False,"[0.01, 0.99]",0.0,-0.01717619874368557,stationary_gaussian_fgn_unknown_constant_mean_ml,-244.96610841496022,True,0.9764892027092199
fGn_0.75_n1024_r49,fGn_0.75_n1024,zero,0.75,,0.7333440667241453,False,"[0.01, 0.99]",0.0,0.0,stationary_gaussian_fgn_known_zero_mean,-244.953440324462,True,0.9765821022001843
fGn_0.75_n1024_r5,fGn_0.75_n1024,unknown,0.75,,0.7036420739453597,False,"[0.01, 0.99]",0.0,0.06922019880532981,stationary_gaussian_fgn_unknown_constant_mean_ml,-220.74541913487337,True,0.9622480630139152
fGn_0.75_n1024_r5,fGn_0.75_n1024,zero,0.75,,0.7047240140931789,False,"[0.01, 0.99]",0.0,0.0,stationary_gaussian_fgn_known_zero_mean,-220.42938422669977,True,0.9632306483841941
fGn_0.75_n1024_r50,fGn_0.75_n1024,unknown,0.75,,0.7574906286474529,False,"[0.01, 0.99]",0.0,-0.28473070918174836,stationary_gaussian_fgn_unknown_constant_mean_ml,-236.96987068180624,True,1.0067301309418515
fGn_0.75_n1024_r50,fGn_0.75_n1024,zero,0.75,,0.7648818079977457,False,"[0.01, 0.99]",0.0,0.0,stationary_gaussian_fgn_known_zero_mean,-234.7751132407634,True,1.017047205436384
fGn_0.75_n1024_r51,fGn_0.75_n1024,unknown,0.75,,0.7346114729011032,False,"[0.01, 0.99]",0.0,-0.10702898433454898,stationary_gaussian_fgn_unknown_constant_mean_ml,-336.88476775536947,True,0.9349051867618691
fGn_0.75_n1024_r51,fGn_0.75_n1024,zero,0.75,,0.7365490366939679,False,"[0.01, 0.99]",0.0,0.0,stationary_gaussian_fgn_known_zero_mean,-336.36644967688653,True,0.9369880683635455
fGn_0.75_n1024_r52,fGn_0.75_n1024,unknown,0.75,,0.7312213667041835,False,"[0.01, 0.99]",0.0,-0.03300178429780998,stationary_gaussian_fgn_unknown_constant_mean_ml,-108.89059497652806,True,1.0414696295252128
fGn_0.75_n1024_r52,fGn_0.75_n1024,zero,0.75,,0.731359371195513,False,"[0.01, 0.99]",0.0,0.0,stationary_gaussian_fgn_known_zero_mean,-108.84829089211462,True,1.0416327962419836
fGn_0.75_n1024_r53,fGn_0.75_n1024,unknown,0.75,,0.7189584624126808,False,"[0.01, 0.99]",0.0,0.2722572147770078,stationary_gaussian_fgn_unknown_constant_mean_ml,-286.2608940061041,True,0.9441147686786258
fGn_0.75_n1024_r53,fGn_0.75_n1024,zero,0.75,,0.7316045270281878,False,"[0.01, 0.99]",0.0,0.0,stationary_gaussian_fgn_known_zero_mean,-282.5416352724851,True,0.9571647233556804
fGn_0.75_n1024_r54,fGn_0.75_n1024,unknown,0.75,,0.8063036414303348,False,"[0.01, 0.99]",0.0,-0.10362048910040302,stationary_gaussian_fgn_unknown_constant_mean_ml,-210.39191558154516,True,1.0948921487541372
fGn_0.75_n1024_r54,fGn_0.75_n1024,zero,0.75,,0.8068103756065141,False,"[0.01, 0.99]",0.0,0.0,stationary_gaussian_fgn_known_zero_mean,-210.25874142612975,True,1.0959347293298027
fGn_0.75_n1024_r55,fGn_0.75_n1024,unknown,0.75,,0.7614285431990508,False,"[0.01, 0.99]",0.0,-0.06589516024510217,stationary_gaussian_fgn_unknown_constant_mean_ml,-214.57061805091053,True,1.0226964481983016
fGn_0.75_n1024_r55,fGn_0.75_n1024,zero,0.75,,0.7619605863561355,False,"[0.01, 0.99]",0.0,0.0,stationary_gaussian_fgn_known_zero_mean,-214.4558755137723,True,1.0234282009109206
fGn_0.75_n1024_r56,fGn_0.75_n1024,unknown,0.75,,0.756221473951579,False,"[0.01, 0.99]",0.0,-0.20931012658102088,stationary_gaussian_fgn_unknown_constant_mean_ml,-213.22075132715372,True,1.0169292527227638
fGn_0.75_n1024_r56,fGn_0.75_n1024,zero,0.75,,0.7600961402822975,False,"[0.01, 0.99]",0.0,0.0,stationary_gaussian_fgn_known_zero_mean,-211.9924187331285,True,1.022307404509641
fGn_0.75_n1024_r57,fGn_0.75_n1024,unknown,0.75,,0.7378522215644437,False,"[0.01, 0.99]",0.0,-0.09404063344830144,stationary_gaussian_fgn_unknown_constant_mean_ml,-252.0605466486013,True,0.9776760951552574
fGn_0.75_n1024_r57,fGn_0.75_n1024,zero,0.75,,0.7390585684557525,False,"[0.01, 0.99]",0.0,0.0,stationary_gaussian_fgn_known_zero_mean,-251.70781760568025,True,0.979072371880739
fGn_0.75_n1024_r58,fGn_0.75_n1024,unknown,0.75,,0.7544549375089152,False,"[0.01, 0.99]",0.0,0.23833799420215182,stationary_gaussian_fgn_unknown_constant_mean_ml,-213.7387173418142,True,1.014552958901597
fGn_0.75_n1024_r58,fGn_0.75_n1024,zero,0.75,,0.7603721652682407,False,"[0.01, 0.99]",0.0,0.0,stationary_gaussian_fgn_known_zero_mean,-212.1333562745276,True,1.0225829019427368
fGn_0.75_n1024_r59,fGn_0.75_n1024,unknown,0.75,,0.7665609678447923,False,"[0.01, 0.99]",0.0,-0.2692922526207856,stationary_gaussian_fgn_unknown_constant_mean_ml,-247.09679505550776,True,1.013117132704677
fGn_0.75_n1024_r59,fGn_0.75_n1024,zero,0.75,,0.7723831280776283,False,"[0.01, 0.99]",0.0,0.0,stationary_gaussian_fgn_known_zero_mean,-245.34935993065847,True,1.0217697084735038
fGn_0.75_n1024_r6,fGn_0.75_n1024,unknown,0.75,,0.7299879412353389,False,"[0.01, 0.99]",0.0,-0.08029296428070139,stationary_gaussian_fgn_unknown_constant_mean_ml,-270.3925991090209,True,0.9613326168914824
fGn_0.75_n1024_r6,fGn_0.75_n1024,zero,0.75,,0.7309374600583423,False,"[0.01, 0.99]",0.0,0.0,stationary_gaussian_fgn_known_zero_mean,-270.0954787375076,True,0.9623665802137834
fGn_0.75_n1024_r60,fGn_0.75_n1024,unknown,0.75,,0.7829524406408895,False,"[0.01, 0.99]",0.0,-0.019115865890791547,stationary_gaussian_fgn_unknown_constant_mean_ml,-227.01438573400492,True,1.0463135307510887
fGn_0.75_n1024_r60,fGn_0.75_n1024,zero,0.75,,0.7829616671981391,False,"[0.01, 0.99]",0.0,0.0,stationary_gaussian_fgn_known_zero_mean,-227.00749742099651,True,1.046331106434641
fGn_0.75_n1024_r61,fGn_0.75_n1024,unknown,0.75,,0.7237553134860103,False,"[0.01, 0.99]",0.0,-0.044125857404941154,stationary_gaussian_fgn_unknown_constant_mean_ml,-262.4514950126959,True,0.9593514557425136
fGn_0.75_n1024_r61,fGn_0.75_n1024,zero,0.75,,0.724156111884069,False,"[0.01, 0.99]",0.0,0.0,stationary_gaussian_fgn_known_zero_mean,-262.35300498346896,True,0.959756101696459
fGn_0.75_n1024_r62,fGn_0.75_n1024,unknown,0.75,,0.7448624464790528,False,"[0.01, 0.99]",0.0,-0.054161536174815075,stationary_gaussian_fgn_unknown_constant_mean_ml,-239.18445394081436,True,0.9912036038335835
fGn_0.75_n1024_r62,fGn_0.75_n1024,zero,0.75,,0.7451171648716646,False,"[0.01, 0.99]",0.0,0.0,stationary_gaussian_fgn_known_zero_mean,-239.08029433258253,True,0.9915299534404076
fGn_0.75_n1024_r63,fGn_0.75_n1024,unknown,0.75,,0.7195662145034283,False,"[0.01, 0.99]",0.0,-0.4021252777555861,stationary_gaussian_fgn_unknown_constant_mean_ml,-250.93785388773313,True,0.961064893059028
fGn_0.75_n1024_r63,fGn_0.75_n1024,zero,0.75,,0.7434861698732944,False,"[0.01, 0.99]",0.0,0.0,stationary_gaussian_fgn_known_zero_mean,-243.85946256623993,True,0.9874665006560199
fGn_0.75_n1024_r7,fGn_0.75_n1024,unknown,0.75,,0.764949156533753,False,"[0.01, 0.99]",0.0,-0.09540331240596427,stationary_gaussian_fgn_unknown_constant_mean_ml,-222.18199555805222,True,1.0234077767191518
fGn_0.75_n1024_r7,fGn_0.75_n1024,zero,0.75,,0.7660711839866005,False,"[0.01, 0.99]",0.0,0.0,stationary_gaussian_fgn_known_zero_mean,-221.95493299320697,True,1.0249868090540022
fGn_0.75_n1024_r8,fGn_0.75_n1024,unknown,0.75,,0.7603069056452765,False,"[0.01, 0.99]",0.0,-0.2503086307757011,stationary_gaussian_fgn_unknown_constant_mean_ml,-261.1838974497259,True,0.9983026272226367
fGn_0.75_n1024_r8,fGn_0.75_n1024,zero,0.75,,0.765941221707431,False,"[0.01, 0.99]",0.0,0.0,stationary_gaussian_fgn_known_zero_mean,-259.48690514927785,True,1.0062064106125097
fGn_0.75_n1024_r9,fGn_0.75_n1024,unknown,0.75,,0.7346713442954919,False,"[0.01, 0.99]",0.0,0.029430166257057848,stationary_gaussian_fgn_unknown_constant_mean_ml,-204.0032287594895,True,0.997636716839482
fGn_0.75_n1024_r9,fGn_0.75_n1024,zero,0.75,,0.7348812867112706,False,"[0.01, 0.99]",0.0,0.0,stationary_gaussian_fgn_known_zero_mean,-203.96832805852728,True,0.9978656586662356
fGn_0.75_n256_r0,fGn_0.75_n256,unknown,0.75,,0.766347112119089,False,"[0.01, 0.99]",0.0,0.13782148204820482,stationary_gaussian_fgn_unknown_constant_mean_ml,-48.91440753285883,True,1.0376483919442112
fGn_0.75_n256_r0,fGn_0.75_n256,zero,0.75,,0.7694929013216109,False,"[0.01, 0.99]",0.0,0.0,stationary_gaussian_fgn_known_zero_mean,-48.679853693810855,True,1.042348149225519
fGn_0.75_n256_r1,fGn_0.75_n256,unknown,0.75,,0.7589249970736502,False,"[0.01, 0.99]",0.0,0.16938238923395976,stationary_gaussian_fgn_unknown_constant_mean_ml,-45.40689398085169,True,1.0352062035206928
fGn_0.75_n256_r1,fGn_0.75_n256,zero,0.75,,0.7629778901086209,False,"[0.01, 0.99]",0.0,0.0,stationary_gaussian_fgn_known_zero_mean,-45.022005863753975,True,1.0411395939324368
fGn_0.75_n256_r10,fGn_0.75_n256,unknown,0.75,,0.651798885762361,False,"[0.01, 0.99]",0.0,0.18544167222678304,stationary_gaussian_fgn_unknown_constant_mean_ml,-49.241753167965044,True,0.9409015466892566
fGn_0.75_n256_r10,fGn_0.75_n256,zero,0.75,,0.6684076201846654,False,"[0.01, 0.99]",0.0,0.0,stationary_gaussian_fgn_known_zero_mean,-47.553890521943345,True,0.9527451299824996
fGn_0.75_n256_r11,fGn_0.75_n256,unknown,0.75,,0.7677715184925332,False,"[0.01, 0.99]",0.0,-0.3737605876554218,stationary_gaussian_fgn_unknown_constant_mean_ml,-61.60040043004801,True,1.0141049976434757
fGn_0.75_n256_r11,fGn_0.75_n256,zero,0.75,,0.7859423896935296,False,"[0.01, 0.99]",0.0,0.0,stationary_gaussian_fgn_known_zero_mean,-60.025276028604935,True,1.043112897015703
fGn_0.75_n256_r12,fGn_0.75_n256,unknown,0.75,,0.708420144716513,False,"[0.01, 0.99]",0.0,0.4069541013598426,stationary_gaussian_fgn_unknown_constant_mean_ml,-67.08900005846385,True,0.9432868354828599
fGn_0.75_n256_r12,fGn_0.75_n256,zero,0.75,,0.7434353817597722,False,"[0.01, 0.99]",0.0,0.0,stationary_gaussian_fgn_known_zero_mean,-63.320837448388716,True,0.9821415193041437
fGn_0.75_n256_r13,fGn_0.75_n256,unknown,0.75,,0.7835914618585941,False,"[0.01, 0.99]",0.0,0.1346792340529063,stationary_gaussian_fgn_unknown_constant_mean_ml,-65.10005233150582,True,1.0292671078094702
fGn_0.75_n256_r13,fGn_0.75_n256,zero,0.75,,0.7856984987953096,False,"[0.01, 0.99]",0.0,0.0,stationary_gaussian_fgn_known_zero_mean,-64.91070140384477,True,1.0328341967602366
fGn_0.75_n256_r14,fGn_0.75_n256,unknown,0.75,,0.6628584551185133,False,"[0.01, 0.99]",0.0,0.0016085135900381804,stationary_gaussian_fgn_unknown_constant_mean_ml,-87.07410955939292,True,0.8791300219676927
fGn_0.75_n256_r14,fGn_0.75_n256,zero,0.75,,0.6628445467779783,False,"[0.01, 0.99]",0.0,0.0,stationary_gaussian_fgn_known_zero_mean,-87.07396742832924,True,0.8791233243091789
fGn_0.75_n256_r15,fGn_0.75_n256,unknown,0.75,,0.7469341888522593,False,"[0.01, 0.99]",0.0,0.25258680194015937,stationary_gaussian_fgn_unknown_constant_mean_ml,-81.19653466962785,True,0.9520588360217128
fGn_0.75_n256_r15,fGn_0.75_n256,zero,0.75,,0.761375943837422,False,"[0.01, 0.99]",0.0,0.0,stationary_gaussian_fgn_known_zero_mean,-80.12003469740421,True,0.9702369101192311
fGn_0.75_n256_r16,fGn_0.75_n256,unknown,0.75,,0.7686125681063126,False,"[0.01, 0.99]",0.0,0.30123503791473877,stationary_gaussian_fgn_unknown_constant_mean_ml,-98.69532923954677,True,0.9442572298835621
fGn_0.75_n256_r16,fGn_0.75_n256,zero,0.75,,0.7847971751448019,False,"[0.01, 0.99]",0.0,0.0,stationary_gaussian_fgn_known_zero_mean,-97.49499898890872,True,0.9678652555165285
fGn_0.75_n256_r17,fGn_0.75_n256,unknown,0.75,,0.7404823593852095,False,"[0.01, 0.99]",0.0,0.4776841155098708,stationary_gaussian_fgn_unknown_constant_mean_ml,-73.04846567457867,True,0.9606421135495322
fGn_0.75_n256_r17,fGn_0.75_n256,zero,0.75,,0.778461314156376,False,"[0.01, 0.99]",0.0,0.0,stationary_gaussian_fgn_known_zero_mean,-69.71527132455924,True,1.0125940292451148
fGn_0.75_n256_r18,fGn_0.75_n256,unknown,0.75,,0.682054540569468,False,"[0.01, 0.99]",0.0,0.08251005870996214,stationary_gaussian_fgn_unknown_constant_mean_ml,-101.37842819418097,True,0.8650844408751536
fGn_0.75_n256_r18,fGn_0.75_n256,zero,0.75,,0.6856602629270002,False,"[0.01, 0.99]",0.0,0.0,stationary_gaussian_fgn_known_zero_mean,-101.07179397179135,True,0.8677171889867361
fGn_0.75_n256_r19,fGn_0.75_n256,unknown,0.75,,0.7341181791004541,False,"[0.01, 0.99]",0.0,0.08379995339191254,stationary_gaussian_fgn_unknown_constant_mean_ml,-45.917403043619856,True,1.0063351404278764
fGn_0.75_n256_r19,fGn_0.75_n256,zero,0.75,,0.7348830346738999,False,"[0.01, 0.99]",0.0,0.0,stationary_gaussian_fgn_known_zero_mean,-45.78340682663452,True,1.0073712339729213
fGn_0.75_n256_r2,fGn_0.75_n256,unknown,0.75,,0.7199660448376414,False,"[0.01, 0.99]",0.0,-0.1988609206964005,stationary_gaussian_fgn_unknown_constant_mean_ml,-56.68693866941612,True,0.9722496820345095
fGn_0.75_n256_r2,fGn_0.75_n256,zero,0.75,,0.7309096425407022,False,"[0.01, 0.99]",0.0,0.0,stationary_gaussian_fgn_known_zero_mean,-55.81012338516916,True,0.9839526214868458
fGn_0.75_n256_r20,fGn_0.75_n256,unknown,0.75,,0.7464370660970358,False,"[0.01, 0.99]",0.0,0.2828182019290473,stationary_gaussian_fgn_unknown_constant_mean_ml,-65.85542248115212,True,0.9804809345468025
fGn_0.75_n256_r20,fGn_0.75_n256,zero,0.75,,0.7609427823707222,False,"[0.01, 0.99]",0.0,0.0,stationary_gaussian_fgn_known_zero_mean,-64.58756148983207,True,0.9995906488709057
fGn_0.75_n256_r21,fGn_0.75_n256,unknown,0.75,,0.7257502983122291,False,"[0.01, 0.99]",0.0,-0.1617312918999693,stationary_gaussian_fgn_unknown_constant_mean_ml,-54.82958480348543,True,0.9809808106308039
fGn_0.75_n256_r21,fGn_0.75_n256,zero,0.75,,0.7326325132741325,False,"[0.01, 0.99]",0.0,0.0,stationary_gaussian_fgn_known_zero_mean,-54.28106668822636,True,0.9885678790656003
fGn_0.75_n256_r22,fGn_0.75_n256,unknown,0.75,,0.7408388722508082,False,"[0.01, 0.99]",0.0,-0.05912181796612331,stationary_gaussian_fgn_unknown_constant_mean_ml,-50.63624617491132,True,1.0040032016513314
fGn_0.75_n256_r22,fGn_0.75_n256,zero,0.75,,0.7415369656395076,False,"[0.01, 0.99]",0.0,0.0,stationary_gaussian_fgn_known_zero_mean,-50.57410900156526,True,1.0048649851979325
fGn_0.75_n256_r23,fGn_0.75_n256,unknown,0.75,,0.751410000316272,False,"[0.01, 0.99]",0.0,0.11747290791415749,stationary_gaussian_fgn_unknown_constant_mean_ml,-80.12634733007144,True,0.9588483302707071
fGn_0.75_n256_r23,fGn_0.75_n256,zero,0.75,,0.7542064513343886,False,"[0.01, 0.99]",0.0,0.0,stationary_gaussian_fgn_known_zero_mean,-79.89058581962956,True,0.9623846033580634
fGn_0.75_n256_r24,fGn_0.75_n256,unknown,0.75,,0.7346315270506613,False,"[0.01, 0.99]",0.0,-0.045514456687993796,stationary_gaussian_fgn_unknown_constant_mean_ml,-78.14820090657918,True,0.9454246376964882
fGn_0.75_n256_r24,fGn_0.75_n256,zero,0.75,,0.735045753631049,False,"[0.01, 0.99]",0.0,0.0,stationary_gaussian_fgn_known_zero_mean,-78.10361821759363,True,0.9459009729898846
fGn_0.75_n256_r25,fGn_0.75_n256,unknown,0.75,,0.6747703846509989,False,"[0.01, 0.99]",0.0,-0.039300854572916204,stationary_gaussian_fgn_unknown_constant_mean_ml,-90.76978305065529,True,0.879041872945297
fGn_0.75_n256_r25,fGn_0.75_n256,zero,0.75,,0.6754436027031953,False,"[0.01, 0.99]",0.0,0.0,stationary_gaussian_fgn_known_zero_mean,-90.6955482661989,True,0.879542130363507
fGn_0.75_n256_r26,fGn_0.75_n256,unknown,0.75,,0.7620314737882958,False,"[0.01, 0.99]",0.0,0.25924826975662624,stationary_gaussian_fgn_unknown_constant_mean_ml,-75.00970464698679,True,0.9807609472747048
fGn_0.75_n256_r26,fGn_0.75_n256,zero,0.75,,0.7734432504174912,False,"[0.01, 0.99]",0.0,0.0,stationary_gaussian_fgn_known_zero_mean,-74.08764792467184,True,0.9970942618134151
fGn_0.75_n256_r27,fGn_0.75_n256,unknown,0.75,,0.7751183441379992,False,"[0.01, 0.99]",0.0,0.07217110048284489,stationary_gaussian_fgn_unknown_constant_mean_ml,-71.53157717458316,True,1.0043611252895674
fGn_0.75_n256_r27,fGn_0.75_n256,zero,0.75,,0.7758804757364508,False,"[0.01, 0.99]",0.0,0.0,stationary_gaussian_fgn_known_zero_mean,-71.46823754705622,True,1.0055326936620066
fGn_0.75_n256_r28,fGn_0.75_n256,unknown,0.75,,0.7841002833654636,False,"[0.01, 0.99]",0.0,-0.6103841967291752,stationary_gaussian_fgn_unknown_constant_mean_ml,-40.59462233708655,True,1.0805290155841003
fGn_0.75_n256_r28,fGn_0.75_n256,zero,0.75,,0.809542783872831,False,"[0.01, 0.99]",0.0,0.0,stationary_gaussian_fgn_known_zero_mean,-37.67432189405099,True,1.1322858348836535
fGn_0.75_n256_r29,fGn_0.75_n256,unknown,0.75,,0.787697446804188,False,"[0.01, 0.99]",0.0,0.018663332381781222,stationary_gaussian_fgn_unknown_constant_mean_ml,-89.75661341566376,True,0.9868448173030414
fGn_0.75_n256_r29,fGn_0.75_n256,zero,0.75,,0.7877476858331538,False,"[0.01, 0.99]",0.0,0.0,stationary_gaussian_fgn_known_zero_mean,-89.75277813528805,True,0.986926659267838
fGn_0.75_n256_r3,fGn_0.75_n256,unknown,0.75,,0.7253396466665555,False,"[0.01, 0.99]",0.0,-0.01681937370332119,stationary_gaussian_fgn_unknown_constant_mean_ml,-70.37249790850649,True,0.9512821538069165
fGn_0.75_n256_r3,fGn_0.75_n256,zero,0.75,,0.7253442976278751,False,"[0.01, 0.99]",0.0,0.0,stationary_gaussian_fgn_known_zero_mean,-70.36582200306395,True,0.9512986985165461
fGn_0.75_n256_r30,fGn_0.75_n256,unknown,0.75,,0.73070695590498,False,"[0.01, 0.99]",0.0,0.12389610059558814,stationary_gaussian_fgn_unknown_constant_mean_ml,-42.37169231027701,True,1.0099205509015134
fGn_0.75_n256_r30,fGn_0.75_n256,zero,0.75,,0.7347124883451995,False,"[0.01, 0.99]",0.0,0.0,stationary_gaussian_fgn_known_zero_mean,-42.07748039148271,True,1.0145151910388246
fGn_0.75_n256_r31,fGn_0.75_n256,unknown,0.75,,0.6985981938302119,False,"[0.01, 0.99]",0.0,0.004459703937272373,stationary_gaussian_fgn_unknown_constant_mean_ml,-104.35549982709017,True,0.8702775801781357
fGn_0.75_n256_r31,fGn_0.75_n256,zero,0.75,,0.6985342694040383,False,"[0.01, 0.99]",0.0,0.0,stationary_gaussian_fgn_known_zero_mean,-104.35474928715757,True,0.8702365178876713
fGn_0.75_n256_r32,fGn_0.75_n256,unknown,0.75,,0.7531865040444701,False,"[0.01, 0.99]",0.0,0.03208439956381146,stationary_gaussian_fgn_unknown_constant_mean_ml,-63.12193064105463,True,0.9932504664195053
fGn_0.75_n256_r32,fGn_0.75_n256,zero,0.75,,0.7533927624560828,False,"[0.01, 0.99]",0.0,0.0,stationary_gaussian_fgn_known_zero_mean,-63.105562032082844,True,0.9935190624324399
fGn_0.75_n256_r33,fGn_0.75_n256,unknown,0.75,,0.7370022357966485,False,"[0.01, 0.99]",0.0,0.3124986627518364,stationary_gaussian_fgn_unknown_constant_mean_ml,-96.22682321255365,True,0.9148192955706742
fGn_0.75_n256_r33,fGn_0.75_n256,zero,0.75,,0.756411385958847,False,"[0.01, 0.99]",0.0,0.0,stationary_gaussian_fgn_known_zero_mean,-94.3123181222486,True,0.9380793216477032
fGn_0.75_n256_r34,fGn_0.75_n256,unknown,0.75,,0.7380799038152381,False,"[0.01, 0.99]",0.0,-0.45866647056598664,stationary_gaussian_fgn_unknown_constant_mean_ml,-93.26889914975601,True,0.9211381533987649
fGn_0.75_n256_r34,fGn_0.75_n256,zero,0.75,,0.7662313569075181,False,"[0.01, 0.99]",0.0,0.0,stationary_gaussian_fgn_known_zero_mean,-89.4502691453772,True,0.9585225360952208
fGn_0.75_n256_r35,fGn_0.75_n256,unknown,0.75,,0.7052791141676071,False,"[0.01, 0.99]",0.0,-0.05430552404518675,stationary_gaussian_fgn_unknown_constant_mean_ml,-29.064615629444006,True,1.0134201899309743
fGn_0.75_n256_r35,fGn_0.75_n256,zero,0.75,,0.7054486137500715,False,"[0.01, 0.99]",0.0,0.0,stationary_gaussian_fgn_known_zero_mean,-28.98814831322113,True,1.0137094636155364
fGn_0.75_n256_r36,fGn_0.75_n256,unknown,0.75,,0.6610763295476478,False,"[0.01, 0.99]",0.0,-0.08062623359313792,stationary_gaussian_fgn_unknown_constant_mean_ml,-49.33341928061242,True,0.9454311043711214
fGn_0.75_n256_r36,fGn_0.75_n256,zero,0.75,,0.6647333684326258,False,"[0.01, 0.99]",0.0,0.0,stationary_gaussian_fgn_known_zero_mean,-49.02512224505432,True,0.9479676408854539
fGn_0.75_n256_r37,fGn_0.75_n256,unknown,0.75,,0.7727092719895663,False,"[0.01, 0.99]",0.0,-0.24800515078082302,stationary_gaussian_fgn_unknown_constant_mean_ml,-47.8578325750409,True,1.0484730581188173
fGn_0.75_n256_r37,fGn_0.75_n256,zero,0.75,,0.7817276228453998,False,"[0.01, 0.99]",0.0,0.0,stationary_gaussian_fgn_known_zero_mean,-47.19482115627693,True,1.0630331801506265
fGn_0.75_n256_r38,fGn_0.75_n256,unknown,0.75,,0.6960253162589206,False,"[0.01, 0.99]",0.0,0.31741759919780427,stationary_gaussian_fgn_unknown_constant_mean_ml,-74.85146934621923,True,0.9201147840167476
fGn_0.75_n256_r38,fGn_0.75_n256,zero,0.75,,0.7220084604658746,False,"[0.01, 0.99]",0.0,0.0,stationary_gaussian_fgn_known_zero_mean,-71.88388575173485,True,0.9455627773267893
fGn_0.75_n256_r39,fGn_0.75_n256,unknown,0.75,,0.6851923845784121,False,"[0.01, 0.99]",0.0,0.09934100060251254,stationary_gaussian_fgn_unknown_constant_mean_ml,-74.53235048655182,True,0.9135883223502684
fGn_0.75_n256_r39,fGn_0.75_n256,zero,0.75,,0.6883369267789097,False,"[0.01, 0.99]",0.0,0.0,stationary_gaussian_fgn_known_zero_mean,-74.14544145224602,True,0.9162728186748322
fGn_0.75_n256_r4,fGn_0.75_n256,unknown,0.75,,0.702984847586007,False,"[0.01, 0.99]",0.0,-0.21174162431273896,stationary_gaussian_fgn_unknown_constant_mean_ml,-36.74239188324441,True,0.9965174039414013
fGn_0.75_n256_r4,fGn_0.75_n256,zero,0.75,,0.715535143469603,False,"[0.01, 0.99]",0.0,0.0,stationary_gaussian_fgn_known_zero_mean,-35.617935797548625,True,1.009135548663649
fGn_0.75_n256_r40,fGn_0.75_n256,unknown,0.75,,0.7340660785067774,False,"[0.01, 0.99]",0.0,-0.12458311716320922,stationary_gaussian_fgn_unknown_constant_mean_ml,-98.963111516749,True,0.9072458116115936
fGn_0.75_n256_r40,fGn_0.75_n256,zero,0.75,,0.737338607346464,False,"[0.01, 0.99]",0.0,0.0,stationary_gaussian_fgn_known_zero_mean,-98.60400069975492,True,0.9108953034153393
fGn_0.75_n256_r41,fGn_0.75_n256,unknown,0.75,,0.7789638366766418,False,"[0.01, 0.99]",0.0,-0.1953222725611119,stationary_gaussian_fgn_unknown_constant_mean_ml,-31.99367935963653,True,1.09078163109696
fGn_0.75_n256_r41,fGn_0.75_n256,zero,0.75,,0.7840774595787015,False,"[0.01, 0.99]",0.0,0.0,stationary_gaussian_fgn_known_zero_mean,-31.63186347798853,True,1.099573978277467
fGn_0.75_n256_r42,fGn_0.75_n256,unknown,0.75,,0.7146266525451093,False,"[0.01, 0.99]",0.0,0.21176577166072547,stationary_gaussian_fgn_unknown_constant_mean_ml,-87.2901619731719,True,0.9115449378816443
fGn_0.75_n256_r42,fGn_0.75_n256,zero,0.75,,0.7279227253002063,False,"[0.01, 0.99]",0.0,0.0,stationary_gaussian_fgn_known_zero_mean,-86.1067015313742,True,0.9247480094039556
fGn_0.75_n256_r43,fGn_0.75_n256,unknown,0.75,,0.7852291981338164,False,"[0.01, 0.99]",0.0,-0.024659201108347316,stationary_gaussian_fgn_unknown_constant_mean_ml,-108.15283546034789,True,0.9485287651396072
fGn_0.75_n256_r43,fGn_0.75_n256,zero,0.75,,0.7853643435992597,False,"[0.01, 0.99]",0.0,0.0,stationary_gaussian_fgn_known_zero_mean,-108.14539553542136,True,0.948731494163155
fGn_0.75_n256_r44,fGn_0.75_n256,unknown,0.75,,0.7140606206013744,False,"[0.01, 0.99]",0.0,-0.11903904311645123,stationary_gaussian_fgn_unknown_constant_mean_ml,-58.9753284088647,True,0.9629064578312005
fGn_0.75_n256_r44,fGn_0.75_n256,zero,0.75,,0.718692681706659,False,"[0.01, 0.99]",0.0,0.0,stationary_gaussian_fgn_known_zero_mean,-58.61685852515302,True,0.9674898273560301
fGn_0.75_n256_r45,fGn_0.75_n256,unknown,0.75,,0.7302648648640149,False,"[0.01, 0.99]",0.0,0.10229860020856772,stationary_gaussian_fgn_unknown_constant_mean_ml,-26.5430436706838,True,1.0411821482533332
fGn_0.75_n256_r45,fGn_0.75_n256,zero,0.75,,0.7319219344028607,False,"[0.01, 0.99]",0.0,0.0,stationary_gaussian_fgn_known_zero_mean,-26.349169415255346,True,1.0432653247045822
fGn_0.75_n256_r46,fGn_0.75_n256,unknown,0.75,,0.7859922387277685,False,"[0.01, 0.99]",0.0,0.08768081398294042,stationary_gaussian_fgn_unknown_constant_mean_ml,-79.8149870648383,True,1.0036380823436046
fGn_0.75_n256_r46,fGn_0.75_n256,zero,0.75,,0.7862792853068269,False,"[0.01, 0.99]",0.0,0.0,stationary_gaussian_fgn_known_zero_mean,-79.73162031307515,True,1.0042290107805725
fGn_0.75_n256_r47,fGn_0.75_n256,unknown,0.75,,0.7619223194247838,False,"[0.01, 0.99]",0.0,-0.046205126596555256,stationary_gaussian_fgn_unknown_constant_mean_ml,-72.60944241589846,True,0.9852368279344819
fGn_0.75_n256_r47,fGn_0.75_n256,zero,0.75,,0.7624103899300523,False,"[0.01, 0.99]",0.0,0.0,stationary_gaussian_fgn_known_zero_mean,-72.57820378733663,True,0.9858914659159893
fGn_0.75_n256_r48,fGn_0.75_n256,unknown,0.75,,0.7631532809444966,False,"[0.01, 0.99]",0.0,-0.22827843909418027,stationary_gaussian_fgn_unknown_constant_mean_ml,-85.31765584910522,True,0.9625509110784789
fGn_0.75_n256_r48,fGn_0.75_n256,zero,0.75,,0.7710131120447938,False,"[0.01, 0.99]",0.0,0.0,stationary_gaussian_fgn_known_zero_mean,-84.56792052758067,True,0.9737307316342473
fGn_0.75_n256_r49,fGn_0.75_n256,unknown,0.75,,0.7769253944498801,False,"[0.01, 0.99]",0.0,-0.08698786190900683,stationary_gaussian_fgn_unknown_constant_mean_ml,-55.90604021960314,True,1.0380573032587264
fGn_0.75_n256_r49,fGn_0.75_n256,zero,0.75,,0.7777662326510939,False,"[0.01, 0.99]",0.0,0.0,stationary_gaussian_fgn_known_zero_mean,-55.821662748271706,True,1.0394396736949787
fGn_0.75_n256_r5,fGn_0.75_n256,unknown,0.75,,0.740327767700102,False,"[0.01, 0.99]",0.0,-0.0909555082861377,stationary_gaussian_fgn_unknown_constant_mean_ml,-67.93047606837297,True,0.9701355850748923
fGn_0.75_n256_r5,fGn_0.75_n256,zero,0.75,,0.7430684192229481,False,"[0.01, 0.99]",0.0,0.0,stationary_gaussian_fgn_known_zero_mean,-67.77427461020397,True,0.9732529398426719
fGn_0.75_n256_r50,fGn_0.75_n256,unknown,0.75,,0.7577367535270177,False,"[0.01, 0.99]",0.0,-0.014914649251524673,stationary_gaussian_fgn_unknown_constant_mean_ml,-54.3056902647827,True,1.0159188697061727
fGn_0.75_n256_r50,fGn_0.75_n256,zero,0.75,,0.7577563649424669,False,"[0.01, 0.99]",0.0,0.0,stationary_gaussian_fgn_known_zero_mean,-54.302471020474286,True,1.0159490741733344
fGn_0.75_n256_r51,fGn_0.75_n256,unknown,0.75,,0.760993819270854,False,"[0.01, 0.99]",0.0,0.030807032621129327,stationary_gaussian_fgn_unknown_constant_mean_ml,-45.32720850788792,True,1.0379742232508413
fGn_0.75_n256_r51,fGn_0.75_n256,zero,0.75,,0.7613400056916976,False,"[0.01, 0.99]",0.0,0.0,stationary_gaussian_fgn_known_zero_mean,-45.31458916566828,True,1.03844067754866
fGn_0.75_n256_r52,fGn_0.75_n256,unknown,0.75,,0.8112295820280089,False,"[0.01, 0.99]",0.0,0.1418638467772693,stationary_gaussian_fgn_unknown_constant_mean_ml,-76.08762406213032,True,1.0536276033408987
fGn_0.75_n256_r52,fGn_0.75_n256,zero,0.75,,0.812694223432285,False,"[0.01, 0.99]",0.0,0.0,stationary_gaussian_fgn_known_zero_mean,-75.93894871911061,True,1.0567423572228838
fGn_0.75_n256_r53,fGn_0.75_n256,unknown,0.75,,0.7841176486509223,False,"[0.01, 0.99]",0.0,0.10229016796266907,stationary_gaussian_fgn_unknown_constant_mean_ml,-51.31179677406908,True,1.0581733101761734
fGn_0.75_n256_r53,fGn_0.75_n256,zero,0.75,,0.7854592682564933,False,"[0.01, 0.99]",0.0,0.0,stationary_gaussian_fgn_known_zero_mean,-51.20847563067082,True,1.0604734810369363
fGn_0.75_n256_r54,fGn_0.75_n256,unknown,0.75,,0.7240395523293548,False,"[0.01, 0.99]",0.0,-0.08520668152519807,stationary_gaussian_fgn_unknown_constant_mean_ml,-52.773718075968645,True,0.9833573151086084
fGn_0.75_n256_r54,fGn_0.75_n256,zero,0.75,,0.7262020501367284,False,"[0.01, 0.99]",0.0,0.0,stationary_gaussian_fgn_known_zero_mean,-52.61410732207014,True,0.9856534833385563
fGn_0.75_n256_r55,fGn_0.75_n256,unknown,0.75,,0.7025364904865112,False,"[0.01, 0.99]",0.0,0.10939239466998675,stationary_gaussian_fgn_unknown_constant_mean_ml,-65.95180024319836,True,0.9409258471501203
fGn_0.75_n256_r55,fGn_0.75_n256,zero,0.75,,0.7072303303920995,False,"[0.01, 0.99]",0.0,0.0,stationary_gaussian_fgn_known_zero_mean,-65.5920219487615,True,0.9451283280269394
fGn_0.75_n256_r56,fGn_0.75_n256,unknown,0.75,,0.7021743859465992,False,"[0.01, 0.99]",0.0,0.4031009516701809,stationary_gaussian_fgn_unknown_constant_mean_ml,-56.460349274598,True,0.9582593114173633
fGn_0.75_n256_r56,fGn_0.75_n256,zero,0.75,,0.7325261779947705,False,"[0.01, 0.99]",0.0,0.0,stationary_gaussian_fgn_known_zero_mean,-52.475914900995804,True,0.9919551118727671
fGn_0.75_n256_r57,fGn_0.75_n256,unknown,0.75,,0.759669409478083,False,"[0.01, 0.99]",0.0,-0.06432806272773324,stationary_gaussian_fgn_unknown_constant_mean_ml,-80.14751973033708,True,0.9681659000653973
fGn_0.75_n256_r57,fGn_0.75_n256,zero,0.75,,0.7604739890291538,False,"[0.01, 0.99]",0.0,0.0,stationary_gaussian_fgn_known_zero_mean,-80.0833471334447,True,0.9692354746304829
fGn_0.75_n256_r58,fGn_0.75_n256,unknown,0.75,,0.7455978141211379,False,"[0.01, 0.99]",0.0,-0.1454147452835126,stationary_gaussian_fgn_unknown_constant_mean_ml,-58.89427576862238,True,0.9929902045361255
fGn_0.75_n256_r58,fGn_0.75_n256,zero,0.75,,0.7510403547954934,False,"[0.01, 0.99]",0.0,0.0,stationary_gaussian_fgn_known_zero_mean,-58.54261614210645,True,0.9997127134936326
fGn_0.75_n256_r59,fGn_0.75_n256,unknown,0.75,,0.7564900275679041,False,"[0.01, 0.99]",0.0,-0.08839260593106613,stationary_gaussian_fgn_unknown_constant_mean_ml,-16.408623771394787,True,1.0923463279666064
fGn_0.75_n256_r59,fGn_0.75_n256,zero,0.75,,0.7574396784328297,False,"[0.01, 0.99]",0.0,0.0,stationary_gaussian_fgn_known_zero_mean,-16.3099705969247,True,1.0937905019685512
fGn_0.75_n256_r6,fGn_0.75_n256,unknown,0.75,,0.686241289124886,False,"[0.01, 0.99]",0.0,-0.23919879705176494,stationary_gaussian_fgn_unknown_constant_mean_ml,-38.88440010566808,True,0.9801694498811719
fGn_0.75_n256_r6,fGn_0.75_n256,zero,0.75,,0.701968896412552,False,"[0.01, 0.99]",0.0,0.0,stationary_gaussian_fgn_known_zero_mean,-37.107559111560136,True,0.9950132820531168
fGn_0.75_n256_r60,fGn_0.75_n256,unknown,0.75,,0.7684641686591385,False,"[0.01, 0.99]",0.0,-0.3357955686554335,stationary_gaussian_fgn_unknown_constant_mean_ml,-53.061224966994246,True,1.0320839244917714
fGn_0.75_n256_r60,fGn_0.75_n256,zero,0.75,,0.7816761735551339,False,"[0.01, 0.99]",0.0,0.0,stationary_gaussian_fgn_known_zero_mean,-51.77442853658056,True,1.05348951913093
fGn_0.75_n256_r61,fGn_0.75_n256,unknown,0.75,,0.7974868697523302,False,"[0.01, 0.99]",0.0,0.12806314071530978,stationary_gaussian_fgn_unknown_constant_mean_ml,-65.04058069882433,True,1.0515865179991044
fGn_0.75_n256_r61,fGn_0.75_n256,zero,0.75,,0.7995903436761251,False,"[0.01, 0.99]",0.0,0.0,stationary_gaussian_fgn_known_zero_mean,-64.9001845493982,True,1.0554951719787262
fGn_0.75_n256_r62,fGn_0.75_n256,unknown,0.75,,0.764223385811417,False,"[0.01, 0.99]",0.0,-0.1176723201744414,stationary_gaussian_fgn_unknown_constant_mean_ml,-79.40379447624582,True,0.9750369063304338
fGn_0.75_n256_r62,fGn_0.75_n256,zero,0.75,,0.7664844078296431,False,"[0.01, 0.99]",0.0,0.0,stationary_gaussian_fgn_known_zero_mean,-79.20425607934999,True,0.9782131917777808
fGn_0.75_n256_r63,fGn_0.75_n256,unknown,0.75,,0.6735958777985461,False,"[0.01, 0.99]",0.0,-0.24926449338473317,stationary_gaussian_fgn_unknown_constant_mean_ml,-74.73607936573126,True,0.9063399027299252
fGn_0.75_n256_r63,fGn_0.75_n256,zero,0.75,,0.6986018035787339,False,"[0.01, 0.99]",0.0,0.0,stationary_gaussian_fgn_known_zero_mean,-72.35690910803498,True,0.9264056576006944
fGn_0.75_n256_r7,fGn_0.75_n256,unknown,0.75,,0.6672076105853999,False,"[0.01, 0.99]",0.0,0.13850730706005768,stationary_gaussian_fgn_unknown_constant_mean_ml,-46.548033841773304,True,0.9539404235818021
fGn_0.75_n256_r7,fGn_0.75_n256,zero,0.75,,0.6768882416557693,False,"[0.01, 0.99]",0.0,0.0,stationary_gaussian_fgn_known_zero_mean,-45.748021824031184,True,0.961127770948731
fGn_0.75_n256_r8,fGn_0.75_n256,unknown,0.75,,0.7088754128654265,False,"[0.01, 0.99]",0.0,0.2348207010786385,stationary_gaussian_fgn_unknown_constant_mean_ml,-32.080490789482496,True,1.0104199117725208
fGn_0.75_n256_r8,fGn_0.75_n256,zero,0.75,,0.7249756710997685,False,"[0.01, 0.99]",0.0,0.0,stationary_gaussian_fgn_known_zero_mean,-30.83226005128779,True,1.0273085041016996
fGn_0.75_n256_r9,fGn_0.75_n256,unknown,0.75,,0.7244805692060723,False,"[0.01, 0.99]",0.0,0.11148892744788266,stationary_gaussian_fgn_unknown_constant_mean_ml,-62.12032073651835,True,0.9659642665314004
fGn_0.75_n256_r9,fGn_0.75_n256,zero,0.75,,0.7279447597860034,False,"[0.01, 0.99]",0.0,0.0,stationary_gaussian_fgn_known_zero_mean,-61.84038437899943,True,0.9696522109589469
fGn_0.75_n512_r0,fGn_0.75_n512,unknown,0.75,,0.7702334079206619,False,"[0.01, 0.99]",0.0,-0.15389687274915945,stationary_gaussian_fgn_unknown_constant_mean_ml,-132.81565428332328,True,1.008471907688191
fGn_0.75_n512_r0,fGn_0.75_n512,zero,0.75,,0.7732172088264361,False,"[0.01, 0.99]",0.0,0.0,stationary_gaussian_fgn_known_zero_mean,-132.40851844543886,True,1.012896295364325
fGn_0.75_n512_r1,fGn_0.75_n512,unknown,0.75,,0.7147490418045582,False,"[0.01, 0.99]",0.0,-0.16677729459732157,stationary_gaussian_fgn_unknown_constant_mean_ml,-111.69084667740549,True,0.9697444210787373
fGn_0.75_n512_r1,fGn_0.75_n512,zero,0.75,,0.720528148714426,False,"[0.01, 0.99]",0.0,0.0,stationary_gaussian_fgn_known_zero_mean,-110.68173097720774,True,0.9756854261871546
fGn_0.75_n512_r10,fGn_0.75_n512,unknown,0.75,,0.7817022368989409,False,"[0.01, 0.99]",0.0,0.3868855957880198,stationary_gaussian_fgn_unknown_constant_mean_ml,-85.18185776009545,True,1.073321461105493
fGn_0.75_n512_r10,fGn_0.75_n512,zero,0.75,,0.7922915531840596,False,"[0.01, 0.99]",0.0,0.0,stationary_gaussian_fgn_known_zero_mean,-83.32084280987465,True,1.0924825320221552
fGn_0.75_n512_r11,fGn_0.75_n512,unknown,0.75,,0.7296467662888289,False,"[0.01, 0.99]",0.0,0.43162426680995913,stationary_gaussian_fgn_unknown_constant_mean_ml,-134.87066047407802,True,0.9610955187432503
fGn_0.75_n512_r11,fGn_0.75_n512,zero,0.75,,0.7559905698669931,False,"[0.01, 0.99]",0.0,0.0,stationary_gaussian_fgn_known_zero_mean,-129.9788599303747,True,0.9934196850622384
fGn_0.75_n512_r12,fGn_0.75_n512,unknown,0.75,,0.7153210687222766,False,"[0.01, 0.99]",0.0,0.5298679486027418,stationary_gaussian_fgn_unknown_constant_mean_ml,-95.27300894016753,True,0.9859075108241806
fGn_0.75_n512_r12,fGn_0.75_n512,zero,0.75,,0.7544959272783769,False,"[0.01, 0.99]",0.0,0.0,stationary_gaussian_fgn_known_zero_mean,-87.74599572697252,True,1.0334271606523318
fGn_0.75_n512_r13,fGn_0.75_n512,unknown,0.75,,0.7040748656049147,False,"[0.01, 0.99]",0.0,-0.016354549259405392,stationary_gaussian_fgn_unknown_constant_mean_ml,-158.62049646065816,True,0.9181133194471939
fGn_0.75_n512_r13,fGn_0.75_n512,zero,0.75,,0.7041967271762823,False,"[0.01, 0.99]",0.0,0.0,stationary_gaussian_fgn_known_zero_mean,-158.60760267203318,True,0.9182142251284731
fGn_0.75_n512_r14,fGn_0.75_n512,unknown,0.75,,0.7171010001974596,False,"[0.01, 0.99]",0.0,-0.18526350911855408,stationary_gaussian_fgn_unknown_constant_mean_ml,-103.82413003923625,True,0.9792355254348324
fGn_0.75_n512_r14,fGn_0.75_n512,zero,0.75,,0.7237029618581512,False,"[0.01, 0.99]",0.0,0.0,stationary_gaussian_fgn_known_zero_mean,-102.63611013359719,True,0.9862491131745361
fGn_0.75_n512_r15,fGn_0.75_n512,unknown,0.75,,0.7674681144754775,False,"[0.01, 0.99]",0.0,-0.2890416951727868,stationary_gaussian_fgn_unknown_constant_mean_ml,-153.04802815530888,True,0.9851798784554733
fGn_0.75_n512_r15,fGn_0.75_n512,zero,0.75,,0.7760495533996156,False,"[0.01, 0.99]",0.0,0.0,stationary_gaussian_fgn_known_zero_mean,-151.5426080582356,True,0.9979925836074396
fGn_0.75_n512_r16,fGn_0.75_n512,unknown,0.75,,0.7348298671995588,False,"[0.01, 0.99]",0.0,0.018877000232281685,stationary_gaussian_fgn_unknown_constant_mean_ml,-67.11013582482292,True,1.0321296371988649
fGn_0.75_n512_r16,fGn_0.75_n512,zero,0.75,,0.7349352468026946,False,"[0.01, 0.99]",0.0,0.0,stationary_gaussian_fgn_known_zero_mean,-67.10085711696797,True,1.0322488861087655
fGn_0.75_n512_r17,fGn_0.75_n512,unknown,0.75,,0.7980871108752088,False,"[0.01, 0.99]",0.0,0.14053137727560439,stationary_gaussian_fgn_unknown_constant_mean_ml,-157.41316785077152,True,1.0256779338639122
fGn_0.75_n512_r17,fGn_0.75_n512,zero,0.75,,0.7998662277070104,False,"[0.01, 0.99]",0.0,0.0,stationary_gaussian_fgn_known_zero_mean,-157.17901352409547,True,1.0289195373975584
fGn_0.75_n512_r18,fGn_0.75_n512,unknown,0.75,,0.7769611987064131,False,"[0.01, 0.99]",0.0,-0.022658479042187367,stationary_gaussian_fgn_unknown_constant_mean_ml,-100.66621023347375,True,1.0501526469378826
fGn_0.75_n512_r18,fGn_0.75_n512,zero,0.75,,0.7769743125916719,False,"[0.01, 0.99]",0.0,0.0,stationary_gaussian_fgn_known_zero_mean,-100.65854913029352,True,1.0501796199936921
fGn_0.75_n512_r19,fGn_0.75_n512,unknown,0.75,,0.6913760513344328,False,"[0.01, 0.99]",0.0,0.13700448876040333,stationary_gaussian_fgn_unknown_constant_mean_ml,-102.73060331141426,True,0.9603083983888778
fGn_0.75_n512_r19,fGn_0.75_n512,zero,0.75,,0.6975934042171783,False,"[0.01, 0.99]",0.0,0.0,stationary_gaussian_fgn_known_zero_mean,-101.80294254705302,True,0.9656125334301119
fGn_0.75_n512_r2,fGn_0.75_n512,unknown,0.75,,0.7413229678037971,False,"[0.01, 0.99]",0.0,-0.21159180212909046,stationary_gaussian_fgn_unknown_constant_mean_ml,-111.05064949337384,True,0.9954449138578021
fGn_0.75_n512_r2,fGn_0.75_n512,zero,0.75,,0.7499674756074465,False,"[0.01, 0.99]",0.0,0.0,stationary_gaussian_fgn_known_zero_mean,-109.97736603222893,True,1.0059738710513284
fGn_0.75_n512_r20,fGn_0.75_n512,unknown,0.75,,0.793508318244352,False,"[0.01, 0.99]",0.0,-0.04692539797762769,stationary_gaussian_fgn_unknown_constant_mean_ml,-75.24326291204011,True,1.103238448691902
fGn_0.75_n512_r20,fGn_0.75_n512,zero,0.75,,0.7937475843084505,False,"[0.01, 0.99]",0.0,0.0,stationary_gaussian_fgn_known_zero_mean,-75.21910495113752,True,1.1036810499548044
fGn_0.75_n512_r21,fGn_0.75_n512,unknown,0.75,,0.7321381815631276,False,"[0.01, 0.99]",0.0,0.050812406411744816,stationary_gaussian_fgn_unknown_constant_mean_ml,-118.93803421592293,True,0.9785534452723991
fGn_0.75_n512_r21,fGn_0.75_n512,zero,0.75,,0.7327383458366833,False,"[0.01, 0.99]",0.0,0.0,stationary_gaussian_fgn_known_zero_mean,-118.86099340244755,True,0.9792097909540104
fGn_0.75_n512_r22,fGn_0.75_n512,unknown,0.75,,0.7212318251008356,False,"[0.01, 0.99]",0.0,-0.15639280563548733,stationary_gaussian_fgn_unknown_constant_mean_ml,-115.4625280987334,True,0.9717618562839334
fGn_0.75_n512_r22,fGn_0.75_n512,zero,0.75,,0.7252423248874922,False,"[0.01, 0.99]",0.0,0.0,stationary_gaussian_fgn_known_zero_mean,-114.63205912176886,True,0.9761648802216747
fGn_0.75_n512_r23,fGn_0.75_n512,unknown,0.75,,0.7485033261947701,False,"[0.01, 0.99]",0.0,-0.37288716734928473,stationary_gaussian_fgn_unknown_constant_mean_ml,-81.93951234630345,True,1.0321960312796938
fGn_0.75_n512_r23,fGn_0.75_n512,zero,0.75,,0.7650944940735734,False,"[0.01, 0.99]",0.0,0.0,stationary_gaussian_fgn_known_zero_mean,-79.25602363953317,True,1.0555829945434825
fGn_0.75_n512_r24,fGn_0.75_n512,unknown,0.75,,0.6985730714425121,False,"[0.01, 0.99]",0.0,0.0476059167772476,stationary_gaussian_fgn_unknown_constant_mean_ml,-161.4610526183733,True,0.9116433206663038
fGn_0.75_n512_r24,fGn_0.75_n512,zero,0.75,,0.6995361670302107,False,"[0.01, 0.99]",0.0,0.0,stationary_gaussian_fgn_known_zero_mean,-161.34327771156813,True,0.9124222556082188
fGn_0.75_n512_r25,fGn_0.75_n512,unknown,0.75,,0.7066917782581335,False,"[0.01, 0.99]",0.0,0.21673404501243201,stationary_gaussian_fgn_unknown_constant_mean_ml,-95.15794019427517,True,0.9788770475612252
fGn_0.75_n512_r25,fGn_0.75_n512,zero,0.75,,0.717415236915809,False,"[0.01, 0.99]",0.0,0.0,stationary_gaussian_fgn_known_zero_mean,-93.37201581370323,True,0.9895566576625703
fGn_0.75_n512_r26,fGn_0.75_n512,unknown,0.75,,0.6926123772793014,False,"[0.01, 0.99]",0.0,-0.12642215009451657,stationary_gaussian_fgn_unknown_constant_mean_ml,-118.36398864364742,True,0.9466076095151889
fGn_0.75_n512_r26,fGn_0.75_n512,zero,0.75,,0.6974268457413713,False,"[0.01, 0.99]",0.0,0.0,stationary_gaussian_fgn_known_zero_mean,-117.55494280981884,True,0.9507523041035295
fGn_0.75_n512_r27,fGn_0.75_n512,unknown,0.75,,0.7105822803964239,False,"[0.01, 0.99]",0.0,-0.2022555275942314,stationary_gaussian_fgn_unknown_constant_mean_ml,-130.28460200184008,True,0.9489156827261086
fGn_0.75_n512_r27,fGn_0.75_n512,zero,0.75,,0.720017580498985,False,"[0.01, 0.99]",0.0,0.0,stationary_gaussian_fgn_known_zero_mean,-128.70147408983712,True,0.9582235597572148
fGn_0.75_n512_r28,fGn_0.75_n512,unknown,0.75,,0.7199708391746994,False,"[0.01, 0.99]",0.0,0.0596878340760582,stationary_gaussian_fgn_unknown_constant_mean_ml,-159.15717868644288,True,0.9301045825820424
fGn_0.75_n512_r28,fGn_0.75_n512,zero,0.75,,0.7207260439462313,False,"[0.01, 0.99]",0.0,0.0,stationary_gaussian_fgn_known_zero_mean,-159.0202732442849,True,0.9308648118310402
fGn_0.75_n512_r29,fGn_0.75_n512,unknown,0.75,,0.7411224398344618,False,"[0.01, 0.99]",0.0,-0.42070873215444204,stationary_gaussian_fgn_unknown_constant_mean_ml,-81.60783391365021,True,1.0242644383311483
fGn_0.75_n512_r29,fGn_0.75_n512,zero,0.75,,0.7649301575743847,False,"[0.01, 0.99]",0.0,0.0,stationary_gaussian_fgn_known_zero_mean,-77.99632746931775,True,1.0566621724974947
fGn_0.75_n512_r3,fGn_0.75_n512,unknown,0.75,,0.7440205920640436,False,"[0.01, 0.99]",0.0,-0.04288294266307911,stationary_gaussian_fgn_unknown_constant_mean_ml,-153.48601287587303,True,0.9578004145533087
fGn_0.75_n512_r3,fGn_0.75_n512,zero,0.75,,0.744423208916387,False,"[0.01, 0.99]",0.0,0.0,stationary_gaussian_fgn_known_zero_mean,-153.43649748398434,True,0.9582648717299875
fGn_0.75_n512_r30,fGn_0.75_n512,unknown,0.75,,0.7413311063610417,False,"[0.01, 0.99]",0.0,-0.09856219933812879,stationary_gaussian_fgn_unknown_constant_mean_ml,-104.4763983305113,True,1.0018650442158628
fGn_0.75_n512_r30,fGn_0.75_n512,zero,0.75,,0.7430160418424314,False,"[0.01, 0.99]",0.0,0.0,stationary_gaussian_fgn_known_zero_mean,-104.23152926730381,True,1.003908631641881
fGn_0.75_n512_r31,fGn_0.75_n512,unknown,0.75,,0.7164844898801479,False,"[0.01, 0.99]",0.0,0.27375199888811774,stationary_gaussian_fgn_unknown_constant_mean_ml,-142.75486142845625,True,0.9421938440780143
fGn_0.75_n512_r31,fGn_0.75_n512,zero,0.75,,0.7339282967591984,False,"[0.01, 0.99]",0.0,0.0,stationary_gaussian_fgn_known_zero_mean,-140.18482130871166,True,0.9601697813311656
fGn_0.75_n512_r32,fGn_0.75_n512,unknown,0.75,,0.7318239198071702,False,"[0.01, 0.99]",0.0,0.4115742993916281,stationary_gaussian_fgn_unknown_constant_mean_ml,-146.01229584172415,True,0.9527238316203418
fGn_0.75_n512_r32,fGn_0.75_n512,zero,0.75,,0.7567352136159196,False,"[0.01, 0.99]",0.0,0.0,stationary_gaussian_fgn_known_zero_mean,-141.58440236689853,True,0.9830933923944677
fGn_0.75_n512_r33,fGn_0.75_n512,unknown,0.75,,0.7616042050869947,False,"[0.01, 0.99]",0.0,0.009779132168025177,stationary_gaussian_fgn_unknown_constant_mean_ml,-120.81546844665104,True,1.009179873464802
fGn_0.75_n512_r33,fGn_0.75_n512,zero,0.75,,0.7616219875716734,False,"[0.01, 0.99]",0.0,0.0,stationary_gaussian_fgn_known_zero_mean,-120.81359836462275,True,1.009203891672896
fGn_0.75_n512_r34,fGn_0.75_n512,unknown,0.75,,0.7302945427087512,False,"[0.01, 0.99]",0.0,-0.28798415616973577,stationary_gaussian_fgn_unknown_constant_mean_ml,-176.01725025498445,True,0.9238245661665817
fGn_0.75_n512_r34,fGn_0.75_n512,zero,0.75,,0.7442418669954307,False,"[0.01, 0.99]",0.0,0.0,stationary_gaussian_fgn_known_zero_mean,-173.4270800895274,True,0.9395541243348111
fGn_0.75_n512_r35,fGn_0.75_n512,unknown,0.75,,0.73079010634336,False,"[0.01, 0.99]",0.0,0.034910564502185604,stationary_gaussian_fgn_unknown_constant_mean_ml,-82.78406310060541,True,1.0123754168303756
fGn_0.75_n512_r35,fGn_0.75_n512,zero,0.75,,0.7310243961651623,False,"[0.01, 0.99]",0.0,0.0,stationary_gaussian_fgn_known_zero_mean,-82.74939572397534,True,1.012642271619316
fGn_0.75_n512_r36,fGn_0.75_n512,unknown,0.75,,0.7248092907416761,False,"[0.01, 0.99]",0.0,-0.3510685752677972,stationary_gaussian_fgn_unknown_constant_mean_ml,-110.7207086620349,True,0.9795028545743346
fGn_0.75_n512_r36,fGn_0.75_n512,zero,0.75,,0.7438825874761599,False,"[0.01, 0.99]",0.0,0.0,stationary_gaussian_fgn_known_zero_mean,-107.2246665855373,True,1.001913769886025
fGn_0.75_n512_r37,fGn_0.75_n512,unknown,0.75,,0.7472601711548607,False,"[0.01, 0.99]",0.0,0.0456739646654527,stationary_gaussian_fgn_unknown_constant_mean_ml,-165.01672226390997,True,0.9504433303704981
fGn_0.75_n512_r37,fGn_0.75_n512,zero,0.75,,0.7475525738345944,False,"[0.01, 0.99]",0.0,0.0,stationary_gaussian_fgn_known_zero_mean,-164.96183879806085,True,0.9508029115229277
fGn_0.75_n512_r38,fGn_0.75_n512,unknown,0.75,,0.7963587769036257,False,"[0.01, 0.99]",0.0,0.19194025705961146,stationary_gaussian_fgn_unknown_constant_mean_ml,-145.07389284886813,True,1.0352049081462669
fGn_0.75_n512_r38,fGn_0.75_n512,zero,0.75,,0.7993062987190916,False,"[0.01, 0.99]",0.0,0.0,stationary_gaussian_fgn_known_zero_mean,-144.6386573867776,True,1.0406340193825347
fGn_0.75_n512_r39,fGn_0.75_n512,unknown,0.75,,0.7647636095771808,False,"[0.01, 0.99]",0.0,0.0319576960464459,stationary_gaussian_fgn_unknown_constant_mean_ml,-111.44488003093284,True,1.0224887047614335
fGn_0.75_n512_r39,fGn_0.75_n512,zero,0.75,,0.7649669755198446,False,"[0.01, 0.99]",0.0,0.0,stationary_gaussian_fgn_known_zero_mean,-111.42621877191505,True,1.0227707051769444
fGn_0.75_n512_r4,fGn_0.75_n512,unknown,0.75,,0.7366106708014418,False,"[0.01, 0.99]",0.0,-0.25573152356477086,stationary_gaussian_fgn_unknown_constant_mean_ml,-112.96757104714038,True,0.9887164074416019
fGn_0.75_n512_r4,fGn_0.75_n512,zero,0.75,,0.7470262245806261,False,"[0.01, 0.99]",0.0,0.0,stationary_gaussian_fgn_known_zero_mean,-111.28882281913866,True,1.0013836262233833
fGn_0.75_n512_r40,fGn_0.75_n512,unknown,0.75,,0.700198847689744,False,"[0.01, 0.99]",0.0,-0.22835880446699863,stationary_gaussian_fgn_unknown_constant_mean_ml,-72.39517499406907,True,0.9957318984216262
fGn_0.75_n512_r40,fGn_0.75_n512,zero,0.75,,0.7125026886712,False,"[0.01, 0.99]",0.0,0.0,stationary_gaussian_fgn_known_zero_mean,-70.3662482282266,True,1.0077325504778833
fGn_0.75_n512_r41,fGn_0.75_n512,unknown,0.75,,0.6787501125795928,False,"[0.01, 0.99]",0.0,-0.23965594792766348,stationary_gaussian_fgn_unknown_constant_mean_ml,-136.05391419862258,True,0.92153741570908
fGn_0.75_n512_r41,fGn_0.75_n512,zero,0.75,,0.6986084260564698,False,"[0.01, 0.99]",0.0,0.0,stationary_gaussian_fgn_known_zero_mean,-132.80971226591168,True,0.937536484190642
fGn_0.75_n512_r42,fGn_0.75_n512,unknown,0.75,,0.7388227166791186,False,"[0.01, 0.99]",0.0,-0.16828086213300414,stationary_gaussian_fgn_unknown_constant_mean_ml,-56.580377025552025,True,1.0470756020005711
fGn_0.75_n512_r42,fGn_0.75_n512,zero,0.75,,0.743790722655539,False,"[0.01, 0.99]",0.0,0.0,stationary_gaussian_fgn_known_zero_mean,-55.923946052591646,True,1.0532820017026294
fGn_0.75_n512_r43,fGn_0.75_n512,unknown,0.75,,0.6856985393470769,False,"[0.01, 0.99]",0.0,-0.10594728783900308,stationary_gaussian_fgn_unknown_constant_mean_ml,-108.13000616686259,True,0.9514373192223035
fGn_0.75_n512_r43,fGn_0.75_n512,zero,0.75,,0.6892622623597988,False,"[0.01, 0.99]",0.0,0.0,stationary_gaussian_fgn_known_zero_mean,-107.51267337830154,True,0.9543886390134756
fGn_0.75_n512_r44,fGn_0.75_n512,unknown,0.75,,0.7356353242061038,False,"[0.01, 0.99]",0.0,-0.022540666809611976,stationary_gaussian_fgn_unknown_constant_mean_ml,-92.84177993367257,True,1.0073384508899472
fGn_0.75_n512_r44,fGn_0.75_n512,zero,0.75,,0.7358453247528683,False,"[0.01, 0.99]",0.0,0.0,stationary_gaussian_fgn_known_zero_mean,-92.8280550825616,True,1.007567095294827
fGn_0.75_n512_r45,fGn_0.75_n512,unknown,0.75,,0.7819240835618572,False,"[0.01, 0.99]",0.0,-0.17206372788713645,stationary_gaussian_fgn_unknown_constant_mean_ml,-131.73402885733344,True,1.025947372587102
fGn_0.75_n512_r45,fGn_0.75_n512,zero,0.75,,0.7850698358546846,False,"[0.01, 0.99]",0.0,0.0,stationary_gaussian_fgn_known_zero_mean,-131.3108657501789,True,1.0310933930951045
fGn_0.75_n512_r46,fGn_0.75_n512,unknown,0.75,,0.7475054733800572,False,"[0.01, 0.99]",0.0,-0.1057879797360726,stationary_gaussian_fgn_unknown_constant_mean_ml,-109.90956125145976,True,1.0032664868868175
fGn_0.75_n512_r46,fGn_0.75_n512,zero,0.75,,0.749107629906507,False,"[0.01, 0.99]",0.0,0.0,stationary_gaussian_fgn_known_zero_mean,-109.64877938430914,True,1.005320950099238
fGn_0.75_n512_r47,fGn_0.75_n512,unknown,0.75,,0.7317025398001803,False,"[0.01, 0.99]",0.0,-0.04835267650958681,stationary_gaussian_fgn_unknown_constant_mean_ml,-83.23063110755743,True,1.0128419958414752
fGn_0.75_n512_r47,fGn_0.75_n512,zero,0.75,,0.7320966774190087,False,"[0.01, 0.99]",0.0,0.0,stationary_gaussian_fgn_known_zero_mean,-83.16497645694903,True,1.013301373305405
fGn_0.75_n512_r48,fGn_0.75_n512,unknown,0.75,,0.7542716257897043,False,"[0.01, 0.99]",0.0,0.3329498095787019,stationary_gaussian_fgn_unknown_constant_mean_ml,-153.61310546499385,True,0.9687921383314722
fGn_0.75_n512_r48,fGn_0.75_n512,zero,0.75,,0.7680162548314311,False,"[0.01, 0.99]",0.0,0.0,stationary_gaussian_fgn_known_zero_mean,-151.31157492502462,True,0.9875522480246173
fGn_0.75_n512_r49,fGn_0.75_n512,unknown,0.75,,0.7418769729945215,False,"[0.01, 0.99]",0.0,0.20907257652115335,stationary_gaussian_fgn_unknown_constant_mean_ml,-150.27849119465714,True,0.9585964322384314
fGn_0.75_n512_r49,fGn_0.75_n512,zero,0.75,,0.7489101164123844,False,"[0.01, 0.99]",0.0,0.0,stationary_gaussian_fgn_known_zero_mean,-149.13319960727176,True,0.9670799349162081
fGn_0.75_n512_r5,fGn_0.75_n512,unknown,0.75,,0.7374012562706456,False,"[0.01, 0.99]",0.0,0.012497983764288251,stationary_gaussian_fgn_unknown_constant_mean_ml,-80.5031512404305,True,1.0213930835791716
fGn_0.75_n512_r5,fGn_0.75_n512,zero,0.75,,0.7374434556189021,False,"[0.01, 0.99]",0.0,0.0,stationary_gaussian_fgn_known_zero_mean,-80.499124509902,True,1.0214414916730172
fGn_0.75_n512_r50,fGn_0.75_n512,unknown,0.75,,0.8081745195718484,False,"[0.01, 0.99]",0.0,-0.1269552115262651,stationary_gaussian_fgn_unknown_constant_mean_ml,-81.82791990524856,True,1.1233543173887417
fGn_0.75_n512_r50,fGn_0.75_n512,zero,0.75,,0.8095443345955444,False,"[0.01, 0.99]",0.0,0.0,stationary_gaussian_fgn_known_zero_mean,-81.68755338971687,True,1.1262493738443211
fGn_0.75_n512_r51,fGn_0.75_n512,unknown,0.75,,0.7065854416939535,False,"[0.01, 0.99]",0.0,-0.08931940325688541,stationary_gaussian_fgn_unknown_constant_mean_ml,-73.53421983193039,True,0.9996811502411521
fGn_0.75_n512_r51,fGn_0.75_n512,zero,0.75,,0.7085485697644608,False,"[0.01, 0.99]",0.0,0.0,stationary_gaussian_fgn_known_zero_mean,-73.22459707504845,True,1.0015947160819558
fGn_0.75_n512_r52,fGn_0.75_n512,unknown,0.75,,0.7472261702876197,False,"[0.01, 0.99]",0.0,-0.21415715334415344,stationary_gaussian_fgn_unknown_constant_mean_ml,-104.46827105130751,True,1.0082991501976877
fGn_0.75_n512_r52,fGn_0.75_n512,zero,0.75,,0.7533333818890733,False,"[0.01, 0.99]",0.0,0.0,stationary_gaussian_fgn_known_zero_mean,-103.44047285469605,True,1.0163302975922957
fGn_0.75_n512_r53,fGn_0.75_n512,unknown,0.75,,0.7373635318337372,False,"[0.01, 0.99]",0.0,0.19781046609985364,stationary_gaussian_fgn_unknown_constant_mean_ml,-115.23322938475371,True,0.9872939437177662
fGn_0.75_n512_r53,fGn_0.75_n512,zero,0.75,,0.7443061156690208,False,"[0.01, 0.99]",0.0,0.0,stationary_gaussian_fgn_known_zero_mean,-114.21443891942158,True,0.9955545777936496
fGn_0.75_n512_r54,fGn_0.75_n512,unknown,0.75,,0.7630966901730203,False,"[0.01, 0.99]",0.0,0.2737162780941796,stationary_gaussian_fgn_unknown_constant_mean_ml,-128.5045729653848,True,1.0034896854451645
fGn_0.75_n512_r54,fGn_0.75_n512,zero,0.75,,0.7704050248264132,False,"[0.01, 0.99]",0.0,0.0,stationary_gaussian_fgn_known_zero_mean,-127.11892235062442,True,1.014327590931661
fGn_0.75_n512_r55,fGn_0.75_n512,unknown,0.75,,0.759870539465187,False,"[0.01, 0.99]",0.0,-0.290142799499233,stationary_gaussian_fgn_unknown_constant_mean_ml,-108.11383207177153,True,1.0196034623283692
fGn_0.75_n512_r55,fGn_0.75_n512,zero,0.75,,0.7695317022602987,False,"[0.01, 0.99]",0.0,0.0,stationary_gaussian_fgn_known_zero_mean,-106.58826307868185,True,1.0336806942353534
fGn_0.75_n512_r56,fGn_0.75_n512,unknown,0.75,,0.7091662723338882,False,"[0.01, 0.99]",0.0,0.2619638537419351,stationary_gaussian_fgn_unknown_constant_mean_ml,-80.7853442416208,True,0.9947354812483886
fGn_0.75_n512_r56,fGn_0.75_n512,zero,0.75,,0.7234781685779058,False,"[0.01, 0.99]",0.0,0.0,stationary_gaussian_fgn_known_zero_mean,-78.41040328270265,True,1.009649380719463
fGn_0.75_n512_r57,fGn_0.75_n512,unknown,0.75,,0.7490801730587116,False,"[0.01, 0.99]",0.0,-0.18237988822079554,stationary_gaussian_fgn_unknown_constant_mean_ml,-136.21399219166733,True,0.9795454687829043
fGn_0.75_n512_r57,fGn_0.75_n512,zero,0.75,,0.7539702758711228,False,"[0.01, 0.99]",0.0,0.0,stationary_gaussian_fgn_known_zero_mean,-135.43653260325596,True,0.9857952757821128
fGn_0.75_n512_r58,fGn_0.75_n512,unknown,0.75,,0.7265689823960171,False,"[0.01, 0.99]",0.0,-0.06692122758131853,stationary_gaussian_fgn_unknown_constant_mean_ml,-157.18813405916399,True,0.9376016007784813
fGn_0.75_n512_r58,fGn_0.75_n512,zero,0.75,,0.7274358554319224,False,"[0.01, 0.99]",0.0,0.0,stationary_gaussian_fgn_known_zero_mean,-157.03221475501869,True,0.9385184448679511
fGn_0.75_n512_r59,fGn_0.75_n512,unknown,0.75,,0.7523861673636294,False,"[0.01, 0.99]",0.0,-0.224635534887228,stationary_gaussian_fgn_unknown_constant_mean_ml,-162.6031668713233,True,0.9582242533860194
fGn_0.75_n512_r59,fGn_0.75_n512,zero,0.75,,0.7599909162696099,False,"[0.01, 0.99]",0.0,0.0,stationary_gaussian_fgn_known_zero_mean,-161.45116702634186,True,0.9679967190034477
fGn_0.75_n512_r6,fGn_0.75_n512,unknown,0.75,,0.6991445589177612,False,"[0.01, 0.99]",0.0,0.05317196551947181,stationary_gaussian_fgn_unknown_constant_mean_ml,-176.19281188219202,True,0.8990154326901595
fGn_0.75_n512_r6,fGn_0.75_n512,zero,0.75,,0.6999042095654892,False,"[0.01, 0.99]",0.0,0.0,stationary_gaussian_fgn_known_zero_mean,-176.0421482787974,True,0.8996739518672539
fGn_0.75_n512_r60,fGn_0.75_n512,unknown,0.75,,0.6787875878751873,False,"[0.01, 0.99]",0.0,-0.023680995251079348,stationary_gaussian_fgn_unknown_constant_mean_ml,-103.8376500775421,True,0.951014215143204
fGn_0.75_n512_r60,fGn_0.75_n512,zero,0.75,,0.6788878247418976,False,"[0.01, 0.99]",0.0,0.0,stationary_gaussian_fgn_known_zero_mean,-103.80314451208119,True,0.9511084576031746
fGn_0.75_n512_r61,fGn_0.75_n512,unknown,0.75,,0.7507212759030831,False,"[0.01, 0.99]",0.0,-0.00899013733435212,stationary_gaussian_fgn_unknown_constant_mean_ml,-116.86120377494262,True,1.000089274332396
fGn_0.75_n512_r61,fGn_0.75_n512,zero,0.75,,0.7507264271928873,False,"[0.01, 0.99]",0.0,0.0,stationary_gaussian_fgn_known_zero_mean,-116.8593609660029,True,1.000096938817556
fGn_0.75_n512_r62,fGn_0.75_n512,unknown,0.75,,0.7813232506705511,False,"[0.01, 0.99]",0.0,0.17640335242431254,stationary_gaussian_fgn_unknown_constant_mean_ml,-109.46168303813101,True,1.0476008103768308
fGn_0.75_n512_r62,fGn_0.75_n512,zero,0.75,,0.784792087906375,False,"[0.01, 0.99]",0.0,0.0,stationary_gaussian_fgn_known_zero_mean,-109.03392414744962,True,1.053338732188994
fGn_0.75_n512_r63,fGn_0.75_n512,unknown,0.75,,0.769737686910303,False,"[0.01, 0.99]",0.0,-0.13431948205016034,stationary_gaussian_fgn_unknown_constant_mean_ml,-135.04498256411784,True,1.0056223362611403
fGn_0.75_n512_r63,fGn_0.75_n512,zero,0.75,,0.7723400423568463,False,"[0.01, 0.99]",0.0,0.0,stationary_gaussian_fgn_known_zero_mean,-134.7311071812785,True,1.0094102961999392
fGn_0.75_n512_r7,fGn_0.75_n512,unknown,0.75,,0.7782233286966557,False,"[0.01, 0.99]",0.0,0.09553926392376537,stationary_gaussian_fgn_unknown_constant_mean_ml,-70.06891560541067,True,1.0839112143908096
fGn_0.75_n512_r7,fGn_0.75_n512,zero,0.75,,0.779429856734833,False,"[0.01, 0.99]",0.0,0.0,stationary_gaussian_fgn_known_zero_mean,-69.94461246547735,True,1.08588578320809
fGn_0.75_n512_r8,fGn_0.75_n512,unknown,0.75,,0.7308580068230223,False,"[0.01, 0.99]",0.0,-0.03475476845286491,stationary_gaussian_fgn_unknown_constant_mean_ml,-140.4261854782917,True,0.9570255991265754
fGn_0.75_n512_r8,fGn_0.75_n512,zero,0.75,,0.7311482801687016,False,"[0.01, 0.99]",0.0,0.0,stationary_gaussian_fgn_known_zero_mean,-140.38779337902747,True,0.9573340882271758
fGn_0.75_n512_r9,fGn_0.75_n512,unknown,0.75,,0.7409707523420088,False,"[0.01, 0.99]",0.0,0.13154830195123982,stationary_gaussian_fgn_unknown_constant_mean_ml,-64.6240471876929,True,1.0412270929990863
fGn_0.75_n512_r9,fGn_0.75_n512,zero,0.75,,0.7436350803929977,False,"[0.01, 0.99]",0.0,0.0,stationary_gaussian_fgn_known_zero_mean,-64.22088444465157,True,1.044606699993499
fGn_0.85_n1024_r0,fGn_0.85_n1024,unknown,0.85,,0.8569449655615796,False,"[0.01, 0.99]",0.0,-0.03295724505344879,stationary_gaussian_fgn_unknown_constant_mean_ml,-591.633856084366,True,1.014563604901859
fGn_0.85_n1024_r0,fGn_0.85_n1024,zero,0.85,,0.856993473009183,False,"[0.01, 0.99]",0.0,0.0,stationary_gaussian_fgn_known_zero_mean,-591.6260547281136,True,1.0146998105981704
fGn_0.85_n1024_r1,fGn_0.85_n1024,unknown,0.85,,0.8681975549375675,False,"[0.01, 0.99]",0.0,-0.3312870699422444,stationary_gaussian_fgn_unknown_constant_mean_ml,-640.2580626923482,True,1.0228935176388907
fGn_0.85_n1024_r1,fGn_0.85_n1024,zero,0.85,,0.870976475848308,False,"[0.01, 0.99]",0.0,0.0,stationary_gaussian_fgn_known_zero_mean,-639.6132032038836,True,1.03188024013083
fGn_0.85_n1024_r10,fGn_0.85_n1024,unknown,0.85,,0.8297738045067474,False,"[0.01, 0.99]",0.0,-0.2649645903026168,stationary_gaussian_fgn_unknown_constant_mean_ml,-545.8748552946317,True,0.9723711855577292
fGn_0.85_n1024_r10,fGn_0.85_n1024,zero,0.85,,0.8324874474228426,False,"[0.01, 0.99]",0.0,0.0,stationary_gaussian_fgn_known_zero_mean,-545.0938871722401,True,0.9784064664240437
fGn_0.85_n1024_r11,fGn_0.85_n1024,unknown,0.85,,0.8574930640216533,False,"[0.01, 0.99]",0.0,0.3709801831501548,stationary_gaussian_fgn_unknown_constant_mean_ml,-597.4069443218655,True,1.0132033072958702
fGn_0.85_n1024_r11,fGn_0.85_n1024,zero,0.85,,0.861957759521636,False,"[0.01, 0.99]",0.0,0.0,stationary_gaussian_fgn_known_zero_mean,-596.464797474634,True,1.026235286054542
fGn_0.85_n1024_r12,fGn_0.85_n1024,unknown,0.85,,0.852325571673398,False,"[0.01, 0.99]",0.0,0.17544681687107463,stationary_gaussian_fgn_unknown_constant_mean_ml,-568.6256534823024,True,1.0136279261979841
fGn_0.85_n1024_r12,fGn_0.85_n1024,zero,0.85,,0.853275627594031,False,"[0.01, 0.99]",0.0,0.0,stationary_gaussian_fgn_known_zero_mean,-568.3915850724479,True,1.0162389829612195
fGn_0.85_n1024_r13,fGn_0.85_n1024,unknown,0.85,,0.825694623500096,False,"[0.01, 0.99]",0.0,-0.3292744657159934,stationary_gaussian_fgn_unknown_constant_mean_ml,-528.8474974443261,True,0.9722074809784126
fGn_0.85_n1024_r13,fGn_0.85_n1024,zero,0.85,,0.8305503206848129,False,"[0.01, 0.99]",0.0,0.0,stationary_gaussian_fgn_known_zero_mean,-527.5942849664498,True,0.982707550912193
fGn_0.85_n1024_r14,fGn_0.85_n1024,unknown,0.85,,0.8930477811751469,False,"[0.01, 0.99]",0.0,0.7417260263142964,stationary_gaussian_fgn_unknown_constant_mean_ml,-634.884613572036,True,1.1162804999960434
fGn_0.85_n1024_r14,fGn_0.85_n1024,zero,0.85,,0.9013167368785203,False,"[0.01, 0.99]",0.0,0.0,stationary_gaussian_fgn_known_zero_mean,-633.0871150680496,True,1.1556115617105387
fGn_0.85_n1024_r15,fGn_0.85_n1024,unknown,0.85,,0.8438215720722915,False,"[0.01, 0.99]",0.0,-0.060636086002655874,stationary_gaussian_fgn_unknown_constant_mean_ml,-508.6828216919994,True,1.0219516055278968
fGn_0.85_n1024_r15,fGn_0.85_n1024,zero,0.85,,0.8439878009507493,False,"[0.01, 0.99]",0.0,0.0,stationary_gaussian_fgn_known_zero_mean,-508.651623234261,True,1.022373099756743
fGn_0.85_n1024_r16,fGn_0.85_n1024,unknown,0.85,,0.8867015251270693,False,"[0.01, 0.99]",0.0,0.2863745845363147,stationary_gaussian_fgn_unknown_constant_mean_ml,-691.9388134429887,True,1.0600586258174514
fGn_0.85_n1024_r16,fGn_0.85_n1024,zero,0.85,,0.8883312733855553,False,"[0.01, 0.99]",0.0,0.0,stationary_gaussian_fgn_known_zero_mean,-691.5885936991917,True,1.0665753791543566
fGn_0.85_n1024_r17,fGn_0.85_n1024,unknown,0.85,,0.8724529379420833,False,"[0.01, 0.99]",0.0,-0.48716609832114827,stationary_gaussian_fgn_unknown_constant_mean_ml,-660.6305952062053,True,1.0260288848953674
fGn_0.85_n1024_r17,fGn_0.85_n1024,zero,0.85,,0.8781750851736174,False,"[0.01, 0.99]",0.0,0.0,stationary_gaussian_fgn_known_zero_mean,-659.362545121106,True,1.0457221897081217
fGn_0.85_n1024_r18,fGn_0.85_n1024,unknown,0.85,,0.8666492035743417,False,"[0.01, 0.99]",0.0,-0.33894652250797885,stationary_gaussian_fgn_unknown_constant_mean_ml,-565.5780736697052,True,1.0560133756885135
fGn_0.85_n1024_r18,fGn_0.85_n1024,zero,0.85,,0.8689105802115994,False,"[0.01, 0.99]",0.0,0.0,stationary_gaussian_fgn_known_zero_mean,-564.9255981598735,True,1.063494760416445
fGn_0.85_n1024_r19,fGn_0.85_n1024,unknown,0.85,,0.8589128478766354,False,"[0.01, 0.99]",0.0,0.03330581472685378,stationary_gaussian_fgn_unknown_constant_mean_ml,-604.4587562760876,True,1.0136275404316721
fGn_0.85_n1024_r19,fGn_0.85_n1024,zero,0.85,,0.8589349139858214,False,"[0.01, 0.99]",0.0,0.0,stationary_gaussian_fgn_known_zero_mean,-604.4509856501663,True,1.0136926388171734
fGn_0.85_n1024_r2,fGn_0.85_n1024,unknown,0.85,,0.8783801378864773,False,"[0.01, 0.99]",0.0,0.2534715853454824,stationary_gaussian_fgn_unknown_constant_mean_ml,-568.3826777694271,True,1.0939673083964119
fGn_0.85_n1024_r2,fGn_0.85_n1024,zero,0.85,,0.8797152446556228,False,"[0.01, 0.99]",0.0,0.0,stationary_gaussian_fgn_known_zero_mean,-568.0920274537957,True,1.0990117606884904
fGn_0.85_n1024_r20,fGn_0.85_n1024,unknown,0.85,,0.8361991391210923,False,"[0.01, 0.99]",0.0,-0.20721519500553903,stationary_gaussian_fgn_unknown_constant_mean_ml,-592.9524888617993,True,0.9636406478111661
fGn_0.85_n1024_r20,fGn_0.85_n1024,zero,0.85,,0.8381948479757044,False,"[0.01, 0.99]",0.0,0.0,stationary_gaussian_fgn_known_zero_mean,-592.5061210632302,True,0.9681948823370965
fGn_0.85_n1024_r21,fGn_0.85_n1024,unknown,0.85,,0.8670646884383753,False,"[0.01, 0.99]",0.0,-0.036242723904446356,stationary_gaussian_fgn_unknown_constant_mean_ml,-658.5409027243386,True,1.0103898310943922
fGn_0.85_n1024_r21,fGn_0.85_n1024,zero,0.85,,0.867097800465508,False,"[0.01, 0.99]",0.0,0.0,stationary_gaussian_fgn_known_zero_mean,-658.5326358187544,True,1.0104929634549122
fGn_0.85_n1024_r22,fGn_0.85_n1024,unknown,0.85,,0.8949376662974649,False,"[0.01, 0.99]",0.0,-0.2151932368067388,stationary_gaussian_fgn_unknown_constant_mean_ml,-600.979452270084,True,1.1433772238105298
fGn_0.85_n1024_r22,fGn_0.85_n1024,zero,0.85,,0.8955512576470839,False,"[0.01, 0.99]",0.0,0.0,stationary_gaussian_fgn_known_zero_mean,-600.8258941100353,True,1.146264332195574
fGn_0.85_n1024_r23,fGn_0.85_n1024,unknown,0.85,,0.8491563530342634,False,"[0.01, 0.99]",0.0,0.7971986735027736,stationary_gaussian_fgn_unknown_constant_mean_ml,-621.354707788465,True,0.9799443692288075
fGn_0.85_n1024_r23,fGn_0.85_n1024,zero,0.85,,0.8670028664384665,False,"[0.01, 0.99]",0.0,0.0,stationary_gaussian_fgn_known_zero_mean,-616.809371757784,True,1.0310008288324437
fGn_0.85_n1024_r24,fGn_0.85_n1024,unknown,0.85,,0.821466194939498,False,"[0.01, 0.99]",0.0,-0.22825867299809768,stationary_gaussian_fgn_unknown_constant_mean_ml,-523.8029980868769,True,0.9663617006968769
fGn_0.85_n1024_r24,fGn_0.85_n1024,zero,0.85,,0.8237408386672131,False,"[0.01, 0.99]",0.0,0.0,stationary_gaussian_fgn_known_zero_mean,-523.1418778996463,True,0.9710650146312172
fGn_0.85_n1024_r25,fGn_0.85_n1024,unknown,0.85,,0.8094651738795623,False,"[0.01, 0.99]",0.0,-0.5099633812656557,stationary_gaussian_fgn_unknown_constant_mean_ml,-601.0526380024544,True,0.9098231110552597
fGn_0.85_n1024_r25,fGn_0.85_n1024,zero,0.85,,0.8230535629504194,False,"[0.01, 0.99]",0.0,0.0,stationary_gaussian_fgn_known_zero_mean,-597.0899486933299,True,0.9353375963109629
fGn_0.85_n1024_r26,fGn_0.85_n1024,unknown,0.85,,0.8564355622142532,False,"[0.01, 0.99]",0.0,-0.32824501821762286,stationary_gaussian_fgn_unknown_constant_mean_ml,-560.6360869823861,True,1.0286301927110177
fGn_0.85_n1024_r26,fGn_0.85_n1024,zero,0.85,,0.8594962575611967,False,"[0.01, 0.99]",0.0,0.0,stationary_gaussian_fgn_known_zero_mean,-559.8986269725033,True,1.037584327904697
fGn_0.85_n1024_r27,fGn_0.85_n1024,unknown,0.85,,0.8655236457293851,False,"[0.01, 0.99]",0.0,-0.12754846760739247,stationary_gaussian_fgn_unknown_constant_mean_ml,-634.8321377167508,True,1.0175371746584105
fGn_0.85_n1024_r27,fGn_0.85_n1024,zero,0.85,,0.8660281520939828,False,"[0.01, 0.99]",0.0,0.0,stationary_gaussian_fgn_known_zero_mean,-634.7295770994506,True,1.0190899728382878
fGn_0.85_n1024_r28,fGn_0.85_n1024,unknown,0.85,,0.8280585465779047,False,"[0.01, 0.99]",0.0,0.35811240812903333,stationary_gaussian_fgn_unknown_constant_mean_ml,-609.6310518488699,True,0.9391775165434061
fGn_0.85_n1024_r28,fGn_0.85_n1024,zero,0.85,,0.8344066659793993,False,"[0.01, 0.99]",0.0,0.0,stationary_gaussian_fgn_known_zero_mean,-608.1183104606262,True,0.9527375319318172
fGn_0.85_n1024_r29,fGn_0.85_n1024,unknown,0.85,,0.8428489457027704,False,"[0.01, 0.99]",0.0,-0.32623165468329507,stationary_gaussian_fgn_unknown_constant_mean_ml,-531.3159239373626,True,1.0083857970260237
fGn_0.85_n1024_r29,fGn_0.85_n1024,zero,0.85,,0.8468583590788955,False,"[0.01, 0.99]",0.0,0.0,stationary_gaussian_fgn_known_zero_mean,-530.4158859540557,True,1.0186214742709145
fGn_0.85_n1024_r3,fGn_0.85_n1024,unknown,0.85,,0.807283347443359,False,"[0.01, 0.99]",0.0,0.3565240104821261,stationary_gaussian_fgn_unknown_constant_mean_ml,-633.6086769884391,True,0.892012341462851
fGn_0.85_n1024_r3,fGn_0.85_n1024,zero,0.85,,0.8150123564448342,False,"[0.01, 0.99]",0.0,0.0,stationary_gaussian_fgn_known_zero_mean,-631.4003408092606,True,0.9055942123179078
fGn_0.85_n1024_r30,fGn_0.85_n1024,unknown,0.85,,0.8728552294055143,False,"[0.01, 0.99]",0.0,0.5740555135101802,stationary_gaussian_fgn_unknown_constant_mean_ml,-508.48434988184135,True,1.1065472237984502
fGn_0.85_n1024_r30,fGn_0.85_n1024,zero,0.85,,0.8797136963129669,False,"[0.01, 0.99]",0.0,0.0,stationary_gaussian_fgn_known_zero_mean,-506.99841270090656,True,1.1322842318382789
fGn_0.85_n1024_r31,fGn_0.85_n1024,unknown,0.85,,0.8464430937398555,False,"[0.01, 0.99]",0.0,0.1111957149460017,stationary_gaussian_fgn_unknown_constant_mean_ml,-634.6764687111831,True,0.9670792815867192
fGn_0.85_n1024_r31,fGn_0.85_n1024,zero,0.85,,0.8469616753598596,False,"[0.01, 0.99]",0.0,0.0,stationary_gaussian_fgn_known_zero_mean,-634.5639166851402,True,0.9683614916719762
fGn_0.85_n1024_r32,fGn_0.85_n1024,unknown,0.85,,0.8524633004816871,False,"[0.01, 0.99]",0.0,-0.22545237887391698,stationary_gaussian_fgn_unknown_constant_mean_ml,-592.7173494571498,True,1.002129706740804
fGn_0.85_n1024_r32,fGn_0.85_n1024,zero,0.85,,0.8538216513231262,False,"[0.01, 0.99]",0.0,0.0,stationary_gaussian_fgn_known_zero_mean,-592.3232600744795,True,1.0058628526328117
fGn_0.85_n1024_r33,fGn_0.85_n1024,unknown,0.85,,0.8658319948045724,False,"[0.01, 0.99]",0.0,0.15963314895881223,stationary_gaussian_fgn_unknown_constant_mean_ml,-561.7783294165647,True,1.0554386897088575
fGn_0.85_n1024_r33,fGn_0.85_n1024,zero,0.85,,0.8665026130801783,False,"[0.01, 0.99]",0.0,0.0,stationary_gaussian_fgn_known_zero_mean,-561.6298147837897,True,1.0575943555173102
fGn_0.85_n1024_r34,fGn_0.85_n1024,unknown,0.85,,0.8245533911089757,False,"[0.01, 0.99]",0.0,-0.3055228009368777,stationary_gaussian_fgn_unknown_constant_mean_ml,-572.7734784895238,True,0.9493704575892927
fGn_0.85_n1024_r34,fGn_0.85_n1024,zero,0.85,,0.829013885564457,False,"[0.01, 0.99]",0.0,0.0,stationary_gaussian_fgn_known_zero_mean,-571.6200122795626,True,0.9586868202495852
fGn_0.85_n1024_r35,fGn_0.85_n1024,unknown,0.85,,0.8429766429107173,False,"[0.01, 0.99]",0.0,-0.543470686724178,stationary_gaussian_fgn_unknown_constant_mean_ml,-587.1321002953223,True,0.9815711813101985
fGn_0.85_n1024_r35,fGn_0.85_n1024,zero,0.85,,0.8536535324726623,False,"[0.01, 0.99]",0.0,0.0,stationary_gaussian_fgn_known_zero_mean,-584.6621799485483,True,1.0091896967542622
fGn_0.85_n1024_r36,fGn_0.85_n1024,unknown,0.85,,0.8464259619314829,False,"[0.01, 0.99]",0.0,0.39488669448442903,stationary_gaussian_fgn_unknown_constant_mean_ml,-669.605514663112,True,0.9506856154551174
fGn_0.85_n1024_r36,fGn_0.85_n1024,zero,0.85,,0.8524864774607022,False,"[0.01, 0.99]",0.0,0.0,stationary_gaussian_fgn_known_zero_mean,-668.2157933999815,True,0.9659171268892395
fGn_0.85_n1024_r37,fGn_0.85_n1024,unknown,0.85,,0.8288666102589772,False,"[0.01, 0.99]",0.0,-0.02122847206065727,stationary_gaussian_fgn_unknown_constant_mean_ml,-582.0928992163572,True,0.9535018757030356
fGn_0.85_n1024_r37,fGn_0.85_n1024,zero,0.85,,0.8288494843295713,False,"[0.01, 0.99]",0.0,0.0,stationary_gaussian_fgn_known_zero_mean,-582.0874841462555,True,0.9534701213488099
fGn_0.85_n1024_r38,fGn_0.85_n1024,unknown,0.85,,0.8530409684371602,False,"[0.01, 0.99]",0.0,-0.24375919874739993,stationary_gaussian_fgn_unknown_constant_mean_ml,-517.5477299512158,True,1.041149567280678
fGn_0.85_n1024_r38,fGn_0.85_n1024,zero,0.85,,0.8546605175621034,False,"[0.01, 0.99]",0.0,0.0,stationary_gaussian_fgn_known_zero_mean,-517.1259832608594,True,1.0457795894539812
fGn_0.85_n1024_r39,fGn_0.85_n1024,unknown,0.85,,0.8461202064599741,False,"[0.01, 0.99]",0.0,0.23367886645928967,stationary_gaussian_fgn_unknown_constant_mean_ml,-604.6301560121578,True,0.9805991164423521
fGn_0.85_n1024_r39,fGn_0.85_n1024,zero,0.85,,0.8479108040694898,False,"[0.01, 0.99]",0.0,0.0,stationary_gaussian_fgn_known_zero_mean,-604.1497066068991,True,0.9851519394093772
fGn_0.85_n1024_r4,fGn_0.85_n1024,unknown,0.85,,0.8519975036872489,False,"[0.01, 0.99]",0.0,-0.5431900250951653,stationary_gaussian_fgn_unknown_constant_mean_ml,-570.3499530750137,True,1.0119204823274335
fGn_0.85_n1024_r4,fGn_0.85_n1024,zero,0.85,,0.8603015052224919,False,"[0.01, 0.99]",0.0,0.0,stationary_gaussian_fgn_known_zero_mean,-568.2578923495498,True,1.0356601158885355
fGn_0.85_n1024_r40,fGn_0.85_n1024,unknown,0.85,,0.8508210607015154,False,"[0.01, 0.99]",0.0,-0.0885163494281239,stationary_gaussian_fgn_unknown_constant_mean_ml,-641.8765987459146,True,0.9742562281523075
fGn_0.85_n1024_r40,fGn_0.85_n1024,zero,0.85,,0.8511911933142409,False,"[0.01, 0.99]",0.0,0.0,stationary_gaussian_fgn_known_zero_mean,-641.8104180347209,True,0.9752061474684016
fGn_0.85_n1024_r41,fGn_0.85_n1024,unknown,0.85,,0.8771225269013877,False,"[0.01, 0.99]",0.0,0.013004094037202096,stationary_gaussian_fgn_unknown_constant_mean_ml,-551.3594848461867,True,1.0985368420610262
fGn_0.85_n1024_r41,fGn_0.85_n1024,zero,0.85,,0.8771182161495333,False,"[0.01, 0.99]",0.0,0.0,stationary_gaussian_fgn_known_zero_mean,-551.3587019052597,True,1.0985217601052015
fGn_0.85_n1024_r42,fGn_0.85_n1024,unknown,0.85,,0.8471629666099719,False,"[0.01, 0.99]",0.0,-0.2858664831986009,stationary_gaussian_fgn_unknown_constant_mean_ml,-692.5199580893118,True,0.9418077483595885
fGn_0.85_n1024_r42,fGn_0.85_n1024,zero,0.85,,0.8508649962305828,False,"[0.01, 0.99]",0.0,0.0,stationary_gaussian_fgn_known_zero_mean,-691.7694184627449,True,0.950914628239262
fGn_0.85_n1024_r43,fGn_0.85_n1024,unknown,0.85,,0.824189135443501,False,"[0.01, 0.99]",0.0,-0.10193689330634693,stationary_gaussian_fgn_unknown_constant_mean_ml,-645.8668537621788,True,0.9154103904770762
fGn_0.85_n1024_r43,fGn_0.85_n1024,zero,0.85,,0.8248236022496198,False,"[0.01, 0.99]",0.0,0.0,stationary_gaussian_fgn_known_zero_mean,-645.7231997043118,True,0.916651067290845
fGn_0.85_n1024_r44,fGn_0.85_n1024,unknown,0.85,,0.886526535447495,False,"[0.01, 0.99]",0.0,0.08883323389224775,stationary_gaussian_fgn_unknown_constant_mean_ml,-563.3520697126287,True,1.1280351457853368
fGn_0.85_n1024_r44,fGn_0.85_n1024,zero,0.85,,0.886663359171639,False,"[0.01, 0.99]",0.0,0.0,stationary_gaussian_fgn_known_zero_mean,-563.3217219908643,True,1.1286105541625275
fGn_0.85_n1024_r45,fGn_0.85_n1024,unknown,0.85,,0.8641384271143648,False,"[0.01, 0.99]",0.0,-0.7268186550947026,stationary_gaussian_fgn_unknown_constant_mean_ml,-522.2297006754734,True,1.0707445769136272
fGn_0.85_n1024_r45,fGn_0.85_n1024,zero,0.85,,0.8758873323751244,False,"[0.01, 0.99]",0.0,0.0,stationary_gaussian_fgn_known_zero_mean,-519.4919176671297,True,1.1112899246034587
fGn_0.85_n1024_r46,fGn_0.85_n1024,unknown,0.85,,0.8646824531585799,False,"[0.01, 0.99]",0.0,0.6865209320712256,stationary_gaussian_fgn_unknown_constant_mean_ml,-661.8267665692547,True,1.001762686898476
fGn_0.85_n1024_r46,fGn_0.85_n1024,zero,0.85,,0.8754909356759487,False,"[0.01, 0.99]",0.0,0.0,stationary_gaussian_fgn_known_zero_mean,-659.0366510895255,True,1.0367653424623553
fGn_0.85_n1024_r47,fGn_0.85_n1024,unknown,0.85,,0.8643224338390734,False,"[0.01, 0.99]",0.0,0.4138067839284165,stationary_gaussian_fgn_unknown_constant_mean_ml,-593.7340402931131,True,1.03455354580182
fGn_0.85_n1024_r47,fGn_0.85_n1024,zero,0.85,,0.8686576958822612,False,"[0.01, 0.99]",0.0,0.0,stationary_gaussian_fgn_known_zero_mean,-592.7117537289755,True,1.0483648896322715
fGn_0.85_n1024_r48,fGn_0.85_n1024,unknown,0.85,,0.8598820218941093,False,"[0.01, 0.99]",0.0,-0.13087504555381452,stationary_gaussian_fgn_unknown_constant_mean_ml,-613.4997841044069,True,1.0118565672094446
fGn_0.85_n1024_r48,fGn_0.85_n1024,zero,0.85,,0.8604527132172085,False,"[0.01, 0.99]",0.0,0.0,stationary_gaussian_fgn_known_zero_mean,-613.3816909069342,True,1.0135162177611803
fGn_0.85_n1024_r49,fGn_0.85_n1024,unknown,0.85,,0.8798750403785199,False,"[0.01, 0.99]",0.0,-0.060075383647059125,stationary_gaussian_fgn_unknown_constant_mean_ml,-574.6594360058893,True,1.0960824856259115
fGn_0.85_n1024_r49,fGn_0.85_n1024,zero,0.85,,0.879958209793856,False,"[0.01, 0.99]",0.0,0.0,stationary_gaussian_fgn_known_zero_mean,-574.6432965669137,True,1.096398370741436
fGn_0.85_n1024_r5,fGn_0.85_n1024,unknown,0.85,,0.8172701815180917,False,"[0.01, 0.99]",0.0,-0.1970219805737029,stationary_gaussian_fgn_unknown_constant_mean_ml,-611.1575183636455,True,0.9185007124788681
fGn_0.85_n1024_r5,fGn_0.85_n1024,zero,0.85,,0.8194228245911768,False,"[0.01, 0.99]",0.0,0.0,stationary_gaussian_fgn_known_zero_mean,-610.5779996025044,True,0.922574111487686
fGn_0.85_n1024_r50,fGn_0.85_n1024,unknown,0.85,,0.8382931390903507,False,"[0.01, 0.99]",0.0,-0.05891193176454926,stationary_gaussian_fgn_unknown_constant_mean_ml,-625.8133709969666,True,0.9527890977586925
fGn_0.85_n1024_r50,fGn_0.85_n1024,zero,0.85,,0.8383709032257816,False,"[0.01, 0.99]",0.0,0.0,stationary_gaussian_fgn_known_zero_mean,-625.776737077193,True,0.9529747559889556
fGn_0.85_n1024_r51,fGn_0.85_n1024,unknown,0.85,,0.8851047563241184,False,"[0.01, 0.99]",0.0,0.2537467078631427,stationary_gaussian_fgn_unknown_constant_mean_ml,-634.5250166140363,True,1.0839621308501133
fGn_0.85_n1024_r51,fGn_0.85_n1024,zero,0.85,,0.8863235751250148,False,"[0.01, 0.99]",0.0,0.0,stationary_gaussian_fgn_known_zero_mean,-634.2547349731867,True,1.0888517881344788
fGn_0.85_n1024_r52,fGn_0.85_n1024,unknown,0.85,,0.8554449607679744,False,"[0.01, 0.99]",0.0,-0.18255641360677177,stationary_gaussian_fgn_unknown_constant_mean_ml,-579.4103118940479,True,1.0165581501753753
fGn_0.85_n1024_r52,fGn_0.85_n1024,zero,0.85,,0.8564594895177741,False,"[0.01, 0.99]",0.0,0.0,stationary_gaussian_fgn_known_zero_mean,-579.1692100788919,True,1.0194289912487764
fGn_0.85_n1024_r53,fGn_0.85_n1024,unknown,0.85,,0.8585462311778594,False,"[0.01, 0.99]",0.0,0.4874468618517773,stationary_gaussian_fgn_unknown_constant_mean_ml,-562.684542504478,True,1.0334791775105774
fGn_0.85_n1024_r53,fGn_0.85_n1024,zero,0.85,,0.8643044217159259,False,"[0.01, 0.99]",0.0,0.0,stationary_gaussian_fgn_known_zero_mean,-561.1610885018217,True,1.0510848517180904
fGn_0.85_n1024_r54,fGn_0.85_n1024,unknown,0.85,,0.8631525152405735,False,"[0.01, 0.99]",0.0,0.1836154294957556,stationary_gaussian_fgn_unknown_constant_mean_ml,-558.3462548805337,True,1.0490612675136146
fGn_0.85_n1024_r54,fGn_0.85_n1024,zero,0.85,,0.8641200439444097,False,"[0.01, 0.99]",0.0,0.0,stationary_gaussian_fgn_known_zero_mean,-558.1404293592786,True,1.0520775684773647
fGn_0.85_n1024_r55,fGn_0.85_n1024,unknown,0.85,,0.8479336437088949,False,"[0.01, 0.99]",0.0,0.5987952395328906,stationary_gaussian_fgn_unknown_constant_mean_ml,-527.3430996224647,True,1.0228577010533613
fGn_0.85_n1024_r55,fGn_0.85_n1024,zero,0.85,,0.8573039900544536,False,"[0.01, 0.99]",0.0,0.0,stationary_gaussian_fgn_known_zero_mean,-524.7309557542785,True,1.0492680092828937
fGn_0.85_n1024_r56,fGn_0.85_n1024,unknown,0.85,,0.8628515083700862,False,"[0.01, 0.99]",0.0,0.3236763978935194,stationary_gaussian_fgn_unknown_constant_mean_ml,-715.5992277227092,True,0.9706933341752318
fGn_0.85_n1024_r56,fGn_0.85_n1024,zero,0.85,,0.86619970243742,False,"[0.01, 0.99]",0.0,0.0,stationary_gaussian_fgn_known_zero_mean,-714.8671884384212,True,0.9804765805947921
fGn_0.85_n1024_r57,fGn_0.85_n1024,unknown,0.85,,0.8333406603289227,False,"[0.01, 0.99]",0.0,-0.22886811493520368,stationary_gaussian_fgn_unknown_constant_mean_ml,-597.1134267649973,True,0.9556372229098336
fGn_0.85_n1024_r57,fGn_0.85_n1024,zero,0.85,,0.8351805181972056,False,"[0.01, 0.99]",0.0,0.0,stationary_gaussian_fgn_known_zero_mean,-596.5336098679318,True,0.9597800580126151
fGn_0.85_n1024_r58,fGn_0.85_n1024,unknown,0.85,,0.8586907993507843,False,"[0.01, 0.99]",0.0,0.3574037044349228,stationary_gaussian_fgn_unknown_constant_mean_ml,-556.8063682301877,True,1.0368589632959115
fGn_0.85_n1024_r58,fGn_0.85_n1024,zero,0.85,,0.8622004677531779,False,"[0.01, 0.99]",0.0,0.0,stationary_gaussian_fgn_known_zero_mean,-555.9787765885912,True,1.0474413315985562
fGn_0.85_n1024_r59,fGn_0.85_n1024,unknown,0.85,,0.854180870231304,False,"[0.01, 0.99]",0.0,0.10207734598571519,stationary_gaussian_fgn_unknown_constant_mean_ml,-601.6531927789752,True,1.00223237164804
fGn_0.85_n1024_r59,fGn_0.85_n1024,zero,0.85,,0.854474482371908,False,"[0.01, 0.99]",0.0,0.0,stationary_gaussian_fgn_known_zero_mean,-601.5736524820018,True,1.0030437940397106
fGn_0.85_n1024_r6,fGn_0.85_n1024,unknown,0.85,,0.8209522243676284,False,"[0.01, 0.99]",0.0,0.19929481251478065,stationary_gaussian_fgn_unknown_constant_mean_ml,-561.2860823554652,True,0.947875810077077
fGn_0.85_n1024_r6,fGn_0.85_n1024,zero,0.85,,0.8230493300091095,False,"[0.01, 0.99]",0.0,0.0,stationary_gaussian_fgn_known_zero_mean,-560.7566993891751,True,0.9520712824504786
fGn_0.85_n1024_r60,fGn_0.85_n1024,unknown,0.85,,0.8204539212628122,False,"[0.01, 0.99]",0.0,0.5890431134436108,stationary_gaussian_fgn_unknown_constant_mean_ml,-497.63525407099905,True,0.9768425825699694
fGn_0.85_n1024_r60,fGn_0.85_n1024,zero,0.85,,0.8350501766854111,False,"[0.01, 0.99]",0.0,0.0,stationary_gaussian_fgn_known_zero_mean,-493.7643857116109,True,1.00887986002345
fGn_0.85_n1024_r61,fGn_0.85_n1024,unknown,0.85,,0.8684385817826731,False,"[0.01, 0.99]",0.0,0.05523854662779553,stationary_gaussian_fgn_unknown_constant_mean_ml,-585.6954522199103,True,1.0512706247023138
fGn_0.85_n1024_r61,fGn_0.85_n1024,zero,0.85,,0.8684546093872643,False,"[0.01, 0.99]",0.0,0.0,stationary_gaussian_fgn_known_zero_mean,-585.6780445958866,True,1.0513301162860769
fGn_0.85_n1024_r62,fGn_0.85_n1024,unknown,0.85,,0.8525320103409165,False,"[0.01, 0.99]",0.0,0.49807631287807874,stationary_gaussian_fgn_unknown_constant_mean_ml,-593.1738827401214,True,1.002083994623682
fGn_0.85_n1024_r62,fGn_0.85_n1024,zero,0.85,,0.8597354586912181,False,"[0.01, 0.99]",0.0,0.0,stationary_gaussian_fgn_known_zero_mean,-591.3609426431017,True,1.0224401791493336
fGn_0.85_n1024_r63,fGn_0.85_n1024,unknown,0.85,,0.8207930574287278,False,"[0.01, 0.99]",0.0,-0.3354198853351751,stationary_gaussian_fgn_unknown_constant_mean_ml,-534.9044510117815,True,0.9598648444770076
fGn_0.85_n1024_r63,fGn_0.85_n1024,zero,0.85,,0.8271648814673399,False,"[0.01, 0.99]",0.0,0.0,stationary_gaussian_fgn_known_zero_mean,-533.502953736499,True,0.9729377549344966
fGn_0.85_n1024_r7,fGn_0.85_n1024,unknown,0.85,,0.827624386958665,False,"[0.01, 0.99]",0.0,0.4600332733395359,stationary_gaussian_fgn_unknown_constant_mean_ml,-606.5906541627924,True,0.939723334754407
fGn_0.85_n1024_r7,fGn_0.85_n1024,zero,0.85,,0.8370496694481361,False,"[0.01, 0.99]",0.0,0.0,stationary_gaussian_fgn_known_zero_mean,-604.1391959312364,True,0.960220805971404
fGn_0.85_n1024_r8,fGn_0.85_n1024,unknown,0.85,,0.8377172468424138,False,"[0.01, 0.99]",0.0,0.04053501989109318,stationary_gaussian_fgn_unknown_constant_mean_ml,-583.2292246672578,True,0.9715375105769439
fGn_0.85_n1024_r8,fGn_0.85_n1024,zero,0.85,,0.8377921475487533,False,"[0.01, 0.99]",0.0,0.0,stationary_gaussian_fgn_known_zero_mean,-583.2124151609082,True,0.97171026014999
fGn_0.85_n1024_r9,fGn_0.85_n1024,unknown,0.85,,0.8281590422507707,False,"[0.01, 0.99]",0.0,0.33724764567522375,stationary_gaussian_fgn_unknown_constant_mean_ml,-652.2505187883262,True,0.9200277597500244
fGn_0.85_n1024_r9,fGn_0.85_n1024,zero,0.85,,0.8322608894244388,False,"[0.01, 0.99]",0.0,0.0,stationary_gaussian_fgn_known_zero_mean,-650.8163864904009,True,0.9287253044745076
fGn_0.85_n256_r0,fGn_0.85_n256,unknown,0.85,,0.8507060303033,False,"[0.01, 0.99]",0.0,-0.1723462235166266,stationary_gaussian_fgn_unknown_constant_mean_ml,-158.60651529420028,True,0.9758047292193163
fGn_0.85_n256_r0,fGn_0.85_n256,zero,0.85,,0.8527856551559674,False,"[0.01, 0.99]",0.0,0.0,stationary_gaussian_fgn_known_zero_mean,-158.4433869226666,True,0.981305919510891
fGn_0.85_n256_r1,fGn_0.85_n256,unknown,0.85,,0.8053081675520513,False,"[0.01, 0.99]",0.0,-0.22958013384493442,stationary_gaussian_fgn_unknown_constant_mean_ml,-183.12393312895784,True,0.8459766900916975
fGn_0.85_n256_r1,fGn_0.85_n256,zero,0.85,,0.8129966916264187,False,"[0.01, 0.99]",0.0,0.0,stationary_gaussian_fgn_known_zero_mean,-182.50868282428593,True,0.8586451586060361
fGn_0.85_n256_r10,fGn_0.85_n256,unknown,0.85,,0.790278694963423,False,"[0.01, 0.99]",0.0,0.1283684360888041,stationary_gaussian_fgn_unknown_constant_mean_ml,-165.1629272022127,True,0.8550406261804521
fGn_0.85_n256_r10,fGn_0.85_n256,zero,0.85,,0.793199150296899,False,"[0.01, 0.99]",0.0,0.0,stationary_gaussian_fgn_known_zero_mean,-164.93320669562075,True,0.8593029609374019
fGn_0.85_n256_r11,fGn_0.85_n256,unknown,0.85,,0.8164450245529782,False,"[0.01, 0.99]",0.0,0.5634858428349834,stationary_gaussian_fgn_unknown_constant_mean_ml,-151.77898127860703,True,0.9176189960173199
fGn_0.85_n256_r11,fGn_0.85_n256,zero,0.85,,0.8462247911168745,False,"[0.01, 0.99]",0.0,0.0,stationary_gaussian_fgn_known_zero_mean,-149.44447671015462,True,0.982463389812361
fGn_0.85_n256_r12,fGn_0.85_n256,unknown,0.85,,0.8580172310314869,False,"[0.01, 0.99]",0.0,-0.40085690275707553,stationary_gaussian_fgn_unknown_constant_mean_ml,-109.22359512143129,True,1.0953336381659404
fGn_0.85_n256_r12,fGn_0.85_n256,zero,0.85,,0.8677897505510571,False,"[0.01, 0.99]",0.0,0.0,stationary_gaussian_fgn_known_zero_mean,-108.6191677500824,True,1.1273935931022483
fGn_0.85_n256_r13,fGn_0.85_n256,unknown,0.85,,0.8316055446088282,False,"[0.01, 0.99]",0.0,-0.3992548331586206,stationary_gaussian_fgn_unknown_constant_mean_ml,-166.68670254698156,True,0.9188234781360588
fGn_0.85_n256_r13,fGn_0.85_n256,zero,0.85,,0.8472669222819561,False,"[0.01, 0.99]",0.0,0.0,stationary_gaussian_fgn_known_zero_mean,-165.59051263566113,True,0.9543859387036899
fGn_0.85_n256_r14,fGn_0.85_n256,unknown,0.85,,0.8233346595607072,False,"[0.01, 0.99]",0.0,-0.303802166761589,stationary_gaussian_fgn_unknown_constant_mean_ml,-190.50330060170802,True,0.8622141919732289
fGn_0.85_n256_r14,fGn_0.85_n256,zero,0.85,,0.835495790082299,False,"[0.01, 0.99]",0.0,0.0,stationary_gaussian_fgn_known_zero_mean,-189.695069785045,True,0.8859035986000043
fGn_0.85_n256_r15,fGn_0.85_n256,unknown,0.85,,0.804549040053486,False,"[0.01, 0.99]",0.0,-0.13674899524518222,stationary_gaussian_fgn_unknown_constant_mean_ml,-137.19748986740262,True,0.9241624312543038
fGn_0.85_n256_r15,fGn_0.85_n256,zero,0.85,,0.8068054554780881,False,"[0.01, 0.99]",0.0,0.0,stationary_gaussian_fgn_known_zero_mean,-137.0056873039731,True,0.9281206571236807
fGn_0.85_n256_r16,fGn_0.85_n256,unknown,0.85,,0.8367886094694837,False,"[0.01, 0.99]",0.0,0.1031959660751888,stationary_gaussian_fgn_unknown_constant_mean_ml,-138.0704304755692,True,0.9827053314904388
fGn_0.85_n256_r16,fGn_0.85_n256,zero,0.85,,0.8379455026434607,False,"[0.01, 0.99]",0.0,0.0,stationary_gaussian_fgn_known_zero_mean,-138.0026081229002,True,0.9853913827156487
fGn_0.85_n256_r17,fGn_0.85_n256,unknown,0.85,,0.8338050232894704,False,"[0.01, 0.99]",0.0,-0.7669878351827973,stationary_gaussian_fgn_unknown_constant_mean_ml,-159.71584955532762,True,0.9358481967620647
fGn_0.85_n256_r17,fGn_0.85_n256,zero,0.85,,0.8687531925724,False,"[0.01, 0.99]",0.0,0.0,stationary_gaussian_fgn_known_zero_mean,-156.523595404385,True,1.0296479959680718
fGn_0.85_n256_r18,fGn_0.85_n256,unknown,0.85,,0.8770128216511178,False,"[0.01, 0.99]",0.0,-0.1136679053870782,stationary_gaussian_fgn_unknown_constant_mean_ml,-169.25725145892886,True,1.0305923740497567
fGn_0.85_n256_r18,fGn_0.85_n256,zero,0.85,,0.8779348061063852,False,"[0.01, 0.99]",0.0,0.0,stationary_gaussian_fgn_known_zero_mean,-169.20938955434985,True,1.0338009875810008
fGn_0.85_n256_r19,fGn_0.85_n256,unknown,0.85,,0.8933914687511652,False,"[0.01, 0.99]",0.0,-0.6523964453581118,stationary_gaussian_fgn_unknown_constant_mean_ml,-126.06966228022998,True,1.1885358651118072
fGn_0.85_n256_r19,fGn_0.85_n256,zero,0.85,,0.9047408641839139,False,"[0.01, 0.99]",0.0,0.0,stationary_gaussian_fgn_known_zero_mean,-125.18068000344635,True,1.2481285179763424
fGn_0.85_n256_r2,fGn_0.85_n256,unknown,0.85,,0.7643269097593246,False,"[0.01, 0.99]",0.0,-0.2982102600089242,stationary_gaussian_fgn_unknown_constant_mean_ml,-116.69186146030643,True,0.9066686592564653
fGn_0.85_n256_r2,fGn_0.85_n256,zero,0.85,,0.7795926764547868,False,"[0.01, 0.99]",0.0,0.0,stationary_gaussian_fgn_known_zero_mean,-115.33393300885803,True,0.9277486657240557
fGn_0.85_n256_r20,fGn_0.85_n256,unknown,0.85,,0.864715159214913,False,"[0.01, 0.99]",0.0,0.41539827967271,stationary_gaussian_fgn_unknown_constant_mean_ml,-154.36692416538585,True,1.021805242687777
fGn_0.85_n256_r20,fGn_0.85_n256,zero,0.85,,0.8760357411426166,False,"[0.01, 0.99]",0.0,0.0,stationary_gaussian_fgn_known_zero_mean,-153.69392048911857,True,1.0590441355019895
fGn_0.85_n256_r21,fGn_0.85_n256,unknown,0.85,,0.8300478947069463,False,"[0.01, 0.99]",0.0,0.7785177826813966,stationary_gaussian_fgn_unknown_constant_mean_ml,-148.34348360715808,True,0.9491946615253727
fGn_0.85_n256_r21,fGn_0.85_n256,zero,0.85,,0.8733043312277641,False,"[0.01, 0.99]",0.0,0.0,stationary_gaussian_fgn_known_zero_mean,-145.352720648041,True,1.0671359789076686
fGn_0.85_n256_r22,fGn_0.85_n256,unknown,0.85,,0.8669567872190354,False,"[0.01, 0.99]",0.0,-0.5272718481145301,stationary_gaussian_fgn_unknown_constant_mean_ml,-123.39648501170325,True,1.0926274030571466
fGn_0.85_n256_r22,fGn_0.85_n256,zero,0.85,,0.8793588905529778,False,"[0.01, 0.99]",0.0,0.0,stationary_gaussian_fgn_known_zero_mean,-122.46825055938086,True,1.1379717932951143
fGn_0.85_n256_r23,fGn_0.85_n256,unknown,0.85,,0.8742892118102747,False,"[0.01, 0.99]",0.0,-0.1554280772125229,stationary_gaussian_fgn_unknown_constant_mean_ml,-148.44759497319023,True,1.064000349491972
fGn_0.85_n256_r23,fGn_0.85_n256,zero,0.85,,0.8759656906499746,False,"[0.01, 0.99]",0.0,0.0,stationary_gaussian_fgn_known_zero_mean,-148.36160743355288,True,1.069889939410805
fGn_0.85_n256_r24,fGn_0.85_n256,unknown,0.85,,0.858847355918738,False,"[0.01, 0.99]",0.0,0.807597164567487,stationary_gaussian_fgn_unknown_constant_mean_ml,-167.88190755695246,True,0.9789680073721061
fGn_0.85_n256_r24,fGn_0.85_n256,zero,0.85,,0.8917191954036645,False,"[0.01, 0.99]",0.0,0.0,stationary_gaussian_fgn_known_zero_mean,-165.45991014066635,True,1.093463777373853
fGn_0.85_n256_r25,fGn_0.85_n256,unknown,0.85,,0.8423411265162066,False,"[0.01, 0.99]",0.0,0.4409107582826647,stationary_gaussian_fgn_unknown_constant_mean_ml,-145.8020025769618,True,0.9803551765726675
fGn_0.85_n256_r25,fGn_0.85_n256,zero,0.85,,0.8572059280232791,False,"[0.01, 0.99]",0.0,0.0,stationary_gaussian_fgn_known_zero_mean,-144.764572916082,True,1.0196497955578852
fGn_0.85_n256_r26,fGn_0.85_n256,unknown,0.85,,0.8185226688454685,False,"[0.01, 0.99]",0.0,0.2807547405581,stationary_gaussian_fgn_unknown_constant_mean_ml,-152.09823162544842,True,0.9206748417786892
fGn_0.85_n256_r26,fGn_0.85_n256,zero,0.85,,0.8268439446966912,False,"[0.01, 0.99]",0.0,0.0,stationary_gaussian_fgn_known_zero_mean,-151.4342261379809,True,0.9372130000075302
fGn_0.85_n256_r27,fGn_0.85_n256,unknown,0.85,,0.8588811886559911,False,"[0.01, 0.99]",0.0,-0.9925079817395933,stationary_gaussian_fgn_unknown_constant_mean_ml,-160.0678256751786,True,0.9941150898075305
fGn_0.85_n256_r27,fGn_0.85_n256,zero,0.85,,0.9028107633161336,False,"[0.01, 0.99]",0.0,0.0,stationary_gaussian_fgn_known_zero_mean,-156.99133910887224,True,1.1630298359991411
fGn_0.85_n256_r28,fGn_0.85_n256,unknown,0.85,,0.7857136204110352,False,"[0.01, 0.99]",0.0,-0.16418153445211658,stationary_gaussian_fgn_unknown_constant_mean_ml,-193.35874759672305,True,0.8036864583023285
fGn_0.85_n256_r28,fGn_0.85_n256,zero,0.85,,0.7929142024261576,False,"[0.01, 0.99]",0.0,0.0,stationary_gaussian_fgn_known_zero_mean,-192.93027140020905,True,0.8132136428569187
fGn_0.85_n256_r29,fGn_0.85_n256,unknown,0.85,,0.8580824869045616,False,"[0.01, 0.99]",0.0,-0.18763044678244695,stationary_gaussian_fgn_unknown_constant_mean_ml,-158.88867065739908,True,0.9942498756216797
fGn_0.85_n256_r29,fGn_0.85_n256,zero,0.85,,0.8613104476028899,False,"[0.01, 0.99]",0.0,0.0,stationary_gaussian_fgn_known_zero_mean,-158.7186673995061,True,1.0034320726831858
fGn_0.85_n256_r3,fGn_0.85_n256,unknown,0.85,,0.7760944305492552,False,"[0.01, 0.99]",0.0,0.13459407395423553,stationary_gaussian_fgn_unknown_constant_mean_ml,-120.35012478130221,True,0.9142407369455352
fGn_0.85_n256_r3,fGn_0.85_n256,zero,0.85,,0.779190840289496,False,"[0.01, 0.99]",0.0,0.0,stationary_gaussian_fgn_known_zero_mean,-120.09137338363297,True,0.9186479599904495
fGn_0.85_n256_r30,fGn_0.85_n256,unknown,0.85,,0.846377670443542,False,"[0.01, 0.99]",0.0,0.9440566327428901,stationary_gaussian_fgn_unknown_constant_mean_ml,-163.77398055878075,True,0.9557027631684241
fGn_0.85_n256_r30,fGn_0.85_n256,zero,0.85,,0.8933483569118691,False,"[0.01, 0.99]",0.0,0.0,stationary_gaussian_fgn_known_zero_mean,-160.25897444072928,True,1.1115758296046823
fGn_0.85_n256_r31,fGn_0.85_n256,unknown,0.85,,0.8045649413848247,False,"[0.01, 0.99]",0.0,-0.12592930051411072,stationary_gaussian_fgn_unknown_constant_mean_ml,-147.4535652236649,True,0.9058590188114579
fGn_0.85_n256_r31,fGn_0.85_n256,zero,0.85,,0.8067879664401081,False,"[0.01, 0.99]",0.0,0.0,stationary_gaussian_fgn_known_zero_mean,-147.28432444499128,True,0.9096462495748849
fGn_0.85_n256_r32,fGn_0.85_n256,unknown,0.85,,0.7383019036850674,False,"[0.01, 0.99]",0.0,0.2910361402097605,stationary_gaussian_fgn_unknown_constant_mean_ml,-149.91894645886998,True,0.8248441165506696
fGn_0.85_n256_r32,fGn_0.85_n256,zero,0.85,,0.7577239645684423,False,"[0.01, 0.99]",0.0,0.0,stationary_gaussian_fgn_known_zero_mean,-147.90134259438906,True,0.8461777788430614
fGn_0.85_n256_r33,fGn_0.85_n256,unknown,0.85,,0.7778980072910499,False,"[0.01, 0.99]",0.0,0.0215701095337872,stationary_gaussian_fgn_unknown_constant_mean_ml,-176.45444335930642,True,0.8213994936255907
fGn_0.85_n256_r33,fGn_0.85_n256,zero,0.85,,0.7780082640560994,False,"[0.01, 0.99]",0.0,0.0,stationary_gaussian_fgn_known_zero_mean,-176.44620558217514,True,0.8215388921633308
fGn_0.85_n256_r34,fGn_0.85_n256,unknown,0.85,,0.8586632039772911,False,"[0.01, 0.99]",0.0,-0.4262904191187257,stationary_gaussian_fgn_unknown_constant_mean_ml,-194.4679399934128,True,0.9289659610669401
fGn_0.85_n256_r34,fGn_0.85_n256,zero,0.85,,0.8709407701688816,False,"[0.01, 0.99]",0.0,0.0,stationary_gaussian_fgn_known_zero_mean,-193.54178011740612,True,0.9641957376299349
fGn_0.85_n256_r35,fGn_0.85_n256,unknown,0.85,,0.7852373298304767,False,"[0.01, 0.99]",0.0,-0.8323511504938054,stationary_gaussian_fgn_unknown_constant_mean_ml,-142.5718661236333,True,0.886870900229286
fGn_0.85_n256_r35,fGn_0.85_n256,zero,0.85,,0.85031183380473,False,"[0.01, 0.99]",0.0,0.0,stationary_gaussian_fgn_known_zero_mean,-137.04724160476826,True,1.0167601043478227
fGn_0.85_n256_r36,fGn_0.85_n256,unknown,0.85,,0.8724543058843567,False,"[0.01, 0.99]",0.0,0.5090140124910365,stationary_gaussian_fgn_unknown_constant_mean_ml,-105.43968057209395,True,1.1505970454108354
fGn_0.85_n256_r36,fGn_0.85_n256,zero,0.85,,0.8830286595574329,False,"[0.01, 0.99]",0.0,0.0,stationary_gaussian_fgn_known_zero_mean,-104.69053328394511,True,1.1929707409414014
fGn_0.85_n256_r37,fGn_0.85_n256,unknown,0.85,,0.7995292411324976,False,"[0.01, 0.99]",0.0,0.29057752480190324,stationary_gaussian_fgn_unknown_constant_mean_ml,-159.34216827806534,True,0.8776147245163188
fGn_0.85_n256_r37,fGn_0.85_n256,zero,0.85,,0.8112576222508026,False,"[0.01, 0.99]",0.0,0.0,stationary_gaussian_fgn_known_zero_mean,-158.40229030647794,True,0.8971958489946081
fGn_0.85_n256_r38,fGn_0.85_n256,unknown,0.85,,0.8363123155645694,False,"[0.01, 0.99]",0.0,-0.7429684076353938,stationary_gaussian_fgn_unknown_constant_mean_ml,-129.5380959076632,True,0.9981587140072308
fGn_0.85_n256_r38,fGn_0.85_n256,zero,0.85,,0.869686064466705,False,"[0.01, 0.99]",0.0,0.0,stationary_gaussian_fgn_known_zero_mean,-126.92714588065712,True,1.0939876612059125
fGn_0.85_n256_r39,fGn_0.85_n256,unknown,0.85,,0.7657734720465746,False,"[0.01, 0.99]",0.0,0.004215591195143392,stationary_gaussian_fgn_unknown_constant_mean_ml,-125.7075095961577,True,0.8924724090414846
fGn_0.85_n256_r39,fGn_0.85_n256,zero,0.85,,0.7657932211652514,False,"[0.01, 0.99]",0.0,0.0,stationary_gaussian_fgn_known_zero_mean,-125.70720488497255,True,0.8924953277606152
fGn_0.85_n256_r4,fGn_0.85_n256,unknown,0.85,,0.8387897300144777,False,"[0.01, 0.99]",0.0,-0.02617271911789052,stationary_gaussian_fgn_unknown_constant_mean_ml,-151.58707989653095,True,0.9614267938563268
fGn_0.85_n256_r4,fGn_0.85_n256,zero,0.85,,0.838810199785271,False,"[0.01, 0.99]",0.0,0.0,stationary_gaussian_fgn_known_zero_mean,-151.5825683822584,True,0.9614799985891844
fGn_0.85_n256_r40,fGn_0.85_n256,unknown,0.85,,0.806106630821453,False,"[0.01, 0.99]",0.0,-0.2921801221474142,stationary_gaussian_fgn_unknown_constant_mean_ml,-130.62032907159022,True,0.9386268710462023
fGn_0.85_n256_r40,fGn_0.85_n256,zero,0.85,,0.8162526248189468,False,"[0.01, 0.99]",0.0,0.0,stationary_gaussian_fgn_known_zero_mean,-129.8401729167448,True,0.9574459315846136
fGn_0.85_n256_r41,fGn_0.85_n256,unknown,0.85,,0.782970840976637,False,"[0.01, 0.99]",0.0,0.396464946304224,stationary_gaussian_fgn_unknown_constant_mean_ml,-160.9281747204281,True,0.8528105061397396
fGn_0.85_n256_r41,fGn_0.85_n256,zero,0.85,,0.8067584713652071,False,"[0.01, 0.99]",0.0,0.0,stationary_gaussian_fgn_known_zero_mean,-158.9209043251928,True,0.8891595374456844
fGn_0.85_n256_r42,fGn_0.85_n256,unknown,0.85,,0.8382255744286995,False,"[0.01, 0.99]",0.0,0.3748904339945138,stationary_gaussian_fgn_unknown_constant_mean_ml,-138.4891763736897,True,0.985078397318529
fGn_0.85_n256_r42,fGn_0.85_n256,zero,0.85,,0.8497545367124141,False,"[0.01, 0.99]",0.0,0.0,stationary_gaussian_fgn_known_zero_mean,-137.68347720468154,True,1.0140775367911579
fGn_0.85_n256_r43,fGn_0.85_n256,unknown,0.85,,0.8694910062510459,False,"[0.01, 0.99]",0.0,0.3323514885133463,stationary_gaussian_fgn_unknown_constant_mean_ml,-164.1244083994942,True,1.0167278517021927
fGn_0.85_n256_r43,fGn_0.85_n256,zero,0.85,,0.8761589925501773,False,"[0.01, 0.99]",0.0,0.0,stationary_gaussian_fgn_known_zero_mean,-163.68897835276937,True,1.0389831892690704
fGn_0.85_n256_r44,fGn_0.85_n256,unknown,0.85,,0.875633391053899,False,"[0.01, 0.99]",0.0,-0.04566535670284397,stationary_gaussian_fgn_unknown_constant_mean_ml,-193.84475043109308,True,0.9779012144233951
fGn_0.85_n256_r44,fGn_0.85_n256,zero,0.85,,0.8758691777583094,False,"[0.01, 0.99]",0.0,0.0,stationary_gaussian_fgn_known_zero_mean,-193.83597152842856,True,0.978659071315457
fGn_0.85_n256_r45,fGn_0.85_n256,unknown,0.85,,0.8634885201919573,False,"[0.01, 0.99]",0.0,-0.5974040029081689,stationary_gaussian_fgn_unknown_constant_mean_ml,-177.56197684942106,True,0.9731245677816059
fGn_0.85_n256_r45,fGn_0.85_n256,zero,0.85,,0.8806110000638793,False,"[0.01, 0.99]",0.0,0.0,stationary_gaussian_fgn_known_zero_mean,-176.0974901984399,True,1.0291218898867402
fGn_0.85_n256_r46,fGn_0.85_n256,unknown,0.85,,0.8590391416078836,False,"[0.01, 0.99]",0.0,0.8944288299804141,stationary_gaussian_fgn_unknown_constant_mean_ml,-162.3848442122772,True,0.9900526529641035
fGn_0.85_n256_r46,fGn_0.85_n256,zero,0.85,,0.8949605308063528,False,"[0.01, 0.99]",0.0,0.0,stationary_gaussian_fgn_known_zero_mean,-159.59753025006364,True,1.120070120884607
fGn_0.85_n256_r47,fGn_0.85_n256,unknown,0.85,,0.8599820475211346,False,"[0.01, 0.99]",0.0,-0.3060066858815953,stationary_gaussian_fgn_unknown_constant_mean_ml,-146.8563575088749,True,1.0231801521559765
fGn_0.85_n256_r47,fGn_0.85_n256,zero,0.85,,0.865365258566957,False,"[0.01, 0.99]",0.0,0.0,stationary_gaussian_fgn_known_zero_mean,-146.44696736510696,True,1.0396845879337357
fGn_0.85_n256_r48,fGn_0.85_n256,unknown,0.85,,0.8077913099947968,False,"[0.01, 0.99]",0.0,-0.1800051064900672,stationary_gaussian_fgn_unknown_constant_mean_ml,-147.39554003003303,True,0.9110472894800837
fGn_0.85_n256_r48,fGn_0.85_n256,zero,0.85,,0.8120765496410339,False,"[0.01, 0.99]",0.0,0.0,stationary_gaussian_fgn_known_zero_mean,-147.07092857076606,True,0.9186363322738468
fGn_0.85_n256_r49,fGn_0.85_n256,unknown,0.85,,0.801614115495684,False,"[0.01, 0.99]",0.0,0.04782535819160093,stationary_gaussian_fgn_unknown_constant_mean_ml,-178.34837360863935,True,0.8485648036935114
fGn_0.85_n256_r49,fGn_0.85_n256,zero,0.85,,0.8021504483522549,False,"[0.01, 0.99]",0.0,0.0,stationary_gaussian_fgn_known_zero_mean,-178.3193333844423,True,0.8493765043306514
fGn_0.85_n256_r5,fGn_0.85_n256,unknown,0.85,,0.8222266620518304,False,"[0.01, 0.99]",0.0,0.047609912130645096,stationary_gaussian_fgn_unknown_constant_mean_ml,-118.09851538912244,True,0.9910056119098039
fGn_0.85_n256_r5,fGn_0.85_n256,zero,0.85,,0.8225453080816882,False,"[0.01, 0.99]",0.0,0.0,stationary_gaussian_fgn_known_zero_mean,-118.08169679165576,True,0.9916630909868396
fGn_0.85_n256_r50,fGn_0.85_n256,unknown,0.85,,0.816403398949535,False,"[0.01, 0.99]",0.0,0.46140659748132995,stationary_gaussian_fgn_unknown_constant_mean_ml,-169.17086883854347,True,0.8869027313652863
fGn_0.85_n256_r50,fGn_0.85_n256,zero,0.85,,0.836938577906637,False,"[0.01, 0.99]",0.0,0.0,stationary_gaussian_fgn_known_zero_mean,-167.36498991728274,True,0.9283683468983787
fGn_0.85_n256_r51,fGn_0.85_n256,unknown,0.85,,0.8775230714150105,False,"[0.01, 0.99]",0.0,-0.44561461114601186,stationary_gaussian_fgn_unknown_constant_mean_ml,-156.93830420918835,True,1.0574488488338487
fGn_0.85_n256_r51,fGn_0.85_n256,zero,0.85,,0.885696239990155,False,"[0.01, 0.99]",0.0,0.0,stationary_gaussian_fgn_known_zero_mean,-156.2851209307198,True,1.0887786019684313
fGn_0.85_n256_r52,fGn_0.85_n256,unknown,0.85,,0.8048752710931193,False,"[0.01, 0.99]",0.0,0.2614010309899919,stationary_gaussian_fgn_unknown_constant_mean_ml,-152.4698172779705,True,0.8975048519366122
fGn_0.85_n256_r52,fGn_0.85_n256,zero,0.85,,0.8123478231422661,False,"[0.01, 0.99]",0.0,0.0,stationary_gaussian_fgn_known_zero_mean,-151.7544853236418,True,0.9107210856364646
fGn_0.85_n256_r53,fGn_0.85_n256,unknown,0.85,,0.8162526887854202,False,"[0.01, 0.99]",0.0,0.23456116837153654,stationary_gaussian_fgn_unknown_constant_mean_ml,-133.65237771812917,True,0.9503436528086051
fGn_0.85_n256_r53,fGn_0.85_n256,zero,0.85,,0.820965053274264,False,"[0.01, 0.99]",0.0,0.0,stationary_gaussian_fgn_known_zero_mean,-133.19439042431827,True,0.9598302326078108
fGn_0.85_n256_r54,fGn_0.85_n256,unknown,0.85,,0.8247155780681302,False,"[0.01, 0.99]",0.0,0.5665218630669128,stationary_gaussian_fgn_unknown_constant_mean_ml,-127.99587127560119,True,0.9768740719173112
fGn_0.85_n256_r54,fGn_0.85_n256,zero,0.85,,0.8466581408379938,False,"[0.01, 0.99]",0.0,0.0,stationary_gaussian_fgn_known_zero_mean,-125.96997000513886,True,1.0296406975665187
fGn_0.85_n256_r55,fGn_0.85_n256,unknown,0.85,,0.8777311605171789,False,"[0.01, 0.99]",0.0,0.08386275935623977,stationary_gaussian_fgn_unknown_constant_mean_ml,-154.52382278277673,True,1.0631716967794202
fGn_0.85_n256_r55,fGn_0.85_n256,zero,0.85,,0.8783105712538966,False,"[0.01, 0.99]",0.0,0.0,stationary_gaussian_fgn_known_zero_mean,-154.49946215593747,True,1.065250200854359
fGn_0.85_n256_r56,fGn_0.85_n256,unknown,0.85,,0.8078885306226581,False,"[0.01, 0.99]",0.0,-0.46578547894136474,stationary_gaussian_fgn_unknown_constant_mean_ml,-155.23921065842376,True,0.8973500736699216
fGn_0.85_n256_r56,fGn_0.85_n256,zero,0.85,,0.8305316805482622,False,"[0.01, 0.99]",0.0,0.0,stationary_gaussian_fgn_known_zero_mean,-153.37154631119017,True,0.9408802104783033
fGn_0.85_n256_r57,fGn_0.85_n256,unknown,0.85,,0.7976540487587758,False,"[0.01, 0.99]",0.0,0.08421962566063103,stationary_gaussian_fgn_unknown_constant_mean_ml,-186.4550594314905,True,0.8298032467772162
fGn_0.85_n256_r57,fGn_0.85_n256,zero,0.85,,0.7990435663112577,False,"[0.01, 0.99]",0.0,0.0,stationary_gaussian_fgn_known_zero_mean,-186.35702604545838,True,0.83184517323051
fGn_0.85_n256_r58,fGn_0.85_n256,unknown,0.85,,0.8370928484381178,False,"[0.01, 0.99]",0.0,0.28916794598985224,stationary_gaussian_fgn_unknown_constant_mean_ml,-162.5596807652425,True,0.9374460625220304
fGn_0.85_n256_r58,fGn_0.85_n256,zero,0.85,,0.8434192443523979,False,"[0.01, 0.99]",0.0,0.0,stationary_gaussian_fgn_known_zero_mean,-161.996299494543,True,0.9522474279005811
fGn_0.85_n256_r59,fGn_0.85_n256,unknown,0.85,,0.7758176466531936,False,"[0.01, 0.99]",0.0,0.2604304144810336,stationary_gaussian_fgn_unknown_constant_mean_ml,-133.50691514571093,True,0.8907085715710668
fGn_0.85_n256_r59,fGn_0.85_n256,zero,0.85,,0.7874243889710483,False,"[0.01, 0.99]",0.0,0.0,stationary_gaussian_fgn_known_zero_mean,-132.53510021044337,True,0.9073711356741011
fGn_0.85_n256_r6,fGn_0.85_n256,unknown,0.85,,0.834463366579859,False,"[0.01, 0.99]",0.0,-1.035760304452274,stationary_gaussian_fgn_unknown_constant_mean_ml,-119.7993087081179,True,1.0131835808172098
fGn_0.85_n256_r6,fGn_0.85_n256,zero,0.85,,0.8821695892587744,False,"[0.01, 0.99]",0.0,0.0,stationary_gaussian_fgn_known_zero_mean,-115.52337612660381,True,1.1645379470225543
fGn_0.85_n256_r60,fGn_0.85_n256,unknown,0.85,,0.8244586667281845,False,"[0.01, 0.99]",0.0,-0.24665522036996965,stationary_gaussian_fgn_unknown_constant_mean_ml,-147.48313482275898,True,0.939905266906212
fGn_0.85_n256_r60,fGn_0.85_n256,zero,0.85,,0.8306386396996228,False,"[0.01, 0.99]",0.0,0.0,stationary_gaussian_fgn_known_zero_mean,-147.01507519244183,True,0.952849921420304
fGn_0.85_n256_r61,fGn_0.85_n256,unknown,0.85,,0.8206502160841785,False,"[0.01, 0.99]",0.0,-0.22873428174244623,stationary_gaussian_fgn_unknown_constant_mean_ml,-129.08465392016217,True,0.9669709598874249
fGn_0.85_n256_r61,fGn_0.85_n256,zero,0.85,,0.8270866199583966,False,"[0.01, 0.99]",0.0,0.0,stationary_gaussian_fgn_known_zero_mean,-128.68937431344023,True,0.9802746844301268
fGn_0.85_n256_r62,fGn_0.85_n256,unknown,0.85,,0.8944052712304983,False,"[0.01, 0.99]",0.0,0.19489944530755116,stationary_gaussian_fgn_unknown_constant_mean_ml,-162.05524276640932,True,1.112267657557357
fGn_0.85_n256_r62,fGn_0.85_n256,zero,0.85,,0.8961240368944735,False,"[0.01, 0.99]",0.0,0.0,stationary_gaussian_fgn_known_zero_mean,-161.95678836484274,True,1.1201008060707334
fGn_0.85_n256_r63,fGn_0.85_n256,unknown,0.85,,0.813315370161115,False,"[0.01, 0.99]",0.0,-0.1972556391576927,stationary_gaussian_fgn_unknown_constant_mean_ml,-134.34603242362567,True,0.9438885636107487
fGn_0.85_n256_r63,fGn_0.85_n256,zero,0.85,,0.8185269695627695,False,"[0.01, 0.99]",0.0,0.0,stationary_gaussian_fgn_known_zero_mean,-134.00713902601012,True,0.9537955425041112
fGn_0.85_n256_r7,fGn_0.85_n256,unknown,0.85,,0.8909213195185377,False,"[0.01, 0.99]",0.0,-0.20761261750986942,stationary_gaussian_fgn_unknown_constant_mean_ml,-87.751342233645,True,1.268831132051647
fGn_0.85_n256_r7,fGn_0.85_n256,zero,0.85,,0.8923711104849857,False,"[0.01, 0.99]",0.0,0.0,stationary_gaussian_fgn_known_zero_mean,-87.66167447937141,True,1.2760830017598557
fGn_0.85_n256_r8,fGn_0.85_n256,unknown,0.85,,0.8506229631170161,False,"[0.01, 0.99]",0.0,-0.1891675291231555,stationary_gaussian_fgn_unknown_constant_mean_ml,-178.4462849642158,True,0.9385190875068196
fGn_0.85_n256_r8,fGn_0.85_n256,zero,0.85,,0.8534003514911784,False,"[0.01, 0.99]",0.0,0.0,stationary_gaussian_fgn_known_zero_mean,-178.23360814293977,True,0.9455987850965631
fGn_0.85_n256_r9,fGn_0.85_n256,unknown,0.85,,0.7892684793875068,False,"[0.01, 0.99]",0.0,0.03632654135119896,stationary_gaussian_fgn_unknown_constant_mean_ml,-168.87910742281542,True,0.8475498385743908
fGn_0.85_n256_r9,fGn_0.85_n256,zero,0.85,,0.7893671561505569,False,"[0.01, 0.99]",0.0,0.0,stationary_gaussian_fgn_known_zero_mean,-168.8597476933558,True,0.8477090420341321
fGn_0.85_n512_r0,fGn_0.85_n512,unknown,0.85,,0.8323614348744518,False,"[0.01, 0.99]",0.0,-0.2629442816686914,stationary_gaussian_fgn_unknown_constant_mean_ml,-306.527174384471,True,0.945705704103194
fGn_0.85_n512_r0,fGn_0.85_n512,zero,0.85,,0.8372221809864917,False,"[0.01, 0.99]",0.0,0.0,stationary_gaussian_fgn_known_zero_mean,-305.91932848645,True,0.956456714833339
fGn_0.85_n512_r1,fGn_0.85_n512,unknown,0.85,,0.8696366212751545,False,"[0.01, 0.99]",0.0,1.0212960396147956,stationary_gaussian_fgn_unknown_constant_mean_ml,-285.1316067630953,True,1.0623123369262955
fGn_0.85_n512_r1,fGn_0.85_n512,zero,0.85,,0.8952693425468449,False,"[0.01, 0.99]",0.0,0.0,stationary_gaussian_fgn_known_zero_mean,-281.46271317965056,True,1.1653768511129667
fGn_0.85_n512_r10,fGn_0.85_n512,unknown,0.85,,0.886057713486126,False,"[0.01, 0.99]",0.0,-0.12598143942807605,stationary_gaussian_fgn_unknown_constant_mean_ml,-360.09136129708327,True,1.0422890412224446
fGn_0.85_n512_r10,fGn_0.85_n512,zero,0.85,,0.8863632522046618,False,"[0.01, 0.99]",0.0,0.0,stationary_gaussian_fgn_known_zero_mean,-360.0299277026645,True,1.0434981312360958
fGn_0.85_n512_r11,fGn_0.85_n512,unknown,0.85,,0.8303862187529815,False,"[0.01, 0.99]",0.0,0.2091052051762716,stationary_gaussian_fgn_unknown_constant_mean_ml,-331.0556555520262,True,0.9194269788770616
fGn_0.85_n512_r11,fGn_0.85_n512,zero,0.85,,0.8336620888439488,False,"[0.01, 0.99]",0.0,0.0,stationary_gaussian_fgn_known_zero_mean,-330.63033353077253,True,0.9263162319264449
fGn_0.85_n512_r12,fGn_0.85_n512,unknown,0.85,,0.9128191841806909,False,"[0.01, 0.99]",0.0,0.4305396653447685,stationary_gaussian_fgn_unknown_constant_mean_ml,-325.05491059214364,True,1.2072799481582475
fGn_0.85_n512_r12,fGn_0.85_n512,zero,0.85,,0.9163423607092213,False,"[0.01, 0.99]",0.0,0.0,stationary_gaussian_fgn_known_zero_mean,-324.686583463455,True,1.229492900227112
fGn_0.85_n512_r13,fGn_0.85_n512,unknown,0.85,,0.8231354716055205,False,"[0.01, 0.99]",0.0,0.00044219273341098916,stationary_gaussian_fgn_unknown_constant_mean_ml,-312.26815186582894,True,0.9225741592381619
fGn_0.85_n512_r13,fGn_0.85_n512,zero,0.85,,0.82313589309483,False,"[0.01, 0.99]",0.0,0.0,stationary_gaussian_fgn_known_zero_mean,-312.2681497402193,True,0.9225749379301973
fGn_0.85_n512_r14,fGn_0.85_n512,unknown,0.85,,0.8066465594306177,False,"[0.01, 0.99]",0.0,-0.5350385913312038,stationary_gaussian_fgn_unknown_constant_mean_ml,-389.8676658306798,True,0.8292879994281372
fGn_0.85_n512_r14,fGn_0.85_n512,zero,0.85,,0.830305053638867,False,"[0.01, 0.99]",0.0,0.0,stationary_gaussian_fgn_known_zero_mean,-386.02143143852754,True,0.8712255633220398
fGn_0.85_n512_r15,fGn_0.85_n512,unknown,0.85,,0.8621653539085439,False,"[0.01, 0.99]",0.0,0.26434348161055254,stationary_gaussian_fgn_unknown_constant_mean_ml,-256.61708886035626,True,1.0687145558083369
fGn_0.85_n512_r15,fGn_0.85_n512,zero,0.85,,0.8650721890623024,False,"[0.01, 0.99]",0.0,0.0,stationary_gaussian_fgn_known_zero_mean,-256.2777227293486,True,1.0779887344387449
fGn_0.85_n512_r16,fGn_0.85_n512,unknown,0.85,,0.7975338649872272,False,"[0.01, 0.99]",0.0,-0.2609527683449031,stationary_gaussian_fgn_unknown_constant_mean_ml,-310.9601687574759,True,0.8820590260545172
fGn_0.85_n512_r16,fGn_0.85_n512,zero,0.85,,0.8035516768595113,False,"[0.01, 0.99]",0.0,0.0,stationary_gaussian_fgn_known_zero_mean,-309.8964519350328,True,0.8918706576765575
fGn_0.85_n512_r17,fGn_0.85_n512,unknown,0.85,,0.8936785654799414,False,"[0.01, 0.99]",0.0,-0.2772508491312428,stationary_gaussian_fgn_unknown_constant_mean_ml,-326.0318529740007,True,1.1087594757361294
fGn_0.85_n512_r17,fGn_0.85_n512,zero,0.85,,0.8959002006960552,False,"[0.01, 0.99]",0.0,0.0,stationary_gaussian_fgn_known_zero_mean,-325.7985384541407,True,1.118814526287941
fGn_0.85_n512_r18,fGn_0.85_n512,unknown,0.85,,0.8520567986204672,False,"[0.01, 0.99]",0.0,0.4980510945101632,stationary_gaussian_fgn_unknown_constant_mean_ml,-288.2998800916655,True,1.008365869524543
fGn_0.85_n512_r18,fGn_0.85_n512,zero,0.85,,0.8618443777878712,False,"[0.01, 0.99]",0.0,0.0,stationary_gaussian_fgn_known_zero_mean,-286.8576779969462,True,1.0366779691714278
fGn_0.85_n512_r19,fGn_0.85_n512,unknown,0.85,,0.835850724501553,False,"[0.01, 0.99]",0.0,-0.20893121064267564,stationary_gaussian_fgn_unknown_constant_mean_ml,-306.7000517692659,True,0.9528007899573292
fGn_0.85_n512_r19,fGn_0.85_n512,zero,0.85,,0.839390766237881,False,"[0.01, 0.99]",0.0,0.0,stationary_gaussian_fgn_known_zero_mean,-306.33302369155103,True,0.9607904126179678
fGn_0.85_n512_r2,fGn_0.85_n512,unknown,0.85,,0.8261901845461871,False,"[0.01, 0.99]",0.0,-0.08590873733041082,stationary_gaussian_fgn_unknown_constant_mean_ml,-298.5646657364614,True,0.9407995288466452
fGn_0.85_n512_r2,fGn_0.85_n512,zero,0.85,,0.8267762234571149,False,"[0.01, 0.99]",0.0,0.0,stationary_gaussian_fgn_known_zero_mean,-298.4907324852443,True,0.9420006390792403
fGn_0.85_n512_r20,fGn_0.85_n512,unknown,0.85,,0.8729204303123277,False,"[0.01, 0.99]",0.0,0.3087134297798787,stationary_gaussian_fgn_unknown_constant_mean_ml,-283.72873613163574,True,1.0745850148557656
fGn_0.85_n512_r20,fGn_0.85_n512,zero,0.85,,0.876607971809458,False,"[0.01, 0.99]",0.0,0.0,stationary_gaussian_fgn_known_zero_mean,-283.3346318386498,True,1.0877219561543832
fGn_0.85_n512_r21,fGn_0.85_n512,unknown,0.85,,0.8209038438512837,False,"[0.01, 0.99]",0.0,-0.4048655320088107,stationary_gaussian_fgn_unknown_constant_mean_ml,-334.84879320624555,True,0.8984753366536666
fGn_0.85_n512_r21,fGn_0.85_n512,zero,0.85,,0.8327296540119795,False,"[0.01, 0.99]",0.0,0.0,stationary_gaussian_fgn_known_zero_mean,-333.11774151520353,True,0.9221980137474287
fGn_0.85_n512_r22,fGn_0.85_n512,unknown,0.85,,0.8476467414033384,False,"[0.01, 0.99]",0.0,0.7339165589661137,stationary_gaussian_fgn_unknown_constant_mean_ml,-274.2153975677329,True,1.0110545057601046
fGn_0.85_n512_r22,fGn_0.85_n512,zero,0.85,,0.8691665507832954,False,"[0.01, 0.99]",0.0,0.0,stationary_gaussian_fgn_known_zero_mean,-271.28304957978753,True,1.0752472149924541
fGn_0.85_n512_r23,fGn_0.85_n512,unknown,0.85,,0.8175748005531674,False,"[0.01, 0.99]",0.0,-0.46799190433526033,stationary_gaussian_fgn_unknown_constant_mean_ml,-314.590439364526,True,0.9105439747864084
fGn_0.85_n512_r23,fGn_0.85_n512,zero,0.85,,0.8319915215350985,False,"[0.01, 0.99]",0.0,0.0,stationary_gaussian_fgn_known_zero_mean,-312.27329812665835,True,0.9396645268664767
fGn_0.85_n512_r24,fGn_0.85_n512,unknown,0.85,,0.842528493009043,False,"[0.01, 0.99]",0.0,-0.870507435391582,stationary_gaussian_fgn_unknown_constant_mean_ml,-303.8546378130102,True,0.9701674579707625
fGn_0.85_n512_r24,fGn_0.85_n512,zero,0.85,,0.8704703639770385,False,"[0.01, 0.99]",0.0,0.0,stationary_gaussian_fgn_known_zero_mean,-299.4326654289589,True,1.0502407437001524
fGn_0.85_n512_r25,fGn_0.85_n512,unknown,0.85,,0.8212361979235765,False,"[0.01, 0.99]",0.0,0.014588474040421151,stationary_gaussian_fgn_unknown_constant_mean_ml,-218.31367496086955,True,1.0074279544350746
fGn_0.85_n512_r25,fGn_0.85_n512,zero,0.85,,0.8212626992350162,False,"[0.01, 0.99]",0.0,0.0,stationary_gaussian_fgn_known_zero_mean,-218.31168788757395,True,1.0074824198718215
fGn_0.85_n512_r26,fGn_0.85_n512,unknown,0.85,,0.8543450276251947,False,"[0.01, 0.99]",0.0,0.08351427933052556,stationary_gaussian_fgn_unknown_constant_mean_ml,-312.07974788089314,True,0.9910811418740529
fGn_0.85_n512_r26,fGn_0.85_n512,zero,0.85,,0.8544775755127136,False,"[0.01, 0.99]",0.0,0.0,stationary_gaussian_fgn_known_zero_mean,-312.0352680772155,True,0.9914686489767527
fGn_0.85_n512_r27,fGn_0.85_n512,unknown,0.85,,0.8548080247152442,False,"[0.01, 0.99]",0.0,0.5550521452329862,stationary_gaussian_fgn_unknown_constant_mean_ml,-323.36815690097353,True,0.9814079166487703
fGn_0.85_n512_r27,fGn_0.85_n512,zero,0.85,,0.8669195664889671,False,"[0.01, 0.99]",0.0,0.0,stationary_gaussian_fgn_known_zero_mean,-321.58173507479887,True,1.0168672038017985
fGn_0.85_n512_r28,fGn_0.85_n512,unknown,0.85,,0.8171346617949794,False,"[0.01, 0.99]",0.0,0.1098462349636475,stationary_gaussian_fgn_unknown_constant_mean_ml,-238.51314274771084,True,0.9799464639613318
fGn_0.85_n512_r28,fGn_0.85_n512,zero,0.85,,0.8181756411509706,False,"[0.01, 0.99]",0.0,0.0,stationary_gaussian_fgn_known_zero_mean,-238.3893037588034,True,0.9820152804829008
fGn_0.85_n512_r29,fGn_0.85_n512,unknown,0.85,,0.8519090317101243,False,"[0.01, 0.99]",0.0,-0.24050058477303882,stationary_gaussian_fgn_unknown_constant_mean_ml,-254.42110462577443,True,1.0418906028525885
fGn_0.85_n512_r29,fGn_0.85_n512,zero,0.85,,0.8544838084482209,False,"[0.01, 0.99]",0.0,0.0,stationary_gaussian_fgn_known_zero_mean,-254.0847978004458,True,1.0492133104232761
fGn_0.85_n512_r3,fGn_0.85_n512,unknown,0.85,,0.7724636673724858,False,"[0.01, 0.99]",0.0,0.4850302203450221,stationary_gaussian_fgn_unknown_constant_mean_ml,-331.6625756359308,True,0.8329481810203557
fGn_0.85_n512_r3,fGn_0.85_n512,zero,0.85,,0.8007458102533639,False,"[0.01, 0.99]",0.0,0.0,stationary_gaussian_fgn_known_zero_mean,-326.9669412872797,True,0.8729848245005892
fGn_0.85_n512_r30,fGn_0.85_n512,unknown,0.85,,0.8431551405776271,False,"[0.01, 0.99]",0.0,0.13523746441613466,stationary_gaussian_fgn_unknown_constant_mean_ml,-299.16607089152217,True,0.9760637166881012
fGn_0.85_n512_r30,fGn_0.85_n512,zero,0.85,,0.8441581703786891,False,"[0.01, 0.99]",0.0,0.0,stationary_gaussian_fgn_known_zero_mean,-299.02878196896336,True,0.9785273483341537
fGn_0.85_n512_r31,fGn_0.85_n512,unknown,0.85,,0.8446215598722591,False,"[0.01, 0.99]",0.0,0.014626235842821762,stationary_gaussian_fgn_unknown_constant_mean_ml,-320.1023748529351,True,0.9596598420729483
fGn_0.85_n512_r31,fGn_0.85_n512,zero,0.85,,0.8446291925544662,False,"[0.01, 0.99]",0.0,0.0,stationary_gaussian_fgn_known_zero_mean,-320.1007307109321,True,0.9596789627980422
fGn_0.85_n512_r32,fGn_0.85_n512,unknown,0.85,,0.8733661857260385,False,"[0.01, 0.99]",0.0,-0.40407922735815327,stationary_gaussian_fgn_unknown_constant_mean_ml,-324.86739557994565,True,1.0337150336667056
fGn_0.85_n512_r32,fGn_0.85_n512,zero,0.85,,0.8789875462697682,False,"[0.01, 0.99]",0.0,0.0,stationary_gaussian_fgn_known_zero_mean,-324.1524637566065,True,1.0534351235848083
fGn_0.85_n512_r33,fGn_0.85_n512,unknown,0.85,,0.8296380163436199,False,"[0.01, 0.99]",0.0,-0.11050194478270438,stationary_gaussian_fgn_unknown_constant_mean_ml,-321.28920700251524,True,0.9267698539846165
fGn_0.85_n512_r33,fGn_0.85_n512,zero,0.85,,0.8305006707783736,False,"[0.01, 0.99]",0.0,0.0,stationary_gaussian_fgn_known_zero_mean,-321.16874322722015,True,0.9285728461433357
fGn_0.85_n512_r34,fGn_0.85_n512,unknown,0.85,,0.8633499020031189,False,"[0.01, 0.99]",0.0,-0.09172359927381799,stationary_gaussian_fgn_unknown_constant_mean_ml,-244.2656029175946,True,1.0853218868990562
fGn_0.85_n512_r34,fGn_0.85_n512,zero,0.85,,0.8637127887046001,False,"[0.01, 0.99]",0.0,0.0,stationary_gaussian_fgn_known_zero_mean,-244.2257766281357,True,1.0864895247093478
fGn_0.85_n512_r35,fGn_0.85_n512,unknown,0.85,,0.8260381951031567,False,"[0.01, 0.99]",0.0,0.36320334261597575,stationary_gaussian_fgn_unknown_constant_mean_ml,-313.64722443728544,True,0.9267555222915105
fGn_0.85_n512_r35,fGn_0.85_n512,zero,0.85,,0.8346010421940695,False,"[0.01, 0.99]",0.0,0.0,stationary_gaussian_fgn_known_zero_mean,-312.3796187538526,True,0.9449157404258924
fGn_0.85_n512_r36,fGn_0.85_n512,unknown,0.85,,0.8177798576781421,False,"[0.01, 0.99]",0.0,0.3148618810408093,stationary_gaussian_fgn_unknown_constant_mean_ml,-239.91075097580006,True,0.9798144842104518
fGn_0.85_n512_r36,fGn_0.85_n512,zero,0.85,,0.8244964561292444,False,"[0.01, 0.99]",0.0,0.0,stationary_gaussian_fgn_known_zero_mean,-238.9521449983706,True,0.9937637407820844
fGn_0.85_n512_r37,fGn_0.85_n512,unknown,0.85,,0.8690994269482729,False,"[0.01, 0.99]",0.0,-0.0763342926541082,stationary_gaussian_fgn_unknown_constant_mean_ml,-249.44059473301672,True,1.0982068337626165
fGn_0.85_n512_r37,fGn_0.85_n512,zero,0.85,,0.8694041910646436,False,"[0.01, 0.99]",0.0,0.0,stationary_gaussian_fgn_known_zero_mean,-249.41553187813884,True,1.099244728533115
fGn_0.85_n512_r38,fGn_0.85_n512,unknown,0.85,,0.8351526925239863,False,"[0.01, 0.99]",0.0,0.6501906142742141,stationary_gaussian_fgn_unknown_constant_mean_ml,-274.2961517456629,True,0.9819132426002187
fGn_0.85_n512_r38,fGn_0.85_n512,zero,0.85,,0.854710413852678,False,"[0.01, 0.99]",0.0,0.0,stationary_gaussian_fgn_known_zero_mean,-271.38815789040154,True,1.032246934953043
fGn_0.85_n512_r39,fGn_0.85_n512,unknown,0.85,,0.7827496129868304,False,"[0.01, 0.99]",0.0,-0.057614325244681186,stationary_gaussian_fgn_unknown_constant_mean_ml,-313.2771330980894,True,0.8602967693090674
fGn_0.85_n512_r39,fGn_0.85_n512,zero,0.85,,0.7834466722898538,False,"[0.01, 0.99]",0.0,0.0,stationary_gaussian_fgn_known_zero_mean,-313.20895765006185,True,0.861226866412262
fGn_0.85_n512_r4,fGn_0.85_n512,unknown,0.85,,0.8606687198547281,False,"[0.01, 0.99]",0.0,0.5552174129008552,stationary_gaussian_fgn_unknown_constant_mean_ml,-265.4973702392292,True,1.055057701978911
fGn_0.85_n512_r4,fGn_0.85_n512,zero,0.85,,0.8717249174422306,False,"[0.01, 0.99]",0.0,0.0,stationary_gaussian_fgn_known_zero_mean,-264.0498882875595,True,1.0913666160027797
fGn_0.85_n512_r40,fGn_0.85_n512,unknown,0.85,,0.8658142084789741,False,"[0.01, 0.99]",0.0,0.1958968413129921,stationary_gaussian_fgn_unknown_constant_mean_ml,-274.5364564026638,True,1.0612259101169148
fGn_0.85_n512_r40,fGn_0.85_n512,zero,0.85,,0.867508480722967,False,"[0.01, 0.99]",0.0,0.0,stationary_gaussian_fgn_known_zero_mean,-274.3543404826073,True,1.0667214927933824
fGn_0.85_n512_r41,fGn_0.85_n512,unknown,0.85,,0.8672825105262125,False,"[0.01, 0.99]",0.0,-0.28849193981572535,stationary_gaussian_fgn_unknown_constant_mean_ml,-304.30162044902795,True,1.0352827601241714
fGn_0.85_n512_r41,fGn_0.85_n512,zero,0.85,,0.8710822336467845,False,"[0.01, 0.99]",0.0,0.0,stationary_gaussian_fgn_known_zero_mean,-303.90323435292066,True,1.0476285837789896
fGn_0.85_n512_r42,fGn_0.85_n512,unknown,0.85,,0.8441751086002959,False,"[0.01, 0.99]",0.0,0.29506074443301966,stationary_gaussian_fgn_unknown_constant_mean_ml,-325.85098862617895,True,0.9532676004244989
fGn_0.85_n512_r42,fGn_0.85_n512,zero,0.85,,0.8494374202195946,False,"[0.01, 0.99]",0.0,0.0,stationary_gaussian_fgn_known_zero_mean,-325.19975942011,True,0.9662380393943548
fGn_0.85_n512_r43,fGn_0.85_n512,unknown,0.85,,0.8407904962509872,False,"[0.01, 0.99]",0.0,0.14765350816333184,stationary_gaussian_fgn_unknown_constant_mean_ml,-276.3492203041644,True,0.9925383561047793
fGn_0.85_n512_r43,fGn_0.85_n512,zero,0.85,,0.8418722483310589,False,"[0.01, 0.99]",0.0,0.0,stationary_gaussian_fgn_known_zero_mean,-276.1862639930763,True,0.9952031432200827
fGn_0.85_n512_r44,fGn_0.85_n512,unknown,0.85,,0.8182718297510234,False,"[0.01, 0.99]",0.0,-0.5732180313126758,stationary_gaussian_fgn_unknown_constant_mean_ml,-324.26791055886486,True,0.9031833602001375
fGn_0.85_n512_r44,fGn_0.85_n512,zero,0.85,,0.8404378595666832,False,"[0.01, 0.99]",0.0,0.0,stationary_gaussian_fgn_known_zero_mean,-321.00397502898795,True,0.9494097460425069
fGn_0.85_n512_r45,fGn_0.85_n512,unknown,0.85,,0.8507682419854015,False,"[0.01, 0.99]",0.0,-0.22219844176841794,stationary_gaussian_fgn_unknown_constant_mean_ml,-294.4773100528214,True,0.9990122415142968
fGn_0.85_n512_r45,fGn_0.85_n512,zero,0.85,,0.8536035244962967,False,"[0.01, 0.99]",0.0,0.0,stationary_gaussian_fgn_known_zero_mean,-294.1628861410338,True,1.0066238099985145
fGn_0.85_n512_r46,fGn_0.85_n512,unknown,0.85,,0.8901093693054861,False,"[0.01, 0.99]",0.0,0.10924866329653043,stationary_gaussian_fgn_unknown_constant_mean_ml,-307.5467107164036,True,1.1136185789494082
fGn_0.85_n512_r46,fGn_0.85_n512,zero,0.85,,0.890514631823987,False,"[0.01, 0.99]",0.0,0.0,stationary_gaussian_fgn_known_zero_mean,-307.5083486633923,True,1.1153606419990192
fGn_0.85_n512_r47,fGn_0.85_n512,unknown,0.85,,0.8000039240552043,False,"[0.01, 0.99]",0.0,0.08820871053353214,stationary_gaussian_fgn_unknown_constant_mean_ml,-321.61729362813537,True,0.8764752881712002
fGn_0.85_n512_r47,fGn_0.85_n512,zero,0.85,,0.8010158894711844,False,"[0.01, 0.99]",0.0,0.0,stationary_gaussian_fgn_known_zero_mean,-321.49328399166325,True,0.8780596547700493
fGn_0.85_n512_r48,fGn_0.85_n512,unknown,0.85,,0.8330503052217898,False,"[0.01, 0.99]",0.0,0.27746677659939856,stationary_gaussian_fgn_unknown_constant_mean_ml,-253.64107430309969,True,0.9973173314795424
fGn_0.85_n512_r48,fGn_0.85_n512,zero,0.85,,0.837025826476162,False,"[0.01, 0.99]",0.0,0.0,stationary_gaussian_fgn_known_zero_mean,-253.0286103295723,True,1.0067124036569046
fGn_0.85_n512_r49,fGn_0.85_n512,unknown,0.85,,0.8773990998198697,False,"[0.01, 0.99]",0.0,0.5795703245350906,stationary_gaussian_fgn_unknown_constant_mean_ml,-309.27811615667633,True,1.063252566030162
fGn_0.85_n512_r49,fGn_0.85_n512,zero,0.85,,0.8885010479010719,False,"[0.01, 0.99]",0.0,0.0,stationary_gaussian_fgn_known_zero_mean,-308.02458816482454,True,1.106454515961871
fGn_0.85_n512_r5,fGn_0.85_n512,unknown,0.85,,0.8153900415877103,False,"[0.01, 0.99]",0.0,-0.2693365362230192,stationary_gaussian_fgn_unknown_constant_mean_ml,-239.7510348464648,True,0.9755435814464997
fGn_0.85_n512_r5,fGn_0.85_n512,zero,0.85,,0.8204324327076191,False,"[0.01, 0.99]",0.0,0.0,stationary_gaussian_fgn_known_zero_mean,-239.00972738519613,True,0.9857170614133677
fGn_0.85_n512_r50,fGn_0.85_n512,unknown,0.85,,0.8487015435822236,False,"[0.01, 0.99]",0.0,0.5550743357029342,stationary_gaussian_fgn_unknown_constant_mean_ml,-236.1018236648381,True,1.052140903911767
fGn_0.85_n512_r50,fGn_0.85_n512,zero,0.85,,0.8612486848058002,False,"[0.01, 0.99]",0.0,0.0,stationary_gaussian_fgn_known_zero_mean,-234.44656746866167,True,1.089299393478805
fGn_0.85_n512_r51,fGn_0.85_n512,unknown,0.85,,0.8126200302894482,False,"[0.01, 0.99]",0.0,0.4891236979452748,stationary_gaussian_fgn_unknown_constant_mean_ml,-323.99675477907215,True,0.8938946672467145
fGn_0.85_n512_r51,fGn_0.85_n512,zero,0.85,,0.8306149785894681,False,"[0.01, 0.99]",0.0,0.0,stationary_gaussian_fgn_known_zero_mean,-321.3050056144207,True,0.9286748816813982
fGn_0.85_n512_r52,fGn_0.85_n512,unknown,0.85,,0.8414913749126035,False,"[0.01, 0.99]",0.0,0.22444281316825665,stationary_gaussian_fgn_unknown_constant_mean_ml,-300.95416593335835,True,0.9705556600325287
fGn_0.85_n512_r52,fGn_0.85_n512,zero,0.85,,0.8449585350064667,False,"[0.01, 0.99]",0.0,0.0,stationary_gaussian_fgn_known_zero_mean,-300.57395485047255,True,0.9789294185658994
fGn_0.85_n512_r53,fGn_0.85_n512,unknown,0.85,,0.8663253908239534,False,"[0.01, 0.99]",0.0,-0.3346997255290204,stationary_gaussian_fgn_unknown_constant_mean_ml,-280.18129797428196,True,1.056972088482583
fGn_0.85_n512_r53,fGn_0.85_n512,zero,0.85,,0.8699671349717819,False,"[0.01, 0.99]",0.0,0.0,stationary_gaussian_fgn_known_zero_mean,-279.65732743160606,True,1.0690787523993028
fGn_0.85_n512_r54,fGn_0.85_n512,unknown,0.85,,0.7956605880404874,False,"[0.01, 0.99]",0.0,0.7562460372004702,stationary_gaussian_fgn_unknown_constant_mean_ml,-251.0596131273296,True,0.9323709618824223
fGn_0.85_n512_r54,fGn_0.85_n512,zero,0.85,,0.8363772938336039,False,"[0.01, 0.99]",0.0,0.0,stationary_gaussian_fgn_known_zero_mean,-245.19814244631016,True,1.0129677821800518
fGn_0.85_n512_r55,fGn_0.85_n512,unknown,0.85,,0.8589375241289351,False,"[0.01, 0.99]",0.0,-0.28472009508990503,stationary_gaussian_fgn_unknown_constant_mean_ml,-339.39636220777777,True,0.9769267135322534
fGn_0.85_n512_r55,fGn_0.85_n512,zero,0.85,,0.8623764629196663,False,"[0.01, 0.99]",0.0,0.0,stationary_gaussian_fgn_known_zero_mean,-338.9087271776599,True,0.9867775327740743
fGn_0.85_n512_r56,fGn_0.85_n512,unknown,0.85,,0.7823668393084426,False,"[0.01, 0.99]",0.0,-0.17783538360462875,stationary_gaussian_fgn_unknown_constant_mean_ml,-294.1574498529967,True,0.8760248657276777
fGn_0.85_n512_r56,fGn_0.85_n512,zero,0.85,,0.7864809564159325,False,"[0.01, 0.99]",0.0,0.0,stationary_gaussian_fgn_known_zero_mean,-293.545900904292,True,0.8818638993254012
fGn_0.85_n512_r57,fGn_0.85_n512,unknown,0.85,,0.8900596915259439,False,"[0.01, 0.99]",0.0,-0.12916346621617358,stationary_gaussian_fgn_unknown_constant_mean_ml,-320.3266953962093,True,1.099601343791909
fGn_0.85_n512_r57,fGn_0.85_n512,zero,0.85,,0.890533401394426,False,"[0.01, 0.99]",0.0,0.0,stationary_gaussian_fgn_known_zero_mean,-320.27168587390406,True,1.1016228700677404
fGn_0.85_n512_r58,fGn_0.85_n512,unknown,0.85,,0.8529218158276155,False,"[0.01, 0.99]",0.0,-0.34812630117610455,stationary_gaussian_fgn_unknown_constant_mean_ml,-261.4683524877755,True,1.037445905307254
fGn_0.85_n512_r58,fGn_0.85_n512,zero,0.85,,0.8583910882889562,False,"[0.01, 0.99]",0.0,0.0,stationary_gaussian_fgn_known_zero_mean,-260.7867866010781,True,1.0533054890313893
fGn_0.85_n512_r59,fGn_0.85_n512,unknown,0.85,,0.8240611930820883,False,"[0.01, 0.99]",0.0,0.2791243734752951,stationary_gaussian_fgn_unknown_constant_mean_ml,-351.0117370962431,True,0.8899707054674143
fGn_0.85_n512_r59,fGn_0.85_n512,zero,0.85,,0.8303854062511831,False,"[0.01, 0.99]",0.0,0.0,stationary_gaussian_fgn_known_zero_mean,-350.15670371796796,True,0.9024339800487364
fGn_0.85_n512_r6,fGn_0.85_n512,unknown,0.85,,0.7937293092944476,False,"[0.01, 0.99]",0.0,-0.036541439148514335,stationary_gaussian_fgn_unknown_constant_mean_ml,-301.3546308584373,True,0.8849595587625287
fGn_0.85_n512_r6,fGn_0.85_n512,zero,0.85,,0.7938596007945216,False,"[0.01, 0.99]",0.0,0.0,stationary_gaussian_fgn_known_zero_mean,-301.3318795465807,True,0.8851614029199357
fGn_0.85_n512_r60,fGn_0.85_n512,unknown,0.85,,0.7890214876916231,False,"[0.01, 0.99]",0.0,-0.2934804753950928,stationary_gaussian_fgn_unknown_constant_mean_ml,-307.42725122369234,True,0.8733286572136423
fGn_0.85_n512_r60,fGn_0.85_n512,zero,0.85,,0.7996366204804464,False,"[0.01, 0.99]",0.0,0.0,stationary_gaussian_fgn_known_zero_mean,-305.95586340527484,True,0.8894422867353416
fGn_0.85_n512_r61,fGn_0.85_n512,unknown,0.85,,0.8007396184370891,False,"[0.01, 0.99]",0.0,0.08510789010487338,stationary_gaussian_fgn_unknown_constant_mean_ml,-310.9881831945095,True,0.8867047827504102
fGn_0.85_n512_r61,fGn_0.85_n512,zero,0.85,,0.8017437718966044,False,"[0.01, 0.99]",0.0,0.0,stationary_gaussian_fgn_known_zero_mean,-310.8767291192538,True,0.888293770427212
fGn_0.85_n512_r62,fGn_0.85_n512,unknown,0.85,,0.8727379035074943,False,"[0.01, 0.99]",0.0,0.4176333865357583,stationary_gaussian_fgn_unknown_constant_mean_ml,-281.44354773798364,True,1.0763709035740199
fGn_0.85_n512_r62,fGn_0.85_n512,zero,0.85,,0.8794460620342495,False,"[0.01, 0.99]",0.0,0.0,stationary_gaussian_fgn_known_zero_mean,-280.74521348377993,True,1.100734538353425
fGn_0.85_n512_r63,fGn_0.85_n512,unknown,0.85,,0.8679947423613024,False,"[0.01, 0.99]",0.0,-0.2580126129920258,stationary_gaussian_fgn_unknown_constant_mean_ml,-285.5240305201437,True,1.0566765845570678
fGn_0.85_n512_r63,fGn_0.85_n512,zero,0.85,,0.8702623722594319,False,"[0.01, 0.99]",0.0,0.0,stationary_gaussian_fgn_known_zero_mean,-285.21499516191466,True,1.0642485045683654
fGn_0.85_n512_r7,fGn_0.85_n512,unknown,0.85,,0.8201218287532795,False,"[0.01, 0.99]",0.0,-0.25021234297544476,stationary_gaussian_fgn_unknown_constant_mean_ml,-362.71647093071545,True,0.8730178179356902
fGn_0.85_n512_r7,fGn_0.85_n512,zero,0.85,,0.825706180495249,False,"[0.01, 0.99]",0.0,0.0,stationary_gaussian_fgn_known_zero_mean,-361.9629735852677,True,0.8834440716091898
fGn_0.85_n512_r8,fGn_0.85_n512,unknown,0.85,,0.8098673338369288,False,"[0.01, 0.99]",0.0,-0.6286928138044388,stationary_gaussian_fgn_unknown_constant_mean_ml,-323.1913167280711,True,0.8901439721574519
fGn_0.85_n512_r8,fGn_0.85_n512,zero,0.85,,0.8364887989678803,False,"[0.01, 0.99]",0.0,0.0,stationary_gaussian_fgn_known_zero_mean,-318.8578885444299,True,0.942895548159777
fGn_0.85_n512_r9,fGn_0.85_n512,unknown,0.85,,0.8493441056301718,False,"[0.01, 0.99]",0.0,-0.030205521907955682,stationary_gaussian_fgn_unknown_constant_mean_ml,-299.2958844301701,True,0.9907609440125076
fGn_0.85_n512_r9,fGn_0.85_n512,zero,0.85,,0.8493401537896381,False,"[0.01, 0.99]",0.0,0.0,stationary_gaussian_fgn_known_zero_mean,-299.2896828178418,True,0.9907571431121289
