cell,input_seed,record_id,repetition,resampling_seed,sha256
AR1_0.8_n256,13072613229324679070,AR1_0.8_n256_r0,0,6057223418428071214,a118969f3e5544ec4883756a4a12443f1757d0acfde417b816f878adaa1dbbac
AR1_0.8_n256,5873482576074036794,AR1_0.8_n256_r1,1,7330818150511109640,5a9d7d793b9461518ca9c3498c1b3a414bb39771e8ee6523a1ae67fb8ec7bc76
AR1_0.8_n256,14106314851864740623,AR1_0.8_n256_r2,2,15198117689568113456,85279ba770724ccda09bca5b0c0569c757def9cb21fd7dd497d2bd2b6a5dcb9a
AR1_0.8_n256,1756351291546819128,AR1_0.8_n256_r3,3,5246068011599544144,b14a03ff891ab58228d25eb3b2f8565b6efc15e8cf5061ff1a171505fcab6e3f
AR1_0.8_n256,15767057659482819195,AR1_0.8_n256_r4,4,17273306166736211156,3f77c74dd0598d24e4a03c047491dab605b033e7613b2cd9c37250422182668d
AR1_0.8_n256,18344926586107978665,AR1_0.8_n256_r5,5,15323974291197922630,bde5f0c1111dec05ea4efd6ceb93efa72386576e4dd957917bda4d10031a79b0
AR1_0.8_n256,6907038608916151225,AR1_0.8_n256_r6,6,859840680100095717,0a8ab5ba5450803b5d507a5c83d8b2548f2bf3970772a365a814121610e691d1
AR1_0.8_n256,3464287356110954476,AR1_0.8_n256_r7,7,8391574246849053954,164a849a450f7be56bef93fadaf00cc1e963bc5c3184e374de22f7a7c5b2b045
AR1_0.8_n256,12285200236927072449,AR1_0.8_n256_r8,8,12441859200158416802,1e2216b80947d24f5c93dc2aa67b1f4630f1583490cb60062f7d6b3d4b10292e
AR1_0.8_n256,211581716423169294,AR1_0.8_n256_r9,9,12258574049128508551,76f82c11656ec4eb31614ff1586a02a30f768819f0c534eb7a1911a135046def
AR1_0.8_n256,17124276942685562339,AR1_0.8_n256_r10,10,14984311562877800192,9f1269638e497844c19ea3a3ba94d9fd8eefaeebf12ba2f375362db231fc6d2d
AR1_0.8_n256,16323145177519008501,AR1_0.8_n256_r11,11,11131476388980533189,f80a0c8b2340acb04aff15ca56f4f2f87016a41c164b0e462e7b6899fb0d34cd
AR1_0.8_n256,17712245781610960754,AR1_0.8_n256_r12,12,12354155085061089616,143914aacbd7ca4a9c6c937194896fa04713b4a0c8d97a26d393fe64de483c1d
AR1_0.8_n256,3776467323777732157,AR1_0.8_n256_r13,13,10473621245288044665,f771837b807069332397937b23dae179894b0ca908f536d1f5bb6312d74756b8
AR1_0.8_n256,17642279551006092311,AR1_0.8_n256_r14,14,1956910399199786785,573da74a9c8a848aff84da9c6731164cfd94cc6402f0798f085495a1013bd7ea
AR1_0.8_n256,14949149742076382395,AR1_0.8_n256_r15,15,10861839370051935375,cef6b3a6a570eba4988f414f53bbfafce3776333b15b4a378a6489b8937df55f
AR1_0.8_n256,3290494296924252871,AR1_0.8_n256_r16,16,11490669224289497734,d7a246fc97dbd8bef6d5cec7724527fc78b133f76ae449e7f98502cacf1694ba
AR1_0.8_n256,7390167455043202434,AR1_0.8_n256_r17,17,10243732240086236246,86e44bcca909d286045184bbf5a2c92519c03e5947615a1650e5181d73f53c40
AR1_0.8_n256,2206619210536459327,AR1_0.8_n256_r18,18,5794655929903430012,b79faad9e5f4ab8ab90c3e4b61aee5faa89d00d78a2bea115ba57a3369b0da7b
AR1_0.8_n256,3615906818843476211,AR1_0.8_n256_r19,19,2833354923978446857,e6ba48a558bbb3ab095e9c3ae899df546f63813ec745a5f2bbd4890a8455472e
AR1_0.8_n256,3257654038417410357,AR1_0.8_n256_r20,20,12682347118787107217,c57452cee26f1bd44e2cfdd7810cbfbfa759a0cc5ddea156c45a73b844225dd3
AR1_0.8_n256,8104925192637472149,AR1_0.8_n256_r21,21,6041211926740160436,41c474b8a27addfdfe8f805d7d6ef50213611ec17dff2cac313fe971514e6b95
AR1_0.8_n256,13038480464544709590,AR1_0.8_n256_r22,22,17419348486622244447,fb5d519c4fbe70a7efaa8ea12ec68f71347abddc049187a26800b7329300198c
AR1_0.8_n256,11542418928202828517,AR1_0.8_n256_r23,23,12651185870468162487,95f886a8d5afc0d941fb774848c70dca46677262337070bb3d90ea4899974ac2
AR1_0.8_n256,18344074079723798195,AR1_0.8_n256_r24,24,4139446715942673758,708f32c7f5471eb6c4b7610e671a470cf79c669b9595458c884877788ab1fb8e
AR1_0.8_n256,508836030555761309,AR1_0.8_n256_r25,25,18297500009168933204,009282a188404e306c30f3b84723076705877850dd3929fa9fe0dc1c654308dd
AR1_0.8_n256,10872751621103360656,AR1_0.8_n256_r26,26,3119854236633051925,22235f991bbe4f3bc8d9371bbd972042a8d5734e70c97b7c1c9610a6db1f9ab9
AR1_0.8_n256,12198017165773432162,AR1_0.8_n256_r27,27,421999301377324097,67df841055bedbfb309285b5306882e92a3d50f1f6b260e948377398514e93c5
AR1_0.8_n256,1145596683574717123,AR1_0.8_n256_r28,28,3901610177931064439,34db6ec92161cb4f3aaa6f57ad7917e0ae3266ea9995e643be37e02cca36780d
AR1_0.8_n256,9606434979115234398,AR1_0.8_n256_r29,29,572117167049759179,4087e8ed386118125fb6210c6455391ae04738a052787f8bb6d72456e9715473
AR1_0.8_n256,494713764442731337,AR1_0.8_n256_r30,30,15582789517431152049,2162917b4319bb1f9f6a81f795d4df7ad9cd182d13618823dc2471a3233fd226
AR1_0.8_n256,3581072243656657821,AR1_0.8_n256_r31,31,17526152590803225866,541640abef807b4ac1e1ca7a4867717a708c4be35d418aa216f37610b7291113
AR1_0.8_n256,5682368211055237507,AR1_0.8_n256_r32,32,10117323591119208422,ac97544784988d3562bb6a951576ed8bcdd838d71fd6c1e5250936f49bba080a
AR1_0.8_n256,7091307424601394611,AR1_0.8_n256_r33,33,6862226423267775194,5edf6e39f22f5800ac1f9cf61942ad21788703ebc8dc350f01ed6879c14eac2a
AR1_0.8_n256,723626651266059825,AR1_0.8_n256_r34,34,8243361429135497147,9d778bcd9f0986c6328916293369671e4bfefb7836bc6288aebb53657db604a3
AR1_0.8_n256,5561140041461163781,AR1_0.8_n256_r35,35,13790357082356726314,87b11142f92b2803187a06397f07d650b618919931d5bc176b29b3bd5b759da5
AR1_0.8_n256,12180653807186060018,AR1_0.8_n256_r36,36,1386522559020370731,f1d26b61e8e0e97e4eefef6c7fb81000824f3b34f4cf4215a01d07299650afe7
AR1_0.8_n256,4699415597036278200,AR1_0.8_n256_r37,37,10147887842886932373,c4f0ad163fd1b9b330cf999e27d2d110e671b88480d68f7c3da54830bac6a24a
AR1_0.8_n256,10086748285971559765,AR1_0.8_n256_r38,38,17832292635135001684,fbde06d7f16f4e05444a2132352485cf1f5a4da1b163bbe7ff8cd131eaadb49f
AR1_0.8_n256,11410097909600910082,AR1_0.8_n256_r39,39,10179849650319643351,ee15138ccc394c48fd6d95265e99ea6d93aeb5844f9665a5c279c6cf01420231
AR1_0.8_n256,1442381893834819555,AR1_0.8_n256_r40,40,8901590889534088207,df013550cf1684e4ac6da43545b93b68127230b263c04be9db78efe472a5e5ef
AR1_0.8_n256,6877746047087595638,AR1_0.8_n256_r41,41,15279366095680076072,5a445f02d8d78cb70d63962426e86d73d2b43592715fb6ef19964d63cb45778e
AR1_0.8_n256,11457758719766717744,AR1_0.8_n256_r42,42,14299614659637039627,675c1ed43e7df4804782a982111bc1f79de67447e8eaae889921f1d3e8b701d0
AR1_0.8_n256,12064744640431927489,AR1_0.8_n256_r43,43,470816359563604112,c22950f66d8dae9e6f36127c5c4ce92cfb4d1dc0f275ba5ca700d973b319d432
AR1_0.8_n256,4131038168669293286,AR1_0.8_n256_r44,44,3105887828283414184,8bff07cbd514a45576b3477579eef877c9d2746ca403fc698e210ab6b49fd646
AR1_0.8_n256,12279343850455331039,AR1_0.8_n256_r45,45,8446006805170279072,1c2cb6cad46a4c36b4fcefe0e940e54be7ae608c5c988a1d52136d142ada7f3b
AR1_0.8_n256,5010658159550472663,AR1_0.8_n256_r46,46,14907299477374997376,a3e3bd5425032633aaaf8c6bc5c4244fcfd2ca1d96e2e7fb3dcd1509d9b40ca3
AR1_0.8_n256,5429936377162177240,AR1_0.8_n256_r47,47,8744845458272007858,f5ac1064c32811546947f1d6d487f01daaadf9c2e32f846fb2932df2a4032974
AR1_0.8_n256,5129480713357441314,AR1_0.8_n256_r48,48,9405261792007975240,7e610a91a45e9eec43cd09e95147deb8d5629e812fa1861576b2b8dbeb784e79
AR1_0.8_n256,15863481249803122498,AR1_0.8_n256_r49,49,12465539227377632308,4b4d9c7ea33eaba420a20dc7a3bf29f136ab8aa98c87f68aac2726fb837fe92f
AR1_0.8_n256,14948184728584621999,AR1_0.8_n256_r50,50,18363933428262607547,4bd4ab593adf03ed8772e64c5986ac5a771e6afcbe524086c71ae17ec635a7b5
AR1_0.8_n256,2594518493108840521,AR1_0.8_n256_r51,51,1165415792878575312,6b91b81cd0c6c85d16619f50b1101d906c39cb893cc40357218aaba9713655ec
AR1_0.8_n256,4137724773576195783,AR1_0.8_n256_r52,52,1261164750230115641,a023098ceb64734e729d01da3090b6d3c08cd5ba658800edec323a81f6cb30d3
AR1_0.8_n256,7905826687384846614,AR1_0.8_n256_r53,53,13976409770816715409,f267bcf23dcf335e26ec081ca985c1b4edeef33696ca99f79cdcdd56bcfa96b0
AR1_0.8_n256,2728447095823961389,AR1_0.8_n256_r54,54,15197194737682675003,cdefabd32bdabf98e273768fd98b2d0163ae46932e1e128fd11a29e3382dcca8
AR1_0.8_n256,14341386172394332388,AR1_0.8_n256_r55,55,6059460386146078735,e6b8cd563c4e17519bba8c40386f7e82923f4ede798ff08580b88b634e05823e
AR1_0.8_n256,9194429103388355196,AR1_0.8_n256_r56,56,17388704240888262843,2b38af5d4f4b3f72b25c63f90a2e3dafbd5c17e4b0b14171bc69645231dabd7c
AR1_0.8_n256,12150388911710625080,AR1_0.8_n256_r57,57,3624878863215844457,103c9e1d9bfaa94dbd1da094f72122a11a316efcd6ad7b8f60ed84da324435c2
AR1_0.8_n256,6308001530539375328,AR1_0.8_n256_r58,58,17085985314571820204,811211114dc5bdd9218fd1edd1700a796f9603c059eed03abccad13b9d6202fe
AR1_0.8_n256,705104671746590961,AR1_0.8_n256_r59,59,10515905238139702656,e5e4cc50e31ba487a39991dedd036aeb66fd2301e2ef4c2fbfca6f874182e74a
AR1_0.8_n256,3781829077693334824,AR1_0.8_n256_r60,60,3583515784436425956,33e1794941fc78988a691208a388526350470bda948661d610c5641aa6860440
AR1_0.8_n256,7486404393040137500,AR1_0.8_n256_r61,61,1276345275050956188,9de295ebeb08428e4300f111f101ddc44cace0eb6810ff1355e2556d54a2307c
AR1_0.8_n256,16693242586003725535,AR1_0.8_n256_r62,62,17289901476429439706,14ce15869d02dac39bbfb2b97bb899c44fbd376db5c52623a43155811de7e71f
AR1_0.8_n256,11899233314547623189,AR1_0.8_n256_r63,63,15577268102152049141,201115713c101390bebd60878309f0de9028b9ca7260c9781ec8636930353b9d
AR1_0.8_n512,900559114917621223,AR1_0.8_n512_r0,0,4221443514422940874,134089159f0f6999648f185dc952065a22bd0763bbf140f8dac9506b7b7b980d
AR1_0.8_n512,1447314628909574224,AR1_0.8_n512_r1,1,16676777406677180496,30f6a921882b9ec11a847dd587d8d315a9665eea2ee5787d867a65c2b04dbf21
AR1_0.8_n512,1147457284125815604,AR1_0.8_n512_r2,2,17266467983968796316,11aac45ed3cbe45122720bae6098f7f20ac018906e123c67d9cc9c78f1eb7631
AR1_0.8_n512,3898217940213154635,AR1_0.8_n512_r3,3,17912266866655798356,7847419947c8e14883c79959eb6455da718b908b0e7accbf5f11fedea1b195ef
AR1_0.8_n512,8770676909779814170,AR1_0.8_n512_r4,4,1555719894538630982,dd37ce409044db260b6be49fe60fd5ae226bb833acfee47f3b3bd6b7bd822f0c
AR1_0.8_n512,14004626086496304941,AR1_0.8_n512_r5,5,1291139580554559623,689ba78f092b4cbc5b0a2f59b498d4d8fc6e71a14ddd84a161c6fb483390b2c4
AR1_0.8_n512,8600488278708159571,AR1_0.8_n512_r6,6,4230945308038486912,d09fe9cd658b346d235838f24390cf690137744a6a2e0c2e839a8b76f804f799
AR1_0.8_n512,15170579423381517748,AR1_0.8_n512_r7,7,3857777435481202156,c9f99075968727b502bea9670eb5cb0807dbc8007b0213a656360301d57fb6c2
AR1_0.8_n512,1771319424534632250,AR1_0.8_n512_r8,8,17728932807196300861,6be19bb0177a5a32702da78423bf8681be6876fe0426f4797f166b8e15516b39
AR1_0.8_n512,894813145204571485,AR1_0.8_n512_r9,9,11658229216349312652,72376c64e3b4a2814169cfbd369a5d4d470d29e6a453db1b515576a7850b6236
AR1_0.8_n512,3380689847779848924,AR1_0.8_n512_r10,10,16064137135166101997,0ec24d5c097626dd02fda185d4bae1767ff9048aa4e6b489566fe5f86f6ad29b
AR1_0.8_n512,2693813949367428041,AR1_0.8_n512_r11,11,13330576417347947268,73d790135c72b5f6e6511aa7e479be067f523a80ab64798b15d094f72eedafb8
AR1_0.8_n512,13573172410372312838,AR1_0.8_n512_r12,12,16813172231487117338,fdd7f42e4ef93005da4eb8c5a0d8755fa4acec9b6043e8be0cb61ba01e4651aa
AR1_0.8_n512,11224370488818949069,AR1_0.8_n512_r13,13,10319989997739238045,bbf27c074a16734ba2b1e3f7c5dd141300cad47ec8b22e65d5ef1cfe71562bd4
AR1_0.8_n512,363436494659000470,AR1_0.8_n512_r14,14,7316593853466480753,325df83f49894bf3b4b1a2b00317ad3ef045354c3f2212b6192396488a54f57f
AR1_0.8_n512,3565079577656171309,AR1_0.8_n512_r15,15,1391323957459524964,dfffa4f1ea74fb5f7a21f4cff23ba0a1d0ce2b203ca1ecca80271155249c5be1
AR1_0.8_n512,5017144738869694399,AR1_0.8_n512_r16,16,5353421737141576866,6408b01260f76fedac1e8e6c6e3acf2ee31b619293c9c95a419470b2315f6852
AR1_0.8_n512,1774769562875657520,AR1_0.8_n512_r17,17,6188579291126226646,dcc2ff1f92a06186ddd816b3d38af931b65ea7a4339ad92d9bc3e5f6d566cd32
AR1_0.8_n512,17229613178087637203,AR1_0.8_n512_r18,18,2142124169253553882,aefbf0282bab1de5d1d41bc9afd9155e5301403cc1e8c916aaa3236853063113
AR1_0.8_n512,7723916978949573521,AR1_0.8_n512_r19,19,14036141959056808622,d0919fe8ed23cf361cfd162901f09beb0bc4c517ff52ae4a00bbabeb891cc1ee
AR1_0.8_n512,14278927016231265100,AR1_0.8_n512_r20,20,12281480936394619742,4f61f97f41fb23e4a1c87c0edbc0a28a9ed1712c31d76f9bc7491dabb82c3f2b
AR1_0.8_n512,6941984739178069763,AR1_0.8_n512_r21,21,11824517220473734683,f00d48eb983780a701efc97d6e05f05310e1f64f533e81823545d5e7dbf7dd57
AR1_0.8_n512,15436009958496763435,AR1_0.8_n512_r22,22,5834382830446891130,c23a9bb9a3d7e91c96b44f1112465a155debdf0f0eec567fbff4537522429c27
AR1_0.8_n512,17501042939720304776,AR1_0.8_n512_r23,23,15451052687885781312,e87706623591e6956d4595e54321c1db78c165f25ed2724aabec4491a6197ddd
AR1_0.8_n512,8029539296006322708,AR1_0.8_n512_r24,24,12447443606458318280,411412183489e7f72db9b03cae4427488a788a0886642d1f723d3296824237dd
AR1_0.8_n512,14226246606017414477,AR1_0.8_n512_r25,25,2184609273266354394,b21418d1167d3bfe5973ec5f35384aac3269926bb6dc9732d64477fb29dd3149
AR1_0.8_n512,8927740191629077754,AR1_0.8_n512_r26,26,7669093266371817198,05a5942b4bd89f134800d3f9e6c70e8b2673805e5a18da5ad563a48981b5043c
AR1_0.8_n512,5427355251941423639,AR1_0.8_n512_r27,27,6402137900765830143,daf7cd2425a0980c1361b86c19d7b36b01ca704b84f3402ed1cb7e829ad00b52
AR1_0.8_n512,14920922648106571966,AR1_0.8_n512_r28,28,7310301950985246228,bfb854b930074bfa609f0212f368385e192f11ed5f3eb792c1e89f6dd0ff59e0
AR1_0.8_n512,9212276432756626288,AR1_0.8_n512_r29,29,8381826918425168648,bb9721489d661d648e428ea932fb84c81d864314480b8d83dd1b812cdec595dc
AR1_0.8_n512,6897798266726489521,AR1_0.8_n512_r30,30,14799310454171943650,d28512e90d762625c9d6879f6539886f441aebb92e29f211d8c22e41085b1513
AR1_0.8_n512,6017661363752147267,AR1_0.8_n512_r31,31,6334576374393550021,c335d868134853b37e55a9680a0f589aec022dbcc3bf316d374f0305e9f790aa
AR1_0.8_n512,11251444162016764658,AR1_0.8_n512_r32,32,11857245928527690375,8404dbd3255bb5b0a3e0ce6fb267ca23e9a6bec516a5a170d78b2f6c66b02bf3
AR1_0.8_n512,16705243166318668247,AR1_0.8_n512_r33,33,3752281791591372044,50e0ad995e2deee7dfac708483203157a15637f1dba5db5573163b1b11087fa6
AR1_0.8_n512,9089106876586745576,AR1_0.8_n512_r34,34,13495305533055738833,3e85b328c69bbd32834a6e324bf7edbfb73fb502af21307da51e7eb6702a2d28
AR1_0.8_n512,15350902555547103615,AR1_0.8_n512_r35,35,10833198025072970150,d6e553f031a7da5074af784a0faa052bc01c50070e07033642adabe52634f739
AR1_0.8_n512,9683301132894197813,AR1_0.8_n512_r36,36,8390057081581569889,78cdcdf6b9418d56c1a70506d23ac77b1bdf1de726637324074a7e4b3ccb91ed
AR1_0.8_n512,11282460812542543258,AR1_0.8_n512_r37,37,6720074238303462721,27a46838c535d0c0d73987b9a67181508ec770f15f5869ff875dc2099847965e
AR1_0.8_n512,12372858848701828893,AR1_0.8_n512_r38,38,4787145412702043757,5c31e1a92463b1de3cbc896b9bf800779476f75edeb52c2e75d78d6fd2eacfa4
AR1_0.8_n512,12739452354427465066,AR1_0.8_n512_r39,39,14009003074703166903,0d30174136727de62e1382f2104367d4bdf8ec211e596cbadab7667f4a5f6863
AR1_0.8_n512,7402012108182367070,AR1_0.8_n512_r40,40,9581581771748779980,b99d03c6af3fed468f18cbd997dd2208a9532c5435b54bc1b8150d9fce41b204
AR1_0.8_n512,12273122505741026801,AR1_0.8_n512_r41,41,8832654088597498145,49af92e18fc0a388383851cb10e7eebc3e5b62c0822d4e74d87790e7405ac3f7
AR1_0.8_n512,6723270568726593365,AR1_0.8_n512_r42,42,4867248148291536260,71646f71a7264dd9253aa85bb29ff67e94b796391324f2b3063322d7672f2d87
AR1_0.8_n512,1663748004312153055,AR1_0.8_n512_r43,43,11297438291559142459,d5e2bbe196b5283758a594fa4c988419a44180cbc75152aa5bc023e4cae4537b
AR1_0.8_n512,931747696733773038,AR1_0.8_n512_r44,44,8709840053157365712,783877ded4ef51d006d64d00d5d35956f042f61d8f7f35cefd476fd904804471
AR1_0.8_n512,4995727555460365538,AR1_0.8_n512_r45,45,65023618601342503,dfed3845f831e77ec51ca2b9d069206024098a1f89aa985e5f7276afce950aaa
AR1_0.8_n512,11265107564506813355,AR1_0.8_n512_r46,46,1762726595809035527,47e51390a0acb6b7a5a1d9fba782dc1d9378bbe11749c6f64724302005bca7c2
AR1_0.8_n512,16777304664086894038,AR1_0.8_n512_r47,47,5798435640819496768,41a02e8604b77a37558b4bd4074c630e9ff1564f1d3f54aed07572e19fafc059
AR1_0.8_n512,10213965349540023144,AR1_0.8_n512_r48,48,3676591677402147113,d102d79c9a357fac562c804a8246fd806a16d32bd7a3b9090ebf2e84f231ed09
AR1_0.8_n512,2046770055353627403,AR1_0.8_n512_r49,49,12800112994944873673,011ed4703f17c14a6e023d16b777fa8e240289d23a2302d3048b443ca9d44c59
AR1_0.8_n512,12745508384130099420,AR1_0.8_n512_r50,50,14270651335708160659,61059eaabc1bc3ac7136efaaa41698b00591ecd4be141497837cc5a3c36ff696
AR1_0.8_n512,722684156651694578,AR1_0.8_n512_r51,51,5203651570925453873,80dba7dd31e66886eed48005cab558b76e279ed3ac39410e3aa283ca430a6412
AR1_0.8_n512,916861426057381791,AR1_0.8_n512_r52,52,8844666368199453528,4d8ac48e7936b7ead5fe7de0fe67ca1e3931368a6c42ce6634a26aaeacd63e48
AR1_0.8_n512,18077344593758613120,AR1_0.8_n512_r53,53,7673034169795980443,6f222cab1a97029edf6f3a16f749901395a6e50ea6d640b2000fdb305e7e5d0d
AR1_0.8_n512,12925490211442920752,AR1_0.8_n512_r54,54,4299060056392029787,a3ab6d062894ba889ba56ea0f956fe4286244384d4666d501e1d1165fea61358
AR1_0.8_n512,18311937483035120217,AR1_0.8_n512_r55,55,2497010455096320847,2c0a1a38e85fe65095eb66decf07ea3d52a6aa52b959843127440ded34a5f14b
AR1_0.8_n512,13463553233247798761,AR1_0.8_n512_r56,56,5566919388876459404,0fbeccd15ad927addd45e81b5c1d4729fc1e32471f77d4dec83cffa379c695cc
AR1_0.8_n512,14637727046501585083,AR1_0.8_n512_r57,57,925423773668985977,2b3c1e1370b600d30b533dd72fc1c4f71571f9a4bd2a8868a84e50e524146a0a
AR1_0.8_n512,6213982579937973815,AR1_0.8_n512_r58,58,18429731764646912009,81fff0718158e1e0d3929732416047572dafa01866aba1b474899073f8b9a519
AR1_0.8_n512,17183083303522325889,AR1_0.8_n512_r59,59,9487764485282236843,1e4c290d3e185b185b05786a7c716b77392fc94150be8fdde751d3e6d10c9600
AR1_0.8_n512,11097957102322909914,AR1_0.8_n512_r60,60,13260806987721051669,48f51927d83be69b363ffa4e3bac8aca6b1cf56780c23f4b34af8547cb9b4f2e
AR1_0.8_n512,14183703058655044288,AR1_0.8_n512_r61,61,9608820287087448035,e45d1482ae09d763cbb68372b80a9b7b24a34ed91435a58a44df624166705475
AR1_0.8_n512,3026497326942657451,AR1_0.8_n512_r62,62,9696573215672024833,2c3ea35eb02384141a6ec394da5cbbe0516ad723e9c33eefafbcc6f2361bc1f1
AR1_0.8_n512,14451347171181278922,AR1_0.8_n512_r63,63,13458298193151881176,3d5438ddde2af42b4ab7591d9769f4b08c9671871c3f56ae433dce71f4fb9a11
AR1_0.8_n1024,3694703315824074509,AR1_0.8_n1024_r0,0,2557617309924752633,9a25a2b3b4535adf0cca4ca9c41052544507157f0f6409772e52c25239ecd8a1
AR1_0.8_n1024,4722261548869298057,AR1_0.8_n1024_r1,1,7637407544443784344,86265e077d93ef3c8665b0483bd81e51c81c18c0e0ea59a6e7821639f460cf95
AR1_0.8_n1024,13392466449693600700,AR1_0.8_n1024_r2,2,2051523134493372688,afb77df2310efcd5cd1fec3c16f7d7c573ec6d9eb9bfe999ec47d3167edcbe6b
AR1_0.8_n1024,3605481256583432267,AR1_0.8_n1024_r3,3,4490785646761998554,cb0c4cd9504fef98fbda4c67dced9ae3179bdbe7658894aafc75f4bebe68a295
AR1_0.8_n1024,2951657521489130402,AR1_0.8_n1024_r4,4,10674198444446898769,0200f11501a361aa80509706bcc644a998bb6a37bad462282808da07c2682201
AR1_0.8_n1024,7572688414171985318,AR1_0.8_n1024_r5,5,1679630505086048674,42e222a36fb61679ff7b6b41ef130be93a4813bde47e13ea9df705ab78c5c506
AR1_0.8_n1024,7070194633089948122,AR1_0.8_n1024_r6,6,5407946384816327486,08c832b52d03885f592529da513cd7cbb36ce9f7ce916b4427204d61213dba08
AR1_0.8_n1024,5236215687021003404,AR1_0.8_n1024_r7,7,4141395767951224562,0d50cd45a3ac25bb0f49aa73dd174bf5fa0449dd231aa1959cc07fd84ff610da
AR1_0.8_n1024,16816054120074932250,AR1_0.8_n1024_r8,8,7171334429558248460,0119b4b753ac48ee66c1083d0e9675d90017d918af472b58f6168740b4d8bbd3
AR1_0.8_n1024,1135983890629544104,AR1_0.8_n1024_r9,9,8547890669262242231,6ab341482d45225a481d5eb49b4180ce4297b8ee6cb488d60d2c162d4e1e581f
AR1_0.8_n1024,4132085606869730308,AR1_0.8_n1024_r10,10,2023529078425334288,676f78f422b4fd7b8a21fe5b89103bb32eea57a4629d6f6f8e834be258654a33
AR1_0.8_n1024,14180208382231891336,AR1_0.8_n1024_r11,11,2516268692439861519,76d451368cbf78b38ea658b89681cf1a14418c1bbb662043c92bc80701d57fae
AR1_0.8_n1024,514571733760054843,AR1_0.8_n1024_r12,12,8315491170636735820,6c335e9023771642f13ab6f370aa3d4b41d52e053646fa97265cf42c1ff3f189
AR1_0.8_n1024,11656608618843241917,AR1_0.8_n1024_r13,13,12666698640364146316,5ab534a2a4def19872b4c699eb22ebd4672ca357b5a0f94973ad4780cef23bc5
AR1_0.8_n1024,10976241454478878391,AR1_0.8_n1024_r14,14,15690426564896729087,6fe1a591e254a3d077f75bd8593aa657414e209ebaea8c1474627599358d0c8c
AR1_0.8_n1024,10647408715744137848,AR1_0.8_n1024_r15,15,5409179943252738341,1aec93d293d74fc2aa91cb6b7f105d853683c31010ebd90fefd33032053af890
AR1_0.8_n1024,16541983320589690751,AR1_0.8_n1024_r16,16,4340721537001623331,a0d3f4121f0664223e7a99441df364ce44c7edddfd51fc63628ba1a69bdd83c9
AR1_0.8_n1024,5462292012762822528,AR1_0.8_n1024_r17,17,2202437409444372085,e42eeac39eddf040bde2279f755b931a7cb18cbae0a12c4030c2d6f2c1e4cc29
AR1_0.8_n1024,11289084708424077573,AR1_0.8_n1024_r18,18,16204313077635576728,9c3f7c3dea5cded392f34b1d6910b0b154d038a1b7e51e022c47626f09bfe5fc
AR1_0.8_n1024,6534891336181049343,AR1_0.8_n1024_r19,19,15328085499888339617,4f40cf6c29894fade5c0d281f5b1dfd34db5ba428f465803d6b100c202a03ea0
AR1_0.8_n1024,16164394353834382217,AR1_0.8_n1024_r20,20,10108131392377383002,f5e3c97b5609b2f1c6c4de1c6699e37625d9bcd4dcf536c2f2f55a1c949c02ef
AR1_0.8_n1024,14518847888416665244,AR1_0.8_n1024_r21,21,15171387724981872422,d277718455bcf842431b42f4d86ebaa213c556b6525ba53cad93a15ab15f0d63
AR1_0.8_n1024,1606511454341209277,AR1_0.8_n1024_r22,22,14682539325045169647,c19c4fff469fb9b449f84b52a7cdd4a67eb36099bf6183251966151ff221a037
AR1_0.8_n1024,3434338494531337814,AR1_0.8_n1024_r23,23,15049085471902417756,3ac62c49280decac632a04d1d07d8ad14654609938f4465190dad1959abcd49e
AR1_0.8_n1024,138371983901090473,AR1_0.8_n1024_r24,24,9230679994980568139,b3d09f667e369022bd6b5525bea07bd5011ef790fbd2c78495022265ff0787b8
AR1_0.8_n1024,11502783910560128697,AR1_0.8_n1024_r25,25,9442818693352773652,9f912a6a1941fd73a26d3f1120796b51860f6b9f238626b594f1ea08ee9c2500
AR1_0.8_n1024,5470970522801980018,AR1_0.8_n1024_r26,26,16338087184075754596,7c97c5a90ac4b35b84118d9f9038dd4da96620542fe2a63b9fd79211b87cf75f
AR1_0.8_n1024,16272190223052926596,AR1_0.8_n1024_r27,27,13930913808765276835,df615d48ea8af829eb42fb21ccb0f8ff598fc892255e831958ee029f85ed9298
AR1_0.8_n1024,17355410011737269999,AR1_0.8_n1024_r28,28,15795007228318936563,40dab2f484b1424da1eb237fce341f4afb90cbfe0148e2c1b69947810b74d580
AR1_0.8_n1024,4382065479506354280,AR1_0.8_n1024_r29,29,15796499197323766872,e1882869124a31b1e1bebaf45c7d4649a5a6dc7ac0003aa5410d86fed0c49550
AR1_0.8_n1024,5825577296570215756,AR1_0.8_n1024_r30,30,8105879995249408077,b8befa08d746334c3ccd27bd68655c603cfa9f8e3ced0afc45be39bbd0642797
AR1_0.8_n1024,14099307898146962141,AR1_0.8_n1024_r31,31,12578864157982320883,3a84eb4f780a1c88e823b61d946910fd194b0b707f838ff89f2803169ce22826
AR1_0.8_n1024,13847581203377889849,AR1_0.8_n1024_r32,32,2970844769889526082,ae7d542cd06f1326d760c4fb57b49e3bae02a6fcaa136fd647826eff5857dd79
AR1_0.8_n1024,8323049837702385261,AR1_0.8_n1024_r33,33,5065123314734962427,637d4d853dc2745b4305d3bab99f371c7a4b902017b44b0e75a09c926546a8b7
AR1_0.8_n1024,18299593722506144867,AR1_0.8_n1024_r34,34,178174215647016351,49eee8d67526c6457e75b829920363279e980680483bd14706c43c5c31cb4c96
AR1_0.8_n1024,9633159311675651312,AR1_0.8_n1024_r35,35,13754889876328937084,e8ce2c69ec53bedab85dfd542fbddd742ba26fdb460061f45be333be681ef3ce
AR1_0.8_n1024,917270663873859813,AR1_0.8_n1024_r36,36,3598705117534364476,7e6e9b16f3f82a7df5547c224368286aea5a51dce475b46ac082b65c1e6794c6
AR1_0.8_n1024,10670225584918663978,AR1_0.8_n1024_r37,37,2309268908873064532,e52ca6bef195d0db960d9619440e70d5b49a7ec007bbf7ff79e097fba36186eb
AR1_0.8_n1024,6897002280254522189,AR1_0.8_n1024_r38,38,8479732384418609414,f46dd82bfcc9e65aad0551374577af292e306793f32a4e3dbb25dd13d2b9acdc
AR1_0.8_n1024,15074861887228713873,AR1_0.8_n1024_r39,39,10271018650850868540,139638ad43bf13e8da2ede58a246170eef5dfcdf245916775fffa14ce827c74d
AR1_0.8_n1024,4575139278433233427,AR1_0.8_n1024_r40,40,6121923708182576517,ac35170c4d22fe6edf57d0b9c436d5e1ccfbe3a78b8d13e9030c1fcdade66c78
AR1_0.8_n1024,3146471684052546754,AR1_0.8_n1024_r41,41,5981516212662019053,d8959905893acceb3f9c1a971718e43fa581667a22fc8de938b426cf8a69baba
AR1_0.8_n1024,16812876979616501640,AR1_0.8_n1024_r42,42,294897198095120359,ca9bfc1ce204122ba2bbfc26f8be2f2232060e8699ac891fb749627caec45bc7
AR1_0.8_n1024,8198329935964787328,AR1_0.8_n1024_r43,43,17603405606310813564,c6c6804d851caedbe11da780fe967e1cebf90ae6c110be2edd7ec322fa7d1d06
AR1_0.8_n1024,12716380576150083111,AR1_0.8_n1024_r44,44,15770084610928163816,e61794d4bd14f452769260d4846e222d3002f4c40a5a9308ff77ab797efa6272
AR1_0.8_n1024,3793452533707719532,AR1_0.8_n1024_r45,45,16971771603490846390,c7ec87652d5bd694267ec80e2285439defa91379053b463c06dda9d0bd8e9ba6
AR1_0.8_n1024,4737787823456055057,AR1_0.8_n1024_r46,46,13134008961276588829,f8198308fb4d619b41eb1cdf37f9dccde3234d57de89b985f72b50d0fc7ae65b
AR1_0.8_n1024,10445375430500366606,AR1_0.8_n1024_r47,47,18300376589234787696,3ad54e1960d60aae1a3db61dd7579b605bda01f171ae77e746353ac43b45a0af
AR1_0.8_n1024,16468717161967034627,AR1_0.8_n1024_r48,48,10566658525777333715,f019dcea9243afb9f9e89dc89b92bb5484e02c8b2360a6d020876263782f1be4
AR1_0.8_n1024,6417501220175425364,AR1_0.8_n1024_r49,49,2116294764415726193,a8be15d5d39dbb8de6ea4216eac3952f550020c03fd2df079b5cc808788e6d29
AR1_0.8_n1024,4341896637018864838,AR1_0.8_n1024_r50,50,332139572932122757,f17e524bd572f7337b0eb0aef89843db1cd39f031386cea49d4635264f840b3e
AR1_0.8_n1024,898830027324213170,AR1_0.8_n1024_r51,51,13297717818870425972,42d83971d91cbc262136fac4154c15375ae5784fc1ab19d232fc5cda9eaabdb7
AR1_0.8_n1024,300644987051628000,AR1_0.8_n1024_r52,52,16084482637752193399,a01156b862a9fc0809405cecedf70d4bd29ec9b1e175ec9f73f2ced5c674d0e5
AR1_0.8_n1024,14686648603214720362,AR1_0.8_n1024_r53,53,7259452187000284550,d4e5354e782d68068a40939edcff978eb005996ed6373b3532ad69d7c9447488
AR1_0.8_n1024,12634589928459669871,AR1_0.8_n1024_r54,54,17366822557472736673,9e579b7e77916e56b11372a5b203d100b1ed9db506df57b90c534439271d2262
AR1_0.8_n1024,15623691298118813534,AR1_0.8_n1024_r55,55,3312777170902165243,667160dd8b39b8b9b235beb8c4d8963ecc612753acf05e672db6721e899b0312
AR1_0.8_n1024,3950207993554391834,AR1_0.8_n1024_r56,56,5669445160041073285,bb01120dc6391b4df0747c18138e85f28329cb24b5dc2ff3037d71db276d52c6
AR1_0.8_n1024,9413521104371110616,AR1_0.8_n1024_r57,57,11293714739917166018,ba190c290fe4ed2da1e2fe119a683be43b6d0771268463a5dfe0cd82a75c0dba
AR1_0.8_n1024,16589589563472324164,AR1_0.8_n1024_r58,58,1849259350981812564,661e6a1671e33dc605cba51c73f803884cab39d2a39c0d451bd65c94f0bedda9
AR1_0.8_n1024,9739947085483606441,AR1_0.8_n1024_r59,59,16554335349557034856,61432423dee55d07c90d5e5b7e9392fc233f4ed89d834a0fd4247cdaf9cde258
AR1_0.8_n1024,2402547434849922632,AR1_0.8_n1024_r60,60,8586729967109655398,23c8e5b118c285730b89141acc39f5870af53fdd86c3e17e1200dfc67c685626
AR1_0.8_n1024,9137886928689703892,AR1_0.8_n1024_r61,61,4697872774154513502,a2e9131d4dcfb662432136b4f8cedb88a8d07103e7f35ea558cfe1daf53833e1
AR1_0.8_n1024,2687614428365916161,AR1_0.8_n1024_r62,62,1748888255173505965,a760a8616751feb9868d8bafb62d86551aa82facd936ba57a160e886c929aa07
AR1_0.8_n1024,18065569944035979313,AR1_0.8_n1024_r63,63,4987519920660876893,d265138b262a7139b920267f4c0bde7e3c2c5fdc3b34da662cf8f6a60e788bb1
AR1_0.95_n256,2261511076687772859,AR1_0.95_n256_r0,0,14938999947522627808,3d1d506a1c2afe5d4eeeac3a5398484530752beb172ac2b492a45d1223ffd843
AR1_0.95_n256,15710869612549260324,AR1_0.95_n256_r1,1,13531560011541536416,4d349d4345b253faeaa0526c5a3c356b582fae517b7a24fabe5450e5c9b0481e
AR1_0.95_n256,11356267370056981078,AR1_0.95_n256_r2,2,14916809747643662334,590dfc09f512279881f158f8be7468d1e8b9af85f64864978a4b91282e4c9ee4
AR1_0.95_n256,3985070329291898690,AR1_0.95_n256_r3,3,2192947862635899306,d3fac7eb81446deb98f567d8f1509d32d38d1905591b94ddd28514f8adeb67f3
AR1_0.95_n256,16115679948634702812,AR1_0.95_n256_r4,4,2967560250210056067,ee1bb71d03d1a7f7b496638e82931aba5d740e501ba320481d7f768dbb974c84
AR1_0.95_n256,6693940429268935473,AR1_0.95_n256_r5,5,16556471925700954618,164aef594dd250d920d7b9d1b49c8537782ef20110e287c04ba2f8afa751cc59
AR1_0.95_n256,48777867495325951,AR1_0.95_n256_r6,6,9075388823469859008,406d7c7e7bf3550010451ef5b93f3dc4f2728d604b33d46139141b53fd20cd09
AR1_0.95_n256,14193867956705195467,AR1_0.95_n256_r7,7,2536257101376853622,c1964900a5c454f5aabe390202b1e6447a51f63cc0b7656e30cdf6c03e41372d
AR1_0.95_n256,7258069258824898656,AR1_0.95_n256_r8,8,9561542583330689668,59ab8d25b40e377f3067ce2359412e60fcef84520d21abd0f347480d7f508e95
AR1_0.95_n256,1218985707063240031,AR1_0.95_n256_r9,9,17387511610369896984,0f9cc83d110ec3f540abda696459d13216c15e3473c64760fa1d15a5493d7c07
AR1_0.95_n256,7912399307875196291,AR1_0.95_n256_r10,10,9087749300709855073,141ec9eda233792336c5be393b145753cc23973cd1e1e6b6b5a7cd713dc597b5
AR1_0.95_n256,18280807437512434242,AR1_0.95_n256_r11,11,2626472165228268106,ed3ea80ffd29ec324f7dd5267e083fb9cc715a684becc53675a1f6688e65fd2e
AR1_0.95_n256,8297534394739713853,AR1_0.95_n256_r12,12,2775275923026562173,2d79ebee528d4fe99ab7b98fc24f404ee61035a7f2b1ad24ae3b0cd7aa14424a
AR1_0.95_n256,6988600058881407666,AR1_0.95_n256_r13,13,4546061340372045620,9a1899bee0f299b608757d65632e6ac06ef0d216b99f3c655030ac645dd0abec
AR1_0.95_n256,3737349586049208503,AR1_0.95_n256_r14,14,13228129070481803667,47cb166dc203684c31cb563e102650c82975fe17010a6fb505832d8649c01cf7
AR1_0.95_n256,13866006065998567172,AR1_0.95_n256_r15,15,7845008649037576192,e0db7ed987c9df0dc460f7d9139f3d94d428ef6ce7dbab27b378f17628088f2a
AR1_0.95_n256,8118615319293093945,AR1_0.95_n256_r16,16,8579668557963227923,3545e19ce8fe972ec8385fa28089af1025cff619fb516cdb4859921387ca241b
AR1_0.95_n256,8256597217701454373,AR1_0.95_n256_r17,17,1308329710676288602,5a4a1fe5b56a3013dbbc2c4f2d83eedf7e466e3581fa402b3083341c7b5f262a
AR1_0.95_n256,2040581362149072416,AR1_0.95_n256_r18,18,4284010438975044025,2a6a4d21f48bcc9d8546d577c55c20cb4d1ee5ca014b886c97615f74ef7b298b
AR1_0.95_n256,3294333443352977383,AR1_0.95_n256_r19,19,18415612906951579584,3e63f0d97a52acbd698d0dd6a778a1c18b616681731dd86038e81d436a5c2561
AR1_0.95_n256,12686044815830533510,AR1_0.95_n256_r20,20,9223334818040030180,a3245cce44c0df264ffcd8009cd8402e02b160ade2da9e4f49a4532cf173787f
AR1_0.95_n256,9597498702984955476,AR1_0.95_n256_r21,21,2125152887747143760,346f4fec7a1810bc3a8ec9b10a1917d2a30595b251bfd3072c041aedeff1f33a
AR1_0.95_n256,18306102202069441031,AR1_0.95_n256_r22,22,6318992497374923518,f64b42ed16c028132a53d7b06dcac14ccdd806c117d0d801eac4022a72930e7e
AR1_0.95_n256,18299840844623748651,AR1_0.95_n256_r23,23,3941762901967336502,31bb37ef6dd025e7244d23dd743d579db2aace8cc090a615f9aae0be9ad6e60d
AR1_0.95_n256,15783568640223438597,AR1_0.95_n256_r24,24,12987657458924115533,4bb22b622940763ae26cfc71517356f9f016ce6e376053c352a4677158566a07
AR1_0.95_n256,12217145081616035444,AR1_0.95_n256_r25,25,15972020192380473318,32a92ca718e46e6daa3d8d463a7203c169122fed1d94420a9ffc676095076840
AR1_0.95_n256,8216138585861778628,AR1_0.95_n256_r26,26,12411804576227608208,93ccc3c376b7d844a14db63bc107ffc9f909ce6e1e0e5359d054219e47bb4cae
AR1_0.95_n256,7162717294186958318,AR1_0.95_n256_r27,27,11908523752348353952,9e4aeca69e13b3c16c0a6ae2ebc56de64fc85632922c0eced3da890781905207
AR1_0.95_n256,12883409665842522133,AR1_0.95_n256_r28,28,8829606094834583342,144a18148cbc44caca5c238436ce16c45ed7b643ec4a74beccdf6240a896efc5
AR1_0.95_n256,2753744233554937022,AR1_0.95_n256_r29,29,6777084306031307872,3f296d01984a0a138826ce4f1bb8dc31ffd08ee1323ae962717bf40fd1a15848
AR1_0.95_n256,1884560753523761920,AR1_0.95_n256_r30,30,2860536505034609931,48275a4dff5e1c0b504ecc55ce43638b1f3a64f29b69457fb62fef271d10aec3
AR1_0.95_n256,12336490935062491386,AR1_0.95_n256_r31,31,424742484083416128,81457d0dea59f698892958ae48e84391182ed3ffe3fd6fc6b72536ed6a8b16ee
AR1_0.95_n256,7509631136264459586,AR1_0.95_n256_r32,32,8578200382741033726,0715e101c859d97cabf5b3cf2bc9566a6645f86e772e2d2ab649703084ef2246
AR1_0.95_n256,9531111374003777364,AR1_0.95_n256_r33,33,4335737592825309521,baa3a8a59ebe6d20e7810ded91906c35f86849385402c7a25e1c3253b1ad43f9
AR1_0.95_n256,7849252340891390926,AR1_0.95_n256_r34,34,2650069328391606498,ed4d4099921ee6f452fbe4f54ee10bf2cdcf7c37ad3d960966abd1b7213d065e
AR1_0.95_n256,5265722584051917606,AR1_0.95_n256_r35,35,10542051727674004492,94e7388d03e3b67e0b3734de9d77e2829d9f9a7ed49980863aa5f8cdd1945efc
AR1_0.95_n256,8906193656752711786,AR1_0.95_n256_r36,36,12631337427069246393,2ac4a2967618bec455780aec78b58f568f9c8877cc6457d91287e0165bfb604a
AR1_0.95_n256,12703677524028337679,AR1_0.95_n256_r37,37,18319286443673330282,68cd4937ba804bf30cdd0f8ba12e3878f151351277088e52f63520439dbfd430
AR1_0.95_n256,16524061314176660791,AR1_0.95_n256_r38,38,1852488281869151685,95ee7b7c7d156f1891876943bd537d5efd9c3ee045b542314ae0853f3cdab47a
AR1_0.95_n256,7713511036040926461,AR1_0.95_n256_r39,39,4639722899902517884,e1cc036b1ddda94d7c864beedff84bc7d9b511f5683329a2d8ff328ada87d477
AR1_0.95_n256,11928930833939676487,AR1_0.95_n256_r40,40,387636341731123749,4b03d09e2c85718a4846217cbf69e8a649ea50559fca98561b4abd2f55639fec
AR1_0.95_n256,12363384308462158988,AR1_0.95_n256_r41,41,11965486148183595601,2ac444013094724865e1fa10e4f18ae33657100c51c7a632b8d72f24dd83f5b0
AR1_0.95_n256,16489624651334898000,AR1_0.95_n256_r42,42,6113071112182555521,d2da2aadcfad29a17584ff82fe22f9621b96b50ed2826de0c6ba6d2a274a015d
AR1_0.95_n256,2018643239328609775,AR1_0.95_n256_r43,43,11443172824761535455,15adbf6dd787e4eb934bca2ce7707aa2a226d449864c6f9780dc4a4dd2a457af
AR1_0.95_n256,12686620653572102860,AR1_0.95_n256_r44,44,774144120152454224,1ecdbf2dba00306f78783ee59b5199e2effa72d895593b80ef9dcc13b9835780
AR1_0.95_n256,14002709052614333427,AR1_0.95_n256_r45,45,5564068846728474637,518228cfdda651446fbd096e3a2a1626c1137527a02afe808550db72b80a3688
AR1_0.95_n256,8203334277465096003,AR1_0.95_n256_r46,46,3188083570520097187,9ad9657641e8afb2bd601c1877ea03359c6f6520c69425f45d5b6655b0ac04ca
AR1_0.95_n256,10642752281624565866,AR1_0.95_n256_r47,47,11897889517776130522,ca78f58882395e236df43d4402d4ab8774fdd3bee375acefefbac9753873fa42
AR1_0.95_n256,9767388920354499008,AR1_0.95_n256_r48,48,4721822017503601762,62c21f0763a5ff1bdffeaacc28b94a3f144d3546a66c72a3c13d1a1a00a14be8
AR1_0.95_n256,8225697911961957284,AR1_0.95_n256_r49,49,14713321708834819435,0028fdbbba0ab3eb589f45c66e73369113411912e3ff7c38c7fd76a034306a27
AR1_0.95_n256,5280486409760837915,AR1_0.95_n256_r50,50,8525190940967502955,c3382240fc235a1c5417510a8b4c07fed4e7cfa0350e503dc91a0cb9eb46f904
AR1_0.95_n256,7781881437223693284,AR1_0.95_n256_r51,51,249584167582719728,48a6c0b9852d50b17f8e1aefd0f1ea548d2fc3c3f39696ec8e11a068fb776ac6
AR1_0.95_n256,16529363406146633000,AR1_0.95_n256_r52,52,1174875728008247879,ccca0ba1a44466d80327115ce3c100e0116886ab9ec78c050c65587916c2f096
AR1_0.95_n256,14241293370595646484,AR1_0.95_n256_r53,53,5313575139743029031,c3d421b9e84c0e515a824d97dde6c4d7e8bf46b13ae72141f1bf35ab50d3db5a
AR1_0.95_n256,2897170007036255338,AR1_0.95_n256_r54,54,13869434746593798781,8b6f3883681e8eb7d9c0d8c092da23c4252049143d581c5d93d36909b67585e6
AR1_0.95_n256,16371251783427852050,AR1_0.95_n256_r55,55,7484084991499181506,9ceeb6ac5f58b0b86768c8e3e2fc4302c8e86659c64ecc7fa4d11d67127139a5
AR1_0.95_n256,14708879855320759573,AR1_0.95_n256_r56,56,11199673008329604836,b3687ca0ee1709d45b57ba189d468a89b0f7a29a3cdc19381af614e0d3fa8c84
AR1_0.95_n256,881064968892033830,AR1_0.95_n256_r57,57,6742162820497423211,1844326f79eecf2cfcc57627580371a64565200793434d256f9a970072cef9b1
AR1_0.95_n256,2387886742418478726,AR1_0.95_n256_r58,58,1225737101299794546,fcd4c8b155f7788d5102242e7cf214a95312d089a20fd329948867c1d92e400a
AR1_0.95_n256,11235328225958635967,AR1_0.95_n256_r59,59,14217755199999811263,26bf57df25c10bf624672884a899d16e617d55039ab998d9706197e8f96fedb4
AR1_0.95_n256,10816216703436214551,AR1_0.95_n256_r60,60,1064709951025668633,abd85053f5f0bfb60b35902b64420f79c888a92b7ae36544090bdbac2c139f67
AR1_0.95_n256,5239947782481034429,AR1_0.95_n256_r61,61,16798959795575569353,50f1ecc52d6a8aaa8264511b4a43a60c68901d2e659ce39860c9cb59e2cbd62a
AR1_0.95_n256,13481363075136001127,AR1_0.95_n256_r62,62,9432601426025300776,003fc0e71de17db760386d1ba5a50cda72fb36b0d8781a78fa756ca361d31881
AR1_0.95_n256,13021678867821877364,AR1_0.95_n256_r63,63,15775598627227351634,b2365832887775cf16da9e9db462236cab5f1e8ea8a2b972ade3ed005191ff21
AR1_0.95_n512,7350580491143598941,AR1_0.95_n512_r0,0,14177778379678299785,911281d0c2ee3551156650fe03787506e42fb0621ed793ee51035938c7d5b7b0
AR1_0.95_n512,7479449495737471056,AR1_0.95_n512_r1,1,1511415074541313161,0bede35eee8a15b9666981b2044123f9e170fe175fe8ca37b55c9f266e1e1b91
AR1_0.95_n512,18126397537956714093,AR1_0.95_n512_r2,2,12538019515301697236,bc9daf4b9b7f21e75b5540e286a3150e4e36b5222ad69ee98f224c5840fe0adf
AR1_0.95_n512,16490992200931865540,AR1_0.95_n512_r3,3,11675661180024849320,51b5214bbc1500a3759de770a1f1206bf3a8b91e5275f2de3fd6cd8fbd92eca4
AR1_0.95_n512,7370225983895425037,AR1_0.95_n512_r4,4,2221251053604070990,ea9479c50d88b016c26612aa570653d199fd36f8c18b122d0d525ecfd3b01f73
AR1_0.95_n512,16623649284799279383,AR1_0.95_n512_r5,5,12404767151284245136,84b812a28aa01e57076de4e11faf5c08d638b6275d7f328d62d6c891e7d3386b
AR1_0.95_n512,2648878693332011709,AR1_0.95_n512_r6,6,6766106024652248325,0d7eff1a695fb4ab5cbc56be41ee7008121b0ce178a3fa61a96fcf488a51c726
AR1_0.95_n512,16230617918664794287,AR1_0.95_n512_r7,7,18228212566980865116,8eab98f3d8d3886b5512bc5a69275893597bce9e15d63ab2a1280102d4c8a892
AR1_0.95_n512,2493479561395658864,AR1_0.95_n512_r8,8,5565386606504590520,1bb0507a75daa961d5feb32b54c290d8c8f68fc7c3de62a8ed78d63407eade92
AR1_0.95_n512,11016486980053660930,AR1_0.95_n512_r9,9,18250597393680297954,6e710580f37033ae7a84a42cf3c5b6fd3b56e4d540fa89ec237544a5e097dcc4
AR1_0.95_n512,6882556373596782602,AR1_0.95_n512_r10,10,2393214159487229694,33880662147107866a42e5ca4fb0e2277c3bdeb2c548007fee83e1141835c179
AR1_0.95_n512,3493380731974297716,AR1_0.95_n512_r11,11,1508604534575561686,125ab21e9d2fbac142516e53b336ff50679c40b3f319fc7c0c4e34cce42661ad
AR1_0.95_n512,5120461055572383575,AR1_0.95_n512_r12,12,10704015436504905583,01fd1d08d71d2db09ce06d5bd72371de61c7aed8474c12cd70dd7ea77a903841
AR1_0.95_n512,8612515364280480216,AR1_0.95_n512_r13,13,15115999396086643368,eb12eb9fcbbe17da307ac1062f0fa134d7328b1ae28ac79e81c00ed666037894
AR1_0.95_n512,334710702159841074,AR1_0.95_n512_r14,14,6021017770742568093,455cf410584acd28b1755c34a3d639b7771e38d45b7a097e80ad489dffb2b43b
AR1_0.95_n512,1187031223211031174,AR1_0.95_n512_r15,15,17774226398638260697,8292119659bd14f9d2d09285c6fa2ace350914ce3f99c07bff743afe4593e3a2
AR1_0.95_n512,14673855696395463529,AR1_0.95_n512_r16,16,12642620039946697368,2efb59cdabf45a3cb3caa0b1a6b1a4567ff424834d85063672f4fc4d4add4778
AR1_0.95_n512,1908418861126475831,AR1_0.95_n512_r17,17,9907470276154031880,88110a302952f68d843713fecd8b8fbc3d24639a0007ad92149adafc2ff849a8
AR1_0.95_n512,5832433509329071302,AR1_0.95_n512_r18,18,10680915948741313802,4b8b02dceeec45c305cdef56427ff4c87a43a3411c1ddec632d78a2d8e9aa988
AR1_0.95_n512,9011358972923418287,AR1_0.95_n512_r19,19,9083588615331959196,ff685e473fb7937dc3da2d0371bd830741c62d7480745473da6934e14d6b1b27
AR1_0.95_n512,3729602678658362136,AR1_0.95_n512_r20,20,116357584122911047,7890564b56d727b7909ad39c4fe46b1ab41bae716d916958c2ebde8a47a4d40b
AR1_0.95_n512,6267831798787562135,AR1_0.95_n512_r21,21,1379085367023903917,757d0e03a584616680d6b9eca7fbc9503dc92bb9d40da77392727eec2561504e
AR1_0.95_n512,14120307913879448183,AR1_0.95_n512_r22,22,12917168144746251828,b4730785c9c9b7412ac834bef12fbde057bb1860c281c90433a0514f5a92d2cd
AR1_0.95_n512,12790188227817886857,AR1_0.95_n512_r23,23,6346206189206029568,ca14e58201346322bde95ee1aa7b8a43464dfca5098ee1cf3ef66f59f4e11b50
AR1_0.95_n512,702034932086899182,AR1_0.95_n512_r24,24,16860872080465295684,43243af9ce459adfb6b3435b8da168bae38e14aa7a00257e8e1763e9db902baf
AR1_0.95_n512,8624387677257084452,AR1_0.95_n512_r25,25,2902225051259744041,3dfba09cc0c56bf8752b25f049ffa4a9628dc263dcb9ef2531a167a0659f4357
AR1_0.95_n512,8913420310320391368,AR1_0.95_n512_r26,26,12071615883976339176,71811ce4650cc9cbcc38bbc308df5c0c2c32478bc61dbcc55f5bc6690b3123dc
AR1_0.95_n512,16744378766231516653,AR1_0.95_n512_r27,27,2790854020109516656,2f55dc557544b8db9e3767536905c24daa950d3233ebaed459a4bee43be4ff90
AR1_0.95_n512,9817222943415495735,AR1_0.95_n512_r28,28,6824025264605065473,29c41d4a61dd0f85fa2f3c81bcf0b81d1c578584b75c883b68a1c2f62a83c449
AR1_0.95_n512,15502695874342918748,AR1_0.95_n512_r29,29,7795723315869312450,59159079b64c6f360aa2f152b4681d0d7de607486f4fc411711766c20d42d567
AR1_0.95_n512,7478045283308075283,AR1_0.95_n512_r30,30,8045391131632077866,50766daf2b7d0a4cccecfcb943cfa5a1bb5b288aa389d57f44f991e444bf09d9
AR1_0.95_n512,14460064156664569330,AR1_0.95_n512_r31,31,5514841269579587754,31fb93f5a5b91b1fae927abc3c3020054d4d5e9d355b7ba585d9188fdf1a2bce
AR1_0.95_n512,13079266502209364135,AR1_0.95_n512_r32,32,10260116863836227337,7ec9196686ddcdac2b073739700845851b8b427f716219155b08e9dde0eafe03
AR1_0.95_n512,15805636124393555338,AR1_0.95_n512_r33,33,16089529504128951844,30f75fcae284e9ad9f25d3214525ab38b25b22e5184ca2305aa382314c01f1d4
AR1_0.95_n512,9656873666965334953,AR1_0.95_n512_r34,34,14967772007811341223,9814d6eb09428506f44f2172e85e8327d3630da6b0b0408abb7463181202985a
AR1_0.95_n512,13257918555571056684,AR1_0.95_n512_r35,35,2974149209451403789,54f424e65a7a1d8ee694b773a4debc6d3e43ef8b31a92ec670d395c8b1017783
AR1_0.95_n512,17925812292236503714,AR1_0.95_n512_r36,36,14195777698728726144,fd46fcb9f9920d835dfa024fcb5ebf5bdb370b4be0c712b471e4ae892826ab72
AR1_0.95_n512,15709438940683887247,AR1_0.95_n512_r37,37,2770552281811763314,f391c15192448256300814b3a0b19678d207e8013d02c1647a27f061eaa66518
AR1_0.95_n512,12056730295811154536,AR1_0.95_n512_r38,38,5354199305164832020,e2e868ee9008ddaaa256ed768bf664e5e5400948979b417c03800e726818b39f
AR1_0.95_n512,7036311639587768691,AR1_0.95_n512_r39,39,8335912673861011533,a164688895bf5821a36f811e0858bd2a6033b59a70d39b18b2118f49acbfd9f4
AR1_0.95_n512,12167615944432426434,AR1_0.95_n512_r40,40,16704249343595537460,01fa748fd5a1373b46d28a38fb7713a69de0372f8bc31279d30ebf4c0fd14636
AR1_0.95_n512,5815402551587360529,AR1_0.95_n512_r41,41,3109871454542093698,313ae8e72d672df780529c9207b8a6f8c630e4f3b86956acbd88b0e612371c20
AR1_0.95_n512,18127088208104341492,AR1_0.95_n512_r42,42,12831787007618876880,8d44b97e26e3b4f41520e40bb03c2c68a00a0121e5ec9d5b921e4c13ee04f836
AR1_0.95_n512,11924733577093735680,AR1_0.95_n512_r43,43,6850217540797493237,8e4f9f6ba477fe54d122558dcfeee5a2135fd63aab87245e0f450d2bcb799ffa
AR1_0.95_n512,16324407997040867154,AR1_0.95_n512_r44,44,11198651515761573820,bfaedddb8fdc146a1e0ade933f8c082ca14281ac6a8e4be29eb6418f95516bef
AR1_0.95_n512,8567314956149200934,AR1_0.95_n512_r45,45,8785126341858744733,935d1bd5623f337d54f36a781fdbb7129d21199291dd2963b29ecd0e5e1fea0c
AR1_0.95_n512,2132579129506638131,AR1_0.95_n512_r46,46,7129340198557536833,2ae71dcffb3de41dff9d0138abf8c20fec6af7b6bbf1409e46beccd2f5bc6fe0
AR1_0.95_n512,2468099148963728925,AR1_0.95_n512_r47,47,10845396328130432686,7e85385a1ac2dfcc98968d6ad96f219708f5d027783b4e352eafb55045881611
AR1_0.95_n512,16583812725504028593,AR1_0.95_n512_r48,48,253125516571139974,9b5e2ebe5eb404208afa30727491a1d8fcf392c7ef630735efaf3166f1277b2a
AR1_0.95_n512,12233924850028208161,AR1_0.95_n512_r49,49,1779681862632672620,01811c0e08b0d1a65a20c6ed7ff273a5167f8447e9810b1a32b4f99bbd6db1e2
AR1_0.95_n512,328323503345890774,AR1_0.95_n512_r50,50,12950149438744902691,de6961c42d7538a2619c74f01b852ee4709a35e844c307cee067e93b18701002
AR1_0.95_n512,6951874862995397796,AR1_0.95_n512_r51,51,8094571775913487599,675e40a5e5563d6547dd47d786f2f15ff0e6116c7d1601ce8924299e09dd10cf
AR1_0.95_n512,7172005599900692000,AR1_0.95_n512_r52,52,7271411239131802294,119f4c4cefb53cd8d6afb7883d56037f29ff5cb62f798fd008b005b051296a93
AR1_0.95_n512,906280390730209484,AR1_0.95_n512_r53,53,8328155693488322476,4e048fd8612536a7bb0d7139e6dd61a534e0cc90496281db7c77270ffe32afb0
AR1_0.95_n512,11691862294058047483,AR1_0.95_n512_r54,54,8342103054974296523,ee75f17765b6c6c46219daa7d939693b0d9cc69805c093407cbc382eab5f5d04
AR1_0.95_n512,6436339248119288761,AR1_0.95_n512_r55,55,4368550711121900059,9d6a87967c9d71939eb997a0d0b32fa2ff18ca6d8b614a64ad3fb8582165f890
AR1_0.95_n512,17770558461988353941,AR1_0.95_n512_r56,56,11212310731966959816,273bfb30bd8eb0f890313d3eae9a226f012593eb37a25954433ac471f0e1e43d
AR1_0.95_n512,1591938579586969391,AR1_0.95_n512_r57,57,9787003409208549160,83a19d179b65b485014e2a7a1c600c96e97cd807dab3ac30be5dbdf454b02b44
AR1_0.95_n512,11594153220737919848,AR1_0.95_n512_r58,58,13096229728992546034,6165b66471cd1374c1d1bb284bc236f7dfb8acd827492df572bb1cb2dd0f286b
AR1_0.95_n512,12814472734911084520,AR1_0.95_n512_r59,59,5547877649871475440,9658217e3c7eceac326acec25417085fdd5af17c2ff7b0fa84dfab528f61e8f5
AR1_0.95_n512,15860346065238793943,AR1_0.95_n512_r60,60,16650228078959903285,3f2ab0aeaae240b0fe7e42854bdb24542f57207f1b4d24461122ed317389268b
AR1_0.95_n512,8062326195782489905,AR1_0.95_n512_r61,61,12563973575720959240,82a1609d2eb14333633d6aee4a17e31036bd07f53b6fbe5fd7dba18ef11685d6
AR1_0.95_n512,11792842989991253633,AR1_0.95_n512_r62,62,1687409114027016153,59080c6f4bfb6d81c8bb903ae6931b6e18c9f32fc5769a6f8da4816735ab7429
AR1_0.95_n512,1522521373999948942,AR1_0.95_n512_r63,63,13618019521177871245,8f64a5edbbf635420da0e4ae2bd18e5c2eddc163be94e946131cc177eff50faf
AR1_0.95_n1024,18241943205002075627,AR1_0.95_n1024_r0,0,9678787106160878422,9e04f5490ef9d97ed3ec8e40ae7c8eb55979e7850c7888c8bf58201ad0b4b8eb
AR1_0.95_n1024,12073214997731857452,AR1_0.95_n1024_r1,1,17869222281961256744,430a7b45e8651fe14c9461e9b36c2a2cd72d2927c2e528b04193afa346656eba
AR1_0.95_n1024,10830911743683164173,AR1_0.95_n1024_r2,2,17854756716901394278,508032b0987be5ddcfdf985697a7623cab4765ca601ff26563d20b84d660239b
AR1_0.95_n1024,11093127672207080,AR1_0.95_n1024_r3,3,1856109863187746346,16605faca1ebc462bfce9887b3e9e57566c4db566f60d0391c31b71f53a8b826
AR1_0.95_n1024,1345220070238680143,AR1_0.95_n1024_r4,4,14446676118259935475,44dd56d534522e0c107c5a296998ad5ee4e73ffc8eb72adf774a2a3bf2956024
AR1_0.95_n1024,6874311481358282780,AR1_0.95_n1024_r5,5,8714889687283559555,a296d7af5437d0f55981984b227cc11acdf06e14bcc71b063caf116dd096d22e
AR1_0.95_n1024,2692498571650183913,AR1_0.95_n1024_r6,6,11875227522926281325,acd9af66506e9886324cddfc4ec9ccc88b6c7b4b85c70c0843698e5a9e5bd062
AR1_0.95_n1024,358247939869006608,AR1_0.95_n1024_r7,7,1078451602769339105,b25ec7222c37ac3bc4258949a955a8213603bb19211ea4d222bfc2349806eda6
AR1_0.95_n1024,3954045630005498479,AR1_0.95_n1024_r8,8,3474487524519858346,c603b695b77ac8bf4417dc59cabe849e68670b8d30671afb7eed9f49eca24e95
AR1_0.95_n1024,5065188525419461243,AR1_0.95_n1024_r9,9,13130046067157437035,476ccb033c2b9db3616ab597c8f82d1f13441377952aa5ce309f048055f569f4
AR1_0.95_n1024,8863102991217893979,AR1_0.95_n1024_r10,10,13412129682865126501,223f6028d940cc6c69fe6692fee4109f89f5502fa47e104dabad9d68ed4197ed
AR1_0.95_n1024,7722906597113144046,AR1_0.95_n1024_r11,11,15688273161912148481,3e9d80cde0da6d41e41a320d41b0ea5c808a5621cabaa62cc90b3ea5271ca214
AR1_0.95_n1024,4421148628543885644,AR1_0.95_n1024_r12,12,11175051741006538847,bf4d83a926024919ea7610ba7875ea58b66d7ffff4195a996d86f35be0ef30e4
AR1_0.95_n1024,15060468421824901524,AR1_0.95_n1024_r13,13,7755704275523241426,59a71882eb6eaf5494817feea7b96d9e61c526195bb07bb0e635afe29c949781
AR1_0.95_n1024,14454481552644655505,AR1_0.95_n1024_r14,14,12803127670553282980,1375bfde158376464a822d675cde1ce7b4dddb54da60152a7727c3e301b6dfca
AR1_0.95_n1024,18041537874658758266,AR1_0.95_n1024_r15,15,4517813155114239623,89ad8c283eb5f40fae259e41f4dab55ab5709c3ad54d050f8c0317785b984ccf
AR1_0.95_n1024,13495678965310289817,AR1_0.95_n1024_r16,16,2892335012681662589,5ef825de83b18d3e75ed761d6dda919b4839499f1ef6e9295c075b84a26ba6c5
AR1_0.95_n1024,4663125352404437039,AR1_0.95_n1024_r17,17,13653399440279443646,a6a47385d30f782439777a25a877289848a494fa14fbb88ce67bca5da829d2b5
AR1_0.95_n1024,12463722393421898604,AR1_0.95_n1024_r18,18,3960506272757958202,9cf7ecd73ccf1d05c71051c3250ff9361fd664ed1c8ef863f027d2f8a606d703
AR1_0.95_n1024,1084366943465639949,AR1_0.95_n1024_r19,19,14747202147766126092,757ed9ac16e99eb882aa20c8d4460fc8e7eb1c35e3f8741b4ba20cc4fd26c453
AR1_0.95_n1024,8342211436895471534,AR1_0.95_n1024_r20,20,16588248659178593033,fcb5f2e9ae90c1666166ea8ba0ff8152f344d5f278f47a3788bb3c9f0fa647aa
AR1_0.95_n1024,4555696008212924476,AR1_0.95_n1024_r21,21,12535955924268369599,290c3f2c99e25ccfb08387fb674346287aa2840169a213e938861c412e90275c
AR1_0.95_n1024,3495096293181661078,AR1_0.95_n1024_r22,22,2723060472268787158,425b8b9f57d2f4da982992f7a990607b4a464a8a624a1c1c08124e7e9851715f
AR1_0.95_n1024,10290181062076237849,AR1_0.95_n1024_r23,23,7966504357883845634,5e080766cc6e46e9ec3fd74808c1204af648fab4712ed7453f1911d9422e47f9
AR1_0.95_n1024,8935690240863773500,AR1_0.95_n1024_r24,24,6924862558682773394,f004b919ad6c4fa06dba248ecdd1a21e2df0e6a467589d4c53e2e9e9515f9155
AR1_0.95_n1024,10181627649506808245,AR1_0.95_n1024_r25,25,8673806370653719508,b77f9e29c8ad26ab1a94c60ad15408dbe6d86b2c1a11ea80a7f412d16955c697
AR1_0.95_n1024,7207013317221297879,AR1_0.95_n1024_r26,26,13454930472175626744,4a8bd3413b10d8d55c49a54128ff40bfe593500db19f8441cd5d371a3e7e8afa
AR1_0.95_n1024,2885430373032850798,AR1_0.95_n1024_r27,27,10101481750352913299,c902794cfe309261de5009cc30dceedd5d4fac4a7d4569b8f2150f8e65675ca9
AR1_0.95_n1024,10384720813186345515,AR1_0.95_n1024_r28,28,799438711263084369,6a8990983c05474e4ae4e3317f698b6783c736c7e8f8c513ce8c1aa2126b4a48
AR1_0.95_n1024,7244667055737517771,AR1_0.95_n1024_r29,29,4712470570473036000,ee5fda22686fb2d15cb750a7cf9ba738f8fe6d41c2bcb0a4bcb34a20e097837a
AR1_0.95_n1024,7684727710522301551,AR1_0.95_n1024_r30,30,4234426441995031836,d4e2e8eae15e0fbf25f7040e0b88d0443d5f0da2466a70f7c80ad9067b858e11
AR1_0.95_n1024,12801212936122973052,AR1_0.95_n1024_r31,31,789154356541989327,f846fc70355478cfd73b9bbff6259a16b099a771d5e277471dbccd163994caa2
AR1_0.95_n1024,6495616748879393688,AR1_0.95_n1024_r32,32,16941024805736106668,515ba740961fe720bfb1a027446cafc74bf48b418c6d8546e8bd8d21f723bc89
AR1_0.95_n1024,7890066372092671710,AR1_0.95_n1024_r33,33,6031214541956733535,33fba6f0687e5cccc01441cb5086656bb4e1ed7f9f51ce2f8fa8220d868377e0
AR1_0.95_n1024,6388070606994694370,AR1_0.95_n1024_r34,34,12534802888519313281,9b7495f4c78734c45f46b2d7b44af0b64f38219099be4f65b326cb752e2e49b0
AR1_0.95_n1024,16361551349555535860,AR1_0.95_n1024_r35,35,310211664002620013,7ab640a0abf6e0e55785ee63410cfc676aa09a72a519700aa2a49e26400df35d
AR1_0.95_n1024,9624991739725501688,AR1_0.95_n1024_r36,36,2904102932854286481,6bc2a90624317b47f9f1d69a640c80766dbf9e94fc031716d2a9eb8daf5bf62f
AR1_0.95_n1024,9041397212583081555,AR1_0.95_n1024_r37,37,879967775125637473,0e302f232813710e4061585064bcb7899427c858f4db3ed26289c3597aefe3a6
AR1_0.95_n1024,6157500526452476344,AR1_0.95_n1024_r38,38,11209148386052140816,c6ccbb623c72df0c5b12663b26567ae84e57337be16359b0e44cddad99081eb6
AR1_0.95_n1024,17259990422800232776,AR1_0.95_n1024_r39,39,10691060792701216428,707d1b635c77e4967022a1cb3694459e68dcd59570f976ee4e43034596bd38a7
AR1_0.95_n1024,5597670831184335848,AR1_0.95_n1024_r40,40,4450320003769850910,42b02bb827e12c71ecc49230dd17a038c6400ed189940aeba7106888524070a3
AR1_0.95_n1024,674281066176404322,AR1_0.95_n1024_r41,41,5393884794283907928,344dca498f2a84b8a216e7447256eca53e26e0e0efbee731c917eb017573f442
AR1_0.95_n1024,4870695058263428657,AR1_0.95_n1024_r42,42,10826913800533120898,06915c2c45a13014fd5551333fb244665e01e67899cfcdc14d92209e52bdcdd9
AR1_0.95_n1024,14291384491066298065,AR1_0.95_n1024_r43,43,6048304711991159639,6e00eb2a39c323d8d2c4e04ad5e6684e3248d2ee8a5e879735beee2de7db1bd1
AR1_0.95_n1024,14461382521843070754,AR1_0.95_n1024_r44,44,3901794833467462943,d1b35293f2467f73f46aec3c45656bc1c90b326163ce5811adc39accfd3776f3
AR1_0.95_n1024,14230325906006601936,AR1_0.95_n1024_r45,45,3437417298110989398,f90abe6b0d6cc258112c931ae9785a2cc410ee2a89316163a6926e6b96e8f6d4
AR1_0.95_n1024,11843996738038232601,AR1_0.95_n1024_r46,46,15258826079836482773,5ef7ab3e5248d9b2856a84ef671256b5c07651ef8642115dc05c9e460c95cc7a
AR1_0.95_n1024,16286827786278182941,AR1_0.95_n1024_r47,47,12594217397264613776,5dd54fc44f51a2cf2352dd392c427fbffe18d2fe7620a02dc2deaf90e3ee263a
AR1_0.95_n1024,2164376494371541749,AR1_0.95_n1024_r48,48,14510010748345185852,528eb9d60efa4fc11ba7516f777ca9c1334b4bb2c9de9d69a721708decb73615
AR1_0.95_n1024,16220914688740168007,AR1_0.95_n1024_r49,49,15166610387411108447,a8ca4e31b6b14d3b9eda13e3131f9d59915acdcb5641000a8a1375bd714b5b24
AR1_0.95_n1024,769898516650673243,AR1_0.95_n1024_r50,50,10009765892997248678,3dd3e62951b99432c073349c19d605a77d349e9c5cd472b071a95a32aaa928e1
AR1_0.95_n1024,4312195744692005768,AR1_0.95_n1024_r51,51,16712860709584595356,ff1f84388067b188c3adbcbdc2cebf5f2ab819c82225c31ba048d149ed504e7d
AR1_0.95_n1024,16268456773678726770,AR1_0.95_n1024_r52,52,8780909342993702152,054ee294b5e016d0887d5b67ccd610119c4fa6ce208e90bd5d70f8b2903082db
AR1_0.95_n1024,13632850813026488820,AR1_0.95_n1024_r53,53,461235488613886802,06bcf74e6e1393d438841a3ee680cbb218c3c331503d0d779c2847fc6d2cac51
AR1_0.95_n1024,17487941388484832043,AR1_0.95_n1024_r54,54,3998046393495318194,94208df5c2dc257557eb16fa4215dce0cd08853b22c067815b7637b836021327
AR1_0.95_n1024,9759389039007080134,AR1_0.95_n1024_r55,55,2282444648965949305,5604a5dd8f7da9e99ff8c0da2640ddb07df812a7e9d905d0ceb9b7ebb13cf100
AR1_0.95_n1024,3934303685413230171,AR1_0.95_n1024_r56,56,14454541087430443614,e83ce0536e205f4368296514004f088e64e990be52642f74fad5d1236dfb3ee4
AR1_0.95_n1024,14329143234604790762,AR1_0.95_n1024_r57,57,9473185510451297207,ba058c456c4aadc17bfcf99dda3dbb42e4af29b7c8302aab236c3c98c354926c
AR1_0.95_n1024,10265741325933070538,AR1_0.95_n1024_r58,58,1889453390458716402,fdb75a082dad3125fd24ab00c79ca3d8c3b9485d689af16a1762f73a65f87dca
AR1_0.95_n1024,8158258223843241063,AR1_0.95_n1024_r59,59,5204916025776123964,383cc84c3274045cc22018795bf187f5b0e351d46c537ef6fd5295f92c2df3c5
AR1_0.95_n1024,6619140165771523964,AR1_0.95_n1024_r60,60,8762484244536375820,ec7e4f13c7e9a41c2bfc255aadd7d17d306537bba5f531054e8c4ae149695c13
AR1_0.95_n1024,11416516522901995527,AR1_0.95_n1024_r61,61,5383726779960636994,dbcac31b68d7572728fb7def15be7c831330c5fbccd608d0743724ba09d4e5d8
AR1_0.95_n1024,5867261110509468113,AR1_0.95_n1024_r62,62,6279768356117147192,1c7b40e4749a62d53c32ffe9ab96059927f5a7bcc9439293777e506ab181b56d
AR1_0.95_n1024,8089295952134085054,AR1_0.95_n1024_r63,63,17569106540299018445,b300e473a45e1b015df335e90a6c1728df381c135308cfacd448a8fcf7c20fc2
ARFIMA_0.25_n256,1318190323091318973,ARFIMA_0.25_n256_r0,0,4922794490531940899,732086c2f3ccb16df67d53c3178c160910c6c4c50fe40fd405b6d7a7799f93a0
ARFIMA_0.25_n256,5828285475853702638,ARFIMA_0.25_n256_r1,1,7543133106457430488,351e5217c345ebcacf32ec924385ee15a818c7e854930c8afead1ee8b901a43d
ARFIMA_0.25_n256,14526035523796595933,ARFIMA_0.25_n256_r2,2,4605243987665166059,09dc8b637c6ede7530e63c8967630c6e85cd9f3115cbb4a46ee4dd66e38fcaf4
ARFIMA_0.25_n256,10764609172504251514,ARFIMA_0.25_n256_r3,3,15254608261214646895,e1de5f64f6e5f3abdede77326bb82f96b9e8f982f7d4af696a4f0c4f9e97dc63
ARFIMA_0.25_n256,14163776590097156597,ARFIMA_0.25_n256_r4,4,10707756510416596542,f3dacc646f2d046dfb96de4bd7066a8268ee401a2b57e54a242cea5642e022bb
ARFIMA_0.25_n256,11332359258099336318,ARFIMA_0.25_n256_r5,5,760900837081655853,ae0f98437b3b2f969088e6bd59569a3748653a3a08f2a11978e22d8e0145a0b9
ARFIMA_0.25_n256,6548911304821657267,ARFIMA_0.25_n256_r6,6,12413262114729331867,89a3eb4a06e5c6e61b0e7fb2e9c08a744bf2b1bb68ecf3125422947c9b0307bc
ARFIMA_0.25_n256,8273002111741556433,ARFIMA_0.25_n256_r7,7,18166362872707405682,c8de724b728d203dd0f8092475fe5fe19a585bcf079d680d1a82e1fc980e9b53
ARFIMA_0.25_n256,5173315630205066005,ARFIMA_0.25_n256_r8,8,9230919438127083352,02b069400290d6804b0c0709cfaa671f785be3ffd86cdcc778147560d7703bd7
ARFIMA_0.25_n256,4608494725917401119,ARFIMA_0.25_n256_r9,9,3124129095372580905,56f4983f17780bc200f0318e1e1d39a1757042d419e8b0155361050e98de1949
ARFIMA_0.25_n256,17544534956607505702,ARFIMA_0.25_n256_r10,10,2391077891896231590,55771d79823969870d3181bfaef8858c7641461aff3333d73eee8f7313f3394b
ARFIMA_0.25_n256,15622039562971479079,ARFIMA_0.25_n256_r11,11,691334074946927031,214a30aeb68cb6bb0c9b37f55e8c8da937a6187dc4d3d0de7d77390bcea26a95
ARFIMA_0.25_n256,18398472559846040448,ARFIMA_0.25_n256_r12,12,1609819132826666705,77633435161207bac01ec3776ffd37963d070b6e3c30f56170410d8dfc32290e
ARFIMA_0.25_n256,8777575819168548095,ARFIMA_0.25_n256_r13,13,17567608317916079681,417a14f96ec0c09a5ad05f668756209855c13482b7632bc0a396d66c7b68b061
ARFIMA_0.25_n256,18083696038905783362,ARFIMA_0.25_n256_r14,14,4230309203546360063,fa178f4e6b0327e3762a47e6101219de6cac20da296a88e1087b12ebf5c3671d
ARFIMA_0.25_n256,2942066809999707756,ARFIMA_0.25_n256_r15,15,15277422710802276886,ef79f2a4b6e4d570dc5d3fb174a15142363e9877ebc4e8f5232fed6da51e81e5
ARFIMA_0.25_n256,4566653908454214039,ARFIMA_0.25_n256_r16,16,13329489532815248536,acbdc1e86a4dbdf807743449461dde96313043750865f596675494c3da21b623
ARFIMA_0.25_n256,16631189460055402100,ARFIMA_0.25_n256_r17,17,11979726657045952219,69d438ce386a3b209aa881c4068cd54aba8b85866dd1f98b784b24be1a552b21
ARFIMA_0.25_n256,5353807088918219715,ARFIMA_0.25_n256_r18,18,14784589351365561541,01e40657da36da804752e6c6d143e7d4d1f25789b654179a033b15a0d2eb8409
ARFIMA_0.25_n256,17993496523352684792,ARFIMA_0.25_n256_r19,19,12152293361894776351,0e0b93897023b84dd96d8c5e06ed42967f5c8e7de51369d3fb783156c9e6dd42
ARFIMA_0.25_n256,15985196547370627169,ARFIMA_0.25_n256_r20,20,3050912276840392278,d12206abd0209dabf36021f26f616b9984898a20f3fe31e1d046b81cca91c204
ARFIMA_0.25_n256,10022166972132914962,ARFIMA_0.25_n256_r21,21,3867606560991551484,1a7409aeb9f16bd7fcd2488f3e87f5012b5d1c3ed66388bdd157921c443019af
ARFIMA_0.25_n256,14750826864677140453,ARFIMA_0.25_n256_r22,22,7366210590163455080,d1f150df6b5ad0ff58c90ca292cc13265836f0a9d68d15dcdaa4e9e443a5c10a
ARFIMA_0.25_n256,7137437129435062212,ARFIMA_0.25_n256_r23,23,9711914309395375143,29fe87edce7a0945909566aa91b1545458ccc43124f66fb4bf3369a61925953e
ARFIMA_0.25_n256,8436955051735521681,ARFIMA_0.25_n256_r24,24,14991861179854747303,0f57d824e7bae0a3f071953905796286b3411af2fc75a97c5a0daea57fbae5df
ARFIMA_0.25_n256,16695762193168276965,ARFIMA_0.25_n256_r25,25,7595467501684447112,083d4bbd4e137712ade9a6133f344e7eace88179d5a115d27caed533a1b55424
ARFIMA_0.25_n256,8796027035754788849,ARFIMA_0.25_n256_r26,26,6584086331440327983,3a6b4a5d509f27e7c925f839dd6db72211d2c27ec69a7f612fdf2677504d24ec
ARFIMA_0.25_n256,9083436543086987181,ARFIMA_0.25_n256_r27,27,7422379105050324404,2aac3129f6fad409bf26da1fdbd0ddb454c72ecb46444417812e2d2947d63d62
ARFIMA_0.25_n256,2079867998331729025,ARFIMA_0.25_n256_r28,28,1405500623774494909,87f1a0b1cc8234599b0db3c933dad96936ca77f538fb69897d7b07c79e8ec60e
ARFIMA_0.25_n256,2962390262759227616,ARFIMA_0.25_n256_r29,29,9246430483981647491,1883af724c53e042cebb55c7d4773e67b6274a33160defa982272a174bb4b247
ARFIMA_0.25_n256,16796893092445457593,ARFIMA_0.25_n256_r30,30,2002985624690707702,a9ef841dcacb09426eaf1ffff125d69af6e6882bafb1932e830aec4c6cc17884
ARFIMA_0.25_n256,16721816905103403747,ARFIMA_0.25_n256_r31,31,17002555309508795108,5b8d97475212418a49c3dfff797874ea7947978e1a213b88a746a7aaea8ed01d
ARFIMA_0.25_n256,14928525578524511062,ARFIMA_0.25_n256_r32,32,10547197249728246367,e3354daa1f446fcc9e30725e576361ed2031e48225dd071212b373d8925fa8c6
ARFIMA_0.25_n256,3558155903969082727,ARFIMA_0.25_n256_r33,33,3519520298389698440,8dbb12ab400b90e01e51759aa6be70d62974165859ae55877afe33ba355022d9
ARFIMA_0.25_n256,13791214089763795429,ARFIMA_0.25_n256_r34,34,15566534468250785664,27bb361f298cf8a16878af7af6b3382679cb33ac7d92fa4b5c16b1249051142d
ARFIMA_0.25_n256,13134624644963850192,ARFIMA_0.25_n256_r35,35,7690560389385596063,37224d6fb46880f29ea6beb66afba977e8079ccbd75a9e1b4cc4b5ef9c52e79b
ARFIMA_0.25_n256,5724566641924504339,ARFIMA_0.25_n256_r36,36,4392116421198399828,387b648e202ba874a4dc82fce92cc3f1606bd1fcf406e998f47a12744f5c8c94
ARFIMA_0.25_n256,3673563251807772859,ARFIMA_0.25_n256_r37,37,13966775494076768964,fc46d2d68f22eefe6e696dc23a5aecd142de2232d3e2e1312b84bce5bd411d88
ARFIMA_0.25_n256,7320409001425526450,ARFIMA_0.25_n256_r38,38,14557642660287164171,909d95163ce6040fd70d1e6aedee11d99a4452442513015d19b03864f8de110a
ARFIMA_0.25_n256,4659383976729075992,ARFIMA_0.25_n256_r39,39,831532155871394460,223d6618d698e62f897465ddd4bba5e9eb502b270f8b09ae1c851d7d39a07f53
ARFIMA_0.25_n256,6513233169094802904,ARFIMA_0.25_n256_r40,40,15319784358253520523,95aaadfa3e950be748e006b0d5a52b33185ae691a364e87f48db3685b8a7a566
ARFIMA_0.25_n256,801361018069274378,ARFIMA_0.25_n256_r41,41,3138682484785193558,aa1769b8d25d6db2995792df67e2f44b83fce9d2fd1f2e9a2af2a77012aa5a11
ARFIMA_0.25_n256,10815152494425368922,ARFIMA_0.25_n256_r42,42,6169390759533885460,6ac12f8c3a1cc728a9b9a62f7d7760d1551965da9c08180600f03c41a0822a82
ARFIMA_0.25_n256,18132351656870566299,ARFIMA_0.25_n256_r43,43,2656873206687743853,c7e14b689f45b3c56cee234ee06b2b78bb3789c95d521e3ea08d70e527953e78
ARFIMA_0.25_n256,3479450659328694634,ARFIMA_0.25_n256_r44,44,15580774618651758644,e81584f9d6bb6cd5a0250eb358a31f527823a756153d650f559cfb2ab952b378
ARFIMA_0.25_n256,16091046087978560188,ARFIMA_0.25_n256_r45,45,9574844684697901692,0907dcc7f7aabef7679bbff08448a74edfb6edefccdf4012fd221d80209a99f6
ARFIMA_0.25_n256,3951230461072384191,ARFIMA_0.25_n256_r46,46,11892954678922996528,f55b64342d23d40ca489c1c92342ac34a5a034d3abbd474e5b72cceb29d2eeaa
ARFIMA_0.25_n256,4918979276339278740,ARFIMA_0.25_n256_r47,47,15452684007699673788,0f07ea69d9cc90fb4611cc5db7cb4e967373dab014e370a6526d1e80f00e8858
ARFIMA_0.25_n256,8338070765718365900,ARFIMA_0.25_n256_r48,48,10827470317625804922,430dc8828893df9248b9d390ea1532d58c2f1025d5f105d7c9217859a21e5583
ARFIMA_0.25_n256,17125835494636556464,ARFIMA_0.25_n256_r49,49,16178605340823353422,b5955542cb1bd90063362208f95c8bd65d9b3863376a02afcbbc08c547c9aaa6
ARFIMA_0.25_n256,4809587033555091172,ARFIMA_0.25_n256_r50,50,18145167389333303395,3d8d2d2c89bbee89339a2cb2e0ab83bde0e3f10097a50926ffb1956bbe46e1f3
ARFIMA_0.25_n256,3319498535218337542,ARFIMA_0.25_n256_r51,51,3777991068177477206,fe32a86b20b1ddd25f52430e1d0af7c0762c96f827785385a3541f13f6d5e5bb
ARFIMA_0.25_n256,2400053794177245355,ARFIMA_0.25_n256_r52,52,12126092296078876729,dea2fc46a66caf2ee2f4ed1f6d17a90d2ef17f35cc73791c318cb537551cf788
ARFIMA_0.25_n256,9303305376560796671,ARFIMA_0.25_n256_r53,53,12523383032687043720,347b2bb74149ab10dd11a17a660a525c4d0c41fb46cebad3119be3303c10bab5
ARFIMA_0.25_n256,2605883830043727849,ARFIMA_0.25_n256_r54,54,10382713009298080488,3d3fdfc6e9c70f70af92d18b40388f29acbc0db1eeb9851f53586235c4cdb3af
ARFIMA_0.25_n256,8151289407555668280,ARFIMA_0.25_n256_r55,55,1159007585865101639,4d3a8487f4d5df96d2e0d715de7ccbb1b9b8f292b48af838245e71952876ea7d
ARFIMA_0.25_n256,8938529272765851879,ARFIMA_0.25_n256_r56,56,5252831725671026096,de5bcfa1863c380e5d55f91d930ae54117f705b79637cad025a819b2d1cc1033
ARFIMA_0.25_n256,14784054860857775651,ARFIMA_0.25_n256_r57,57,8746873685336589037,feaf243c2d6ce48e4a726dbd282f2e9996ba48fb6c03324cbb68034eff4c87d4
ARFIMA_0.25_n256,217403601260465732,ARFIMA_0.25_n256_r58,58,12016212098500279467,ce7422a2c13151d86e30550ec3ecdbf220cfa5200af2c647d25a3ebde0281af7
ARFIMA_0.25_n256,17418306517998430395,ARFIMA_0.25_n256_r59,59,5311017793712990696,f191d3bc22ff1e764f801ae1a0506681fee4418e7dcc0e04cce327957fff2b7e
ARFIMA_0.25_n256,8770298252613067265,ARFIMA_0.25_n256_r60,60,8316078002980225955,0ba56c9f30f0a19d6c1f5c378539d6d9c1da4512c41294c7864acdccbf1970bd
ARFIMA_0.25_n256,12253297809833478014,ARFIMA_0.25_n256_r61,61,4158019123060045628,12a28da9f4f90001253fe9d00b1401c1407c5237abbde65b818c1cd68979bdee
ARFIMA_0.25_n256,399666858846976802,ARFIMA_0.25_n256_r62,62,4636211619296665124,277b14de5b4cd87c1b437e10b79a5f029c75729bb39f83bed3e07b4065acab88
ARFIMA_0.25_n256,10399206633273125171,ARFIMA_0.25_n256_r63,63,17038292544464310227,f07d71744cf64e313a348c50257546c3e06b421453e7e24657c06320343953f8
ARFIMA_0.25_n512,4129074353303546340,ARFIMA_0.25_n512_r0,0,12620033515270659168,cc859df5326c8ac1fbccad7402b8dc5199d6faaf8f3db84a75068f318fb4b7ee
ARFIMA_0.25_n512,9193274669095597896,ARFIMA_0.25_n512_r1,1,13287321854012417530,adfa7635f61383b56c2335b458a15518844f52c3181caf61f80febea1ab7bb00
ARFIMA_0.25_n512,17512173819103897471,ARFIMA_0.25_n512_r2,2,15039085681049279888,e6ee92ced3cd687f6b51b6745f836041f36d6ab393c7a05e7f6c27fead6f5042
ARFIMA_0.25_n512,12968729804776640545,ARFIMA_0.25_n512_r3,3,6159627246509780670,0a7cc39bd9ed9f9e72f2ef0c9584f5285b22004e082e9237fa78b63183b99bd5
ARFIMA_0.25_n512,5542419706002317720,ARFIMA_0.25_n512_r4,4,3149417434566831372,262c6f803c9108fb56415abf7fc415b41878d1c80be574c910e33dc0ff38ac91
ARFIMA_0.25_n512,15545998482019450871,ARFIMA_0.25_n512_r5,5,3321264580101295024,4f8d7d8ffff158a3c8af63ef350f4f388fa45171eaccb790e73e478868e1f68a
ARFIMA_0.25_n512,4964277385846882458,ARFIMA_0.25_n512_r6,6,7376598077473407176,8afce55d3b2020a09e1cb46c967b1d5b13e27dcda384156abc24cbbc12292683
ARFIMA_0.25_n512,1587635385223241833,ARFIMA_0.25_n512_r7,7,9800104830270154274,e6685037e97a12e1745983ea9d8ae15f22f10e4521b0979e59a777dc60d7c398
ARFIMA_0.25_n512,10208701348896921989,ARFIMA_0.25_n512_r8,8,11544760800487525587,dcf643a62c1a87dd447688a816334188dba898872d8d08e2d22cf32235bd18d0
ARFIMA_0.25_n512,9789570082068359339,ARFIMA_0.25_n512_r9,9,6129409907804508200,3436f75ce86353ee3b8c428a1917c63841b38289e5e1f56dbf797c370d36b046
ARFIMA_0.25_n512,8610544078088364428,ARFIMA_0.25_n512_r10,10,2151038813991532016,1b4d1e00955c974b035d371d31cabf2fbb6d9903a5b0769df6a9b4d4753619e6
ARFIMA_0.25_n512,17281632784304441874,ARFIMA_0.25_n512_r11,11,10569376951784767466,6386658df91d895c1b29d19bad922b3d8feae96d76aaaa85eefbd3e0444373d8
ARFIMA_0.25_n512,5442328001977053204,ARFIMA_0.25_n512_r12,12,14610364339544819355,3e4ecb2fe1114cc4aa0224ebbbdf83271f573e2c8cabf63e7ddfe62129ced8b8
ARFIMA_0.25_n512,15580896984532120206,ARFIMA_0.25_n512_r13,13,5215999585218776972,c14771185793efff556312440484d2f60f5345039fb9d286e6df3c835c9d0424
ARFIMA_0.25_n512,9087694156196825869,ARFIMA_0.25_n512_r14,14,11073713837242236653,ab16abbb20be1292927e9f8e72b9b6a8e5c01f95fae0e32e3862df8419cc3df4
ARFIMA_0.25_n512,14922118551717892928,ARFIMA_0.25_n512_r15,15,1818889153913217299,937c00bf6327cd4c7f5221c421c6aecb1d52a9a872cc580d6a0d1288d78f017b
ARFIMA_0.25_n512,2299819564034445795,ARFIMA_0.25_n512_r16,16,14088365316217727989,8471af905799dd2fa33867ff774c0dfbca14f40ade2d1ed30cec7d1ba64ba193
ARFIMA_0.25_n512,8786035318793673671,ARFIMA_0.25_n512_r17,17,11210820515630338451,e9da625b462cfc7d2a0a0a1a1b5bcbe7ce590f6e9363ec5661b80578cd1177c4
ARFIMA_0.25_n512,16138728299128959974,ARFIMA_0.25_n512_r18,18,10408966343132875730,afc162684c25a294383c577f57463f5eb9b141069acc24503a7da83b1f9acc17
ARFIMA_0.25_n512,10428224622949853434,ARFIMA_0.25_n512_r19,19,9759714145533278678,ec45da1a16ba342903399899416542bbef97bb7ef7ec3794652f704feed6a58c
ARFIMA_0.25_n512,12127308617198952419,ARFIMA_0.25_n512_r20,20,6195102349743767098,5162eefeb4cc37ca9ce86e3f47e551b47a445b3e1d24a02e0e2a5653c61c9044
ARFIMA_0.25_n512,9324408841011161705,ARFIMA_0.25_n512_r21,21,266754752885334655,b229624a95dc0b1cbbf57fa208cb3bef686f58f30444624cc7795d349cbe6f6e
ARFIMA_0.25_n512,2998552791322844742,ARFIMA_0.25_n512_r22,22,5239398854038978126,82e0c0e74522e2edad20b3ec4919bf038e466447ecfe9651757630e456cfe201
ARFIMA_0.25_n512,11551811688279858740,ARFIMA_0.25_n512_r23,23,5905247569776820501,8ccb586b9c651d6363d09109b3a7149a3b542b9e30f6643e60632844012750a8
ARFIMA_0.25_n512,5972340008330334393,ARFIMA_0.25_n512_r24,24,13522447035875579466,fb588fd482a64d0c239f477ea8beba3dcb900d98f55a4ffb591bee85f9fa4b99
ARFIMA_0.25_n512,18104164734586008716,ARFIMA_0.25_n512_r25,25,10980955200218560878,e91c6a8a40a709ec989342be0bfd131c24690e081f234b8eb0412b6d7a5fdfd1
ARFIMA_0.25_n512,2293803772629995834,ARFIMA_0.25_n512_r26,26,3285055723956641974,069cb775bfa315185b2d6d03cfc8c94ba900b45b82282467a082b0882ce97f8d
ARFIMA_0.25_n512,12901305825428359642,ARFIMA_0.25_n512_r27,27,15157229738243544759,2cc2b89c55e1156cfb68a3eb39a880ecd226056fc9046008440aea950d4b16d8
ARFIMA_0.25_n512,8193760843979925892,ARFIMA_0.25_n512_r28,28,2376876205737440292,63b5fdbcd5a8f9627d0022b26655f197189f071338bb5e8311ca7e933f659659
ARFIMA_0.25_n512,16401815345618164334,ARFIMA_0.25_n512_r29,29,2495009625003559349,0e82e98917c5c92b35e4ce43a83acf4859eec741c6cbb282b295cb9edfaa1838
ARFIMA_0.25_n512,8857429190248162104,ARFIMA_0.25_n512_r30,30,5057492236768196854,a6dd4b6a6cde2ffbb78bec3d439850007f70b107a017d4300dfc83ef51376b46
ARFIMA_0.25_n512,16333721842696518104,ARFIMA_0.25_n512_r31,31,12341738847740934073,e126befdb44863320eb6b8be64efecbb04df9edd6641ef540bce4fd993b18bc4
ARFIMA_0.25_n512,509297351742468098,ARFIMA_0.25_n512_r32,32,5634040218031956184,a7038b8b56586e503ed55d30ba431e8553ba59f0600fb4284db419e24c6c0eb8
ARFIMA_0.25_n512,7817109378760008086,ARFIMA_0.25_n512_r33,33,3031246313171449619,91587a6f11396e9dfe7671dc4b9db0fb49fd0b4a07b861f1041060dea95e27c1
ARFIMA_0.25_n512,8463923255762045928,ARFIMA_0.25_n512_r34,34,1644848130121603620,efa8b4ca0bf0309654c771d34ffd2627b9a2b2a94f58460396fa924c3b1e1c9c
ARFIMA_0.25_n512,11156324461770033957,ARFIMA_0.25_n512_r35,35,6763910111598466125,53f907b6b9d5254a799bc6818ec9934df268478e2a2a7bf73fb9e4b8d0ff7240
ARFIMA_0.25_n512,6789135177258122585,ARFIMA_0.25_n512_r36,36,1209834690362302919,d59bb39d6b69be265a734082783b96af264d5d644152aff65901f8e0494184ab
ARFIMA_0.25_n512,9645146911469976585,ARFIMA_0.25_n512_r37,37,18160170569852268932,9f0768343fd6086b2638d68026dc10ea34b71564a509747b2ce9be86a66ff1f4
ARFIMA_0.25_n512,11041266727901939712,ARFIMA_0.25_n512_r38,38,14149653790205033698,5e03632c41ef43349bc0002cc7565b9242ace93dcdbd9d41c4bcc9a3a3115437
ARFIMA_0.25_n512,7527325741570826575,ARFIMA_0.25_n512_r39,39,6458590440889085938,2108f8fdb8513b816a8db978f2df084451a50cccb9710cb7c562b94a7bdde6fa
ARFIMA_0.25_n512,4498105126415481990,ARFIMA_0.25_n512_r40,40,486306013240586686,b8757e70976385ccdfaf69b87972ec3ada55445a8866f25dbc7a9e61199bc75f
ARFIMA_0.25_n512,9507408843532299544,ARFIMA_0.25_n512_r41,41,11193619843496503299,ba625cb3df6c9b6eab95a6cacb492f0073cdb401ed80bef26543711de5124dfc
ARFIMA_0.25_n512,7341816841940160165,ARFIMA_0.25_n512_r42,42,3469009616932769961,26e3f77ea200c4b03422680547374c83cac95a3d26bfe2d08635335eb910effb
ARFIMA_0.25_n512,12209303973112388971,ARFIMA_0.25_n512_r43,43,15921244646771503008,fcd58f9cd94afc46257110d5af931563282d3e6de219023c89fb100984552981
ARFIMA_0.25_n512,14271859546593275798,ARFIMA_0.25_n512_r44,44,4397876326214446301,31c8c3558dfd4df9ce0bbbc8f8f41746c66a7094356c2db1e7e5262affce37c0
ARFIMA_0.25_n512,10659104067894912982,ARFIMA_0.25_n512_r45,45,5156299341886282887,193d67ed5fbe2d8e1cf878bcb98c3c300d69f9faf2df1c99d7b2595e0dff904e
ARFIMA_0.25_n512,3697917982682005648,ARFIMA_0.25_n512_r46,46,1778930164257803186,d24593b7cadcfcca8321bde08ed422ae8daf05b93432a68b16b5b469fe59f86a
ARFIMA_0.25_n512,16112138833419340609,ARFIMA_0.25_n512_r47,47,8722604991692921,52a1531b1bc309096b4116d35a4cacd78a11684952843effb7d698e254e922e3
ARFIMA_0.25_n512,740216124731707061,ARFIMA_0.25_n512_r48,48,8400108918256088297,c9c147ea523a9a51029856df50d1656be6dcf93c64d006343d5626bad3f08fa4
ARFIMA_0.25_n512,14544445098866982172,ARFIMA_0.25_n512_r49,49,3126140430303563896,4b9b96b0fac5d7e82cca753562b2cbf78afacc83eeaea29a421c7732d49a0f2c
ARFIMA_0.25_n512,11229486231165519738,ARFIMA_0.25_n512_r50,50,5505902145102742442,f33139bb783e5b0338f3e6c129ff18e8ea6d09d2ff41cd6fa5945aba7a03a67d
ARFIMA_0.25_n512,12739775804836835751,ARFIMA_0.25_n512_r51,51,4701785446780285949,67a9ce0dc3bfeb55dc7afce5faf80ef90cbba72b9478378097a4181ac38bd6e8
ARFIMA_0.25_n512,17917959066935830916,ARFIMA_0.25_n512_r52,52,11050338016351783302,d51219422047760f4cc9960a2cc9c385a88238c088cb6a1c14582e49131d5abd
ARFIMA_0.25_n512,3605384315447271780,ARFIMA_0.25_n512_r53,53,16783228336699180144,04c528cb68dbc039ff3475489ff62b2104d01a3d620c35050d430700c5a61687
ARFIMA_0.25_n512,4660932650915226386,ARFIMA_0.25_n512_r54,54,1547548567853175725,7c8f8be77a2f4aa70e6a9d2923a93034c7cc54ed403c276495c9f1609030f2c5
ARFIMA_0.25_n512,6337793863484612388,ARFIMA_0.25_n512_r55,55,5917326816293859874,ef17c40e269581a88690a94d926759d1e1994eeb54219cf66a2691b2b0ee9be2
ARFIMA_0.25_n512,11254808665295708307,ARFIMA_0.25_n512_r56,56,5516408336406280060,2fe844e14fd01ebdb392e2caa20c435b4eed6ecbe554ff547b224647cfa0e474
ARFIMA_0.25_n512,6399966764625327718,ARFIMA_0.25_n512_r57,57,9818365749547393852,5f44b45986ec6b76fd60e40abfab043289b504ce251d5e9c207fde20ba04b479
ARFIMA_0.25_n512,5246325006104714498,ARFIMA_0.25_n512_r58,58,12355415767475498456,6f2b8ffe2d5da2cfc11c93bbd99d2110dea70402d2b2935488cb4322656cc55d
ARFIMA_0.25_n512,9385313877789277809,ARFIMA_0.25_n512_r59,59,11300243439261745699,65b917eb069c020c251da1f4a6fc35ee014b11f3ef50de1e5472449ac1e61ab2
ARFIMA_0.25_n512,1260464839783356665,ARFIMA_0.25_n512_r60,60,11877492584624301941,7ecd38e5b1b9ded72912d15a45e1fec1e8ad44c90ace5677c065d7f02ce49ac7
ARFIMA_0.25_n512,10390176747244851112,ARFIMA_0.25_n512_r61,61,4891609962297364430,d1b42cdc872c8c05215fecfa78070f0d217232b86cf6a2355085f4cda8e5fd47
ARFIMA_0.25_n512,6387290294334372217,ARFIMA_0.25_n512_r62,62,18268505743115766892,05f3966b210292cf14c7a9519b68df60eddc2ce453aec228306a632ad859d455
ARFIMA_0.25_n512,8882244685367822611,ARFIMA_0.25_n512_r63,63,2463854381134094310,844e336d9290d079f72a6eadec31ef57c345335b88e45f8116b1c9d3c6a29ff0
ARFIMA_0.25_n1024,12845878389720913451,ARFIMA_0.25_n1024_r0,0,11229249309263112713,f65a001e02ce063603066731e2afa86750eb95f5b6796461dc6217a05da10b89
ARFIMA_0.25_n1024,2016101560344580666,ARFIMA_0.25_n1024_r1,1,8272622716190245824,401f6dcbf18412282336ac8c89565fa15863dac0874241bf5be051675011f842
ARFIMA_0.25_n1024,5163735551474500345,ARFIMA_0.25_n1024_r2,2,2186512262577721180,d674567c77c95946aec70059eb17b439bd15cbb45c762a67160db37ee8529055
ARFIMA_0.25_n1024,2457900249733335597,ARFIMA_0.25_n1024_r3,3,1300050553732070792,3f5a0292cf95ac6c7c182115a690e03149a6fd267bbf3936f337edd3a5250345
ARFIMA_0.25_n1024,12111387502794929064,ARFIMA_0.25_n1024_r4,4,8201933872752848138,ff193176bf911d2e3cd157a49b242a3d859c3508b1d5bf13130cdb8acf8c6df8
ARFIMA_0.25_n1024,8668123418325223846,ARFIMA_0.25_n1024_r5,5,8832912360379198906,7a3625871108da2207e0b5946a0811384fa7fbecaf7228ccdc0f2435489881a6
ARFIMA_0.25_n1024,12279210108516000768,ARFIMA_0.25_n1024_r6,6,13634941003486834337,8a0cda4eaf766091cff3e752769316c437e5b0526570f60b466320f66e5ee076
ARFIMA_0.25_n1024,18360730719511379077,ARFIMA_0.25_n1024_r7,7,8573039590394419773,fc230fd3ed395bc31b738cba4eab65fc93fe9b767df6c894b903d1f3a01cf5b8
ARFIMA_0.25_n1024,13080694497372865008,ARFIMA_0.25_n1024_r8,8,13004275164699782857,ede92292b39456e074248264fc44105b189d315669f799559ca32ce3bc26997a
ARFIMA_0.25_n1024,16895087013287871940,ARFIMA_0.25_n1024_r9,9,13216450742514807160,da19f7833285d69a362bb2db5245ba3f8cba4c361f862ae06ae95d63180111a1
ARFIMA_0.25_n1024,14593899472595464880,ARFIMA_0.25_n1024_r10,10,8859617124989235194,df75c2045c2ad9b2883377439a6f9283cba4b67ed060f058775cf2f419ed3682
ARFIMA_0.25_n1024,6222934373063611989,ARFIMA_0.25_n1024_r11,11,2882042069646883951,46d08f7f51f4788452f57157f66f3a5a21c7eb769bdda76a8f4482ab45f40636
ARFIMA_0.25_n1024,13626449480092180046,ARFIMA_0.25_n1024_r12,12,13994325518604765700,14116c7c9bc87a68ea779ee17963013bf959cca2d1dcce597a8912b6b56209a6
ARFIMA_0.25_n1024,6473470809195346796,ARFIMA_0.25_n1024_r13,13,2778992816135143060,cf81f76c1793ef1674068e3aa55354e8c20a44cf24ce93763533d889b7e5c56e
ARFIMA_0.25_n1024,10137874223350301568,ARFIMA_0.25_n1024_r14,14,10554808040871503687,d56587fd6bc621f73b82e644845689bb83bebdd6c48df0a271daeef74b961268
ARFIMA_0.25_n1024,10327482857921571553,ARFIMA_0.25_n1024_r15,15,14550284496236366446,33ee3d7b4b36fe259d47224840ff9de1c58c0a7a6faedbabfd78d886e24344ab
ARFIMA_0.25_n1024,7610564020174961716,ARFIMA_0.25_n1024_r16,16,13619832636773896398,930ec3bc2615b96ff999eab3f20df4a6ae3b20808132b27c754534f1a1096157
ARFIMA_0.25_n1024,12547737954003263732,ARFIMA_0.25_n1024_r17,17,13998288451044735627,dc93c6f1f8aada1b49328a620d9b5fc6640bd2fe7c9c419279628327fe1db3c2
ARFIMA_0.25_n1024,9357825006065750043,ARFIMA_0.25_n1024_r18,18,9647203291766630755,c345c5187a1d280705112b2f5a2da9d198dc93347e8c30c6b5cee3dfe8727fa6
ARFIMA_0.25_n1024,4202484263155481313,ARFIMA_0.25_n1024_r19,19,15068869041509478973,ba6042dc7757e78eb64bd1a73a002393470ef682145604f031260da023874623
ARFIMA_0.25_n1024,5682347348935688577,ARFIMA_0.25_n1024_r20,20,3394971460221986902,50598b60d43c8e7a468ba3204dcdf887317921e7f0bf8df791e44e3e81c445c0
ARFIMA_0.25_n1024,10047803233239746676,ARFIMA_0.25_n1024_r21,21,12920027836321455537,4a44cea9cf8651f5e7efd7895a5fe05fa355c4885875de216aca91cc04a9e8a1
ARFIMA_0.25_n1024,17414705421071108798,ARFIMA_0.25_n1024_r22,22,15269084166020981583,6dd6989fca3f5fd27039f34caf8092ee68e798c7a80e82832e90b6c0f5afb301
ARFIMA_0.25_n1024,15437749652618290193,ARFIMA_0.25_n1024_r23,23,16510582727538174841,ff1d7f7b97bd14bf8b16216895b9c7104101371a01427427fb43bde42a4eed2e
ARFIMA_0.25_n1024,3457642962362000273,ARFIMA_0.25_n1024_r24,24,945110428384902652,607f561cb971ce8373d2a9e7da37df784b2fa70375b15dc4d1ac1d2f857bfc69
ARFIMA_0.25_n1024,10080990500676132267,ARFIMA_0.25_n1024_r25,25,14749563328819746246,cf9c0dcb92536617b250021125ad4cbe7680aa92c21f11ac2d7f640947f0ec01
ARFIMA_0.25_n1024,15685166718648973227,ARFIMA_0.25_n1024_r26,26,16527379598838925335,e563f059f81e16d40322441b8d16de16e1d6aa285218bb3881477ad69e2857a1
ARFIMA_0.25_n1024,13632071465069929301,ARFIMA_0.25_n1024_r27,27,17918379302727297273,f4529940a8288607c8fe835af3127a1e98c39b10836395479d05d7fad3b73b2e
ARFIMA_0.25_n1024,1456537435053787253,ARFIMA_0.25_n1024_r28,28,10420072067009576599,81cd9a34cfb18a012caf3d529b49d5159a09025f46150d5d02367ff39d8804b6
ARFIMA_0.25_n1024,13679410689268777551,ARFIMA_0.25_n1024_r29,29,1588758155128956310,daf7baade3e5b0c50f52349e4b26467736b2fac01778842d97ad5b0f07978573
ARFIMA_0.25_n1024,15372458824286244632,ARFIMA_0.25_n1024_r30,30,11167610619282230750,8a95deea81a1a9686deaee4e63981093250db294ae59c045e0f8d0283226dc7e
ARFIMA_0.25_n1024,324869892732195679,ARFIMA_0.25_n1024_r31,31,172909633930116344,555fdcc2ca8bd9745dd0f445f39984f3f7632df3300448ad6730faeabe19099d
ARFIMA_0.25_n1024,16783826628697521069,ARFIMA_0.25_n1024_r32,32,16745392722454794126,cd7f6cd4e9e6c26e364d43b925aed4d2c0381a6ec16ff865c3780e5680ba9969
ARFIMA_0.25_n1024,9353474045342972831,ARFIMA_0.25_n1024_r33,33,14517320245739837256,52337a2466e3abd3822bb3f2c3113948752cf7f31df1cb6debaafc8501783634
ARFIMA_0.25_n1024,12750491127633229683,ARFIMA_0.25_n1024_r34,34,17618870735710052980,df236e2a18c08118cfc38a2a541a1c63620d97a1ec45dc8001799749ae37c39b
ARFIMA_0.25_n1024,7368804712856126792,ARFIMA_0.25_n1024_r35,35,18439916565202626618,c45b52268c4d441733a642ed88b79a9347f88e18c1eeb030ef83f88351e2ddaa
ARFIMA_0.25_n1024,5715640642400036957,ARFIMA_0.25_n1024_r36,36,404015277324443521,5443d72131560ba2ecfdf27a96f5cb840650d90202e915ffebc1858e453011f5
ARFIMA_0.25_n1024,11422754523113945306,ARFIMA_0.25_n1024_r37,37,11968971334338131299,735baa35a7b1527511f84db6b21773fe8375d14700f2449b8eff73e658f892d8
ARFIMA_0.25_n1024,10684777677464359672,ARFIMA_0.25_n1024_r38,38,11711147017490879286,29573c78c2c325b173d24666f7d50fc36be677f76db2a9f6c2a3fe123e585d2e
ARFIMA_0.25_n1024,5862029781988762679,ARFIMA_0.25_n1024_r39,39,15695578962145906772,0fa3ff8130655f41d41a9e2f6b64b21038de79cb337028fc9724693a6ad6edfe
ARFIMA_0.25_n1024,10485969328334216661,ARFIMA_0.25_n1024_r40,40,14672336915442094776,1bee4a18ba7ebbdfced2ce1ede610cbcce402731b69a108aaa09bae2407ed648
ARFIMA_0.25_n1024,12740098146981658141,ARFIMA_0.25_n1024_r41,41,8562960621964050123,d80fb11f0d7961c1a86c9d8ee8751cefc3caf939776f9abadafaf751d1f9c80c
ARFIMA_0.25_n1024,14018274509945789074,ARFIMA_0.25_n1024_r42,42,10616981600876879491,5fd2e7a7308acdbe81aee3663ca261c5c4b9dbaaa4c06c94a5f48b9f82f1fed8
ARFIMA_0.25_n1024,14422054865754565366,ARFIMA_0.25_n1024_r43,43,2600400245636574726,8ba8f30ef5493d2fc91865a2e193b1307405d21e6d09eaaae307866d6434df4f
ARFIMA_0.25_n1024,16932313071546011765,ARFIMA_0.25_n1024_r44,44,2405702681549106655,4b3d912cee6241348c5f9f0b34bd5c80c57c623afc5366d69463090658e5508b
ARFIMA_0.25_n1024,2648691282730612044,ARFIMA_0.25_n1024_r45,45,16762435782239895691,4fab79757535f07be1b93d39076eed5bb455b9477b14b949df05c7d0107ab893
ARFIMA_0.25_n1024,10497175530906842641,ARFIMA_0.25_n1024_r46,46,6937079429531765019,1160ee1ccb5e171fcb7217ec23b814ed36786a5237a90514d9f38bdc91f9f1e1
ARFIMA_0.25_n1024,12421313032978046173,ARFIMA_0.25_n1024_r47,47,13270141302210747334,5212e58a894d73fe2ab194b0364d8b636b59269ed1cae5781f87536dff7d8a61
ARFIMA_0.25_n1024,6439182329993772905,ARFIMA_0.25_n1024_r48,48,16319376900806904349,7c2ace91df6c53fe087c9b612bb5b4590d44702ceda5f8cf4e0e137c858babad
ARFIMA_0.25_n1024,6588813321380671766,ARFIMA_0.25_n1024_r49,49,6552184664686305468,e1f4928822820b9b3587e874271fee3c89c6a1326d49c17a54aa59914c100f54
ARFIMA_0.25_n1024,6829169086029316441,ARFIMA_0.25_n1024_r50,50,9226242702388303158,416455e379bc6cec304b4465b607b82571fee0125163b684f6d6fb528f7fd4fd
ARFIMA_0.25_n1024,17238173078272235405,ARFIMA_0.25_n1024_r51,51,3470555838228001110,4c271e1866d851ffb536b0ce7003dc370d62bfcb499e89700301b7be5efbd922
ARFIMA_0.25_n1024,13267644918888419972,ARFIMA_0.25_n1024_r52,52,8003466558656223398,d767fe1323544f4c1046979225ffec92c7eeadce7b360518948d585346aad437
ARFIMA_0.25_n1024,910882038914410679,ARFIMA_0.25_n1024_r53,53,7186728013204475006,f94fc7cd5359b6751522b645acd77367d05e85bde9aa1d2895008fb616363db8
ARFIMA_0.25_n1024,18171793490547240623,ARFIMA_0.25_n1024_r54,54,7753368136048937444,5e830287c312c1ee86cc068fd366c7b3a795d2b238dff5432d39e25e03a8d6fb
ARFIMA_0.25_n1024,16642293107595340452,ARFIMA_0.25_n1024_r55,55,2865953329527549764,23e63bfb20e204d739350176e72c16746e023306a9230824c6065844e5fdccb6
ARFIMA_0.25_n1024,18105045441296032097,ARFIMA_0.25_n1024_r56,56,291731605996703838,1c135a444b10e276c55f064d62c82ce09f6e3012cbd3b767d9bebc089cac067a
ARFIMA_0.25_n1024,10619417029964618616,ARFIMA_0.25_n1024_r57,57,14285000703402619888,91678f20252a0c4bda5c09cfd34e68a4866dc1b1c2445a802fdd237ca6bd6962
ARFIMA_0.25_n1024,14962367940060652226,ARFIMA_0.25_n1024_r58,58,9942110663453025225,9cfdb34c84a823cdd6007b9ff7c1a003aeae0ab18764e179b7007c8a9f2f2096
ARFIMA_0.25_n1024,5865701506367489218,ARFIMA_0.25_n1024_r59,59,16034369537170914192,03414ef375af68fc135f169761d8262155a63bfc73b7ca6da7d59e66b7525a28
ARFIMA_0.25_n1024,13182368442791712582,ARFIMA_0.25_n1024_r60,60,5285292265932335796,cdd41a49f38553eceed1731f28c23af0a488719f54bb452f957844cddedd4d1a
ARFIMA_0.25_n1024,17901932070565651486,ARFIMA_0.25_n1024_r61,61,16755357887210362671,ad2ce2b6d50ce985af4ffab434950886618013cbd0fd8d0f2ccfb5bd434bae11
ARFIMA_0.25_n1024,15871489103487293126,ARFIMA_0.25_n1024_r62,62,25947388074048942,c11e7232b92ccbee4672f72f0449e29981fa2b705ae7a9871172ebc83d65ce0b
ARFIMA_0.25_n1024,17838458806337313329,ARFIMA_0.25_n1024_r63,63,9888595246925812588,5a6f5acc71c12a69986e5f901e0ab62207fb11ab1daadf499ca0891843996192
fGn_0.25_n256,10531029122634189230,fGn_0.25_n256_r0,0,1063650875169707652,eab4e2893523f868e16ae20a5f8fc6e1980484a0b183554ea1bb481542ac1ce1
fGn_0.25_n256,8868706274595377250,fGn_0.25_n256_r1,1,11006556866381276565,4a4e89f4a16e1bba349c050825647a68df3bb385e0722e169136abbbaeb97040
fGn_0.25_n256,16819636502708466619,fGn_0.25_n256_r2,2,3068915888840032766,e8cc5719ffb734097ae481131fb7ff30efe2198877124daab15356a72dd31e29
fGn_0.25_n256,15343255628560938657,fGn_0.25_n256_r3,3,7905763713012963319,bf1be08723cf84753cd8d6290f77fbcabb84e2afa12702b26ef01c5dabd70db8
fGn_0.25_n256,5984715734953573456,fGn_0.25_n256_r4,4,6372326890767873508,15549ff6dd291e5a5c77e92caa1f1c1f8a19baa9c7f3fc873a00aef98aa50ec5
fGn_0.25_n256,8478575328741589585,fGn_0.25_n256_r5,5,17987498600923705471,a91020ec5d4c77cdc3211c1e3f67f529839b647a676a6ee4e8fceb533c95cedf
fGn_0.25_n256,14503140009017005095,fGn_0.25_n256_r6,6,9854575442091486914,25d4672975c88c6b47c9b4898d53697bc5255cf67b8eb445fef68e3345c1505b
fGn_0.25_n256,2652602147120001195,fGn_0.25_n256_r7,7,15075308281701186860,fadd4242db92a4c73c021892064b2f7319575921082adf95ea41ef31e16e7c44
fGn_0.25_n256,17579485424597395530,fGn_0.25_n256_r8,8,8649899610736528549,05f60853c6cd1b1c2caa6e5219b5b68e79fee48813592879486dc752f8add4c4
fGn_0.25_n256,7908024224048711904,fGn_0.25_n256_r9,9,18061734187996420936,b462fb07a429ca55038e0497107d51cd5a5f234b8fc7e60e4e141bf8663ede32
fGn_0.25_n256,42645879022136745,fGn_0.25_n256_r10,10,4573612873278437047,9797967ef9d8b17f9d6aa9fd24dcfa4cf59a551dcfcd16713803247b7cc46e28
fGn_0.25_n256,6967822214327336318,fGn_0.25_n256_r11,11,8873273948099645585,d019e04b4d78a32ebee8f9b708b2f52696f40a76a1c08d9ac2d931e63690dab8
fGn_0.25_n256,11168873102728619060,fGn_0.25_n256_r12,12,5908109949873893232,899349295b370648a5d2d7efd1490f23d45bbe91fda9cd134d2721097990cee2
fGn_0.25_n256,11934966448133797121,fGn_0.25_n256_r13,13,11129395792051318621,3e8cf595438415e1bc61f4e1106cbc9aaf29837377eeb47e36f71389d2177578
fGn_0.25_n256,1080861758999487157,fGn_0.25_n256_r14,14,311454869080797337,41b1c49352f5ecde62b30937f89163524e51e3c51ceb4e688d7d4f3111669607
fGn_0.25_n256,14587677707320030561,fGn_0.25_n256_r15,15,11035922088570345976,0cd104fbc55e7174a0626a29f1000273b3825f8bbd1749cfa711bf27d770afaa
fGn_0.25_n256,6949650224559035140,fGn_0.25_n256_r16,16,825697162826865671,5e7fd7f8c4a982bc07464c19042a3a28dd153a20f49a8c084c05741054e439ba
fGn_0.25_n256,6215125663521928183,fGn_0.25_n256_r17,17,4098005915411916964,bb351bd273ed289a1a88100da29576526c519279ec66e1c0196d7bca0a334143
fGn_0.25_n256,961939088933245873,fGn_0.25_n256_r18,18,12172438185857918362,191878b7ecfa8811ec0e3493b962ddf4240327df3311ef955f660d835ca5cf9a
fGn_0.25_n256,17663511590472705973,fGn_0.25_n256_r19,19,10239950818696516575,679445a3749ecb3bcb79dca1907e1c8214120e3353f8e0170d505f1c59510757
fGn_0.25_n256,1717178679681869735,fGn_0.25_n256_r20,20,6296278408045622996,5a8bddf7c15f9eabc7ec72d819ddffd69023f2d881e5828a2e43aec21ad02514
fGn_0.25_n256,5357984024678742149,fGn_0.25_n256_r21,21,4325253821920343536,b6e0d0a503ea6c0949eea75af4ce1edd124f4e105e3f8effa5d70adfd303d100
fGn_0.25_n256,15867086743493532968,fGn_0.25_n256_r22,22,8234493286971301433,fefb076b645c8e96c1f8151d651c8f40eebadf032dc5af072c512f349b23546d
fGn_0.25_n256,8038415864901386181,fGn_0.25_n256_r23,23,10214106767278090373,7dffa8d3bd5150f57aa2305f1146a89140514ad354a962e39a28bec4e711b54e
fGn_0.25_n256,11600024486875715106,fGn_0.25_n256_r24,24,2844152411247498670,4c5a45fca6d149d975437c5ef7bc88e8fe500436a51278eb2a22e8a0ab693452
fGn_0.25_n256,14564164294228209208,fGn_0.25_n256_r25,25,11024640396658141713,cf270fd7a090765afd4e22a7f3064387fe86dd42232f6bfdbf336cbed098af1a
fGn_0.25_n256,2837226395204003652,fGn_0.25_n256_r26,26,16154934614116805075,92e8b928e8ce16719bad40a1f05989cde68aaffc1a1725bd71d8a605fc9e1038
fGn_0.25_n256,652139762305330107,fGn_0.25_n256_r27,27,13294966436632381218,d0f8a7c08ad2cee2a4dfb7b510a1bb3f3f29bd747f1f4ac922cfa1818d98e88e
fGn_0.25_n256,18169493182300521843,fGn_0.25_n256_r28,28,13712743233359486978,60b21aeea9f90b8d00fbb4e1f34a71a2582d46fc5b2db2e06c302382d1eec43c
fGn_0.25_n256,2977645767275699578,fGn_0.25_n256_r29,29,15891688722136791109,dd3b315695b3062d9c1fcd426b188dfd7578264fd0b74a6b9f515a1d59bde6ee
fGn_0.25_n256,4493978231235968,fGn_0.25_n256_r30,30,4395319902372915957,d06a1509da42116f041fc8feaf071084d11ede7ccd2b446540ba88f8364c4c84
fGn_0.25_n256,10410244964596331607,fGn_0.25_n256_r31,31,17799092463473900353,66d8799de7d91fcfe53e1485c8b6517264473285183907c60d3dea3d5eae6bc6
fGn_0.25_n256,11473459941955993985,fGn_0.25_n256_r32,32,421878454687970356,e4e6e91dbe522747ffaaa1ec4a73671f3036f679b93e9081362564df44ffee8b
fGn_0.25_n256,1388074702757102123,fGn_0.25_n256_r33,33,16731425182955259554,3d0bcc82731fc0b2e69018dc3a05fa4c38bdebed28620b2ad5918f2e7c968063
fGn_0.25_n256,5227369167192174486,fGn_0.25_n256_r34,34,13236922707210173380,7c6b98e2ab28b26c79b0c063f96c138b31ca0a1c1cd4d15f31b418264f0858a3
fGn_0.25_n256,5698555486785384141,fGn_0.25_n256_r35,35,14055956523868997425,0580022aa328e17792693058f4cfa2b8c7bb46077a52e1b43bb51d9f802fe059
fGn_0.25_n256,17617173014572167041,fGn_0.25_n256_r36,36,14847730095888794713,151ea9e84f8d3b42d9d326ccaa3d4f5985f98b4f57c20514f332541a68f55826
fGn_0.25_n256,1483009488851749469,fGn_0.25_n256_r37,37,5889696517550372180,8995396ae96fab208b397564a94bc238a2eb397bd7cb8dcb6aa3d99db1b250ab
fGn_0.25_n256,4103025334857764214,fGn_0.25_n256_r38,38,11879419471518698963,a196be8d89ab57b8ec827c64cbaba53eb5cbd44d2ea9a425c8eb7f68b627a0c4
fGn_0.25_n256,13409596310306891754,fGn_0.25_n256_r39,39,65743252598805748,05001577a27d9d76f8819c63c91bed822c392b75d856a0a0f404464d8f80cf5d
fGn_0.25_n256,13679496292332419326,fGn_0.25_n256_r40,40,10943366556961277187,c36c59532dd9aefa8e977742ce515e737d919a3ad1cda3ab9cef0864efe96476
fGn_0.25_n256,6469196761495512595,fGn_0.25_n256_r41,41,14637032747556330992,39d41753f3f4897077bf487aec0c513fa60e093d14f1bc448931a4f7af2f5cf7
fGn_0.25_n256,11116510178799320408,fGn_0.25_n256_r42,42,3565089034411229776,7c971d9aba826dcbc0a8d7bd22cd8ce8e466537e21d705ee57097def0f48a848
fGn_0.25_n256,12135213104435369903,fGn_0.25_n256_r43,43,5493584330569332177,40d0302c01c17f30a8ff82466d5cd5c770c9aafedd8d723fa71a0eba1f36b0be
fGn_0.25_n256,3414964806363887650,fGn_0.25_n256_r44,44,10793554964595830940,3e23963e472aec2802671bd61e2e7ec6d687a8a63bb5fe2da45e41b2a702ad54
fGn_0.25_n256,10721919909272922999,fGn_0.25_n256_r45,45,13079019006089755860,c13ffe92dfa829071f13aa0865b16142b3a01b34cf7217cdc9da2917eefafd84
fGn_0.25_n256,6961791337344968366,fGn_0.25_n256_r46,46,8555290457520550452,9ba1a7015016a78ce6dfccf1544b3db567f0024646fa487c386943fac5497ffc
fGn_0.25_n256,12783010731892237090,fGn_0.25_n256_r47,47,12827349123055813496,eade6cc3162b0ca33d1f43c412405fcad2cd92e1642ea753852da9da701e5868
fGn_0.25_n256,5962876125205677523,fGn_0.25_n256_r48,48,16225009027614751173,10cbc38e7f3584c06e529c50c6153221919df871f2a05d04a019b1567995cb67
fGn_0.25_n256,17321632590463706795,fGn_0.25_n256_r49,49,9103610265344463388,813d6a6d718ae3f5b02faecddab1920f46e709404943ab195a3269e2705757af
fGn_0.25_n256,941424181336667342,fGn_0.25_n256_r50,50,10603158994158637098,cc5e8612707d7881d6a030c1dd49a2a720b1d4749e6d015799de35f340f8d292
fGn_0.25_n256,16826756928134539013,fGn_0.25_n256_r51,51,9153656666784075629,f661ac5b67fc2201620b8d2285add7f312667b2545ce10cb3b46c56c8257993c
fGn_0.25_n256,17619838343047518666,fGn_0.25_n256_r52,52,3541918841995077827,0be43551ec422dc812099c6c1a39a25fe60bdd2c3b2a83425b31308cbb5d3437
fGn_0.25_n256,6572239874311823613,fGn_0.25_n256_r53,53,3042574415290690433,e7d67636d60f54f70a7430fda90c62a2b74c4cf510e9833868606dabc151203d
fGn_0.25_n256,2346405315252182047,fGn_0.25_n256_r54,54,11039600804628316158,33a87703e822b929ca518af695659f1bfc7cead9b16aaac62c57715288ba3f36
fGn_0.25_n256,12741503634035328040,fGn_0.25_n256_r55,55,6207068938649563561,2cc81c03c86163061616ed3c4d5f70296dc94a5e4e179b4eeb99045a2812a20b
fGn_0.25_n256,14293022228965515552,fGn_0.25_n256_r56,56,628369115873279296,90d859116cec2a3f1c93a977d02db9b752baa02b3f40cba5adbfc69d1b983589
fGn_0.25_n256,9687546971024692495,fGn_0.25_n256_r57,57,7932313386348562865,65e57ac42cafb146a4129b3fd086785f0e0d1fb193a7b31240185b2d9c52b880
fGn_0.25_n256,15042012923720955023,fGn_0.25_n256_r58,58,8744204207469689054,878ee1a484486fef2692a8eb6eccc42a87e1e4ea6085af02fd2a00a09dfe076a
fGn_0.25_n256,7127676706536961703,fGn_0.25_n256_r59,59,8534429219174328801,282be95110924f754e20fe4f5532abfd859b1fbcb9e9e2ea232ed1292cc7d084
fGn_0.25_n256,10330837302956663980,fGn_0.25_n256_r60,60,3367132050060061120,014022089d5868dd5ded2123dc58de905956b64b13b0d5d05c4e72e2d31ff0b1
fGn_0.25_n256,9014897306270453485,fGn_0.25_n256_r61,61,10577808991379551431,02744497d163dd537905b0e69d75099cb79f7ec8cff7ea066b6b49e3b2a3a822
fGn_0.25_n256,9253969322090982516,fGn_0.25_n256_r62,62,3910242783570165965,9055e8d893307c82ce0d555400169862c767cb08290286b6f9d5149c3dc70184
fGn_0.25_n256,9895606320498939081,fGn_0.25_n256_r63,63,17795111640875585911,a06324db94f0c5da19e5fdac82890ac4285dd5af95bd7a4141c5957824ecfde5
fGn_0.25_n512,10111490101889908703,fGn_0.25_n512_r0,0,422619716703034170,5de8af4ea90ba877587e4f90c22cf409e22227424acb9202d1aedeedbefe70d2
fGn_0.25_n512,9552959311751976124,fGn_0.25_n512_r1,1,16394708109137901777,1db5a4d60f599f5652e5c3783975167d8fa50439c2f25d7d83c4de9ea05b86df
fGn_0.25_n512,4241856931637387209,fGn_0.25_n512_r2,2,18323004663657499762,6859b7b1ce9bc68019f3d356591b129c7cd373e5c48a9b96de329dbcee34491a
fGn_0.25_n512,9737059475389938873,fGn_0.25_n512_r3,3,3222955294437306659,de5a6c5ab224b17bdfad1211912236abf4a55f133572df12d6ce8dc4588578aa
fGn_0.25_n512,6057656198139477739,fGn_0.25_n512_r4,4,17378885401805304612,e95b7ecdbb1850f295a225df170e324e39af1d18675bd7ca75a0e9a661e9dd82
fGn_0.25_n512,11039052746262137526,fGn_0.25_n512_r5,5,13694036679361256490,112fc28b27ae53d5ec17badb00734dd12225db7da7593049e9aa45dc86dfea4f
fGn_0.25_n512,2191235700356936429,fGn_0.25_n512_r6,6,12177626563160620311,1dea0bd59370b2e143de6b1c158f5652a6ccd444bb61db392773be3792a98571
fGn_0.25_n512,16859544373181127480,fGn_0.25_n512_r7,7,12511818319276307734,80b406a83e0e9af18b77b361ab8817299655d080257ede6d9e93aa18eb728594
fGn_0.25_n512,8257737144221128618,fGn_0.25_n512_r8,8,11593599028819320644,a84ade4a401dc59fb82680392db9899d36b1c0c73659179c2ccc00f8bad304b6
fGn_0.25_n512,8555426722624702831,fGn_0.25_n512_r9,9,10387862718647435534,65fa7f1bc83707bd3ef6995574e9736ff96dd180856fd8c71637e09714cf1b56
fGn_0.25_n512,4564057462871807492,fGn_0.25_n512_r10,10,15805370973139567004,5d3b02c36916dce5d079ea91dd2427438929c0402498b4abd38252d786115bbd
fGn_0.25_n512,16947567265444441765,fGn_0.25_n512_r11,11,2777700135370464177,5bb6f23f4e44575c2a164a2ecb87c145e7586196dd6bcbdcc6913d01c9197cb2
fGn_0.25_n512,7911936164381196594,fGn_0.25_n512_r12,12,15094684089301612066,1e3f129e89f484ab102cc839b67ed0220ad97c11aa1ca82a6835a63967b31763
fGn_0.25_n512,11403263234896412957,fGn_0.25_n512_r13,13,8670257965796586018,1443664fd7b61a161968c7764e7514a7125fc74bf815622228ae1697d71da6aa
fGn_0.25_n512,14545858653861059574,fGn_0.25_n512_r14,14,6061616349613348292,7cbb26189fc0a34c847e52f76b2fba833b4db33ca7cf7f5a4a1aed69ecca8031
fGn_0.25_n512,7753923270058004887,fGn_0.25_n512_r15,15,3284075366080585921,9f445081c7deb10eecbf8475fc69bd41b52a6d31f5088c50ce6c1bcbff20bb53
fGn_0.25_n512,14022969327111877854,fGn_0.25_n512_r16,16,1323348060214367675,03b7c2bdedc0050806def26227e75aaf2ce57f3250c0c394b5473af00d3b9d22
fGn_0.25_n512,6952061324291895932,fGn_0.25_n512_r17,17,7608996150214305200,3fba630e830273f95c1a5192d1b387be3ea888a5874f32613a2c9f02b0628ec1
fGn_0.25_n512,1244063364933267552,fGn_0.25_n512_r18,18,2237206630259850403,b054afdd4f30861f292ac7447183f937eca73506fdaca7731eecb27f53cb4747
fGn_0.25_n512,7940402750912336472,fGn_0.25_n512_r19,19,10372216748182502749,a3178ce0d8764cbdeaab131bd3415b4b3903a925c97881bdfcab0cdf28c4a678
fGn_0.25_n512,10476611650625775356,fGn_0.25_n512_r20,20,12280843839881243269,b6ad14995fb38a7a0e580bd5eb164fe42fb5243c9fe88b2257d072cc4299a686
fGn_0.25_n512,17244241988787286366,fGn_0.25_n512_r21,21,6734503850072538255,72398ef813099ad85cea98767ca7189508c4e565296927d6466d415b1b64a06b
fGn_0.25_n512,4681940356013263382,fGn_0.25_n512_r22,22,10030973755465910963,4c5468525c2cc5bc35089e0ea19825b94bab128353be8a49fd469dafcbfab402
fGn_0.25_n512,10449801761694099368,fGn_0.25_n512_r23,23,7024150159042920632,be27e3f943ea6c7152b34ae045aa541cd7485afb7eda7774baab0c0532960f87
fGn_0.25_n512,7839385817877029028,fGn_0.25_n512_r24,24,16277965174118714693,72d552d38cf3759c72f595450e117b93f029a2bf42f273d88082fc616878c72f
fGn_0.25_n512,17842505695205648492,fGn_0.25_n512_r25,25,14143738305841080789,77d7c1975698b1b068ba69ce8b072bdcc5e74d44c7725e59f54a121e6d61d673
fGn_0.25_n512,2028846205239120995,fGn_0.25_n512_r26,26,262293448824489313,b9c29950a09378341be3175da9da6cbda5f95e95ea3a996ce8e1365ebcd2e01b
fGn_0.25_n512,3568352968997162607,fGn_0.25_n512_r27,27,6936407065657477592,0177488b670ab5c656e99dd5f1faa2cc205d58831a2ea7c594f64bd60fa8ebe9
fGn_0.25_n512,285977524397762766,fGn_0.25_n512_r28,28,14226596628113694775,18223bd2a1b1e8a94745fb55ba54c1dedac38ab20531be15bab003dcdeb7f9ea
fGn_0.25_n512,15548352968424414008,fGn_0.25_n512_r29,29,7871299563976162142,fb19761245003fff63d09531ccb61cca18bc210147cbe35d2af803311a6a7173
fGn_0.25_n512,8502511487831262670,fGn_0.25_n512_r30,30,4891904996492649433,ef9d87dcf03fa4d1280942b068d68ec5f7bb8eba4f9c587f69c21d9935cfdbd4
fGn_0.25_n512,4555167131212344407,fGn_0.25_n512_r31,31,15635364547738208286,a47b4804ce1a0821e42fe053743c6d6ba7c1d4e36150fef28721961292715a32
fGn_0.25_n512,1896131962606433514,fGn_0.25_n512_r32,32,10385537038362950186,6fde547fb03a628440723871a276837bf9d40828671cef85916e3ee526280fbf
fGn_0.25_n512,7875688613192657565,fGn_0.25_n512_r33,33,5240606522289598816,60dc5d904732db89f66e693fe29336fa20774b657bf5ba9d72e459eecce01c10
fGn_0.25_n512,11562104584219714530,fGn_0.25_n512_r34,34,15087864514072795542,a328f8b443617cd0d1241d80322c568c2a3c8d5bd8e7689484914d8853de8cd8
fGn_0.25_n512,5490811676443623328,fGn_0.25_n512_r35,35,7881698624477800243,586c07397fabb67d0b695e8b24f136393d60cd67393292ab006097a02b606656
fGn_0.25_n512,10784603188457482443,fGn_0.25_n512_r36,36,16727803477345442322,faddaa037c7bb91696433bb722601ba4d403c398c0292ae29ead56fc2f4ed6ad
fGn_0.25_n512,11951950044442438192,fGn_0.25_n512_r37,37,7183938926548394020,4d1db0335dda267d1224f58a9f140c9eb40be1e967cd26b38f8c15a2011f213f
fGn_0.25_n512,1248902688519944958,fGn_0.25_n512_r38,38,2224130775051337260,2022efb9a07e472d1c42a518b839f8660949b73d22caf8b214017abc74948d35
fGn_0.25_n512,15437422042199862968,fGn_0.25_n512_r39,39,15217843407526943982,00d9fa811f77fe8ab7fef7ffa228de8fe18a6968911c40fe4a4166f5f736ae31
fGn_0.25_n512,2790070909367030932,fGn_0.25_n512_r40,40,16351460607196734804,4889ed7ecf41d562683ac4be8ef466b097a4a072d17316cc572a010fae3a86fd
fGn_0.25_n512,12154150258140934744,fGn_0.25_n512_r41,41,15291610376957306450,6880f905460899ad8a70228cc5e3456c76d672cd419406a1cd8242b5e7d8aeed
fGn_0.25_n512,8296098719258387343,fGn_0.25_n512_r42,42,10811428202423350201,1c9e396a55001c173a6f5f56b4d942a7a6ea3a61fe6d2b5e04e31fd8ae49318c
fGn_0.25_n512,1832430506026507317,fGn_0.25_n512_r43,43,17044587555716245533,e334e68741f76a135923ca6de129550d889bc585bb1cde89efc8ce36392159c5
fGn_0.25_n512,16684721420724998781,fGn_0.25_n512_r44,44,18128874022273514125,66a4aa2bc62cd566be7312deeee02fee01c47108dc41baef2c65c8f7ea9699ca
fGn_0.25_n512,16852775768521085111,fGn_0.25_n512_r45,45,10058825713027756005,58448f1db077b7eb19ee260dc37ba9ea26a0d6f57a7fff9b6575a7d3078bdf80
fGn_0.25_n512,15283558139642430927,fGn_0.25_n512_r46,46,12923024029932631406,1ccfb97c05d308183dd29df418d6c2eea30f24016aafe711ab7588300520dc16
fGn_0.25_n512,7288639291096663060,fGn_0.25_n512_r47,47,1830757941948927513,9a35ac68a96d5ea11dc01289a6c7dc930f626b8ff2ffbc06517f89339c830070
fGn_0.25_n512,5304883942624388283,fGn_0.25_n512_r48,48,10300112441222263110,6c8b88d430528111c0768698a5376c0d551dd3c91f8940a43b9f90d8ff2bcf05
fGn_0.25_n512,13215237819757842218,fGn_0.25_n512_r49,49,15578197505607995722,f10e64b66926faa01279a8ba8a160b55f1423fa53303a54c60f07165ba929db1
fGn_0.25_n512,8307163233308097611,fGn_0.25_n512_r50,50,13909964407256898957,95d8aef3e826961b5a994946e01bcfc35e318eed000da503f73cdf6ec92364e7
fGn_0.25_n512,16684551241277503469,fGn_0.25_n512_r51,51,8659188760548177692,f22fb8254e590a76fbbf37790e7029efbcb0df52c23d5bd8573c031c02b82518
fGn_0.25_n512,15408116420774757436,fGn_0.25_n512_r52,52,367184254117339715,652281f2dcdb33a754c92a9bb5633873e2bc988b30c92ce0b2e79ae6836c2123
fGn_0.25_n512,6173955723104620167,fGn_0.25_n512_r53,53,14115351011170371806,b4e4772073f5fd48a15a662a67a6e9872774036d91246c2846a1b3ddcbeea728
fGn_0.25_n512,14657446316725302503,fGn_0.25_n512_r54,54,5928256827352993249,cb31472c9a32704d9309dbcf9ca545f573b37cf95097b5c6575c286bc857a2c4
fGn_0.25_n512,4751737339005377136,fGn_0.25_n512_r55,55,9613459096139485529,1a45406becc6276e54191b58f2da1dca5aa29dd06984f355d0c7a036ef3c3fa6
fGn_0.25_n512,163341237431149640,fGn_0.25_n512_r56,56,16390919528949286272,28e8758174d219aa436fa47f65a3195fcfec9d819abe870e868050341782fbe5
fGn_0.25_n512,11075043883576794886,fGn_0.25_n512_r57,57,15649805767166807527,603f5851d6c16354b985a465da69c28614486102834778f4c32c75326d3b4ec9
fGn_0.25_n512,13691101517351632134,fGn_0.25_n512_r58,58,15009793167299548270,392502a84a5beab9f36667fd4026fa8565d25cea3ff7a313023dfad1f5faecf6
fGn_0.25_n512,14646922605672554475,fGn_0.25_n512_r59,59,17029963152915242813,c019940d33d0dd2e943882bd2f38b9d5289e128d0cbb57a09bf626ec0fa2088d
fGn_0.25_n512,2977415145717706259,fGn_0.25_n512_r60,60,10991097766369275087,11e79908f9ade9bc4c4e939288f82dae535012cd121c1616099cbdb025b5062e
fGn_0.25_n512,15930603834099113159,fGn_0.25_n512_r61,61,14412515486874780206,940989a059c3b682958d7c9b1918750349bd6ceb44bff2c47df42e6e29e67a2b
fGn_0.25_n512,2575285765529097156,fGn_0.25_n512_r62,62,4348537467947461641,0b6a9a003f54de75435f76cf984a59d48ce2f9a0148e60b9d943396efb0f4ee3
fGn_0.25_n512,12530623092612704813,fGn_0.25_n512_r63,63,17954109867780540125,996d0587469cb0ce13ddcd4506f7c7286dc727d9e0c79074fc128588648c45cf
fGn_0.25_n1024,10609111774276847901,fGn_0.25_n1024_r0,0,11603412847580650325,81d436e0201c296c623e9018b1789fcbe0952ef7fcdb3ab0a3c618bf67cba11b
fGn_0.25_n1024,8008743077835260269,fGn_0.25_n1024_r1,1,9737858109919051326,ec2fe00186138a039467791e0e18d42d4d64814ed3febc63790e2cbb851e2e65
fGn_0.25_n1024,7025535214492903397,fGn_0.25_n1024_r2,2,2011676970246141636,fbcb1075ec2c4c0ac71922b775314099487da627f1db1fbde684d949c587f2c3
fGn_0.25_n1024,11233271018712586852,fGn_0.25_n1024_r3,3,4827840089946512304,fdb914f8856ebd62afad81ea47e750c54339832b595977df4771dce72731b2d5
fGn_0.25_n1024,16194334238043757544,fGn_0.25_n1024_r4,4,4205860090343595114,d9de597e6e231856472abcf5402bde491943610b4fedd062797dccb61a629e7d
fGn_0.25_n1024,12557826626952850072,fGn_0.25_n1024_r5,5,6243663586221406081,c403ca2d6565ee405f75027c566221ac7ffaeec648a3a92302ae9eb3f55a29e4
fGn_0.25_n1024,725018564592542339,fGn_0.25_n1024_r6,6,13827301738158367009,f3f42d03f62b8dd4647e6222d248aa64df0295e2067a08d32b360233534cd355
fGn_0.25_n1024,7625599907367508823,fGn_0.25_n1024_r7,7,12759345574743116289,56562d171a88b1a3502bd79a95843d41e24ab321e1af3bd980465da4ecbad058
fGn_0.25_n1024,8593876863674866708,fGn_0.25_n1024_r8,8,302038058916299819,381cfdcade15630a7a28d466c6b4ea35d69bf5b35f8f4e834f6f72a1e887c381
fGn_0.25_n1024,13273701391114431753,fGn_0.25_n1024_r9,9,12470595999198420782,fcbc4b7a95992bb6002e2bfd71060c59b1ea1485c202f7b4fe3c6dd83b777604
fGn_0.25_n1024,2617894165099135935,fGn_0.25_n1024_r10,10,16467464196382175680,d850157e4a6f40ca1233e4cceaf2a58a61a3dc8d2fbc784dd56171c04d3ffa6c
fGn_0.25_n1024,15695013445223679261,fGn_0.25_n1024_r11,11,2436774899960097277,8cbb5e33815a50335842930d6f02ccf76e38b4173f6e3745c141d580615dec96
fGn_0.25_n1024,5099807124199311017,fGn_0.25_n1024_r12,12,4214392243294528377,a5ac343c45da240e997f846d1e2a5250ab9643759747a64a3bdabfcebc6c4143
fGn_0.25_n1024,7035930348456971822,fGn_0.25_n1024_r13,13,11430770761030454393,e94ed0efa96b132ecae69259284036f3dfe456b0af61ecfbde7c20a5e1af23ae
fGn_0.25_n1024,13335951282607005770,fGn_0.25_n1024_r14,14,5260866783591321407,1368d187e1fb0c5ad983325d418654f554a0e737e512e644676c60793cab21dd
fGn_0.25_n1024,4695916114480185816,fGn_0.25_n1024_r15,15,17091096537059714685,95bdbd34c6a96ce452f14c66e97d855108d63ab4d810cfc6a3772be7c459f251
fGn_0.25_n1024,1801386757692881453,fGn_0.25_n1024_r16,16,15857250015617923012,84d0ccfe640b53a4378d86193290dd2e94ccf03f931be836b23ad37a4160bda2
fGn_0.25_n1024,12862542608726451869,fGn_0.25_n1024_r17,17,15169140011411335896,ea5f74271e7ca4c726ad6f5993d7cc46d6ddf42df90ec2350ba86fa0b9b1a38b
fGn_0.25_n1024,8923323522075471563,fGn_0.25_n1024_r18,18,6664715728193000650,7632312761c8da0009b181e09e6b2a7d2dd154f9d22303d9b3683ff615c0ef83
fGn_0.25_n1024,877254918293104402,fGn_0.25_n1024_r19,19,18342998336158981623,0101ffc6b8e9f441e977770716140416fe9ff5d6ff48bb3ae9b2f44d341b4b56
fGn_0.25_n1024,3766169172596442054,fGn_0.25_n1024_r20,20,18255043488075019008,96eeec0a20d31a0a6f2f70e3e6b5b89783528ab1e4614bd74313038589929ea5
fGn_0.25_n1024,9295570232711696845,fGn_0.25_n1024_r21,21,6895295130722976194,1cc0c2c32172874847aece31689856886ef9830354fd57aec7232221ef51e04e
fGn_0.25_n1024,15811834625454480149,fGn_0.25_n1024_r22,22,3004573160885438984,e37379b6cb8e15119174b5ff372aa21dc356f882879329a6b2eed7d824bea583
fGn_0.25_n1024,17810686550875348685,fGn_0.25_n1024_r23,23,7532980653087849267,f3f45932b957f62512174c77e82fe7b576215d1fb979dc76b36bcbb34d3cfff0
fGn_0.25_n1024,17987062569805216162,fGn_0.25_n1024_r24,24,2565635303566360180,33f361a1cda392260825162a757f884312ba08f3ec65cd3ff81be9c41f6b2657
fGn_0.25_n1024,13303175354544825211,fGn_0.25_n1024_r25,25,13038574387719317689,77087a0048985d743cb4a238fb172e2bb0850f639c91fb65d140ea6f368c2c76
fGn_0.25_n1024,14728435192973190876,fGn_0.25_n1024_r26,26,5545583525932488927,8d5feaacc6b4af228c0b48500db5f3856e79552d7092c4f8d70674cc31f2d631
fGn_0.25_n1024,12122647737774627730,fGn_0.25_n1024_r27,27,8969409268105098846,e0d7374ae500b65729d2d74695ffc15046cada2a4f3bd88023806ff5a86269e8
fGn_0.25_n1024,13099579805031896827,fGn_0.25_n1024_r28,28,1253064456059912863,e6fb7437f059d9eeac28dad11c0274ff360f8f91a7b6c8387117bc4da85de878
fGn_0.25_n1024,13269984787805768578,fGn_0.25_n1024_r29,29,4645145261660896354,6cda05c9fabe8cd89c2352fde5fcacdf18a651c6b40e1f834291aab359a6e83e
fGn_0.25_n1024,4142058231005826473,fGn_0.25_n1024_r30,30,1526721336189443237,a610dd1e7799244519850b70409562bd28661102a9279d6158574b7b2420b643
fGn_0.25_n1024,14024023407955356874,fGn_0.25_n1024_r31,31,5430290299050097633,e55bf300216276cf1db3cdc879d1004c6fd0e837681e1bfd78bbc6b9870803c9
fGn_0.25_n1024,14726989481386070754,fGn_0.25_n1024_r32,32,10863604158743017282,e200778dd71ee9d314986acd96d92fd0b8bc1f420ec13f19cd266edc6144ed1b
fGn_0.25_n1024,15616107932138888398,fGn_0.25_n1024_r33,33,8671389594151314851,d4af68014df228373d5cd1f54f91fb8d1d0da5f1a43db34f1ab0ef18906636db
fGn_0.25_n1024,10911656709860347603,fGn_0.25_n1024_r34,34,3202063890558846896,c41cf91d39c1ebfd610235edafce9dc95382a3a4d9e3f4c4546f9262dcfc1a38
fGn_0.25_n1024,8947203766533835164,fGn_0.25_n1024_r35,35,2463080678817891193,e9178e7627ee65443ab996d9312242f7a5f1d081c40434aac0d4b3014fc73f98
fGn_0.25_n1024,20721771009348081,fGn_0.25_n1024_r36,36,1250825571251367427,6fbe484964f1f885442f12cbda012de2d710650e5856ca045ec3f494daed46db
fGn_0.25_n1024,12190788541929233485,fGn_0.25_n1024_r37,37,11121159140711547375,b10207a1297f6ad1381c89f3081e4f340ce472a24cccc8f9ea2b3649b96e8b89
fGn_0.25_n1024,16364282759737471724,fGn_0.25_n1024_r38,38,7056760565466870063,1805d95a76320e3d2e5905048ee77fa7e56c67ff59f80dce2110b703ab132d6a
fGn_0.25_n1024,6443829492664654088,fGn_0.25_n1024_r39,39,4776984861499633679,f4b3ebc628afb63dd38db7d8b712e2b3b15d291cc036ae35c3e502fcaa02403a
fGn_0.25_n1024,5839549951135591236,fGn_0.25_n1024_r40,40,1429267823024824050,5c215084c442856f06d0f0848efa5a3b4572a1448acb3c7b09c66aaf6e67d4c4
fGn_0.25_n1024,8534819939278879194,fGn_0.25_n1024_r41,41,11911029764372842784,6b23707cd2282f5ae2bbe22aa0b5f4e9d5ccd0b32c186d982c09d0639857351c
fGn_0.25_n1024,2678013436224782726,fGn_0.25_n1024_r42,42,16612515711713475845,b876fa1b3691101cbae6dab3095a73ecdcd98944257672125f92d97110e878df
fGn_0.25_n1024,5746078506857770866,fGn_0.25_n1024_r43,43,13406562581297349091,346b460bddd7820a001655d99d40fcd802675e1045d48a05b4b44ab269291ada
fGn_0.25_n1024,4798387633695479370,fGn_0.25_n1024_r44,44,825432228916427324,729775b7c21162f6542cc1e3913d2bbbe79c6a121289cf3f4df21f679e576f1a
fGn_0.25_n1024,14903119831666796743,fGn_0.25_n1024_r45,45,9179837736911228063,89f30d5a7ad0bbb2727ad973719687b743f51d41f4f1709c719438fc0c1b61e1
fGn_0.25_n1024,15823027670483898201,fGn_0.25_n1024_r46,46,5571309365146972032,b15684c67dcb04d6fb9ecefc0720cc715efc2ac2a0f7a2695cbb759a44bbf001
fGn_0.25_n1024,861803747101241194,fGn_0.25_n1024_r47,47,17313373301568010326,9dd350a11617494b38bad38e36a8a2ab6adc95d5605738f2fbe223a2df8017e6
fGn_0.25_n1024,11575738904033906726,fGn_0.25_n1024_r48,48,9987019595592535647,d23ba4e60a46164025e3b492fb4fb3d787ddd1ab05da52391c86cb1a0ef17350
fGn_0.25_n1024,3274383179808414394,fGn_0.25_n1024_r49,49,15475031656702762557,5f6af4f0f554f8ef5f8b3b8c00767209e1792a138732f74e0d80236f4bb72d90
fGn_0.25_n1024,18144165679706403785,fGn_0.25_n1024_r50,50,7020386601348014120,7bc76dd770fc1eca6433db5d1af2624cd37e81115b6651e2da4b7998953325d8
fGn_0.25_n1024,1871263531982742331,fGn_0.25_n1024_r51,51,11908343507389675809,9a7f08af7b45871353c3240648bb245ac6b7ed377f367cb4fdfbf50ab45b5e78
fGn_0.25_n1024,4312601640342227401,fGn_0.25_n1024_r52,52,2118623691793264101,8c6a0247c1da707a0893c574dfab04ad13840f21e20620bcb820454f891ddd60
fGn_0.25_n1024,8414233263602396651,fGn_0.25_n1024_r53,53,10009918673708278393,160cb6e30c9fe0d561dbf1e06fc7f9455f8948ab14ebe518c85efdaf83902b78
fGn_0.25_n1024,15423401188689102699,fGn_0.25_n1024_r54,54,11652378912599338196,c61a8bfe0799b140625501dfdd181d6fbf2e71cb268af2d51e529521c7ac0aee
fGn_0.25_n1024,17963538138127181017,fGn_0.25_n1024_r55,55,883484496009753743,51c3fb1236351f6af928f18fb2db46020bf9b46ac9ea2e69c48bff93b7de86e1
fGn_0.25_n1024,13215710896277862448,fGn_0.25_n1024_r56,56,12851327946595169649,cf6eb0ff1b0782d06c8566f145b6977551da0a28a888f623707041f14d339d23
fGn_0.25_n1024,802659882243923344,fGn_0.25_n1024_r57,57,17684582141927008989,a7bc2e729b1aca825e2452ff44724ebf4f5c417dea6533ec865b514377267904
fGn_0.25_n1024,11339958784702152716,fGn_0.25_n1024_r58,58,17080957915518691997,280e06f2f4219ad7c91f3641d5d2d926b9035a73931c847e787070bc9db9bfaf
fGn_0.25_n1024,10117959571965034239,fGn_0.25_n1024_r59,59,5762298664223125213,9a4ae65dff94d36eba11a031433b5b75c7fd1763f30e58cb7fe5807e10d47930
fGn_0.25_n1024,4720172581969328231,fGn_0.25_n1024_r60,60,12621395011316794108,7f810b3d5b6a723f34e13ab8d072550974c5ec169c5b5cfc97b55ce1bf323770
fGn_0.25_n1024,11460317449762296048,fGn_0.25_n1024_r61,61,7534840362970424421,17788372d74424359c794ab4c9f89a5cb1d4018389bcce9e160bacfc7fb18fbf
fGn_0.25_n1024,10571836298726212371,fGn_0.25_n1024_r62,62,4699154432490273401,df2ec3f4f8653b54ef00719cc96a5d114378510b913dde4c01a6d7546e3c0ed5
fGn_0.25_n1024,8258538983430875512,fGn_0.25_n1024_r63,63,18369914113358016274,e205029261be5dc6c504a02504e963ec31f43edd05174d0fdcf48bc8005e1fb3
fGn_0.5_n256,9001285904160496178,fGn_0.5_n256_r0,0,13212380391155410199,bf1c478ec54b209b6adf9829c712b667dbf0cfdcdfe1e94dc66915be4376b092
fGn_0.5_n256,7134028589223268961,fGn_0.5_n256_r1,1,14916936437902317604,97fc489cc39ac34e398a8cf3ac879128b4cfcf17d835c7a5a9e9eed46eb922ff
fGn_0.5_n256,10256559034255130051,fGn_0.5_n256_r2,2,17408389431515146030,7145e452c0bb1058ce2de541832e6117d1920010799897d84482d44c4b2afe19
fGn_0.5_n256,16456366682965679493,fGn_0.5_n256_r3,3,5693456716411760449,ea28499012640101213d6c28362773a8f0fd7805d650dcb2f379e8b524b997bd
fGn_0.5_n256,8792946369618064940,fGn_0.5_n256_r4,4,12410561613656112643,a92988c9929f08a56756c949c7ca6c4167cbbb363af1c2785be76814ed74f871
fGn_0.5_n256,15988059722835728890,fGn_0.5_n256_r5,5,7363809112444674206,7b4e71930c7df51b081012e66d1138ba5370fa7a0e935c7fb6be9dc4b9905c84
fGn_0.5_n256,415521355345469139,fGn_0.5_n256_r6,6,17522278684223943049,8c05a1af8f6330dbf44da8c5ad7c03d8910d3db094dc0cef1adfed39ebc1c780
fGn_0.5_n256,11568709705980936764,fGn_0.5_n256_r7,7,9260874644750934020,30cd7f690c4b2820b595b64e061ddace5ac63703f6a4a85a6e147a8fd1ac1e7b
fGn_0.5_n256,15342873503049986560,fGn_0.5_n256_r8,8,18208280797574034222,d5a0c5f52d18eff297d92b7623d6150ca4e7b16adf8f1e9c1ade8bcd77de5b17
fGn_0.5_n256,7767399361645776799,fGn_0.5_n256_r9,9,1003941974149479717,36ed2fc78d2dda387a0d2748bd2e2c2fbf0e2c78a6c99f29acc69bb0bbf0ff2e
fGn_0.5_n256,8974600929136987111,fGn_0.5_n256_r10,10,6746963897958137915,b29bf17c2b38137a66d70beae4db5e7a91acfe266b915ba81e4354c200c67289
fGn_0.5_n256,16364594506095597780,fGn_0.5_n256_r11,11,5317947574452769624,306e80acf0454ec7db8ffd28d7b65e71e5869adc781d3e87e537ac8021da5308
fGn_0.5_n256,1917502185547872464,fGn_0.5_n256_r12,12,18373179521783213209,3b85d4658d2896dd6119aa877b1d3ba4c11533701ce14a9e329ff84ce2c3231b
fGn_0.5_n256,2389112818881140369,fGn_0.5_n256_r13,13,9127928732336439523,575b42e41a3a32284a77451cf29579bd6edd4e8dd7c1d3fbafa8eff071d6e280
fGn_0.5_n256,427108153492385696,fGn_0.5_n256_r14,14,3250975441883496303,f9df16936ace643a41f1e878a8b41b89b5517dafaa1f04f38c8b1c22164b6908
fGn_0.5_n256,1074638140995700009,fGn_0.5_n256_r15,15,14710420446272071583,2a0a472f612ca10bccbbb42b0bc5a9f42eb02f13d7732ce51c4c98e54483c380
fGn_0.5_n256,5868914595837844327,fGn_0.5_n256_r16,16,15781946034704595450,81aaa810f77ba9ce5235765e8a9149a0a71df62fd4a0586c1dc64c1806583e27
fGn_0.5_n256,12726236727247892155,fGn_0.5_n256_r17,17,6834349643762453631,00947b720f5440a4fca21c2ed9d722209280166a40fe0396430d6f53f7066c7b
fGn_0.5_n256,9865352938330173528,fGn_0.5_n256_r18,18,3726328302460765378,ab4ef32a9506b9b1e0d8cdc8cef0a8956c092cf7d0b5f4c6483633e005d83612
fGn_0.5_n256,6798087334599515343,fGn_0.5_n256_r19,19,16507177497555030491,e6d7e0374c9981f4495524e23cc8e2862e38c15646d89cc3b08a8c1c71209d38
fGn_0.5_n256,13439973505578568815,fGn_0.5_n256_r20,20,1429001087849439331,8c37665fbb6551331f48409acf62e1901bc01c62522482fcf9d3ec6d81b221a4
fGn_0.5_n256,14857706848546918196,fGn_0.5_n256_r21,21,11146080830118554969,11a2706f26c485f329307d01e12135dfa7c66aeae631c35def30c00ae4d689f4
fGn_0.5_n256,13489337361605219768,fGn_0.5_n256_r22,22,14500130013591993005,09625e7e971369c3ff5dfd8bfcb2f5454f4529ea694ff2d305bfa982ab306196
fGn_0.5_n256,11341668745494999327,fGn_0.5_n256_r23,23,2896052124924780343,b33097c622a108c67fccadd5c5e80201b92a0cb443e8e2e11e61682685cc6a01
fGn_0.5_n256,3865364155019984090,fGn_0.5_n256_r24,24,8243181023789797742,8deb4dcb457e9e63ae18dbcf06825eda8030d50d9c947feaa31cd27ca09e5343
fGn_0.5_n256,17432361828770076955,fGn_0.5_n256_r25,25,8052193920786634525,6fa580b2285429d434d839ab26f717decf80903d12139f3888d67cce94329340
fGn_0.5_n256,10877046554604107198,fGn_0.5_n256_r26,26,923238387434376207,9d076b1d6bf19a7a1b33677f6249494c4710516f65015dc4817cede1b7a2ab64
fGn_0.5_n256,17597874891013658280,fGn_0.5_n256_r27,27,6862630671832348277,308628532a8553d4a83c02f14f9d8bbe5bef15688ca04b29c134a4e0fa51ed1c
fGn_0.5_n256,15644425336308474931,fGn_0.5_n256_r28,28,7902148709887953459,c743f0b6dc3df354b385c622513dd0f435008f66338497403e57894b6d6ccf12
fGn_0.5_n256,7783001503006430573,fGn_0.5_n256_r29,29,14256077899805554606,3a8b485abbf843abe79a9eb6e0a66d4017eb7b5174b23ed0387139dae4de146d
fGn_0.5_n256,14671401580405573821,fGn_0.5_n256_r30,30,1264818792737889936,2d397a5e5e08c888028c348b61a7c801cf8d2031f9729c6d395f40c194238cb1
fGn_0.5_n256,10319279479958281702,fGn_0.5_n256_r31,31,7837494358635331151,5434c68e73d820dbe7dd22f05c4b925e6216fff4eea60e46e73b0ef0dff15ea9
fGn_0.5_n256,17829849606972861695,fGn_0.5_n256_r32,32,2472424890706996556,29a7e1cbd7fb184ba9dfdaefc8ca34cc298f2f86354b90706c5a11f2667a5d71
fGn_0.5_n256,6031187376764188550,fGn_0.5_n256_r33,33,5490890680377791898,c5203218c14bbc0b7a3c1424bccce240441ef178f7824fff8952947edadae49e
fGn_0.5_n256,8436492277160124002,fGn_0.5_n256_r34,34,6011044585271102693,7a883a4a910e8b689d7544c7e6fa0287ea96101be60307f73811fb1619305179
fGn_0.5_n256,10554278352415037497,fGn_0.5_n256_r35,35,15075940981063956011,975821bcc8da8c853b797b9820e73975ccbe6b89d8fe4774efa74f2c572f0b1b
fGn_0.5_n256,4806127163662448342,fGn_0.5_n256_r36,36,475082496372232,62ae730117432fb1ffee0729083b41ca0ee683a781d5597c0f6d0cd2f2c20264
fGn_0.5_n256,11998441784107743377,fGn_0.5_n256_r37,37,15529617727643144130,ca229f1b7f7236fd4986d2a1f259e4a3f4b9059afddf46c5ae4829142195f75c
fGn_0.5_n256,8507828834111060314,fGn_0.5_n256_r38,38,14448466228462020311,aba36a3eef5af271a7743cfd54576dcba13d9512b9752a96dd0707eb7cb1895f
fGn_0.5_n256,11273821067177233602,fGn_0.5_n256_r39,39,715240938945727508,4691df52b9e2fabfab3ab03fa47d9da2cd6bd426ab2e1747bed94ad24274b521
fGn_0.5_n256,16802174208650239533,fGn_0.5_n256_r40,40,9622637852102425509,195e801b5eee22b16516bfd5002d468dd19e8f610c5a5d5bce784e372aac1327
fGn_0.5_n256,16059234629415532744,fGn_0.5_n256_r41,41,14759978792536964712,9a5b167076f09fd6535629b6d36f1ddc9044b6553264d05c011e796d15585f02
fGn_0.5_n256,9062779912968704974,fGn_0.5_n256_r42,42,4978139811998958542,77339224aca7a65046e6ec2774c0b760baf79cee7ec068f2d6a87dfa1d9d534e
fGn_0.5_n256,1543442558720530141,fGn_0.5_n256_r43,43,3402180015770576704,958fdc08f10d1d8867bd91d471c7435c61e039e64be18ee05995f7f40087e326
fGn_0.5_n256,3877959147665038417,fGn_0.5_n256_r44,44,4716819906354991418,b0a402c4be0e7c08565aec3a30672aa441695773bba286daf81c086efd18c041
fGn_0.5_n256,715102275337300892,fGn_0.5_n256_r45,45,2268399335594312886,69d68e55f4caac1f8138cfa6a0569f100d47c9c0e0ed65df4fd2744b6de54aa8
fGn_0.5_n256,2943010493448945745,fGn_0.5_n256_r46,46,11817207867451759163,81493cd855800d0cc72e16ec8bfd19f3d5d29805117088dee9ea50b1c26185d1
fGn_0.5_n256,320444865761518515,fGn_0.5_n256_r47,47,15987803719407570826,b1b64a3e2959b9fb4c6d4fb2e031dbfdaaff566ca8a5e0980b208173c0eddc13
fGn_0.5_n256,2148323430323355949,fGn_0.5_n256_r48,48,4355874966494443549,f9d9b3d920ba9eb75cc1afe9b671db27c81ad26545be0482c6b824e85a741e5e
fGn_0.5_n256,17128751329825373111,fGn_0.5_n256_r49,49,13128642811050696632,2eefec7e5b96f9a6effff1d8647e06442ee1090f59968578ef3c4c2253488734
fGn_0.5_n256,16616694690737327522,fGn_0.5_n256_r50,50,18350191411861688570,772fc73197b3724cfe09acc27d63c92edb60d4c2ea78d06e06a62a7087b8aa5e
fGn_0.5_n256,8168887917475036736,fGn_0.5_n256_r51,51,183834514752660548,4a2dcacacb3de49c9ec2b959e73df752df885b6d9100aab3f883fae07f40aebe
fGn_0.5_n256,2971920650306713093,fGn_0.5_n256_r52,52,669836710407137378,305b15de8501651c5dc2d483af8df2a533b45b519ca9e2b39bdb846a31f86da6
fGn_0.5_n256,12443016322668454685,fGn_0.5_n256_r53,53,8197878166102491579,a643da40771816ae09b39ea52c30d4280f8c655e63c0876cb65bdcce18c35190
fGn_0.5_n256,11821513362058489979,fGn_0.5_n256_r54,54,11020195836987330551,640eacb68c2d425e900dcc7d6a38fb92ec3a2202131dc7bddca1d76d3d370c6c
fGn_0.5_n256,2914145175469781186,fGn_0.5_n256_r55,55,13525908092065155668,c68fb924f60eca49b8eeea441d90724511185d60cd5186f80f04cfc404e6eef7
fGn_0.5_n256,15526231927033103788,fGn_0.5_n256_r56,56,15377379516405331554,8f1d189fc202751185d974bbea7ff985e45f713b8ae8e8a364f6f8ffd0a704f6
fGn_0.5_n256,1213808638044510163,fGn_0.5_n256_r57,57,7324066393326970943,ad738123eac47bb35d71a28511c607e151659195ea4df11d805c99ccd3df0f13
fGn_0.5_n256,11118864434535912244,fGn_0.5_n256_r58,58,5217353738548450118,73619d2e699b08418f3dd0acd8f7f00ef374fc2ff03421fad8a4bcd9cea484c3
fGn_0.5_n256,17375824569952072351,fGn_0.5_n256_r59,59,8303905494034836625,b83002f5fada940a21a6fa347391fb23fc3635b7bb3eeb319dd3c612dfd2cd5f
fGn_0.5_n256,3302059683906268702,fGn_0.5_n256_r60,60,4424412796420930960,a9afd8a0ef1cda45a51b7a4b943c7dd3dfe93d08e770cc636b7adc2ef211e53e
fGn_0.5_n256,2811657501593952314,fGn_0.5_n256_r61,61,6864685582783937878,437322952ede2870512e4a68bd072f8c003959fa8a1c8c0bae3f6a8b5de545ec
fGn_0.5_n256,5018231988984933513,fGn_0.5_n256_r62,62,706245823688805976,aa1a260bd42855aa169ee9bb41cd1fdae8a9cf57f078f5d3dc378699eb6fa198
fGn_0.5_n256,9309405474889789803,fGn_0.5_n256_r63,63,2677631337878931636,32fa78829bc6faa57319fd4f991116e36f5953b4e7a559e8850d2f6de903d7e4
fGn_0.5_n512,12510557525147186052,fGn_0.5_n512_r0,0,4907985454758271698,de23d0c66cbdef87fcb8608e9caa691a60e8ff84bedbc9fffb6d81d5965ae349
fGn_0.5_n512,12874795819022066325,fGn_0.5_n512_r1,1,2043598364613168191,d6528924f2d07fdcaa35e76adb0eeb8470eda995643d52523fb1e8ecce4e5f42
fGn_0.5_n512,6718258930604908187,fGn_0.5_n512_r2,2,9519284060805372623,cd3445662ed0f723ff43579dc90975d5a0ff0b1769b4455d8ef1ec39574b6777
fGn_0.5_n512,18338759484717904470,fGn_0.5_n512_r3,3,485171703823411584,c13df060deb9a24dd58a1ef77ecee271cf457168007131d5d2161e0d82772550
fGn_0.5_n512,4110627360200795517,fGn_0.5_n512_r4,4,11651647027604353786,9210cecc651271bca64a73ddf887d7b0be8b16d2762b4fcd341bf706a5d97a3d
fGn_0.5_n512,6796620571036406231,fGn_0.5_n512_r5,5,1433102800969542132,e4542850cbc4942bc95e5545bd9af48caca76a27226fc5ea7af943c3c8808c58
fGn_0.5_n512,18157503804440146035,fGn_0.5_n512_r6,6,11980910277501255522,ff78398c3fede4a896c302f8b1a50fca0c8cc0be002dfb78a11aef10672ba8e6
fGn_0.5_n512,1654647026633959963,fGn_0.5_n512_r7,7,9917324505098134639,1b7427c77ebadb6c89ccfbadb4e07e2980923c0d9728894081051978f09b6c13
fGn_0.5_n512,12776087335954952567,fGn_0.5_n512_r8,8,310483691035253928,d1e2c317b7b0045b1553e184ef686cc65e880278c37906f7f5a8e42bca41df1a
fGn_0.5_n512,15649937812254985929,fGn_0.5_n512_r9,9,7197132281602020245,bf8e1fc5ebd1c65508318c0e8f54b919973b7bd3c6bb4492c6989760896ca4fe
fGn_0.5_n512,17822922767172912046,fGn_0.5_n512_r10,10,14388522809212738408,3341aa41d750068f37cc682f2d3f2f3abd2dbbfe260c89cdba09e17157ca9186
fGn_0.5_n512,10819777990192086519,fGn_0.5_n512_r11,11,3546978848215885377,b432476beb3099f626a539bb0b855c0acec1a808651802f9d09be9dd42a4c4cd
fGn_0.5_n512,8716647881475608146,fGn_0.5_n512_r12,12,17936312275840710064,76df220ef498d0127867c6a8bb45613dd7aa80121c80fe60fb7680dc5a016590
fGn_0.5_n512,17511238410171198539,fGn_0.5_n512_r13,13,6594409208688792549,2020e548e11e0eb5201707fe2c9518a5e01dacd6a0e1f8dbe5f9a1753b255f9a
fGn_0.5_n512,11457514383247621644,fGn_0.5_n512_r14,14,16595720026719588503,d2596a273a5abdf32c4719743509b6043ea775e004baf5d2f2f7a81d3604da34
fGn_0.5_n512,1337939190869302181,fGn_0.5_n512_r15,15,14577944385312024643,4d7012f1ab02adfcbd3c0b2af47ed2717377f2f48826a32e4d09a406047c8e3a
fGn_0.5_n512,8525662834978753362,fGn_0.5_n512_r16,16,698191190310386263,8a848b4a4345958e7112feb6affa7133a9543330e115c6acfe8ee63a0722f85a
fGn_0.5_n512,13152709622376507136,fGn_0.5_n512_r17,17,2196776030579791619,31509bcff717c9f041d331c029e0b83b810db7abb756734f116b4a7bbb1ddbc5
fGn_0.5_n512,960706246710179061,fGn_0.5_n512_r18,18,14797557680810851739,638c2c614e271e658b1140def23a74ef0bb5cddf23d08aceb06440d21cba557a
fGn_0.5_n512,6803576107423795053,fGn_0.5_n512_r19,19,150563576663337352,4ee88829b85d82a951a9c11d67156bcc8cd2df5f8ac4bb76c2871b0c01061526
fGn_0.5_n512,10775482047394041771,fGn_0.5_n512_r20,20,7994271906946798822,592afa4915f237c91b735ef5a526c05923be4cad3c89c2ce850b554c6b66738e
fGn_0.5_n512,7560495322873117842,fGn_0.5_n512_r21,21,18434884875653318322,825de19106f211516be6ea48788c7a57f03a0752d8b3a814553f59d99f064dd5
fGn_0.5_n512,1607406372680942619,fGn_0.5_n512_r22,22,11354446431616552672,8404694da6434f30295ca19950ca11abd712982b969ba0f805d9df8f83423cdd
fGn_0.5_n512,364575038884440011,fGn_0.5_n512_r23,23,13703386803854405370,115f14f1c93f2ef78dc59e9f88c45fc119e99c0c3f4fe803176a90a4c657be3f
fGn_0.5_n512,8467915643181987002,fGn_0.5_n512_r24,24,10812049644372182997,ec0b68a65fdc32ca5990ea220cb9cadc136b056abd63391fc2e6b57303d9da6f
fGn_0.5_n512,10868301167171926331,fGn_0.5_n512_r25,25,676831459851994324,193e3b808c64c1f6f21a7e5cd50e5b8576915a38f18e497bb2edda469ee3a019
fGn_0.5_n512,9194834484741447952,fGn_0.5_n512_r26,26,1861549864451244131,2478b1fd9d547f44f5c29a50c70ede7f2d48e55e65941a309b145316cec75059
fGn_0.5_n512,9196553829825736717,fGn_0.5_n512_r27,27,164261055730890558,8e249f6cbaa7994825874af1aff48429b919de84fbcee392b0fcf98365059b0b
fGn_0.5_n512,9477528842591234801,fGn_0.5_n512_r28,28,1743559430895246656,7bf73700b39449a8de76a8a80e2f771b9f62d1c0f4ecfebe458eb1db8931990d
fGn_0.5_n512,7041662309901662925,fGn_0.5_n512_r29,29,6020176864547143434,a33c8d6c416c3ac9332e1a0c1cc6b201baa9afcc8f807d481ef5d2978183f920
fGn_0.5_n512,13289579409095535886,fGn_0.5_n512_r30,30,4181353708798860138,26700e84ac0ba4b09dc784bba624ba00c1d132bd616f52d0717d5877df86846f
fGn_0.5_n512,7022697182382362938,fGn_0.5_n512_r31,31,9730688286632332351,5a94c3edca0ba335d7a8fbaeaf95dea216873988aaf0463c098b32b834852578
fGn_0.5_n512,13020193916078851651,fGn_0.5_n512_r32,32,11519631293050080226,0ab01102bdb8d5742f5e83637fc4eee71466a6e54d6e875d3c5d692e4a3e1b2e
fGn_0.5_n512,4677057324983826440,fGn_0.5_n512_r33,33,9570779460487928713,79ccc8723d9515b682aae7c9a60a4d8cd917111a77df26c2ad9e73114c2fd8cf
fGn_0.5_n512,3184000370886289629,fGn_0.5_n512_r34,34,9930711093930486450,2c7a294f241d04d9c84d931b811ab42bfe8ea2bdcd6572d5134ca8e4ebbfbbbf
fGn_0.5_n512,3681867877730998731,fGn_0.5_n512_r35,35,6799171519250288678,a1df933183c58bdcde31e45a3493f7f6d4134d651bcbd5a34597aa603e40f4b1
fGn_0.5_n512,1827982334383129752,fGn_0.5_n512_r36,36,1319700088424580464,9f2ce883a879a53acd1f74298c34190ad540f225b52674435262800a55ebb81c
fGn_0.5_n512,10245488053267007427,fGn_0.5_n512_r37,37,16251923096803171952,ed0314139e2f75bcb19d1a105e5661652b9e0b7ddafae8846e8e19da2b266df9
fGn_0.5_n512,8959437514885714689,fGn_0.5_n512_r38,38,11270024178832382102,e027caef9402cb5e5fb4aac94cf70a6b40ff9feb4ee88d145db3f36354a6f4ce
fGn_0.5_n512,8621170081088238747,fGn_0.5_n512_r39,39,10754950465202220309,d20d6d0ebe8310d93f98a5c9447ea3b8aab40791cfcc95088f24f34436fd42fd
fGn_0.5_n512,6141927525033092465,fGn_0.5_n512_r40,40,8815334989082047620,b34a6ebe576ec5aafbb394443925c9248d537597b707d8519cc20d770a24a13b
fGn_0.5_n512,9428640631329192813,fGn_0.5_n512_r41,41,15266061578253235017,3944b2793ad1b4f93c05b8dbf3c19674fa81494605a74e500f56fe57350935d9
fGn_0.5_n512,222692130467190310,fGn_0.5_n512_r42,42,6639521110876015737,1fe2338f7a657925d332bf280d52a8cde6fc565b220d1c21c2df07d321954663
fGn_0.5_n512,12680908045983931687,fGn_0.5_n512_r43,43,7674483285641841136,6706e243604e0b102b6d470a04a0507b9a86ab75b2d4b913811c2ed75c28d68e
fGn_0.5_n512,2866083433090584114,fGn_0.5_n512_r44,44,6530247017373794284,4cf06549b379c0d06ccce97629ec56d752f6592cacadc97edac98b8189e3e320
fGn_0.5_n512,5297480115254198760,fGn_0.5_n512_r45,45,2183224228094594048,52676e2a083afca08f2bcaa8f01875e7f09b4b9d17bfa365ad306252dc5e2bd0
fGn_0.5_n512,5364620633490381930,fGn_0.5_n512_r46,46,8564527602277317683,024123c509796113bdf165f3739dc43290d96c4eb33b31308b01ca4e440070d1
fGn_0.5_n512,12714702404620293043,fGn_0.5_n512_r47,47,8501297675111111016,4547ba1f42ea8e3ec4903aa8b791ab0f2b614e1e63aa1c762c24cb9047ad0b18
fGn_0.5_n512,2026390458961749023,fGn_0.5_n512_r48,48,2390443961932799854,67caec3dde393222fe5f79644cb55a3de81d7980300528d7a41f0d249bad4fd1
fGn_0.5_n512,12429089364339039086,fGn_0.5_n512_r49,49,13090082721083914020,a2b85e5987eed04e47c75d146d748a4d5847277986b2b949b4149caa97c34280
fGn_0.5_n512,2647512321698871869,fGn_0.5_n512_r50,50,9606982611815123885,9519622170dc9a3a01514670b10c2accb4dee3b7689db499c4d0808ceef1e803
fGn_0.5_n512,914599034998360315,fGn_0.5_n512_r51,51,14255969330859880149,bc9c3617e68061f023baa3ee4810d42f9243f3f9b51c251aa82bbddf274433fb
fGn_0.5_n512,14463368246150156168,fGn_0.5_n512_r52,52,9846609689680647298,f34e2ffe24636c8f058530981f28e69cc3d266711612162df875adb08383c8b3
fGn_0.5_n512,9169522530546496990,fGn_0.5_n512_r53,53,628014579815109090,c4b90abe187a0895dbdbebba174b08d2bc3289389a38b2f59c19e349b31ff001
fGn_0.5_n512,2108405779367479679,fGn_0.5_n512_r54,54,8909212219395272029,74b8165e2bf1a22eadd89e7c21bab5525ea3750f500cc78b23c747197a0435e5
fGn_0.5_n512,10778464593593306144,fGn_0.5_n512_r55,55,1682570285142459958,72100f60f5ac4830b49c63435fda4d0249e070d79c5cee8eb683143b1c1c7d20
fGn_0.5_n512,9541985134293500239,fGn_0.5_n512_r56,56,5574187486708782580,f86b08725610d6d4ed0d475c4a0c97d309ebdbcf0b53feec944a338dd3f326c0
fGn_0.5_n512,7415944286121090428,fGn_0.5_n512_r57,57,3835845762550061712,de2e223a3ba44780733c985e215e7c756adf3d6a285a48a44f09379ac41ab2f8
fGn_0.5_n512,5198661969833010362,fGn_0.5_n512_r58,58,12616138000458616901,97a2454afde32841fbac10901352e6504d94eb89bac949c3d591ddc73f287a0d
fGn_0.5_n512,17468834238909095336,fGn_0.5_n512_r59,59,1778460191522433340,5f235140be11e13bf5d6248d2ebbe7d3582e86ea7299cfda8aa5e2ee3333e98d
fGn_0.5_n512,11573670149594502877,fGn_0.5_n512_r60,60,1791346992465522778,86d8258cc684b44a9d40d334db7615699dc2753e149394af5024a74af4897a3b
fGn_0.5_n512,10756521941009567919,fGn_0.5_n512_r61,61,9380064906816042033,fceee21a2e2666d670fe3b1db621a3c42da0f065b8831158cff722c5393ca65f
fGn_0.5_n512,15247325142932042539,fGn_0.5_n512_r62,62,4673604972821764323,6d795cec4041cf632d116701e0c9f50abd2f29b2daadf37a9524d8e58a54a712
fGn_0.5_n512,3295621139228767377,fGn_0.5_n512_r63,63,15263889532068502681,15ffb9f91706aaa3ca41f7cc5f3b5026f01e5f288318b81b048b0ffa12a88875
fGn_0.5_n1024,13617089527018840330,fGn_0.5_n1024_r0,0,1620128244463585829,3e5151d98556628374dd768d72df8959d4124f596b11cf942e5c884e5a23cb7b
fGn_0.5_n1024,14222583172469701164,fGn_0.5_n1024_r1,1,555767601918529054,2f88e3a6eda954a0696b5ccf2afeb7033008f10ba74062dc20a3cd61c57718db
fGn_0.5_n1024,15056933533444394332,fGn_0.5_n1024_r2,2,6167412338630469089,b8393dfb02b13d2e9278a319c98320af24796b08f6c7801482285c16cc6e9160
fGn_0.5_n1024,6147438095380688332,fGn_0.5_n1024_r3,3,7305464187043883426,5817d762d43f4d2b8c671c319e18055e22547f11852725bbfbfe29b8b934424b
fGn_0.5_n1024,15229484311047733721,fGn_0.5_n1024_r4,4,1202662701486617311,f2974410248ca2e0d0b1eabddc5fdd7689a6ef2385e79b90c1d1bd03982794c3
fGn_0.5_n1024,4788612620451160054,fGn_0.5_n1024_r5,5,9064784627327702222,cab24cf4d5b673aa61b8da0b309d9e5c736c58e6d3569ed22e8be37669c5a945
fGn_0.5_n1024,9413477433024008494,fGn_0.5_n1024_r6,6,6004992990905894365,e07d363dc21cd68cb71f2933abe5913bc10294d4267a874665c724e2d8522242
fGn_0.5_n1024,9877173728786559904,fGn_0.5_n1024_r7,7,5226403875725460289,40e1aa793b4564b9c51770873a2d81bd4e0ce09534ece52cdc98752094c87709
fGn_0.5_n1024,3495729337790659055,fGn_0.5_n1024_r8,8,8678095792383537316,c61fef67486588d1e4083e0fa14288dc65cb7f09addbaf1417ce7df0c305d7f9
fGn_0.5_n1024,11950298747913913803,fGn_0.5_n1024_r9,9,15220514630929839915,9a273b5ee501a25e6e7239fa655fbe54f5658f2ecd538c45e59639185e4da9a2
fGn_0.5_n1024,13768022444420394666,fGn_0.5_n1024_r10,10,12260446841029904460,8cd61424a5759c31e3ee7279dca7080132418f25d8351f7cab11b7ad5473dcfd
fGn_0.5_n1024,3076039295854744659,fGn_0.5_n1024_r11,11,9369116728218376652,152f3b7ab490e5f9dbc5c7e931164495fd27ccf119491d46e8dc79ed7928c6e2
fGn_0.5_n1024,3760441195854002974,fGn_0.5_n1024_r12,12,11165355837699803161,208d39a831ddf046345758ee22a07e197e34c8ae1f5bcc608a87b9807267fd6b
fGn_0.5_n1024,15398949448395020607,fGn_0.5_n1024_r13,13,15253648486037320998,bd690f42972109dfa84427a284619df85934f0e9a382c71f48421fdb6de92e6a
fGn_0.5_n1024,14872994047151593923,fGn_0.5_n1024_r14,14,7143496163735535698,131889b7160594f9d14184a0cba30cd214916073840f4dcb698b8463ab400f9e
fGn_0.5_n1024,16977660975860739767,fGn_0.5_n1024_r15,15,14586782982486518192,5181b082dc7d97d7cb4d77834f30a8b906851423c7f9d57c144736ce7f79fded
fGn_0.5_n1024,16501884315891825554,fGn_0.5_n1024_r16,16,10297935307411772888,9fc5f0afd8022739889316c48a0c71262869eac35d1206449c5debb17abb205b
fGn_0.5_n1024,12181755301700129670,fGn_0.5_n1024_r17,17,18371548009708103451,38e47c7e699b283db593accb4ab35c2fb3d952fbcdb9e03804dd1fd803f9dad4
fGn_0.5_n1024,7442120925092095485,fGn_0.5_n1024_r18,18,9698137730899056048,269711f5df68f0cc024e0d6bf49f53b6cbafdfbd98d02a049a2ed5fe206f9b0d
fGn_0.5_n1024,3365641953028197727,fGn_0.5_n1024_r19,19,11696992081230857790,9a67ea83ad06a1f9f6bf5ee64612600cce62a390e6968e4de7ca6f8c0b34085e
fGn_0.5_n1024,2422417025453488680,fGn_0.5_n1024_r20,20,1277683433734100442,ddd4bf356d092854c3aea4da2d806be3e5464c70790a2133e18797d1f07fadbc
fGn_0.5_n1024,10482152800607847946,fGn_0.5_n1024_r21,21,1990938788720305371,4851f4318332ca348183ac197c2ca7cf1342fa084a519d5ce5a4bbfe0e52eae6
fGn_0.5_n1024,9583041783648925984,fGn_0.5_n1024_r22,22,16388078246733840899,d84c00c017f59fd7a15bd1b4ee314224cd83fce30d0c2352e135825c21a4c1d8
fGn_0.5_n1024,16381315126367050699,fGn_0.5_n1024_r23,23,15688247860388741646,7eea95f2145d84ded03fe8351c62e11cdbd62259928381ec832fb1a54ce3bdf8
fGn_0.5_n1024,4039030683484610337,fGn_0.5_n1024_r24,24,13022047020507072440,0e3217c9824c70f6a7ddb70dde32ca4e8d8255dfc5fcdcc78dd7e38b1c70f70f
fGn_0.5_n1024,11808708904144842742,fGn_0.5_n1024_r25,25,2419671135415185977,00318d7e672bb2f335aee75055c03aa2368804f884ea64392a508a3860bacc91
fGn_0.5_n1024,2460235357419830225,fGn_0.5_n1024_r26,26,2972576470194231174,57900dcba31308406bca187b6fa35ee9f4541e0c2e1cea74876de6f052065876
fGn_0.5_n1024,3686577099013844969,fGn_0.5_n1024_r27,27,14642475082544077124,f742b67e13a08ee4d431bf7320506c92e0b4eae9d82aa4069f30eb461bb98b25
fGn_0.5_n1024,15663152695602678883,fGn_0.5_n1024_r28,28,16885931357656517612,13bff0ff485a7a175fa875ab66b67c4f536cab36087bb2c5085ac8eb02555089
fGn_0.5_n1024,10177520105771214724,fGn_0.5_n1024_r29,29,7878293198190228220,c30db03206c10fc91c4fd275a02b0e5adef75a9b1736523ad6beb9abfcb1765b
fGn_0.5_n1024,14566464983549408664,fGn_0.5_n1024_r30,30,11701463519803296293,9ac06684c6b3aa2cd71ca1e3f72a29942b56acfb0e89962221657ec281ed9744
fGn_0.5_n1024,13200843060418541416,fGn_0.5_n1024_r31,31,9807724116441996242,8ca428d2cb79ae9321b529a44eeeb2f227a4ab2d2b2b231d660edc7644bae26f
fGn_0.5_n1024,11609541751519235471,fGn_0.5_n1024_r32,32,7019887322676986130,341717c56974c00fb4a51a85833951144d9e255360c495100662b0c34c271f61
fGn_0.5_n1024,12388418907638493556,fGn_0.5_n1024_r33,33,15139466409193917419,d2f9061bb69ae363c1953cf88c4ae4dca776499611e714c28cff7f965d4034ed
fGn_0.5_n1024,11100457871307476313,fGn_0.5_n1024_r34,34,15744593182764539863,608a6e3c4ceaafbb2aca9fd6b9e7f59927b4d583fc38c07ae9f72486e2c1ebe1
fGn_0.5_n1024,6137868249523684967,fGn_0.5_n1024_r35,35,1026376199432589677,9ab8a9bfadac9b02bcf25d5a606c36333f94c29d58901ab7f5f4ee6ce234ad90
fGn_0.5_n1024,16645878059755017012,fGn_0.5_n1024_r36,36,9146966347355951319,ea8d0da9d840c936d81b85e33b391e0709b4778903c0b2475e11213b149bcdac
fGn_0.5_n1024,13971558890855248045,fGn_0.5_n1024_r37,37,11399551144108763519,21390fee5abf7b62d3f2a31ba83b0c5e4f00a2e13c4e2acfc9489a40937ea3fa
fGn_0.5_n1024,2917671699145889933,fGn_0.5_n1024_r38,38,1578711455801498565,a7b297e09b89a3a8720708edda7690967b06e32915f2de382371869b88b83705
fGn_0.5_n1024,10356510016552908558,fGn_0.5_n1024_r39,39,9448724465961793528,ad289114f50d1c09f870d9e796762636ba1c92d4d7b95fd56d18aba250ecaf98
fGn_0.5_n1024,900090657727924574,fGn_0.5_n1024_r40,40,2421907666401336025,a3633bf5ae605d9f97c841b41d80999ef44e547f372688d461acbfa3021234e8
fGn_0.5_n1024,12547001732067484255,fGn_0.5_n1024_r41,41,12658335766407915704,37fad2ddde2df414340b7be99d31aa4edafdf95f07c3b3d3d5eb36629ff93da6
fGn_0.5_n1024,12579039117156364293,fGn_0.5_n1024_r42,42,12663424633626647188,c16bb98c23acea2a974d68e2179f2faff50264fa771bd43496bb129153c880f3
fGn_0.5_n1024,7764494014206543060,fGn_0.5_n1024_r43,43,16965593477038827353,40486a8d6a16a24e888cb80b4e9c3b0ccbbc9fdacb38407595481c2e23fe5400
fGn_0.5_n1024,13449501384594457143,fGn_0.5_n1024_r44,44,15281621540736246788,5eb168e902d17915cecc67e5fb2b03e7fafe99eb749f61d3137cb6369fecfa38
fGn_0.5_n1024,14572235375530061995,fGn_0.5_n1024_r45,45,10493212994398818277,410f5a948e1ad4f4a7f8314c05818283f154e5164028ec3dafeccd3dff574a6f
fGn_0.5_n1024,13226647492506477470,fGn_0.5_n1024_r46,46,1906937014191525811,52b715e78f3693931348cdffb5afd461b7bf4326f71643c9a717dac0309aaac1
fGn_0.5_n1024,2372447947723619027,fGn_0.5_n1024_r47,47,16393728738232993556,f3c542c12541c82aec7bc67ae5ab13f57222ea9a7bcd5b6c33c817791f2bbd51
fGn_0.5_n1024,14954978058395985547,fGn_0.5_n1024_r48,48,9594774157450530960,6549d63f795aad8ff77d658a87c67977795a9169b9b9c6dd92bb31b79e2eb4f5
fGn_0.5_n1024,4386684590742114141,fGn_0.5_n1024_r49,49,7420394185839442992,28422b4395be65c044f45888d4ec824ca409f726cd4e59f0e07b11852282e18b
fGn_0.5_n1024,10673538539952157642,fGn_0.5_n1024_r50,50,1493033562017719266,8d1329eb271d876d515c14787110f8634082d2822de54d34db89534ecd0dbab9
fGn_0.5_n1024,18040977889814058511,fGn_0.5_n1024_r51,51,65027559941826729,ebc26b86ab20e272ced3ed18ad227c2f7db3576731a6a2e7cbb81ec9ce113fe7
fGn_0.5_n1024,6845869014137553236,fGn_0.5_n1024_r52,52,2049770314207877412,aabc4a7a49a0e15b1b0b3f93605aeac45022c7638a2f053dde0b461ff2c1c98c
fGn_0.5_n1024,16478330619103265621,fGn_0.5_n1024_r53,53,2586032674283452271,a51976ecf7684e18e25558177337d292fea5411e52b1271584c03dcf1db411f3
fGn_0.5_n1024,6567329773829211593,fGn_0.5_n1024_r54,54,2390279211071043148,588c298c75a2cd2af76f48228b5ab0826bdc54a7a2dcb25af75e825213b7e36d
fGn_0.5_n1024,770700493866314661,fGn_0.5_n1024_r55,55,10807649403318497586,031431746133a230909d8995b15c460545d9c5ffb39afeb6561a1de087290f72
fGn_0.5_n1024,12024701553259893278,fGn_0.5_n1024_r56,56,16449481570647394938,450642747981bd568fbd78129ac413337f38fcd7871696ffbba61c6cb29aea27
fGn_0.5_n1024,574928706512619205,fGn_0.5_n1024_r57,57,10930068444395737926,926b18ff572d2cc10405f733eae45551ea732417fe5418c0985fd08563664ebf
fGn_0.5_n1024,227113664270491405,fGn_0.5_n1024_r58,58,11013318587501044327,76b7bedf190dd4839fc0701ffa97d37690fd26c134c67ab37e9c90a34ae5f1ac
fGn_0.5_n1024,1065504342743889512,fGn_0.5_n1024_r59,59,9416525057430911052,1026b7952d1a8e35569df5215bf5905f225f25d797ba805832ce4553b6dc432c
fGn_0.5_n1024,16176508943296755001,fGn_0.5_n1024_r60,60,9258014378064069267,a8e2661a5ce9b80dbc56ce823b170eb91cd5d36ee4423cde71656a5e29d65bb6
fGn_0.5_n1024,9087913482042708622,fGn_0.5_n1024_r61,61,16409027720610603406,71861aba5a37c43c50f756c4debc519f0dea4f1656728399267acb1ea1dffb97
fGn_0.5_n1024,5377268911637348210,fGn_0.5_n1024_r62,62,7522775980298737317,85f86a7d84a809f2c3fdf3668a270d8d81601a5650252c529ae5c6c0b03ff4e5
fGn_0.5_n1024,13371683833621734171,fGn_0.5_n1024_r63,63,1589240327606042792,02391f51fd1cc1b38e0999eba37a8295715fe426731c8b00e75513b8b3333865
fGn_0.75_n256,15608720358285741675,fGn_0.75_n256_r0,0,13894347303422613355,1f8c614c15497293d7ebdccd4f289093450b0b729d5c571b418e88d2115f464e
fGn_0.75_n256,11094945974582061976,fGn_0.75_n256_r1,1,12103407611192054958,8a77a6c6c6961facaddb56e26661fa0ac679e29dcbb652340cf8b795b2b4d360
fGn_0.75_n256,3826612743208976263,fGn_0.75_n256_r2,2,5107160736586675678,0d18ec89131aab9539f94759f29241706f164086043d24636d86d0e12529194a
fGn_0.75_n256,18217177717204910249,fGn_0.75_n256_r3,3,6210427201469591079,1301c6ab6096ec222413a3b02692507a15c00f0f216edbba37c99873a87c9374
fGn_0.75_n256,8348497550147415758,fGn_0.75_n256_r4,4,1985589180767271824,72c98830f61ae3c358f1641dbff44a8120f2e429bd7d071352b6dde89022a594
fGn_0.75_n256,8265789644756265738,fGn_0.75_n256_r5,5,13954453119926315317,2646107c904cdc5c05a13f9879aa552d598013a05730664727caefad6028a7a4
fGn_0.75_n256,11459171683540167837,fGn_0.75_n256_r6,6,8222617361845761113,4925a28c0effebab2094288a4939ca94b9d1b3882ba45e218acc67924b6799e2
fGn_0.75_n256,17773766752865509123,fGn_0.75_n256_r7,7,5913292317486857456,ff17bd11f0c0ab7d6b1778b5a31ed9c47f3160a7ce98287a22657c69552e7ce0
fGn_0.75_n256,1242788283082965134,fGn_0.75_n256_r8,8,11438266617031492758,de4ec6b1b939dd7ab89ede9ac580e833b10818e41d58c8ae93c7a8ba1266a1c2
fGn_0.75_n256,9763339026693348865,fGn_0.75_n256_r9,9,741319524042108299,6eccd926d08c1e81684d07229baff0ecc963bab21715ad35933c6bf15a8f24b3
fGn_0.75_n256,16186407754132878315,fGn_0.75_n256_r10,10,16061974773141355125,a6df41f612001613beaf697c7c46986f12a0cd90b4e64fb4cb636815e0dcad57
fGn_0.75_n256,16685051431787266751,fGn_0.75_n256_r11,11,12257880960080596782,332fd04245a422c95204408ca9887a34388767d19b1f18bc054cec4ed20a35b6
fGn_0.75_n256,2757357569383618636,fGn_0.75_n256_r12,12,2578867559934002699,496b0d2628407d12eeb877be7fe263e29a1b15416cb1d5ef1524eb31cff2c036
fGn_0.75_n256,4413144485585366832,fGn_0.75_n256_r13,13,17391795197941052474,541644d5d8c36be878fcc199ef8df4a8aeb06685b04955be1c3ac09ba7ba80c4
fGn_0.75_n256,16241636147437065906,fGn_0.75_n256_r14,14,7758697405948097865,6ddf9a136793f76df738a90d0f6da00db164105c78b116a95fed504a5701e7b6
fGn_0.75_n256,12569176791105164229,fGn_0.75_n256_r15,15,3151457899682364742,f5bef486ff87718f31e892ffd4bff1e743d7f34feace68b0f442dccda72f7c93
fGn_0.75_n256,5075972096205386237,fGn_0.75_n256_r16,16,5677179979708522845,d24bf1376e35d4557cf7712add9bea714559fc1c0220274ea4df911abde0c5b9
fGn_0.75_n256,10194045919960047384,fGn_0.75_n256_r17,17,7344607229610771366,73ef36a84c8b671e01c342f707955a9e85a61bbbd4bcde0ca8221be7e4ca1d0a
fGn_0.75_n256,18066481522889043817,fGn_0.75_n256_r18,18,11325371395729528979,5bbd5c16b918959b412e340f6f92d1c9574f3819a415de84c096aeead5acf833
fGn_0.75_n256,8439399131292321962,fGn_0.75_n256_r19,19,7023089007548621433,d5ede8cd295b2ed25e034ec69536fbd026afba3e0afbf9203c72dc3df604866a
fGn_0.75_n256,12358214192913490771,fGn_0.75_n256_r20,20,11220559816902945420,64507c8d8ae5e9e9bde5e5aa139693b7896f5da2325f61244b13ef94dc3a2cb5
fGn_0.75_n256,5533704141767201498,fGn_0.75_n256_r21,21,7718749031774509441,0cd58d6149b4e65d0ce236e684ee05316c5e019df5cc0cb383ac6d0343edc7c8
fGn_0.75_n256,1490133701144621377,fGn_0.75_n256_r22,22,16967540818062653928,4c4d8c219ce2b73a1d2bc1ab9ba544125e92fdfcbf384dd74f1660a274354f29
fGn_0.75_n256,8020814040982167430,fGn_0.75_n256_r23,23,11727132548683457367,c890a00639bc88910a2964dc322da560f1e29d9662c8e64ad817321fc126db1f
fGn_0.75_n256,4729806522470182966,fGn_0.75_n256_r24,24,17217168408052723138,652baf13758b1449c64722ccfa96c4b01810fdffb1493df5ee0e543fd53cd7ef
fGn_0.75_n256,6494895637284485806,fGn_0.75_n256_r25,25,5780133561826538706,d53b6d930bea0d267d4e30b998f6325c606ffac954609fc3523744b03b4f4593
fGn_0.75_n256,8794629807671153159,fGn_0.75_n256_r26,26,5691682866078019799,3fb5150196b332beff53d20d7ec176e5e0d21d0d71dc921187569c122821c32d
fGn_0.75_n256,1106008247418610748,fGn_0.75_n256_r27,27,14346233896210472881,9872984c509c61461f9c605e8a07ab338c4be7838e9b5db4340691a57e7fb56c
fGn_0.75_n256,7656607435243660818,fGn_0.75_n256_r28,28,5686108237544753360,cc06967ef2da86d284e97620fa45b736527a90124bc205d71481e8d2062fc3c7
fGn_0.75_n256,14746784479529374506,fGn_0.75_n256_r29,29,2625764530342562867,86c5e31c2c25a97896c5fc39c939539d5e68ba71198f12c05d76acf29f480726
fGn_0.75_n256,12937873211851906761,fGn_0.75_n256_r30,30,10152514391921938089,2c3863dfa4dac23cc5e07b490c1bedb80b63a35cc995aa3c2867d598b2955126
fGn_0.75_n256,15735882660206453012,fGn_0.75_n256_r31,31,11492548320192192070,cb9568ad5f215dabe1360159657c17ea5c6cbac91b6c3214a2ffd10d2a5a6976
fGn_0.75_n256,1716707773572244974,fGn_0.75_n256_r32,32,11721035752323248047,d80645349aaf5daa1b227d54af50a3c0416109d956ef5d5c2542ad58b2a8360e
fGn_0.75_n256,7793247343067520350,fGn_0.75_n256_r33,33,1116377231331608583,7951fd799ea24c09e1f18c84346d89806b813aca93f5f39396415f9748e9517a
fGn_0.75_n256,15441283689225871835,fGn_0.75_n256_r34,34,14075046032106436438,e2bb1111cfd4fc02091b8583cec9bae0bb3a7f97c7b10055f2975cd8d1ec7ff9
fGn_0.75_n256,8173298715643963602,fGn_0.75_n256_r35,35,2638606932202673456,7705b27028296cfa250481ca7cb2dbbd78e7a26b2bb410c82ab3d8e8ad9c893a
fGn_0.75_n256,15829399302914697423,fGn_0.75_n256_r36,36,3180467308109213851,7949d1b804e678c42ec6165baa101ffaa6f43fc197556fc20aca223cde8efb1e
fGn_0.75_n256,2827467553371497146,fGn_0.75_n256_r37,37,6341404263889680874,d915775b6a300c3c4700a6f92e9a9ce0685336c365587f16e6f1cddee60ba5a6
fGn_0.75_n256,957891446767879420,fGn_0.75_n256_r38,38,6559247459997454025,6a39ae8953efbfbf6f13b090d299adb8306c5f733cd1cd369371e456eb3ae3d8
fGn_0.75_n256,5488212546671702049,fGn_0.75_n256_r39,39,7515597718990653555,ccf317786690663d0922f589164fafec02588042a38c078e70d8797c4589460d
fGn_0.75_n256,15967538510880726405,fGn_0.75_n256_r40,40,4075501001688551933,346aea8cd12f4f67896677e9d4c2c3dae10ae211172e669ef671dcb1e1f4b04a
fGn_0.75_n256,14769476709234307848,fGn_0.75_n256_r41,41,9939837762438402711,df881808c2d9bd1d6c76466a3368ef9fa0735299b43a365a21dd1c3ad1972849
fGn_0.75_n256,17930902403205135774,fGn_0.75_n256_r42,42,16017130549500506003,ba05c6e48bac7e096a5837b7eb9447f0d46bb1e9daeefe3d5165cffe078b97d7
fGn_0.75_n256,12007286829087801360,fGn_0.75_n256_r43,43,16868303239489901865,dd1cd6e239764fd3c476f8cc31fc162637c110f47f94eebf1406e23808a4c9dc
fGn_0.75_n256,2430202731891425349,fGn_0.75_n256_r44,44,4287491897188535285,c889362fb5284ddac4d9c10cad56d29b9901dcd7a09ff8230af599ee5268063f
fGn_0.75_n256,15572704891308540427,fGn_0.75_n256_r45,45,8074402860051656099,decbff14ce4ec271e7a49a8ccf50a5b737d5e0fad9b0a3828fa9ed6302fcdd9a
fGn_0.75_n256,17706058217240626332,fGn_0.75_n256_r46,46,13168289818014178659,39a22febf80f7b23d7722bfc3cf7256c5000e9830cedcb477f6649eff573690f
fGn_0.75_n256,15368620775408213555,fGn_0.75_n256_r47,47,16765035517506978693,4b6e3302031c0dffc61310b6bfb52ce0733d7482b10569da1c1a51c0ecf78647
fGn_0.75_n256,6546202973480230018,fGn_0.75_n256_r48,48,18341311632208364048,b6b6e10e0674fdeb9a8fde3318fe8aba788526893d6ab5067db0e0352d97d6a8
fGn_0.75_n256,16997387842971214740,fGn_0.75_n256_r49,49,9321290714439141468,efbb99d47d47a7542d4fa880e851a43f0bf0c600334fb8171578c7a11bc886b4
fGn_0.75_n256,949972878979224030,fGn_0.75_n256_r50,50,6327278742100012501,4833b4d86fa50705401add3b26577e1a2cff323dcb3a620c9b38fb924b07b214
fGn_0.75_n256,1512585444029225073,fGn_0.75_n256_r51,51,16986730917150827049,bd0a639008f97fe7ae63e47519680a987e1d020f62d4f5d5b0f123cefafba2af
fGn_0.75_n256,9413312949956090049,fGn_0.75_n256_r52,52,9585030082681735906,4813864ce6412895b45555928cc18102b3396e46e412dd667819523638374381
fGn_0.75_n256,8055612865328501739,fGn_0.75_n256_r53,53,4377786611448617219,56eb0753edb897233b14fddd85ef509b3ac10a46d26479669148787fe81d9b21
fGn_0.75_n256,14742260729858307667,fGn_0.75_n256_r54,54,18352350513882292031,6afca20ac7244efc2507fc352009b3383d6720b4242a86514d01b2b9bc5a41c1
fGn_0.75_n256,10082731683900135498,fGn_0.75_n256_r55,55,6097972095402409126,b422f67c48abf63ba68a9bb68f160d67553ab78ea5a7476acf3590370fc17cab
fGn_0.75_n256,6044483145802856753,fGn_0.75_n256_r56,56,10974673651027724501,78804deb7df0cf70b2a93ecc7bfbb3fb7f5a7356189103bd2ce7b01581a48158
fGn_0.75_n256,13863985163642972628,fGn_0.75_n256_r57,57,13542361422391711740,ef2550b9e7848a31d35f7e1d2e8b7d885c91aa7671ba79175976027efb9aea1e
fGn_0.75_n256,9582644944921325186,fGn_0.75_n256_r58,58,12021523932644926999,8e24538a107f67e7b65cb401f1d8a8fbea53e3616ce9655bd7e43a4eef4524b1
fGn_0.75_n256,901898385207947208,fGn_0.75_n256_r59,59,186840293970549123,066ab2160cc5d1e4fd6e833922c7234b2d9ac6ea8c797a07454b8cea48e35881
fGn_0.75_n256,237998468898370704,fGn_0.75_n256_r60,60,7403172328063972002,8854b7e4393f61aa8279fbbfbf65de7dee21d6be99e8a9fb96a7afcd23799c31
fGn_0.75_n256,365159693085787675,fGn_0.75_n256_r61,61,11320348901547194829,7a139fde2a262b56a35b867018787aefd8dfce57c5600dc0260dda4c55cfb57b
fGn_0.75_n256,13679845146979390165,fGn_0.75_n256_r62,62,15523905721062658367,c3f7066e7a79f62a35625de8bad90ca84cf9d79f57c6613e787ec2d3d5d15cf1
fGn_0.75_n256,11307266419842275264,fGn_0.75_n256_r63,63,6482976034790868845,ca6af53ec63ebd647efc0152ec39d14e2008cea7f21441ce7fbc7bbf38c2f71c
fGn_0.75_n512,5129694710249195817,fGn_0.75_n512_r0,0,4679085697073833523,c0c01518790d98e67edad2998f60cdc3721b43b6defcd551deea4aebd740cee1
fGn_0.75_n512,6133401350163949887,fGn_0.75_n512_r1,1,6698982421767455290,692b9d9ffa882fc2438a8d47e2d1499ed7808baf424867192a9853f017b71ea8
fGn_0.75_n512,6386206420222548168,fGn_0.75_n512_r2,2,16571575694895974035,c63e088218d8cfde826268f2b75863fdac0fbf3194145bc3155e838e36bf73f2
fGn_0.75_n512,3627772231960233591,fGn_0.75_n512_r3,3,16196911581323501921,bec0f3b9a766249dda185acadafa51ad7d7ce1824fb9860cc108162e83d0c14a
fGn_0.75_n512,6795776835846610682,fGn_0.75_n512_r4,4,12643599988023183246,c1eff988fb94ad50267c69d2241d4ca80e31b8a0c98b655ed49c754c25bbf45d
fGn_0.75_n512,186818055271981581,fGn_0.75_n512_r5,5,17451973609734626738,a19a30ec28ed42f7050e9f1f99d60e97e60610c16968f69ff9ec904d68876a49
fGn_0.75_n512,3723640861060858135,fGn_0.75_n512_r6,6,4387686247052370679,7d52a9c68734dc63863f61e2e7110e0a029e0ff49ea20444562ed41da58c75ca
fGn_0.75_n512,4174242522738162480,fGn_0.75_n512_r7,7,16683643234877673611,2f6515f2b8c075231bd4c52bc563544f7974eaeac19a40a15ff39ec2c27e6ea2
fGn_0.75_n512,15339296722289703941,fGn_0.75_n512_r8,8,17770587282967185960,525d4fcc85518cc7fa813f533b32c6cdced121459679f148f173fa1373b0c92f
fGn_0.75_n512,17236192813688494508,fGn_0.75_n512_r9,9,16359534701084310367,1d965d2303930047166237e1005fc0f248f20f35c6b63fafbfabb92e9aa83819
fGn_0.75_n512,602665526472718968,fGn_0.75_n512_r10,10,265931220978988870,03bf8f71545b7867ee3f12294745a9ed0ecc57bf8f718fdca89a91a45d98dfac
fGn_0.75_n512,13289446007994073199,fGn_0.75_n512_r11,11,16603169817381369234,2c854feb1b0c2afa952aa737b319ad44b24720fa3c22e760d0169e00776b6995
fGn_0.75_n512,11253636526985792920,fGn_0.75_n512_r12,12,8650595644958159308,341a73166c1339bf09c1f1bd723dc36cb4a09376aa153e3562b32d7f98a5fcf1
fGn_0.75_n512,10225243912344143303,fGn_0.75_n512_r13,13,14415899280725121821,8df6eba22fccaf838c3f1a6bfb26c031aae790b457a9ba590614397515289414
fGn_0.75_n512,10435070688081226051,fGn_0.75_n512_r14,14,18168277745937918734,91e5061589c156f34e8a44f7f3df7967bb92eed8bece0a98002a28938071b0f8
fGn_0.75_n512,11396518844614688004,fGn_0.75_n512_r15,15,10029386558354981524,c98d201246b6ff5b86735f7986e202655b8220e10eff420ad2c6b4938f16b46d
fGn_0.75_n512,6185728675170822831,fGn_0.75_n512_r16,16,4514664997809725992,6a09a83ba8b276d59ce8271667f6592ed1c6883a7ce5916ffca00ba9edd35fe9
fGn_0.75_n512,1498222682474396886,fGn_0.75_n512_r17,17,3112330670847504164,dac170f0df0fff8d541ad3b82959e9320b6c7995117c072e17209c9ef82ac245
fGn_0.75_n512,2105052119045622162,fGn_0.75_n512_r18,18,3070604295243928410,d9de400cf351fab3f51881a97659c165e48642c865c04d22038f0b3da70a33e1
fGn_0.75_n512,311522404192279974,fGn_0.75_n512_r19,19,2896227354074552435,e4bc2b2bc9f2e988ad7bfce5cbbe94c36de28d7d8ff7dc7638d307ca89cc8b85
fGn_0.75_n512,15198278425756348696,fGn_0.75_n512_r20,20,9065738186786622046,a754184ea4bf748ca05b6a4f70327c9984518d2eb819cf878cda2ba7e7f08cf8
fGn_0.75_n512,15688625080496431556,fGn_0.75_n512_r21,21,9356646827993828577,26dfd9112735a0e6a17bea2daf7785451bce1a4258d96f9d48fdd64f4981184d
fGn_0.75_n512,15383245484252175779,fGn_0.75_n512_r22,22,521978443196162691,59ebed8c0817f7a696fcc453d1f5835d9b7ae2f8b66ff9ea852ba3b236ae5ba9
fGn_0.75_n512,12082748970862026740,fGn_0.75_n512_r23,23,15290914807552934488,cd8598c3193538cbb0a1184fa315f2125cfffb119afc332b23e013b4a6ae0240
fGn_0.75_n512,9742722567742088361,fGn_0.75_n512_r24,24,6075200750361104965,1d482281125671cf564a92b1bd653fdb897dd9c1e50e01198700bfdbec4b9082
fGn_0.75_n512,7300291344931860924,fGn_0.75_n512_r25,25,18272296049333537750,0400c79113014905ad8686f94e0b05300fc33f46844c4c423be79bcd26acdc2a
fGn_0.75_n512,9689472826547664423,fGn_0.75_n512_r26,26,10283027442740718047,7cb5fa1be335ffaaec033644ebafbdefaafc2237a99e7aae55d76a8bc5af02ad
fGn_0.75_n512,13508699670419666116,fGn_0.75_n512_r27,27,6731637010760354723,afda37d09f5b46b69f717d89ea032531d12001660354d24de54b1f9cfad940ae
fGn_0.75_n512,8242229442624376613,fGn_0.75_n512_r28,28,250110805701930275,b0250283447a3f37c7b87975889709ade58411fc5f898b9159dd9a120062ec6f
fGn_0.75_n512,6609330274339955913,fGn_0.75_n512_r29,29,982993789630286208,e3fa1086434eee6e45319b1581dbdb23caeca77c31c59eb019d6e5243e242781
fGn_0.75_n512,14216819147978983588,fGn_0.75_n512_r30,30,6550057143864971011,bcccdc51886a064add219197bc3cf4bad5f3e08b831c3e2521a59fff2b0a52ed
fGn_0.75_n512,15007835499699963886,fGn_0.75_n512_r31,31,12350320217296554026,a7271a8f3781e92699bfe9d6e55cc938b0ba48cd367b66be1dda4b34dac49000
fGn_0.75_n512,2380939879823223879,fGn_0.75_n512_r32,32,16550567664421384314,beed545e38d4b3184c5b09533badfb9d68c11fefa3b190d47aedf643cfc719a9
fGn_0.75_n512,2881136088096620391,fGn_0.75_n512_r33,33,7310948644963763808,500629fd4c843e3c69b2a20807ef25717b651faf5f284f996d41dead3c5b3eb1
fGn_0.75_n512,13503823754146592605,fGn_0.75_n512_r34,34,12755597755584182313,5a15ebd38a9f909d56a27a18ebaec948798601f780c98bd67699f9df3a3981fe
fGn_0.75_n512,17210466888115532046,fGn_0.75_n512_r35,35,6932616071012440039,1ac2808b3d4f9661018f939cbb7650a745b1ba55ec22e26e962ea68c541e3edd
fGn_0.75_n512,2185014979967158834,fGn_0.75_n512_r36,36,15244447531949013133,75a4881617098f095881e76bfb7abf4b16112eb52ae2e5465c2efa93956eb1db
fGn_0.75_n512,13536642976051163444,fGn_0.75_n512_r37,37,453455935772259562,27ca6b4b369b2c24a05e9c1ae2462510399637ec03ba62639bfc085dc98fa40e
fGn_0.75_n512,15935121083286883639,fGn_0.75_n512_r38,38,14528431641683513461,dbb5cebd6af695f1f587dde5b3cb7d8f4bb84222d4ca6c264076eb2aae20c9c2
fGn_0.75_n512,12628148831724304426,fGn_0.75_n512_r39,39,10736876089409220047,a467c2f1dea9bee2e01060e2075e60dc9920b14ada9b67234296de8743e7c1f3
fGn_0.75_n512,15162645280067056743,fGn_0.75_n512_r40,40,4296327320576698552,6ccef48596bc8e4501c67985dc2980965c0f4d75253e0b71d88c49f759777137
fGn_0.75_n512,10358628742119704173,fGn_0.75_n512_r41,41,10113060079374502501,f2873fc09b82a3cda93f6f6cd503cb2e1c729aef9268ebd58433190d7375242f
fGn_0.75_n512,4242811306468965671,fGn_0.75_n512_r42,42,11127753585604123059,13d0eca21684f3072bad0042dd1dd41fcd2058bb5176d585949cbfd185f2db6d
fGn_0.75_n512,125593489267405219,fGn_0.75_n512_r43,43,6394940424756839587,8437511b1efab26d745f497f0ca43bb17009247a496e513f7dc2c144be243d0f
fGn_0.75_n512,640846713005192084,fGn_0.75_n512_r44,44,17417700802469216513,17f6fb7624ac06151a7c418c01a0dfebda4434b96c845285d9ab3d2a4864c5aa
fGn_0.75_n512,15140885123160903703,fGn_0.75_n512_r45,45,13613909903700752263,728ad3d9da5bd30fe94fffda7ceb6a93ea131979f2fbc2b012a08d865242d7c6
fGn_0.75_n512,16476368983974358800,fGn_0.75_n512_r46,46,17800341186408908774,0ccf7c746025200bfe623372a9f36f6b89e00059e2ef94f84808b81fc7bbd99d
fGn_0.75_n512,6683420744708739463,fGn_0.75_n512_r47,47,6876658438151095344,6fbd49946f6f791317ec992ca8675c277fae8fa8183df88713673f2944c76d18
fGn_0.75_n512,8089164761504614241,fGn_0.75_n512_r48,48,2106763008383093275,a741d08c245bf3597d67fde4489219c14ccfce84742cf1f972a90c3d3407d3c7
fGn_0.75_n512,3721430331345665391,fGn_0.75_n512_r49,49,4513865246381737662,d6f2627ecfdd40b18d8c22b621e9f74d68f4895de821474d6742daad661aac8c
fGn_0.75_n512,3183229705010517090,fGn_0.75_n512_r50,50,15225101477307754130,181bb311b456d672c5d0f82b1e35f2603502db8cf6b1399efde83f5d11ffd8e1
fGn_0.75_n512,13764556922028432186,fGn_0.75_n512_r51,51,16482737007651151226,8346aa95aea11c65633279febb908ee50995b3daede0a6d6ae2b3ce79446f8eb
fGn_0.75_n512,12646769779295354270,fGn_0.75_n512_r52,52,13212752926271804642,a1a2cbf02853ab3f151d261c98b498f472a3d059d581f567e640e169ea056cac
fGn_0.75_n512,118525276213253209,fGn_0.75_n512_r53,53,7548855491911149778,7a75bae0ad98465d5a8b32931693ebeedacc64bea29d903dee452c9baec19d6a
fGn_0.75_n512,16988332751463617823,fGn_0.75_n512_r54,54,4722911834726395799,f4371ef127ff3c05b4c76d0f5868b673b3ed8493076b876673f2a92a70c17981
fGn_0.75_n512,17118501133179368839,fGn_0.75_n512_r55,55,17623799236523796219,ef6c8b39035b1d23c674ef1d709f61ab61d6a5dfd33f0b919d6322598e0f3130
fGn_0.75_n512,10132738058391431363,fGn_0.75_n512_r56,56,7322895825234000560,e694e65811a32bc39de6902e449302294a68f8e877b32d4f1eb5f7c79dfec80f
fGn_0.75_n512,1788607563045211042,fGn_0.75_n512_r57,57,16666526381659384354,60568f713997b4e8c50b6c671e0255f8f242027e2773abe4aa15d6bddda54fc8
fGn_0.75_n512,7322392988210481810,fGn_0.75_n512_r58,58,7193699344886189011,27e99cf0c34751f8af8bc0c68c51ccb45783529b9535f468189daa1c86f75496
fGn_0.75_n512,14198614454633044647,fGn_0.75_n512_r59,59,3713629263939200577,96c2e0fb15e98a2071cb2564e2440250336e1d90685b6b17beb10f765e06cc43
fGn_0.75_n512,7908378215423300515,fGn_0.75_n512_r60,60,4937786551138141923,ef2d7bff237deb116c4e9539a784f28029662f32147b5f2a78df15f8957239f1
fGn_0.75_n512,5933913039114450751,fGn_0.75_n512_r61,61,9942363308085632618,3f95777a216e3970c6e1ecc91f7d7d929c06dd1bd062c6c6ba925fa64c3d1a54
fGn_0.75_n512,8273470308425947089,fGn_0.75_n512_r62,62,11727716387946115684,1f194b938ebc62a9c20f786f52702bafc6aac86f958fa0fef9f20d401e486a7c
fGn_0.75_n512,1293543882439087141,fGn_0.75_n512_r63,63,3329697931652422447,f6a8c2ae64badfa4a3fb9a62dc756598bcb02e92753f9a93e506f5680067a902
fGn_0.75_n1024,6454570876610868832,fGn_0.75_n1024_r0,0,2807936030545402567,2f81829d3bb1c147e789325a8d720c8b1e506909afcaa940d7a39b8f3dc51089
fGn_0.75_n1024,3064535026260318436,fGn_0.75_n1024_r1,1,4129281215162685530,4d29f3997b502035b057fcf62130814a848c857324097390f39435bd55f94275
fGn_0.75_n1024,16961477737916840798,fGn_0.75_n1024_r2,2,15180091057926539410,678d197e3d7835f3f60e1efaca7afe95b91b557d1240337d2e9ae0f29b7282cf
fGn_0.75_n1024,11942889165694545598,fGn_0.75_n1024_r3,3,15672321175075268330,22c17e81a9647c69e7cb271f19dd9ca6322877f5be4c262ed090e807e371782f
fGn_0.75_n1024,12040376778831643101,fGn_0.75_n1024_r4,4,3588115875440939870,3b4adb0013b854d49f3a18d6f81fd53f423e4b40951f678084193cc3df281688
fGn_0.75_n1024,6145488528114808889,fGn_0.75_n1024_r5,5,11155776887523087723,4332221aaf6b7c806aa59ce29b1d7912f09fd7eb395df18b1efa54f45f77c361
fGn_0.75_n1024,6791277394464041787,fGn_0.75_n1024_r6,6,8459503910904460557,b4a04d07046682bb0fd4e814e20daf0db7f8d3dd44d37a53554b495d46c6a12d
fGn_0.75_n1024,10014248681583541078,fGn_0.75_n1024_r7,7,6341522192367329835,f858f7cf04177595858095b60c743d7907e5a7a60945503d9a40978a2f3739cb
fGn_0.75_n1024,3664124071022260253,fGn_0.75_n1024_r8,8,14009090465068810651,1d4e7ebcf0debcd0077aa2a888eaeebbc6559b85fe09e364fa1432d3093298dd
fGn_0.75_n1024,10642595365771426413,fGn_0.75_n1024_r9,9,14534405417703194589,58fe3938fc3ba1b8d733a122975481e0125283353668a73af81b730f89593dac
fGn_0.75_n1024,2471424727096489274,fGn_0.75_n1024_r10,10,11601515887981835829,10555212650db5b5dfc01f3ee8a440fce8863be9fc2213657cab288a046aa246
fGn_0.75_n1024,13698376055575443164,fGn_0.75_n1024_r11,11,6345345634476226933,6b629c26f4d94c11df22b6ef301c0e6700c1bcd24d8fdf84cd550ea2150b9c28
fGn_0.75_n1024,6867862476166667444,fGn_0.75_n1024_r12,12,15667861968832860519,b3197b83ac5ee5ccabf49489b9b318a36b2937d4ad945469b3f13cdb4150cea2
fGn_0.75_n1024,5089292716059228854,fGn_0.75_n1024_r13,13,7452489452767020334,ff245c3fc23b94b5c549ac42a093313465498602560fcd3eaeedf7b4e3321579
fGn_0.75_n1024,7704239135563732280,fGn_0.75_n1024_r14,14,3499664621939400635,d9ba5d370b076d68af18b636bb887ff290852d1193a1561097ac13de7830cd8e
fGn_0.75_n1024,17379423022536650357,fGn_0.75_n1024_r15,15,8079145911103121468,bdb9cbc9800e82309d49d7f88e9dee913757b82db5801265ac3ec9198d9da4ad
fGn_0.75_n1024,15480775459015867203,fGn_0.75_n1024_r16,16,15273494018950733773,4883f06552bb7fa70561bfcf13653a481d19a54e3fd914aae86e64244d40a8fd
fGn_0.75_n1024,6818271375981187310,fGn_0.75_n1024_r17,17,17668005884869008804,2e2e1f50b072b381077f92241781166b6a159c560a9ee7cc1fd8dba97970016e
fGn_0.75_n1024,1573371861570796591,fGn_0.75_n1024_r18,18,10928844545025148620,e4e2f318d36cf47a91fefcd237fe1144ed69d78d0e4053c73e09ca5f5b00beb3
fGn_0.75_n1024,158378359697875332,fGn_0.75_n1024_r19,19,9989788201058891314,b63fadd273689c2843be56525060d2adcc4934945845442400169e56d9b68199
fGn_0.75_n1024,8260006353921656234,fGn_0.75_n1024_r20,20,2958386431425681599,3922cad35f8d425128d98ae5441eb4fef5d426f58e7de77e26e11654df6e7310
fGn_0.75_n1024,16240602323037845777,fGn_0.75_n1024_r21,21,3186195590242466584,ca278b32d57d263019263d398398705f0ff4ec6d3205c97bab636f2047fd578a
fGn_0.75_n1024,10363870541754187744,fGn_0.75_n1024_r22,22,2134870815581502450,99f409372cf69e7f04edf45badda20538efe528e78f544ce6f2351c83d1eca02
fGn_0.75_n1024,11722221119720578316,fGn_0.75_n1024_r23,23,5306310118024503717,275ff8a648d4a5fee77de87ed1f490921dd7562bd182d66252fd24e7aa873c3f
fGn_0.75_n1024,6298545012495280040,fGn_0.75_n1024_r24,24,9905247760512540417,bd012241ace53ba1146f3d7aff157865250ce0ac2b3d04afc1166e3f1d38f8c0
fGn_0.75_n1024,10886126397071197795,fGn_0.75_n1024_r25,25,15297868263981060742,978d21b5793edd2d70357e29063b241ab7d986e77f2841f5066d6e86de501b7b
fGn_0.75_n1024,7361183055777916976,fGn_0.75_n1024_r26,26,4051486319889005400,e46c2399a4612513b5ff8e7dd4ddf1629725a98f0fcec9d663c532388147c765
fGn_0.75_n1024,8817900367069136185,fGn_0.75_n1024_r27,27,9628080216770064612,63465f65875b895e014d689de4d16ac0aa2e286b1265fe9ac181edfe01fb2654
fGn_0.75_n1024,10132694617460603896,fGn_0.75_n1024_r28,28,18211317566176740997,e7408f62ba90c84541a6bd4c45d04471f4d51d4302c041b6f84eab8896e9648e
fGn_0.75_n1024,16322258027682895325,fGn_0.75_n1024_r29,29,5485193682893230635,aac01f582e33012f8b808c799c8e31103e36fa5fa8e23a9f439156753a39039b
fGn_0.75_n1024,4913326258566227099,fGn_0.75_n1024_r30,30,14826838297821738663,8ccc405806a2f2f97962e6bde4ea439906e34e1d7b393a29237cf74a259e014e
fGn_0.75_n1024,15904310929078539088,fGn_0.75_n1024_r31,31,12169214417750053557,99437760e7c96de6210c4312bcc334708cce36ec102c3472728e9c927a43bdbf
fGn_0.75_n1024,5190577262991399982,fGn_0.75_n1024_r32,32,14321553644081797004,8d866d519f61abcf36d9238ab286380dc7e00d206e4f6c71866f16d912cd8525
fGn_0.75_n1024,13811575250174152078,fGn_0.75_n1024_r33,33,15897262093195727965,7ae5c7aa1f89e8a2ea450c20bcaff1cda98310965751f1e22f7838eb7075c113
fGn_0.75_n1024,9798247861709518774,fGn_0.75_n1024_r34,34,11400280976774192294,883ce734956da07def32d23c6ecda8bd783a5f1cca04a240188b9988c49f3682
fGn_0.75_n1024,1723833999770238452,fGn_0.75_n1024_r35,35,14316649932035554293,28aaa66f5a475b431a0e94abdaa0077dcd17122101b53029677f272593f59d61
fGn_0.75_n1024,2731125630346989170,fGn_0.75_n1024_r36,36,2601372849194762214,8c4b3f42569dcba9b99349adb3d2b9899eec6706d2bad98c62586871349ee461
fGn_0.75_n1024,13357107354989804173,fGn_0.75_n1024_r37,37,2652441653832992190,4325c3e8928d305acf743f79179e210730575a3ff497e30fbb762b009d8a9e8e
fGn_0.75_n1024,8534746129161710474,fGn_0.75_n1024_r38,38,6736545694180757700,d1888ab2c1b089bef29a603ca3d51b11d6b1847f55e1cae49fb84ee059510129
fGn_0.75_n1024,402192233919899260,fGn_0.75_n1024_r39,39,1742770518553135723,7e06ae805e8b99b3ad11671830aca99f22f19547923d29b89ac9625d2f0be77e
fGn_0.75_n1024,7101262185036456820,fGn_0.75_n1024_r40,40,15980889948849340545,4d2d94aea104cd7a10ff12407e40b6d9972276434fd965df02676430a9682853
fGn_0.75_n1024,15263956944902608420,fGn_0.75_n1024_r41,41,11548118353749926160,ca50a6ad981b4cc9d6dc6a5bceaae18c513e2fa794d2d46e3f30a44fd8a29764
fGn_0.75_n1024,1179459375948973435,fGn_0.75_n1024_r42,42,5101070212741706587,7e070cf81c7c60684cc1a72ed48450dfe7f47f0db97159751cf8cacc0b7456be
fGn_0.75_n1024,4081088895186336856,fGn_0.75_n1024_r43,43,8084263923904502501,e793fd812396d0ce2e5f70ce09ade8ee4d9a87a06dc94b5368653feb74be571f
fGn_0.75_n1024,5266610982544137582,fGn_0.75_n1024_r44,44,13355676499367935977,793e85a1041df93ad61df3cc68c5ecc0b57526af61a99a0b91d722af921d761b
fGn_0.75_n1024,3740766991629655748,fGn_0.75_n1024_r45,45,18070065402278678995,e7245a378b043491a5a1ce6850710f7e1647ab9919a30b166522a6b9a6778066
fGn_0.75_n1024,7252548728658869085,fGn_0.75_n1024_r46,46,8940678678515147685,5418c6d4860f1fb6549a026710f06a0d116f42d268a7240ef9d1610217dbcd51
fGn_0.75_n1024,12042567706044921391,fGn_0.75_n1024_r47,47,6936924921404022545,eebdcddb1d96305d97bdc7731d724784a60c577f1a207e9513a4de731a0f641f
fGn_0.75_n1024,8135733688671503030,fGn_0.75_n1024_r48,48,2467924012578133423,11f8ed8856403ad181d69088815a5f3b336e0f53e5e4a59c6c645c4f16b9f707
fGn_0.75_n1024,3732879139696567073,fGn_0.75_n1024_r49,49,16733247414651716299,091ea687b233af6d20231a4aa9996b28cc19762e9c98357d608c172df69dc092
fGn_0.75_n1024,6304484612023679963,fGn_0.75_n1024_r50,50,9835335326068953927,199f8e700c0768ec931d049f4e33341cb5b28af376a5fbd63cd69c187b10fdb4
fGn_0.75_n1024,14780906616990952527,fGn_0.75_n1024_r51,51,13792871161425938524,90144162cab73400ccd6a0942cd44ee37c9d2dac7ce609d3dc007128a44377df
fGn_0.75_n1024,15238869879742799163,fGn_0.75_n1024_r52,52,9867208320954071056,9ff13beba9f100b529d006337b92f410059c3c87894496c086c1c0a93150f2a0
fGn_0.75_n1024,16201316474567135222,fGn_0.75_n1024_r53,53,8230473238036161739,a4301877b4af9319759dd505c5943811dab7dfb66ed8fe7a52f53bd73cd10e3e
fGn_0.75_n1024,13020233720626316771,fGn_0.75_n1024_r54,54,11481958446440764557,676445852dbfbf0583279038d0fc282d3fbd4f0b8ee5b3d32f455b1e941b9587
fGn_0.75_n1024,16034467728461407314,fGn_0.75_n1024_r55,55,11489701947251903265,b20182f69e0a9515daff6c69e650f38b3fe8eaad0f37a61011d9e4afe76c099e
fGn_0.75_n1024,14601259524547117071,fGn_0.75_n1024_r56,56,883776433367112638,ad927e41741a175839b8b0da396474b1e0dcb5559516e476eff4e144a77401ee
fGn_0.75_n1024,1138854294569303830,fGn_0.75_n1024_r57,57,3284578059973777480,575a0364350fbad57827cca7253d7c5ce94462ab31ac424bc509e14553c11181
fGn_0.75_n1024,16437430619272599780,fGn_0.75_n1024_r58,58,16453538674397040674,a23134633adf7356c951535eb87e3bb8e4cb344b850b5fbce79658f1a94b1a75
fGn_0.75_n1024,506758899958110499,fGn_0.75_n1024_r59,59,1595643044874993649,934bf75ed796caa54a982aeb38ff9c4f375408da781a2369a6eb4e9a458f8d25
fGn_0.75_n1024,9165032407463900395,fGn_0.75_n1024_r60,60,7127796591989045547,e6ccb21daf6443a53617e45ff5557dd7fa6c2d00954046c5e9bd9ef4392b48ec
fGn_0.75_n1024,7224611270950171715,fGn_0.75_n1024_r61,61,2712941340208508596,617485993ce0d77fffd11a13a770dd23ea8f39bf3e6d7ce93bf6caae21b9f930
fGn_0.75_n1024,16635880591688567676,fGn_0.75_n1024_r62,62,15296976083867149876,86b9df1bdd5e3771492570aca8665d9613097768343582e5010c75b8b72c1bef
fGn_0.75_n1024,3269966100340603907,fGn_0.75_n1024_r63,63,6127410529280459084,8a7c897e94a9b0122059107e1b1c3cc26f983a80a2b3720a7064b811f95e42c9
fGn_0.85_n256,10989142205554509027,fGn_0.85_n256_r0,0,16125443958665017681,0edf103a87ec21d2fbc33b81405d927c385384c57d68314f1f1290fa37d6fc6b
fGn_0.85_n256,360135898638056172,fGn_0.85_n256_r1,1,3207950801513572352,cd3e05f9f70c84dfb4dce5f40b7ea1fc18f1024bca71d297350299a7bedcaf81
fGn_0.85_n256,16635647992114048920,fGn_0.85_n256_r2,2,1063966730922267065,cce561410bdcd9c06c919e2891d6c46de77305a3843ff55f6a25d3c02f76aeb1
fGn_0.85_n256,5997452142270336026,fGn_0.85_n256_r3,3,2411119833137121875,413e4ab5c0abe5454dedc833951e9f5d14238172db584674e13daff7e24bdb2a
fGn_0.85_n256,2710056644440550831,fGn_0.85_n256_r4,4,683815666787099829,90753c0dd9f5b4024fafae27601c341f4d56d71dd178be92bd1870878a3ef8a5
fGn_0.85_n256,8140045534433611333,fGn_0.85_n256_r5,5,2680639109781026521,b30130820ae23ceca7d2f4be179476a0c1d4d0957dfefb1980b1ee46df2cccd5
fGn_0.85_n256,16575939357488025643,fGn_0.85_n256_r6,6,8599451404857997134,b014c6a7a5fc5982339819b2cd1b9cde5629d073f63de5b2e2462b0e123f2af8
fGn_0.85_n256,6975371251755283125,fGn_0.85_n256_r7,7,17073696408383563026,b8a54d0a749c4d93af65aaaf3d709ecd88634be34142d1cf4d0909a2a7453b01
fGn_0.85_n256,14870352707106866095,fGn_0.85_n256_r8,8,1701395853973166955,c7a5a7f425358783a81e90989590a04abf1484f7bbaf92976c3a0e5b129eb6b7
fGn_0.85_n256,15738562464096527815,fGn_0.85_n256_r9,9,4607336201277653754,4fb94a5a92d356b15eae9c281d88596ef39a462f783b9e402a7f4bc9e6c668a9
fGn_0.85_n256,13628346558667294911,fGn_0.85_n256_r10,10,15725771392786664327,f93cf9540442c6ccb323027c4de6014c4814bf52f23a56b48f908b9f0b45c1ca
fGn_0.85_n256,3854666268261871245,fGn_0.85_n256_r11,11,1236132499138633861,36677514fd86578d6473bdb6ae0e500665f8c55cb26f58d4ed609b8ae149d6b0
fGn_0.85_n256,5293596268108619708,fGn_0.85_n256_r12,12,16752623689700196499,ac053e92d0b3a07b9162f57eb92686b29f3025df846d33052ac97bce46323c24
fGn_0.85_n256,16179800097449025635,fGn_0.85_n256_r13,13,6743074385157990028,05714ba949cda4625be47f3a1d8a09a0408df35cf7709c8473fcc8a700967a95
fGn_0.85_n256,3036344924006884721,fGn_0.85_n256_r14,14,17624409430926571148,4f4b78f3a904e31fe699a2d6735d0e2557e76a944c2f4213cbb41038f7cc2b9b
fGn_0.85_n256,8721975047023086588,fGn_0.85_n256_r15,15,2483418796904591866,d55f2cbb2e183b9809e82d53d48a3dcb7257f12d16537f0ddced73fbc36da309
fGn_0.85_n256,10126668138862164392,fGn_0.85_n256_r16,16,12487888634717310879,7d19d6377af38cae8364c2804a630e3e933219f3116d309bf003587f3cd9ee2e
fGn_0.85_n256,736014028504840194,fGn_0.85_n256_r17,17,5703635048333768716,53c25216bf1dfd91f98b7de117ba1678dd8674c75300983680541f9faa95a177
fGn_0.85_n256,15800552252596576629,fGn_0.85_n256_r18,18,7734957790518441245,3d01b91c3a2bfb8375f571b7379acacbf50bea1c444a4b70702dee06d976d0c6
fGn_0.85_n256,3405358156707003279,fGn_0.85_n256_r19,19,8572719791731162085,7f657cc22e833d994ab2b2d4d478afe0f9d7e0fcbe7c7d081b90eba7086f5fa1
fGn_0.85_n256,10456940736810119593,fGn_0.85_n256_r20,20,18047073250914259367,e335c36b6293d2c609058bfb3746c5236f6022e3ef7c399221b2bc78dc22a33e
fGn_0.85_n256,15302550127442772853,fGn_0.85_n256_r21,21,17970116760700311070,e992fc96dcd1e9ea1d05098cfa71ff6172bb7d763d621f8dd75bec50974e0640
fGn_0.85_n256,9289320581093947387,fGn_0.85_n256_r22,22,14007232703656135340,de3bdce66303dc31fcf1d22bc28aad42b247f2652053857bf3351d926117a231
fGn_0.85_n256,8794655326545194238,fGn_0.85_n256_r23,23,14343044401925645167,d85d7f5a4d7c70ab54a01120db6fe88ed259f1a8636b0a31c42fd1bd8fbcf127
fGn_0.85_n256,3043903600862485843,fGn_0.85_n256_r24,24,6597979916371751485,903aeb6af1bdd387962dd5b8e341828c2f2938669546f10222bedb9baa60ca3a
fGn_0.85_n256,2086529304499199035,fGn_0.85_n256_r25,25,3159919327760395216,eba5797da3f73290d13665cfd6017f456980856a753197b25abb6921eb1bbdae
fGn_0.85_n256,11757991234365096632,fGn_0.85_n256_r26,26,3979695320297745346,c18ba11052fc5665483557bd1e1f44c8724166add3bcc754163f37ca317193ba
fGn_0.85_n256,18239275434671497587,fGn_0.85_n256_r27,27,3238980846114200904,aaa958626907796b93044a0ce96fe34ef9bdab6cc140529f3fb9a4be0fc83686
fGn_0.85_n256,2432774127048858160,fGn_0.85_n256_r28,28,17795215308498252117,71c55e65ca3951362419a480eec089c44c2551eaf0df82e742c77699ac532bd8
fGn_0.85_n256,3141541497725241905,fGn_0.85_n256_r29,29,1099826639933178441,2492d366164af0a9d644b4798f9c8cf61da19a3e9a3999db53db7184a990028a
fGn_0.85_n256,3383651659999658341,fGn_0.85_n256_r30,30,1367063854588890544,9b1b960a82e8c1f42257bc17ad26ccc097d4b029a12abad9edcae17454848df5
fGn_0.85_n256,3371016240566587839,fGn_0.85_n256_r31,31,424025574678057288,d12d90b0709187f9e18c429d923d8ed040c76d94454a39933be5134550d6bfbd
fGn_0.85_n256,846748486743487800,fGn_0.85_n256_r32,32,12570010956906578372,03a18abc8e53326a93c71182aaab16ad6b13ee75eb17f95110ae034131a0e831
fGn_0.85_n256,6190526782335077065,fGn_0.85_n256_r33,33,4671932606663071116,f2a103e57b67d95cbf1ec8b13759bfd77f0185778a767fdf220a557d4560e005
fGn_0.85_n256,9729410605299627580,fGn_0.85_n256_r34,34,11400546055564911329,a80ea429f4dbad9112942c222021b410affa38ee977068707310952ea9ca9739
fGn_0.85_n256,18273814143578533974,fGn_0.85_n256_r35,35,11536339430172806147,70799342e4c30bf38dfb597974a116ff5632313d9944ee663589984185f2dcd1
fGn_0.85_n256,4330495141729640925,fGn_0.85_n256_r36,36,6739212320009583183,37b202efc6ba5debe989f555fca4cedc41d5f071574ce87dbd2ffe5bd77057b5
fGn_0.85_n256,13180610246623107565,fGn_0.85_n256_r37,37,11704971377855334995,1d88d9c4fd24d607809be5d8edd51ca1ba54e092f64d48c5cf7eb6f04eb3895d
fGn_0.85_n256,9831907531603580090,fGn_0.85_n256_r38,38,791241737680578662,c428880f0ed2c863de2a96df7aba3802b6ab375511596f16946b9722ce7c0677
fGn_0.85_n256,7956014834056474721,fGn_0.85_n256_r39,39,11691157875092181432,08568888d843334b5c74d28d3aeae54b2cb86da2df74ad354876f5e72e2ba288
fGn_0.85_n256,1252997694637956995,fGn_0.85_n256_r40,40,1879383017784763227,c96b8830675e48a22d973a12ce52bde605b9bc200f0952ac6fb53b66f2e19625
fGn_0.85_n256,5550854543968268210,fGn_0.85_n256_r41,41,2439812661469044095,0eb11d76966f65c2a7a33f3ef260d038aabe613003a980350975f2f3cf603d87
fGn_0.85_n256,17883830086656701121,fGn_0.85_n256_r42,42,10491450080676488236,00ffe190da9f508f6b5894b4702574fce2fad92e55efb8dd6d98403cd2278ffc
fGn_0.85_n256,3397816755376495834,fGn_0.85_n256_r43,43,16951134263632193317,b538b049fdc5355e9074023db41cce42bf914eb4b7b959ccc08211c56e738992
fGn_0.85_n256,10559033913413451305,fGn_0.85_n256_r44,44,12092895231056905734,9b7c5dca747a6048dce7062f8c54e6c24c97fa5f5e76d365cc83eba4516fcfc0
fGn_0.85_n256,18055798673960830341,fGn_0.85_n256_r45,45,16979588822815807606,e29c0269724a1054e6f32b713824958d334da182f08216d5408454cc8d1af390
fGn_0.85_n256,13437615324582583546,fGn_0.85_n256_r46,46,16370334454810863742,633813781210f4ff46af573846a1b41cdae54a26d387429c5ac751487f23b49f
fGn_0.85_n256,17670686763260235326,fGn_0.85_n256_r47,47,6265345107965925861,301b842470a528a67efae2b825ec10b966d2cab037273f42dd8e6b4d81a4cc5a
fGn_0.85_n256,8382095629260178504,fGn_0.85_n256_r48,48,11451096400737417016,3547082b9b413fab7aff4a9a457fe5ef3f59344b8769bc3aac845c93706655b0
fGn_0.85_n256,326018230228783895,fGn_0.85_n256_r49,49,12785535699249972877,395bf37776e5d4d872944bda902e217afe9671c7fbd032d9d160c538a8d83710
fGn_0.85_n256,3149950612071541291,fGn_0.85_n256_r50,50,18240492770101279089,f320333a0bf0f701eb8528140234e5891c467adfc366470dee233ffdee1bd120
fGn_0.85_n256,896354477231026788,fGn_0.85_n256_r51,51,1058633233907217969,8951f18725a337114a5c7423973be3291b0dfbc2f647202408f738891a6cbd3f
fGn_0.85_n256,8405199309461991917,fGn_0.85_n256_r52,52,14646110853304296556,1c11207e12cf2f25d308d592a1fb5541133ac1fa54a10100a9678fab00090110
fGn_0.85_n256,5323769648593631953,fGn_0.85_n256_r53,53,4443994371234874355,c58225a26fbd96a2b814ebe6bd4d8b19fc8ae4c6556b41ed12588fd028b42273
fGn_0.85_n256,12310269206317509614,fGn_0.85_n256_r54,54,3965875008182459693,ce1a38ea70a91b06acdd3b008e2a0c830f18f07b5364c000594e2ce60344f549
fGn_0.85_n256,5743281106156822639,fGn_0.85_n256_r55,55,16798982034802109350,58bed8d3909dd788fae4db6c2f1fb6b9bb815639057d2635c3833e534a99ec73
fGn_0.85_n256,5411099446703196201,fGn_0.85_n256_r56,56,1131706823476521371,ba9e922b4c55eaed19e61b6cd6d232ab84fdd8b05180f6d70d2040189d73bdcf
fGn_0.85_n256,17254690224159604821,fGn_0.85_n256_r57,57,11906562368130835110,b5b3ea208a2fb6df028889e5440687b285c4912e3cbad49b31a967f927455bf9
fGn_0.85_n256,16635933555649591661,fGn_0.85_n256_r58,58,2847555716094390752,ac7ac7bb38ef7302390a43da560c32d6fad072cd357719d3e817eee24992ae1c
fGn_0.85_n256,12995857754800601691,fGn_0.85_n256_r59,59,1496678143258253702,5ebdc6efc7ffe9056a27262f3f4692ff68fb91ab33641700bf5b2afc01e819b0
fGn_0.85_n256,2495265608689862587,fGn_0.85_n256_r60,60,6183012120208807366,6625ba25cfdbda0b3a7ca12fb55fe6eacd257086cdc467784722f05c6ba33654
fGn_0.85_n256,15211763559507772347,fGn_0.85_n256_r61,61,4862313634891934936,7d5611218dc4bf27fe2a280b5126bc1c01ed240cef063d50e19f5a00a4603aa6
fGn_0.85_n256,13840696213251822260,fGn_0.85_n256_r62,62,2066375847695590005,942c3fd8a48b2e0bbe28c0faef74b4e63231bcf653c20b32c5f265454ce86302
fGn_0.85_n256,3192800563237274730,fGn_0.85_n256_r63,63,14326803386272254980,afc37b3ac33c8859ce54a01acb6795a0521661b8ea858fd6f7157f1c6c4b47d8
fGn_0.85_n512,1121022227848593699,fGn_0.85_n512_r0,0,13899885670977459353,ae1c09569dde04c6304fd3ae184b364c02ea4561ab3130bb277df45811e7cb11
fGn_0.85_n512,12746379938227656485,fGn_0.85_n512_r1,1,14884427642537628364,1b6d7c5b310f8115873118266a8e1f9a17487d25e4af04519d58e6f3a5f61db6
fGn_0.85_n512,14751175264620736582,fGn_0.85_n512_r2,2,10111554971144850514,f0b6eb65e3509fdcc5d58aa1d22eca8ad611a8e69ab4dd91ba304ea82fde85ea
fGn_0.85_n512,6205413843655869374,fGn_0.85_n512_r3,3,8330233672968988174,af1640a80ab4b75baa325280fd747fdecb38a5f1c81a64962fce3f4a0ae56e3e
fGn_0.85_n512,18064054158475065407,fGn_0.85_n512_r4,4,5562220161255252950,a4060983798e1616993862313e2f8da810917945e747a4d8c737e572042f71b4
fGn_0.85_n512,15172259327254741511,fGn_0.85_n512_r5,5,6391013422449415093,59e0f2da07231c90f5a9ef90f09ce3a379900765bd7ed4e86e933c245961f38f
fGn_0.85_n512,15784807646765184534,fGn_0.85_n512_r6,6,17528973106919821317,ca35aabd562b59f961ed5e911b6d6b39a1f410bbf9a625edfd7b50274f7f7ea9
fGn_0.85_n512,18318152619334472250,fGn_0.85_n512_r7,7,4197912533945929948,e0b0bf818aea58e0d4c1756d4b54f29e5e5d744042818f2dd3773d24c7558555
fGn_0.85_n512,3855048092161548411,fGn_0.85_n512_r8,8,16928610784348995257,1d98a66226ef294ee1100de09cd4ba6bbe36168a23ddad3575c2c56e9df43f2a
fGn_0.85_n512,10696049808730871766,fGn_0.85_n512_r9,9,12448602520893415055,405dfd56445acd069312374bb576de43973ee9c54eea110879223080ca89b820
fGn_0.85_n512,13682751529728699805,fGn_0.85_n512_r10,10,6064731085106958283,6cd293b09a83e5d6ee8821757e3e02de0e5c266ff549be3a71a8c8895ba2bd95
fGn_0.85_n512,18040084109792610434,fGn_0.85_n512_r11,11,18393118895042479946,8d554cdd2604f3576d88344174eb3e6509d830a22f184f3fcb284d164fc243d7
fGn_0.85_n512,9623516974701288547,fGn_0.85_n512_r12,12,6620481077589589622,370a9494895794f32470dd30837301d3dc995f0fef74e0311a522818c2d5ffab
fGn_0.85_n512,16807420093610047479,fGn_0.85_n512_r13,13,16994269041420132644,553aee2206311584f28ceff1ad4ae23fa88ecc9d0d9a8de69065f1cef8c0f0c4
fGn_0.85_n512,11776873789054248202,fGn_0.85_n512_r14,14,4524421440817714975,e7dfa2db88309b3e1e3a0bf79f97ffbc4979215c42f5623012a316090b1bd971
fGn_0.85_n512,4719522661049531264,fGn_0.85_n512_r15,15,17668174912963771398,db7c9dac4b598e39a2f23a717f1fb4d9a10ab13591fddb5a54be62b5b81686c9
fGn_0.85_n512,17953959167239130527,fGn_0.85_n512_r16,16,18229355630860538906,cf5a20705e60819803db635b19d601baf5aff7ad469ec1f932805bea6ec9dcd2
fGn_0.85_n512,15354520952107869493,fGn_0.85_n512_r17,17,8434233712604899837,2055af4e968e632a5358e5f0821bb9ceb31af7412a920a2d605f9e85f748ad55
fGn_0.85_n512,1569934436539470070,fGn_0.85_n512_r18,18,18143657660833367254,555c58b35f72f558d7e4c7b9a1ba91548d79cf13324f0cb915a24043c220ced1
fGn_0.85_n512,13712163974934765738,fGn_0.85_n512_r19,19,2854719222785654551,ff1fdfa14704c5acbcbd1a7ad67de7e6853d648d60550ff172db1b6ef957cc61
fGn_0.85_n512,7037117640791323356,fGn_0.85_n512_r20,20,16681316663641708195,674a296db05787b848b0196c85a3e9a9cd71404971fb2ae010891a47c8875743
fGn_0.85_n512,10313360164517164536,fGn_0.85_n512_r21,21,1897998979188563616,74ddf497bd6122c5867423404a78e17f9f4a1e83e101b274d08bca74a470b651
fGn_0.85_n512,18094677622926815084,fGn_0.85_n512_r22,22,12575495831972512951,6281a808f0c79f668ec30c15ac9b416f1a733e26062399822a8593f9c0b06b66
fGn_0.85_n512,9332027449767598071,fGn_0.85_n512_r23,23,817965077337560561,53b1c4064dbd0a1b9790726346e6ea63138975b4b086a775b85d19e31abdc282
fGn_0.85_n512,7107751734222368076,fGn_0.85_n512_r24,24,15652541901131469235,6590acb1ae844b9bc94eab8e56626a63127ac6db9eed586e897cfd83a8766da9
fGn_0.85_n512,15370541083370115749,fGn_0.85_n512_r25,25,12611103799256110854,bb72b5ea19e1c9dbe98792261cb706624348db6adff4648481d34dab2ded3563
fGn_0.85_n512,1687517932000719311,fGn_0.85_n512_r26,26,9814143119555683439,fcaed0faad2665949c367464a91110166cbbe730253ce834ef8a05f65cda8067
fGn_0.85_n512,15279859782559392034,fGn_0.85_n512_r27,27,11650138955163194772,74c902bf4b9114e8e74ac7e8b2d4288453938486c035c28a72957187b3813f29
fGn_0.85_n512,382788107673195512,fGn_0.85_n512_r28,28,16926946224441881604,2c8d3adba93991bb850b047ba15fd7959a0b144fe2b6d373038bc9e4488324f0
fGn_0.85_n512,2054844800106544374,fGn_0.85_n512_r29,29,17414858255658203608,992108d215382e46983daf43c479500c94435791ac159a809ef41482d551c4a6
fGn_0.85_n512,15894316642222775600,fGn_0.85_n512_r30,30,12867971377563212275,7c52d35b96fb4b67abd5ff4cc32e01ec6472c64c8217181864af59fa9379b7ca
fGn_0.85_n512,681881479734185712,fGn_0.85_n512_r31,31,4072210267711098129,9ab8c825be4eb9e72f478f71c4351ca448b0f3b0d476b4b368876302c4db7e8e
fGn_0.85_n512,16694343785619079374,fGn_0.85_n512_r32,32,12287858471102976933,0e053f6cf6b3c7718098d0cedbfe6202b6320a256fd9bdf574c3e36a5b7f299c
fGn_0.85_n512,9957333145029414977,fGn_0.85_n512_r33,33,18032322424077143283,772983b08dce0da87a101b37649a23687b6ea2e144f9fdfa3ba92c1c4c26a534
fGn_0.85_n512,337115852713358928,fGn_0.85_n512_r34,34,7334615829480455539,c821ac9c9c9dcfa7bc68e0c93b8e7e596ba614dd0e66e62b679cdd6add66a93e
fGn_0.85_n512,2014065498970042799,fGn_0.85_n512_r35,35,13130362338806608404,6f4582b89fd9df16404ddbf0831c28cdbd0ec90171306df4610af5059c571f51
fGn_0.85_n512,12516275812990084679,fGn_0.85_n512_r36,36,7101004907277430569,26dbadf70003f159240ee67224bcee8e0a39a97784687d9396a85404e9066bb3
fGn_0.85_n512,11270351588709700357,fGn_0.85_n512_r37,37,12350152317841855826,f4b34a8450d78585907f28952bf41ad9a19b6926825be8a95230b5f0457a6235
fGn_0.85_n512,12227140680038764874,fGn_0.85_n512_r38,38,3331580204887228508,65102836ad9c565be218f58538252a1d27bd3b30d68479ba6fdee10da1d7e8d0
fGn_0.85_n512,17780809521871713381,fGn_0.85_n512_r39,39,15506550670059574936,ae04157533453a461656b3ad5dd7869c530edb431b0885733c9d7d1908e56f50
fGn_0.85_n512,8677336498970504711,fGn_0.85_n512_r40,40,5314686965029601475,f7556ba63232b44d29bc1be64b76a6c5f9091f9d8d317de8197b5c1fea9469ea
fGn_0.85_n512,1667848878634377602,fGn_0.85_n512_r41,41,2220354485384458434,afbbbe2648aab4cf29d2431e592e7da68ecea47a09c740f5e992ab157afeed75
fGn_0.85_n512,13680794772571183963,fGn_0.85_n512_r42,42,8133573340673732454,823cef224b3141905077fcb369042f8e7e30aefc9f86e7aead644d4d3e6fcaed
fGn_0.85_n512,16912911188150865974,fGn_0.85_n512_r43,43,9695821724140442307,2db2a5e9e2f56e06ec140e51f857daed2d80bf726a03cbcd15dcf37dba2704ea
fGn_0.85_n512,5394164652545587737,fGn_0.85_n512_r44,44,16587358376942493872,6a9ccf266fc914dd118abd8da9d07cfc13d6db8f2237c7205e279ee3e510fb9f
fGn_0.85_n512,4522422066978895345,fGn_0.85_n512_r45,45,568339820884308666,e10e7b525f38dc6f7afd3cd7a5e0ac7a66bb04b52c16cb4d732b4143481580a2
fGn_0.85_n512,10981525627127896662,fGn_0.85_n512_r46,46,14432694293720943865,677f19241fc4de4b7bbb87f405c6a9871873abfc72d4ed73a29ce1f702675f18
fGn_0.85_n512,1296170823231160796,fGn_0.85_n512_r47,47,16172557549416560619,2a95ed73fbf96c05757554a3f7dbe5abe996dedd30a5ecb9710877ab079213df
fGn_0.85_n512,18382642202780998623,fGn_0.85_n512_r48,48,760911932944673047,88e6853e47532da2f6d345ee3e2b240b13bb17a61f42f242c8284387935e1f6f
fGn_0.85_n512,8549450403582065579,fGn_0.85_n512_r49,49,5347813591150727894,e8c58b578737ca1100226e84c1db7ce4dcde84b40b1fa0f23a79fc0fa8438bd1
fGn_0.85_n512,11447087503586069350,fGn_0.85_n512_r50,50,641587509166102918,640e3deedbf9b07a3052e145bdd782ad2343cacc4cf63188c2b815d1aebfd6af
fGn_0.85_n512,17529028411185584475,fGn_0.85_n512_r51,51,13100982355857890980,919c5f847d8df363f94116f5cac7204bea3f84aadee41e0e94c850b7423d72b7
fGn_0.85_n512,948692308649564796,fGn_0.85_n512_r52,52,17675867334461653720,cab9907ca215f653db0bddf4e5ed76f2ab6e2cec3a1c7ad4db6820344b009a33
fGn_0.85_n512,886857976387434910,fGn_0.85_n512_r53,53,9050049681461672602,5ec0fe036e1ce16ba1e1f42227819339b66d9f7a74633ca847fdb1a9691e4ba0
fGn_0.85_n512,2424055641099598033,fGn_0.85_n512_r54,54,18234624085062009376,88fe17c5aa8e9089be709ef3157d6d9524f62d568a0a5ac353726ac87ca3f4aa
fGn_0.85_n512,7256636247408319085,fGn_0.85_n512_r55,55,3394508811814420778,a45e0e43da03328922f27a6e30aac5f7fdb4b1c3bf1c23c11eb13820571be594
fGn_0.85_n512,17617587937020657106,fGn_0.85_n512_r56,56,17414480121610291568,f1f839c7eca55efd15518e3ac12de9e16175d6411dfb3839b6707f5bf7f1b0b5
fGn_0.85_n512,17281250228128339133,fGn_0.85_n512_r57,57,12046549443332821259,9e45c6f84d62b6efd58e557a81af50866c72b057d5a3ed407ca9cef8085e4c3a
fGn_0.85_n512,9130902070776145779,fGn_0.85_n512_r58,58,7124321316124785963,cdb4c9f8fa55d7431702f1177b1ef64865ce654d6fdb7b8a8377493c0001a108
fGn_0.85_n512,17443954109179539219,fGn_0.85_n512_r59,59,2954539464770403452,1d5f7c25aa95f8b623c923d0eb15b43a22ae8d1da3a1cf5033c5f9517f50dfe0
fGn_0.85_n512,9746301826664248856,fGn_0.85_n512_r60,60,11006092823460370954,258c4d5a72bf53756c140e798a4325408c248bbfda6d15bf43063cdccd2e130a
fGn_0.85_n512,1976593792668962266,fGn_0.85_n512_r61,61,807741588423314832,e852d8c0a8e59d8ae40d142340caa721e527a3477d9b00bbad4ec6f001b5c76f
fGn_0.85_n512,233078496196931026,fGn_0.85_n512_r62,62,6378111456000318594,aa93048c1e09ca0c0fdc334e951c45574f7ec0f4f8cbe46d6499bf795cba7e8f
fGn_0.85_n512,7155338129587788059,fGn_0.85_n512_r63,63,15883792540203031793,7fdcf8d3035cb94e3c7802030e6aff3d8e8a56a76952166991498ae5243d026a
fGn_0.85_n1024,11140356384590460731,fGn_0.85_n1024_r0,0,15810664072563806007,135721e7b35d756e1868f0a617ed7dbb7596e333a7d318db94c3ce0d573c29d3
fGn_0.85_n1024,9767453578885999179,fGn_0.85_n1024_r1,1,10395098545543876158,2dbeb39550aea10990f02075977a12851342d304b3b0133d2281fe799359e12c
fGn_0.85_n1024,18161531222378964652,fGn_0.85_n1024_r2,2,4038493583272989759,b7fe3290a8a8f21582847e33b249f681ab0aad0e90b926c12282ef8858aa6f58
fGn_0.85_n1024,11228397571310994390,fGn_0.85_n1024_r3,3,10812826795733899499,802599c828bb47d394255fe02e08f7bbe6f6a6964d7bc21a41b1288195e211c0
fGn_0.85_n1024,3158276875850222105,fGn_0.85_n1024_r4,4,4984519491486186165,ef3b3b968ed15bef7006a8d02b76723bb044c94c024e891bc96d2da15726f8e8
fGn_0.85_n1024,847428791067321513,fGn_0.85_n1024_r5,5,11257118683534147111,77f355cea546d4f65064bd32dbe36e47089779f007f9173542ee47d681ad34b0
fGn_0.85_n1024,15347197853852123168,fGn_0.85_n1024_r6,6,1882942092468179306,87f094df13d3aad47958fb5e70bc4870c57a20ae908f58687c6a87e6379515f9
fGn_0.85_n1024,8059838582405376751,fGn_0.85_n1024_r7,7,13958329097077393972,3c57713212dfa7ccaaa14628ec7c3c7b341b4ac01eebf4c815c208b107a8852f
fGn_0.85_n1024,10642579527096811150,fGn_0.85_n1024_r8,8,15434297695486269728,ac2fcce38387679fb98a9a6be8a83cb4318892448440772120346127a2d2ab58
fGn_0.85_n1024,11083866673818957876,fGn_0.85_n1024_r9,9,9842945794289089679,4e1df5b54b37a3bcdad98c6f28565850375e210de5e6b721ae9b998b663410bd
fGn_0.85_n1024,16378867514326906324,fGn_0.85_n1024_r10,10,3839245539331500004,328e32f50f97b65ae2b985b227bb94eea0dc3845ec1d75f9ab7bc3e07b18882f
fGn_0.85_n1024,17597891519245634323,fGn_0.85_n1024_r11,11,3270369153974684129,c9eb0d7cf1cfedbb8eddb0a99aa146686f82cb081ea7d6a23b7c6194de9df246
fGn_0.85_n1024,14181023042977828098,fGn_0.85_n1024_r12,12,1636342105247717212,045b636d600de07efdffae050adeaf27052f58399b87801d3f6735c93d86a770
fGn_0.85_n1024,11822255225364015139,fGn_0.85_n1024_r13,13,3303554266071503337,5967c9bcf08b76b2b5ad29e272b3acec96454e36c45684b9855cddf762441085
fGn_0.85_n1024,14435626786574248088,fGn_0.85_n1024_r14,14,8670001926850467859,d0c61ee01f986cd9c69c607b2af107b149185b940125428f69a6f7a8b692212c
fGn_0.85_n1024,16556587774268849652,fGn_0.85_n1024_r15,15,16664652953207357476,822ce06f632d38da751b3176d6d844d92ba5cb0bf2441a9ad5e10b80fb6a9e3e
fGn_0.85_n1024,245095854435004463,fGn_0.85_n1024_r16,16,5730474638352786698,0b64c494eee9f9607899d424532e4109c005bd945a16106b0889cc6ecf832012
fGn_0.85_n1024,4453569312911828419,fGn_0.85_n1024_r17,17,759923157546062928,961f1151dee8c01260b989de0b77ea7d954584dcc36d116f0d53150350a2f6c6
fGn_0.85_n1024,16531899257310191854,fGn_0.85_n1024_r18,18,5026002859545842392,02f6bd987d35592835fe60b71dc3554ac9a3a3c3de80ebcb955148f878c36b87
fGn_0.85_n1024,9614493788013476893,fGn_0.85_n1024_r19,19,14548881880361377105,bd3bbe15274e2462dd2a404fdf4b5523e15f01f6751c10a35b7e7c3edff901bf
fGn_0.85_n1024,3584197941706882657,fGn_0.85_n1024_r20,20,9178700555554276711,b1a02d544b7736fd774d253c2dc599bbc73b371b4dbfef008e1770a7139de696
fGn_0.85_n1024,7787652782058546947,fGn_0.85_n1024_r21,21,6605796211041777494,2348c0867cc35e47e12e6fcc1a6a7e5f213c4e796e53f21f298558cd3b1d87ad
fGn_0.85_n1024,12473573442586351583,fGn_0.85_n1024_r22,22,2606610704317116948,416dc712ec5ba3bc6b8d4f2dabe2de1640cbfb49c3d426024461f911582b1c14
fGn_0.85_n1024,6418707178831555607,fGn_0.85_n1024_r23,23,1776984165558251764,d02b24c6fc526e5ca14c88bb07700daf018f2d5396636b6386fa62e185440d0a
fGn_0.85_n1024,4090991126268540367,fGn_0.85_n1024_r24,24,3506911158787837995,30fb7912acb63c7338db80d62311d334f5d99d0aa033e7245be120dc53d4ee89
fGn_0.85_n1024,18040549637908883019,fGn_0.85_n1024_r25,25,7817813208736270786,c2329e54538948dbad92df87e992b72f11e91b752964bbfd36f8c1516a0e4afe
fGn_0.85_n1024,9226244731417130715,fGn_0.85_n1024_r26,26,13776099151704897623,abb4f6d881eedd8eb5cd3d1a11446dbb6ff3f6647033738210fba92b00c55ae1
fGn_0.85_n1024,583274368457083631,fGn_0.85_n1024_r27,27,13780037781501853085,0f7a0908bcd39f981a578c2bb038304484947ae5c8c765c91d10792432912b34
fGn_0.85_n1024,16552313331777731817,fGn_0.85_n1024_r28,28,15496004504289694569,2cb6eac9577832eecba1b81ab1dcf6d2330671c1d0b2ac3736300dee312b6655
fGn_0.85_n1024,7536498152805201332,fGn_0.85_n1024_r29,29,18071280134515055866,ce31f8a5935515a4d21d78647de1df90eba90bc461c1556756565f703a1f69dd
fGn_0.85_n1024,1726960265052624390,fGn_0.85_n1024_r30,30,5570943638676006808,467f43d506cdc54c8889b15a723ab753ecfdde3aed3258382c4ae59e4c41ce04
fGn_0.85_n1024,3897696972619170987,fGn_0.85_n1024_r31,31,2915618576533407846,bd5b1f6bad7944bbffde00559c42526c223fe7b619025e2b8b4a8c2057e5ae70
fGn_0.85_n1024,8534420542983718250,fGn_0.85_n1024_r32,32,17148275781982003552,817e2fe85529009e4fc05b693a0e4728ed62201ff42d6a367be04df2cbbb2fbb
fGn_0.85_n1024,9126970600308248862,fGn_0.85_n1024_r33,33,10454936317718857340,6a6c9ba675a4f666b78a8484335b74b4b6b84eebf96558bf73c00fd66b2cc4a0
fGn_0.85_n1024,11130289170991471400,fGn_0.85_n1024_r34,34,1700681174909350832,a8408c6599625ed022eb3b74e7b3b622d6dd9017cdccec5f3347818fb2b5e7b1
fGn_0.85_n1024,15806549651486646495,fGn_0.85_n1024_r35,35,12445362456237350377,19ea78e380bcbb394b9c8e099fb7dc91a4fa4b80e4c15e0522f474206e6e4733
fGn_0.85_n1024,5430841622223608778,fGn_0.85_n1024_r36,36,2726886584139075508,9e5a7e6219893f107e712e751aeb2a197f2be4e5f3cfe89a8c10a515a6da3fdd
fGn_0.85_n1024,3814236190824686211,fGn_0.85_n1024_r37,37,4632496297854140157,f8ae67146ab97775fa36bce14a6e541864f5812c037634a8305ff3e0467e47ee
fGn_0.85_n1024,92775786388687239,fGn_0.85_n1024_r38,38,14307581642572490786,de6850ec810fb36da52c8d47a17d1971c99e2f63fafa4a2f601be0f11a02a1c3
fGn_0.85_n1024,10775900174599269484,fGn_0.85_n1024_r39,39,15107626552096755951,56fbce5caf32462e3e95bcc9c96edd7a3ceec058f2426a8dac9237dca0f7a391
fGn_0.85_n1024,16850177633871323098,fGn_0.85_n1024_r40,40,8546895443575514139,3a4090ff888f89fb14bca9db6b088073f5c707b7b6d297700235b081e2e8ed7a
fGn_0.85_n1024,7204870250117674229,fGn_0.85_n1024_r41,41,17985197845922673568,ef83f7c5e618564f5fb9afba31ee8e07e599cbc9680755a3a227e94e88342156
fGn_0.85_n1024,15637930077146689504,fGn_0.85_n1024_r42,42,1108894473554562517,2335e3e369a067dfcd75ac873924f08271912d779cb912dec4ab7d91f09404f2
fGn_0.85_n1024,16551488948761948060,fGn_0.85_n1024_r43,43,10455891442532798197,4baaf522097143c2b9be85c2c6215c7cfb6d67210f1c8677c2856b352fc48d16
fGn_0.85_n1024,9013792092892970300,fGn_0.85_n1024_r44,44,375178402152113260,b26d91aaa6fe39b3524b7d4161f37cb9bd3f16ae8403416a9c3d0827274ca5d9
fGn_0.85_n1024,12886490173044822884,fGn_0.85_n1024_r45,45,7348121499721380265,16cd3dbd2ab89b96689b80825566e6e4faba6a930337784edf1e664ec0f1430d
fGn_0.85_n1024,15590554622801677779,fGn_0.85_n1024_r46,46,5013104627398342550,ee4fc7aebe2ea52ea22e998b4c1c518243355c511649114b6a19a4e711d3f687
fGn_0.85_n1024,10244684453181944882,fGn_0.85_n1024_r47,47,14486915586927445443,23aabab387e92242df8e4bd976fd9778efb92004155923f40882b34c3a44a792
fGn_0.85_n1024,16297355976422930104,fGn_0.85_n1024_r48,48,7262717263635770952,be22d2cc5b9f970a4ef983bba40d74936423178e262aa72084449c9a01a11362
fGn_0.85_n1024,13344079293330584441,fGn_0.85_n1024_r49,49,13723240906583438814,c237a3fca87566942730fc1ffdeee64312e81df12f5a9b5f7f8a74af14587f68
fGn_0.85_n1024,12523203875371043553,fGn_0.85_n1024_r50,50,8557904847222906787,93b710aa802671d7b06a4660b5c238f2cbe167c351c9e03eeb5e8920f64561bb
fGn_0.85_n1024,5277589155107556406,fGn_0.85_n1024_r51,51,11105540753943800291,f13372a3072a6b81945cbeda2f8b01519168511c1608da313c7f8bdb5af745ff
fGn_0.85_n1024,884263927891088205,fGn_0.85_n1024_r52,52,2760342395626266596,c90d1ad1182e901f6bb3752033fae399fc49c0d6b0cdf8ed81e8ebb46c63f3a8
fGn_0.85_n1024,12332213090324919409,fGn_0.85_n1024_r53,53,6899031251244182625,e58752bab58c37a68623edf542a9b9f180b50d9637e173448a0aef9b2ddd17ad
fGn_0.85_n1024,7639684961502139440,fGn_0.85_n1024_r54,54,14363743278618547839,769b2eb1e03c6ab439dc7163e719e7f57f3dd019a3e05459c3b9e20f64ff1b7b
fGn_0.85_n1024,10344693385232541099,fGn_0.85_n1024_r55,55,3453643672473926183,b27627a73296230bd3794d32b679345d74d8226a1355adc9dede7063f12af619
fGn_0.85_n1024,12739903016949580605,fGn_0.85_n1024_r56,56,7429664846679591830,3763ddadbeff3d3352fb1ce4ae94079614274009cf9965fc094c1979ddf1c48b
fGn_0.85_n1024,9045077873802250631,fGn_0.85_n1024_r57,57,6851267192589323876,76f55c32584e5892246f065fcbe0e452fd4c0217f28c4fb8fbeb2310b93aac1f
fGn_0.85_n1024,7199288433374026131,fGn_0.85_n1024_r58,58,4917553119240185748,a6694a538c29d08bca04c6bac5bfb78ef863d7cf77219f4154cfafbb41a7b325
fGn_0.85_n1024,16152504391075661564,fGn_0.85_n1024_r59,59,3186048907313559459,72f9cc1ad4d1e7bf53aedb6bc6f01086f812f7f97395b452d7ec01ff612c075c
fGn_0.85_n1024,17285694216719012099,fGn_0.85_n1024_r60,60,9209475464906564305,61c830d2824dccb05869fa68d91b7e1282824aee2b9afee4019548eafbcd5a8b
fGn_0.85_n1024,4522012388306324016,fGn_0.85_n1024_r61,61,2102813913571059703,92268473e5299bd940291cce4a45b5beebbf2d21cdc9ee12aac0766d25f559aa
fGn_0.85_n1024,9619764494248885021,fGn_0.85_n1024_r62,62,4090221040009516653,c9b354e1f8db4be60c89cc9f5fd1dba92c3128044e4c70ba686166dc1f2b2175
fGn_0.85_n1024,4229898664783080440,fGn_0.85_n1024_r63,63,1246867764403835667,5ef4ee9c66e86358e7ccf95564b5fe9b0d36b5db7f1da584217220e2da05dc20
