record_id,cell,failure,method,offset,point,point_difference,shifted_point,treatment
AR1_0.8_n1024_r0,AR1_0.8_n1024,,GPH,1.0,0.5265195570641761,0.0,0.5265195570641761,raw
AR1_0.8_n1024_r0,AR1_0.8_n1024,,Higuchi,1.0,0.7031720664879151,0.26985843773579155,0.9730305042237066,raw
AR1_0.8_n1024_r0,AR1_0.8_n1024,,GHE,1.0,0.7435331435684097,0.2269663202677331,0.9704994638361428,raw
AR1_0.8_n1024_r0,AR1_0.8_n1024,,GPH,1.0,0.5265195570641761,0.0,0.5265195570641761,centered
AR1_0.8_n1024_r0,AR1_0.8_n1024,,Higuchi,1.0,0.7008105391247303,0.0,0.7008105391247303,centered
AR1_0.8_n1024_r0,AR1_0.8_n1024,,GHE,1.0,0.7409207414490668,0.0,0.7409207414490668,centered
AR1_0.8_n1024_r1,AR1_0.8_n1024,,GPH,1.0,0.5982604664543438,0.0,0.5982604664543438,raw
AR1_0.8_n1024_r1,AR1_0.8_n1024,,Higuchi,1.0,0.7969717125899125,0.14508389873600303,0.9420556113259155,raw
AR1_0.8_n1024_r1,AR1_0.8_n1024,,GHE,1.0,0.8194410688334586,0.1263620123671283,0.9458030812005869,raw
AR1_0.8_n1024_r1,AR1_0.8_n1024,,GPH,1.0,0.5982604664543438,0.0,0.5982604664543438,centered
AR1_0.8_n1024_r1,AR1_0.8_n1024,,Higuchi,1.0,0.7970056533950056,-4.440892098500626e-16,0.7970056533950052,centered
AR1_0.8_n1024_r1,AR1_0.8_n1024,,GHE,1.0,0.8194075528443469,2.220446049250313e-16,0.8194075528443471,centered
AR1_0.8_n1024_r10,AR1_0.8_n1024,,GPH,1.0,0.553385540028423,0.0,0.553385540028423,raw
AR1_0.8_n1024_r10,AR1_0.8_n1024,,Higuchi,1.0,0.75454531762983,0.19189677801336558,0.9464420956431956,raw
AR1_0.8_n1024_r10,AR1_0.8_n1024,,GHE,1.0,0.7818993600669484,0.1654113614556223,0.9473107215225707,raw
AR1_0.8_n1024_r10,AR1_0.8_n1024,,GPH,1.0,0.5533855400284231,-1.1102230246251565e-16,0.553385540028423,centered
AR1_0.8_n1024_r10,AR1_0.8_n1024,,Higuchi,1.0,0.753725825765595,-2.220446049250313e-16,0.7537258257655948,centered
AR1_0.8_n1024_r10,AR1_0.8_n1024,,GHE,1.0,0.7805053388361473,-2.220446049250313e-16,0.780505338836147,centered
AR1_0.8_n1024_r11,AR1_0.8_n1024,,GPH,1.0,0.5897073136789193,0.0,0.5897073136789193,raw
AR1_0.8_n1024_r11,AR1_0.8_n1024,,Higuchi,1.0,0.7893400991351613,0.14474110171509125,0.9340812008502526,raw
AR1_0.8_n1024_r11,AR1_0.8_n1024,,GHE,1.0,0.8120088151117197,0.12448744785076626,0.936496262962486,raw
AR1_0.8_n1024_r11,AR1_0.8_n1024,,GPH,1.0,0.5897073136789193,0.0,0.5897073136789193,centered
AR1_0.8_n1024_r11,AR1_0.8_n1024,,Higuchi,1.0,0.7837621915978461,-4.440892098500626e-16,0.7837621915978457,centered
AR1_0.8_n1024_r11,AR1_0.8_n1024,,GHE,1.0,0.8070266876416572,1.1102230246251565e-16,0.8070266876416573,centered
AR1_0.8_n1024_r12,AR1_0.8_n1024,,GPH,1.0,0.638845542541036,0.0,0.638845542541036,raw
AR1_0.8_n1024_r12,AR1_0.8_n1024,,Higuchi,1.0,0.7508099432729158,0.20498426555103766,0.9557942088239535,raw
AR1_0.8_n1024_r12,AR1_0.8_n1024,,GHE,1.0,0.7817145630397462,0.17412613394733334,0.9558406969870795,raw
AR1_0.8_n1024_r12,AR1_0.8_n1024,,GPH,1.0,0.638845542541036,0.0,0.638845542541036,centered
AR1_0.8_n1024_r12,AR1_0.8_n1024,,Higuchi,1.0,0.743053042733584,0.0,0.743053042733584,centered
AR1_0.8_n1024_r12,AR1_0.8_n1024,,GHE,1.0,0.7752385774540551,-2.220446049250313e-16,0.7752385774540549,centered
AR1_0.8_n1024_r13,AR1_0.8_n1024,,GPH,1.0,0.6767533077249503,0.0,0.6767533077249503,raw
AR1_0.8_n1024_r13,AR1_0.8_n1024,,Higuchi,1.0,0.7253927273264429,0.21987708363863456,0.9452698109650775,raw
AR1_0.8_n1024_r13,AR1_0.8_n1024,,GHE,1.0,0.7514015224883355,0.19130784730526973,0.9427093697936052,raw
AR1_0.8_n1024_r13,AR1_0.8_n1024,,GPH,1.0,0.6767533077249503,0.0,0.6767533077249503,centered
AR1_0.8_n1024_r13,AR1_0.8_n1024,,Higuchi,1.0,0.6873638665009922,0.0,0.6873638665009922,centered
AR1_0.8_n1024_r13,AR1_0.8_n1024,,GHE,1.0,0.7188348249732556,1.1102230246251565e-16,0.7188348249732557,centered
AR1_0.8_n1024_r14,AR1_0.8_n1024,,GPH,1.0,0.3542650227340628,-5.551115123125783e-17,0.35426502273406274,raw
AR1_0.8_n1024_r14,AR1_0.8_n1024,,Higuchi,1.0,0.6556013069303026,0.30845110624199723,0.9640524131722998,raw
AR1_0.8_n1024_r14,AR1_0.8_n1024,,GHE,1.0,0.7150004101587801,0.2470515445262429,0.962051954685023,raw
AR1_0.8_n1024_r14,AR1_0.8_n1024,,GPH,1.0,0.3542650227340628,-5.551115123125783e-17,0.35426502273406274,centered
AR1_0.8_n1024_r14,AR1_0.8_n1024,,Higuchi,1.0,0.6451300202317409,0.0,0.6451300202317409,centered
AR1_0.8_n1024_r14,AR1_0.8_n1024,,GHE,1.0,0.7066104773600379,1.1102230246251565e-16,0.706610477360038,centered
AR1_0.8_n1024_r15,AR1_0.8_n1024,,GPH,1.0,0.7543862566743739,0.0,0.7543862566743739,raw
AR1_0.8_n1024_r15,AR1_0.8_n1024,,Higuchi,1.0,0.8273806657530771,0.14043117537771188,0.967811841130789,raw
AR1_0.8_n1024_r15,AR1_0.8_n1024,,GHE,1.0,0.8406876038234375,0.12616358419578622,0.9668511880192238,raw
AR1_0.8_n1024_r15,AR1_0.8_n1024,,GPH,1.0,0.7543862566743739,0.0,0.7543862566743739,centered
AR1_0.8_n1024_r15,AR1_0.8_n1024,,Higuchi,1.0,0.8250276920080979,0.0,0.8250276920080979,centered
AR1_0.8_n1024_r15,AR1_0.8_n1024,,GHE,1.0,0.8395471910225595,-1.1102230246251565e-16,0.8395471910225594,centered
AR1_0.8_n1024_r16,AR1_0.8_n1024,,GPH,1.0,0.3899032241574162,5.551115123125783e-17,0.38990322415741624,raw
AR1_0.8_n1024_r16,AR1_0.8_n1024,,Higuchi,1.0,0.7326875710983707,0.20840126995612973,0.9410888410545004,raw
AR1_0.8_n1024_r16,AR1_0.8_n1024,,GHE,1.0,0.7671919087449489,0.17490638231038158,0.9420982910553305,raw
AR1_0.8_n1024_r16,AR1_0.8_n1024,,GPH,1.0,0.38990322415741624,0.0,0.38990322415741624,centered
AR1_0.8_n1024_r16,AR1_0.8_n1024,,Higuchi,1.0,0.7336529959547009,0.0,0.7336529959547009,centered
AR1_0.8_n1024_r16,AR1_0.8_n1024,,GHE,1.0,0.7676593365107024,-3.3306690738754696e-16,0.7676593365107021,centered
AR1_0.8_n1024_r17,AR1_0.8_n1024,,GPH,1.0,0.3614874305469187,2.220446049250313e-16,0.3614874305469189,raw
AR1_0.8_n1024_r17,AR1_0.8_n1024,,Higuchi,1.0,0.7875138108823776,0.18609305279771027,0.9736068636800879,raw
AR1_0.8_n1024_r17,AR1_0.8_n1024,,GHE,1.0,0.8113178724621485,0.16068294361464464,0.9720008160767931,raw
AR1_0.8_n1024_r17,AR1_0.8_n1024,,GPH,1.0,0.3614874305469187,2.7755575615628914e-16,0.36148743054691895,centered
AR1_0.8_n1024_r17,AR1_0.8_n1024,,Higuchi,1.0,0.77916403071758,0.0,0.77916403071758,centered
AR1_0.8_n1024_r17,AR1_0.8_n1024,,GHE,1.0,0.8047477155521386,0.0,0.8047477155521386,centered
AR1_0.8_n1024_r18,AR1_0.8_n1024,,GPH,1.0,0.5965538405501788,-1.1102230246251565e-16,0.5965538405501787,raw
AR1_0.8_n1024_r18,AR1_0.8_n1024,,Higuchi,1.0,0.7422005773989071,0.19847818671979622,0.9406787641187033,raw
AR1_0.8_n1024_r18,AR1_0.8_n1024,,GHE,1.0,0.7691926321468082,0.16880625268995852,0.9379988848367667,raw
AR1_0.8_n1024_r18,AR1_0.8_n1024,,GPH,1.0,0.5965538405501787,0.0,0.5965538405501787,centered
AR1_0.8_n1024_r18,AR1_0.8_n1024,,Higuchi,1.0,0.7330639810218251,0.0,0.7330639810218251,centered
AR1_0.8_n1024_r18,AR1_0.8_n1024,,GHE,1.0,0.762127554386869,0.0,0.762127554386869,centered
AR1_0.8_n1024_r19,AR1_0.8_n1024,,GPH,1.0,0.39747329311516055,0.0,0.39747329311516055,raw
AR1_0.8_n1024_r19,AR1_0.8_n1024,,Higuchi,1.0,0.7282687880218193,0.2329965830112688,0.9612653710330881,raw
AR1_0.8_n1024_r19,AR1_0.8_n1024,,GHE,1.0,0.7613200578102433,0.20055564342828291,0.9618757012385262,raw
AR1_0.8_n1024_r19,AR1_0.8_n1024,,GPH,1.0,0.39747329311516055,0.0,0.39747329311516055,centered
AR1_0.8_n1024_r19,AR1_0.8_n1024,,Higuchi,1.0,0.7241836730201832,0.0,0.7241836730201832,centered
AR1_0.8_n1024_r19,AR1_0.8_n1024,,GHE,1.0,0.7583984525668445,0.0,0.7583984525668445,centered
AR1_0.8_n1024_r2,AR1_0.8_n1024,,GPH,1.0,0.6687940385916116,0.0,0.6687940385916116,raw
AR1_0.8_n1024_r2,AR1_0.8_n1024,,Higuchi,1.0,0.7641451159616695,0.18823197507619804,0.9523770910378675,raw
AR1_0.8_n1024_r2,AR1_0.8_n1024,,GHE,1.0,0.7893494017035715,0.1636345272851576,0.9529839289887291,raw
AR1_0.8_n1024_r2,AR1_0.8_n1024,,GPH,1.0,0.6687940385916116,0.0,0.6687940385916116,centered
AR1_0.8_n1024_r2,AR1_0.8_n1024,,Higuchi,1.0,0.7631424000423503,0.0,0.7631424000423503,centered
AR1_0.8_n1024_r2,AR1_0.8_n1024,,GHE,1.0,0.7882944316465678,0.0,0.7882944316465678,centered
AR1_0.8_n1024_r20,AR1_0.8_n1024,,GPH,1.0,0.5034540832337688,0.0,0.5034540832337688,raw
AR1_0.8_n1024_r20,AR1_0.8_n1024,,Higuchi,1.0,0.7861981888899419,0.13413549803935387,0.9203336869292957,raw
AR1_0.8_n1024_r20,AR1_0.8_n1024,,GHE,1.0,0.8103178766234191,0.11713171413441492,0.9274495907578341,raw
AR1_0.8_n1024_r20,AR1_0.8_n1024,,GPH,1.0,0.5034540832337688,0.0,0.5034540832337688,centered
AR1_0.8_n1024_r20,AR1_0.8_n1024,,Higuchi,1.0,0.7787819221470325,0.0,0.7787819221470325,centered
AR1_0.8_n1024_r20,AR1_0.8_n1024,,GHE,1.0,0.8059818164123057,1.1102230246251565e-16,0.8059818164123058,centered
AR1_0.8_n1024_r21,AR1_0.8_n1024,,GPH,1.0,0.5911488540263727,0.0,0.5911488540263727,raw
AR1_0.8_n1024_r21,AR1_0.8_n1024,,Higuchi,1.0,0.7884868922465522,0.15064617704231953,0.9391330692888717,raw
AR1_0.8_n1024_r21,AR1_0.8_n1024,,GHE,1.0,0.8078487033846062,0.13385288072581003,0.9417015841104163,raw
AR1_0.8_n1024_r21,AR1_0.8_n1024,,GPH,1.0,0.5911488540263727,0.0,0.5911488540263727,centered
AR1_0.8_n1024_r21,AR1_0.8_n1024,,Higuchi,1.0,0.7929168458169675,0.0,0.7929168458169675,centered
AR1_0.8_n1024_r21,AR1_0.8_n1024,,GHE,1.0,0.8103912588578538,0.0,0.8103912588578538,centered
AR1_0.8_n1024_r22,AR1_0.8_n1024,,GPH,1.0,0.5774743479728498,0.0,0.5774743479728498,raw
AR1_0.8_n1024_r22,AR1_0.8_n1024,,Higuchi,1.0,0.7459405783910171,0.204996800853404,0.9509373792444211,raw
AR1_0.8_n1024_r22,AR1_0.8_n1024,,GHE,1.0,0.7759371892116197,0.17653332463116966,0.9524705138427894,raw
AR1_0.8_n1024_r22,AR1_0.8_n1024,,GPH,1.0,0.5774743479728498,0.0,0.5774743479728498,centered
AR1_0.8_n1024_r22,AR1_0.8_n1024,,Higuchi,1.0,0.7430623308364037,0.0,0.7430623308364037,centered
AR1_0.8_n1024_r22,AR1_0.8_n1024,,GHE,1.0,0.774193035119687,0.0,0.774193035119687,centered
AR1_0.8_n1024_r23,AR1_0.8_n1024,,GPH,1.0,0.595577410580125,0.0,0.595577410580125,raw
AR1_0.8_n1024_r23,AR1_0.8_n1024,,Higuchi,1.0,0.6979698543067041,0.24131215449356502,0.9392820088002691,raw
AR1_0.8_n1024_r23,AR1_0.8_n1024,,GHE,1.0,0.7419863120362457,0.19821165165568444,0.9401979636919301,raw
AR1_0.8_n1024_r23,AR1_0.8_n1024,,GPH,1.0,0.595577410580125,0.0,0.595577410580125,centered
AR1_0.8_n1024_r23,AR1_0.8_n1024,,Higuchi,1.0,0.6947471693530747,0.0,0.6947471693530747,centered
AR1_0.8_n1024_r23,AR1_0.8_n1024,,GHE,1.0,0.7384964950329738,-2.220446049250313e-16,0.7384964950329735,centered
AR1_0.8_n1024_r24,AR1_0.8_n1024,,GPH,1.0,0.755870338760626,0.0,0.755870338760626,raw
AR1_0.8_n1024_r24,AR1_0.8_n1024,,Higuchi,1.0,0.784814511150765,0.16518490341078085,0.9499994145615458,raw
AR1_0.8_n1024_r24,AR1_0.8_n1024,,GHE,1.0,0.8063985492550576,0.14651335485584338,0.952911904110901,raw
AR1_0.8_n1024_r24,AR1_0.8_n1024,,GPH,1.0,0.755870338760626,0.0,0.755870338760626,centered
AR1_0.8_n1024_r24,AR1_0.8_n1024,,Higuchi,1.0,0.7943532747607067,0.0,0.7943532747607067,centered
AR1_0.8_n1024_r24,AR1_0.8_n1024,,GHE,1.0,0.8135837294599578,0.0,0.8135837294599578,centered
AR1_0.8_n1024_r25,AR1_0.8_n1024,,GPH,1.0,0.62272734335532,0.0,0.62272734335532,raw
AR1_0.8_n1024_r25,AR1_0.8_n1024,,Higuchi,1.0,0.7620124880660357,0.17383186714528387,0.9358443552113196,raw
AR1_0.8_n1024_r25,AR1_0.8_n1024,,GHE,1.0,0.7853021757744265,0.15161292787935798,0.9369151036537845,raw
AR1_0.8_n1024_r25,AR1_0.8_n1024,,GPH,1.0,0.6227273433553199,0.0,0.6227273433553199,centered
AR1_0.8_n1024_r25,AR1_0.8_n1024,,Higuchi,1.0,0.7618038475953901,0.0,0.7618038475953901,centered
AR1_0.8_n1024_r25,AR1_0.8_n1024,,GHE,1.0,0.7842490522500076,-1.1102230246251565e-16,0.7842490522500075,centered
AR1_0.8_n1024_r26,AR1_0.8_n1024,,GPH,1.0,0.5839503209812096,0.0,0.5839503209812096,raw
AR1_0.8_n1024_r26,AR1_0.8_n1024,,Higuchi,1.0,0.7140912663061323,0.23192990634124877,0.9460211726473811,raw
AR1_0.8_n1024_r26,AR1_0.8_n1024,,GHE,1.0,0.7514095323663748,0.19315070944756452,0.9445602418139393,raw
AR1_0.8_n1024_r26,AR1_0.8_n1024,,GPH,1.0,0.5839503209812096,0.0,0.5839503209812096,centered
AR1_0.8_n1024_r26,AR1_0.8_n1024,,Higuchi,1.0,0.7117031455312812,0.0,0.7117031455312812,centered
AR1_0.8_n1024_r26,AR1_0.8_n1024,,GHE,1.0,0.749568749230648,0.0,0.749568749230648,centered
AR1_0.8_n1024_r27,AR1_0.8_n1024,,GPH,1.0,0.6396612263454067,0.0,0.6396612263454067,raw
AR1_0.8_n1024_r27,AR1_0.8_n1024,,Higuchi,1.0,0.7065203326405831,0.23976766362805502,0.9462879962686381,raw
AR1_0.8_n1024_r27,AR1_0.8_n1024,,GHE,1.0,0.7394213401192713,0.20532745826893717,0.9447487983882085,raw
AR1_0.8_n1024_r27,AR1_0.8_n1024,,GPH,1.0,0.6396612263454067,0.0,0.6396612263454067,centered
AR1_0.8_n1024_r27,AR1_0.8_n1024,,Higuchi,1.0,0.7065193286536573,-2.220446049250313e-16,0.7065193286536571,centered
AR1_0.8_n1024_r27,AR1_0.8_n1024,,GHE,1.0,0.7394261505119043,2.220446049250313e-16,0.7394261505119045,centered
AR1_0.8_n1024_r28,AR1_0.8_n1024,,GPH,1.0,0.3894491785259959,5.551115123125783e-17,0.389449178525996,raw
AR1_0.8_n1024_r28,AR1_0.8_n1024,,Higuchi,1.0,0.6896253849667928,0.25891572352392167,0.9485411084907145,raw
AR1_0.8_n1024_r28,AR1_0.8_n1024,,GHE,1.0,0.7250935759864616,0.22664266883532458,0.9517362448217862,raw
AR1_0.8_n1024_r28,AR1_0.8_n1024,,GPH,1.0,0.389449178525996,5.551115123125783e-17,0.38944917852599603,centered
AR1_0.8_n1024_r28,AR1_0.8_n1024,,Higuchi,1.0,0.6854724771497032,0.0,0.6854724771497032,centered
AR1_0.8_n1024_r28,AR1_0.8_n1024,,GHE,1.0,0.7227040518993109,0.0,0.7227040518993109,centered
AR1_0.8_n1024_r29,AR1_0.8_n1024,,GPH,1.0,0.6427626794571983,0.0,0.6427626794571983,raw
AR1_0.8_n1024_r29,AR1_0.8_n1024,,Higuchi,1.0,0.7738806897862163,0.2055534742153624,0.9794341640015787,raw
AR1_0.8_n1024_r29,AR1_0.8_n1024,,GHE,1.0,0.7945763283614572,0.1834728389440351,0.9780491673054923,raw
AR1_0.8_n1024_r29,AR1_0.8_n1024,,GPH,1.0,0.6427626794571983,0.0,0.6427626794571983,centered
AR1_0.8_n1024_r29,AR1_0.8_n1024,,Higuchi,1.0,0.7613176305902474,0.0,0.7613176305902474,centered
AR1_0.8_n1024_r29,AR1_0.8_n1024,,GHE,1.0,0.7806443897276067,-1.1102230246251565e-16,0.7806443897276066,centered
AR1_0.8_n1024_r3,AR1_0.8_n1024,,GPH,1.0,0.46434425780176003,0.0,0.46434425780176003,raw
AR1_0.8_n1024_r3,AR1_0.8_n1024,,Higuchi,1.0,0.7388149456880992,0.22534633438457918,0.9641612800726784,raw
AR1_0.8_n1024_r3,AR1_0.8_n1024,,GHE,1.0,0.772170625252271,0.19200952997747456,0.9641801552297455,raw
AR1_0.8_n1024_r3,AR1_0.8_n1024,,GPH,1.0,0.46434425780176003,0.0,0.46434425780176003,centered
AR1_0.8_n1024_r3,AR1_0.8_n1024,,Higuchi,1.0,0.7410399751972196,0.0,0.7410399751972196,centered
AR1_0.8_n1024_r3,AR1_0.8_n1024,,GHE,1.0,0.7739188112592794,2.220446049250313e-16,0.7739188112592796,centered
AR1_0.8_n1024_r30,AR1_0.8_n1024,,GPH,1.0,0.4304292373143998,0.0,0.4304292373143998,raw
AR1_0.8_n1024_r30,AR1_0.8_n1024,,Higuchi,1.0,0.7589457603414023,0.20682661365775945,0.9657723739991617,raw
AR1_0.8_n1024_r30,AR1_0.8_n1024,,GHE,1.0,0.7833749112083715,0.1821920571957213,0.9655669684040928,raw
AR1_0.8_n1024_r30,AR1_0.8_n1024,,GPH,1.0,0.4304292373143998,-5.551115123125783e-17,0.43042923731439975,centered
AR1_0.8_n1024_r30,AR1_0.8_n1024,,Higuchi,1.0,0.760106658707455,0.0,0.760106658707455,centered
AR1_0.8_n1024_r30,AR1_0.8_n1024,,GHE,1.0,0.7835413200706215,0.0,0.7835413200706215,centered
AR1_0.8_n1024_r31,AR1_0.8_n1024,,GPH,1.0,0.4987622382504244,5.551115123125783e-17,0.49876223825042443,raw
AR1_0.8_n1024_r31,AR1_0.8_n1024,,Higuchi,1.0,0.7759153842508246,0.17801157691407088,0.9539269611648955,raw
AR1_0.8_n1024_r31,AR1_0.8_n1024,,GHE,1.0,0.802413315399573,0.15311558205833942,0.9555288974579124,raw
AR1_0.8_n1024_r31,AR1_0.8_n1024,,GPH,1.0,0.4987622382504244,5.551115123125783e-17,0.49876223825042443,centered
AR1_0.8_n1024_r31,AR1_0.8_n1024,,Higuchi,1.0,0.7711978260058676,0.0,0.7711978260058676,centered
AR1_0.8_n1024_r31,AR1_0.8_n1024,,GHE,1.0,0.7993921210744874,2.220446049250313e-16,0.7993921210744876,centered
AR1_0.8_n1024_r32,AR1_0.8_n1024,,GPH,1.0,0.6879997363127305,0.0,0.6879997363127305,raw
AR1_0.8_n1024_r32,AR1_0.8_n1024,,Higuchi,1.0,0.7804923056356146,0.19595092746438048,0.976443233099995,raw
AR1_0.8_n1024_r32,AR1_0.8_n1024,,GHE,1.0,0.802833719235495,0.1729849400994795,0.9758186593349745,raw
AR1_0.8_n1024_r32,AR1_0.8_n1024,,GPH,1.0,0.6879997363127304,1.1102230246251565e-16,0.6879997363127305,centered
AR1_0.8_n1024_r32,AR1_0.8_n1024,,Higuchi,1.0,0.7615540133397505,0.0,0.7615540133397505,centered
AR1_0.8_n1024_r32,AR1_0.8_n1024,,GHE,1.0,0.7873078924245598,-1.1102230246251565e-16,0.7873078924245597,centered
AR1_0.8_n1024_r33,AR1_0.8_n1024,,GPH,1.0,0.6098394577449571,0.0,0.6098394577449571,raw
AR1_0.8_n1024_r33,AR1_0.8_n1024,,Higuchi,1.0,0.7843910004989796,0.18758784439063847,0.971978844889618,raw
AR1_0.8_n1024_r33,AR1_0.8_n1024,,GHE,1.0,0.8095609428663308,0.16086020496272524,0.9704211478290561,raw
AR1_0.8_n1024_r33,AR1_0.8_n1024,,GPH,1.0,0.6098394577449571,0.0,0.6098394577449571,centered
AR1_0.8_n1024_r33,AR1_0.8_n1024,,Higuchi,1.0,0.7849175992254538,0.0,0.7849175992254538,centered
AR1_0.8_n1024_r33,AR1_0.8_n1024,,GHE,1.0,0.8096039148528794,0.0,0.8096039148528794,centered
AR1_0.8_n1024_r34,AR1_0.8_n1024,,GPH,1.0,0.5925877915206869,1.1102230246251565e-16,0.592587791520687,raw
AR1_0.8_n1024_r34,AR1_0.8_n1024,,Higuchi,1.0,0.7850643311673975,0.18000122784380612,0.9650655590112036,raw
AR1_0.8_n1024_r34,AR1_0.8_n1024,,GHE,1.0,0.8107564304211731,0.15373490842409776,0.9644913388452708,raw
AR1_0.8_n1024_r34,AR1_0.8_n1024,,GPH,1.0,0.5925877915206869,1.1102230246251565e-16,0.592587791520687,centered
AR1_0.8_n1024_r34,AR1_0.8_n1024,,Higuchi,1.0,0.7873879362225009,2.220446049250313e-16,0.7873879362225011,centered
AR1_0.8_n1024_r34,AR1_0.8_n1024,,GHE,1.0,0.8121415552911945,0.0,0.8121415552911945,centered
AR1_0.8_n1024_r35,AR1_0.8_n1024,,GPH,1.0,0.3096046238758177,5.551115123125783e-17,0.3096046238758178,raw
AR1_0.8_n1024_r35,AR1_0.8_n1024,,Higuchi,1.0,0.7198787689575552,0.21309479237287432,0.9329735613304295,raw
AR1_0.8_n1024_r35,AR1_0.8_n1024,,GHE,1.0,0.7516625400846145,0.18407964428806145,0.935742184372676,raw
AR1_0.8_n1024_r35,AR1_0.8_n1024,,GPH,1.0,0.3096046238758177,5.551115123125783e-17,0.3096046238758178,centered
AR1_0.8_n1024_r35,AR1_0.8_n1024,,Higuchi,1.0,0.7039089742480473,0.0,0.7039089742480473,centered
AR1_0.8_n1024_r35,AR1_0.8_n1024,,GHE,1.0,0.7391073500352947,0.0,0.7391073500352947,centered
AR1_0.8_n1024_r36,AR1_0.8_n1024,,GPH,1.0,0.5282189586550518,0.0,0.5282189586550518,raw
AR1_0.8_n1024_r36,AR1_0.8_n1024,,Higuchi,1.0,0.7392850991881081,0.22753360081105,0.9668186999991581,raw
AR1_0.8_n1024_r36,AR1_0.8_n1024,,GHE,1.0,0.7646723727895582,0.2031339761304657,0.9678063489200239,raw
AR1_0.8_n1024_r36,AR1_0.8_n1024,,GPH,1.0,0.5282189586550518,-1.1102230246251565e-16,0.5282189586550516,centered
AR1_0.8_n1024_r36,AR1_0.8_n1024,,Higuchi,1.0,0.7325879178691725,0.0,0.7325879178691725,centered
AR1_0.8_n1024_r36,AR1_0.8_n1024,,GHE,1.0,0.7559773891070137,0.0,0.7559773891070137,centered
AR1_0.8_n1024_r37,AR1_0.8_n1024,,GPH,1.0,0.5509849076149562,0.0,0.5509849076149562,raw
AR1_0.8_n1024_r37,AR1_0.8_n1024,,Higuchi,1.0,0.7153084373972749,0.24309770992210167,0.9584061473193766,raw
AR1_0.8_n1024_r37,AR1_0.8_n1024,,GHE,1.0,0.7539989740710402,0.2030100481899323,0.9570090222609725,raw
AR1_0.8_n1024_r37,AR1_0.8_n1024,,GPH,1.0,0.5509849076149562,-1.1102230246251565e-16,0.5509849076149561,centered
AR1_0.8_n1024_r37,AR1_0.8_n1024,,Higuchi,1.0,0.7158230469989826,2.220446049250313e-16,0.7158230469989828,centered
AR1_0.8_n1024_r37,AR1_0.8_n1024,,GHE,1.0,0.7548078147317189,2.220446049250313e-16,0.7548078147317191,centered
AR1_0.8_n1024_r38,AR1_0.8_n1024,,GPH,1.0,0.5462871970662582,0.0,0.5462871970662582,raw
AR1_0.8_n1024_r38,AR1_0.8_n1024,,Higuchi,1.0,0.7991829496069769,0.13389209566591997,0.9330750452728969,raw
AR1_0.8_n1024_r38,AR1_0.8_n1024,,GHE,1.0,0.8199560162079529,0.11099515534212201,0.9309511715500749,raw
AR1_0.8_n1024_r38,AR1_0.8_n1024,,GPH,1.0,0.5462871970662582,0.0,0.5462871970662582,centered
AR1_0.8_n1024_r38,AR1_0.8_n1024,,Higuchi,1.0,0.7843806987476833,0.0,0.7843806987476833,centered
AR1_0.8_n1024_r38,AR1_0.8_n1024,,GHE,1.0,0.8075763463979891,0.0,0.8075763463979891,centered
AR1_0.8_n1024_r39,AR1_0.8_n1024,,GPH,1.0,0.6602958475212675,1.1102230246251565e-16,0.6602958475212676,raw
AR1_0.8_n1024_r39,AR1_0.8_n1024,,Higuchi,1.0,0.7728382968375203,0.1904314525896842,0.9632697494272044,raw
AR1_0.8_n1024_r39,AR1_0.8_n1024,,GHE,1.0,0.7913453239559931,0.17061719365607253,0.9619625176120656,raw
AR1_0.8_n1024_r39,AR1_0.8_n1024,,GPH,1.0,0.6602958475212676,0.0,0.6602958475212676,centered
AR1_0.8_n1024_r39,AR1_0.8_n1024,,Higuchi,1.0,0.7728139473662163,0.0,0.7728139473662163,centered
AR1_0.8_n1024_r39,AR1_0.8_n1024,,GHE,1.0,0.7913256773454618,0.0,0.7913256773454618,centered
AR1_0.8_n1024_r4,AR1_0.8_n1024,,GPH,1.0,0.8370938167311224,0.0,0.8370938167311224,raw
AR1_0.8_n1024_r4,AR1_0.8_n1024,,Higuchi,1.0,0.8172150118114776,0.1329069877559319,0.9501219995674095,raw
AR1_0.8_n1024_r4,AR1_0.8_n1024,,GHE,1.0,0.8322068398225302,0.11906855447061293,0.9512753942931431,raw
AR1_0.8_n1024_r4,AR1_0.8_n1024,,GPH,1.0,0.8370938167311224,0.0,0.8370938167311224,centered
AR1_0.8_n1024_r4,AR1_0.8_n1024,,Higuchi,1.0,0.8115674548459,0.0,0.8115674548459,centered
AR1_0.8_n1024_r4,AR1_0.8_n1024,,GHE,1.0,0.8281169057467017,0.0,0.8281169057467017,centered
AR1_0.8_n1024_r40,AR1_0.8_n1024,,GPH,1.0,0.4821703725327783,-5.551115123125783e-17,0.4821703725327782,raw
AR1_0.8_n1024_r40,AR1_0.8_n1024,,Higuchi,1.0,0.7092453832489769,0.2300042618278817,0.9392496450768586,raw
AR1_0.8_n1024_r40,AR1_0.8_n1024,,GHE,1.0,0.7449846596378755,0.19771863017530134,0.9427032898131769,raw
AR1_0.8_n1024_r40,AR1_0.8_n1024,,GPH,1.0,0.4821703725327783,-5.551115123125783e-17,0.4821703725327782,centered
AR1_0.8_n1024_r40,AR1_0.8_n1024,,Higuchi,1.0,0.7022356489967558,0.0,0.7022356489967558,centered
AR1_0.8_n1024_r40,AR1_0.8_n1024,,GHE,1.0,0.7398276697423651,0.0,0.7398276697423651,centered
AR1_0.8_n1024_r41,AR1_0.8_n1024,,GPH,1.0,0.7808275042650128,0.0,0.7808275042650128,raw
AR1_0.8_n1024_r41,AR1_0.8_n1024,,Higuchi,1.0,0.7890981571419386,0.17045359177093822,0.9595517489128769,raw
AR1_0.8_n1024_r41,AR1_0.8_n1024,,GHE,1.0,0.8134037926011686,0.14728939321702839,0.960693185818197,raw
AR1_0.8_n1024_r41,AR1_0.8_n1024,,GPH,1.0,0.7808275042650128,0.0,0.7808275042650128,centered
AR1_0.8_n1024_r41,AR1_0.8_n1024,,Higuchi,1.0,0.7877538274634159,0.0,0.7877538274634159,centered
AR1_0.8_n1024_r41,AR1_0.8_n1024,,GHE,1.0,0.8122675919060104,2.220446049250313e-16,0.8122675919060106,centered
AR1_0.8_n1024_r42,AR1_0.8_n1024,,GPH,1.0,0.2981876459225816,0.0,0.2981876459225816,raw
AR1_0.8_n1024_r42,AR1_0.8_n1024,,Higuchi,1.0,0.7342314189805148,0.18595257166061385,0.9201839906411287,raw
AR1_0.8_n1024_r42,AR1_0.8_n1024,,GHE,1.0,0.7676511026753151,0.15434652526492298,0.9219976279402381,raw
AR1_0.8_n1024_r42,AR1_0.8_n1024,,GPH,1.0,0.2981876459225816,5.551115123125783e-17,0.2981876459225817,centered
AR1_0.8_n1024_r42,AR1_0.8_n1024,,Higuchi,1.0,0.7096342443049202,0.0,0.7096342443049202,centered
AR1_0.8_n1024_r42,AR1_0.8_n1024,,GHE,1.0,0.7489100285415285,0.0,0.7489100285415285,centered
AR1_0.8_n1024_r43,AR1_0.8_n1024,,GPH,1.0,0.4086591934199386,-5.551115123125783e-17,0.40865919341993856,raw
AR1_0.8_n1024_r43,AR1_0.8_n1024,,Higuchi,1.0,0.7633386168143337,0.20634091764842033,0.969679534462754,raw
AR1_0.8_n1024_r43,AR1_0.8_n1024,,GHE,1.0,0.792302228255537,0.17701169567475816,0.9693139239302951,raw
AR1_0.8_n1024_r43,AR1_0.8_n1024,,GPH,1.0,0.4086591934199386,0.0,0.4086591934199386,centered
AR1_0.8_n1024_r43,AR1_0.8_n1024,,Higuchi,1.0,0.7585016303980223,0.0,0.7585016303980223,centered
AR1_0.8_n1024_r43,AR1_0.8_n1024,,GHE,1.0,0.7883583121064077,0.0,0.7883583121064077,centered
AR1_0.8_n1024_r44,AR1_0.8_n1024,,GPH,1.0,0.4204951651437937,-5.551115123125783e-17,0.42049516514379365,raw
AR1_0.8_n1024_r44,AR1_0.8_n1024,,Higuchi,1.0,0.7548959460534044,0.19830608744576628,0.9532020334991707,raw
AR1_0.8_n1024_r44,AR1_0.8_n1024,,GHE,1.0,0.7826397349440463,0.17442235450852883,0.9570620894525751,raw
AR1_0.8_n1024_r44,AR1_0.8_n1024,,GPH,1.0,0.4204951651437937,-5.551115123125783e-17,0.42049516514379365,centered
AR1_0.8_n1024_r44,AR1_0.8_n1024,,Higuchi,1.0,0.7526677857200965,0.0,0.7526677857200965,centered
AR1_0.8_n1024_r44,AR1_0.8_n1024,,GHE,1.0,0.7808645435443268,0.0,0.7808645435443268,centered
AR1_0.8_n1024_r45,AR1_0.8_n1024,,GPH,1.0,0.619864636187133,0.0,0.619864636187133,raw
AR1_0.8_n1024_r45,AR1_0.8_n1024,,Higuchi,1.0,0.7681800146485553,0.2128032508558635,0.9809832655044188,raw
AR1_0.8_n1024_r45,AR1_0.8_n1024,,GHE,1.0,0.7916865521538858,0.18687911129633594,0.9785656634502218,raw
AR1_0.8_n1024_r45,AR1_0.8_n1024,,GPH,1.0,0.619864636187133,0.0,0.619864636187133,centered
AR1_0.8_n1024_r45,AR1_0.8_n1024,,Higuchi,1.0,0.7698919166491749,0.0,0.7698919166491749,centered
AR1_0.8_n1024_r45,AR1_0.8_n1024,,GHE,1.0,0.7934629196946851,-1.1102230246251565e-16,0.793462919694685,centered
AR1_0.8_n1024_r46,AR1_0.8_n1024,,GPH,1.0,0.7478013627958197,0.0,0.7478013627958197,raw
AR1_0.8_n1024_r46,AR1_0.8_n1024,,Higuchi,1.0,0.7521650553854697,0.2216337045947574,0.9737987599802271,raw
AR1_0.8_n1024_r46,AR1_0.8_n1024,,GHE,1.0,0.7818212318609505,0.18834539302424302,0.9701666248851936,raw
AR1_0.8_n1024_r46,AR1_0.8_n1024,,GPH,1.0,0.7478013627958198,-1.1102230246251565e-16,0.7478013627958197,centered
AR1_0.8_n1024_r46,AR1_0.8_n1024,,Higuchi,1.0,0.7501289958152761,0.0,0.7501289958152761,centered
AR1_0.8_n1024_r46,AR1_0.8_n1024,,GHE,1.0,0.7801870620691783,2.220446049250313e-16,0.7801870620691785,centered
AR1_0.8_n1024_r47,AR1_0.8_n1024,,GPH,1.0,0.4786385218213735,0.0,0.4786385218213735,raw
AR1_0.8_n1024_r47,AR1_0.8_n1024,,Higuchi,1.0,0.7142540450121173,0.2536278856614633,0.9678819306735806,raw
AR1_0.8_n1024_r47,AR1_0.8_n1024,,GHE,1.0,0.7518542778919628,0.21503020591993516,0.966884483811898,raw
AR1_0.8_n1024_r47,AR1_0.8_n1024,,GPH,1.0,0.4786385218213735,0.0,0.4786385218213735,centered
AR1_0.8_n1024_r47,AR1_0.8_n1024,,Higuchi,1.0,0.7074874379093801,0.0,0.7074874379093801,centered
AR1_0.8_n1024_r47,AR1_0.8_n1024,,GHE,1.0,0.7459638017403488,0.0,0.7459638017403488,centered
AR1_0.8_n1024_r48,AR1_0.8_n1024,,GPH,1.0,0.6240411642873708,-1.1102230246251565e-16,0.6240411642873707,raw
AR1_0.8_n1024_r48,AR1_0.8_n1024,,Higuchi,1.0,0.7712098516365085,0.16106449842253667,0.9322743500590451,raw
AR1_0.8_n1024_r48,AR1_0.8_n1024,,GHE,1.0,0.795677526707802,0.14052034368060118,0.9361978703884032,raw
AR1_0.8_n1024_r48,AR1_0.8_n1024,,GPH,1.0,0.6240411642873708,0.0,0.6240411642873708,centered
AR1_0.8_n1024_r48,AR1_0.8_n1024,,Higuchi,1.0,0.7713032062100358,2.220446049250313e-16,0.771303206210036,centered
AR1_0.8_n1024_r48,AR1_0.8_n1024,,GHE,1.0,0.7957005650877186,0.0,0.7957005650877186,centered
AR1_0.8_n1024_r49,AR1_0.8_n1024,,GPH,1.0,0.6512422035247679,0.0,0.6512422035247679,raw
AR1_0.8_n1024_r49,AR1_0.8_n1024,,Higuchi,1.0,0.779524135679351,0.17658574685716766,0.9561098825365186,raw
AR1_0.8_n1024_r49,AR1_0.8_n1024,,GHE,1.0,0.7992122318418547,0.15876447648184633,0.9579767083237011,raw
AR1_0.8_n1024_r49,AR1_0.8_n1024,,GPH,1.0,0.6512422035247679,-1.1102230246251565e-16,0.6512422035247678,centered
AR1_0.8_n1024_r49,AR1_0.8_n1024,,Higuchi,1.0,0.7794175536558636,0.0,0.7794175536558636,centered
AR1_0.8_n1024_r49,AR1_0.8_n1024,,GHE,1.0,0.7992808409898109,1.1102230246251565e-16,0.799280840989811,centered
AR1_0.8_n1024_r5,AR1_0.8_n1024,,GPH,1.0,0.39651080231551306,0.0,0.39651080231551306,raw
AR1_0.8_n1024_r5,AR1_0.8_n1024,,Higuchi,1.0,0.7284243652265088,0.23695855978629554,0.9653829250128043,raw
AR1_0.8_n1024_r5,AR1_0.8_n1024,,GHE,1.0,0.7538282795916118,0.20970406986737555,0.9635323494589874,raw
AR1_0.8_n1024_r5,AR1_0.8_n1024,,GPH,1.0,0.39651080231551306,0.0,0.39651080231551306,centered
AR1_0.8_n1024_r5,AR1_0.8_n1024,,Higuchi,1.0,0.7284302673570733,0.0,0.7284302673570733,centered
AR1_0.8_n1024_r5,AR1_0.8_n1024,,GHE,1.0,0.7538324618469732,1.1102230246251565e-16,0.7538324618469733,centered
AR1_0.8_n1024_r50,AR1_0.8_n1024,,GPH,1.0,0.7246942318682059,0.0,0.7246942318682059,raw
AR1_0.8_n1024_r50,AR1_0.8_n1024,,Higuchi,1.0,0.8130061522952345,0.14861019667719422,0.9616163489724288,raw
AR1_0.8_n1024_r50,AR1_0.8_n1024,,GHE,1.0,0.8255895937051551,0.13555868777437408,0.9611482814795291,raw
AR1_0.8_n1024_r50,AR1_0.8_n1024,,GPH,1.0,0.724694231868206,-1.1102230246251565e-16,0.7246942318682059,centered
AR1_0.8_n1024_r50,AR1_0.8_n1024,,Higuchi,1.0,0.8128693106915461,0.0,0.8128693106915461,centered
AR1_0.8_n1024_r50,AR1_0.8_n1024,,GHE,1.0,0.8256564571733878,-1.1102230246251565e-16,0.8256564571733876,centered
AR1_0.8_n1024_r51,AR1_0.8_n1024,,GPH,1.0,0.7641666027883653,0.0,0.7641666027883653,raw
AR1_0.8_n1024_r51,AR1_0.8_n1024,,Higuchi,1.0,0.7578734657280111,0.1892400855715315,0.9471135512995426,raw
AR1_0.8_n1024_r51,AR1_0.8_n1024,,GHE,1.0,0.7814962155447392,0.16990018005554575,0.951396395600285,raw
AR1_0.8_n1024_r51,AR1_0.8_n1024,,GPH,1.0,0.7641666027883653,0.0,0.7641666027883653,centered
AR1_0.8_n1024_r51,AR1_0.8_n1024,,Higuchi,1.0,0.7600404462671135,2.220446049250313e-16,0.7600404462671138,centered
AR1_0.8_n1024_r51,AR1_0.8_n1024,,GHE,1.0,0.7833200299658833,1.1102230246251565e-16,0.7833200299658835,centered
AR1_0.8_n1024_r52,AR1_0.8_n1024,,GPH,1.0,0.7423184684755085,0.0,0.7423184684755085,raw
AR1_0.8_n1024_r52,AR1_0.8_n1024,,Higuchi,1.0,0.8287093693201297,0.12941376593180975,0.9581231352519395,raw
AR1_0.8_n1024_r52,AR1_0.8_n1024,,GHE,1.0,0.8495400957395903,0.11046653691970743,0.9600066326592978,raw
AR1_0.8_n1024_r52,AR1_0.8_n1024,,GPH,1.0,0.7423184684755085,0.0,0.7423184684755085,centered
AR1_0.8_n1024_r52,AR1_0.8_n1024,,Higuchi,1.0,0.8126017300457675,0.0,0.8126017300457675,centered
AR1_0.8_n1024_r52,AR1_0.8_n1024,,GHE,1.0,0.8362652809825478,0.0,0.8362652809825478,centered
AR1_0.8_n1024_r53,AR1_0.8_n1024,,GPH,1.0,0.5902242586616222,-1.1102230246251565e-16,0.5902242586616221,raw
AR1_0.8_n1024_r53,AR1_0.8_n1024,,Higuchi,1.0,0.7846516128731562,0.17841636712112163,0.9630679799942778,raw
AR1_0.8_n1024_r53,AR1_0.8_n1024,,GHE,1.0,0.8052089571025008,0.15718937490265528,0.9623983320051561,raw
AR1_0.8_n1024_r53,AR1_0.8_n1024,,GPH,1.0,0.5902242586616222,0.0,0.5902242586616222,centered
AR1_0.8_n1024_r53,AR1_0.8_n1024,,Higuchi,1.0,0.7844280518927074,0.0,0.7844280518927074,centered
AR1_0.8_n1024_r53,AR1_0.8_n1024,,GHE,1.0,0.8050736847869248,0.0,0.8050736847869248,centered
AR1_0.8_n1024_r54,AR1_0.8_n1024,,GPH,1.0,0.5647552246558504,1.1102230246251565e-16,0.5647552246558505,raw
AR1_0.8_n1024_r54,AR1_0.8_n1024,,Higuchi,1.0,0.7493688961732907,0.21622065724798856,0.9655895534212793,raw
AR1_0.8_n1024_r54,AR1_0.8_n1024,,GHE,1.0,0.7804514455445735,0.1853194630099817,0.9657709085545552,raw
AR1_0.8_n1024_r54,AR1_0.8_n1024,,GPH,1.0,0.5647552246558504,1.1102230246251565e-16,0.5647552246558505,centered
AR1_0.8_n1024_r54,AR1_0.8_n1024,,Higuchi,1.0,0.7457642034284768,0.0,0.7457642034284768,centered
AR1_0.8_n1024_r54,AR1_0.8_n1024,,GHE,1.0,0.7773520939172829,2.220446049250313e-16,0.7773520939172831,centered
AR1_0.8_n1024_r55,AR1_0.8_n1024,,GPH,1.0,0.5628647957083782,0.0,0.5628647957083782,raw
AR1_0.8_n1024_r55,AR1_0.8_n1024,,Higuchi,1.0,0.7417219664429697,0.21629876807936554,0.9580207345223353,raw
AR1_0.8_n1024_r55,AR1_0.8_n1024,,GHE,1.0,0.775031068969152,0.18340753647350128,0.9584386054426532,raw
AR1_0.8_n1024_r55,AR1_0.8_n1024,,GPH,1.0,0.5628647957083782,0.0,0.5628647957083782,centered
AR1_0.8_n1024_r55,AR1_0.8_n1024,,Higuchi,1.0,0.7417712902099807,0.0,0.7417712902099807,centered
AR1_0.8_n1024_r55,AR1_0.8_n1024,,GHE,1.0,0.775058717344328,-2.220446049250313e-16,0.7750587173443277,centered
AR1_0.8_n1024_r56,AR1_0.8_n1024,,GPH,1.0,0.5116498060975624,0.0,0.5116498060975624,raw
AR1_0.8_n1024_r56,AR1_0.8_n1024,,Higuchi,1.0,0.7600001353185928,0.20085721696091374,0.9608573522795065,raw
AR1_0.8_n1024_r56,AR1_0.8_n1024,,GHE,1.0,0.783425516786143,0.1784011037567963,0.9618266205429393,raw
AR1_0.8_n1024_r56,AR1_0.8_n1024,,GPH,1.0,0.5116498060975624,0.0,0.5116498060975624,centered
AR1_0.8_n1024_r56,AR1_0.8_n1024,,Higuchi,1.0,0.7532616881441987,0.0,0.7532616881441987,centered
AR1_0.8_n1024_r56,AR1_0.8_n1024,,GHE,1.0,0.7777759497343042,1.1102230246251565e-16,0.7777759497343043,centered
AR1_0.8_n1024_r57,AR1_0.8_n1024,,GPH,1.0,0.7181102180522045,0.0,0.7181102180522045,raw
AR1_0.8_n1024_r57,AR1_0.8_n1024,,Higuchi,1.0,0.7779734452245697,0.1600549275015053,0.938028372726075,raw
AR1_0.8_n1024_r57,AR1_0.8_n1024,,GHE,1.0,0.79364069008309,0.1428936729461302,0.9365343630292202,raw
AR1_0.8_n1024_r57,AR1_0.8_n1024,,GPH,1.0,0.7181102180522045,0.0,0.7181102180522045,centered
AR1_0.8_n1024_r57,AR1_0.8_n1024,,Higuchi,1.0,0.7428509410890805,0.0,0.7428509410890805,centered
AR1_0.8_n1024_r57,AR1_0.8_n1024,,GHE,1.0,0.7626688247162481,0.0,0.7626688247162481,centered
AR1_0.8_n1024_r58,AR1_0.8_n1024,,GPH,1.0,0.4635877251665447,0.0,0.4635877251665447,raw
AR1_0.8_n1024_r58,AR1_0.8_n1024,,Higuchi,1.0,0.7908734505229746,0.1368109522737675,0.9276844027967421,raw
AR1_0.8_n1024_r58,AR1_0.8_n1024,,GHE,1.0,0.8130125975153419,0.12035976509145851,0.9333723626068005,raw
AR1_0.8_n1024_r58,AR1_0.8_n1024,,GPH,1.0,0.4635877251665447,0.0,0.4635877251665447,centered
AR1_0.8_n1024_r58,AR1_0.8_n1024,,Higuchi,1.0,0.7875963057038882,0.0,0.7875963057038882,centered
AR1_0.8_n1024_r58,AR1_0.8_n1024,,GHE,1.0,0.8106907435598302,0.0,0.8106907435598302,centered
AR1_0.8_n1024_r59,AR1_0.8_n1024,,GPH,1.0,0.5002791688383372,0.0,0.5002791688383372,raw
AR1_0.8_n1024_r59,AR1_0.8_n1024,,Higuchi,1.0,0.746233300187618,0.21525518839637536,0.9614884885839934,raw
AR1_0.8_n1024_r59,AR1_0.8_n1024,,GHE,1.0,0.7789667530186318,0.1817331002362702,0.960699853254902,raw
AR1_0.8_n1024_r59,AR1_0.8_n1024,,GPH,1.0,0.5002791688383372,0.0,0.5002791688383372,centered
AR1_0.8_n1024_r59,AR1_0.8_n1024,,Higuchi,1.0,0.7467231029371775,0.0,0.7467231029371775,centered
AR1_0.8_n1024_r59,AR1_0.8_n1024,,GHE,1.0,0.7800305852120824,0.0,0.7800305852120824,centered
AR1_0.8_n1024_r6,AR1_0.8_n1024,,GPH,1.0,0.8199243886554729,0.0,0.8199243886554729,raw
AR1_0.8_n1024_r6,AR1_0.8_n1024,,Higuchi,1.0,0.7845614240418497,0.17405039978441939,0.9586118238262691,raw
AR1_0.8_n1024_r6,AR1_0.8_n1024,,GHE,1.0,0.7996567330579056,0.1589542923642283,0.9586110254221339,raw
AR1_0.8_n1024_r6,AR1_0.8_n1024,,GPH,1.0,0.8199243886554729,0.0,0.8199243886554729,centered
AR1_0.8_n1024_r6,AR1_0.8_n1024,,Higuchi,1.0,0.796499690193236,-2.220446049250313e-16,0.7964996901932357,centered
AR1_0.8_n1024_r6,AR1_0.8_n1024,,GHE,1.0,0.8081889774427955,-1.1102230246251565e-16,0.8081889774427954,centered
AR1_0.8_n1024_r60,AR1_0.8_n1024,,GPH,1.0,0.617855593086302,0.0,0.617855593086302,raw
AR1_0.8_n1024_r60,AR1_0.8_n1024,,Higuchi,1.0,0.7696841863388606,0.1858573994780457,0.9555415858169063,raw
AR1_0.8_n1024_r60,AR1_0.8_n1024,,GHE,1.0,0.7927895220705167,0.16357994657095054,0.9563694686414672,raw
AR1_0.8_n1024_r60,AR1_0.8_n1024,,GPH,1.0,0.617855593086302,0.0,0.617855593086302,centered
AR1_0.8_n1024_r60,AR1_0.8_n1024,,Higuchi,1.0,0.7684167957430641,0.0,0.7684167957430641,centered
AR1_0.8_n1024_r60,AR1_0.8_n1024,,GHE,1.0,0.7918252085800601,1.1102230246251565e-16,0.7918252085800602,centered
AR1_0.8_n1024_r61,AR1_0.8_n1024,,GPH,1.0,0.8134204467052188,1.1102230246251565e-16,0.813420446705219,raw
AR1_0.8_n1024_r61,AR1_0.8_n1024,,Higuchi,1.0,0.7643531529949625,0.20653516888473056,0.9708883218796931,raw
AR1_0.8_n1024_r61,AR1_0.8_n1024,,GHE,1.0,0.7863523551467553,0.18428232065960304,0.9706346758063583,raw
AR1_0.8_n1024_r61,AR1_0.8_n1024,,GPH,1.0,0.8134204467052188,0.0,0.8134204467052188,centered
AR1_0.8_n1024_r61,AR1_0.8_n1024,,Higuchi,1.0,0.7509741638664129,0.0,0.7509741638664129,centered
AR1_0.8_n1024_r61,AR1_0.8_n1024,,GHE,1.0,0.7778290114914871,2.220446049250313e-16,0.7778290114914873,centered
AR1_0.8_n1024_r62,AR1_0.8_n1024,,GPH,1.0,0.5494269264290054,1.1102230246251565e-16,0.5494269264290055,raw
AR1_0.8_n1024_r62,AR1_0.8_n1024,,Higuchi,1.0,0.7564729731802953,0.18161068104703282,0.9380836542273281,raw
AR1_0.8_n1024_r62,AR1_0.8_n1024,,GHE,1.0,0.7825855524736134,0.16020136701938337,0.9427869194929968,raw
AR1_0.8_n1024_r62,AR1_0.8_n1024,,GPH,1.0,0.5494269264290054,0.0,0.5494269264290054,centered
AR1_0.8_n1024_r62,AR1_0.8_n1024,,Higuchi,1.0,0.7556890083916261,0.0,0.7556890083916261,centered
AR1_0.8_n1024_r62,AR1_0.8_n1024,,GHE,1.0,0.7826113956840525,2.220446049250313e-16,0.7826113956840527,centered
AR1_0.8_n1024_r63,AR1_0.8_n1024,,GPH,1.0,0.4120476377710231,0.0,0.4120476377710231,raw
AR1_0.8_n1024_r63,AR1_0.8_n1024,,Higuchi,1.0,0.7652630199026416,0.1893392663859652,0.9546022862886068,raw
AR1_0.8_n1024_r63,AR1_0.8_n1024,,GHE,1.0,0.794590358311274,0.16227794751635627,0.9568683058276303,raw
AR1_0.8_n1024_r63,AR1_0.8_n1024,,GPH,1.0,0.41204763777102316,-5.551115123125783e-17,0.4120476377710231,centered
AR1_0.8_n1024_r63,AR1_0.8_n1024,,Higuchi,1.0,0.7682120920138695,0.0,0.7682120920138695,centered
AR1_0.8_n1024_r63,AR1_0.8_n1024,,GHE,1.0,0.7962091583856338,0.0,0.7962091583856338,centered
AR1_0.8_n1024_r7,AR1_0.8_n1024,,GPH,1.0,0.5430355431063203,0.0,0.5430355431063203,raw
AR1_0.8_n1024_r7,AR1_0.8_n1024,,Higuchi,1.0,0.8064427904740434,0.12263801306312638,0.9290808035371698,raw
AR1_0.8_n1024_r7,AR1_0.8_n1024,,GHE,1.0,0.8325721993601481,0.10401819714547123,0.9365903965056194,raw
AR1_0.8_n1024_r7,AR1_0.8_n1024,,GPH,1.0,0.5430355431063203,0.0,0.5430355431063203,centered
AR1_0.8_n1024_r7,AR1_0.8_n1024,,Higuchi,1.0,0.8061197736949965,0.0,0.8061197736949965,centered
AR1_0.8_n1024_r7,AR1_0.8_n1024,,GHE,1.0,0.8323135574417647,-1.1102230246251565e-16,0.8323135574417646,centered
AR1_0.8_n1024_r8,AR1_0.8_n1024,,GPH,1.0,0.28072595519046073,5.551115123125783e-17,0.2807259551904608,raw
AR1_0.8_n1024_r8,AR1_0.8_n1024,,Higuchi,1.0,0.7357087679739451,0.20768194982090193,0.9433907177948471,raw
AR1_0.8_n1024_r8,AR1_0.8_n1024,,GHE,1.0,0.7697927490302036,0.17810868154471082,0.9479014305749144,raw
AR1_0.8_n1024_r8,AR1_0.8_n1024,,GPH,1.0,0.28072595519046073,5.551115123125783e-17,0.2807259551904608,centered
AR1_0.8_n1024_r8,AR1_0.8_n1024,,Higuchi,1.0,0.7349899528392518,2.220446049250313e-16,0.7349899528392521,centered
AR1_0.8_n1024_r8,AR1_0.8_n1024,,GHE,1.0,0.7692465680439806,2.220446049250313e-16,0.7692465680439808,centered
AR1_0.8_n1024_r9,AR1_0.8_n1024,,GPH,1.0,0.7307507867867076,0.0,0.7307507867867076,raw
AR1_0.8_n1024_r9,AR1_0.8_n1024,,Higuchi,1.0,0.8225716056062087,0.10901227423836413,0.9315838798445728,raw
AR1_0.8_n1024_r9,AR1_0.8_n1024,,GHE,1.0,0.8384778106809265,0.09738644721811185,0.9358642578990384,raw
AR1_0.8_n1024_r9,AR1_0.8_n1024,,GPH,1.0,0.7307507867867076,0.0,0.7307507867867076,centered
AR1_0.8_n1024_r9,AR1_0.8_n1024,,Higuchi,1.0,0.8161750095351343,0.0,0.8161750095351343,centered
AR1_0.8_n1024_r9,AR1_0.8_n1024,,GHE,1.0,0.8328461808024098,-1.1102230246251565e-16,0.8328461808024097,centered
AR1_0.8_n256_r0,AR1_0.8_n256,,GPH,1.0,0.9688488497431802,0.0,0.9688488497431802,raw
AR1_0.8_n256_r0,AR1_0.8_n256,,Higuchi,1.0,0.7636220058527183,0.1873564420793381,0.9509784479320564,raw
AR1_0.8_n256_r0,AR1_0.8_n256,,GHE,1.0,0.8032139593911658,0.14760451113595974,0.9508184705271255,raw
AR1_0.8_n256_r0,AR1_0.8_n256,,GPH,1.0,0.9688488497431802,0.0,0.9688488497431802,centered
AR1_0.8_n256_r0,AR1_0.8_n256,,Higuchi,1.0,0.762883668030568,0.0,0.762883668030568,centered
AR1_0.8_n256_r0,AR1_0.8_n256,,GHE,1.0,0.8020134921613159,2.220446049250313e-16,0.8020134921613161,centered
AR1_0.8_n256_r1,AR1_0.8_n256,,GPH,1.0,0.7808549986731641,2.220446049250313e-16,0.7808549986731643,raw
AR1_0.8_n256_r1,AR1_0.8_n256,,Higuchi,1.0,0.7420976948710516,0.23874092865466157,0.9808386235257132,raw
AR1_0.8_n256_r1,AR1_0.8_n256,,GHE,1.0,0.7729960260575104,0.20348446975841994,0.9764804958159303,raw
AR1_0.8_n256_r1,AR1_0.8_n256,,GPH,1.0,0.7808549986731641,2.220446049250313e-16,0.7808549986731643,centered
AR1_0.8_n256_r1,AR1_0.8_n256,,Higuchi,1.0,0.7031371033289799,2.220446049250313e-16,0.7031371033289802,centered
AR1_0.8_n256_r1,AR1_0.8_n256,,GHE,1.0,0.7367682811668683,0.0,0.7367682811668683,centered
AR1_0.8_n256_r10,AR1_0.8_n256,,GPH,1.0,0.9216115906306361,0.0,0.9216115906306361,raw
AR1_0.8_n256_r10,AR1_0.8_n256,,Higuchi,1.0,0.7573312646501038,0.2213246095419732,0.978655874192077,raw
AR1_0.8_n256_r10,AR1_0.8_n256,,GHE,1.0,0.7686521038212354,0.20641551066466968,0.9750676144859051,raw
AR1_0.8_n256_r10,AR1_0.8_n256,,GPH,1.0,0.9216115906306361,0.0,0.9216115906306361,centered
AR1_0.8_n256_r10,AR1_0.8_n256,,Higuchi,1.0,0.7558825619679692,0.0,0.7558825619679692,centered
AR1_0.8_n256_r10,AR1_0.8_n256,,GHE,1.0,0.7675175168472517,0.0,0.7675175168472517,centered
AR1_0.8_n256_r11,AR1_0.8_n256,,GPH,1.0,1.0943100075268544,0.0,1.0943100075268544,raw
AR1_0.8_n256_r11,AR1_0.8_n256,,Higuchi,1.0,0.8390534710986894,0.13674642956433214,0.9757999006630216,raw
AR1_0.8_n256_r11,AR1_0.8_n256,,GHE,1.0,0.8552974148751677,0.11236679202189104,0.9676642068970588,raw
AR1_0.8_n256_r11,AR1_0.8_n256,,GPH,1.0,1.0943100075268544,0.0,1.0943100075268544,centered
AR1_0.8_n256_r11,AR1_0.8_n256,,Higuchi,1.0,0.8450995385106821,0.0,0.8450995385106821,centered
AR1_0.8_n256_r11,AR1_0.8_n256,,GHE,1.0,0.8560074979866362,0.0,0.8560074979866362,centered
AR1_0.8_n256_r12,AR1_0.8_n256,,GPH,1.0,0.7903516822152885,0.0,0.7903516822152885,raw
AR1_0.8_n256_r12,AR1_0.8_n256,,Higuchi,1.0,0.8621408702038325,0.03487708571261039,0.8970179559164428,raw
AR1_0.8_n256_r12,AR1_0.8_n256,,GHE,1.0,0.8620724955554389,0.042179534334178204,0.9042520298896171,raw
AR1_0.8_n256_r12,AR1_0.8_n256,,GPH,1.0,0.7903516822152885,0.0,0.7903516822152885,centered
AR1_0.8_n256_r12,AR1_0.8_n256,,Higuchi,1.0,0.7714217320756831,0.0,0.7714217320756831,centered
AR1_0.8_n256_r12,AR1_0.8_n256,,GHE,1.0,0.7809602999468372,0.0,0.7809602999468372,centered
AR1_0.8_n256_r13,AR1_0.8_n256,,GPH,1.0,0.9129454479428603,0.0,0.9129454479428603,raw
AR1_0.8_n256_r13,AR1_0.8_n256,,Higuchi,1.0,0.8162100537092989,0.08945404122981304,0.9056640949391119,raw
AR1_0.8_n256_r13,AR1_0.8_n256,,GHE,1.0,0.8186083605007004,0.09301953576467392,0.9116278962653743,raw
AR1_0.8_n256_r13,AR1_0.8_n256,,GPH,1.0,0.9129454479428601,1.1102230246251565e-16,0.9129454479428603,centered
AR1_0.8_n256_r13,AR1_0.8_n256,,Higuchi,1.0,0.8137919015778048,0.0,0.8137919015778048,centered
AR1_0.8_n256_r13,AR1_0.8_n256,,GHE,1.0,0.8173055118529274,0.0,0.8173055118529274,centered
AR1_0.8_n256_r14,AR1_0.8_n256,,GPH,1.0,1.1062010747559885,0.0,1.1062010747559885,raw
AR1_0.8_n256_r14,AR1_0.8_n256,,Higuchi,1.0,0.7836746294292174,0.15938379129625524,0.9430584207254726,raw
AR1_0.8_n256_r14,AR1_0.8_n256,,GHE,1.0,0.798680197808341,0.14927565189546033,0.9479558497038013,raw
AR1_0.8_n256_r14,AR1_0.8_n256,,GPH,1.0,1.1062010747559885,0.0,1.1062010747559885,centered
AR1_0.8_n256_r14,AR1_0.8_n256,,Higuchi,1.0,0.7726070582865847,2.220446049250313e-16,0.7726070582865849,centered
AR1_0.8_n256_r14,AR1_0.8_n256,,GHE,1.0,0.7919528708702003,-1.1102230246251565e-16,0.7919528708702002,centered
AR1_0.8_n256_r15,AR1_0.8_n256,,GPH,1.0,0.8086469373497384,1.1102230246251565e-16,0.8086469373497385,raw
AR1_0.8_n256_r15,AR1_0.8_n256,,Higuchi,1.0,0.6642494994349812,0.26518966502166696,0.9294391644566482,raw
AR1_0.8_n256_r15,AR1_0.8_n256,,GHE,1.0,0.7059151412171211,0.22766682361558344,0.9335819648327045,raw
AR1_0.8_n256_r15,AR1_0.8_n256,,GPH,1.0,0.8086469373497385,-1.1102230246251565e-16,0.8086469373497384,centered
AR1_0.8_n256_r15,AR1_0.8_n256,,Higuchi,1.0,0.6776485609766283,0.0,0.6776485609766283,centered
AR1_0.8_n256_r15,AR1_0.8_n256,,GHE,1.0,0.7150262205243355,0.0,0.7150262205243355,centered
AR1_0.8_n256_r16,AR1_0.8_n256,,GPH,1.0,1.134732796271909,0.0,1.134732796271909,raw
AR1_0.8_n256_r16,AR1_0.8_n256,,Higuchi,1.0,0.8642428399929578,0.08207958891539979,0.9463224289083576,raw
AR1_0.8_n256_r16,AR1_0.8_n256,,GHE,1.0,0.8656072621844308,0.08618986232812587,0.9517971245125567,raw
AR1_0.8_n256_r16,AR1_0.8_n256,,GPH,1.0,1.134732796271909,0.0,1.134732796271909,centered
AR1_0.8_n256_r16,AR1_0.8_n256,,Higuchi,1.0,0.8652939660413563,2.220446049250313e-16,0.8652939660413566,centered
AR1_0.8_n256_r16,AR1_0.8_n256,,GHE,1.0,0.8663203133471659,1.1102230246251565e-16,0.866320313347166,centered
AR1_0.8_n256_r17,AR1_0.8_n256,,GPH,1.0,0.9943978523569496,0.0,0.9943978523569496,raw
AR1_0.8_n256_r17,AR1_0.8_n256,,Higuchi,1.0,0.6790155927640111,0.243816472160989,0.9228320649250001,raw
AR1_0.8_n256_r17,AR1_0.8_n256,,GHE,1.0,0.7269955132519418,0.20804334311366823,0.93503885636561,raw
AR1_0.8_n256_r17,AR1_0.8_n256,,GPH,1.0,0.9943978523569496,0.0,0.9943978523569496,centered
AR1_0.8_n256_r17,AR1_0.8_n256,,Higuchi,1.0,0.6779258617049715,0.0,0.6779258617049715,centered
AR1_0.8_n256_r17,AR1_0.8_n256,,GHE,1.0,0.7294732072071685,1.1102230246251565e-16,0.7294732072071686,centered
AR1_0.8_n256_r18,AR1_0.8_n256,,GPH,1.0,0.9647456579617157,0.0,0.9647456579617157,raw
AR1_0.8_n256_r18,AR1_0.8_n256,,Higuchi,1.0,0.7939191725531975,0.11296564458567548,0.906884817138873,raw
AR1_0.8_n256_r18,AR1_0.8_n256,,GHE,1.0,0.8184214709253463,0.10258355805757868,0.921005028982925,raw
AR1_0.8_n256_r18,AR1_0.8_n256,,GPH,1.0,0.9647456579617155,2.220446049250313e-16,0.9647456579617157,centered
AR1_0.8_n256_r18,AR1_0.8_n256,,Higuchi,1.0,0.7600178334571326,0.0,0.7600178334571326,centered
AR1_0.8_n256_r18,AR1_0.8_n256,,GHE,1.0,0.79473276046561,0.0,0.79473276046561,centered
AR1_0.8_n256_r19,AR1_0.8_n256,,GPH,1.0,0.9475221271458097,1.1102230246251565e-16,0.9475221271458099,raw
AR1_0.8_n256_r19,AR1_0.8_n256,,Higuchi,1.0,0.6656415861435976,0.2839117614675515,0.9495533476111491,raw
AR1_0.8_n256_r19,AR1_0.8_n256,,GHE,1.0,0.724526143090141,0.22304934490902284,0.9475754879991638,raw
AR1_0.8_n256_r19,AR1_0.8_n256,,GPH,1.0,0.9475221271458097,0.0,0.9475221271458097,centered
AR1_0.8_n256_r19,AR1_0.8_n256,,Higuchi,1.0,0.6668241920412683,0.0,0.6668241920412683,centered
AR1_0.8_n256_r19,AR1_0.8_n256,,GHE,1.0,0.7240621236831591,0.0,0.7240621236831591,centered
AR1_0.8_n256_r2,AR1_0.8_n256,,GPH,1.0,1.0022490684521639,0.0,1.0022490684521639,raw
AR1_0.8_n256_r2,AR1_0.8_n256,,Higuchi,1.0,0.8318219515982235,0.14645100200263395,0.9782729536008574,raw
AR1_0.8_n256_r2,AR1_0.8_n256,,GHE,1.0,0.8415374484547807,0.1365584532428611,0.9780959016976418,raw
AR1_0.8_n256_r2,AR1_0.8_n256,,GPH,1.0,1.0022490684521639,0.0,1.0022490684521639,centered
AR1_0.8_n256_r2,AR1_0.8_n256,,Higuchi,1.0,0.804846562756437,0.0,0.804846562756437,centered
AR1_0.8_n256_r2,AR1_0.8_n256,,GHE,1.0,0.8191301817028687,0.0,0.8191301817028687,centered
AR1_0.8_n256_r20,AR1_0.8_n256,,GPH,1.0,0.8942998814758187,0.0,0.8942998814758187,raw
AR1_0.8_n256_r20,AR1_0.8_n256,,Higuchi,1.0,0.7146469638349675,0.25152143106383296,0.9661683948988005,raw
AR1_0.8_n256_r20,AR1_0.8_n256,,GHE,1.0,0.7507732437132892,0.21815663537475416,0.9689298790880434,raw
AR1_0.8_n256_r20,AR1_0.8_n256,,GPH,1.0,0.8942998814758187,0.0,0.8942998814758187,centered
AR1_0.8_n256_r20,AR1_0.8_n256,,Higuchi,1.0,0.6511204852395793,-4.440892098500626e-16,0.6511204852395789,centered
AR1_0.8_n256_r20,AR1_0.8_n256,,GHE,1.0,0.7048581759799688,0.0,0.7048581759799688,centered
AR1_0.8_n256_r21,AR1_0.8_n256,,GPH,1.0,1.1613557496253804,-2.220446049250313e-16,1.1613557496253801,raw
AR1_0.8_n256_r21,AR1_0.8_n256,,Higuchi,1.0,0.7770418910532924,0.16504587365984857,0.9420877647131409,raw
AR1_0.8_n256_r21,AR1_0.8_n256,,GHE,1.0,0.8123328429391136,0.13650289427967743,0.948835737218791,raw
AR1_0.8_n256_r21,AR1_0.8_n256,,GPH,1.0,1.1613557496253804,0.0,1.1613557496253804,centered
AR1_0.8_n256_r21,AR1_0.8_n256,,Higuchi,1.0,0.7571874187727146,0.0,0.7571874187727146,centered
AR1_0.8_n256_r21,AR1_0.8_n256,,GHE,1.0,0.7938762706448157,2.220446049250313e-16,0.7938762706448159,centered
AR1_0.8_n256_r22,AR1_0.8_n256,,GPH,1.0,0.7298684789010654,1.1102230246251565e-16,0.7298684789010655,raw
AR1_0.8_n256_r22,AR1_0.8_n256,,Higuchi,1.0,0.7140130317347739,0.22473659978005123,0.9387496315148252,raw
AR1_0.8_n256_r22,AR1_0.8_n256,,GHE,1.0,0.7408644179124264,0.20078785317085235,0.9416522710832788,raw
AR1_0.8_n256_r22,AR1_0.8_n256,,GPH,1.0,0.7298684789010654,1.1102230246251565e-16,0.7298684789010655,centered
AR1_0.8_n256_r22,AR1_0.8_n256,,Higuchi,1.0,0.7086797589503779,0.0,0.7086797589503779,centered
AR1_0.8_n256_r22,AR1_0.8_n256,,GHE,1.0,0.73628825108788,0.0,0.73628825108788,centered
AR1_0.8_n256_r23,AR1_0.8_n256,,GPH,1.0,1.0109920153610839,0.0,1.0109920153610839,raw
AR1_0.8_n256_r23,AR1_0.8_n256,,Higuchi,1.0,0.731628248618504,0.24208315457485363,0.9737114031933576,raw
AR1_0.8_n256_r23,AR1_0.8_n256,,GHE,1.0,0.7659417918548235,0.20668293807772076,0.9726247299325442,raw
AR1_0.8_n256_r23,AR1_0.8_n256,,GPH,1.0,1.0109920153610839,0.0,1.0109920153610839,centered
AR1_0.8_n256_r23,AR1_0.8_n256,,Higuchi,1.0,0.6909445328147243,-2.220446049250313e-16,0.6909445328147241,centered
AR1_0.8_n256_r23,AR1_0.8_n256,,GHE,1.0,0.7334237846863879,0.0,0.7334237846863879,centered
AR1_0.8_n256_r24,AR1_0.8_n256,,GPH,1.0,0.6533714173017091,0.0,0.6533714173017091,raw
AR1_0.8_n256_r24,AR1_0.8_n256,,Higuchi,1.0,0.7045394379231849,0.2716672533070723,0.9762066912302572,raw
AR1_0.8_n256_r24,AR1_0.8_n256,,GHE,1.0,0.7404761494395523,0.2340128288776263,0.9744889783171786,raw
AR1_0.8_n256_r24,AR1_0.8_n256,,GPH,1.0,0.6533714173017091,0.0,0.6533714173017091,centered
AR1_0.8_n256_r24,AR1_0.8_n256,,Higuchi,1.0,0.6993273978794434,0.0,0.6993273978794434,centered
AR1_0.8_n256_r24,AR1_0.8_n256,,GHE,1.0,0.7316177146157017,-1.1102230246251565e-16,0.7316177146157016,centered
AR1_0.8_n256_r25,AR1_0.8_n256,,GPH,1.0,0.8914349109430459,0.0,0.8914349109430459,raw
AR1_0.8_n256_r25,AR1_0.8_n256,,Higuchi,1.0,0.8852164516249112,0.07790791400627839,0.9631243656311896,raw
AR1_0.8_n256_r25,AR1_0.8_n256,,GHE,1.0,0.8783124942083602,0.0843575353645587,0.9626700295729189,raw
AR1_0.8_n256_r25,AR1_0.8_n256,,GPH,1.0,0.8914349109430459,0.0,0.8914349109430459,centered
AR1_0.8_n256_r25,AR1_0.8_n256,,Higuchi,1.0,0.8798958748140489,0.0,0.8798958748140489,centered
AR1_0.8_n256_r25,AR1_0.8_n256,,GHE,1.0,0.8761747767868502,1.1102230246251565e-16,0.8761747767868503,centered
AR1_0.8_n256_r26,AR1_0.8_n256,,GPH,1.0,1.0125022155951031,0.0,1.0125022155951031,raw
AR1_0.8_n256_r26,AR1_0.8_n256,,Higuchi,1.0,0.8249450725204968,0.12180620452654956,0.9467512770470463,raw
AR1_0.8_n256_r26,AR1_0.8_n256,,GHE,1.0,0.8433833364673665,0.10798143346768108,0.9513647699350476,raw
AR1_0.8_n256_r26,AR1_0.8_n256,,GPH,1.0,1.0125022155951031,0.0,1.0125022155951031,centered
AR1_0.8_n256_r26,AR1_0.8_n256,,Higuchi,1.0,0.8254942406700556,0.0,0.8254942406700556,centered
AR1_0.8_n256_r26,AR1_0.8_n256,,GHE,1.0,0.8423150578197005,0.0,0.8423150578197005,centered
AR1_0.8_n256_r27,AR1_0.8_n256,,GPH,1.0,1.036708325882086,-2.220446049250313e-16,1.0367083258820857,raw
AR1_0.8_n256_r27,AR1_0.8_n256,,Higuchi,1.0,0.6992001269348804,0.2574177191256579,0.9566178460605383,raw
AR1_0.8_n256_r27,AR1_0.8_n256,,GHE,1.0,0.7554117701435022,0.20257937997737474,0.957991150120877,raw
AR1_0.8_n256_r27,AR1_0.8_n256,,GPH,1.0,1.036708325882086,-2.220446049250313e-16,1.0367083258820857,centered
AR1_0.8_n256_r27,AR1_0.8_n256,,Higuchi,1.0,0.699099727963411,0.0,0.699099727963411,centered
AR1_0.8_n256_r27,AR1_0.8_n256,,GHE,1.0,0.7553073610707143,0.0,0.7553073610707143,centered
AR1_0.8_n256_r28,AR1_0.8_n256,,GPH,1.0,1.092843210255087,0.0,1.092843210255087,raw
AR1_0.8_n256_r28,AR1_0.8_n256,,Higuchi,1.0,0.8484762309638321,0.12773547123657458,0.9762117022004067,raw
AR1_0.8_n256_r28,AR1_0.8_n256,,GHE,1.0,0.8541030674593719,0.12135341298545099,0.9754564804448229,raw
AR1_0.8_n256_r28,AR1_0.8_n256,,GPH,1.0,1.092843210255087,-2.220446049250313e-16,1.0928432102550867,centered
AR1_0.8_n256_r28,AR1_0.8_n256,,Higuchi,1.0,0.8475782685952542,2.220446049250313e-16,0.8475782685952544,centered
AR1_0.8_n256_r28,AR1_0.8_n256,,GHE,1.0,0.8535171505734587,0.0,0.8535171505734587,centered
AR1_0.8_n256_r29,AR1_0.8_n256,,GPH,1.0,0.8099504670907569,1.1102230246251565e-16,0.809950467090757,raw
AR1_0.8_n256_r29,AR1_0.8_n256,,Higuchi,1.0,0.6103959939479999,0.35837908082924286,0.9687750747772428,raw
AR1_0.8_n256_r29,AR1_0.8_n256,,GHE,1.0,0.6589092277683228,0.3066536041300003,0.9655628318983231,raw
AR1_0.8_n256_r29,AR1_0.8_n256,,GPH,1.0,0.8099504670907569,0.0,0.8099504670907569,centered
AR1_0.8_n256_r29,AR1_0.8_n256,,Higuchi,1.0,0.612229145740919,0.0,0.612229145740919,centered
AR1_0.8_n256_r29,AR1_0.8_n256,,GHE,1.0,0.6603663301680115,0.0,0.6603663301680115,centered
AR1_0.8_n256_r3,AR1_0.8_n256,,GPH,1.0,1.090377392709129,0.0,1.090377392709129,raw
AR1_0.8_n256_r3,AR1_0.8_n256,,Higuchi,1.0,0.7919954615328659,0.1703326042775446,0.9623280658104105,raw
AR1_0.8_n256_r3,AR1_0.8_n256,,GHE,1.0,0.808264424465657,0.15392508299023677,0.9621895074558938,raw
AR1_0.8_n256_r3,AR1_0.8_n256,,GPH,1.0,1.090377392709129,0.0,1.090377392709129,centered
AR1_0.8_n256_r3,AR1_0.8_n256,,Higuchi,1.0,0.7818859371180968,0.0,0.7818859371180968,centered
AR1_0.8_n256_r3,AR1_0.8_n256,,GHE,1.0,0.8016713821873896,-1.1102230246251565e-16,0.8016713821873895,centered
AR1_0.8_n256_r30,AR1_0.8_n256,,GPH,1.0,1.0349117083116233,4.440892098500626e-16,1.0349117083116237,raw
AR1_0.8_n256_r30,AR1_0.8_n256,,Higuchi,1.0,0.8379776758006152,0.13351783901669556,0.9714955148173108,raw
AR1_0.8_n256_r30,AR1_0.8_n256,,GHE,1.0,0.8447405413284798,0.1268888396122445,0.9716293809407243,raw
AR1_0.8_n256_r30,AR1_0.8_n256,,GPH,1.0,1.0349117083116237,-4.440892098500626e-16,1.0349117083116233,centered
AR1_0.8_n256_r30,AR1_0.8_n256,,Higuchi,1.0,0.8232518157773268,0.0,0.8232518157773268,centered
AR1_0.8_n256_r30,AR1_0.8_n256,,GHE,1.0,0.8305341362759809,0.0,0.8305341362759809,centered
AR1_0.8_n256_r31,AR1_0.8_n256,,GPH,1.0,0.8615506745687624,2.220446049250313e-16,0.8615506745687627,raw
AR1_0.8_n256_r31,AR1_0.8_n256,,Higuchi,1.0,0.7831534950121184,0.1648312609365612,0.9479847559486796,raw
AR1_0.8_n256_r31,AR1_0.8_n256,,GHE,1.0,0.7961441222018227,0.1551128036171321,0.9512569258189548,raw
AR1_0.8_n256_r31,AR1_0.8_n256,,GPH,1.0,0.8615506745687624,2.220446049250313e-16,0.8615506745687627,centered
AR1_0.8_n256_r31,AR1_0.8_n256,,Higuchi,1.0,0.7747924150478136,0.0,0.7747924150478136,centered
AR1_0.8_n256_r31,AR1_0.8_n256,,GHE,1.0,0.789327139923225,1.1102230246251565e-16,0.7893271399232251,centered
AR1_0.8_n256_r32,AR1_0.8_n256,,GPH,1.0,0.8926651063794284,2.220446049250313e-16,0.8926651063794286,raw
AR1_0.8_n256_r32,AR1_0.8_n256,,Higuchi,1.0,0.7560404193887293,0.20268889934939227,0.9587293187381216,raw
AR1_0.8_n256_r32,AR1_0.8_n256,,GHE,1.0,0.7720591757969206,0.1823453842823719,0.9544045600792925,raw
AR1_0.8_n256_r32,AR1_0.8_n256,,GPH,1.0,0.8926651063794284,2.220446049250313e-16,0.8926651063794286,centered
AR1_0.8_n256_r32,AR1_0.8_n256,,Higuchi,1.0,0.741648648884434,0.0,0.741648648884434,centered
AR1_0.8_n256_r32,AR1_0.8_n256,,GHE,1.0,0.751431350042287,3.3306690738754696e-16,0.7514313500422873,centered
AR1_0.8_n256_r33,AR1_0.8_n256,,GPH,1.0,0.8375757946478204,0.0,0.8375757946478204,raw
AR1_0.8_n256_r33,AR1_0.8_n256,,Higuchi,1.0,0.7790285813667024,0.19507344496849033,0.9741020263351927,raw
AR1_0.8_n256_r33,AR1_0.8_n256,,GHE,1.0,0.7931521224745212,0.18130936986211588,0.974461492336637,raw
AR1_0.8_n256_r33,AR1_0.8_n256,,GPH,1.0,0.8375757946478204,0.0,0.8375757946478204,centered
AR1_0.8_n256_r33,AR1_0.8_n256,,Higuchi,1.0,0.6732951003819114,0.0,0.6732951003819114,centered
AR1_0.8_n256_r33,AR1_0.8_n256,,GHE,1.0,0.7068973670741325,0.0,0.7068973670741325,centered
AR1_0.8_n256_r34,AR1_0.8_n256,,GPH,1.0,0.960264048403744,1.1102230246251565e-16,0.9602640484037441,raw
AR1_0.8_n256_r34,AR1_0.8_n256,,Higuchi,1.0,0.7754960859182225,0.2080015046412671,0.9834975905594896,raw
AR1_0.8_n256_r34,AR1_0.8_n256,,GHE,1.0,0.7993006538120936,0.18308318437581883,0.9823838381879124,raw
AR1_0.8_n256_r34,AR1_0.8_n256,,GPH,1.0,0.960264048403744,1.1102230246251565e-16,0.9602640484037441,centered
AR1_0.8_n256_r34,AR1_0.8_n256,,Higuchi,1.0,0.5895469369571051,0.0,0.5895469369571051,centered
AR1_0.8_n256_r34,AR1_0.8_n256,,GHE,1.0,0.6528653648855033,0.0,0.6528653648855033,centered
AR1_0.8_n256_r35,AR1_0.8_n256,,GPH,1.0,1.014246954012456,0.0,1.014246954012456,raw
AR1_0.8_n256_r35,AR1_0.8_n256,,Higuchi,1.0,0.6419271193743945,0.3400654490986663,0.9819925684730608,raw
AR1_0.8_n256_r35,AR1_0.8_n256,,GHE,1.0,0.7091634522610551,0.26970173945266485,0.97886519171372,raw
AR1_0.8_n256_r35,AR1_0.8_n256,,GPH,1.0,1.014246954012456,0.0,1.014246954012456,centered
AR1_0.8_n256_r35,AR1_0.8_n256,,Higuchi,1.0,0.6312377764495347,0.0,0.6312377764495347,centered
AR1_0.8_n256_r35,AR1_0.8_n256,,GHE,1.0,0.7007361358309385,1.1102230246251565e-16,0.7007361358309386,centered
AR1_0.8_n256_r36,AR1_0.8_n256,,GPH,1.0,0.8978906441030512,0.0,0.8978906441030512,raw
AR1_0.8_n256_r36,AR1_0.8_n256,,Higuchi,1.0,0.8707104505646615,0.03799364158965979,0.9087040921543212,raw
AR1_0.8_n256_r36,AR1_0.8_n256,,GHE,1.0,0.876915835690458,0.03812976483499664,0.9150456005254546,raw
AR1_0.8_n256_r36,AR1_0.8_n256,,GPH,1.0,0.8978906441030512,0.0,0.8978906441030512,centered
AR1_0.8_n256_r36,AR1_0.8_n256,,Higuchi,1.0,0.7895881101776805,0.0,0.7895881101776805,centered
AR1_0.8_n256_r36,AR1_0.8_n256,,GHE,1.0,0.8084321443919839,0.0,0.8084321443919839,centered
AR1_0.8_n256_r37,AR1_0.8_n256,,GPH,1.0,0.9745097855955869,0.0,0.9745097855955869,raw
AR1_0.8_n256_r37,AR1_0.8_n256,,Higuchi,1.0,0.8225968235938648,0.15728675297512806,0.9798835765689928,raw
AR1_0.8_n256_r37,AR1_0.8_n256,,GHE,1.0,0.8328734572320594,0.14576200988906185,0.9786354671211213,raw
AR1_0.8_n256_r37,AR1_0.8_n256,,GPH,1.0,0.9745097855955869,1.1102230246251565e-16,0.974509785595587,centered
AR1_0.8_n256_r37,AR1_0.8_n256,,Higuchi,1.0,0.8315248576973897,0.0,0.8315248576973897,centered
AR1_0.8_n256_r37,AR1_0.8_n256,,GHE,1.0,0.8390406522573491,0.0,0.8390406522573491,centered
AR1_0.8_n256_r38,AR1_0.8_n256,,GPH,1.0,0.8275219838820456,0.0,0.8275219838820456,raw
AR1_0.8_n256_r38,AR1_0.8_n256,,Higuchi,1.0,0.7263905018155872,0.19214196974888487,0.918532471564472,raw
AR1_0.8_n256_r38,AR1_0.8_n256,,GHE,1.0,0.7532909165484771,0.1621475335440229,0.9154384500925,raw
AR1_0.8_n256_r38,AR1_0.8_n256,,GPH,1.0,0.8275219838820456,0.0,0.8275219838820456,centered
AR1_0.8_n256_r38,AR1_0.8_n256,,Higuchi,1.0,0.5467733866363746,0.0,0.5467733866363746,centered
AR1_0.8_n256_r38,AR1_0.8_n256,,GHE,1.0,0.6266521206222633,1.1102230246251565e-16,0.6266521206222634,centered
AR1_0.8_n256_r39,AR1_0.8_n256,,GPH,1.0,1.1851250851004784,0.0,1.1851250851004784,raw
AR1_0.8_n256_r39,AR1_0.8_n256,,Higuchi,1.0,0.8294840915890109,0.11829616626511097,0.9477802578541219,raw
AR1_0.8_n256_r39,AR1_0.8_n256,,GHE,1.0,0.8478107902757069,0.09669082146815877,0.9445016117438657,raw
AR1_0.8_n256_r39,AR1_0.8_n256,,GPH,1.0,1.1851250851004784,0.0,1.1851250851004784,centered
AR1_0.8_n256_r39,AR1_0.8_n256,,Higuchi,1.0,0.8335386026963258,0.0,0.8335386026963258,centered
AR1_0.8_n256_r39,AR1_0.8_n256,,GHE,1.0,0.8507845533093773,0.0,0.8507845533093773,centered
AR1_0.8_n256_r4,AR1_0.8_n256,,GPH,1.0,0.9496268070848578,0.0,0.9496268070848578,raw
AR1_0.8_n256_r4,AR1_0.8_n256,,Higuchi,1.0,0.771463995448658,0.18206294801797385,0.9535269434666318,raw
AR1_0.8_n256_r4,AR1_0.8_n256,,GHE,1.0,0.8011998238392338,0.15858192967315898,0.9597817535123928,raw
AR1_0.8_n256_r4,AR1_0.8_n256,,GPH,1.0,0.9496268070848578,0.0,0.9496268070848578,centered
AR1_0.8_n256_r4,AR1_0.8_n256,,Higuchi,1.0,0.7763027726454015,0.0,0.7763027726454015,centered
AR1_0.8_n256_r4,AR1_0.8_n256,,GHE,1.0,0.8056916903218394,-1.1102230246251565e-16,0.8056916903218393,centered
AR1_0.8_n256_r40,AR1_0.8_n256,,GPH,1.0,0.8980978224294076,0.0,0.8980978224294076,raw
AR1_0.8_n256_r40,AR1_0.8_n256,,Higuchi,1.0,0.7091807048972882,0.255870662573934,0.9650513674712222,raw
AR1_0.8_n256_r40,AR1_0.8_n256,,GHE,1.0,0.7528602072275301,0.21074802588626296,0.9636082331137931,raw
AR1_0.8_n256_r40,AR1_0.8_n256,,GPH,1.0,0.8980978224294076,0.0,0.8980978224294076,centered
AR1_0.8_n256_r40,AR1_0.8_n256,,Higuchi,1.0,0.7076801327283686,0.0,0.7076801327283686,centered
AR1_0.8_n256_r40,AR1_0.8_n256,,GHE,1.0,0.7467519639387848,1.1102230246251565e-16,0.746751963938785,centered
AR1_0.8_n256_r41,AR1_0.8_n256,,GPH,1.0,0.9462315780173254,0.0,0.9462315780173254,raw
AR1_0.8_n256_r41,AR1_0.8_n256,,Higuchi,1.0,0.7774854072002337,0.1724635761430786,0.9499489833433123,raw
AR1_0.8_n256_r41,AR1_0.8_n256,,GHE,1.0,0.8002265661452894,0.1517581235650528,0.9519846897103422,raw
AR1_0.8_n256_r41,AR1_0.8_n256,,GPH,1.0,0.9462315780173254,0.0,0.9462315780173254,centered
AR1_0.8_n256_r41,AR1_0.8_n256,,Higuchi,1.0,0.7772475571064632,0.0,0.7772475571064632,centered
AR1_0.8_n256_r41,AR1_0.8_n256,,GHE,1.0,0.7999049206071932,0.0,0.7999049206071932,centered
AR1_0.8_n256_r42,AR1_0.8_n256,,GPH,1.0,0.8078627730158949,1.1102230246251565e-16,0.807862773015895,raw
AR1_0.8_n256_r42,AR1_0.8_n256,,Higuchi,1.0,0.7065700337097165,0.2550953585649467,0.9616653922746632,raw
AR1_0.8_n256_r42,AR1_0.8_n256,,GHE,1.0,0.7360990804192876,0.22479371508546997,0.9608927955047576,raw
AR1_0.8_n256_r42,AR1_0.8_n256,,GPH,1.0,0.8078627730158949,0.0,0.8078627730158949,centered
AR1_0.8_n256_r42,AR1_0.8_n256,,Higuchi,1.0,0.6889201270452985,0.0,0.6889201270452985,centered
AR1_0.8_n256_r42,AR1_0.8_n256,,GHE,1.0,0.7208213216183648,1.1102230246251565e-16,0.7208213216183649,centered
AR1_0.8_n256_r43,AR1_0.8_n256,,GPH,1.0,0.9650152040929205,0.0,0.9650152040929205,raw
AR1_0.8_n256_r43,AR1_0.8_n256,,Higuchi,1.0,0.8255099065620766,0.12195364668784614,0.9474635532499227,raw
AR1_0.8_n256_r43,AR1_0.8_n256,,GHE,1.0,0.8403162192381751,0.1079582718903288,0.9482744911285039,raw
AR1_0.8_n256_r43,AR1_0.8_n256,,GPH,1.0,0.9650152040929206,0.0,0.9650152040929206,centered
AR1_0.8_n256_r43,AR1_0.8_n256,,Higuchi,1.0,0.7819514084347325,0.0,0.7819514084347325,centered
AR1_0.8_n256_r43,AR1_0.8_n256,,GHE,1.0,0.8070884688491301,0.0,0.8070884688491301,centered
AR1_0.8_n256_r44,AR1_0.8_n256,,GPH,1.0,0.82384906742433,0.0,0.82384906742433,raw
AR1_0.8_n256_r44,AR1_0.8_n256,,Higuchi,1.0,0.6665961233762867,0.28124797763187503,0.9478441010081617,raw
AR1_0.8_n256_r44,AR1_0.8_n256,,GHE,1.0,0.7105598465405674,0.23777946055601995,0.9483393070965873,raw
AR1_0.8_n256_r44,AR1_0.8_n256,,GPH,1.0,0.82384906742433,0.0,0.82384906742433,centered
AR1_0.8_n256_r44,AR1_0.8_n256,,Higuchi,1.0,0.6670134256868403,0.0,0.6670134256868403,centered
AR1_0.8_n256_r44,AR1_0.8_n256,,GHE,1.0,0.7109562323869594,2.220446049250313e-16,0.7109562323869596,centered
AR1_0.8_n256_r45,AR1_0.8_n256,,GPH,1.0,1.0688234086704353,2.220446049250313e-16,1.0688234086704356,raw
AR1_0.8_n256_r45,AR1_0.8_n256,,Higuchi,1.0,0.8168079666710388,0.10857771165808328,0.9253856783291221,raw
AR1_0.8_n256_r45,AR1_0.8_n256,,GHE,1.0,0.8380893030344717,0.08531999469409723,0.923409297728569,raw
AR1_0.8_n256_r45,AR1_0.8_n256,,GPH,1.0,1.0688234086704353,2.220446049250313e-16,1.0688234086704356,centered
AR1_0.8_n256_r45,AR1_0.8_n256,,Higuchi,1.0,0.805180907526351,0.0,0.805180907526351,centered
AR1_0.8_n256_r45,AR1_0.8_n256,,GHE,1.0,0.8271563314771047,0.0,0.8271563314771047,centered
AR1_0.8_n256_r46,AR1_0.8_n256,,GPH,1.0,0.7951362356153244,0.0,0.7951362356153244,raw
AR1_0.8_n256_r46,AR1_0.8_n256,,Higuchi,1.0,0.6632161887320627,0.2824545769995144,0.945670765731577,raw
AR1_0.8_n256_r46,AR1_0.8_n256,,GHE,1.0,0.6937765979512247,0.2546681712865244,0.9484447692377491,raw
AR1_0.8_n256_r46,AR1_0.8_n256,,GPH,1.0,0.7951362356153244,0.0,0.7951362356153244,centered
AR1_0.8_n256_r46,AR1_0.8_n256,,Higuchi,1.0,0.6584851721211786,0.0,0.6584851721211786,centered
AR1_0.8_n256_r46,AR1_0.8_n256,,GHE,1.0,0.6874890021327213,-1.1102230246251565e-16,0.6874890021327212,centered
AR1_0.8_n256_r47,AR1_0.8_n256,,GPH,1.0,0.9396004855882567,0.0,0.9396004855882567,raw
AR1_0.8_n256_r47,AR1_0.8_n256,,Higuchi,1.0,0.7675513788150323,0.16459303559995608,0.9321444144149884,raw
AR1_0.8_n256_r47,AR1_0.8_n256,,GHE,1.0,0.7902486273151951,0.14166382031714853,0.9319124476323436,raw
AR1_0.8_n256_r47,AR1_0.8_n256,,GPH,1.0,0.9396004855882567,0.0,0.9396004855882567,centered
AR1_0.8_n256_r47,AR1_0.8_n256,,Higuchi,1.0,0.763795200558643,0.0,0.763795200558643,centered
AR1_0.8_n256_r47,AR1_0.8_n256,,GHE,1.0,0.7878141719788538,0.0,0.7878141719788538,centered
AR1_0.8_n256_r48,AR1_0.8_n256,,GPH,1.0,0.9894510908328242,0.0,0.9894510908328242,raw
AR1_0.8_n256_r48,AR1_0.8_n256,,Higuchi,1.0,0.8802022163098742,-0.03180849054214474,0.8483937257677294,raw
AR1_0.8_n256_r48,AR1_0.8_n256,,GHE,1.0,0.883484300010961,-0.023275289734507543,0.8602090102764535,raw
AR1_0.8_n256_r48,AR1_0.8_n256,,GPH,1.0,0.9894510908328242,0.0,0.9894510908328242,centered
AR1_0.8_n256_r48,AR1_0.8_n256,,Higuchi,1.0,0.805267412300332,0.0,0.805267412300332,centered
AR1_0.8_n256_r48,AR1_0.8_n256,,GHE,1.0,0.8174829695651534,0.0,0.8174829695651534,centered
AR1_0.8_n256_r49,AR1_0.8_n256,,GPH,1.0,0.9753746846054722,0.0,0.9753746846054722,raw
AR1_0.8_n256_r49,AR1_0.8_n256,,Higuchi,1.0,0.7638849954684539,0.15619431367061765,0.9200793091390715,raw
AR1_0.8_n256_r49,AR1_0.8_n256,,GHE,1.0,0.7919809069959972,0.1381030373750134,0.9300839443710106,raw
AR1_0.8_n256_r49,AR1_0.8_n256,,GPH,1.0,0.9753746846054722,-1.1102230246251565e-16,0.975374684605472,centered
AR1_0.8_n256_r49,AR1_0.8_n256,,Higuchi,1.0,0.7791830918613059,2.220446049250313e-16,0.7791830918613061,centered
AR1_0.8_n256_r49,AR1_0.8_n256,,GHE,1.0,0.8025957519148661,1.1102230246251565e-16,0.8025957519148662,centered
AR1_0.8_n256_r5,AR1_0.8_n256,,GPH,1.0,1.0360139890995357,0.0,1.0360139890995357,raw
AR1_0.8_n256_r5,AR1_0.8_n256,,Higuchi,1.0,0.7417692381434029,0.2070160224768689,0.9487852606202718,raw
AR1_0.8_n256_r5,AR1_0.8_n256,,GHE,1.0,0.7662435536634963,0.19048914173472886,0.9567326953982251,raw
AR1_0.8_n256_r5,AR1_0.8_n256,,GPH,1.0,1.0360139890995357,0.0,1.0360139890995357,centered
AR1_0.8_n256_r5,AR1_0.8_n256,,Higuchi,1.0,0.739286469090715,0.0,0.739286469090715,centered
AR1_0.8_n256_r5,AR1_0.8_n256,,GHE,1.0,0.765518685679674,1.1102230246251565e-16,0.7655186856796741,centered
AR1_0.8_n256_r50,AR1_0.8_n256,,GPH,1.0,1.0349740000726846,0.0,1.0349740000726846,raw
AR1_0.8_n256_r50,AR1_0.8_n256,,Higuchi,1.0,0.7254850322505386,0.24594534563194315,0.9714303778824818,raw
AR1_0.8_n256_r50,AR1_0.8_n256,,GHE,1.0,0.7762383003222844,0.19595570062586987,0.9721940009481542,raw
AR1_0.8_n256_r50,AR1_0.8_n256,,GPH,1.0,1.0349740000726846,0.0,1.0349740000726846,centered
AR1_0.8_n256_r50,AR1_0.8_n256,,Higuchi,1.0,0.7363965204386949,2.220446049250313e-16,0.7363965204386951,centered
AR1_0.8_n256_r50,AR1_0.8_n256,,GHE,1.0,0.781970326313778,0.0,0.781970326313778,centered
AR1_0.8_n256_r51,AR1_0.8_n256,,GPH,1.0,1.004632185882663,-2.220446049250313e-16,1.0046321858826628,raw
AR1_0.8_n256_r51,AR1_0.8_n256,,Higuchi,1.0,0.7601803059175998,0.23342136637569788,0.9936016722932977,raw
AR1_0.8_n256_r51,AR1_0.8_n256,,GHE,1.0,0.7869039746942761,0.20073850049015118,0.9876424751844273,raw
AR1_0.8_n256_r51,AR1_0.8_n256,,GPH,1.0,1.0046321858826628,2.220446049250313e-16,1.004632185882663,centered
AR1_0.8_n256_r51,AR1_0.8_n256,,Higuchi,1.0,0.7186707700170367,0.0,0.7186707700170367,centered
AR1_0.8_n256_r51,AR1_0.8_n256,,GHE,1.0,0.7575723274873577,0.0,0.7575723274873577,centered
AR1_0.8_n256_r52,AR1_0.8_n256,,GPH,1.0,0.8262663429870593,-1.1102230246251565e-16,0.8262663429870591,raw
AR1_0.8_n256_r52,AR1_0.8_n256,,Higuchi,1.0,0.6746395110761969,0.2939954012741013,0.9686349123502982,raw
AR1_0.8_n256_r52,AR1_0.8_n256,,GHE,1.0,0.710921787307101,0.25605299875888954,0.9669747860659905,raw
AR1_0.8_n256_r52,AR1_0.8_n256,,GPH,1.0,0.8262663429870591,0.0,0.8262663429870591,centered
AR1_0.8_n256_r52,AR1_0.8_n256,,Higuchi,1.0,0.6643862642895231,0.0,0.6643862642895231,centered
AR1_0.8_n256_r52,AR1_0.8_n256,,GHE,1.0,0.7029520285196114,0.0,0.7029520285196114,centered
AR1_0.8_n256_r53,AR1_0.8_n256,,GPH,1.0,0.9639294452620533,0.0,0.9639294452620533,raw
AR1_0.8_n256_r53,AR1_0.8_n256,,Higuchi,1.0,0.8131887815014696,0.08282776702376116,0.8960165485252307,raw
AR1_0.8_n256_r53,AR1_0.8_n256,,GHE,1.0,0.8344813123178606,0.06939467712407121,0.9038759894419318,raw
AR1_0.8_n256_r53,AR1_0.8_n256,,GPH,1.0,0.9639294452620533,0.0,0.9639294452620533,centered
AR1_0.8_n256_r53,AR1_0.8_n256,,Higuchi,1.0,0.7781152495361807,0.0,0.7781152495361807,centered
AR1_0.8_n256_r53,AR1_0.8_n256,,GHE,1.0,0.8004501987537185,0.0,0.8004501987537185,centered
AR1_0.8_n256_r54,AR1_0.8_n256,,GPH,1.0,0.9988619689383305,0.0,0.9988619689383305,raw
AR1_0.8_n256_r54,AR1_0.8_n256,,Higuchi,1.0,0.7139299569106319,0.21202733423727782,0.9259572911479097,raw
AR1_0.8_n256_r54,AR1_0.8_n256,,GHE,1.0,0.7622937024782092,0.16813068749527704,0.9304243899734862,raw
AR1_0.8_n256_r54,AR1_0.8_n256,,GPH,1.0,0.9988619689383305,-1.1102230246251565e-16,0.9988619689383303,centered
AR1_0.8_n256_r54,AR1_0.8_n256,,Higuchi,1.0,0.7150980292896563,0.0,0.7150980292896563,centered
AR1_0.8_n256_r54,AR1_0.8_n256,,GHE,1.0,0.7612799936057615,0.0,0.7612799936057615,centered
AR1_0.8_n256_r55,AR1_0.8_n256,,GPH,1.0,0.8317912603051337,-1.1102230246251565e-16,0.8317912603051336,raw
AR1_0.8_n256_r55,AR1_0.8_n256,,Higuchi,1.0,0.6864115383616327,0.289640446992101,0.9760519853537337,raw
AR1_0.8_n256_r55,AR1_0.8_n256,,GHE,1.0,0.6999192975935586,0.26970309099085166,0.9696223885844103,raw
AR1_0.8_n256_r55,AR1_0.8_n256,,GPH,1.0,0.8317912603051337,-1.1102230246251565e-16,0.8317912603051336,centered
AR1_0.8_n256_r55,AR1_0.8_n256,,Higuchi,1.0,0.6796668994452857,0.0,0.6796668994452857,centered
AR1_0.8_n256_r55,AR1_0.8_n256,,GHE,1.0,0.6927608785876069,0.0,0.6927608785876069,centered
AR1_0.8_n256_r56,AR1_0.8_n256,,GPH,1.0,0.9337048142286257,0.0,0.9337048142286257,raw
AR1_0.8_n256_r56,AR1_0.8_n256,,Higuchi,1.0,0.7571641534436957,0.1989184330807856,0.9560825865244813,raw
AR1_0.8_n256_r56,AR1_0.8_n256,,GHE,1.0,0.7903779670894931,0.16553087232147046,0.9559088394109636,raw
AR1_0.8_n256_r56,AR1_0.8_n256,,GPH,1.0,0.9337048142286256,1.1102230246251565e-16,0.9337048142286257,centered
AR1_0.8_n256_r56,AR1_0.8_n256,,Higuchi,1.0,0.7525832047037921,0.0,0.7525832047037921,centered
AR1_0.8_n256_r56,AR1_0.8_n256,,GHE,1.0,0.7874166237784012,0.0,0.7874166237784012,centered
AR1_0.8_n256_r57,AR1_0.8_n256,,GPH,1.0,0.9829350525255522,0.0,0.9829350525255522,raw
AR1_0.8_n256_r57,AR1_0.8_n256,,Higuchi,1.0,0.7819013097971739,0.0557041911979399,0.8376055009951138,raw
AR1_0.8_n256_r57,AR1_0.8_n256,,GHE,1.0,0.8085094739154394,0.040529658882184405,0.8490391327976238,raw
AR1_0.8_n256_r57,AR1_0.8_n256,,GPH,1.0,0.9829350525255522,0.0,0.9829350525255522,centered
AR1_0.8_n256_r57,AR1_0.8_n256,,Higuchi,1.0,0.6975678093437678,0.0,0.6975678093437678,centered
AR1_0.8_n256_r57,AR1_0.8_n256,,GHE,1.0,0.737639664836589,0.0,0.737639664836589,centered
AR1_0.8_n256_r58,AR1_0.8_n256,,GPH,1.0,1.0959655387974239,0.0,1.0959655387974239,raw
AR1_0.8_n256_r58,AR1_0.8_n256,,Higuchi,1.0,0.8133786480376548,0.17023299234298728,0.9836116403806421,raw
AR1_0.8_n256_r58,AR1_0.8_n256,,GHE,1.0,0.8228791009617304,0.15555456653746436,0.9784336674991948,raw
AR1_0.8_n256_r58,AR1_0.8_n256,,GPH,1.0,1.0959655387974239,0.0,1.0959655387974239,centered
AR1_0.8_n256_r58,AR1_0.8_n256,,Higuchi,1.0,0.8037828451884459,-4.440892098500626e-16,0.8037828451884454,centered
AR1_0.8_n256_r58,AR1_0.8_n256,,GHE,1.0,0.8164938110664199,0.0,0.8164938110664199,centered
AR1_0.8_n256_r59,AR1_0.8_n256,,GPH,1.0,0.8981429447973288,0.0,0.8981429447973288,raw
AR1_0.8_n256_r59,AR1_0.8_n256,,Higuchi,1.0,0.7085790250672301,0.2608762950428256,0.9694553201100558,raw
AR1_0.8_n256_r59,AR1_0.8_n256,,GHE,1.0,0.730311939011898,0.2347340439384462,0.9650459829503442,raw
AR1_0.8_n256_r59,AR1_0.8_n256,,GPH,1.0,0.8981429447973288,0.0,0.8981429447973288,centered
AR1_0.8_n256_r59,AR1_0.8_n256,,Higuchi,1.0,0.7172379982931218,0.0,0.7172379982931218,centered
AR1_0.8_n256_r59,AR1_0.8_n256,,GHE,1.0,0.7395217305785283,1.1102230246251565e-16,0.7395217305785284,centered
AR1_0.8_n256_r6,AR1_0.8_n256,,GPH,1.0,0.708439103036614,-1.1102230246251565e-16,0.7084391030366138,raw
AR1_0.8_n256_r6,AR1_0.8_n256,,Higuchi,1.0,0.6980052606059239,0.26900143350511674,0.9670066941110407,raw
AR1_0.8_n256_r6,AR1_0.8_n256,,GHE,1.0,0.7399462147273588,0.22250175357213153,0.9624479682994903,raw
AR1_0.8_n256_r6,AR1_0.8_n256,,GPH,1.0,0.708439103036614,-1.1102230246251565e-16,0.7084391030366138,centered
AR1_0.8_n256_r6,AR1_0.8_n256,,Higuchi,1.0,0.6980917423469704,0.0,0.6980917423469704,centered
AR1_0.8_n256_r6,AR1_0.8_n256,,GHE,1.0,0.7396302130271702,1.1102230246251565e-16,0.7396302130271704,centered
AR1_0.8_n256_r60,AR1_0.8_n256,,GPH,1.0,1.152186004321436,0.0,1.152186004321436,raw
AR1_0.8_n256_r60,AR1_0.8_n256,,Higuchi,1.0,0.7718099538124796,0.20707989698659812,0.9788898507990778,raw
AR1_0.8_n256_r60,AR1_0.8_n256,,GHE,1.0,0.8006894578636695,0.177076920593371,0.9777663784570405,raw
AR1_0.8_n256_r60,AR1_0.8_n256,,GPH,1.0,1.152186004321436,-2.220446049250313e-16,1.1521860043214358,centered
AR1_0.8_n256_r60,AR1_0.8_n256,,Higuchi,1.0,0.7620024065565463,-2.220446049250313e-16,0.762002406556546,centered
AR1_0.8_n256_r60,AR1_0.8_n256,,GHE,1.0,0.793060706536772,0.0,0.793060706536772,centered
AR1_0.8_n256_r61,AR1_0.8_n256,,GPH,1.0,0.8348835909227037,0.0,0.8348835909227037,raw
AR1_0.8_n256_r61,AR1_0.8_n256,,Higuchi,1.0,0.7196868833441703,0.178380926559097,0.8980678099032673,raw
AR1_0.8_n256_r61,AR1_0.8_n256,,GHE,1.0,0.7603102129250331,0.13880201367310074,0.8991122265981338,raw
AR1_0.8_n256_r61,AR1_0.8_n256,,GPH,1.0,0.8348835909227037,0.0,0.8348835909227037,centered
AR1_0.8_n256_r61,AR1_0.8_n256,,Higuchi,1.0,0.6602385312363783,0.0,0.6602385312363783,centered
AR1_0.8_n256_r61,AR1_0.8_n256,,GHE,1.0,0.7128143621424244,0.0,0.7128143621424244,centered
AR1_0.8_n256_r62,AR1_0.8_n256,,GPH,1.0,0.8846099119509616,0.0,0.8846099119509616,raw
AR1_0.8_n256_r62,AR1_0.8_n256,,Higuchi,1.0,0.7308258830925936,0.1959167612323749,0.9267426443249684,raw
AR1_0.8_n256_r62,AR1_0.8_n256,,GHE,1.0,0.7468083784760712,0.1794188386474347,0.9262272171235059,raw
AR1_0.8_n256_r62,AR1_0.8_n256,,GPH,1.0,0.8846099119509616,0.0,0.8846099119509616,centered
AR1_0.8_n256_r62,AR1_0.8_n256,,Higuchi,1.0,0.6729064880240552,2.220446049250313e-16,0.6729064880240554,centered
AR1_0.8_n256_r62,AR1_0.8_n256,,GHE,1.0,0.7006960197950253,-1.1102230246251565e-16,0.7006960197950252,centered
AR1_0.8_n256_r63,AR1_0.8_n256,,GPH,1.0,0.9417521637997401,0.0,0.9417521637997401,raw
AR1_0.8_n256_r63,AR1_0.8_n256,,Higuchi,1.0,0.8295176458433864,0.17258163110970082,1.0020992769530872,raw
AR1_0.8_n256_r63,AR1_0.8_n256,,GHE,1.0,0.8316746426824689,0.16580230944679564,0.9974769521292646,raw
AR1_0.8_n256_r63,AR1_0.8_n256,,GPH,1.0,0.9417521637997401,0.0,0.9417521637997401,centered
AR1_0.8_n256_r63,AR1_0.8_n256,,Higuchi,1.0,0.7506412081859355,-2.220446049250313e-16,0.7506412081859353,centered
AR1_0.8_n256_r63,AR1_0.8_n256,,GHE,1.0,0.7772114672134862,0.0,0.7772114672134862,centered
AR1_0.8_n256_r7,AR1_0.8_n256,,GPH,1.0,0.8986295768973932,0.0,0.8986295768973932,raw
AR1_0.8_n256_r7,AR1_0.8_n256,,Higuchi,1.0,0.6714543534355082,0.3096137430249548,0.981068096460463,raw
AR1_0.8_n256_r7,AR1_0.8_n256,,GHE,1.0,0.7132658683708463,0.2619978582204019,0.9752637265912482,raw
AR1_0.8_n256_r7,AR1_0.8_n256,,GPH,1.0,0.8986295768973933,-1.1102230246251565e-16,0.8986295768973932,centered
AR1_0.8_n256_r7,AR1_0.8_n256,,Higuchi,1.0,0.6659751447223923,0.0,0.6659751447223923,centered
AR1_0.8_n256_r7,AR1_0.8_n256,,GHE,1.0,0.7071657447226252,2.220446049250313e-16,0.7071657447226254,centered
AR1_0.8_n256_r8,AR1_0.8_n256,,GPH,1.0,1.0667103773177016,-2.220446049250313e-16,1.0667103773177014,raw
AR1_0.8_n256_r8,AR1_0.8_n256,,Higuchi,1.0,0.8700891008390979,0.13985325288321193,1.0099423537223098,raw
AR1_0.8_n256_r8,AR1_0.8_n256,,GHE,1.0,0.8697011853212796,0.13426216376704458,1.0039633490883242,raw
AR1_0.8_n256_r8,AR1_0.8_n256,,GPH,1.0,1.0667103773177016,0.0,1.0667103773177016,centered
AR1_0.8_n256_r8,AR1_0.8_n256,,Higuchi,1.0,0.834228151481798,0.0,0.834228151481798,centered
AR1_0.8_n256_r8,AR1_0.8_n256,,GHE,1.0,0.8449209394056406,0.0,0.8449209394056406,centered
AR1_0.8_n256_r9,AR1_0.8_n256,,GPH,1.0,0.9334536542741569,-2.220446049250313e-16,0.9334536542741567,raw
AR1_0.8_n256_r9,AR1_0.8_n256,,Higuchi,1.0,0.7899965731904981,0.18700527518356713,0.9770018483740652,raw
AR1_0.8_n256_r9,AR1_0.8_n256,,GHE,1.0,0.8118384304866944,0.16242550484468732,0.9742639353313817,raw
AR1_0.8_n256_r9,AR1_0.8_n256,,GPH,1.0,0.9334536542741569,-2.220446049250313e-16,0.9334536542741567,centered
AR1_0.8_n256_r9,AR1_0.8_n256,,Higuchi,1.0,0.7925006285048262,0.0,0.7925006285048262,centered
AR1_0.8_n256_r9,AR1_0.8_n256,,GHE,1.0,0.8187232134561173,0.0,0.8187232134561173,centered
AR1_0.8_n512_r0,AR1_0.8_n512,,GPH,1.0,0.6245906257002504,1.1102230246251565e-16,0.6245906257002505,raw
AR1_0.8_n512_r0,AR1_0.8_n512,,Higuchi,1.0,0.6867912584406821,0.2624666071199897,0.9492578655606718,raw
AR1_0.8_n512_r0,AR1_0.8_n512,,GHE,1.0,0.7283644737100335,0.21965490864865345,0.948019382358687,raw
AR1_0.8_n512_r0,AR1_0.8_n512,,GPH,1.0,0.6245906257002504,1.1102230246251565e-16,0.6245906257002505,centered
AR1_0.8_n512_r0,AR1_0.8_n512,,Higuchi,1.0,0.6867579163482862,0.0,0.6867579163482862,centered
AR1_0.8_n512_r0,AR1_0.8_n512,,GHE,1.0,0.7283556070327789,1.1102230246251565e-16,0.728355607032779,centered
AR1_0.8_n512_r1,AR1_0.8_n512,,GPH,1.0,0.4910981052094431,5.551115123125783e-17,0.49109810520944314,raw
AR1_0.8_n512_r1,AR1_0.8_n512,,Higuchi,1.0,0.6804623937688983,0.2896532872941826,0.9701156810630809,raw
AR1_0.8_n512_r1,AR1_0.8_n512,,GHE,1.0,0.7155028412358182,0.25076907599718,0.9662719172329982,raw
AR1_0.8_n512_r1,AR1_0.8_n512,,GPH,1.0,0.4910981052094431,0.0,0.4910981052094431,centered
AR1_0.8_n512_r1,AR1_0.8_n512,,Higuchi,1.0,0.6525523776791327,0.0,0.6525523776791327,centered
AR1_0.8_n512_r1,AR1_0.8_n512,,GHE,1.0,0.6923929445941628,0.0,0.6923929445941628,centered
AR1_0.8_n512_r10,AR1_0.8_n512,,GPH,1.0,0.7126077172441294,0.0,0.7126077172441294,raw
AR1_0.8_n512_r10,AR1_0.8_n512,,Higuchi,1.0,0.7157302504250296,0.23195879645211237,0.947689046877142,raw
AR1_0.8_n512_r10,AR1_0.8_n512,,GHE,1.0,0.7495871773478705,0.19461407675714382,0.9442012541050143,raw
AR1_0.8_n512_r10,AR1_0.8_n512,,GPH,1.0,0.7126077172441294,0.0,0.7126077172441294,centered
AR1_0.8_n512_r10,AR1_0.8_n512,,Higuchi,1.0,0.7124249703570393,0.0,0.7124249703570393,centered
AR1_0.8_n512_r10,AR1_0.8_n512,,GHE,1.0,0.7451111887223943,0.0,0.7451111887223943,centered
AR1_0.8_n512_r11,AR1_0.8_n512,,GPH,1.0,0.6896542023336577,0.0,0.6896542023336577,raw
AR1_0.8_n512_r11,AR1_0.8_n512,,Higuchi,1.0,0.7505111150908437,0.19989790215308734,0.950409017243931,raw
AR1_0.8_n512_r11,AR1_0.8_n512,,GHE,1.0,0.7822167237216129,0.16902233273751854,0.9512390564591314,raw
AR1_0.8_n512_r11,AR1_0.8_n512,,GPH,1.0,0.6896542023336576,1.1102230246251565e-16,0.6896542023336577,centered
AR1_0.8_n512_r11,AR1_0.8_n512,,Higuchi,1.0,0.7511358925919891,0.0,0.7511358925919891,centered
AR1_0.8_n512_r11,AR1_0.8_n512,,GHE,1.0,0.7826184640561082,0.0,0.7826184640561082,centered
AR1_0.8_n512_r12,AR1_0.8_n512,,GPH,1.0,0.7902526463182902,2.220446049250313e-16,0.7902526463182904,raw
AR1_0.8_n512_r12,AR1_0.8_n512,,Higuchi,1.0,0.779969247736725,0.11734824995339377,0.8973174976901188,raw
AR1_0.8_n512_r12,AR1_0.8_n512,,GHE,1.0,0.7967704101087211,0.10680402497666108,0.9035744350853822,raw
AR1_0.8_n512_r12,AR1_0.8_n512,,GPH,1.0,0.7902526463182903,1.1102230246251565e-16,0.7902526463182904,centered
AR1_0.8_n512_r12,AR1_0.8_n512,,Higuchi,1.0,0.7354408578909959,0.0,0.7354408578909959,centered
AR1_0.8_n512_r12,AR1_0.8_n512,,GHE,1.0,0.7611402427733083,-2.220446049250313e-16,0.761140242773308,centered
AR1_0.8_n512_r13,AR1_0.8_n512,,GPH,1.0,0.7407850293176435,0.0,0.7407850293176435,raw
AR1_0.8_n512_r13,AR1_0.8_n512,,Higuchi,1.0,0.7724239440548066,0.18121204279444636,0.953635986849253,raw
AR1_0.8_n512_r13,AR1_0.8_n512,,GHE,1.0,0.7978843827174492,0.1561607662975526,0.9540451490150018,raw
AR1_0.8_n512_r13,AR1_0.8_n512,,GPH,1.0,0.7407850293176436,-1.1102230246251565e-16,0.7407850293176435,centered
AR1_0.8_n512_r13,AR1_0.8_n512,,Higuchi,1.0,0.7729962877542818,2.220446049250313e-16,0.772996287754282,centered
AR1_0.8_n512_r13,AR1_0.8_n512,,GHE,1.0,0.7983065963451956,0.0,0.7983065963451956,centered
AR1_0.8_n512_r14,AR1_0.8_n512,,GPH,1.0,0.7330454419497022,1.1102230246251565e-16,0.7330454419497023,raw
AR1_0.8_n512_r14,AR1_0.8_n512,,Higuchi,1.0,0.8084752054093793,0.1430006084836246,0.951475813893004,raw
AR1_0.8_n512_r14,AR1_0.8_n512,,GHE,1.0,0.8195853691654025,0.13584352972628533,0.9554288988916878,raw
AR1_0.8_n512_r14,AR1_0.8_n512,,GPH,1.0,0.7330454419497023,-1.1102230246251565e-16,0.7330454419497022,centered
AR1_0.8_n512_r14,AR1_0.8_n512,,Higuchi,1.0,0.8091505647325918,0.0,0.8091505647325918,centered
AR1_0.8_n512_r14,AR1_0.8_n512,,GHE,1.0,0.8199052053957041,0.0,0.8199052053957041,centered
AR1_0.8_n512_r15,AR1_0.8_n512,,GPH,1.0,0.9826274174675121,0.0,0.9826274174675121,raw
AR1_0.8_n512_r15,AR1_0.8_n512,,Higuchi,1.0,0.839550071710635,0.13720273154015206,0.9767528032507871,raw
AR1_0.8_n512_r15,AR1_0.8_n512,,GHE,1.0,0.8504385154221036,0.12436251629662243,0.974801031718726,raw
AR1_0.8_n512_r15,AR1_0.8_n512,,GPH,1.0,0.9826274174675121,-1.1102230246251565e-16,0.982627417467512,centered
AR1_0.8_n512_r15,AR1_0.8_n512,,Higuchi,1.0,0.8286605418944923,0.0,0.8286605418944923,centered
AR1_0.8_n512_r15,AR1_0.8_n512,,GHE,1.0,0.8408404939857699,1.1102230246251565e-16,0.84084049398577,centered
AR1_0.8_n512_r16,AR1_0.8_n512,,GPH,1.0,0.6162787778793862,0.0,0.6162787778793862,raw
AR1_0.8_n512_r16,AR1_0.8_n512,,Higuchi,1.0,0.6893491912536107,0.2523766866542425,0.9417258779078532,raw
AR1_0.8_n512_r16,AR1_0.8_n512,,GHE,1.0,0.7315329236102673,0.21378226284331758,0.9453151864535849,raw
AR1_0.8_n512_r16,AR1_0.8_n512,,GPH,1.0,0.6162787778793862,0.0,0.6162787778793862,centered
AR1_0.8_n512_r16,AR1_0.8_n512,,Higuchi,1.0,0.6950494122296915,2.220446049250313e-16,0.6950494122296917,centered
AR1_0.8_n512_r16,AR1_0.8_n512,,GHE,1.0,0.7366604168323474,0.0,0.7366604168323474,centered
AR1_0.8_n512_r17,AR1_0.8_n512,,GPH,1.0,0.4493629737069339,1.1102230246251565e-16,0.449362973706934,raw
AR1_0.8_n512_r17,AR1_0.8_n512,,Higuchi,1.0,0.6211714040134364,0.3530607617214683,0.9742321657349047,raw
AR1_0.8_n512_r17,AR1_0.8_n512,,GHE,1.0,0.6730976067326839,0.29789557815229795,0.9709931848849819,raw
AR1_0.8_n512_r17,AR1_0.8_n512,,GPH,1.0,0.4493629737069339,1.1102230246251565e-16,0.449362973706934,centered
AR1_0.8_n512_r17,AR1_0.8_n512,,Higuchi,1.0,0.6207911045867505,0.0,0.6207911045867505,centered
AR1_0.8_n512_r17,AR1_0.8_n512,,GHE,1.0,0.6729032955991759,0.0,0.6729032955991759,centered
AR1_0.8_n512_r18,AR1_0.8_n512,,GPH,1.0,0.7292939772080411,0.0,0.7292939772080411,raw
AR1_0.8_n512_r18,AR1_0.8_n512,,Higuchi,1.0,0.717397973055401,0.24082995828538722,0.9582279313407882,raw
AR1_0.8_n512_r18,AR1_0.8_n512,,GHE,1.0,0.738798868925206,0.21844926631751493,0.9572481352427209,raw
AR1_0.8_n512_r18,AR1_0.8_n512,,GPH,1.0,0.7292939772080411,0.0,0.7292939772080411,centered
AR1_0.8_n512_r18,AR1_0.8_n512,,Higuchi,1.0,0.7103423511183307,0.0,0.7103423511183307,centered
AR1_0.8_n512_r18,AR1_0.8_n512,,GHE,1.0,0.7331252778394673,0.0,0.7331252778394673,centered
AR1_0.8_n512_r19,AR1_0.8_n512,,GPH,1.0,0.9071447258718153,0.0,0.9071447258718153,raw
AR1_0.8_n512_r19,AR1_0.8_n512,,Higuchi,1.0,0.8372023646834705,0.133202632121042,0.9704049968045125,raw
AR1_0.8_n512_r19,AR1_0.8_n512,,GHE,1.0,0.8513329476750887,0.11854354105715037,0.9698764887322391,raw
AR1_0.8_n512_r19,AR1_0.8_n512,,GPH,1.0,0.9071447258718153,-1.1102230246251565e-16,0.9071447258718152,centered
AR1_0.8_n512_r19,AR1_0.8_n512,,Higuchi,1.0,0.8203285246105103,2.220446049250313e-16,0.8203285246105105,centered
AR1_0.8_n512_r19,AR1_0.8_n512,,GHE,1.0,0.8368954382076969,0.0,0.8368954382076969,centered
AR1_0.8_n512_r2,AR1_0.8_n512,,GPH,1.0,0.8046778228403375,0.0,0.8046778228403375,raw
AR1_0.8_n512_r2,AR1_0.8_n512,,Higuchi,1.0,0.7811094734451101,0.19550556433569222,0.9766150377808023,raw
AR1_0.8_n512_r2,AR1_0.8_n512,,GHE,1.0,0.806745736921624,0.16897448950880978,0.9757202264304338,raw
AR1_0.8_n512_r2,AR1_0.8_n512,,GPH,1.0,0.8046778228403375,0.0,0.8046778228403375,centered
AR1_0.8_n512_r2,AR1_0.8_n512,,Higuchi,1.0,0.7536205644463438,0.0,0.7536205644463438,centered
AR1_0.8_n512_r2,AR1_0.8_n512,,GHE,1.0,0.7865753564076082,0.0,0.7865753564076082,centered
AR1_0.8_n512_r20,AR1_0.8_n512,,GPH,1.0,0.7565620054759323,-1.1102230246251565e-16,0.7565620054759322,raw
AR1_0.8_n512_r20,AR1_0.8_n512,,Higuchi,1.0,0.7583660169935937,0.2100008320867952,0.968366849080389,raw
AR1_0.8_n512_r20,AR1_0.8_n512,,GHE,1.0,0.7812140323221979,0.18699774221116983,0.9682117745333677,raw
AR1_0.8_n512_r20,AR1_0.8_n512,,GPH,1.0,0.7565620054759323,-1.1102230246251565e-16,0.7565620054759322,centered
AR1_0.8_n512_r20,AR1_0.8_n512,,Higuchi,1.0,0.7496960602288023,0.0,0.7496960602288023,centered
AR1_0.8_n512_r20,AR1_0.8_n512,,GHE,1.0,0.7750333017594591,0.0,0.7750333017594591,centered
AR1_0.8_n512_r21,AR1_0.8_n512,,GPH,1.0,0.8410775121312422,0.0,0.8410775121312422,raw
AR1_0.8_n512_r21,AR1_0.8_n512,,Higuchi,1.0,0.7929714763373219,0.15019731135589254,0.9431687876932144,raw
AR1_0.8_n512_r21,AR1_0.8_n512,,GHE,1.0,0.8134304506712827,0.13249581136703237,0.9459262620383151,raw
AR1_0.8_n512_r21,AR1_0.8_n512,,GPH,1.0,0.8410775121312422,0.0,0.8410775121312422,centered
AR1_0.8_n512_r21,AR1_0.8_n512,,Higuchi,1.0,0.7914277768223681,0.0,0.7914277768223681,centered
AR1_0.8_n512_r21,AR1_0.8_n512,,GHE,1.0,0.8123080375859686,2.220446049250313e-16,0.8123080375859688,centered
AR1_0.8_n512_r22,AR1_0.8_n512,,GPH,1.0,0.7079916963595709,0.0,0.7079916963595709,raw
AR1_0.8_n512_r22,AR1_0.8_n512,,Higuchi,1.0,0.7209445350897057,0.2607657527314118,0.9817102878211175,raw
AR1_0.8_n512_r22,AR1_0.8_n512,,GHE,1.0,0.7447446464329506,0.23399651186508386,0.9787411582980344,raw
AR1_0.8_n512_r22,AR1_0.8_n512,,GPH,1.0,0.7079916963595709,0.0,0.7079916963595709,centered
AR1_0.8_n512_r22,AR1_0.8_n512,,Higuchi,1.0,0.7160435286753206,0.0,0.7160435286753206,centered
AR1_0.8_n512_r22,AR1_0.8_n512,,GHE,1.0,0.739444320617663,0.0,0.739444320617663,centered
AR1_0.8_n512_r23,AR1_0.8_n512,,GPH,1.0,0.6016965072667559,0.0,0.6016965072667559,raw
AR1_0.8_n512_r23,AR1_0.8_n512,,Higuchi,1.0,0.8039655834915287,0.16476483096318173,0.9687304144547104,raw
AR1_0.8_n512_r23,AR1_0.8_n512,,GHE,1.0,0.824907437987048,0.1403241505779239,0.9652315885649719,raw
AR1_0.8_n512_r23,AR1_0.8_n512,,GPH,1.0,0.6016965072667559,0.0,0.6016965072667559,centered
AR1_0.8_n512_r23,AR1_0.8_n512,,Higuchi,1.0,0.8050352938580003,2.220446049250313e-16,0.8050352938580005,centered
AR1_0.8_n512_r23,AR1_0.8_n512,,GHE,1.0,0.8264459842855292,0.0,0.8264459842855292,centered
AR1_0.8_n512_r24,AR1_0.8_n512,,GPH,1.0,0.5560209376506773,0.0,0.5560209376506773,raw
AR1_0.8_n512_r24,AR1_0.8_n512,,Higuchi,1.0,0.6791719445144058,0.29116473914087715,0.9703366836552829,raw
AR1_0.8_n512_r24,AR1_0.8_n512,,GHE,1.0,0.7219421515466978,0.24790406227103,0.9698462138177278,raw
AR1_0.8_n512_r24,AR1_0.8_n512,,GPH,1.0,0.5560209376506773,0.0,0.5560209376506773,centered
AR1_0.8_n512_r24,AR1_0.8_n512,,Higuchi,1.0,0.6648900233789368,0.0,0.6648900233789368,centered
AR1_0.8_n512_r24,AR1_0.8_n512,,GHE,1.0,0.7090719554476133,0.0,0.7090719554476133,centered
AR1_0.8_n512_r25,AR1_0.8_n512,,GPH,1.0,0.8300252051975393,-1.1102230246251565e-16,0.8300252051975392,raw
AR1_0.8_n512_r25,AR1_0.8_n512,,Higuchi,1.0,0.8317596198813486,0.12775891507303228,0.9595185349543809,raw
AR1_0.8_n512_r25,AR1_0.8_n512,,GHE,1.0,0.8392292526833588,0.12555572959499384,0.9647849822783526,raw
AR1_0.8_n512_r25,AR1_0.8_n512,,GPH,1.0,0.8300252051975393,-1.1102230246251565e-16,0.8300252051975392,centered
AR1_0.8_n512_r25,AR1_0.8_n512,,Higuchi,1.0,0.8213181391624751,0.0,0.8213181391624751,centered
AR1_0.8_n512_r25,AR1_0.8_n512,,GHE,1.0,0.8317670788215841,-3.3306690738754696e-16,0.8317670788215837,centered
AR1_0.8_n512_r26,AR1_0.8_n512,,GPH,1.0,0.7507753603137951,-1.1102230246251565e-16,0.750775360313795,raw
AR1_0.8_n512_r26,AR1_0.8_n512,,Higuchi,1.0,0.7469731056867088,0.19747717344370486,0.9444502791304137,raw
AR1_0.8_n512_r26,AR1_0.8_n512,,GHE,1.0,0.778248293349444,0.17051954152010385,0.9487678348695479,raw
AR1_0.8_n512_r26,AR1_0.8_n512,,GPH,1.0,0.7507753603137951,-1.1102230246251565e-16,0.750775360313795,centered
AR1_0.8_n512_r26,AR1_0.8_n512,,Higuchi,1.0,0.749731176458118,-2.220446049250313e-16,0.7497311764581178,centered
AR1_0.8_n512_r26,AR1_0.8_n512,,GHE,1.0,0.7806936449628069,-1.1102230246251565e-16,0.7806936449628068,centered
AR1_0.8_n512_r27,AR1_0.8_n512,,GPH,1.0,0.7195501510981019,0.0,0.7195501510981019,raw
AR1_0.8_n512_r27,AR1_0.8_n512,,Higuchi,1.0,0.7469414928987914,0.2079068051002675,0.9548482979990589,raw
AR1_0.8_n512_r27,AR1_0.8_n512,,GHE,1.0,0.7734230912911667,0.1806578459941629,0.9540809372853296,raw
AR1_0.8_n512_r27,AR1_0.8_n512,,GPH,1.0,0.7195501510981019,1.1102230246251565e-16,0.719550151098102,centered
AR1_0.8_n512_r27,AR1_0.8_n512,,Higuchi,1.0,0.7463900740012415,0.0,0.7463900740012415,centered
AR1_0.8_n512_r27,AR1_0.8_n512,,GHE,1.0,0.7729919657978265,0.0,0.7729919657978265,centered
AR1_0.8_n512_r28,AR1_0.8_n512,,GPH,1.0,0.7701179142023176,1.1102230246251565e-16,0.7701179142023177,raw
AR1_0.8_n512_r28,AR1_0.8_n512,,Higuchi,1.0,0.7582005006847634,0.15405080957832817,0.9122513102630916,raw
AR1_0.8_n512_r28,AR1_0.8_n512,,GHE,1.0,0.7902319752625572,0.1323205042054958,0.922552479468053,raw
AR1_0.8_n512_r28,AR1_0.8_n512,,GPH,1.0,0.7701179142023176,0.0,0.7701179142023176,centered
AR1_0.8_n512_r28,AR1_0.8_n512,,Higuchi,1.0,0.7561127584411624,0.0,0.7561127584411624,centered
AR1_0.8_n512_r28,AR1_0.8_n512,,GHE,1.0,0.7895135436882543,0.0,0.7895135436882543,centered
AR1_0.8_n512_r29,AR1_0.8_n512,,GPH,1.0,0.47922842720719727,-5.551115123125783e-17,0.4792284272071972,raw
AR1_0.8_n512_r29,AR1_0.8_n512,,Higuchi,1.0,0.7377263611408509,0.24270434983423916,0.98043071097509,raw
AR1_0.8_n512_r29,AR1_0.8_n512,,GHE,1.0,0.7591842156447103,0.22116302293192003,0.9803472385766303,raw
AR1_0.8_n512_r29,AR1_0.8_n512,,GPH,1.0,0.47922842720719727,0.0,0.47922842720719727,centered
AR1_0.8_n512_r29,AR1_0.8_n512,,Higuchi,1.0,0.6993270116200592,4.440892098500626e-16,0.6993270116200596,centered
AR1_0.8_n512_r29,AR1_0.8_n512,,GHE,1.0,0.722229299309231,-2.220446049250313e-16,0.7222292993092307,centered
AR1_0.8_n512_r3,AR1_0.8_n512,,GPH,1.0,0.7249986050982342,1.1102230246251565e-16,0.7249986050982343,raw
AR1_0.8_n512_r3,AR1_0.8_n512,,Higuchi,1.0,0.7898299828391122,0.16886879812588473,0.9586987809649969,raw
AR1_0.8_n512_r3,AR1_0.8_n512,,GHE,1.0,0.8142372676256937,0.14494153745981608,0.9591788050855098,raw
AR1_0.8_n512_r3,AR1_0.8_n512,,GPH,1.0,0.7249986050982342,1.1102230246251565e-16,0.7249986050982343,centered
AR1_0.8_n512_r3,AR1_0.8_n512,,Higuchi,1.0,0.7907925335181041,0.0,0.7907925335181041,centered
AR1_0.8_n512_r3,AR1_0.8_n512,,GHE,1.0,0.8113641016693728,1.1102230246251565e-16,0.8113641016693729,centered
AR1_0.8_n512_r30,AR1_0.8_n512,,GPH,1.0,0.6761656534439364,1.1102230246251565e-16,0.6761656534439365,raw
AR1_0.8_n512_r30,AR1_0.8_n512,,Higuchi,1.0,0.7555580863337634,0.18602100035615998,0.9415790866899234,raw
AR1_0.8_n512_r30,AR1_0.8_n512,,GHE,1.0,0.7883643821413994,0.15413492465722067,0.94249930679862,raw
AR1_0.8_n512_r30,AR1_0.8_n512,,GPH,1.0,0.6761656534439365,0.0,0.6761656534439365,centered
AR1_0.8_n512_r30,AR1_0.8_n512,,Higuchi,1.0,0.7529143897332282,0.0,0.7529143897332282,centered
AR1_0.8_n512_r30,AR1_0.8_n512,,GHE,1.0,0.7850914528799046,0.0,0.7850914528799046,centered
AR1_0.8_n512_r31,AR1_0.8_n512,,GPH,1.0,0.7520973558374047,0.0,0.7520973558374047,raw
AR1_0.8_n512_r31,AR1_0.8_n512,,Higuchi,1.0,0.7416344170574554,0.14669297463402398,0.8883273916914793,raw
AR1_0.8_n512_r31,AR1_0.8_n512,,GHE,1.0,0.7808761861475466,0.11617895458921546,0.8970551407367621,raw
AR1_0.8_n512_r31,AR1_0.8_n512,,GPH,1.0,0.7520973558374047,0.0,0.7520973558374047,centered
AR1_0.8_n512_r31,AR1_0.8_n512,,Higuchi,1.0,0.7392509406733963,0.0,0.7392509406733963,centered
AR1_0.8_n512_r31,AR1_0.8_n512,,GHE,1.0,0.7762325168522931,1.1102230246251565e-16,0.7762325168522932,centered
AR1_0.8_n512_r32,AR1_0.8_n512,,GPH,1.0,0.6390143249588358,0.0,0.6390143249588358,raw
AR1_0.8_n512_r32,AR1_0.8_n512,,Higuchi,1.0,0.6829376580154847,0.27987417446794893,0.9628118324834336,raw
AR1_0.8_n512_r32,AR1_0.8_n512,,GHE,1.0,0.7320387904497286,0.23134053359971107,0.9633793240494397,raw
AR1_0.8_n512_r32,AR1_0.8_n512,,GPH,1.0,0.6390143249588358,0.0,0.6390143249588358,centered
AR1_0.8_n512_r32,AR1_0.8_n512,,Higuchi,1.0,0.6864252620174518,0.0,0.6864252620174518,centered
AR1_0.8_n512_r32,AR1_0.8_n512,,GHE,1.0,0.7328228800785477,-1.1102230246251565e-16,0.7328228800785476,centered
AR1_0.8_n512_r33,AR1_0.8_n512,,GPH,1.0,0.8453878548565565,0.0,0.8453878548565565,raw
AR1_0.8_n512_r33,AR1_0.8_n512,,Higuchi,1.0,0.7967552017944557,0.10643940566367349,0.9031946074581292,raw
AR1_0.8_n512_r33,AR1_0.8_n512,,GHE,1.0,0.8163260236020248,0.09205988466715165,0.9083859082691764,raw
AR1_0.8_n512_r33,AR1_0.8_n512,,GPH,1.0,0.8453878548565565,0.0,0.8453878548565565,centered
AR1_0.8_n512_r33,AR1_0.8_n512,,Higuchi,1.0,0.7766469732275534,0.0,0.7766469732275534,centered
AR1_0.8_n512_r33,AR1_0.8_n512,,GHE,1.0,0.8007981068627107,-1.1102230246251565e-16,0.8007981068627106,centered
AR1_0.8_n512_r34,AR1_0.8_n512,,GPH,1.0,0.853266920806163,2.220446049250313e-16,0.8532669208061632,raw
AR1_0.8_n512_r34,AR1_0.8_n512,,Higuchi,1.0,0.8558920546012738,0.009358554893937887,0.8652506094952117,raw
AR1_0.8_n512_r34,AR1_0.8_n512,,GHE,1.0,0.8647040523949321,0.015022990257213542,0.8797270426521456,raw
AR1_0.8_n512_r34,AR1_0.8_n512,,GPH,1.0,0.8532669208061631,0.0,0.8532669208061631,centered
AR1_0.8_n512_r34,AR1_0.8_n512,,Higuchi,1.0,0.7852806325096879,-2.220446049250313e-16,0.7852806325096877,centered
AR1_0.8_n512_r34,AR1_0.8_n512,,GHE,1.0,0.8043916818194237,0.0,0.8043916818194237,centered
AR1_0.8_n512_r35,AR1_0.8_n512,,GPH,1.0,0.7924748315674035,0.0,0.7924748315674035,raw
AR1_0.8_n512_r35,AR1_0.8_n512,,Higuchi,1.0,0.7391949220928165,0.2372564524658396,0.976451374558656,raw
AR1_0.8_n512_r35,AR1_0.8_n512,,GHE,1.0,0.7731818198830763,0.2034708717071485,0.9766526915902248,raw
AR1_0.8_n512_r35,AR1_0.8_n512,,GPH,1.0,0.7924748315674035,0.0,0.7924748315674035,centered
AR1_0.8_n512_r35,AR1_0.8_n512,,Higuchi,1.0,0.7082308760200227,0.0,0.7082308760200227,centered
AR1_0.8_n512_r35,AR1_0.8_n512,,GHE,1.0,0.7502764448054098,0.0,0.7502764448054098,centered
AR1_0.8_n512_r36,AR1_0.8_n512,,GPH,1.0,0.7004112153293152,0.0,0.7004112153293152,raw
AR1_0.8_n512_r36,AR1_0.8_n512,,Higuchi,1.0,0.79417585020028,0.13258886636633194,0.926764716566612,raw
AR1_0.8_n512_r36,AR1_0.8_n512,,GHE,1.0,0.8144937014376352,0.11606631048560734,0.9305600119232426,raw
AR1_0.8_n512_r36,AR1_0.8_n512,,GPH,1.0,0.7004112153293152,0.0,0.7004112153293152,centered
AR1_0.8_n512_r36,AR1_0.8_n512,,Higuchi,1.0,0.772520204162426,0.0,0.772520204162426,centered
AR1_0.8_n512_r36,AR1_0.8_n512,,GHE,1.0,0.797547847846016,0.0,0.797547847846016,centered
AR1_0.8_n512_r37,AR1_0.8_n512,,GPH,1.0,0.7972096671868798,0.0,0.7972096671868798,raw
AR1_0.8_n512_r37,AR1_0.8_n512,,Higuchi,1.0,0.7709126380214344,0.1826368479654028,0.9535494859868372,raw
AR1_0.8_n512_r37,AR1_0.8_n512,,GHE,1.0,0.8002890791208814,0.1539758816372524,0.9542649607581338,raw
AR1_0.8_n512_r37,AR1_0.8_n512,,GPH,1.0,0.7972096671868798,0.0,0.7972096671868798,centered
AR1_0.8_n512_r37,AR1_0.8_n512,,Higuchi,1.0,0.7709316370535886,0.0,0.7709316370535886,centered
AR1_0.8_n512_r37,AR1_0.8_n512,,GHE,1.0,0.8003106932701466,-2.220446049250313e-16,0.8003106932701464,centered
AR1_0.8_n512_r38,AR1_0.8_n512,,GPH,1.0,0.48748942337679607,0.0,0.48748942337679607,raw
AR1_0.8_n512_r38,AR1_0.8_n512,,Higuchi,1.0,0.7106635545789914,0.25480672986343267,0.9654702844424241,raw
AR1_0.8_n512_r38,AR1_0.8_n512,,GHE,1.0,0.7407016101559694,0.22366991047026963,0.964371520626239,raw
AR1_0.8_n512_r38,AR1_0.8_n512,,GPH,1.0,0.48748942337679607,0.0,0.48748942337679607,centered
AR1_0.8_n512_r38,AR1_0.8_n512,,Higuchi,1.0,0.7144351265120119,0.0,0.7144351265120119,centered
AR1_0.8_n512_r38,AR1_0.8_n512,,GHE,1.0,0.7422066330975361,3.3306690738754696e-16,0.7422066330975364,centered
AR1_0.8_n512_r39,AR1_0.8_n512,,GPH,1.0,0.771783260986632,0.0,0.771783260986632,raw
AR1_0.8_n512_r39,AR1_0.8_n512,,Higuchi,1.0,0.7760022832994822,0.18819667408984242,0.9641989573893246,raw
AR1_0.8_n512_r39,AR1_0.8_n512,,GHE,1.0,0.7950275963853458,0.16611583330141133,0.9611434296867571,raw
AR1_0.8_n512_r39,AR1_0.8_n512,,GPH,1.0,0.771783260986632,0.0,0.771783260986632,centered
AR1_0.8_n512_r39,AR1_0.8_n512,,Higuchi,1.0,0.7650840087437445,0.0,0.7650840087437445,centered
AR1_0.8_n512_r39,AR1_0.8_n512,,GHE,1.0,0.7861146978011311,0.0,0.7861146978011311,centered
AR1_0.8_n512_r4,AR1_0.8_n512,,GPH,1.0,0.6871962179351667,0.0,0.6871962179351667,raw
AR1_0.8_n512_r4,AR1_0.8_n512,,Higuchi,1.0,0.7356860065594568,0.22191239762068315,0.95759840418014,raw
AR1_0.8_n512_r4,AR1_0.8_n512,,GHE,1.0,0.7642384833615427,0.19331707339554471,0.9575555567570874,raw
AR1_0.8_n512_r4,AR1_0.8_n512,,GPH,1.0,0.6871962179351667,0.0,0.6871962179351667,centered
AR1_0.8_n512_r4,AR1_0.8_n512,,Higuchi,1.0,0.735162175064165,0.0,0.735162175064165,centered
AR1_0.8_n512_r4,AR1_0.8_n512,,GHE,1.0,0.7638023526226685,1.1102230246251565e-16,0.7638023526226686,centered
AR1_0.8_n512_r40,AR1_0.8_n512,,GPH,1.0,0.6408493690790995,0.0,0.6408493690790995,raw
AR1_0.8_n512_r40,AR1_0.8_n512,,Higuchi,1.0,0.7505712189015361,0.23635044261763305,0.9869216615191692,raw
AR1_0.8_n512_r40,AR1_0.8_n512,,GHE,1.0,0.7650446187215411,0.2196915253899493,0.9847361441114904,raw
AR1_0.8_n512_r40,AR1_0.8_n512,,GPH,1.0,0.6408493690790995,0.0,0.6408493690790995,centered
AR1_0.8_n512_r40,AR1_0.8_n512,,Higuchi,1.0,0.7199821520535334,0.0,0.7199821520535334,centered
AR1_0.8_n512_r40,AR1_0.8_n512,,GHE,1.0,0.7400228222222321,0.0,0.7400228222222321,centered
AR1_0.8_n512_r41,AR1_0.8_n512,,GPH,1.0,0.5734587280207215,0.0,0.5734587280207215,raw
AR1_0.8_n512_r41,AR1_0.8_n512,,Higuchi,1.0,0.7113306707941283,0.2527664890130359,0.9640971598071642,raw
AR1_0.8_n512_r41,AR1_0.8_n512,,GHE,1.0,0.7488868858269345,0.21284523430907598,0.9617321201360105,raw
AR1_0.8_n512_r41,AR1_0.8_n512,,GPH,1.0,0.5734587280207215,0.0,0.5734587280207215,centered
AR1_0.8_n512_r41,AR1_0.8_n512,,Higuchi,1.0,0.7136961474354468,0.0,0.7136961474354468,centered
AR1_0.8_n512_r41,AR1_0.8_n512,,GHE,1.0,0.7512478002054951,1.1102230246251565e-16,0.7512478002054952,centered
AR1_0.8_n512_r42,AR1_0.8_n512,,GPH,1.0,0.8908285095087294,1.1102230246251565e-16,0.8908285095087295,raw
AR1_0.8_n512_r42,AR1_0.8_n512,,Higuchi,1.0,0.8302190752575398,0.12977066683730576,0.9599897420948456,raw
AR1_0.8_n512_r42,AR1_0.8_n512,,GHE,1.0,0.8383809322673125,0.12076510334603396,0.9591460356133464,raw
AR1_0.8_n512_r42,AR1_0.8_n512,,GPH,1.0,0.8908285095087294,1.1102230246251565e-16,0.8908285095087295,centered
AR1_0.8_n512_r42,AR1_0.8_n512,,Higuchi,1.0,0.8264377793482642,0.0,0.8264377793482642,centered
AR1_0.8_n512_r42,AR1_0.8_n512,,GHE,1.0,0.8348230756070987,0.0,0.8348230756070987,centered
AR1_0.8_n512_r43,AR1_0.8_n512,,GPH,1.0,0.5880290203044642,0.0,0.5880290203044642,raw
AR1_0.8_n512_r43,AR1_0.8_n512,,Higuchi,1.0,0.7089374922879035,0.2502836375956832,0.9592211298835867,raw
AR1_0.8_n512_r43,AR1_0.8_n512,,GHE,1.0,0.7340081222145393,0.22267898180178203,0.9566871040163213,raw
AR1_0.8_n512_r43,AR1_0.8_n512,,GPH,1.0,0.5880290203044642,0.0,0.5880290203044642,centered
AR1_0.8_n512_r43,AR1_0.8_n512,,Higuchi,1.0,0.7089346347570473,0.0,0.7089346347570473,centered
AR1_0.8_n512_r43,AR1_0.8_n512,,GHE,1.0,0.7340145035429435,-1.1102230246251565e-16,0.7340145035429434,centered
AR1_0.8_n512_r44,AR1_0.8_n512,,GPH,1.0,0.5819504439124541,1.1102230246251565e-16,0.5819504439124542,raw
AR1_0.8_n512_r44,AR1_0.8_n512,,Higuchi,1.0,0.7985067202315022,0.14526125899215003,0.9437679792236522,raw
AR1_0.8_n512_r44,AR1_0.8_n512,,GHE,1.0,0.8208493318571832,0.12380816210913814,0.9446574939663214,raw
AR1_0.8_n512_r44,AR1_0.8_n512,,GPH,1.0,0.5819504439124541,1.1102230246251565e-16,0.5819504439124542,centered
AR1_0.8_n512_r44,AR1_0.8_n512,,Higuchi,1.0,0.7984935992163242,0.0,0.7984935992163242,centered
AR1_0.8_n512_r44,AR1_0.8_n512,,GHE,1.0,0.8209751756993252,1.1102230246251565e-16,0.8209751756993253,centered
AR1_0.8_n512_r45,AR1_0.8_n512,,GPH,1.0,0.5381930968279689,1.1102230246251565e-16,0.538193096827969,raw
AR1_0.8_n512_r45,AR1_0.8_n512,,Higuchi,1.0,0.6388371818143035,0.3375140083663828,0.9763511901806863,raw
AR1_0.8_n512_r45,AR1_0.8_n512,,GHE,1.0,0.6809456598786978,0.2917265482198247,0.9726722080985225,raw
AR1_0.8_n512_r45,AR1_0.8_n512,,GPH,1.0,0.5381930968279689,1.1102230246251565e-16,0.538193096827969,centered
AR1_0.8_n512_r45,AR1_0.8_n512,,Higuchi,1.0,0.6380328251686456,0.0,0.6380328251686456,centered
AR1_0.8_n512_r45,AR1_0.8_n512,,GHE,1.0,0.6802344498754379,0.0,0.6802344498754379,centered
AR1_0.8_n512_r46,AR1_0.8_n512,,GPH,1.0,1.0404942083843016,0.0,1.0404942083843016,raw
AR1_0.8_n512_r46,AR1_0.8_n512,,Higuchi,1.0,0.8712561086013577,0.11057401666901656,0.9818301252703743,raw
AR1_0.8_n512_r46,AR1_0.8_n512,,GHE,1.0,0.8791224730195175,0.10080825227174395,0.9799307252912615,raw
AR1_0.8_n512_r46,AR1_0.8_n512,,GPH,1.0,1.0404942083843016,0.0,1.0404942083843016,centered
AR1_0.8_n512_r46,AR1_0.8_n512,,Higuchi,1.0,0.8458863410550856,0.0,0.8458863410550856,centered
AR1_0.8_n512_r46,AR1_0.8_n512,,GHE,1.0,0.8600264739532594,0.0,0.8600264739532594,centered
AR1_0.8_n512_r47,AR1_0.8_n512,,GPH,1.0,0.7174746456382223,0.0,0.7174746456382223,raw
AR1_0.8_n512_r47,AR1_0.8_n512,,Higuchi,1.0,0.7764602258766804,0.1668182697597027,0.9432784956363831,raw
AR1_0.8_n512_r47,AR1_0.8_n512,,GHE,1.0,0.7993210608797955,0.1468510328702175,0.946172093750013,raw
AR1_0.8_n512_r47,AR1_0.8_n512,,GPH,1.0,0.7174746456382223,0.0,0.7174746456382223,centered
AR1_0.8_n512_r47,AR1_0.8_n512,,Higuchi,1.0,0.775969495889318,0.0,0.775969495889318,centered
AR1_0.8_n512_r47,AR1_0.8_n512,,GHE,1.0,0.7996997651305612,0.0,0.7996997651305612,centered
AR1_0.8_n512_r48,AR1_0.8_n512,,GPH,1.0,0.826723324888835,0.0,0.826723324888835,raw
AR1_0.8_n512_r48,AR1_0.8_n512,,Higuchi,1.0,0.7819249753669093,0.15999490252905146,0.9419198778959608,raw
AR1_0.8_n512_r48,AR1_0.8_n512,,GHE,1.0,0.8048915934834563,0.13909463274759437,0.9439862262310507,raw
AR1_0.8_n512_r48,AR1_0.8_n512,,GPH,1.0,0.826723324888835,0.0,0.826723324888835,centered
AR1_0.8_n512_r48,AR1_0.8_n512,,Higuchi,1.0,0.7937729449716149,2.220446049250313e-16,0.7937729449716151,centered
AR1_0.8_n512_r48,AR1_0.8_n512,,GHE,1.0,0.8143026468356237,1.1102230246251565e-16,0.8143026468356238,centered
AR1_0.8_n512_r49,AR1_0.8_n512,,GPH,1.0,0.7784274668975247,1.1102230246251565e-16,0.7784274668975248,raw
AR1_0.8_n512_r49,AR1_0.8_n512,,Higuchi,1.0,0.8431346392389252,0.12701679511564112,0.9701514343545663,raw
AR1_0.8_n512_r49,AR1_0.8_n512,,GHE,1.0,0.8493120769889412,0.12204288503802407,0.9713549620269653,raw
AR1_0.8_n512_r49,AR1_0.8_n512,,GPH,1.0,0.7784274668975248,0.0,0.7784274668975248,centered
AR1_0.8_n512_r49,AR1_0.8_n512,,Higuchi,1.0,0.8409400629249635,0.0,0.8409400629249635,centered
AR1_0.8_n512_r49,AR1_0.8_n512,,GHE,1.0,0.8474822967978942,0.0,0.8474822967978942,centered
AR1_0.8_n512_r5,AR1_0.8_n512,,GPH,1.0,0.7607627874553782,0.0,0.7607627874553782,raw
AR1_0.8_n512_r5,AR1_0.8_n512,,Higuchi,1.0,0.7052380513350944,0.25130833961270893,0.9565463909478034,raw
AR1_0.8_n512_r5,AR1_0.8_n512,,GHE,1.0,0.7411577654385242,0.21673142223082476,0.9578891876693489,raw
AR1_0.8_n512_r5,AR1_0.8_n512,,GPH,1.0,0.7607627874553782,0.0,0.7607627874553782,centered
AR1_0.8_n512_r5,AR1_0.8_n512,,Higuchi,1.0,0.7035828104088269,0.0,0.7035828104088269,centered
AR1_0.8_n512_r5,AR1_0.8_n512,,GHE,1.0,0.7410596935412764,1.1102230246251565e-16,0.7410596935412765,centered
AR1_0.8_n512_r50,AR1_0.8_n512,,GPH,1.0,0.886577154807612,0.0,0.886577154807612,raw
AR1_0.8_n512_r50,AR1_0.8_n512,,Higuchi,1.0,0.7963139373593342,0.16808411828077885,0.964398055640113,raw
AR1_0.8_n512_r50,AR1_0.8_n512,,GHE,1.0,0.8168702701885905,0.1470296023153549,0.9638998725039454,raw
AR1_0.8_n512_r50,AR1_0.8_n512,,GPH,1.0,0.886577154807612,0.0,0.886577154807612,centered
AR1_0.8_n512_r50,AR1_0.8_n512,,Higuchi,1.0,0.7928834886176723,0.0,0.7928834886176723,centered
AR1_0.8_n512_r50,AR1_0.8_n512,,GHE,1.0,0.8143197562132802,0.0,0.8143197562132802,centered
AR1_0.8_n512_r51,AR1_0.8_n512,,GPH,1.0,0.7967525600990325,0.0,0.7967525600990325,raw
AR1_0.8_n512_r51,AR1_0.8_n512,,Higuchi,1.0,0.7743178928809378,0.19033498426003215,0.9646528771409699,raw
AR1_0.8_n512_r51,AR1_0.8_n512,,GHE,1.0,0.7946830565264364,0.16893930692267456,0.963622363449111,raw
AR1_0.8_n512_r51,AR1_0.8_n512,,GPH,1.0,0.7967525600990325,0.0,0.7967525600990325,centered
AR1_0.8_n512_r51,AR1_0.8_n512,,Higuchi,1.0,0.7722065354046825,0.0,0.7722065354046825,centered
AR1_0.8_n512_r51,AR1_0.8_n512,,GHE,1.0,0.79372664933485,1.1102230246251565e-16,0.7937266493348502,centered
AR1_0.8_n512_r52,AR1_0.8_n512,,GPH,1.0,0.747314129277435,0.0,0.747314129277435,raw
AR1_0.8_n512_r52,AR1_0.8_n512,,Higuchi,1.0,0.7135444035117908,0.24737977332087113,0.960924176832662,raw
AR1_0.8_n512_r52,AR1_0.8_n512,,GHE,1.0,0.7542773246773838,0.20084121077470152,0.9551185354520854,raw
AR1_0.8_n512_r52,AR1_0.8_n512,,GPH,1.0,0.747314129277435,-1.1102230246251565e-16,0.7473141292774349,centered
AR1_0.8_n512_r52,AR1_0.8_n512,,Higuchi,1.0,0.71166822064281,-2.220446049250313e-16,0.7116682206428098,centered
AR1_0.8_n512_r52,AR1_0.8_n512,,GHE,1.0,0.752811188990997,-1.1102230246251565e-16,0.7528111889909969,centered
AR1_0.8_n512_r53,AR1_0.8_n512,,GPH,1.0,0.6771575290691916,0.0,0.6771575290691916,raw
AR1_0.8_n512_r53,AR1_0.8_n512,,Higuchi,1.0,0.7929563252431486,0.18407160306248138,0.97702792830563,raw
AR1_0.8_n512_r53,AR1_0.8_n512,,GHE,1.0,0.8070094303394366,0.1676539849883486,0.9746634153277852,raw
AR1_0.8_n512_r53,AR1_0.8_n512,,GPH,1.0,0.6771575290691916,0.0,0.6771575290691916,centered
AR1_0.8_n512_r53,AR1_0.8_n512,,Higuchi,1.0,0.7739024697942123,0.0,0.7739024697942123,centered
AR1_0.8_n512_r53,AR1_0.8_n512,,GHE,1.0,0.7931267523438897,-1.1102230246251565e-16,0.7931267523438896,centered
AR1_0.8_n512_r54,AR1_0.8_n512,,GPH,1.0,0.9032640164601611,-1.1102230246251565e-16,0.903264016460161,raw
AR1_0.8_n512_r54,AR1_0.8_n512,,Higuchi,1.0,0.8367200105354409,0.10268902501025723,0.9394090355456981,raw
AR1_0.8_n512_r54,AR1_0.8_n512,,GHE,1.0,0.8519604494914794,0.09059550229044544,0.9425559517819249,raw
AR1_0.8_n512_r54,AR1_0.8_n512,,GPH,1.0,0.9032640164601611,-1.1102230246251565e-16,0.903264016460161,centered
AR1_0.8_n512_r54,AR1_0.8_n512,,Higuchi,1.0,0.8364764503366549,0.0,0.8364764503366549,centered
AR1_0.8_n512_r54,AR1_0.8_n512,,GHE,1.0,0.8518612151161975,0.0,0.8518612151161975,centered
AR1_0.8_n512_r55,AR1_0.8_n512,,GPH,1.0,0.7412480676362518,-1.1102230246251565e-16,0.7412480676362517,raw
AR1_0.8_n512_r55,AR1_0.8_n512,,Higuchi,1.0,0.8514413989696317,0.12712325757509868,0.9785646565447303,raw
AR1_0.8_n512_r55,AR1_0.8_n512,,GHE,1.0,0.8599473734479323,0.11778288832928219,0.9777302617772144,raw
AR1_0.8_n512_r55,AR1_0.8_n512,,GPH,1.0,0.7412480676362518,0.0,0.7412480676362518,centered
AR1_0.8_n512_r55,AR1_0.8_n512,,Higuchi,1.0,0.8083808013380953,2.220446049250313e-16,0.8083808013380955,centered
AR1_0.8_n512_r55,AR1_0.8_n512,,GHE,1.0,0.8249359056906924,0.0,0.8249359056906924,centered
AR1_0.8_n512_r56,AR1_0.8_n512,,GPH,1.0,0.8737839028930543,0.0,0.8737839028930543,raw
AR1_0.8_n512_r56,AR1_0.8_n512,,Higuchi,1.0,0.7978769258031684,0.15526658976469254,0.9531435155678609,raw
AR1_0.8_n512_r56,AR1_0.8_n512,,GHE,1.0,0.8141798265318411,0.1360269629470009,0.950206789478842,raw
AR1_0.8_n512_r56,AR1_0.8_n512,,GPH,1.0,0.8737839028930543,0.0,0.8737839028930543,centered
AR1_0.8_n512_r56,AR1_0.8_n512,,Higuchi,1.0,0.8033343282067791,0.0,0.8033343282067791,centered
AR1_0.8_n512_r56,AR1_0.8_n512,,GHE,1.0,0.8173146978629758,0.0,0.8173146978629758,centered
AR1_0.8_n512_r57,AR1_0.8_n512,,GPH,1.0,0.8809032314769103,0.0,0.8809032314769103,raw
AR1_0.8_n512_r57,AR1_0.8_n512,,Higuchi,1.0,0.8165305110529635,0.15845621210904537,0.9749867231620089,raw
AR1_0.8_n512_r57,AR1_0.8_n512,,GHE,1.0,0.8332486939072175,0.13976736444442972,0.9730160583516472,raw
AR1_0.8_n512_r57,AR1_0.8_n512,,GPH,1.0,0.8809032314769103,-1.1102230246251565e-16,0.8809032314769102,centered
AR1_0.8_n512_r57,AR1_0.8_n512,,Higuchi,1.0,0.785334596806532,0.0,0.785334596806532,centered
AR1_0.8_n512_r57,AR1_0.8_n512,,GHE,1.0,0.806285288522462,1.1102230246251565e-16,0.8062852885224621,centered
AR1_0.8_n512_r58,AR1_0.8_n512,,GPH,1.0,0.5135562055063324,0.0,0.5135562055063324,raw
AR1_0.8_n512_r58,AR1_0.8_n512,,Higuchi,1.0,0.6295013338863498,0.326470235775413,0.9559715696617628,raw
AR1_0.8_n512_r58,AR1_0.8_n512,,GHE,1.0,0.6639523833266091,0.29021973569430637,0.9541721190209155,raw
AR1_0.8_n512_r58,AR1_0.8_n512,,GPH,1.0,0.5135562055063324,0.0,0.5135562055063324,centered
AR1_0.8_n512_r58,AR1_0.8_n512,,Higuchi,1.0,0.6210729710785425,0.0,0.6210729710785425,centered
AR1_0.8_n512_r58,AR1_0.8_n512,,GHE,1.0,0.6574177487998831,0.0,0.6574177487998831,centered
AR1_0.8_n512_r59,AR1_0.8_n512,,GPH,1.0,0.712216964263563,0.0,0.712216964263563,raw
AR1_0.8_n512_r59,AR1_0.8_n512,,Higuchi,1.0,0.8357446864663047,0.13896994155104125,0.974714628017346,raw
AR1_0.8_n512_r59,AR1_0.8_n512,,GHE,1.0,0.8520439817462284,0.1242539379325659,0.9762979196787943,raw
AR1_0.8_n512_r59,AR1_0.8_n512,,GPH,1.0,0.712216964263563,0.0,0.712216964263563,centered
AR1_0.8_n512_r59,AR1_0.8_n512,,Higuchi,1.0,0.8052862111827137,0.0,0.8052862111827137,centered
AR1_0.8_n512_r59,AR1_0.8_n512,,GHE,1.0,0.8200650633394349,1.1102230246251565e-16,0.820065063339435,centered
AR1_0.8_n512_r6,AR1_0.8_n512,,GPH,1.0,0.7781727504354561,0.0,0.7781727504354561,raw
AR1_0.8_n512_r6,AR1_0.8_n512,,Higuchi,1.0,0.7683960346504268,0.22298131211006678,0.9913773467604936,raw
AR1_0.8_n512_r6,AR1_0.8_n512,,GHE,1.0,0.7956338120880739,0.19050268638140544,0.9861364984694794,raw
AR1_0.8_n512_r6,AR1_0.8_n512,,GPH,1.0,0.7781727504354561,0.0,0.7781727504354561,centered
AR1_0.8_n512_r6,AR1_0.8_n512,,Higuchi,1.0,0.7504733017429313,0.0,0.7504733017429313,centered
AR1_0.8_n512_r6,AR1_0.8_n512,,GHE,1.0,0.7820414940325398,0.0,0.7820414940325398,centered
AR1_0.8_n512_r60,AR1_0.8_n512,,GPH,1.0,0.8034163952600499,0.0,0.8034163952600499,raw
AR1_0.8_n512_r60,AR1_0.8_n512,,Higuchi,1.0,0.8087587265744918,0.17325246353049817,0.9820111901049899,raw
AR1_0.8_n512_r60,AR1_0.8_n512,,GHE,1.0,0.8193168966912895,0.16098829323821817,0.9803051899295077,raw
AR1_0.8_n512_r60,AR1_0.8_n512,,GPH,1.0,0.8034163952600499,0.0,0.8034163952600499,centered
AR1_0.8_n512_r60,AR1_0.8_n512,,Higuchi,1.0,0.8053620115559363,0.0,0.8053620115559363,centered
AR1_0.8_n512_r60,AR1_0.8_n512,,GHE,1.0,0.8151134672504654,-1.1102230246251565e-16,0.8151134672504653,centered
AR1_0.8_n512_r61,AR1_0.8_n512,,GPH,1.0,0.8804801623136156,0.0,0.8804801623136156,raw
AR1_0.8_n512_r61,AR1_0.8_n512,,Higuchi,1.0,0.7887962690368782,0.19041942812360224,0.9792156971604804,raw
AR1_0.8_n512_r61,AR1_0.8_n512,,GHE,1.0,0.8062563366691871,0.17029122531986496,0.976547561989052,raw
AR1_0.8_n512_r61,AR1_0.8_n512,,GPH,1.0,0.8804801623136156,0.0,0.8804801623136156,centered
AR1_0.8_n512_r61,AR1_0.8_n512,,Higuchi,1.0,0.7943382121942371,2.220446049250313e-16,0.7943382121942373,centered
AR1_0.8_n512_r61,AR1_0.8_n512,,GHE,1.0,0.8114680925124297,0.0,0.8114680925124297,centered
AR1_0.8_n512_r62,AR1_0.8_n512,,GPH,1.0,0.6422472948440826,0.0,0.6422472948440826,raw
AR1_0.8_n512_r62,AR1_0.8_n512,,Higuchi,1.0,0.8249097156614971,0.09357340591828978,0.9184831215797868,raw
AR1_0.8_n512_r62,AR1_0.8_n512,,GHE,1.0,0.8307050552148667,0.09111976098210373,0.9218248161969704,raw
AR1_0.8_n512_r62,AR1_0.8_n512,,GPH,1.0,0.6422472948440826,0.0,0.6422472948440826,centered
AR1_0.8_n512_r62,AR1_0.8_n512,,Higuchi,1.0,0.7428168747506521,-4.440892098500626e-16,0.7428168747506516,centered
AR1_0.8_n512_r62,AR1_0.8_n512,,GHE,1.0,0.7625083793467061,2.220446049250313e-16,0.7625083793467063,centered
AR1_0.8_n512_r63,AR1_0.8_n512,,GPH,1.0,0.8148306902104672,0.0,0.8148306902104672,raw
AR1_0.8_n512_r63,AR1_0.8_n512,,Higuchi,1.0,0.7865412381341286,0.16624297122721265,0.9527842093613412,raw
AR1_0.8_n512_r63,AR1_0.8_n512,,GHE,1.0,0.8049308093143599,0.1456910446094336,0.9506218539237935,raw
AR1_0.8_n512_r63,AR1_0.8_n512,,GPH,1.0,0.8148306902104672,0.0,0.8148306902104672,centered
AR1_0.8_n512_r63,AR1_0.8_n512,,Higuchi,1.0,0.7855628314532526,0.0,0.7855628314532526,centered
AR1_0.8_n512_r63,AR1_0.8_n512,,GHE,1.0,0.8042057181114531,-1.1102230246251565e-16,0.804205718111453,centered
AR1_0.8_n512_r7,AR1_0.8_n512,,GPH,1.0,0.6386482099574398,0.0,0.6386482099574398,raw
AR1_0.8_n512_r7,AR1_0.8_n512,,Higuchi,1.0,0.7088420499203716,0.2270845979098448,0.9359266478302164,raw
AR1_0.8_n512_r7,AR1_0.8_n512,,GHE,1.0,0.7520349770899638,0.182128936548709,0.9341639136386728,raw
AR1_0.8_n512_r7,AR1_0.8_n512,,GPH,1.0,0.6386482099574398,0.0,0.6386482099574398,centered
AR1_0.8_n512_r7,AR1_0.8_n512,,Higuchi,1.0,0.7058524436792799,0.0,0.7058524436792799,centered
AR1_0.8_n512_r7,AR1_0.8_n512,,GHE,1.0,0.7462780158748304,1.1102230246251565e-16,0.7462780158748306,centered
AR1_0.8_n512_r8,AR1_0.8_n512,,GPH,1.0,0.7058929060281427,1.1102230246251565e-16,0.7058929060281428,raw
AR1_0.8_n512_r8,AR1_0.8_n512,,Higuchi,1.0,0.7968548458662823,0.18510049991802546,0.9819553457843078,raw
AR1_0.8_n512_r8,AR1_0.8_n512,,GHE,1.0,0.816956917653377,0.16254295866560375,0.9794998763189807,raw
AR1_0.8_n512_r8,AR1_0.8_n512,,GPH,1.0,0.7058929060281427,1.1102230246251565e-16,0.7058929060281428,centered
AR1_0.8_n512_r8,AR1_0.8_n512,,Higuchi,1.0,0.7648063858801286,2.220446049250313e-16,0.7648063858801288,centered
AR1_0.8_n512_r8,AR1_0.8_n512,,GHE,1.0,0.7902477900218462,0.0,0.7902477900218462,centered
AR1_0.8_n512_r9,AR1_0.8_n512,,GPH,1.0,0.81975179380563,0.0,0.81975179380563,raw
AR1_0.8_n512_r9,AR1_0.8_n512,,Higuchi,1.0,0.7873165497219456,0.1828380831127847,0.9701546328347304,raw
AR1_0.8_n512_r9,AR1_0.8_n512,,GHE,1.0,0.8126585380105141,0.15447256192802417,0.9671310999385383,raw
AR1_0.8_n512_r9,AR1_0.8_n512,,GPH,1.0,0.81975179380563,0.0,0.81975179380563,centered
AR1_0.8_n512_r9,AR1_0.8_n512,,Higuchi,1.0,0.7849323638548558,2.220446049250313e-16,0.784932363854856,centered
AR1_0.8_n512_r9,AR1_0.8_n512,,GHE,1.0,0.8114919399813251,0.0,0.8114919399813251,centered
AR1_0.95_n1024_r0,AR1_0.95_n1024,,GPH,1.0,0.8618617430946419,0.0,0.8618617430946419,raw
AR1_0.95_n1024_r0,AR1_0.95_n1024,,Higuchi,1.0,0.9165941964866646,0.051582749759195634,0.9681769462458603,raw
AR1_0.95_n1024_r0,AR1_0.95_n1024,,GHE,1.0,0.9293845936257239,0.04248067032329017,0.9718652639490141,raw
AR1_0.95_n1024_r0,AR1_0.95_n1024,,GPH,1.0,0.8618617430946419,-1.1102230246251565e-16,0.8618617430946418,centered
AR1_0.95_n1024_r0,AR1_0.95_n1024,,Higuchi,1.0,0.915840206471626,2.220446049250313e-16,0.9158402064716262,centered
AR1_0.95_n1024_r0,AR1_0.95_n1024,,GHE,1.0,0.929090839899691,3.3306690738754696e-16,0.9290908398996913,centered
AR1_0.95_n1024_r1,AR1_0.95_n1024,,GPH,1.0,0.9317299717083067,0.0,0.9317299717083067,raw
AR1_0.95_n1024_r1,AR1_0.95_n1024,,Higuchi,1.0,0.9402415454893509,0.041551833836177776,0.9817933793255287,raw
AR1_0.95_n1024_r1,AR1_0.95_n1024,,GHE,1.0,0.9495849293117423,0.03252679701028016,0.9821117263220225,raw
AR1_0.95_n1024_r1,AR1_0.95_n1024,,GPH,1.0,0.9317299717083067,0.0,0.9317299717083067,centered
AR1_0.95_n1024_r1,AR1_0.95_n1024,,Higuchi,1.0,0.9383479597745572,0.0,0.9383479597745572,centered
AR1_0.95_n1024_r1,AR1_0.95_n1024,,GHE,1.0,0.9484066972400242,-2.220446049250313e-16,0.948406697240024,centered
AR1_0.95_n1024_r10,AR1_0.95_n1024,,GPH,1.0,0.8455794529788647,0.0,0.8455794529788647,raw
AR1_0.95_n1024_r10,AR1_0.95_n1024,,Higuchi,1.0,0.9255799271988749,0.05638775489696801,0.981967682095843,raw
AR1_0.95_n1024_r10,AR1_0.95_n1024,,GHE,1.0,0.9359070536510659,0.04813317820401064,0.9840402318550765,raw
AR1_0.95_n1024_r10,AR1_0.95_n1024,,GPH,1.0,0.8455794529788647,0.0,0.8455794529788647,centered
AR1_0.95_n1024_r10,AR1_0.95_n1024,,Higuchi,1.0,0.9214880601310873,0.0,0.9214880601310873,centered
AR1_0.95_n1024_r10,AR1_0.95_n1024,,GHE,1.0,0.9323858143699304,0.0,0.9323858143699304,centered
AR1_0.95_n1024_r11,AR1_0.95_n1024,,GPH,1.0,0.9594396586846305,0.0,0.9594396586846305,raw
AR1_0.95_n1024_r11,AR1_0.95_n1024,,Higuchi,1.0,0.9229737577238697,0.06016237304888428,0.983136130772754,raw
AR1_0.95_n1024_r11,AR1_0.95_n1024,,GHE,1.0,0.9329996373545605,0.0526416228975628,0.9856412602521233,raw
AR1_0.95_n1024_r11,AR1_0.95_n1024,,GPH,1.0,0.9594396586846305,0.0,0.9594396586846305,centered
AR1_0.95_n1024_r11,AR1_0.95_n1024,,Higuchi,1.0,0.9175367167744537,0.0,0.9175367167744537,centered
AR1_0.95_n1024_r11,AR1_0.95_n1024,,GHE,1.0,0.9280650734015433,-1.1102230246251565e-16,0.9280650734015432,centered
AR1_0.95_n1024_r12,AR1_0.95_n1024,,GPH,1.0,0.9926256126240967,0.0,0.9926256126240967,raw
AR1_0.95_n1024_r12,AR1_0.95_n1024,,Higuchi,1.0,0.9064151960080336,0.07650984339712719,0.9829250394051607,raw
AR1_0.95_n1024_r12,AR1_0.95_n1024,,GHE,1.0,0.9208222166214819,0.06426759378891223,0.9850898104103941,raw
AR1_0.95_n1024_r12,AR1_0.95_n1024,,GPH,1.0,0.9926256126240967,1.1102230246251565e-16,0.9926256126240968,centered
AR1_0.95_n1024_r12,AR1_0.95_n1024,,Higuchi,1.0,0.9059026063064257,0.0,0.9059026063064257,centered
AR1_0.95_n1024_r12,AR1_0.95_n1024,,GHE,1.0,0.9202184055421007,0.0,0.9202184055421007,centered
AR1_0.95_n1024_r13,AR1_0.95_n1024,,GPH,1.0,0.8811574272344461,0.0,0.8811574272344461,raw
AR1_0.95_n1024_r13,AR1_0.95_n1024,,Higuchi,1.0,0.8660309775815134,0.11258630976372253,0.9786172873452359,raw
AR1_0.95_n1024_r13,AR1_0.95_n1024,,GHE,1.0,0.8854795040525508,0.09450044577478756,0.9799799498273384,raw
AR1_0.95_n1024_r13,AR1_0.95_n1024,,GPH,1.0,0.8811574272344461,1.1102230246251565e-16,0.8811574272344462,centered
AR1_0.95_n1024_r13,AR1_0.95_n1024,,Higuchi,1.0,0.84953696921266,0.0,0.84953696921266,centered
AR1_0.95_n1024_r13,AR1_0.95_n1024,,GHE,1.0,0.87375987374148,3.3306690738754696e-16,0.8737598737414803,centered
AR1_0.95_n1024_r14,AR1_0.95_n1024,,GPH,1.0,0.9912069425305234,1.1102230246251565e-16,0.9912069425305235,raw
AR1_0.95_n1024_r14,AR1_0.95_n1024,,Higuchi,1.0,0.9114447719584253,0.07810254353736457,0.9895473154957899,raw
AR1_0.95_n1024_r14,AR1_0.95_n1024,,GHE,1.0,0.9233849454244951,0.06708968780042879,0.9904746332249239,raw
AR1_0.95_n1024_r14,AR1_0.95_n1024,,GPH,1.0,0.9912069425305234,1.1102230246251565e-16,0.9912069425305235,centered
AR1_0.95_n1024_r14,AR1_0.95_n1024,,Higuchi,1.0,0.8976880768878479,2.220446049250313e-16,0.8976880768878481,centered
AR1_0.95_n1024_r14,AR1_0.95_n1024,,GHE,1.0,0.9125325823739829,-1.1102230246251565e-16,0.9125325823739828,centered
AR1_0.95_n1024_r15,AR1_0.95_n1024,,GPH,1.0,1.1536598464789762,0.0,1.1536598464789762,raw
AR1_0.95_n1024_r15,AR1_0.95_n1024,,Higuchi,1.0,0.9296212476838503,0.041344656915411004,0.9709659045992614,raw
AR1_0.95_n1024_r15,AR1_0.95_n1024,,GHE,1.0,0.9388125457009624,0.0359652853397755,0.9747778310407379,raw
AR1_0.95_n1024_r15,AR1_0.95_n1024,,GPH,1.0,1.1536598464789762,0.0,1.1536598464789762,centered
AR1_0.95_n1024_r15,AR1_0.95_n1024,,Higuchi,1.0,0.9315096613990514,2.220446049250313e-16,0.9315096613990517,centered
AR1_0.95_n1024_r15,AR1_0.95_n1024,,GHE,1.0,0.9405121876413557,0.0,0.9405121876413557,centered
AR1_0.95_n1024_r16,AR1_0.95_n1024,,GPH,1.0,1.103450560073133,-2.220446049250313e-16,1.1034505600731328,raw
AR1_0.95_n1024_r16,AR1_0.95_n1024,,Higuchi,1.0,0.9290603982549213,0.06054407923150018,0.9896044774864214,raw
AR1_0.95_n1024_r16,AR1_0.95_n1024,,GHE,1.0,0.9401305231490745,0.05061798636534898,0.9907485095144235,raw
AR1_0.95_n1024_r16,AR1_0.95_n1024,,GPH,1.0,1.1034505600731328,2.220446049250313e-16,1.103450560073133,centered
AR1_0.95_n1024_r16,AR1_0.95_n1024,,Higuchi,1.0,0.9313852658912882,0.0,0.9313852658912882,centered
AR1_0.95_n1024_r16,AR1_0.95_n1024,,GHE,1.0,0.9410996405401006,-1.1102230246251565e-16,0.9410996405401005,centered
AR1_0.95_n1024_r17,AR1_0.95_n1024,,GPH,1.0,0.9652867928295525,0.0,0.9652867928295525,raw
AR1_0.95_n1024_r17,AR1_0.95_n1024,,Higuchi,1.0,0.9143962142207958,0.06212079255181635,0.9765170067726121,raw
AR1_0.95_n1024_r17,AR1_0.95_n1024,,GHE,1.0,0.9278560207142661,0.05125695803324892,0.979112978747515,raw
AR1_0.95_n1024_r17,AR1_0.95_n1024,,GPH,1.0,0.9652867928295525,0.0,0.9652867928295525,centered
AR1_0.95_n1024_r17,AR1_0.95_n1024,,Higuchi,1.0,0.9101040864466345,0.0,0.9101040864466345,centered
AR1_0.95_n1024_r17,AR1_0.95_n1024,,GHE,1.0,0.9235794225054962,0.0,0.9235794225054962,centered
AR1_0.95_n1024_r18,AR1_0.95_n1024,,GPH,1.0,0.997659516121369,0.0,0.997659516121369,raw
AR1_0.95_n1024_r18,AR1_0.95_n1024,,Higuchi,1.0,0.8944418543891419,0.07650711272765154,0.9709489671167935,raw
AR1_0.95_n1024_r18,AR1_0.95_n1024,,GHE,1.0,0.9089059469721288,0.06453319291995419,0.973439139892083,raw
AR1_0.95_n1024_r18,AR1_0.95_n1024,,GPH,1.0,0.997659516121369,0.0,0.997659516121369,centered
AR1_0.95_n1024_r18,AR1_0.95_n1024,,Higuchi,1.0,0.8913195304123098,0.0,0.8913195304123098,centered
AR1_0.95_n1024_r18,AR1_0.95_n1024,,GHE,1.0,0.9056888295347324,0.0,0.9056888295347324,centered
AR1_0.95_n1024_r19,AR1_0.95_n1024,,GPH,1.0,0.8151445282326832,0.0,0.8151445282326832,raw
AR1_0.95_n1024_r19,AR1_0.95_n1024,,Higuchi,1.0,0.8850623639744104,0.10441365608081599,0.9894760200552264,raw
AR1_0.95_n1024_r19,AR1_0.95_n1024,,GHE,1.0,0.9028723531390435,0.08648459311895407,0.9893569462579975,raw
AR1_0.95_n1024_r19,AR1_0.95_n1024,,GPH,1.0,0.8151445282326831,1.1102230246251565e-16,0.8151445282326832,centered
AR1_0.95_n1024_r19,AR1_0.95_n1024,,Higuchi,1.0,0.8754453840043921,-4.440892098500626e-16,0.8754453840043916,centered
AR1_0.95_n1024_r19,AR1_0.95_n1024,,GHE,1.0,0.8945558696238917,0.0,0.8945558696238917,centered
AR1_0.95_n1024_r2,AR1_0.95_n1024,,GPH,1.0,0.7773860557096326,0.0,0.7773860557096326,raw
AR1_0.95_n1024_r2,AR1_0.95_n1024,,Higuchi,1.0,0.9096902374480764,0.0698216098846054,0.9795118473326818,raw
AR1_0.95_n1024_r2,AR1_0.95_n1024,,GHE,1.0,0.9252132064017037,0.056761249358086685,0.9819744557597904,raw
AR1_0.95_n1024_r2,AR1_0.95_n1024,,GPH,1.0,0.7773860557096326,0.0,0.7773860557096326,centered
AR1_0.95_n1024_r2,AR1_0.95_n1024,,Higuchi,1.0,0.892291991979302,2.220446049250313e-16,0.8922919919793022,centered
AR1_0.95_n1024_r2,AR1_0.95_n1024,,GHE,1.0,0.9114660713981539,-1.1102230246251565e-16,0.9114660713981538,centered
AR1_0.95_n1024_r20,AR1_0.95_n1024,,GPH,1.0,0.880252827463278,0.0,0.880252827463278,raw
AR1_0.95_n1024_r20,AR1_0.95_n1024,,Higuchi,1.0,0.930925503727982,0.050330696208396475,0.9812561999363785,raw
AR1_0.95_n1024_r20,AR1_0.95_n1024,,GHE,1.0,0.9420379107378474,0.041256253466939063,0.9832941642047864,raw
AR1_0.95_n1024_r20,AR1_0.95_n1024,,GPH,1.0,0.880252827463278,-1.1102230246251565e-16,0.8802528274632779,centered
AR1_0.95_n1024_r20,AR1_0.95_n1024,,Higuchi,1.0,0.9293479453131877,0.0,0.9293479453131877,centered
AR1_0.95_n1024_r20,AR1_0.95_n1024,,GHE,1.0,0.9404887828813053,-2.220446049250313e-16,0.9404887828813051,centered
AR1_0.95_n1024_r21,AR1_0.95_n1024,,GPH,1.0,1.189588406345274,0.0,1.189588406345274,raw
AR1_0.95_n1024_r21,AR1_0.95_n1024,,Higuchi,1.0,0.9314956562155317,0.03230475873230354,0.9638004149478352,raw
AR1_0.95_n1024_r21,AR1_0.95_n1024,,GHE,1.0,0.941629754957103,0.026937845939914107,0.9685676008970171,raw
AR1_0.95_n1024_r21,AR1_0.95_n1024,,GPH,1.0,1.189588406345274,0.0,1.189588406345274,centered
AR1_0.95_n1024_r21,AR1_0.95_n1024,,Higuchi,1.0,0.9297411039396393,0.0,0.9297411039396393,centered
AR1_0.95_n1024_r21,AR1_0.95_n1024,,GHE,1.0,0.9405521428180276,0.0,0.9405521428180276,centered
AR1_0.95_n1024_r22,AR1_0.95_n1024,,GPH,1.0,0.9325538987476912,-1.1102230246251565e-16,0.9325538987476911,raw
AR1_0.95_n1024_r22,AR1_0.95_n1024,,Higuchi,1.0,0.9596741550040304,0.0006271172965754968,0.9603012723006059,raw
AR1_0.95_n1024_r22,AR1_0.95_n1024,,GHE,1.0,0.9662842699177479,-0.0006649167908852061,0.9656193531268626,raw
AR1_0.95_n1024_r22,AR1_0.95_n1024,,GPH,1.0,0.9325538987476911,0.0,0.9325538987476911,centered
AR1_0.95_n1024_r22,AR1_0.95_n1024,,Higuchi,1.0,0.9544999979359312,0.0,0.9544999979359312,centered
AR1_0.95_n1024_r22,AR1_0.95_n1024,,GHE,1.0,0.9612392868036496,0.0,0.9612392868036496,centered
AR1_0.95_n1024_r23,AR1_0.95_n1024,,GPH,1.0,0.9516297130251714,0.0,0.9516297130251714,raw
AR1_0.95_n1024_r23,AR1_0.95_n1024,,Higuchi,1.0,0.9406831320604443,0.006817731942881267,0.9475008640033256,raw
AR1_0.95_n1024_r23,AR1_0.95_n1024,,GHE,1.0,0.9489066349567833,0.006204727349683581,0.9551113623064669,raw
AR1_0.95_n1024_r23,AR1_0.95_n1024,,GPH,1.0,0.9516297130251713,1.1102230246251565e-16,0.9516297130251714,centered
AR1_0.95_n1024_r23,AR1_0.95_n1024,,Higuchi,1.0,0.9255680438734848,0.0,0.9255680438734848,centered
AR1_0.95_n1024_r23,AR1_0.95_n1024,,GHE,1.0,0.9368555889101216,0.0,0.9368555889101216,centered
AR1_0.95_n1024_r24,AR1_0.95_n1024,,GPH,1.0,1.0720896400910802,-2.220446049250313e-16,1.07208964009108,raw
AR1_0.95_n1024_r24,AR1_0.95_n1024,,Higuchi,1.0,0.931203594670382,0.0523172315950311,0.9835208262654132,raw
AR1_0.95_n1024_r24,AR1_0.95_n1024,,GHE,1.0,0.9404839633742145,0.04475575945948285,0.9852397228336973,raw
AR1_0.95_n1024_r24,AR1_0.95_n1024,,GPH,1.0,1.07208964009108,0.0,1.07208964009108,centered
AR1_0.95_n1024_r24,AR1_0.95_n1024,,Higuchi,1.0,0.9312849304021484,0.0,0.9312849304021484,centered
AR1_0.95_n1024_r24,AR1_0.95_n1024,,GHE,1.0,0.9406806971152758,0.0,0.9406806971152758,centered
AR1_0.95_n1024_r25,AR1_0.95_n1024,,GPH,1.0,1.0778750641948966,0.0,1.0778750641948966,raw
AR1_0.95_n1024_r25,AR1_0.95_n1024,,Higuchi,1.0,0.9424720298401696,0.021781915025729015,0.9642539448658987,raw
AR1_0.95_n1024_r25,AR1_0.95_n1024,,GHE,1.0,0.949403524126472,0.019145013812427947,0.9685485379389,raw
AR1_0.95_n1024_r25,AR1_0.95_n1024,,GPH,1.0,1.0778750641948966,0.0,1.0778750641948966,centered
AR1_0.95_n1024_r25,AR1_0.95_n1024,,Higuchi,1.0,0.9465237556280601,0.0,0.9465237556280601,centered
AR1_0.95_n1024_r25,AR1_0.95_n1024,,GHE,1.0,0.9528277487397264,0.0,0.9528277487397264,centered
AR1_0.95_n1024_r26,AR1_0.95_n1024,,GPH,1.0,0.8454361759350779,0.0,0.8454361759350779,raw
AR1_0.95_n1024_r26,AR1_0.95_n1024,,Higuchi,1.0,0.9005400347291368,0.0814444597949453,0.9819844945240821,raw
AR1_0.95_n1024_r26,AR1_0.95_n1024,,GHE,1.0,0.9141041335454585,0.06990810218957955,0.984012235735038,raw
AR1_0.95_n1024_r26,AR1_0.95_n1024,,GPH,1.0,0.8454361759350778,-1.1102230246251565e-16,0.8454361759350777,centered
AR1_0.95_n1024_r26,AR1_0.95_n1024,,Higuchi,1.0,0.9056164845295671,0.0,0.9056164845295671,centered
AR1_0.95_n1024_r26,AR1_0.95_n1024,,GHE,1.0,0.9182291977914657,-1.1102230246251565e-16,0.9182291977914656,centered
AR1_0.95_n1024_r27,AR1_0.95_n1024,,GPH,1.0,1.2845688541137175,0.0,1.2845688541137175,raw
AR1_0.95_n1024_r27,AR1_0.95_n1024,,Higuchi,1.0,0.9725298901065487,0.0065809707880033486,0.979110860894552,raw
AR1_0.95_n1024_r27,AR1_0.95_n1024,,GHE,1.0,0.977481592160558,0.00324836493779157,0.9807299570983495,raw
AR1_0.95_n1024_r27,AR1_0.95_n1024,,GPH,1.0,1.2845688541137175,0.0,1.2845688541137175,centered
AR1_0.95_n1024_r27,AR1_0.95_n1024,,Higuchi,1.0,0.971160850462927,0.0,0.971160850462927,centered
AR1_0.95_n1024_r27,AR1_0.95_n1024,,GHE,1.0,0.9763057920278031,-2.220446049250313e-16,0.9763057920278029,centered
AR1_0.95_n1024_r28,AR1_0.95_n1024,,GPH,1.0,1.0836781565567257,0.0,1.0836781565567257,raw
AR1_0.95_n1024_r28,AR1_0.95_n1024,,Higuchi,1.0,0.9128317490229834,0.07148228031100046,0.9843140293339838,raw
AR1_0.95_n1024_r28,AR1_0.95_n1024,,GHE,1.0,0.9191897158245561,0.06614227217250535,0.9853319879970615,raw
AR1_0.95_n1024_r28,AR1_0.95_n1024,,GPH,1.0,1.0836781565567257,0.0,1.0836781565567257,centered
AR1_0.95_n1024_r28,AR1_0.95_n1024,,Higuchi,1.0,0.9128145102553293,0.0,0.9128145102553293,centered
AR1_0.95_n1024_r28,AR1_0.95_n1024,,GHE,1.0,0.9191255988039043,0.0,0.9191255988039043,centered
AR1_0.95_n1024_r29,AR1_0.95_n1024,,GPH,1.0,1.074821433194742,0.0,1.074821433194742,raw
AR1_0.95_n1024_r29,AR1_0.95_n1024,,Higuchi,1.0,0.9094892523036959,0.05511157745975903,0.964600829763455,raw
AR1_0.95_n1024_r29,AR1_0.95_n1024,,GHE,1.0,0.9242787980830893,0.04425808737740633,0.9685368854604957,raw
AR1_0.95_n1024_r29,AR1_0.95_n1024,,GPH,1.0,1.074821433194742,0.0,1.074821433194742,centered
AR1_0.95_n1024_r29,AR1_0.95_n1024,,Higuchi,1.0,0.9064565347035547,0.0,0.9064565347035547,centered
AR1_0.95_n1024_r29,AR1_0.95_n1024,,GHE,1.0,0.9214397364250306,0.0,0.9214397364250306,centered
AR1_0.95_n1024_r3,AR1_0.95_n1024,,GPH,1.0,1.0121481332010034,0.0,1.0121481332010034,raw
AR1_0.95_n1024_r3,AR1_0.95_n1024,,Higuchi,1.0,0.9125400717915508,0.07069914554271706,0.9832392173342679,raw
AR1_0.95_n1024_r3,AR1_0.95_n1024,,GHE,1.0,0.9241801594573611,0.06069462880946086,0.984874788266822,raw
AR1_0.95_n1024_r3,AR1_0.95_n1024,,GPH,1.0,1.0121481332010034,0.0,1.0121481332010034,centered
AR1_0.95_n1024_r3,AR1_0.95_n1024,,Higuchi,1.0,0.9193871954837898,0.0,0.9193871954837898,centered
AR1_0.95_n1024_r3,AR1_0.95_n1024,,GHE,1.0,0.9291133504330132,-1.1102230246251565e-16,0.9291133504330131,centered
AR1_0.95_n1024_r30,AR1_0.95_n1024,,GPH,1.0,1.052512282871652,0.0,1.052512282871652,raw
AR1_0.95_n1024_r30,AR1_0.95_n1024,,Higuchi,1.0,0.9194788415729571,0.0728063672382413,0.9922852088111984,raw
AR1_0.95_n1024_r30,AR1_0.95_n1024,,GHE,1.0,0.931101141258035,0.06121189270615679,0.9923130339641918,raw
AR1_0.95_n1024_r30,AR1_0.95_n1024,,GPH,1.0,1.052512282871652,0.0,1.052512282871652,centered
AR1_0.95_n1024_r30,AR1_0.95_n1024,,Higuchi,1.0,0.9148511807692146,0.0,0.9148511807692146,centered
AR1_0.95_n1024_r30,AR1_0.95_n1024,,GHE,1.0,0.928444467889592,0.0,0.928444467889592,centered
AR1_0.95_n1024_r31,AR1_0.95_n1024,,GPH,1.0,0.7837901992211307,0.0,0.7837901992211307,raw
AR1_0.95_n1024_r31,AR1_0.95_n1024,,Higuchi,1.0,0.9196921153330155,0.03648071465790115,0.9561728299909167,raw
AR1_0.95_n1024_r31,AR1_0.95_n1024,,GHE,1.0,0.9316296376333817,0.03020667609491734,0.961836313728299,raw
AR1_0.95_n1024_r31,AR1_0.95_n1024,,GPH,1.0,0.7837901992211307,0.0,0.7837901992211307,centered
AR1_0.95_n1024_r31,AR1_0.95_n1024,,Higuchi,1.0,0.9138505187493333,0.0,0.9138505187493333,centered
AR1_0.95_n1024_r31,AR1_0.95_n1024,,GHE,1.0,0.9270566678881509,0.0,0.9270566678881509,centered
AR1_0.95_n1024_r32,AR1_0.95_n1024,,GPH,1.0,0.628389485839266,0.0,0.628389485839266,raw
AR1_0.95_n1024_r32,AR1_0.95_n1024,,Higuchi,1.0,0.8804353935739826,0.10155041253233943,0.981985806106322,raw
AR1_0.95_n1024_r32,AR1_0.95_n1024,,GHE,1.0,0.8991948634446221,0.08388570939328277,0.9830805728379048,raw
AR1_0.95_n1024_r32,AR1_0.95_n1024,,GPH,1.0,0.628389485839266,0.0,0.628389485839266,centered
AR1_0.95_n1024_r32,AR1_0.95_n1024,,Higuchi,1.0,0.8750341608191659,-2.220446049250313e-16,0.8750341608191656,centered
AR1_0.95_n1024_r32,AR1_0.95_n1024,,GHE,1.0,0.8947185182678062,0.0,0.8947185182678062,centered
AR1_0.95_n1024_r33,AR1_0.95_n1024,,GPH,1.0,1.173690407273838,0.0,1.173690407273838,raw
AR1_0.95_n1024_r33,AR1_0.95_n1024,,Higuchi,1.0,0.9392106321904927,0.026454831276204516,0.9656654634666972,raw
AR1_0.95_n1024_r33,AR1_0.95_n1024,,GHE,1.0,0.9470360931229413,0.022822247361753756,0.9698583404846951,raw
AR1_0.95_n1024_r33,AR1_0.95_n1024,,GPH,1.0,1.173690407273838,2.220446049250313e-16,1.1736904072738383,centered
AR1_0.95_n1024_r33,AR1_0.95_n1024,,Higuchi,1.0,0.9301177393890381,0.0,0.9301177393890381,centered
AR1_0.95_n1024_r33,AR1_0.95_n1024,,GHE,1.0,0.9401127780692093,0.0,0.9401127780692093,centered
AR1_0.95_n1024_r34,AR1_0.95_n1024,,GPH,1.0,1.1509881304845546,0.0,1.1509881304845546,raw
AR1_0.95_n1024_r34,AR1_0.95_n1024,,Higuchi,1.0,0.9388732439576548,0.027074554034056453,0.9659477979917113,raw
AR1_0.95_n1024_r34,AR1_0.95_n1024,,GHE,1.0,0.9475457962713247,0.024231389958558225,0.971777186229883,raw
AR1_0.95_n1024_r34,AR1_0.95_n1024,,GPH,1.0,1.1509881304845546,0.0,1.1509881304845546,centered
AR1_0.95_n1024_r34,AR1_0.95_n1024,,Higuchi,1.0,0.9388936943806356,0.0,0.9388936943806356,centered
AR1_0.95_n1024_r34,AR1_0.95_n1024,,GHE,1.0,0.9474894975679499,0.0,0.9474894975679499,centered
AR1_0.95_n1024_r35,AR1_0.95_n1024,,GPH,1.0,0.9417263504114957,1.1102230246251565e-16,0.9417263504114958,raw
AR1_0.95_n1024_r35,AR1_0.95_n1024,,Higuchi,1.0,0.9126703452424962,0.06021006575564791,0.9728804109981442,raw
AR1_0.95_n1024_r35,AR1_0.95_n1024,,GHE,1.0,0.9270847672548637,0.04915807847180109,0.9762428457266648,raw
AR1_0.95_n1024_r35,AR1_0.95_n1024,,GPH,1.0,0.9417263504114957,0.0,0.9417263504114957,centered
AR1_0.95_n1024_r35,AR1_0.95_n1024,,Higuchi,1.0,0.9126972040390491,0.0,0.9126972040390491,centered
AR1_0.95_n1024_r35,AR1_0.95_n1024,,GHE,1.0,0.9271126842501437,-1.1102230246251565e-16,0.9271126842501436,centered
AR1_0.95_n1024_r36,AR1_0.95_n1024,,GPH,1.0,0.9471069872372202,-1.1102230246251565e-16,0.9471069872372201,raw
AR1_0.95_n1024_r36,AR1_0.95_n1024,,Higuchi,1.0,0.9244460896593063,0.04958345015974297,0.9740295398190493,raw
AR1_0.95_n1024_r36,AR1_0.95_n1024,,GHE,1.0,0.9346748306228898,0.041562202894264044,0.9762370335171539,raw
AR1_0.95_n1024_r36,AR1_0.95_n1024,,GPH,1.0,0.9471069872372201,0.0,0.9471069872372201,centered
AR1_0.95_n1024_r36,AR1_0.95_n1024,,Higuchi,1.0,0.930079141781958,-2.220446049250313e-16,0.9300791417819578,centered
AR1_0.95_n1024_r36,AR1_0.95_n1024,,GHE,1.0,0.9391458608526875,-1.1102230246251565e-16,0.9391458608526874,centered
AR1_0.95_n1024_r37,AR1_0.95_n1024,,GPH,1.0,1.0533402035387516,0.0,1.0533402035387516,raw
AR1_0.95_n1024_r37,AR1_0.95_n1024,,Higuchi,1.0,0.9359081945626289,0.0424053726708884,0.9783135672335173,raw
AR1_0.95_n1024_r37,AR1_0.95_n1024,,GHE,1.0,0.9442778772659436,0.03737232035227245,0.981650197618216,raw
AR1_0.95_n1024_r37,AR1_0.95_n1024,,GPH,1.0,1.0533402035387516,0.0,1.0533402035387516,centered
AR1_0.95_n1024_r37,AR1_0.95_n1024,,Higuchi,1.0,0.9358995756557629,0.0,0.9358995756557629,centered
AR1_0.95_n1024_r37,AR1_0.95_n1024,,GHE,1.0,0.9442879020453395,0.0,0.9442879020453395,centered
AR1_0.95_n1024_r38,AR1_0.95_n1024,,GPH,1.0,1.259763145627776,-2.220446049250313e-16,1.2597631456277758,raw
AR1_0.95_n1024_r38,AR1_0.95_n1024,,Higuchi,1.0,0.946255600032299,0.014631908368178514,0.9608875084004775,raw
AR1_0.95_n1024_r38,AR1_0.95_n1024,,GHE,1.0,0.9526220677132795,0.013156006517432761,0.9657780742307123,raw
AR1_0.95_n1024_r38,AR1_0.95_n1024,,GPH,1.0,1.259763145627776,-2.220446049250313e-16,1.2597631456277758,centered
AR1_0.95_n1024_r38,AR1_0.95_n1024,,Higuchi,1.0,0.946585440822534,2.220446049250313e-16,0.9465854408225343,centered
AR1_0.95_n1024_r38,AR1_0.95_n1024,,GHE,1.0,0.9528037908798158,0.0,0.9528037908798158,centered
AR1_0.95_n1024_r39,AR1_0.95_n1024,,GPH,1.0,0.9699698861305296,1.1102230246251565e-16,0.9699698861305297,raw
AR1_0.95_n1024_r39,AR1_0.95_n1024,,Higuchi,1.0,0.9106379446189061,0.05808862393918357,0.9687265685580897,raw
AR1_0.95_n1024_r39,AR1_0.95_n1024,,GHE,1.0,0.9237552016821341,0.04833009864365523,0.9720853003257893,raw
AR1_0.95_n1024_r39,AR1_0.95_n1024,,GPH,1.0,0.9699698861305296,0.0,0.9699698861305296,centered
AR1_0.95_n1024_r39,AR1_0.95_n1024,,Higuchi,1.0,0.9112790959103223,0.0,0.9112790959103223,centered
AR1_0.95_n1024_r39,AR1_0.95_n1024,,GHE,1.0,0.9242374107595313,0.0,0.9242374107595313,centered
AR1_0.95_n1024_r4,AR1_0.95_n1024,,GPH,1.0,1.1887005798757406,-2.220446049250313e-16,1.1887005798757404,raw
AR1_0.95_n1024_r4,AR1_0.95_n1024,,Higuchi,1.0,0.9475092555410416,0.043245856037443575,0.9907551115784852,raw
AR1_0.95_n1024_r4,AR1_0.95_n1024,,GHE,1.0,0.9537485610735855,0.038214863223247186,0.9919634242968327,raw
AR1_0.95_n1024_r4,AR1_0.95_n1024,,GPH,1.0,1.1887005798757406,0.0,1.1887005798757406,centered
AR1_0.95_n1024_r4,AR1_0.95_n1024,,Higuchi,1.0,0.9374560735091033,0.0,0.9374560735091033,centered
AR1_0.95_n1024_r4,AR1_0.95_n1024,,GHE,1.0,0.9435736204815499,0.0,0.9435736204815499,centered
AR1_0.95_n1024_r40,AR1_0.95_n1024,,GPH,1.0,0.7218119376224785,-1.1102230246251565e-16,0.7218119376224784,raw
AR1_0.95_n1024_r40,AR1_0.95_n1024,,Higuchi,1.0,0.8997579460866312,0.07743463059579936,0.9771925766824305,raw
AR1_0.95_n1024_r40,AR1_0.95_n1024,,GHE,1.0,0.9121650050372712,0.0675529482907985,0.9797179533280697,raw
AR1_0.95_n1024_r40,AR1_0.95_n1024,,GPH,1.0,0.7218119376224785,-1.1102230246251565e-16,0.7218119376224784,centered
AR1_0.95_n1024_r40,AR1_0.95_n1024,,Higuchi,1.0,0.8882097282548551,0.0,0.8882097282548551,centered
AR1_0.95_n1024_r40,AR1_0.95_n1024,,GHE,1.0,0.903079997416831,-1.1102230246251565e-16,0.9030799974168309,centered
AR1_0.95_n1024_r41,AR1_0.95_n1024,,GPH,1.0,1.0442351037583075,0.0,1.0442351037583075,raw
AR1_0.95_n1024_r41,AR1_0.95_n1024,,Higuchi,1.0,0.9291251373947507,0.02720330012877481,0.9563284375235255,raw
AR1_0.95_n1024_r41,AR1_0.95_n1024,,GHE,1.0,0.9397868495790613,0.0227278647041681,0.9625147142832294,raw
AR1_0.95_n1024_r41,AR1_0.95_n1024,,GPH,1.0,1.0442351037583075,0.0,1.0442351037583075,centered
AR1_0.95_n1024_r41,AR1_0.95_n1024,,Higuchi,1.0,0.9243481382420957,0.0,0.9243481382420957,centered
AR1_0.95_n1024_r41,AR1_0.95_n1024,,GHE,1.0,0.9359510522652026,-2.220446049250313e-16,0.9359510522652024,centered
AR1_0.95_n1024_r42,AR1_0.95_n1024,,GPH,1.0,0.9080616215104822,0.0,0.9080616215104822,raw
AR1_0.95_n1024_r42,AR1_0.95_n1024,,Higuchi,1.0,0.9145636697260318,0.06863237987377158,0.9831960495998033,raw
AR1_0.95_n1024_r42,AR1_0.95_n1024,,GHE,1.0,0.9282364273236634,0.05681983363519039,0.9850562609588538,raw
AR1_0.95_n1024_r42,AR1_0.95_n1024,,GPH,1.0,0.9080616215104822,0.0,0.9080616215104822,centered
AR1_0.95_n1024_r42,AR1_0.95_n1024,,Higuchi,1.0,0.917105259144881,0.0,0.917105259144881,centered
AR1_0.95_n1024_r42,AR1_0.95_n1024,,GHE,1.0,0.9301959075517717,2.220446049250313e-16,0.930195907551772,centered
AR1_0.95_n1024_r43,AR1_0.95_n1024,,GPH,1.0,0.9939898813030084,0.0,0.9939898813030084,raw
AR1_0.95_n1024_r43,AR1_0.95_n1024,,Higuchi,1.0,0.9360553877231519,0.05405305245614178,0.9901084401792937,raw
AR1_0.95_n1024_r43,AR1_0.95_n1024,,GHE,1.0,0.9451508512262722,0.0458252529776656,0.9909761042039378,raw
AR1_0.95_n1024_r43,AR1_0.95_n1024,,GPH,1.0,0.9939898813030084,0.0,0.9939898813030084,centered
AR1_0.95_n1024_r43,AR1_0.95_n1024,,Higuchi,1.0,0.9232655119434869,0.0,0.9232655119434869,centered
AR1_0.95_n1024_r43,AR1_0.95_n1024,,GHE,1.0,0.9350584290270435,0.0,0.9350584290270435,centered
AR1_0.95_n1024_r44,AR1_0.95_n1024,,GPH,1.0,0.991389341342997,0.0,0.991389341342997,raw
AR1_0.95_n1024_r44,AR1_0.95_n1024,,Higuchi,1.0,0.9255903219916952,0.025316666961597623,0.9509069889532928,raw
AR1_0.95_n1024_r44,AR1_0.95_n1024,,GHE,1.0,0.9352152168195574,0.02258302579842708,0.9577982426179845,raw
AR1_0.95_n1024_r44,AR1_0.95_n1024,,GPH,1.0,0.991389341342997,0.0,0.991389341342997,centered
AR1_0.95_n1024_r44,AR1_0.95_n1024,,Higuchi,1.0,0.9257416267232201,0.0,0.9257416267232201,centered
AR1_0.95_n1024_r44,AR1_0.95_n1024,,GHE,1.0,0.9355113130033558,0.0,0.9355113130033558,centered
AR1_0.95_n1024_r45,AR1_0.95_n1024,,GPH,1.0,0.8797648493975829,0.0,0.8797648493975829,raw
AR1_0.95_n1024_r45,AR1_0.95_n1024,,Higuchi,1.0,0.8988009540399011,0.07106318468736594,0.9698641387272671,raw
AR1_0.95_n1024_r45,AR1_0.95_n1024,,GHE,1.0,0.9139344385426347,0.0605813935747439,0.9745158321173786,raw
AR1_0.95_n1024_r45,AR1_0.95_n1024,,GPH,1.0,0.879764849397583,-1.1102230246251565e-16,0.8797648493975829,centered
AR1_0.95_n1024_r45,AR1_0.95_n1024,,Higuchi,1.0,0.907346109677212,0.0,0.907346109677212,centered
AR1_0.95_n1024_r45,AR1_0.95_n1024,,GHE,1.0,0.9215509196390496,0.0,0.9215509196390496,centered
AR1_0.95_n1024_r46,AR1_0.95_n1024,,GPH,1.0,0.8785775630818093,0.0,0.8785775630818093,raw
AR1_0.95_n1024_r46,AR1_0.95_n1024,,Higuchi,1.0,0.9097468781013018,0.056153364423511265,0.9659002425248131,raw
AR1_0.95_n1024_r46,AR1_0.95_n1024,,GHE,1.0,0.9224868192395866,0.046993008534244596,0.9694798277738312,raw
AR1_0.95_n1024_r46,AR1_0.95_n1024,,GPH,1.0,0.8785775630818093,0.0,0.8785775630818093,centered
AR1_0.95_n1024_r46,AR1_0.95_n1024,,Higuchi,1.0,0.9091340800516174,0.0,0.9091340800516174,centered
AR1_0.95_n1024_r46,AR1_0.95_n1024,,GHE,1.0,0.9220197940351895,0.0,0.9220197940351895,centered
AR1_0.95_n1024_r47,AR1_0.95_n1024,,GPH,1.0,1.0265311967193353,0.0,1.0265311967193353,raw
AR1_0.95_n1024_r47,AR1_0.95_n1024,,Higuchi,1.0,0.9440217619031797,0.04346338361482549,0.9874851455180051,raw
AR1_0.95_n1024_r47,AR1_0.95_n1024,,GHE,1.0,0.95077951714168,0.03736216508649892,0.9881416822281789,raw
AR1_0.95_n1024_r47,AR1_0.95_n1024,,GPH,1.0,1.0265311967193353,0.0,1.0265311967193353,centered
AR1_0.95_n1024_r47,AR1_0.95_n1024,,Higuchi,1.0,0.939366539500645,0.0,0.939366539500645,centered
AR1_0.95_n1024_r47,AR1_0.95_n1024,,GHE,1.0,0.9476965266570946,0.0,0.9476965266570946,centered
AR1_0.95_n1024_r48,AR1_0.95_n1024,,GPH,1.0,1.0782465897566782,0.0,1.0782465897566782,raw
AR1_0.95_n1024_r48,AR1_0.95_n1024,,Higuchi,1.0,0.9262233435635645,0.05500246255770325,0.9812258061212678,raw
AR1_0.95_n1024_r48,AR1_0.95_n1024,,GHE,1.0,0.9363204017510152,0.048095435111586426,0.9844158368626016,raw
AR1_0.95_n1024_r48,AR1_0.95_n1024,,GPH,1.0,1.0782465897566782,0.0,1.0782465897566782,centered
AR1_0.95_n1024_r48,AR1_0.95_n1024,,Higuchi,1.0,0.9261917213218471,-2.220446049250313e-16,0.9261917213218469,centered
AR1_0.95_n1024_r48,AR1_0.95_n1024,,GHE,1.0,0.9362846949657532,0.0,0.9362846949657532,centered
AR1_0.95_n1024_r49,AR1_0.95_n1024,,GPH,1.0,0.9218747331993818,1.1102230246251565e-16,0.921874733199382,raw
AR1_0.95_n1024_r49,AR1_0.95_n1024,,Higuchi,1.0,0.9247229683716318,0.035768928533613575,0.9604918969052454,raw
AR1_0.95_n1024_r49,AR1_0.95_n1024,,GHE,1.0,0.9343726035865214,0.03202423856687986,0.9663968421534013,raw
AR1_0.95_n1024_r49,AR1_0.95_n1024,,GPH,1.0,0.9218747331993818,1.1102230246251565e-16,0.921874733199382,centered
AR1_0.95_n1024_r49,AR1_0.95_n1024,,Higuchi,1.0,0.9225866575864661,0.0,0.9225866575864661,centered
AR1_0.95_n1024_r49,AR1_0.95_n1024,,GHE,1.0,0.932227670073695,0.0,0.932227670073695,centered
AR1_0.95_n1024_r5,AR1_0.95_n1024,,GPH,1.0,1.1659400800228914,2.220446049250313e-16,1.1659400800228916,raw
AR1_0.95_n1024_r5,AR1_0.95_n1024,,Higuchi,1.0,0.9462341544238246,0.03201343492682396,0.9782475893506486,raw
AR1_0.95_n1024_r5,AR1_0.95_n1024,,GHE,1.0,0.9538789631647522,0.028084104338655158,0.9819630675034073,raw
AR1_0.95_n1024_r5,AR1_0.95_n1024,,GPH,1.0,1.1659400800228914,0.0,1.1659400800228914,centered
AR1_0.95_n1024_r5,AR1_0.95_n1024,,Higuchi,1.0,0.9446781929053563,2.220446049250313e-16,0.9446781929053565,centered
AR1_0.95_n1024_r5,AR1_0.95_n1024,,GHE,1.0,0.9524193173993599,0.0,0.9524193173993599,centered
AR1_0.95_n1024_r50,AR1_0.95_n1024,,GPH,1.0,0.8665425922024073,0.0,0.8665425922024073,raw
AR1_0.95_n1024_r50,AR1_0.95_n1024,,Higuchi,1.0,0.9090436407544253,0.04877738377459084,0.9578210245290162,raw
AR1_0.95_n1024_r50,AR1_0.95_n1024,,GHE,1.0,0.921198965323597,0.04195603189693109,0.9631549972205281,raw
AR1_0.95_n1024_r50,AR1_0.95_n1024,,GPH,1.0,0.8665425922024073,0.0,0.8665425922024073,centered
AR1_0.95_n1024_r50,AR1_0.95_n1024,,Higuchi,1.0,0.9075286437791974,0.0,0.9075286437791974,centered
AR1_0.95_n1024_r50,AR1_0.95_n1024,,GHE,1.0,0.9201685468494295,-1.1102230246251565e-16,0.9201685468494294,centered
AR1_0.95_n1024_r51,AR1_0.95_n1024,,GPH,1.0,0.8537277188804229,0.0,0.8537277188804229,raw
AR1_0.95_n1024_r51,AR1_0.95_n1024,,Higuchi,1.0,0.8653154285968636,0.09570231751371217,0.9610177461105758,raw
AR1_0.95_n1024_r51,AR1_0.95_n1024,,GHE,1.0,0.8862519828979918,0.07849334734335278,0.9647453302413446,raw
AR1_0.95_n1024_r51,AR1_0.95_n1024,,GPH,1.0,0.8537277188804229,0.0,0.8537277188804229,centered
AR1_0.95_n1024_r51,AR1_0.95_n1024,,Higuchi,1.0,0.8696420372473443,2.220446049250313e-16,0.8696420372473446,centered
AR1_0.95_n1024_r51,AR1_0.95_n1024,,GHE,1.0,0.8894576512400532,0.0,0.8894576512400532,centered
AR1_0.95_n1024_r52,AR1_0.95_n1024,,GPH,1.0,1.0227019119147966,0.0,1.0227019119147966,raw
AR1_0.95_n1024_r52,AR1_0.95_n1024,,Higuchi,1.0,0.9235929560763734,0.05918866397397671,0.9827816200503501,raw
AR1_0.95_n1024_r52,AR1_0.95_n1024,,GHE,1.0,0.9361368667275712,0.04817326885668871,0.98431013558426,raw
AR1_0.95_n1024_r52,AR1_0.95_n1024,,GPH,1.0,1.0227019119147966,0.0,1.0227019119147966,centered
AR1_0.95_n1024_r52,AR1_0.95_n1024,,Higuchi,1.0,0.9206690953158563,0.0,0.9206690953158563,centered
AR1_0.95_n1024_r52,AR1_0.95_n1024,,GHE,1.0,0.9340913057384862,-1.1102230246251565e-16,0.9340913057384861,centered
AR1_0.95_n1024_r53,AR1_0.95_n1024,,GPH,1.0,0.9890248243144639,0.0,0.9890248243144639,raw
AR1_0.95_n1024_r53,AR1_0.95_n1024,,Higuchi,1.0,0.8770805275558358,0.1012972089637314,0.9783777365195672,raw
AR1_0.95_n1024_r53,AR1_0.95_n1024,,GHE,1.0,0.8947207727250016,0.08583348369192123,0.9805542564169228,raw
AR1_0.95_n1024_r53,AR1_0.95_n1024,,GPH,1.0,0.9890248243144639,0.0,0.9890248243144639,centered
AR1_0.95_n1024_r53,AR1_0.95_n1024,,Higuchi,1.0,0.8817311541365513,0.0,0.8817311541365513,centered
AR1_0.95_n1024_r53,AR1_0.95_n1024,,GHE,1.0,0.8990456871249466,-1.1102230246251565e-16,0.8990456871249465,centered
AR1_0.95_n1024_r54,AR1_0.95_n1024,,GPH,1.0,0.8675600512035648,0.0,0.8675600512035648,raw
AR1_0.95_n1024_r54,AR1_0.95_n1024,,Higuchi,1.0,0.9104120925169874,0.04078684809561439,0.9511989406126018,raw
AR1_0.95_n1024_r54,AR1_0.95_n1024,,GHE,1.0,0.9237729633154473,0.034416998143853905,0.9581899614593012,raw
AR1_0.95_n1024_r54,AR1_0.95_n1024,,GPH,1.0,0.8675600512035648,0.0,0.8675600512035648,centered
AR1_0.95_n1024_r54,AR1_0.95_n1024,,Higuchi,1.0,0.906333314715337,-2.220446049250313e-16,0.9063333147153367,centered
AR1_0.95_n1024_r54,AR1_0.95_n1024,,GHE,1.0,0.9196033532280782,1.1102230246251565e-16,0.9196033532280783,centered
AR1_0.95_n1024_r55,AR1_0.95_n1024,,GPH,1.0,0.8032762678563963,0.0,0.8032762678563963,raw
AR1_0.95_n1024_r55,AR1_0.95_n1024,,Higuchi,1.0,0.8902310589934559,0.08408142557785658,0.9743124845713125,raw
AR1_0.95_n1024_r55,AR1_0.95_n1024,,GHE,1.0,0.9062421676125277,0.07011974220015949,0.9763619098126872,raw
AR1_0.95_n1024_r55,AR1_0.95_n1024,,GPH,1.0,0.8032762678563963,0.0,0.8032762678563963,centered
AR1_0.95_n1024_r55,AR1_0.95_n1024,,Higuchi,1.0,0.8934957405112822,0.0,0.8934957405112822,centered
AR1_0.95_n1024_r55,AR1_0.95_n1024,,GHE,1.0,0.909058188858348,0.0,0.909058188858348,centered
AR1_0.95_n1024_r56,AR1_0.95_n1024,,GPH,1.0,1.0396057055192844,-2.220446049250313e-16,1.0396057055192842,raw
AR1_0.95_n1024_r56,AR1_0.95_n1024,,Higuchi,1.0,0.9188381524835811,0.055979578353722026,0.9748177308373032,raw
AR1_0.95_n1024_r56,AR1_0.95_n1024,,GHE,1.0,0.9296174663990517,0.0466500839847559,0.9762675503838076,raw
AR1_0.95_n1024_r56,AR1_0.95_n1024,,GPH,1.0,1.0396057055192844,-2.220446049250313e-16,1.0396057055192842,centered
AR1_0.95_n1024_r56,AR1_0.95_n1024,,Higuchi,1.0,0.9205440037185151,0.0,0.9205440037185151,centered
AR1_0.95_n1024_r56,AR1_0.95_n1024,,GHE,1.0,0.9314751656297812,3.3306690738754696e-16,0.9314751656297815,centered
AR1_0.95_n1024_r57,AR1_0.95_n1024,,GPH,1.0,0.9993087824904183,0.0,0.9993087824904183,raw
AR1_0.95_n1024_r57,AR1_0.95_n1024,,Higuchi,1.0,0.9093669642640849,0.07776151031016743,0.9871284745742523,raw
AR1_0.95_n1024_r57,AR1_0.95_n1024,,GHE,1.0,0.9208849988964146,0.06772569353761893,0.9886106924340335,raw
AR1_0.95_n1024_r57,AR1_0.95_n1024,,GPH,1.0,0.9993087824904183,0.0,0.9993087824904183,centered
AR1_0.95_n1024_r57,AR1_0.95_n1024,,Higuchi,1.0,0.90882849608915,2.220446049250313e-16,0.9088284960891502,centered
AR1_0.95_n1024_r57,AR1_0.95_n1024,,GHE,1.0,0.920460926827823,-2.220446049250313e-16,0.9204609268278228,centered
AR1_0.95_n1024_r58,AR1_0.95_n1024,,GPH,1.0,1.1214096781176477,0.0,1.1214096781176477,raw
AR1_0.95_n1024_r58,AR1_0.95_n1024,,Higuchi,1.0,0.9515620974895218,0.03173211697750333,0.9832942144670251,raw
AR1_0.95_n1024_r58,AR1_0.95_n1024,,GHE,1.0,0.9582626324224209,0.02672807946620792,0.9849907118886289,raw
AR1_0.95_n1024_r58,AR1_0.95_n1024,,GPH,1.0,1.1214096781176477,0.0,1.1214096781176477,centered
AR1_0.95_n1024_r58,AR1_0.95_n1024,,Higuchi,1.0,0.9475721608767782,0.0,0.9475721608767782,centered
AR1_0.95_n1024_r58,AR1_0.95_n1024,,GHE,1.0,0.9549847491110455,0.0,0.9549847491110455,centered
AR1_0.95_n1024_r59,AR1_0.95_n1024,,GPH,1.0,0.8824801227305896,0.0,0.8824801227305896,raw
AR1_0.95_n1024_r59,AR1_0.95_n1024,,Higuchi,1.0,0.9011253350806665,0.08371400757400549,0.984839342654672,raw
AR1_0.95_n1024_r59,AR1_0.95_n1024,,GHE,1.0,0.9171212100120998,0.06913122363400259,0.9862524336461024,raw
AR1_0.95_n1024_r59,AR1_0.95_n1024,,GPH,1.0,0.8824801227305896,0.0,0.8824801227305896,centered
AR1_0.95_n1024_r59,AR1_0.95_n1024,,Higuchi,1.0,0.8997191760043781,0.0,0.8997191760043781,centered
AR1_0.95_n1024_r59,AR1_0.95_n1024,,GHE,1.0,0.915989490483912,-1.1102230246251565e-16,0.9159894904839119,centered
AR1_0.95_n1024_r6,AR1_0.95_n1024,,GPH,1.0,1.0796837885338648,-2.220446049250313e-16,1.0796837885338646,raw
AR1_0.95_n1024_r6,AR1_0.95_n1024,,Higuchi,1.0,0.931269269618425,0.023826040009239602,0.9550953096276646,raw
AR1_0.95_n1024_r6,AR1_0.95_n1024,,GHE,1.0,0.9418051869242324,0.01732238202663028,0.9591275689508627,raw
AR1_0.95_n1024_r6,AR1_0.95_n1024,,GPH,1.0,1.0796837885338648,-2.220446049250313e-16,1.0796837885338646,centered
AR1_0.95_n1024_r6,AR1_0.95_n1024,,Higuchi,1.0,0.926986639900419,0.0,0.926986639900419,centered
AR1_0.95_n1024_r6,AR1_0.95_n1024,,GHE,1.0,0.9345642841587184,1.1102230246251565e-16,0.9345642841587185,centered
AR1_0.95_n1024_r60,AR1_0.95_n1024,,GPH,1.0,0.8903217569659513,-1.1102230246251565e-16,0.8903217569659512,raw
AR1_0.95_n1024_r60,AR1_0.95_n1024,,Higuchi,1.0,0.9165980292756948,0.07319039043611664,0.9897884197118114,raw
AR1_0.95_n1024_r60,AR1_0.95_n1024,,GHE,1.0,0.9292906230169029,0.060670981365896104,0.989961604382799,raw
AR1_0.95_n1024_r60,AR1_0.95_n1024,,GPH,1.0,0.8903217569659512,0.0,0.8903217569659512,centered
AR1_0.95_n1024_r60,AR1_0.95_n1024,,Higuchi,1.0,0.9130880131384556,0.0,0.9130880131384556,centered
AR1_0.95_n1024_r60,AR1_0.95_n1024,,GHE,1.0,0.9254221368993498,1.1102230246251565e-16,0.9254221368993499,centered
AR1_0.95_n1024_r61,AR1_0.95_n1024,,GPH,1.0,0.8955649419728384,0.0,0.8955649419728384,raw
AR1_0.95_n1024_r61,AR1_0.95_n1024,,Higuchi,1.0,0.9217387636755483,0.06611879798394527,0.9878575616594936,raw
AR1_0.95_n1024_r61,AR1_0.95_n1024,,GHE,1.0,0.9329585755187273,0.05541538222227027,0.9883739577409976,raw
AR1_0.95_n1024_r61,AR1_0.95_n1024,,GPH,1.0,0.8955649419728384,-1.1102230246251565e-16,0.8955649419728383,centered
AR1_0.95_n1024_r61,AR1_0.95_n1024,,Higuchi,1.0,0.9167247335839313,0.0,0.9167247335839313,centered
AR1_0.95_n1024_r61,AR1_0.95_n1024,,GHE,1.0,0.9261628416269229,0.0,0.9261628416269229,centered
AR1_0.95_n1024_r62,AR1_0.95_n1024,,GPH,1.0,1.0316937938561885,0.0,1.0316937938561885,raw
AR1_0.95_n1024_r62,AR1_0.95_n1024,,Higuchi,1.0,0.9500393854699547,0.028410992744742902,0.9784503782146976,raw
AR1_0.95_n1024_r62,AR1_0.95_n1024,,GHE,1.0,0.9568960477262266,0.02448780429406583,0.9813838520202924,raw
AR1_0.95_n1024_r62,AR1_0.95_n1024,,GPH,1.0,1.0316937938561885,0.0,1.0316937938561885,centered
AR1_0.95_n1024_r62,AR1_0.95_n1024,,Higuchi,1.0,0.951687022547749,-2.220446049250313e-16,0.9516870225477487,centered
AR1_0.95_n1024_r62,AR1_0.95_n1024,,GHE,1.0,0.957663228292732,-2.220446049250313e-16,0.9576632282927318,centered
AR1_0.95_n1024_r63,AR1_0.95_n1024,,GPH,1.0,1.009762618047483,-2.220446049250313e-16,1.0097626180474828,raw
AR1_0.95_n1024_r63,AR1_0.95_n1024,,Higuchi,1.0,0.9043224523553022,0.05071264925331387,0.955035101608616,raw
AR1_0.95_n1024_r63,AR1_0.95_n1024,,GHE,1.0,0.9217189921344959,0.0388710119827288,0.9605900041172247,raw
AR1_0.95_n1024_r63,AR1_0.95_n1024,,GPH,1.0,1.009762618047483,-2.220446049250313e-16,1.0097626180474828,centered
AR1_0.95_n1024_r63,AR1_0.95_n1024,,Higuchi,1.0,0.9044740422278028,0.0,0.9044740422278028,centered
AR1_0.95_n1024_r63,AR1_0.95_n1024,,GHE,1.0,0.9209943057836356,0.0,0.9209943057836356,centered
AR1_0.95_n1024_r7,AR1_0.95_n1024,,GPH,1.0,0.9590607183516104,0.0,0.9590607183516104,raw
AR1_0.95_n1024_r7,AR1_0.95_n1024,,Higuchi,1.0,0.9331838058051116,0.03238613555441483,0.9655699413595265,raw
AR1_0.95_n1024_r7,AR1_0.95_n1024,,GHE,1.0,0.942064412054538,0.028559543342552174,0.9706239553970901,raw
AR1_0.95_n1024_r7,AR1_0.95_n1024,,GPH,1.0,0.9590607183516104,0.0,0.9590607183516104,centered
AR1_0.95_n1024_r7,AR1_0.95_n1024,,Higuchi,1.0,0.93616703115121,0.0,0.93616703115121,centered
AR1_0.95_n1024_r7,AR1_0.95_n1024,,GHE,1.0,0.9445767245806477,-1.1102230246251565e-16,0.9445767245806476,centered
AR1_0.95_n1024_r8,AR1_0.95_n1024,,GPH,1.0,1.1660285017860863,0.0,1.1660285017860863,raw
AR1_0.95_n1024_r8,AR1_0.95_n1024,,Higuchi,1.0,0.9481358922612242,0.021077606078274913,0.9692134983394991,raw
AR1_0.95_n1024_r8,AR1_0.95_n1024,,GHE,1.0,0.9548362072093708,0.018761307697808483,0.9735975149071793,raw
AR1_0.95_n1024_r8,AR1_0.95_n1024,,GPH,1.0,1.1660285017860863,0.0,1.1660285017860863,centered
AR1_0.95_n1024_r8,AR1_0.95_n1024,,Higuchi,1.0,0.9491191630310438,0.0,0.9491191630310438,centered
AR1_0.95_n1024_r8,AR1_0.95_n1024,,GHE,1.0,0.9562960197881412,0.0,0.9562960197881412,centered
AR1_0.95_n1024_r9,AR1_0.95_n1024,,GPH,1.0,0.7482113822114146,0.0,0.7482113822114146,raw
AR1_0.95_n1024_r9,AR1_0.95_n1024,,Higuchi,1.0,0.9245444753832399,0.04238200072831222,0.9669264761115521,raw
AR1_0.95_n1024_r9,AR1_0.95_n1024,,GHE,1.0,0.9378052716193341,0.033828727921255464,0.9716339995405896,raw
AR1_0.95_n1024_r9,AR1_0.95_n1024,,GPH,1.0,0.7482113822114146,0.0,0.7482113822114146,centered
AR1_0.95_n1024_r9,AR1_0.95_n1024,,Higuchi,1.0,0.9235143067674996,0.0,0.9235143067674996,centered
AR1_0.95_n1024_r9,AR1_0.95_n1024,,GHE,1.0,0.9370162387943646,-2.220446049250313e-16,0.9370162387943644,centered
AR1_0.95_n256_r0,AR1_0.95_n256,,GPH,1.0,1.1671613676751584,0.0,1.1671613676751584,raw
AR1_0.95_n256_r0,AR1_0.95_n256,,Higuchi,1.0,0.8812643356231951,0.09333773013782443,0.9746020657610195,raw
AR1_0.95_n256_r0,AR1_0.95_n256,,GHE,1.0,0.8932720267266631,0.08039341771435393,0.973665444441017,raw
AR1_0.95_n256_r0,AR1_0.95_n256,,GPH,1.0,1.1671613676751584,0.0,1.1671613676751584,centered
AR1_0.95_n256_r0,AR1_0.95_n256,,Higuchi,1.0,0.8809283771184413,0.0,0.8809283771184413,centered
AR1_0.95_n256_r0,AR1_0.95_n256,,GHE,1.0,0.8930060154320226,-2.220446049250313e-16,0.8930060154320224,centered
AR1_0.95_n256_r1,AR1_0.95_n256,,GPH,1.0,1.4240282953660195,-2.220446049250313e-16,1.4240282953660193,raw
AR1_0.95_n256_r1,AR1_0.95_n256,,Higuchi,1.0,0.8568563281231039,0.11151570453919013,0.968372032662294,raw
AR1_0.95_n256_r1,AR1_0.95_n256,,GHE,1.0,0.8819635230023883,0.09095710293679093,0.9729206259391793,raw
AR1_0.95_n256_r1,AR1_0.95_n256,,GPH,1.0,1.4240282953660195,-2.220446049250313e-16,1.4240282953660193,centered
AR1_0.95_n256_r1,AR1_0.95_n256,,Higuchi,1.0,0.8339168505247203,0.0,0.8339168505247203,centered
AR1_0.95_n256_r1,AR1_0.95_n256,,GHE,1.0,0.8651297643416539,-1.1102230246251565e-16,0.8651297643416538,centered
AR1_0.95_n256_r10,AR1_0.95_n256,,GPH,1.0,1.2853208068465332,0.0,1.2853208068465332,raw
AR1_0.95_n256_r10,AR1_0.95_n256,,Higuchi,1.0,0.943908109221657,0.04706221764697438,0.9909703268686314,raw
AR1_0.95_n256_r10,AR1_0.95_n256,,GHE,1.0,0.9442895173940395,0.04752725261957025,0.9918167700136098,raw
AR1_0.95_n256_r10,AR1_0.95_n256,,GPH,1.0,1.2853208068465332,0.0,1.2853208068465332,centered
AR1_0.95_n256_r10,AR1_0.95_n256,,Higuchi,1.0,0.9373087179723818,0.0,0.9373087179723818,centered
AR1_0.95_n256_r10,AR1_0.95_n256,,GHE,1.0,0.9391997134234586,-1.1102230246251565e-16,0.9391997134234585,centered
AR1_0.95_n256_r11,AR1_0.95_n256,,GPH,1.0,1.2011525621408707,-2.220446049250313e-16,1.2011525621408705,raw
AR1_0.95_n256_r11,AR1_0.95_n256,,Higuchi,1.0,0.8480412416941392,0.12195511071445764,0.9699963524085968,raw
AR1_0.95_n256_r11,AR1_0.95_n256,,GHE,1.0,0.8691192658225946,0.1038614371476061,0.9729807029702007,raw
AR1_0.95_n256_r11,AR1_0.95_n256,,GPH,1.0,1.2011525621408705,2.220446049250313e-16,1.2011525621408707,centered
AR1_0.95_n256_r11,AR1_0.95_n256,,Higuchi,1.0,0.8163886228924531,-2.220446049250313e-16,0.8163886228924528,centered
AR1_0.95_n256_r11,AR1_0.95_n256,,GHE,1.0,0.8451916886784872,0.0,0.8451916886784872,centered
AR1_0.95_n256_r12,AR1_0.95_n256,,GPH,1.0,1.2693775187336036,0.0,1.2693775187336036,raw
AR1_0.95_n256_r12,AR1_0.95_n256,,Higuchi,1.0,0.928716344450671,0.053964337276712904,0.9826806817273839,raw
AR1_0.95_n256_r12,AR1_0.95_n256,,GHE,1.0,0.9371239767667696,0.04040407061666984,0.9775280473834395,raw
AR1_0.95_n256_r12,AR1_0.95_n256,,GPH,1.0,1.2693775187336036,0.0,1.2693775187336036,centered
AR1_0.95_n256_r12,AR1_0.95_n256,,Higuchi,1.0,0.8967863055270491,0.0,0.8967863055270491,centered
AR1_0.95_n256_r12,AR1_0.95_n256,,GHE,1.0,0.9106909399045459,1.1102230246251565e-16,0.910690939904546,centered
AR1_0.95_n256_r13,AR1_0.95_n256,,GPH,1.0,1.4302196360896873,-4.440892098500626e-16,1.4302196360896868,raw
AR1_0.95_n256_r13,AR1_0.95_n256,,Higuchi,1.0,0.9288736962924815,0.04611649145476271,0.9749901877472442,raw
AR1_0.95_n256_r13,AR1_0.95_n256,,GHE,1.0,0.9401648374676809,0.038836247267695745,0.9790010847353766,raw
AR1_0.95_n256_r13,AR1_0.95_n256,,GPH,1.0,1.4302196360896873,-2.220446049250313e-16,1.430219636089687,centered
AR1_0.95_n256_r13,AR1_0.95_n256,,Higuchi,1.0,0.9429190929713154,0.0,0.9429190929713154,centered
AR1_0.95_n256_r13,AR1_0.95_n256,,GHE,1.0,0.9492627301341447,0.0,0.9492627301341447,centered
AR1_0.95_n256_r14,AR1_0.95_n256,,GPH,1.0,1.4053741198212006,0.0,1.4053741198212006,raw
AR1_0.95_n256_r14,AR1_0.95_n256,,Higuchi,1.0,0.8936619840150166,0.10041228683310632,0.9940742708481229,raw
AR1_0.95_n256_r14,AR1_0.95_n256,,GHE,1.0,0.9145728989746289,0.07816264846275933,0.9927355474373882,raw
AR1_0.95_n256_r14,AR1_0.95_n256,,GPH,1.0,1.4053741198212006,0.0,1.4053741198212006,centered
AR1_0.95_n256_r14,AR1_0.95_n256,,Higuchi,1.0,0.8933738600996082,0.0,0.8933738600996082,centered
AR1_0.95_n256_r14,AR1_0.95_n256,,GHE,1.0,0.9143891705661663,0.0,0.9143891705661663,centered
AR1_0.95_n256_r15,AR1_0.95_n256,,GPH,1.0,1.2266362176829526,0.0,1.2266362176829526,raw
AR1_0.95_n256_r15,AR1_0.95_n256,,Higuchi,1.0,0.8567228720648679,0.12074856345629326,0.9774714355211611,raw
AR1_0.95_n256_r15,AR1_0.95_n256,,GHE,1.0,0.8833267822007436,0.09613506318391907,0.9794618453846626,raw
AR1_0.95_n256_r15,AR1_0.95_n256,,GPH,1.0,1.2266362176829526,0.0,1.2266362176829526,centered
AR1_0.95_n256_r15,AR1_0.95_n256,,Higuchi,1.0,0.8573584909255865,0.0,0.8573584909255865,centered
AR1_0.95_n256_r15,AR1_0.95_n256,,GHE,1.0,0.8833865336685418,0.0,0.8833865336685418,centered
AR1_0.95_n256_r16,AR1_0.95_n256,,GPH,1.0,1.3379347478913342,0.0,1.3379347478913342,raw
AR1_0.95_n256_r16,AR1_0.95_n256,,Higuchi,1.0,0.9013155376185653,0.0605298279960953,0.9618453656146606,raw
AR1_0.95_n256_r16,AR1_0.95_n256,,GHE,1.0,0.9153900860789239,0.05061228729924938,0.9660023733781733,raw
AR1_0.95_n256_r16,AR1_0.95_n256,,GPH,1.0,1.337934747891334,2.220446049250313e-16,1.3379347478913342,centered
AR1_0.95_n256_r16,AR1_0.95_n256,,Higuchi,1.0,0.9087529954223086,0.0,0.9087529954223086,centered
AR1_0.95_n256_r16,AR1_0.95_n256,,GHE,1.0,0.92163182218464,0.0,0.92163182218464,centered
AR1_0.95_n256_r17,AR1_0.95_n256,,GPH,1.0,1.063708517743089,-2.220446049250313e-16,1.0637085177430887,raw
AR1_0.95_n256_r17,AR1_0.95_n256,,Higuchi,1.0,0.8585734709456674,0.13454328396018989,0.9931167549058573,raw
AR1_0.95_n256_r17,AR1_0.95_n256,,GHE,1.0,0.8811491440031811,0.11361605065988911,0.9947651946630702,raw
AR1_0.95_n256_r17,AR1_0.95_n256,,GPH,1.0,1.063708517743089,0.0,1.063708517743089,centered
AR1_0.95_n256_r17,AR1_0.95_n256,,Higuchi,1.0,0.8195635852121232,2.220446049250313e-16,0.8195635852121235,centered
AR1_0.95_n256_r17,AR1_0.95_n256,,GHE,1.0,0.8409315040505362,-1.1102230246251565e-16,0.8409315040505361,centered
AR1_0.95_n256_r18,AR1_0.95_n256,,GPH,1.0,1.4238375160051495,0.0,1.4238375160051495,raw
AR1_0.95_n256_r18,AR1_0.95_n256,,Higuchi,1.0,0.9897712877306202,-0.09649740542145957,0.8932738823091606,raw
AR1_0.95_n256_r18,AR1_0.95_n256,,GHE,1.0,0.9885468267598496,-0.07676398792711392,0.9117828388327357,raw
AR1_0.95_n256_r18,AR1_0.95_n256,,GPH,1.0,1.4238375160051495,0.0,1.4238375160051495,centered
AR1_0.95_n256_r18,AR1_0.95_n256,,Higuchi,1.0,0.9349226213873669,0.0,0.9349226213873669,centered
AR1_0.95_n256_r18,AR1_0.95_n256,,GHE,1.0,0.9415476635317843,0.0,0.9415476635317843,centered
AR1_0.95_n256_r19,AR1_0.95_n256,,GPH,1.0,1.4612538005216875,-2.220446049250313e-16,1.4612538005216873,raw
AR1_0.95_n256_r19,AR1_0.95_n256,,Higuchi,1.0,0.7551871242161994,0.22243519640938558,0.977622320625585,raw
AR1_0.95_n256_r19,AR1_0.95_n256,,GHE,1.0,0.7997924008378888,0.17780184354497797,0.9775942443828668,raw
AR1_0.95_n256_r19,AR1_0.95_n256,,GPH,1.0,1.4612538005216877,0.0,1.4612538005216877,centered
AR1_0.95_n256_r19,AR1_0.95_n256,,Higuchi,1.0,0.7380492696327294,0.0,0.7380492696327294,centered
AR1_0.95_n256_r19,AR1_0.95_n256,,GHE,1.0,0.7873041744479741,-2.220446049250313e-16,0.7873041744479738,centered
AR1_0.95_n256_r2,AR1_0.95_n256,,GPH,1.0,1.283205712145562,0.0,1.283205712145562,raw
AR1_0.95_n256_r2,AR1_0.95_n256,,Higuchi,1.0,0.9383798612532637,0.05611864955920076,0.9944985108124644,raw
AR1_0.95_n256_r2,AR1_0.95_n256,,GHE,1.0,0.9491895323411389,0.041557384556668686,0.9907469168978076,raw
AR1_0.95_n256_r2,AR1_0.95_n256,,GPH,1.0,1.283205712145562,0.0,1.283205712145562,centered
AR1_0.95_n256_r2,AR1_0.95_n256,,Higuchi,1.0,0.9385032840326455,0.0,0.9385032840326455,centered
AR1_0.95_n256_r2,AR1_0.95_n256,,GHE,1.0,0.948879781371956,0.0,0.948879781371956,centered
AR1_0.95_n256_r20,AR1_0.95_n256,,GPH,1.0,1.3383283238887744,2.220446049250313e-16,1.3383283238887747,raw
AR1_0.95_n256_r20,AR1_0.95_n256,,Higuchi,1.0,0.8386081233026192,0.14995137494255695,0.9885594982451762,raw
AR1_0.95_n256_r20,AR1_0.95_n256,,GHE,1.0,0.8589067233125967,0.13002149592489687,0.9889282192374935,raw
AR1_0.95_n256_r20,AR1_0.95_n256,,GPH,1.0,1.3383283238887747,0.0,1.3383283238887747,centered
AR1_0.95_n256_r20,AR1_0.95_n256,,Higuchi,1.0,0.8134548900042586,0.0,0.8134548900042586,centered
AR1_0.95_n256_r20,AR1_0.95_n256,,GHE,1.0,0.8410384255408524,0.0,0.8410384255408524,centered
AR1_0.95_n256_r21,AR1_0.95_n256,,GPH,1.0,1.4297948710875106,0.0,1.4297948710875106,raw
AR1_0.95_n256_r21,AR1_0.95_n256,,Higuchi,1.0,0.8494651425965083,0.11916344215156727,0.9686285847480756,raw
AR1_0.95_n256_r21,AR1_0.95_n256,,GHE,1.0,0.8692105924711281,0.10540369987000253,0.9746142923411306,raw
AR1_0.95_n256_r21,AR1_0.95_n256,,GPH,1.0,1.4297948710875106,0.0,1.4297948710875106,centered
AR1_0.95_n256_r21,AR1_0.95_n256,,Higuchi,1.0,0.8426405585676804,2.220446049250313e-16,0.8426405585676806,centered
AR1_0.95_n256_r21,AR1_0.95_n256,,GHE,1.0,0.8730507116457741,-3.3306690738754696e-16,0.8730507116457737,centered
AR1_0.95_n256_r22,AR1_0.95_n256,,GPH,1.0,1.3495284318809793,0.0,1.3495284318809793,raw
AR1_0.95_n256_r22,AR1_0.95_n256,,Higuchi,1.0,0.9646993918334104,-0.051693691148709586,0.9130057006847008,raw
AR1_0.95_n256_r22,AR1_0.95_n256,,GHE,1.0,0.9707575430322516,-0.04204907609536601,0.9287084669368856,raw
AR1_0.95_n256_r22,AR1_0.95_n256,,GPH,1.0,1.3495284318809793,0.0,1.3495284318809793,centered
AR1_0.95_n256_r22,AR1_0.95_n256,,Higuchi,1.0,0.9107687538777445,0.0,0.9107687538777445,centered
AR1_0.95_n256_r22,AR1_0.95_n256,,GHE,1.0,0.9286595840122104,-1.1102230246251565e-16,0.9286595840122103,centered
AR1_0.95_n256_r23,AR1_0.95_n256,,GPH,1.0,1.5245005892840913,-2.220446049250313e-16,1.524500589284091,raw
AR1_0.95_n256_r23,AR1_0.95_n256,,Higuchi,1.0,0.9722722577170999,0.004508620445860201,0.9767808781629601,raw
AR1_0.95_n256_r23,AR1_0.95_n256,,GHE,1.0,0.9767893618385328,0.004722464108218416,0.9815118259467512,raw
AR1_0.95_n256_r23,AR1_0.95_n256,,GPH,1.0,1.5245005892840913,0.0,1.5245005892840913,centered
AR1_0.95_n256_r23,AR1_0.95_n256,,Higuchi,1.0,0.9730962170791755,0.0,0.9730962170791755,centered
AR1_0.95_n256_r23,AR1_0.95_n256,,GHE,1.0,0.9776089993930002,0.0,0.9776089993930002,centered
AR1_0.95_n256_r24,AR1_0.95_n256,,GPH,1.0,1.2800129844907948,0.0,1.2800129844907948,raw
AR1_0.95_n256_r24,AR1_0.95_n256,,Higuchi,1.0,0.9102978293278299,0.05808393574426374,0.9683817650720936,raw
AR1_0.95_n256_r24,AR1_0.95_n256,,GHE,1.0,0.916507954869109,0.05489724528880846,0.9714052001579174,raw
AR1_0.95_n256_r24,AR1_0.95_n256,,GPH,1.0,1.2800129844907948,0.0,1.2800129844907948,centered
AR1_0.95_n256_r24,AR1_0.95_n256,,Higuchi,1.0,0.9115213154392567,0.0,0.9115213154392567,centered
AR1_0.95_n256_r24,AR1_0.95_n256,,GHE,1.0,0.9118305650066856,0.0,0.9118305650066856,centered
AR1_0.95_n256_r25,AR1_0.95_n256,,GPH,1.0,1.4063922493582117,-2.220446049250313e-16,1.4063922493582115,raw
AR1_0.95_n256_r25,AR1_0.95_n256,,Higuchi,1.0,0.9877320520982058,0.015057068171736132,1.002789120269942,raw
AR1_0.95_n256_r25,AR1_0.95_n256,,GHE,1.0,0.988240706666246,0.015084323919430709,1.0033250305856767,raw
AR1_0.95_n256_r25,AR1_0.95_n256,,GPH,1.0,1.4063922493582115,2.220446049250313e-16,1.4063922493582117,centered
AR1_0.95_n256_r25,AR1_0.95_n256,,Higuchi,1.0,0.9140539255372635,0.0,0.9140539255372635,centered
AR1_0.95_n256_r25,AR1_0.95_n256,,GHE,1.0,0.9217947906088356,-1.1102230246251565e-16,0.9217947906088355,centered
AR1_0.95_n256_r26,AR1_0.95_n256,,GPH,1.0,1.2580193259764063,0.0,1.2580193259764063,raw
AR1_0.95_n256_r26,AR1_0.95_n256,,Higuchi,1.0,0.9330831583103119,0.07569156785780562,1.0087747261681175,raw
AR1_0.95_n256_r26,AR1_0.95_n256,,GHE,1.0,0.9339152438473793,0.07276321139803044,1.0066784552454098,raw
AR1_0.95_n256_r26,AR1_0.95_n256,,GPH,1.0,1.2580193259764063,-2.220446049250313e-16,1.258019325976406,centered
AR1_0.95_n256_r26,AR1_0.95_n256,,Higuchi,1.0,0.8717508737943804,0.0,0.8717508737943804,centered
AR1_0.95_n256_r26,AR1_0.95_n256,,GHE,1.0,0.8875499685576315,-1.1102230246251565e-16,0.8875499685576314,centered
AR1_0.95_n256_r27,AR1_0.95_n256,,GPH,1.0,1.3936308292340895,0.0,1.3936308292340895,raw
AR1_0.95_n256_r27,AR1_0.95_n256,,Higuchi,1.0,0.9221260852513156,0.05960754704462312,0.9817336322959387,raw
AR1_0.95_n256_r27,AR1_0.95_n256,,GHE,1.0,0.935219846551432,0.04841175051996516,0.9836315970713971,raw
AR1_0.95_n256_r27,AR1_0.95_n256,,GPH,1.0,1.3936308292340895,0.0,1.3936308292340895,centered
AR1_0.95_n256_r27,AR1_0.95_n256,,Higuchi,1.0,0.9401838929080486,0.0,0.9401838929080486,centered
AR1_0.95_n256_r27,AR1_0.95_n256,,GHE,1.0,0.9498058437486345,0.0,0.9498058437486345,centered
AR1_0.95_n256_r28,AR1_0.95_n256,,GPH,1.0,1.305571828626827,0.0,1.305571828626827,raw
AR1_0.95_n256_r28,AR1_0.95_n256,,Higuchi,1.0,0.8991993135500465,0.09596655782345587,0.9951658713735023,raw
AR1_0.95_n256_r28,AR1_0.95_n256,,GHE,1.0,0.9171820220851826,0.07815634811684546,0.9953383702020281,raw
AR1_0.95_n256_r28,AR1_0.95_n256,,GPH,1.0,1.305571828626827,-2.220446049250313e-16,1.3055718286268267,centered
AR1_0.95_n256_r28,AR1_0.95_n256,,Higuchi,1.0,0.8272609072948587,0.0,0.8272609072948587,centered
AR1_0.95_n256_r28,AR1_0.95_n256,,GHE,1.0,0.8547376722903314,0.0,0.8547376722903314,centered
AR1_0.95_n256_r29,AR1_0.95_n256,,GPH,1.0,1.351750956476908,4.440892098500626e-16,1.3517509564769083,raw
AR1_0.95_n256_r29,AR1_0.95_n256,,Higuchi,1.0,0.9511799002089953,-0.031189838614122944,0.9199900615948724,raw
AR1_0.95_n256_r29,AR1_0.95_n256,,GHE,1.0,0.9610203472871462,-0.02641604330153824,0.934604303985608,raw
AR1_0.95_n256_r29,AR1_0.95_n256,,GPH,1.0,1.351750956476908,4.440892098500626e-16,1.3517509564769083,centered
AR1_0.95_n256_r29,AR1_0.95_n256,,Higuchi,1.0,0.9184093672981952,0.0,0.9184093672981952,centered
AR1_0.95_n256_r29,AR1_0.95_n256,,GHE,1.0,0.9356387802034545,0.0,0.9356387802034545,centered
AR1_0.95_n256_r3,AR1_0.95_n256,,GPH,1.0,1.4575825049555977,0.0,1.4575825049555977,raw
AR1_0.95_n256_r3,AR1_0.95_n256,,Higuchi,1.0,0.961114224331032,0.04535735574045785,1.0064715800714898,raw
AR1_0.95_n256_r3,AR1_0.95_n256,,GHE,1.0,0.9661524549733155,0.03715701084604006,1.0033094658193555,raw
AR1_0.95_n256_r3,AR1_0.95_n256,,GPH,1.0,1.4575825049555977,0.0,1.4575825049555977,centered
AR1_0.95_n256_r3,AR1_0.95_n256,,Higuchi,1.0,0.9092456450799566,0.0,0.9092456450799566,centered
AR1_0.95_n256_r3,AR1_0.95_n256,,GHE,1.0,0.9206577837564236,0.0,0.9206577837564236,centered
AR1_0.95_n256_r30,AR1_0.95_n256,,GPH,1.0,1.3338507368864108,-2.220446049250313e-16,1.3338507368864105,raw
AR1_0.95_n256_r30,AR1_0.95_n256,,Higuchi,1.0,0.9759847966206301,0.03525872128869878,1.0112435179093289,raw
AR1_0.95_n256_r30,AR1_0.95_n256,,GHE,1.0,0.9727162808866023,0.03700849895391789,1.0097247798405202,raw
AR1_0.95_n256_r30,AR1_0.95_n256,,GPH,1.0,1.3338507368864105,2.220446049250313e-16,1.3338507368864108,centered
AR1_0.95_n256_r30,AR1_0.95_n256,,Higuchi,1.0,0.9585616648151365,0.0,0.9585616648151365,centered
AR1_0.95_n256_r30,AR1_0.95_n256,,GHE,1.0,0.9621089512251297,0.0,0.9621089512251297,centered
AR1_0.95_n256_r31,AR1_0.95_n256,,GPH,1.0,1.40540657197102,0.0,1.40540657197102,raw
AR1_0.95_n256_r31,AR1_0.95_n256,,Higuchi,1.0,0.9187028550776215,0.03284440000170741,0.9515472550793289,raw
AR1_0.95_n256_r31,AR1_0.95_n256,,GHE,1.0,0.933572225487436,0.02685893292120123,0.9604311584086372,raw
AR1_0.95_n256_r31,AR1_0.95_n256,,GPH,1.0,1.40540657197102,0.0,1.40540657197102,centered
AR1_0.95_n256_r31,AR1_0.95_n256,,Higuchi,1.0,0.9022506124899443,0.0,0.9022506124899443,centered
AR1_0.95_n256_r31,AR1_0.95_n256,,GHE,1.0,0.9199300874288395,0.0,0.9199300874288395,centered
AR1_0.95_n256_r32,AR1_0.95_n256,,GPH,1.0,1.4671589803526528,0.0,1.4671589803526528,raw
AR1_0.95_n256_r32,AR1_0.95_n256,,Higuchi,1.0,0.8919159797553333,0.08813109948225994,0.9800470792375933,raw
AR1_0.95_n256_r32,AR1_0.95_n256,,GHE,1.0,0.9119979708336975,0.0703618460007257,0.9823598168344232,raw
AR1_0.95_n256_r32,AR1_0.95_n256,,GPH,1.0,1.4671589803526528,0.0,1.4671589803526528,centered
AR1_0.95_n256_r32,AR1_0.95_n256,,Higuchi,1.0,0.8974917888841971,0.0,0.8974917888841971,centered
AR1_0.95_n256_r32,AR1_0.95_n256,,GHE,1.0,0.9159822425700868,0.0,0.9159822425700868,centered
AR1_0.95_n256_r33,AR1_0.95_n256,,GPH,1.0,1.3758354798070964,0.0,1.3758354798070964,raw
AR1_0.95_n256_r33,AR1_0.95_n256,,Higuchi,1.0,0.9202682548969991,0.06183263761520941,0.9821008925122086,raw
AR1_0.95_n256_r33,AR1_0.95_n256,,GHE,1.0,0.9262290222206659,0.05603062665553138,0.9822596488761973,raw
AR1_0.95_n256_r33,AR1_0.95_n256,,GPH,1.0,1.3758354798070964,2.220446049250313e-16,1.3758354798070966,centered
AR1_0.95_n256_r33,AR1_0.95_n256,,Higuchi,1.0,0.9198155551196388,0.0,0.9198155551196388,centered
AR1_0.95_n256_r33,AR1_0.95_n256,,GHE,1.0,0.9259587290916991,0.0,0.9259587290916991,centered
AR1_0.95_n256_r34,AR1_0.95_n256,,GPH,1.0,1.1240536108925685,0.0,1.1240536108925685,raw
AR1_0.95_n256_r34,AR1_0.95_n256,,Higuchi,1.0,0.7906581167682869,0.15423078068883567,0.9448888974571226,raw
AR1_0.95_n256_r34,AR1_0.95_n256,,GHE,1.0,0.8239148059087978,0.12660347780658232,0.9505182837153802,raw
AR1_0.95_n256_r34,AR1_0.95_n256,,GPH,1.0,1.1240536108925685,0.0,1.1240536108925685,centered
AR1_0.95_n256_r34,AR1_0.95_n256,,Higuchi,1.0,0.7728399439270397,0.0,0.7728399439270397,centered
AR1_0.95_n256_r34,AR1_0.95_n256,,GHE,1.0,0.8117924241473058,-1.1102230246251565e-16,0.8117924241473057,centered
AR1_0.95_n256_r35,AR1_0.95_n256,,GPH,1.0,1.4097379628174354,-4.440892098500626e-16,1.409737962817435,raw
AR1_0.95_n256_r35,AR1_0.95_n256,,Higuchi,1.0,0.9188104855256889,0.009634399179019981,0.9284448847047089,raw
AR1_0.95_n256_r35,AR1_0.95_n256,,GHE,1.0,0.9340408983264474,0.007824854163529515,0.941865752489977,raw
AR1_0.95_n256_r35,AR1_0.95_n256,,GPH,1.0,1.4097379628174354,-4.440892098500626e-16,1.409737962817435,centered
AR1_0.95_n256_r35,AR1_0.95_n256,,Higuchi,1.0,0.9131959029016361,0.0,0.9131959029016361,centered
AR1_0.95_n256_r35,AR1_0.95_n256,,GHE,1.0,0.9286174966473355,0.0,0.9286174966473355,centered
AR1_0.95_n256_r36,AR1_0.95_n256,,GPH,1.0,1.1882915969912378,2.220446049250313e-16,1.188291596991238,raw
AR1_0.95_n256_r36,AR1_0.95_n256,,Higuchi,1.0,0.9222756538690347,0.04239230698804097,0.9646679608570756,raw
AR1_0.95_n256_r36,AR1_0.95_n256,,GHE,1.0,0.922792858040385,0.04692793287222807,0.9697207909126131,raw
AR1_0.95_n256_r36,AR1_0.95_n256,,GPH,1.0,1.1882915969912378,4.440892098500626e-16,1.1882915969912382,centered
AR1_0.95_n256_r36,AR1_0.95_n256,,Higuchi,1.0,0.9398007923473541,0.0,0.9398007923473541,centered
AR1_0.95_n256_r36,AR1_0.95_n256,,GHE,1.0,0.9389318610115576,0.0,0.9389318610115576,centered
AR1_0.95_n256_r37,AR1_0.95_n256,,GPH,1.0,1.3914958870315561,0.0,1.3914958870315561,raw
AR1_0.95_n256_r37,AR1_0.95_n256,,Higuchi,1.0,0.8264126486688095,0.09048164532729608,0.9168942939961056,raw
AR1_0.95_n256_r37,AR1_0.95_n256,,GHE,1.0,0.8633500239784484,0.06453424990863421,0.9278842738870826,raw
AR1_0.95_n256_r37,AR1_0.95_n256,,GPH,1.0,1.3914958870315561,0.0,1.3914958870315561,centered
AR1_0.95_n256_r37,AR1_0.95_n256,,Higuchi,1.0,0.8285402655685741,2.220446049250313e-16,0.8285402655685743,centered
AR1_0.95_n256_r37,AR1_0.95_n256,,GHE,1.0,0.8591521564681144,0.0,0.8591521564681144,centered
AR1_0.95_n256_r38,AR1_0.95_n256,,GPH,1.0,1.5098956697235029,1.1102230246251565e-15,1.509895669723504,raw
AR1_0.95_n256_r38,AR1_0.95_n256,,Higuchi,1.0,0.921478475348412,0.03537935394074565,0.9568578292891576,raw
AR1_0.95_n256_r38,AR1_0.95_n256,,GHE,1.0,0.9381740040075538,0.025421656889843214,0.963595660897397,raw
AR1_0.95_n256_r38,AR1_0.95_n256,,GPH,1.0,1.509895669723503,4.440892098500626e-16,1.5098956697235035,centered
AR1_0.95_n256_r38,AR1_0.95_n256,,Higuchi,1.0,0.9278122985279325,0.0,0.9278122985279325,centered
AR1_0.95_n256_r38,AR1_0.95_n256,,GHE,1.0,0.941239817629014,-1.1102230246251565e-16,0.9412398176290139,centered
AR1_0.95_n256_r39,AR1_0.95_n256,,GPH,1.0,1.119758677138241,0.0,1.119758677138241,raw
AR1_0.95_n256_r39,AR1_0.95_n256,,Higuchi,1.0,0.832076666881838,0.1585251764554867,0.9906018433373247,raw
AR1_0.95_n256_r39,AR1_0.95_n256,,GHE,1.0,0.8567800075694071,0.13113164222380702,0.9879116497932141,raw
AR1_0.95_n256_r39,AR1_0.95_n256,,GPH,1.0,1.119758677138241,0.0,1.119758677138241,centered
AR1_0.95_n256_r39,AR1_0.95_n256,,Higuchi,1.0,0.8506987035586389,0.0,0.8506987035586389,centered
AR1_0.95_n256_r39,AR1_0.95_n256,,GHE,1.0,0.8714437269012203,0.0,0.8714437269012203,centered
AR1_0.95_n256_r4,AR1_0.95_n256,,GPH,1.0,1.4050903804716688,0.0,1.4050903804716688,raw
AR1_0.95_n256_r4,AR1_0.95_n256,,Higuchi,1.0,0.9323196438023882,0.05256416007269138,0.9848838038750796,raw
AR1_0.95_n256_r4,AR1_0.95_n256,,GHE,1.0,0.9437459465031527,0.0386675185682781,0.9824134650714308,raw
AR1_0.95_n256_r4,AR1_0.95_n256,,GPH,1.0,1.4050903804716688,0.0,1.4050903804716688,centered
AR1_0.95_n256_r4,AR1_0.95_n256,,Higuchi,1.0,0.9379442449573216,0.0,0.9379442449573216,centered
AR1_0.95_n256_r4,AR1_0.95_n256,,GHE,1.0,0.946558786729807,1.1102230246251565e-16,0.9465587867298071,centered
AR1_0.95_n256_r40,AR1_0.95_n256,,GPH,1.0,1.2485925322974358,0.0,1.2485925322974358,raw
AR1_0.95_n256_r40,AR1_0.95_n256,,Higuchi,1.0,0.834250753339089,0.14559636368962048,0.9798471170287095,raw
AR1_0.95_n256_r40,AR1_0.95_n256,,GHE,1.0,0.8594524824982817,0.12333128350165667,0.9827837659999383,raw
AR1_0.95_n256_r40,AR1_0.95_n256,,GPH,1.0,1.2485925322974358,0.0,1.2485925322974358,centered
AR1_0.95_n256_r40,AR1_0.95_n256,,Higuchi,1.0,0.8170907509054421,0.0,0.8170907509054421,centered
AR1_0.95_n256_r40,AR1_0.95_n256,,GHE,1.0,0.8450771810811241,0.0,0.8450771810811241,centered
AR1_0.95_n256_r41,AR1_0.95_n256,,GPH,1.0,1.4125066839737497,-2.220446049250313e-16,1.4125066839737495,raw
AR1_0.95_n256_r41,AR1_0.95_n256,,Higuchi,1.0,0.8593128391660874,0.11263147143454266,0.97194431060063,raw
AR1_0.95_n256_r41,AR1_0.95_n256,,GHE,1.0,0.8859186573337955,0.09170105781124382,0.9776197151450393,raw
AR1_0.95_n256_r41,AR1_0.95_n256,,GPH,1.0,1.4125066839737497,-2.220446049250313e-16,1.4125066839737495,centered
AR1_0.95_n256_r41,AR1_0.95_n256,,Higuchi,1.0,0.8892783454341064,0.0,0.8892783454341064,centered
AR1_0.95_n256_r41,AR1_0.95_n256,,GHE,1.0,0.906734489169948,-2.220446049250313e-16,0.9067344891699478,centered
AR1_0.95_n256_r42,AR1_0.95_n256,,GPH,1.0,1.1884990440767123,4.440892098500626e-16,1.1884990440767127,raw
AR1_0.95_n256_r42,AR1_0.95_n256,,Higuchi,1.0,0.9310158711491532,0.028177636300980025,0.9591935074501332,raw
AR1_0.95_n256_r42,AR1_0.95_n256,,GHE,1.0,0.9423559083601714,0.02088430717204015,0.9632402155322115,raw
AR1_0.95_n256_r42,AR1_0.95_n256,,GPH,1.0,1.1884990440767123,0.0,1.1884990440767123,centered
AR1_0.95_n256_r42,AR1_0.95_n256,,Higuchi,1.0,0.9291980127758108,0.0,0.9291980127758108,centered
AR1_0.95_n256_r42,AR1_0.95_n256,,GHE,1.0,0.9406106161583345,-1.1102230246251565e-16,0.9406106161583344,centered
AR1_0.95_n256_r43,AR1_0.95_n256,,GPH,1.0,1.158217810005067,0.0,1.158217810005067,raw
AR1_0.95_n256_r43,AR1_0.95_n256,,Higuchi,1.0,0.9572343504437522,-0.04005775605514228,0.9171765943886099,raw
AR1_0.95_n256_r43,AR1_0.95_n256,,GHE,1.0,0.9584232730125575,-0.02894680060895216,0.9294764724036053,raw
AR1_0.95_n256_r43,AR1_0.95_n256,,GPH,1.0,1.158217810005067,0.0,1.158217810005067,centered
AR1_0.95_n256_r43,AR1_0.95_n256,,Higuchi,1.0,0.915321182270892,-2.220446049250313e-16,0.9153211822708918,centered
AR1_0.95_n256_r43,AR1_0.95_n256,,GHE,1.0,0.9246862555907439,0.0,0.9246862555907439,centered
AR1_0.95_n256_r44,AR1_0.95_n256,,GPH,1.0,1.3079722036541006,0.0,1.3079722036541006,raw
AR1_0.95_n256_r44,AR1_0.95_n256,,Higuchi,1.0,0.9958386226323295,0.03379942090456711,1.0296380435368966,raw
AR1_0.95_n256_r44,AR1_0.95_n256,,GHE,1.0,0.9956370100642977,0.028819872411640857,1.0244568824759386,raw
AR1_0.95_n256_r44,AR1_0.95_n256,,GPH,1.0,1.3079722036541006,0.0,1.3079722036541006,centered
AR1_0.95_n256_r44,AR1_0.95_n256,,Higuchi,1.0,0.7887561689689284,0.0,0.7887561689689284,centered
AR1_0.95_n256_r44,AR1_0.95_n256,,GHE,1.0,0.8220797071955461,0.0,0.8220797071955461,centered
AR1_0.95_n256_r45,AR1_0.95_n256,,GPH,1.0,1.1522270404392612,0.0,1.1522270404392612,raw
AR1_0.95_n256_r45,AR1_0.95_n256,,Higuchi,1.0,0.913516208782625,0.000920193156640492,0.9144364019392655,raw
AR1_0.95_n256_r45,AR1_0.95_n256,,GHE,1.0,0.9311512686829306,-0.006481901315035676,0.924669367367895,raw
AR1_0.95_n256_r45,AR1_0.95_n256,,GPH,1.0,1.1522270404392612,0.0,1.1522270404392612,centered
AR1_0.95_n256_r45,AR1_0.95_n256,,Higuchi,1.0,0.828143511488912,-2.220446049250313e-16,0.8281435114889117,centered
AR1_0.95_n256_r45,AR1_0.95_n256,,GHE,1.0,0.8533666642668678,0.0,0.8533666642668678,centered
AR1_0.95_n256_r46,AR1_0.95_n256,,GPH,1.0,1.340369993255045,0.0,1.340369993255045,raw
AR1_0.95_n256_r46,AR1_0.95_n256,,Higuchi,1.0,0.9015415968685776,0.08947310165367117,0.9910146985222488,raw
AR1_0.95_n256_r46,AR1_0.95_n256,,GHE,1.0,0.9142180450072571,0.07681283541791595,0.9910308804251731,raw
AR1_0.95_n256_r46,AR1_0.95_n256,,GPH,1.0,1.3403699932550448,2.220446049250313e-16,1.340369993255045,centered
AR1_0.95_n256_r46,AR1_0.95_n256,,Higuchi,1.0,0.8471028050813374,0.0,0.8471028050813374,centered
AR1_0.95_n256_r46,AR1_0.95_n256,,GHE,1.0,0.870420254923437,0.0,0.870420254923437,centered
AR1_0.95_n256_r47,AR1_0.95_n256,,GPH,1.0,1.2520404556405877,-2.220446049250313e-16,1.2520404556405875,raw
AR1_0.95_n256_r47,AR1_0.95_n256,,Higuchi,1.0,0.9817474462072859,0.011890214803332633,0.9936376610106186,raw
AR1_0.95_n256_r47,AR1_0.95_n256,,GHE,1.0,0.9810395397614459,0.009891712623387394,0.9909312523848333,raw
AR1_0.95_n256_r47,AR1_0.95_n256,,GPH,1.0,1.2520404556405877,0.0,1.2520404556405877,centered
AR1_0.95_n256_r47,AR1_0.95_n256,,Higuchi,1.0,0.9872435868703391,0.0,0.9872435868703391,centered
AR1_0.95_n256_r47,AR1_0.95_n256,,GHE,1.0,0.9859569721030873,0.0,0.9859569721030873,centered
AR1_0.95_n256_r48,AR1_0.95_n256,,GPH,1.0,1.0497710019667446,0.0,1.0497710019667446,raw
AR1_0.95_n256_r48,AR1_0.95_n256,,Higuchi,1.0,0.9771025582510298,-0.09642508811676276,0.880677470134267,raw
AR1_0.95_n256_r48,AR1_0.95_n256,,GHE,1.0,0.9766886214989288,-0.07391133103256475,0.902777290466364,raw
AR1_0.95_n256_r48,AR1_0.95_n256,,GPH,1.0,1.0497710019667446,0.0,1.0497710019667446,centered
AR1_0.95_n256_r48,AR1_0.95_n256,,Higuchi,1.0,0.8958361070522065,0.0,0.8958361070522065,centered
AR1_0.95_n256_r48,AR1_0.95_n256,,GHE,1.0,0.9132612327382404,0.0,0.9132612327382404,centered
AR1_0.95_n256_r49,AR1_0.95_n256,,GPH,1.0,1.3000362867624786,0.0,1.3000362867624786,raw
AR1_0.95_n256_r49,AR1_0.95_n256,,Higuchi,1.0,0.8398570551717242,0.1544563646211381,0.9943134197928623,raw
AR1_0.95_n256_r49,AR1_0.95_n256,,GHE,1.0,0.8648535902720591,0.1296889267583886,0.9945425170304477,raw
AR1_0.95_n256_r49,AR1_0.95_n256,,GPH,1.0,1.3000362867624786,0.0,1.3000362867624786,centered
AR1_0.95_n256_r49,AR1_0.95_n256,,Higuchi,1.0,0.8383604388957808,0.0,0.8383604388957808,centered
AR1_0.95_n256_r49,AR1_0.95_n256,,GHE,1.0,0.8641034629174225,-3.3306690738754696e-16,0.8641034629174221,centered
AR1_0.95_n256_r5,AR1_0.95_n256,,GPH,1.0,1.420386472122408,0.0,1.420386472122408,raw
AR1_0.95_n256_r5,AR1_0.95_n256,,Higuchi,1.0,0.8853128837784554,0.036527459213865576,0.921840342992321,raw
AR1_0.95_n256_r5,AR1_0.95_n256,,GHE,1.0,0.9023009901363495,0.03451193977799838,0.9368129299143478,raw
AR1_0.95_n256_r5,AR1_0.95_n256,,GPH,1.0,1.420386472122408,0.0,1.420386472122408,centered
AR1_0.95_n256_r5,AR1_0.95_n256,,Higuchi,1.0,0.8786428687937022,2.220446049250313e-16,0.8786428687937025,centered
AR1_0.95_n256_r5,AR1_0.95_n256,,GHE,1.0,0.8964399237360909,0.0,0.8964399237360909,centered
AR1_0.95_n256_r50,AR1_0.95_n256,,GPH,1.0,1.772775895286869,2.220446049250313e-16,1.7727758952868693,raw
AR1_0.95_n256_r50,AR1_0.95_n256,,Higuchi,1.0,0.9354270736408652,0.022773073361237905,0.9582001470021031,raw
AR1_0.95_n256_r50,AR1_0.95_n256,,GHE,1.0,0.9486233290253142,0.017303178708885314,0.9659265077341995,raw
AR1_0.95_n256_r50,AR1_0.95_n256,,GPH,1.0,1.7727758952868689,0.0,1.7727758952868689,centered
AR1_0.95_n256_r50,AR1_0.95_n256,,Higuchi,1.0,0.9485649577496729,0.0,0.9485649577496729,centered
AR1_0.95_n256_r50,AR1_0.95_n256,,GHE,1.0,0.9560173561568913,0.0,0.9560173561568913,centered
AR1_0.95_n256_r51,AR1_0.95_n256,,GPH,1.0,1.3853776362994132,0.0,1.3853776362994132,raw
AR1_0.95_n256_r51,AR1_0.95_n256,,Higuchi,1.0,0.9622973879579102,0.029296878013423733,0.9915942659713339,raw
AR1_0.95_n256_r51,AR1_0.95_n256,,GHE,1.0,0.9627762705837591,0.030487589190882458,0.9932638597746416,raw
AR1_0.95_n256_r51,AR1_0.95_n256,,GPH,1.0,1.3853776362994132,2.220446049250313e-16,1.3853776362994135,centered
AR1_0.95_n256_r51,AR1_0.95_n256,,Higuchi,1.0,0.9001622665438707,0.0,0.9001622665438707,centered
AR1_0.95_n256_r51,AR1_0.95_n256,,GHE,1.0,0.9136760125418787,0.0,0.9136760125418787,centered
AR1_0.95_n256_r52,AR1_0.95_n256,,GPH,1.0,1.2929747005547063,-2.220446049250313e-16,1.292974700554706,raw
AR1_0.95_n256_r52,AR1_0.95_n256,,Higuchi,1.0,0.8988553873450384,0.11358467187573229,1.0124400592207707,raw
AR1_0.95_n256_r52,AR1_0.95_n256,,GHE,1.0,0.913554848545138,0.09709165918013818,1.0106465077252762,raw
AR1_0.95_n256_r52,AR1_0.95_n256,,GPH,1.0,1.2929747005547063,-2.220446049250313e-16,1.292974700554706,centered
AR1_0.95_n256_r52,AR1_0.95_n256,,Higuchi,1.0,0.7458886503163626,0.0,0.7458886503163626,centered
AR1_0.95_n256_r52,AR1_0.95_n256,,GHE,1.0,0.7972958237271138,0.0,0.7972958237271138,centered
AR1_0.95_n256_r53,AR1_0.95_n256,,GPH,1.0,1.229742893300907,0.0,1.229742893300907,raw
AR1_0.95_n256_r53,AR1_0.95_n256,,Higuchi,1.0,0.8865807694160508,0.11976829782395226,1.006349067240003,raw
AR1_0.95_n256_r53,AR1_0.95_n256,,GHE,1.0,0.89423204408288,0.10881489026752311,1.0030469343504032,raw
AR1_0.95_n256_r53,AR1_0.95_n256,,GPH,1.0,1.229742893300907,-4.440892098500626e-16,1.2297428933009065,centered
AR1_0.95_n256_r53,AR1_0.95_n256,,Higuchi,1.0,0.7714899714562249,0.0,0.7714899714562249,centered
AR1_0.95_n256_r53,AR1_0.95_n256,,GHE,1.0,0.7994733278336718,0.0,0.7994733278336718,centered
AR1_0.95_n256_r54,AR1_0.95_n256,,GPH,1.0,1.3505212166661869,0.0,1.3505212166661869,raw
AR1_0.95_n256_r54,AR1_0.95_n256,,Higuchi,1.0,0.9610301793651173,-0.03550281806505118,0.9255273613000661,raw
AR1_0.95_n256_r54,AR1_0.95_n256,,GHE,1.0,0.9672073216645934,-0.02895461879478345,0.93825270286981,raw
AR1_0.95_n256_r54,AR1_0.95_n256,,GPH,1.0,1.3505212166661869,0.0,1.3505212166661869,centered
AR1_0.95_n256_r54,AR1_0.95_n256,,Higuchi,1.0,0.9353880753660606,0.0,0.9353880753660606,centered
AR1_0.95_n256_r54,AR1_0.95_n256,,GHE,1.0,0.947087205939039,0.0,0.947087205939039,centered
AR1_0.95_n256_r55,AR1_0.95_n256,,GPH,1.0,1.2871132925033089,2.220446049250313e-16,1.287113292503309,raw
AR1_0.95_n256_r55,AR1_0.95_n256,,Higuchi,1.0,0.9692081895956228,-0.04357170539508215,0.9256364842005407,raw
AR1_0.95_n256_r55,AR1_0.95_n256,,GHE,1.0,0.9709038303686062,-0.03813864702561265,0.9327651833429935,raw
AR1_0.95_n256_r55,AR1_0.95_n256,,GPH,1.0,1.2871132925033089,2.220446049250313e-16,1.287113292503309,centered
AR1_0.95_n256_r55,AR1_0.95_n256,,Higuchi,1.0,0.9125686543999261,2.220446049250313e-16,0.9125686543999263,centered
AR1_0.95_n256_r55,AR1_0.95_n256,,GHE,1.0,0.9237479345709646,0.0,0.9237479345709646,centered
AR1_0.95_n256_r56,AR1_0.95_n256,,GPH,1.0,1.2855869852046542,0.0,1.2855869852046542,raw
AR1_0.95_n256_r56,AR1_0.95_n256,,Higuchi,1.0,0.9409039992280155,-0.06465287300934386,0.8762511262186716,raw
AR1_0.95_n256_r56,AR1_0.95_n256,,GHE,1.0,0.9437858500766694,-0.04327994300743343,0.900505907069236,raw
AR1_0.95_n256_r56,AR1_0.95_n256,,GPH,1.0,1.2855869852046542,0.0,1.2855869852046542,centered
AR1_0.95_n256_r56,AR1_0.95_n256,,Higuchi,1.0,0.8171594965172528,0.0,0.8171594965172528,centered
AR1_0.95_n256_r56,AR1_0.95_n256,,GHE,1.0,0.8489657524270285,0.0,0.8489657524270285,centered
AR1_0.95_n256_r57,AR1_0.95_n256,,GPH,1.0,1.3176564425444126,0.0,1.3176564425444126,raw
AR1_0.95_n256_r57,AR1_0.95_n256,,Higuchi,1.0,0.9450871475345703,-0.025928899639092506,0.9191582478954778,raw
AR1_0.95_n256_r57,AR1_0.95_n256,,GHE,1.0,0.9564703425995433,-0.02621801228189724,0.9302523303176461,raw
AR1_0.95_n256_r57,AR1_0.95_n256,,GPH,1.0,1.3176564425444126,0.0,1.3176564425444126,centered
AR1_0.95_n256_r57,AR1_0.95_n256,,Higuchi,1.0,0.9180931220998441,0.0,0.9180931220998441,centered
AR1_0.95_n256_r57,AR1_0.95_n256,,GHE,1.0,0.9332865392116971,1.1102230246251565e-16,0.9332865392116972,centered
AR1_0.95_n256_r58,AR1_0.95_n256,,GPH,1.0,1.5170421671582393,0.0,1.5170421671582393,raw
AR1_0.95_n256_r58,AR1_0.95_n256,,Higuchi,1.0,0.9099959342161079,0.06599103775787629,0.9759869719739842,raw
AR1_0.95_n256_r58,AR1_0.95_n256,,GHE,1.0,0.9190397547780765,0.060120313398756675,0.9791600681768332,raw
AR1_0.95_n256_r58,AR1_0.95_n256,,GPH,1.0,1.5170421671582393,-2.220446049250313e-16,1.517042167158239,centered
AR1_0.95_n256_r58,AR1_0.95_n256,,Higuchi,1.0,0.9369435188074786,2.220446049250313e-16,0.9369435188074788,centered
AR1_0.95_n256_r58,AR1_0.95_n256,,GHE,1.0,0.9413886653231313,-1.1102230246251565e-16,0.9413886653231311,centered
AR1_0.95_n256_r59,AR1_0.95_n256,,GPH,1.0,1.280016888793396,2.220446049250313e-16,1.2800168887933963,raw
AR1_0.95_n256_r59,AR1_0.95_n256,,Higuchi,1.0,0.8417487213886339,0.11026345572941709,0.952012177118051,raw
AR1_0.95_n256_r59,AR1_0.95_n256,,GHE,1.0,0.8688643766413153,0.08889110352095575,0.9577554801622711,raw
AR1_0.95_n256_r59,AR1_0.95_n256,,GPH,1.0,1.280016888793396,0.0,1.280016888793396,centered
AR1_0.95_n256_r59,AR1_0.95_n256,,Higuchi,1.0,0.8427150861615846,2.220446049250313e-16,0.8427150861615849,centered
AR1_0.95_n256_r59,AR1_0.95_n256,,GHE,1.0,0.8696172458430481,-2.220446049250313e-16,0.8696172458430479,centered
AR1_0.95_n256_r6,AR1_0.95_n256,,GPH,1.0,1.2611908020380709,-2.220446049250313e-16,1.2611908020380707,raw
AR1_0.95_n256_r6,AR1_0.95_n256,,Higuchi,1.0,0.8339537996373869,0.1024548123381579,0.9364086119755448,raw
AR1_0.95_n256_r6,AR1_0.95_n256,,GHE,1.0,0.8660131509880313,0.08214852024437003,0.9481616712324014,raw
AR1_0.95_n256_r6,AR1_0.95_n256,,GPH,1.0,1.2611908020380709,-2.220446049250313e-16,1.2611908020380707,centered
AR1_0.95_n256_r6,AR1_0.95_n256,,Higuchi,1.0,0.8377969821671027,0.0,0.8377969821671027,centered
AR1_0.95_n256_r6,AR1_0.95_n256,,GHE,1.0,0.8673800307332805,0.0,0.8673800307332805,centered
AR1_0.95_n256_r60,AR1_0.95_n256,,GPH,1.0,1.3296214190325206,0.0,1.3296214190325206,raw
AR1_0.95_n256_r60,AR1_0.95_n256,,Higuchi,1.0,0.889528252004925,0.07008340702624016,0.9596116590311652,raw
AR1_0.95_n256_r60,AR1_0.95_n256,,GHE,1.0,0.909728264207714,0.057513203813549296,0.9672414680212633,raw
AR1_0.95_n256_r60,AR1_0.95_n256,,GPH,1.0,1.3296214190325206,2.220446049250313e-16,1.3296214190325208,centered
AR1_0.95_n256_r60,AR1_0.95_n256,,Higuchi,1.0,0.8836409530889227,0.0,0.8836409530889227,centered
AR1_0.95_n256_r60,AR1_0.95_n256,,GHE,1.0,0.9050492932045472,0.0,0.9050492932045472,centered
AR1_0.95_n256_r61,AR1_0.95_n256,,GPH,1.0,1.1776429015394883,-2.220446049250313e-16,1.177642901539488,raw
AR1_0.95_n256_r61,AR1_0.95_n256,,Higuchi,1.0,0.9386388390291003,-0.016634720823842652,0.9220041182052576,raw
AR1_0.95_n256_r61,AR1_0.95_n256,,GHE,1.0,0.9505197778452538,-0.018239128190345233,0.9322806496549085,raw
AR1_0.95_n256_r61,AR1_0.95_n256,,GPH,1.0,1.1776429015394883,0.0,1.1776429015394883,centered
AR1_0.95_n256_r61,AR1_0.95_n256,,Higuchi,1.0,0.9014078692233605,0.0,0.9014078692233605,centered
AR1_0.95_n256_r61,AR1_0.95_n256,,GHE,1.0,0.9165870748491353,0.0,0.9165870748491353,centered
AR1_0.95_n256_r62,AR1_0.95_n256,,GPH,1.0,1.3317883368767705,-4.440892098500626e-16,1.33178833687677,raw
AR1_0.95_n256_r62,AR1_0.95_n256,,Higuchi,1.0,0.9895697989174179,0.025317149381274717,1.0148869482986926,raw
AR1_0.95_n256_r62,AR1_0.95_n256,,GHE,1.0,0.990979062500187,0.02170249856904427,1.0126815610692312,raw
AR1_0.95_n256_r62,AR1_0.95_n256,,GPH,1.0,1.3317883368767705,-4.440892098500626e-16,1.33178833687677,centered
AR1_0.95_n256_r62,AR1_0.95_n256,,Higuchi,1.0,0.8706769438277968,0.0,0.8706769438277968,centered
AR1_0.95_n256_r62,AR1_0.95_n256,,GHE,1.0,0.8869884032339216,0.0,0.8869884032339216,centered
AR1_0.95_n256_r63,AR1_0.95_n256,,GPH,1.0,1.3439651918391653,0.0,1.3439651918391653,raw
AR1_0.95_n256_r63,AR1_0.95_n256,,Higuchi,1.0,0.858693764621945,0.08948631765108428,0.9481800822730293,raw
AR1_0.95_n256_r63,AR1_0.95_n256,,GHE,1.0,0.886009034275301,0.06903562938878371,0.9550446636640847,raw
AR1_0.95_n256_r63,AR1_0.95_n256,,GPH,1.0,1.3439651918391653,0.0,1.3439651918391653,centered
AR1_0.95_n256_r63,AR1_0.95_n256,,Higuchi,1.0,0.8285023681319572,0.0,0.8285023681319572,centered
AR1_0.95_n256_r63,AR1_0.95_n256,,GHE,1.0,0.8570770643609268,1.1102230246251565e-16,0.8570770643609269,centered
AR1_0.95_n256_r7,AR1_0.95_n256,,GPH,1.0,1.2525928828486657,0.0,1.2525928828486657,raw
AR1_0.95_n256_r7,AR1_0.95_n256,,Higuchi,1.0,0.9115078479662737,0.029064144229687283,0.940571992195961,raw
AR1_0.95_n256_r7,AR1_0.95_n256,,GHE,1.0,0.9222383631449088,0.02890925782030418,0.951147620965213,raw
AR1_0.95_n256_r7,AR1_0.95_n256,,GPH,1.0,1.2525928828486657,0.0,1.2525928828486657,centered
AR1_0.95_n256_r7,AR1_0.95_n256,,Higuchi,1.0,0.9199127907116798,0.0,0.9199127907116798,centered
AR1_0.95_n256_r7,AR1_0.95_n256,,GHE,1.0,0.9298159583584129,0.0,0.9298159583584129,centered
AR1_0.95_n256_r8,AR1_0.95_n256,,GPH,1.0,1.413674625503217,0.0,1.413674625503217,raw
AR1_0.95_n256_r8,AR1_0.95_n256,,Higuchi,1.0,0.8558515562788926,0.1417993647975333,0.997650921076426,raw
AR1_0.95_n256_r8,AR1_0.95_n256,,GHE,1.0,0.8779864163154907,0.12013173694740109,0.9981181532628918,raw
AR1_0.95_n256_r8,AR1_0.95_n256,,GPH,1.0,1.413674625503217,0.0,1.413674625503217,centered
AR1_0.95_n256_r8,AR1_0.95_n256,,Higuchi,1.0,0.8553322191787638,2.220446049250313e-16,0.855332219178764,centered
AR1_0.95_n256_r8,AR1_0.95_n256,,GHE,1.0,0.8745344302887468,0.0,0.8745344302887468,centered
AR1_0.95_n256_r9,AR1_0.95_n256,,GPH,1.0,1.3422617289867362,0.0,1.3422617289867362,raw
AR1_0.95_n256_r9,AR1_0.95_n256,,Higuchi,1.0,0.9552645785175335,0.05429375556645777,1.0095583340839913,raw
AR1_0.95_n256_r9,AR1_0.95_n256,,GHE,1.0,0.954476018607678,0.05153852315064689,1.0060145417583248,raw
AR1_0.95_n256_r9,AR1_0.95_n256,,GPH,1.0,1.3422617289867362,2.220446049250313e-16,1.3422617289867365,centered
AR1_0.95_n256_r9,AR1_0.95_n256,,Higuchi,1.0,0.9795736935493362,0.0,0.9795736935493362,centered
AR1_0.95_n256_r9,AR1_0.95_n256,,GHE,1.0,0.9828218624683919,0.0,0.9828218624683919,centered
AR1_0.95_n512_r0,AR1_0.95_n512,,GPH,1.0,1.33453364191688,0.0,1.33453364191688,raw
AR1_0.95_n512_r0,AR1_0.95_n512,,Higuchi,1.0,0.954946689986431,0.03675845824369617,0.9917051482301271,raw
AR1_0.95_n512_r0,AR1_0.95_n512,,GHE,1.0,0.9621897371401623,0.0295718289561705,0.9917615660963328,raw
AR1_0.95_n512_r0,AR1_0.95_n512,,GPH,1.0,1.33453364191688,2.220446049250313e-16,1.3345336419168803,centered
AR1_0.95_n512_r0,AR1_0.95_n512,,Higuchi,1.0,0.941295345223607,0.0,0.941295345223607,centered
AR1_0.95_n512_r0,AR1_0.95_n512,,GHE,1.0,0.9521105068548535,0.0,0.9521105068548535,centered
AR1_0.95_n512_r1,AR1_0.95_n512,,GPH,1.0,1.1714121077169006,0.0,1.1714121077169006,raw
AR1_0.95_n512_r1,AR1_0.95_n512,,Higuchi,1.0,0.9510361676567183,0.020791828960140757,0.971827996616859,raw
AR1_0.95_n512_r1,AR1_0.95_n512,,GHE,1.0,0.9554670416989682,0.02011073217495729,0.9755777738739255,raw
AR1_0.95_n512_r1,AR1_0.95_n512,,GPH,1.0,1.1714121077169006,0.0,1.1714121077169006,centered
AR1_0.95_n512_r1,AR1_0.95_n512,,Higuchi,1.0,0.951475132408736,2.220446049250313e-16,0.9514751324087363,centered
AR1_0.95_n512_r1,AR1_0.95_n512,,GHE,1.0,0.9544313003196109,0.0,0.9544313003196109,centered
AR1_0.95_n512_r10,AR1_0.95_n512,,GPH,1.0,1.353663476853647,0.0,1.353663476853647,raw
AR1_0.95_n512_r10,AR1_0.95_n512,,Higuchi,1.0,0.9502521963620136,0.0036377364644710752,0.9538899328264847,raw
AR1_0.95_n512_r10,AR1_0.95_n512,,GHE,1.0,0.9599419654158949,-0.0002724744530527845,0.9596694909628422,raw
AR1_0.95_n512_r10,AR1_0.95_n512,,GPH,1.0,1.353663476853647,0.0,1.353663476853647,centered
AR1_0.95_n512_r10,AR1_0.95_n512,,Higuchi,1.0,0.941462112410896,2.220446049250313e-16,0.9414621124108962,centered
AR1_0.95_n512_r10,AR1_0.95_n512,,GHE,1.0,0.9526406745021461,-1.1102230246251565e-16,0.952640674502146,centered
AR1_0.95_n512_r11,AR1_0.95_n512,,GPH,1.0,1.2033772820315014,4.440892098500626e-16,1.2033772820315018,raw
AR1_0.95_n512_r11,AR1_0.95_n512,,Higuchi,1.0,0.8937268473296649,0.07161356325540003,0.9653404105850649,raw
AR1_0.95_n512_r11,AR1_0.95_n512,,GHE,1.0,0.9152930441087863,0.05359694915989832,0.9688899932686846,raw
AR1_0.95_n512_r11,AR1_0.95_n512,,GPH,1.0,1.2033772820315016,0.0,1.2033772820315016,centered
AR1_0.95_n512_r11,AR1_0.95_n512,,Higuchi,1.0,0.8964167111843606,0.0,0.8964167111843606,centered
AR1_0.95_n512_r11,AR1_0.95_n512,,GHE,1.0,0.9175817989406116,0.0,0.9175817989406116,centered
AR1_0.95_n512_r12,AR1_0.95_n512,,GPH,1.0,1.3234286148297447,0.0,1.3234286148297447,raw
AR1_0.95_n512_r12,AR1_0.95_n512,,Higuchi,1.0,0.9421900159141787,0.007991977867325417,0.9501819937815041,raw
AR1_0.95_n512_r12,AR1_0.95_n512,,GHE,1.0,0.9507462627511231,0.0033289083513721174,0.9540751711024952,raw
AR1_0.95_n512_r12,AR1_0.95_n512,,GPH,1.0,1.3234286148297447,0.0,1.3234286148297447,centered
AR1_0.95_n512_r12,AR1_0.95_n512,,Higuchi,1.0,0.9299290099035551,0.0,0.9299290099035551,centered
AR1_0.95_n512_r12,AR1_0.95_n512,,GHE,1.0,0.9368752057790914,2.220446049250313e-16,0.9368752057790917,centered
AR1_0.95_n512_r13,AR1_0.95_n512,,GPH,1.0,1.0022738679245942,0.0,1.0022738679245942,raw
AR1_0.95_n512_r13,AR1_0.95_n512,,Higuchi,1.0,0.9395934211070169,0.033637179472336465,0.9732306005793534,raw
AR1_0.95_n512_r13,AR1_0.95_n512,,GHE,1.0,0.9482575438233642,0.027912962826208032,0.9761705066495723,raw
AR1_0.95_n512_r13,AR1_0.95_n512,,GPH,1.0,1.0022738679245942,0.0,1.0022738679245942,centered
AR1_0.95_n512_r13,AR1_0.95_n512,,Higuchi,1.0,0.9328427450260501,0.0,0.9328427450260501,centered
AR1_0.95_n512_r13,AR1_0.95_n512,,GHE,1.0,0.9425127962939152,0.0,0.9425127962939152,centered
AR1_0.95_n512_r14,AR1_0.95_n512,,GPH,1.0,1.2599477048137566,2.220446049250313e-16,1.2599477048137568,raw
AR1_0.95_n512_r14,AR1_0.95_n512,,Higuchi,1.0,0.9091209849722732,0.05777113036649606,0.9668921153387693,raw
AR1_0.95_n512_r14,AR1_0.95_n512,,GHE,1.0,0.9257830674120261,0.04679617969928496,0.972579247111311,raw
AR1_0.95_n512_r14,AR1_0.95_n512,,GPH,1.0,1.2599477048137566,2.220446049250313e-16,1.2599477048137568,centered
AR1_0.95_n512_r14,AR1_0.95_n512,,Higuchi,1.0,0.9106648185916326,-2.220446049250313e-16,0.9106648185916324,centered
AR1_0.95_n512_r14,AR1_0.95_n512,,GHE,1.0,0.9269695348486472,1.1102230246251565e-16,0.9269695348486473,centered
AR1_0.95_n512_r15,AR1_0.95_n512,,GPH,1.0,1.2964030568249254,0.0,1.2964030568249254,raw
AR1_0.95_n512_r15,AR1_0.95_n512,,Higuchi,1.0,0.9476344303683566,0.03426869695776524,0.9819031273261218,raw
AR1_0.95_n512_r15,AR1_0.95_n512,,GHE,1.0,0.9555029925485217,0.028892756493341554,0.9843957490418632,raw
AR1_0.95_n512_r15,AR1_0.95_n512,,GPH,1.0,1.2964030568249254,0.0,1.2964030568249254,centered
AR1_0.95_n512_r15,AR1_0.95_n512,,Higuchi,1.0,0.9483352669497447,0.0,0.9483352669497447,centered
AR1_0.95_n512_r15,AR1_0.95_n512,,GHE,1.0,0.9564362263436795,1.1102230246251565e-16,0.9564362263436796,centered
AR1_0.95_n512_r16,AR1_0.95_n512,,GPH,1.0,1.2107505336602709,2.220446049250313e-16,1.210750533660271,raw
AR1_0.95_n512_r16,AR1_0.95_n512,,Higuchi,1.0,0.9365770738188839,0.004320668730680044,0.9408977425495639,raw
AR1_0.95_n512_r16,AR1_0.95_n512,,GHE,1.0,0.9457926830527629,0.003985663244217896,0.9497783462969808,raw
AR1_0.95_n512_r16,AR1_0.95_n512,,GPH,1.0,1.2107505336602709,2.220446049250313e-16,1.210750533660271,centered
AR1_0.95_n512_r16,AR1_0.95_n512,,Higuchi,1.0,0.9265325778549467,0.0,0.9265325778549467,centered
AR1_0.95_n512_r16,AR1_0.95_n512,,GHE,1.0,0.9359232441185323,-2.220446049250313e-16,0.9359232441185321,centered
AR1_0.95_n512_r17,AR1_0.95_n512,,GPH,1.0,1.3391795861741627,-4.440892098500626e-16,1.3391795861741622,raw
AR1_0.95_n512_r17,AR1_0.95_n512,,Higuchi,1.0,0.9732746922737141,-0.045348787931223766,0.9279259043424903,raw
AR1_0.95_n512_r17,AR1_0.95_n512,,GHE,1.0,0.974707375681124,-0.036408852086494026,0.93829852359463,raw
AR1_0.95_n512_r17,AR1_0.95_n512,,GPH,1.0,1.3391795861741627,0.0,1.3391795861741627,centered
AR1_0.95_n512_r17,AR1_0.95_n512,,Higuchi,1.0,0.9435157907592746,-2.220446049250313e-16,0.9435157907592744,centered
AR1_0.95_n512_r17,AR1_0.95_n512,,GHE,1.0,0.9507153139997543,-1.1102230246251565e-16,0.9507153139997542,centered
AR1_0.95_n512_r18,AR1_0.95_n512,,GPH,1.0,1.4590318460796363,-2.220446049250313e-16,1.459031846079636,raw
AR1_0.95_n512_r18,AR1_0.95_n512,,Higuchi,1.0,0.977427940849146,0.009593580615951947,0.9870215214650979,raw
AR1_0.95_n512_r18,AR1_0.95_n512,,GHE,1.0,0.9793125512235884,0.009361672036241941,0.9886742232598303,raw
AR1_0.95_n512_r18,AR1_0.95_n512,,GPH,1.0,1.4590318460796363,-2.220446049250313e-16,1.459031846079636,centered
AR1_0.95_n512_r18,AR1_0.95_n512,,Higuchi,1.0,0.9687656534316569,-2.220446049250313e-16,0.9687656534316567,centered
AR1_0.95_n512_r18,AR1_0.95_n512,,GHE,1.0,0.9717848550974375,0.0,0.9717848550974375,centered
AR1_0.95_n512_r19,AR1_0.95_n512,,GPH,1.0,1.299487742107562,0.0,1.299487742107562,raw
AR1_0.95_n512_r19,AR1_0.95_n512,,Higuchi,1.0,0.9246377986531529,0.03352820079503993,0.9581659994481928,raw
AR1_0.95_n512_r19,AR1_0.95_n512,,GHE,1.0,0.9350341247841845,0.029496404520060193,0.9645305293042447,raw
AR1_0.95_n512_r19,AR1_0.95_n512,,GPH,1.0,1.299487742107562,0.0,1.299487742107562,centered
AR1_0.95_n512_r19,AR1_0.95_n512,,Higuchi,1.0,0.927886238581829,2.220446049250313e-16,0.9278862385818292,centered
AR1_0.95_n512_r19,AR1_0.95_n512,,GHE,1.0,0.936981988568372,0.0,0.936981988568372,centered
AR1_0.95_n512_r2,AR1_0.95_n512,,GPH,1.0,0.8490582295458824,0.0,0.8490582295458824,raw
AR1_0.95_n512_r2,AR1_0.95_n512,,Higuchi,1.0,0.9042459374556682,0.040546370698832046,0.9447923081545002,raw
AR1_0.95_n512_r2,AR1_0.95_n512,,GHE,1.0,0.9149140390607869,0.0378681701317517,0.9527822091925386,raw
AR1_0.95_n512_r2,AR1_0.95_n512,,GPH,1.0,0.8490582295458824,0.0,0.8490582295458824,centered
AR1_0.95_n512_r2,AR1_0.95_n512,,Higuchi,1.0,0.8969868095292821,-2.220446049250313e-16,0.8969868095292819,centered
AR1_0.95_n512_r2,AR1_0.95_n512,,GHE,1.0,0.9108816494642882,0.0,0.9108816494642882,centered
AR1_0.95_n512_r20,AR1_0.95_n512,,GPH,1.0,1.10972374691801,0.0,1.10972374691801,raw
AR1_0.95_n512_r20,AR1_0.95_n512,,Higuchi,1.0,0.9536180199300968,0.017740576376210182,0.9713585963063069,raw
AR1_0.95_n512_r20,AR1_0.95_n512,,GHE,1.0,0.9554473982548953,0.020441961138866427,0.9758893593937618,raw
AR1_0.95_n512_r20,AR1_0.95_n512,,GPH,1.0,1.10972374691801,0.0,1.10972374691801,centered
AR1_0.95_n512_r20,AR1_0.95_n512,,Higuchi,1.0,0.9480118946426739,0.0,0.9480118946426739,centered
AR1_0.95_n512_r20,AR1_0.95_n512,,GHE,1.0,0.9506914893383539,2.220446049250313e-16,0.9506914893383541,centered
AR1_0.95_n512_r21,AR1_0.95_n512,,GPH,1.0,1.179660908800059,0.0,1.179660908800059,raw
AR1_0.95_n512_r21,AR1_0.95_n512,,Higuchi,1.0,0.9061643637567105,0.08155170332919259,0.9877160670859031,raw
AR1_0.95_n512_r21,AR1_0.95_n512,,GHE,1.0,0.9213487695679069,0.06710049186516243,0.9884492614330693,raw
AR1_0.95_n512_r21,AR1_0.95_n512,,GPH,1.0,1.179660908800059,0.0,1.179660908800059,centered
AR1_0.95_n512_r21,AR1_0.95_n512,,Higuchi,1.0,0.9028350823303795,0.0,0.9028350823303795,centered
AR1_0.95_n512_r21,AR1_0.95_n512,,GHE,1.0,0.9201239771800485,0.0,0.9201239771800485,centered
AR1_0.95_n512_r22,AR1_0.95_n512,,GPH,1.0,1.2876433509830822,2.220446049250313e-16,1.2876433509830825,raw
AR1_0.95_n512_r22,AR1_0.95_n512,,Higuchi,1.0,0.9182829983605583,0.06151839091983091,0.9798013892803892,raw
AR1_0.95_n512_r22,AR1_0.95_n512,,GHE,1.0,0.9332846581954084,0.04777649373700166,0.9810611519324101,raw
AR1_0.95_n512_r22,AR1_0.95_n512,,GPH,1.0,1.2876433509830825,0.0,1.2876433509830825,centered
AR1_0.95_n512_r22,AR1_0.95_n512,,Higuchi,1.0,0.9200399390238687,0.0,0.9200399390238687,centered
AR1_0.95_n512_r22,AR1_0.95_n512,,GHE,1.0,0.9346792318515716,0.0,0.9346792318515716,centered
AR1_0.95_n512_r23,AR1_0.95_n512,,GPH,1.0,1.5059281360518064,0.0,1.5059281360518064,raw
AR1_0.95_n512_r23,AR1_0.95_n512,,Higuchi,1.0,0.9339254231437053,0.04352229432155674,0.977447717465262,raw
AR1_0.95_n512_r23,AR1_0.95_n512,,GHE,1.0,0.9448095418213629,0.0367644267894226,0.9815739686107855,raw
AR1_0.95_n512_r23,AR1_0.95_n512,,GPH,1.0,1.5059281360518064,0.0,1.5059281360518064,centered
AR1_0.95_n512_r23,AR1_0.95_n512,,Higuchi,1.0,0.9028536552912709,-2.220446049250313e-16,0.9028536552912707,centered
AR1_0.95_n512_r23,AR1_0.95_n512,,GHE,1.0,0.9189439185241757,0.0,0.9189439185241757,centered
AR1_0.95_n512_r24,AR1_0.95_n512,,GPH,1.0,1.2896550462092455,0.0,1.2896550462092455,raw
AR1_0.95_n512_r24,AR1_0.95_n512,,Higuchi,1.0,0.9130707535506681,0.07792663764392116,0.9909973911945893,raw
AR1_0.95_n512_r24,AR1_0.95_n512,,GHE,1.0,0.9277999530408296,0.06465148054207148,0.9924514335829011,raw
AR1_0.95_n512_r24,AR1_0.95_n512,,GPH,1.0,1.2896550462092455,0.0,1.2896550462092455,centered
AR1_0.95_n512_r24,AR1_0.95_n512,,Higuchi,1.0,0.9148318855575404,0.0,0.9148318855575404,centered
AR1_0.95_n512_r24,AR1_0.95_n512,,GHE,1.0,0.9292942337271105,-1.1102230246251565e-16,0.9292942337271104,centered
AR1_0.95_n512_r25,AR1_0.95_n512,,GPH,1.0,1.3353074247466674,0.0,1.3353074247466674,raw
AR1_0.95_n512_r25,AR1_0.95_n512,,Higuchi,1.0,0.9344536805154224,0.05478007412173058,0.989233754637153,raw
AR1_0.95_n512_r25,AR1_0.95_n512,,GHE,1.0,0.9458166798394656,0.045202646077016295,0.9910193259164819,raw
AR1_0.95_n512_r25,AR1_0.95_n512,,GPH,1.0,1.3353074247466674,0.0,1.3353074247466674,centered
AR1_0.95_n512_r25,AR1_0.95_n512,,Higuchi,1.0,0.9375517798766468,0.0,0.9375517798766468,centered
AR1_0.95_n512_r25,AR1_0.95_n512,,GHE,1.0,0.9480606931977823,0.0,0.9480606931977823,centered
AR1_0.95_n512_r26,AR1_0.95_n512,,GPH,1.0,1.2397814700964593,0.0,1.2397814700964593,raw
AR1_0.95_n512_r26,AR1_0.95_n512,,Higuchi,1.0,0.937668222606006,0.021430893387172745,0.9590991159931788,raw
AR1_0.95_n512_r26,AR1_0.95_n512,,GHE,1.0,0.9459677391101111,0.02188500064796506,0.9678527397580762,raw
AR1_0.95_n512_r26,AR1_0.95_n512,,GPH,1.0,1.2397814700964593,0.0,1.2397814700964593,centered
AR1_0.95_n512_r26,AR1_0.95_n512,,Higuchi,1.0,0.9429659120141665,0.0,0.9429659120141665,centered
AR1_0.95_n512_r26,AR1_0.95_n512,,GHE,1.0,0.952130325364065,0.0,0.952130325364065,centered
AR1_0.95_n512_r27,AR1_0.95_n512,,GPH,1.0,0.9295199170547728,0.0,0.9295199170547728,raw
AR1_0.95_n512_r27,AR1_0.95_n512,,Higuchi,1.0,0.9340536610218273,0.05059803226437953,0.9846516932862068,raw
AR1_0.95_n512_r27,AR1_0.95_n512,,GHE,1.0,0.943674627977467,0.041556601890871625,0.9852312298683387,raw
AR1_0.95_n512_r27,AR1_0.95_n512,,GPH,1.0,0.9295199170547728,0.0,0.9295199170547728,centered
AR1_0.95_n512_r27,AR1_0.95_n512,,Higuchi,1.0,0.9247690387949477,0.0,0.9247690387949477,centered
AR1_0.95_n512_r27,AR1_0.95_n512,,GHE,1.0,0.9361232673129346,-2.220446049250313e-16,0.9361232673129344,centered
AR1_0.95_n512_r28,AR1_0.95_n512,,GPH,1.0,1.3298494086974864,0.0,1.3298494086974864,raw
AR1_0.95_n512_r28,AR1_0.95_n512,,Higuchi,1.0,0.9380803559798561,0.03479261092460084,0.9728729669044569,raw
AR1_0.95_n512_r28,AR1_0.95_n512,,GHE,1.0,0.9482757171872906,0.02899657884730855,0.9772722960345992,raw
AR1_0.95_n512_r28,AR1_0.95_n512,,GPH,1.0,1.3298494086974864,0.0,1.3298494086974864,centered
AR1_0.95_n512_r28,AR1_0.95_n512,,Higuchi,1.0,0.9390115053005221,0.0,0.9390115053005221,centered
AR1_0.95_n512_r28,AR1_0.95_n512,,GHE,1.0,0.9493460175301245,0.0,0.9493460175301245,centered
AR1_0.95_n512_r29,AR1_0.95_n512,,GPH,1.0,1.2504318300548896,0.0,1.2504318300548896,raw
AR1_0.95_n512_r29,AR1_0.95_n512,,Higuchi,1.0,0.9181932681932488,0.05860117468098669,0.9767944428742354,raw
AR1_0.95_n512_r29,AR1_0.95_n512,,GHE,1.0,0.9342584257223834,0.044298226441415456,0.9785566521637988,raw
AR1_0.95_n512_r29,AR1_0.95_n512,,GPH,1.0,1.2504318300548896,0.0,1.2504318300548896,centered
AR1_0.95_n512_r29,AR1_0.95_n512,,Higuchi,1.0,0.917438970122717,0.0,0.917438970122717,centered
AR1_0.95_n512_r29,AR1_0.95_n512,,GHE,1.0,0.9335323093035826,2.220446049250313e-16,0.9335323093035828,centered
AR1_0.95_n512_r3,AR1_0.95_n512,,GPH,1.0,1.1263591898889715,0.0,1.1263591898889715,raw
AR1_0.95_n512_r3,AR1_0.95_n512,,Higuchi,1.0,0.9297043014361062,0.01934274274823622,0.9490470441843424,raw
AR1_0.95_n512_r3,AR1_0.95_n512,,GHE,1.0,0.9302237824787695,0.026404582319270786,0.9566283647980403,raw
AR1_0.95_n512_r3,AR1_0.95_n512,,GPH,1.0,1.1263591898889715,0.0,1.1263591898889715,centered
AR1_0.95_n512_r3,AR1_0.95_n512,,Higuchi,1.0,0.872680222159709,-2.220446049250313e-16,0.8726802221597088,centered
AR1_0.95_n512_r3,AR1_0.95_n512,,GHE,1.0,0.8825880381468391,0.0,0.8825880381468391,centered
AR1_0.95_n512_r30,AR1_0.95_n512,,GPH,1.0,0.7480796295214207,0.0,0.7480796295214207,raw
AR1_0.95_n512_r30,AR1_0.95_n512,,Higuchi,1.0,0.8354220030898443,0.15297004454974372,0.988392047639588,raw
AR1_0.95_n512_r30,AR1_0.95_n512,,GHE,1.0,0.8534157329067982,0.13578260755236005,0.9891983404591582,raw
AR1_0.95_n512_r30,AR1_0.95_n512,,GPH,1.0,0.7480796295214207,0.0,0.7480796295214207,centered
AR1_0.95_n512_r30,AR1_0.95_n512,,Higuchi,1.0,0.8372672249659847,0.0,0.8372672249659847,centered
AR1_0.95_n512_r30,AR1_0.95_n512,,GHE,1.0,0.8539870408514464,0.0,0.8539870408514464,centered
AR1_0.95_n512_r31,AR1_0.95_n512,,GPH,1.0,1.2146117795328317,0.0,1.2146117795328317,raw
AR1_0.95_n512_r31,AR1_0.95_n512,,Higuchi,1.0,0.9146256596030777,0.05330276478316143,0.9679284243862392,raw
AR1_0.95_n512_r31,AR1_0.95_n512,,GHE,1.0,0.9287402143677809,0.04339304187371096,0.9721332562414918,raw
AR1_0.95_n512_r31,AR1_0.95_n512,,GPH,1.0,1.2146117795328317,0.0,1.2146117795328317,centered
AR1_0.95_n512_r31,AR1_0.95_n512,,Higuchi,1.0,0.9111308432768372,4.440892098500626e-16,0.9111308432768377,centered
AR1_0.95_n512_r31,AR1_0.95_n512,,GHE,1.0,0.927148861873816,2.220446049250313e-16,0.9271488618738162,centered
AR1_0.95_n512_r32,AR1_0.95_n512,,GPH,1.0,1.4013684904236086,0.0,1.4013684904236086,raw
AR1_0.95_n512_r32,AR1_0.95_n512,,Higuchi,1.0,0.9435540991734674,0.04653917496240645,0.9900932741358739,raw
AR1_0.95_n512_r32,AR1_0.95_n512,,GHE,1.0,0.9525816783358607,0.03853380883765323,0.9911154871735139,raw
AR1_0.95_n512_r32,AR1_0.95_n512,,GPH,1.0,1.4013684904236086,0.0,1.4013684904236086,centered
AR1_0.95_n512_r32,AR1_0.95_n512,,Higuchi,1.0,0.9195655340106712,0.0,0.9195655340106712,centered
AR1_0.95_n512_r32,AR1_0.95_n512,,GHE,1.0,0.933009651480868,0.0,0.933009651480868,centered
AR1_0.95_n512_r33,AR1_0.95_n512,,GPH,1.0,1.2896884532517179,0.0,1.2896884532517179,raw
AR1_0.95_n512_r33,AR1_0.95_n512,,Higuchi,1.0,0.9538349416006027,0.00510864681747103,0.9589435884180737,raw
AR1_0.95_n512_r33,AR1_0.95_n512,,GHE,1.0,0.9602096642478513,0.003054560988864252,0.9632642252367155,raw
AR1_0.95_n512_r33,AR1_0.95_n512,,GPH,1.0,1.2896884532517179,0.0,1.2896884532517179,centered
AR1_0.95_n512_r33,AR1_0.95_n512,,Higuchi,1.0,0.924749902286258,0.0,0.924749902286258,centered
AR1_0.95_n512_r33,AR1_0.95_n512,,GHE,1.0,0.9372250270418729,0.0,0.9372250270418729,centered
AR1_0.95_n512_r34,AR1_0.95_n512,,GPH,1.0,1.260618633831363,0.0,1.260618633831363,raw
AR1_0.95_n512_r34,AR1_0.95_n512,,Higuchi,1.0,0.9292365513161489,0.045688326942116664,0.9749248782582656,raw
AR1_0.95_n512_r34,AR1_0.95_n512,,GHE,1.0,0.9408567853777253,0.03587906251181583,0.9767358478895412,raw
AR1_0.95_n512_r34,AR1_0.95_n512,,GPH,1.0,1.260618633831363,0.0,1.260618633831363,centered
AR1_0.95_n512_r34,AR1_0.95_n512,,Higuchi,1.0,0.9307073075368197,0.0,0.9307073075368197,centered
AR1_0.95_n512_r34,AR1_0.95_n512,,GHE,1.0,0.9419688575449228,2.220446049250313e-16,0.941968857544923,centered
AR1_0.95_n512_r35,AR1_0.95_n512,,GPH,1.0,1.4150478530338504,0.0,1.4150478530338504,raw
AR1_0.95_n512_r35,AR1_0.95_n512,,Higuchi,1.0,0.949915551788908,0.022034598770541258,0.9719501505594492,raw
AR1_0.95_n512_r35,AR1_0.95_n512,,GHE,1.0,0.9602389567731501,0.01707639505382408,0.9773153518269742,raw
AR1_0.95_n512_r35,AR1_0.95_n512,,GPH,1.0,1.4150478530338504,2.220446049250313e-16,1.4150478530338506,centered
AR1_0.95_n512_r35,AR1_0.95_n512,,Higuchi,1.0,0.9502529533879491,-2.220446049250313e-16,0.9502529533879489,centered
AR1_0.95_n512_r35,AR1_0.95_n512,,GHE,1.0,0.9599068413779788,3.3306690738754696e-16,0.9599068413779791,centered
AR1_0.95_n512_r36,AR1_0.95_n512,,GPH,1.0,0.923089237377688,2.220446049250313e-16,0.9230892373776882,raw
AR1_0.95_n512_r36,AR1_0.95_n512,,Higuchi,1.0,0.8435956356898291,0.12426965087080277,0.9678652865606319,raw
AR1_0.95_n512_r36,AR1_0.95_n512,,GHE,1.0,0.8659520952251596,0.10382496828611798,0.9697770635112776,raw
AR1_0.95_n512_r36,AR1_0.95_n512,,GPH,1.0,0.9230892373776881,1.1102230246251565e-16,0.9230892373776882,centered
AR1_0.95_n512_r36,AR1_0.95_n512,,Higuchi,1.0,0.8428026656126442,0.0,0.8428026656126442,centered
AR1_0.95_n512_r36,AR1_0.95_n512,,GHE,1.0,0.865487500003565,0.0,0.865487500003565,centered
AR1_0.95_n512_r37,AR1_0.95_n512,,GPH,1.0,1.208304997594116,0.0,1.208304997594116,raw
AR1_0.95_n512_r37,AR1_0.95_n512,,Higuchi,1.0,0.8992271796799511,0.07282216816662213,0.9720493478465733,raw
AR1_0.95_n512_r37,AR1_0.95_n512,,GHE,1.0,0.9153247011947042,0.05967120767859169,0.9749959088732959,raw
AR1_0.95_n512_r37,AR1_0.95_n512,,GPH,1.0,1.208304997594116,0.0,1.208304997594116,centered
AR1_0.95_n512_r37,AR1_0.95_n512,,Higuchi,1.0,0.8968365997696208,0.0,0.8968365997696208,centered
AR1_0.95_n512_r37,AR1_0.95_n512,,GHE,1.0,0.9138135095877142,-3.3306690738754696e-16,0.9138135095877139,centered
AR1_0.95_n512_r38,AR1_0.95_n512,,GPH,1.0,1.0279983878435917,0.0,1.0279983878435917,raw
AR1_0.95_n512_r38,AR1_0.95_n512,,Higuchi,1.0,0.8883470143256562,0.07238550201336369,0.9607325163390199,raw
AR1_0.95_n512_r38,AR1_0.95_n512,,GHE,1.0,0.9032177102843763,0.06030043607610003,0.9635181463604763,raw
AR1_0.95_n512_r38,AR1_0.95_n512,,GPH,1.0,1.0279983878435917,0.0,1.0279983878435917,centered
AR1_0.95_n512_r38,AR1_0.95_n512,,Higuchi,1.0,0.8683993571181652,0.0,0.8683993571181652,centered
AR1_0.95_n512_r38,AR1_0.95_n512,,GHE,1.0,0.8853761788262275,0.0,0.8853761788262275,centered
AR1_0.95_n512_r39,AR1_0.95_n512,,GPH,1.0,1.1178802801611143,0.0,1.1178802801611143,raw
AR1_0.95_n512_r39,AR1_0.95_n512,,Higuchi,1.0,0.8585851012828254,0.12939377219818726,0.9879788734810127,raw
AR1_0.95_n512_r39,AR1_0.95_n512,,GHE,1.0,0.8844937478692598,0.1049227542653659,0.9894165021346257,raw
AR1_0.95_n512_r39,AR1_0.95_n512,,GPH,1.0,1.1178802801611143,0.0,1.1178802801611143,centered
AR1_0.95_n512_r39,AR1_0.95_n512,,Higuchi,1.0,0.8232422023831001,-2.220446049250313e-16,0.8232422023830999,centered
AR1_0.95_n512_r39,AR1_0.95_n512,,GHE,1.0,0.8554744109736764,0.0,0.8554744109736764,centered
AR1_0.95_n512_r4,AR1_0.95_n512,,GPH,1.0,1.0520869656567218,0.0,1.0520869656567218,raw
AR1_0.95_n512_r4,AR1_0.95_n512,,Higuchi,1.0,0.8819298154450843,0.0958567542568094,0.9777865697018937,raw
AR1_0.95_n512_r4,AR1_0.95_n512,,GHE,1.0,0.8999416862052295,0.08103507770414964,0.9809767639093792,raw
AR1_0.95_n512_r4,AR1_0.95_n512,,GPH,1.0,1.0520869656567218,-2.220446049250313e-16,1.0520869656567216,centered
AR1_0.95_n512_r4,AR1_0.95_n512,,Higuchi,1.0,0.8911106818023211,0.0,0.8911106818023211,centered
AR1_0.95_n512_r4,AR1_0.95_n512,,GHE,1.0,0.9079753139858089,0.0,0.9079753139858089,centered
AR1_0.95_n512_r40,AR1_0.95_n512,,GPH,1.0,1.3127032856274834,0.0,1.3127032856274834,raw
AR1_0.95_n512_r40,AR1_0.95_n512,,Higuchi,1.0,0.9602153892857128,-0.0039334538392925555,0.9562819354464203,raw
AR1_0.95_n512_r40,AR1_0.95_n512,,GHE,1.0,0.9667770581115168,-0.004654395504024578,0.9621226626074922,raw
AR1_0.95_n512_r40,AR1_0.95_n512,,GPH,1.0,1.3127032856274834,0.0,1.3127032856274834,centered
AR1_0.95_n512_r40,AR1_0.95_n512,,Higuchi,1.0,0.9601784867005427,0.0,0.9601784867005427,centered
AR1_0.95_n512_r40,AR1_0.95_n512,,GHE,1.0,0.9667459929549425,0.0,0.9667459929549425,centered
AR1_0.95_n512_r41,AR1_0.95_n512,,GPH,1.0,1.1886701469663328,0.0,1.1886701469663328,raw
AR1_0.95_n512_r41,AR1_0.95_n512,,Higuchi,1.0,0.9468186397894811,0.04201226688256132,0.9888309066720424,raw
AR1_0.95_n512_r41,AR1_0.95_n512,,GHE,1.0,0.9541926545191058,0.036145792502149,0.9903384470212548,raw
AR1_0.95_n512_r41,AR1_0.95_n512,,GPH,1.0,1.1886701469663326,0.0,1.1886701469663326,centered
AR1_0.95_n512_r41,AR1_0.95_n512,,Higuchi,1.0,0.9103745020547698,-2.220446049250313e-16,0.9103745020547696,centered
AR1_0.95_n512_r41,AR1_0.95_n512,,GHE,1.0,0.9234132477620471,0.0,0.9234132477620471,centered
AR1_0.95_n512_r42,AR1_0.95_n512,,GPH,1.0,0.936541651972338,0.0,0.936541651972338,raw
AR1_0.95_n512_r42,AR1_0.95_n512,,Higuchi,1.0,0.9376638841408822,0.010746635295712625,0.9484105194365948,raw
AR1_0.95_n512_r42,AR1_0.95_n512,,GHE,1.0,0.9388482413382273,0.013169622390498237,0.9520178637287255,raw
AR1_0.95_n512_r42,AR1_0.95_n512,,GPH,1.0,0.936541651972338,0.0,0.936541651972338,centered
AR1_0.95_n512_r42,AR1_0.95_n512,,Higuchi,1.0,0.8443412594972646,0.0,0.8443412594972646,centered
AR1_0.95_n512_r42,AR1_0.95_n512,,GHE,1.0,0.8614106633535428,0.0,0.8614106633535428,centered
AR1_0.95_n512_r43,AR1_0.95_n512,,GPH,1.0,1.3338653431086258,-4.440892098500626e-16,1.3338653431086254,raw
AR1_0.95_n512_r43,AR1_0.95_n512,,Higuchi,1.0,0.9517424063051927,-0.006197960537825953,0.9455444457673667,raw
AR1_0.95_n512_r43,AR1_0.95_n512,,GHE,1.0,0.9566151960267462,-0.0028299770767664656,0.9537852189499797,raw
AR1_0.95_n512_r43,AR1_0.95_n512,,GPH,1.0,1.3338653431086258,0.0,1.3338653431086258,centered
AR1_0.95_n512_r43,AR1_0.95_n512,,Higuchi,1.0,0.9339417904839782,0.0,0.9339417904839782,centered
AR1_0.95_n512_r43,AR1_0.95_n512,,GHE,1.0,0.9412148998129423,0.0,0.9412148998129423,centered
AR1_0.95_n512_r44,AR1_0.95_n512,,GPH,1.0,1.3088174315084817,0.0,1.3088174315084817,raw
AR1_0.95_n512_r44,AR1_0.95_n512,,Higuchi,1.0,0.920933340787321,0.034740295809977395,0.9556736365972984,raw
AR1_0.95_n512_r44,AR1_0.95_n512,,GHE,1.0,0.9320484932801171,0.03125585950374832,0.9633043527838654,raw
AR1_0.95_n512_r44,AR1_0.95_n512,,GPH,1.0,1.3088174315084817,0.0,1.3088174315084817,centered
AR1_0.95_n512_r44,AR1_0.95_n512,,Higuchi,1.0,0.9126288639266664,0.0,0.9126288639266664,centered
AR1_0.95_n512_r44,AR1_0.95_n512,,GHE,1.0,0.9265632762998529,-1.1102230246251565e-16,0.9265632762998528,centered
AR1_0.95_n512_r45,AR1_0.95_n512,,GPH,1.0,1.0820455721059614,0.0,1.0820455721059614,raw
AR1_0.95_n512_r45,AR1_0.95_n512,,Higuchi,1.0,0.9293916654245107,0.056760643011086076,0.9861523084355968,raw
AR1_0.95_n512_r45,AR1_0.95_n512,,GHE,1.0,0.9397295884998548,0.04821604501067667,0.9879456335105314,raw
AR1_0.95_n512_r45,AR1_0.95_n512,,GPH,1.0,1.0820455721059614,0.0,1.0820455721059614,centered
AR1_0.95_n512_r45,AR1_0.95_n512,,Higuchi,1.0,0.9071425423861332,2.220446049250313e-16,0.9071425423861335,centered
AR1_0.95_n512_r45,AR1_0.95_n512,,GHE,1.0,0.9207412395894874,0.0,0.9207412395894874,centered
AR1_0.95_n512_r46,AR1_0.95_n512,,GPH,1.0,1.243620877766507,0.0,1.243620877766507,raw
AR1_0.95_n512_r46,AR1_0.95_n512,,Higuchi,1.0,0.9502284727838695,0.004387722763321333,0.9546161955471908,raw
AR1_0.95_n512_r46,AR1_0.95_n512,,GHE,1.0,0.9553160824119624,0.0055063152444643215,0.9608223976564267,raw
AR1_0.95_n512_r46,AR1_0.95_n512,,GPH,1.0,1.243620877766507,0.0,1.243620877766507,centered
AR1_0.95_n512_r46,AR1_0.95_n512,,Higuchi,1.0,0.9756495660521465,0.0,0.9756495660521465,centered
AR1_0.95_n512_r46,AR1_0.95_n512,,GHE,1.0,0.9753330938211813,0.0,0.9753330938211813,centered
AR1_0.95_n512_r47,AR1_0.95_n512,,GPH,1.0,1.1273859080084587,-2.220446049250313e-16,1.1273859080084585,raw
AR1_0.95_n512_r47,AR1_0.95_n512,,Higuchi,1.0,0.928967694957243,0.04218230322001837,0.9711499981772613,raw
AR1_0.95_n512_r47,AR1_0.95_n512,,GHE,1.0,0.9356878455258324,0.03954113320774222,0.9752289787335746,raw
AR1_0.95_n512_r47,AR1_0.95_n512,,GPH,1.0,1.1273859080084585,2.220446049250313e-16,1.1273859080084587,centered
AR1_0.95_n512_r47,AR1_0.95_n512,,Higuchi,1.0,0.9291960503663634,0.0,0.9291960503663634,centered
AR1_0.95_n512_r47,AR1_0.95_n512,,GHE,1.0,0.9358903615394263,-2.220446049250313e-16,0.9358903615394261,centered
AR1_0.95_n512_r48,AR1_0.95_n512,,GPH,1.0,1.0013245077577562,0.0,1.0013245077577562,raw
AR1_0.95_n512_r48,AR1_0.95_n512,,Higuchi,1.0,0.9149514800610907,0.07123364117252695,0.9861851212336177,raw
AR1_0.95_n512_r48,AR1_0.95_n512,,GHE,1.0,0.9219923047877169,0.06493619817874297,0.9869285029664598,raw
AR1_0.95_n512_r48,AR1_0.95_n512,,GPH,1.0,1.0013245077577562,0.0,1.0013245077577562,centered
AR1_0.95_n512_r48,AR1_0.95_n512,,Higuchi,1.0,0.9139815294196836,2.220446049250313e-16,0.9139815294196838,centered
AR1_0.95_n512_r48,AR1_0.95_n512,,GHE,1.0,0.9210836123304794,-1.1102230246251565e-16,0.9210836123304793,centered
AR1_0.95_n512_r49,AR1_0.95_n512,,GPH,1.0,1.069281037265302,0.0,1.069281037265302,raw
AR1_0.95_n512_r49,AR1_0.95_n512,,Higuchi,1.0,0.8779966465269828,0.057349669248947244,0.9353463157759301,raw
AR1_0.95_n512_r49,AR1_0.95_n512,,GHE,1.0,0.8969861593069169,0.0470159666384139,0.9440021259453308,raw
AR1_0.95_n512_r49,AR1_0.95_n512,,GPH,1.0,1.069281037265302,0.0,1.069281037265302,centered
AR1_0.95_n512_r49,AR1_0.95_n512,,Higuchi,1.0,0.8439434015273988,0.0,0.8439434015273988,centered
AR1_0.95_n512_r49,AR1_0.95_n512,,GHE,1.0,0.8693490534695093,1.1102230246251565e-16,0.8693490534695094,centered
AR1_0.95_n512_r5,AR1_0.95_n512,,GPH,1.0,1.0535751248961303,2.220446049250313e-16,1.0535751248961305,raw
AR1_0.95_n512_r5,AR1_0.95_n512,,Higuchi,1.0,0.8601576876972896,0.12396936180128093,0.9841270494985705,raw
AR1_0.95_n512_r5,AR1_0.95_n512,,GHE,1.0,0.8769521955328922,0.10661101251404115,0.9835632080469333,raw
AR1_0.95_n512_r5,AR1_0.95_n512,,GPH,1.0,1.0535751248961305,-2.220446049250313e-16,1.0535751248961303,centered
AR1_0.95_n512_r5,AR1_0.95_n512,,Higuchi,1.0,0.86324853107304,-2.220446049250313e-16,0.8632485310730398,centered
AR1_0.95_n512_r5,AR1_0.95_n512,,GHE,1.0,0.8797929322199478,0.0,0.8797929322199478,centered
AR1_0.95_n512_r50,AR1_0.95_n512,,GPH,1.0,1.1178096944882312,0.0,1.1178096944882312,raw
AR1_0.95_n512_r50,AR1_0.95_n512,,Higuchi,1.0,0.9135187553132751,0.039360703144059705,0.9528794584573348,raw
AR1_0.95_n512_r50,AR1_0.95_n512,,GHE,1.0,0.927750037912901,0.03322223821824144,0.9609722761311424,raw
AR1_0.95_n512_r50,AR1_0.95_n512,,GPH,1.0,1.1178096944882312,0.0,1.1178096944882312,centered
AR1_0.95_n512_r50,AR1_0.95_n512,,Higuchi,1.0,0.9226246679628456,0.0,0.9226246679628456,centered
AR1_0.95_n512_r50,AR1_0.95_n512,,GHE,1.0,0.9341882019269574,0.0,0.9341882019269574,centered
AR1_0.95_n512_r51,AR1_0.95_n512,,GPH,1.0,1.200198193734204,0.0,1.200198193734204,raw
AR1_0.95_n512_r51,AR1_0.95_n512,,Higuchi,1.0,0.9305020833935924,0.06885858189914495,0.9993606652927374,raw
AR1_0.95_n512_r51,AR1_0.95_n512,,GHE,1.0,0.9433979681416014,0.05473763556193867,0.99813560370354,raw
AR1_0.95_n512_r51,AR1_0.95_n512,,GPH,1.0,1.200198193734204,0.0,1.200198193734204,centered
AR1_0.95_n512_r51,AR1_0.95_n512,,Higuchi,1.0,0.9078017318778548,0.0,0.9078017318778548,centered
AR1_0.95_n512_r51,AR1_0.95_n512,,GHE,1.0,0.9225423368448153,1.1102230246251565e-16,0.9225423368448155,centered
AR1_0.95_n512_r52,AR1_0.95_n512,,GPH,1.0,1.2350576342605848,0.0,1.2350576342605848,raw
AR1_0.95_n512_r52,AR1_0.95_n512,,Higuchi,1.0,0.9214207294310168,0.07298255332006831,0.9944032827510851,raw
AR1_0.95_n512_r52,AR1_0.95_n512,,GHE,1.0,0.9347271758826962,0.0598253547261236,0.9945525306088198,raw
AR1_0.95_n512_r52,AR1_0.95_n512,,GPH,1.0,1.2350576342605848,0.0,1.2350576342605848,centered
AR1_0.95_n512_r52,AR1_0.95_n512,,Higuchi,1.0,0.908451052458837,2.220446049250313e-16,0.9084510524588372,centered
AR1_0.95_n512_r52,AR1_0.95_n512,,GHE,1.0,0.9225699437472593,-1.1102230246251565e-16,0.9225699437472592,centered
AR1_0.95_n512_r53,AR1_0.95_n512,,GPH,1.0,1.1728522969219837,0.0,1.1728522969219837,raw
AR1_0.95_n512_r53,AR1_0.95_n512,,Higuchi,1.0,0.9147019864771102,0.06732219747498647,0.9820241839520967,raw
AR1_0.95_n512_r53,AR1_0.95_n512,,GHE,1.0,0.925337440511976,0.05824863409915093,0.9835860746111269,raw
AR1_0.95_n512_r53,AR1_0.95_n512,,GPH,1.0,1.1728522969219837,0.0,1.1728522969219837,centered
AR1_0.95_n512_r53,AR1_0.95_n512,,Higuchi,1.0,0.9149967378780401,2.220446049250313e-16,0.9149967378780404,centered
AR1_0.95_n512_r53,AR1_0.95_n512,,GHE,1.0,0.9255549371507127,2.220446049250313e-16,0.9255549371507129,centered
AR1_0.95_n512_r54,AR1_0.95_n512,,GPH,1.0,1.2961158386317138,0.0,1.2961158386317138,raw
AR1_0.95_n512_r54,AR1_0.95_n512,,Higuchi,1.0,0.9475985132495954,-0.032926790326949895,0.9146717229226455,raw
AR1_0.95_n512_r54,AR1_0.95_n512,,GHE,1.0,0.9533395582951425,-0.029678490482128672,0.9236610678130138,raw
AR1_0.95_n512_r54,AR1_0.95_n512,,GPH,1.0,1.2961158386317138,0.0,1.2961158386317138,centered
AR1_0.95_n512_r54,AR1_0.95_n512,,Higuchi,1.0,0.8893182128920614,0.0,0.8893182128920614,centered
AR1_0.95_n512_r54,AR1_0.95_n512,,GHE,1.0,0.9039503723729088,1.1102230246251565e-16,0.9039503723729089,centered
AR1_0.95_n512_r55,AR1_0.95_n512,,GPH,1.0,1.0267811862834302,0.0,1.0267811862834302,raw
AR1_0.95_n512_r55,AR1_0.95_n512,,Higuchi,1.0,0.8915272108698675,0.076770625124303,0.9682978359941705,raw
AR1_0.95_n512_r55,AR1_0.95_n512,,GHE,1.0,0.905766180729571,0.06473283334267299,0.970499014072244,raw
AR1_0.95_n512_r55,AR1_0.95_n512,,GPH,1.0,1.0267811862834302,0.0,1.0267811862834302,centered
AR1_0.95_n512_r55,AR1_0.95_n512,,Higuchi,1.0,0.891710062482953,2.220446049250313e-16,0.8917100624829533,centered
AR1_0.95_n512_r55,AR1_0.95_n512,,GHE,1.0,0.9059351216668787,2.220446049250313e-16,0.905935121666879,centered
AR1_0.95_n512_r56,AR1_0.95_n512,,GPH,1.0,1.150647440622799,0.0,1.150647440622799,raw
AR1_0.95_n512_r56,AR1_0.95_n512,,Higuchi,1.0,0.8989728007712237,0.07030577362667945,0.9692785743979031,raw
AR1_0.95_n512_r56,AR1_0.95_n512,,GHE,1.0,0.919477831422832,0.05264384790595278,0.9721216793287848,raw
AR1_0.95_n512_r56,AR1_0.95_n512,,GPH,1.0,1.150647440622799,-2.220446049250313e-16,1.1506474406227987,centered
AR1_0.95_n512_r56,AR1_0.95_n512,,Higuchi,1.0,0.9025813122052111,0.0,0.9025813122052111,centered
AR1_0.95_n512_r56,AR1_0.95_n512,,GHE,1.0,0.9221065154714402,-1.1102230246251565e-16,0.9221065154714401,centered
AR1_0.95_n512_r57,AR1_0.95_n512,,GPH,1.0,1.3740376639335083,0.0,1.3740376639335083,raw
AR1_0.95_n512_r57,AR1_0.95_n512,,Higuchi,1.0,0.9462475355659152,0.024546634206833673,0.9707941697727489,raw
AR1_0.95_n512_r57,AR1_0.95_n512,,GHE,1.0,0.9516268706507791,0.02207489648815919,0.9737017671389383,raw
AR1_0.95_n512_r57,AR1_0.95_n512,,GPH,1.0,1.3740376639335083,0.0,1.3740376639335083,centered
AR1_0.95_n512_r57,AR1_0.95_n512,,Higuchi,1.0,0.9357088516136156,0.0,0.9357088516136156,centered
AR1_0.95_n512_r57,AR1_0.95_n512,,GHE,1.0,0.942753656692099,0.0,0.942753656692099,centered
AR1_0.95_n512_r58,AR1_0.95_n512,,GPH,1.0,1.1549138555423535,0.0,1.1549138555423535,raw
AR1_0.95_n512_r58,AR1_0.95_n512,,Higuchi,1.0,0.9274678667767313,0.0175200568542484,0.9449879236309797,raw
AR1_0.95_n512_r58,AR1_0.95_n512,,GHE,1.0,0.9372485569110095,0.017812417949730763,0.9550609748607403,raw
AR1_0.95_n512_r58,AR1_0.95_n512,,GPH,1.0,1.1549138555423535,0.0,1.1549138555423535,centered
AR1_0.95_n512_r58,AR1_0.95_n512,,Higuchi,1.0,0.9178573509665113,0.0,0.9178573509665113,centered
AR1_0.95_n512_r58,AR1_0.95_n512,,GHE,1.0,0.9299977565394504,0.0,0.9299977565394504,centered
AR1_0.95_n512_r59,AR1_0.95_n512,,GPH,1.0,1.2668003860911845,0.0,1.2668003860911845,raw
AR1_0.95_n512_r59,AR1_0.95_n512,,Higuchi,1.0,0.9003426217142556,0.08835819307497395,0.9887008147892296,raw
AR1_0.95_n512_r59,AR1_0.95_n512,,GHE,1.0,0.9125726307739525,0.07644348674107704,0.9890161175150295,raw
AR1_0.95_n512_r59,AR1_0.95_n512,,GPH,1.0,1.2668003860911845,0.0,1.2668003860911845,centered
AR1_0.95_n512_r59,AR1_0.95_n512,,Higuchi,1.0,0.897053233568986,0.0,0.897053233568986,centered
AR1_0.95_n512_r59,AR1_0.95_n512,,GHE,1.0,0.9097560269239217,0.0,0.9097560269239217,centered
AR1_0.95_n512_r6,AR1_0.95_n512,,GPH,1.0,1.2859004265967435,0.0,1.2859004265967435,raw
AR1_0.95_n512_r6,AR1_0.95_n512,,Higuchi,1.0,0.9417743425848306,0.05328645069744309,0.9950607932822737,raw
AR1_0.95_n512_r6,AR1_0.95_n512,,GHE,1.0,0.9509450241323587,0.04309319052842697,0.9940382146607857,raw
AR1_0.95_n512_r6,AR1_0.95_n512,,GPH,1.0,1.2859004265967435,0.0,1.2859004265967435,centered
AR1_0.95_n512_r6,AR1_0.95_n512,,Higuchi,1.0,0.9404443708294907,2.220446049250313e-16,0.940444370829491,centered
AR1_0.95_n512_r6,AR1_0.95_n512,,GHE,1.0,0.9498507145787796,0.0,0.9498507145787796,centered
AR1_0.95_n512_r60,AR1_0.95_n512,,GPH,1.0,0.9104929613174398,0.0,0.9104929613174398,raw
AR1_0.95_n512_r60,AR1_0.95_n512,,Higuchi,1.0,0.8784604397717226,0.09322150105474059,0.9716819408264632,raw
AR1_0.95_n512_r60,AR1_0.95_n512,,GHE,1.0,0.8912766995562931,0.08236588772222453,0.9736425872785176,raw
AR1_0.95_n512_r60,AR1_0.95_n512,,GPH,1.0,0.9104929613174398,0.0,0.9104929613174398,centered
AR1_0.95_n512_r60,AR1_0.95_n512,,Higuchi,1.0,0.8776749455350326,0.0,0.8776749455350326,centered
AR1_0.95_n512_r60,AR1_0.95_n512,,GHE,1.0,0.8913048155543908,0.0,0.8913048155543908,centered
AR1_0.95_n512_r61,AR1_0.95_n512,,GPH,1.0,1.157164782840867,-2.220446049250313e-16,1.1571647828408669,raw
AR1_0.95_n512_r61,AR1_0.95_n512,,Higuchi,1.0,0.9395738621163683,0.03590457135929537,0.9754784334756637,raw
AR1_0.95_n512_r61,AR1_0.95_n512,,GHE,1.0,0.9504960463370975,0.027957989369464475,0.978454035706562,raw
AR1_0.95_n512_r61,AR1_0.95_n512,,GPH,1.0,1.1571647828408669,0.0,1.1571647828408669,centered
AR1_0.95_n512_r61,AR1_0.95_n512,,Higuchi,1.0,0.9393457373744893,0.0,0.9393457373744893,centered
AR1_0.95_n512_r61,AR1_0.95_n512,,GHE,1.0,0.9503426217084873,0.0,0.9503426217084873,centered
AR1_0.95_n512_r62,AR1_0.95_n512,,GPH,1.0,1.0772839670031928,2.220446049250313e-16,1.077283967003193,raw
AR1_0.95_n512_r62,AR1_0.95_n512,,Higuchi,1.0,0.8968666004576544,0.09055407618770972,0.9874206766453641,raw
AR1_0.95_n512_r62,AR1_0.95_n512,,GHE,1.0,0.9154695928096527,0.07257919701022397,0.9880487898198766,raw
AR1_0.95_n512_r62,AR1_0.95_n512,,GPH,1.0,1.0772839670031928,0.0,1.0772839670031928,centered
AR1_0.95_n512_r62,AR1_0.95_n512,,Higuchi,1.0,0.8745996751843657,0.0,0.8745996751843657,centered
AR1_0.95_n512_r62,AR1_0.95_n512,,GHE,1.0,0.8946249998501117,0.0,0.8946249998501117,centered
AR1_0.95_n512_r63,AR1_0.95_n512,,GPH,1.0,1.2042232297280866,2.220446049250313e-16,1.2042232297280868,raw
AR1_0.95_n512_r63,AR1_0.95_n512,,Higuchi,1.0,0.9611674165201005,0.0061518736436894095,0.9673192901637899,raw
AR1_0.95_n512_r63,AR1_0.95_n512,,GHE,1.0,0.964494925803263,0.006692971910204459,0.9711878977134675,raw
AR1_0.95_n512_r63,AR1_0.95_n512,,GPH,1.0,1.2042232297280868,0.0,1.2042232297280868,centered
AR1_0.95_n512_r63,AR1_0.95_n512,,Higuchi,1.0,0.9664467960853904,0.0,0.9664467960853904,centered
AR1_0.95_n512_r63,AR1_0.95_n512,,GHE,1.0,0.9690831124480216,1.1102230246251565e-16,0.9690831124480217,centered
AR1_0.95_n512_r7,AR1_0.95_n512,,GPH,1.0,1.1985515790199774,0.0,1.1985515790199774,raw
AR1_0.95_n512_r7,AR1_0.95_n512,,Higuchi,1.0,0.9097262353329101,0.05398291075022277,0.9637091460831329,raw
AR1_0.95_n512_r7,AR1_0.95_n512,,GHE,1.0,0.9170995317580957,0.048176532352664614,0.9652760641107603,raw
AR1_0.95_n512_r7,AR1_0.95_n512,,GPH,1.0,1.1985515790199774,0.0,1.1985515790199774,centered
AR1_0.95_n512_r7,AR1_0.95_n512,,Higuchi,1.0,0.9073859251972158,0.0,0.9073859251972158,centered
AR1_0.95_n512_r7,AR1_0.95_n512,,GHE,1.0,0.9154427405587948,1.1102230246251565e-16,0.9154427405587949,centered
AR1_0.95_n512_r8,AR1_0.95_n512,,GPH,1.0,1.2910279945303578,0.0,1.2910279945303578,raw
AR1_0.95_n512_r8,AR1_0.95_n512,,Higuchi,1.0,0.9537929593321062,0.008116247184543068,0.9619092065166492,raw
AR1_0.95_n512_r8,AR1_0.95_n512,,GHE,1.0,0.957858422533435,0.009834740094632588,0.9676931626280676,raw
AR1_0.95_n512_r8,AR1_0.95_n512,,GPH,1.0,1.2910279945303578,0.0,1.2910279945303578,centered
AR1_0.95_n512_r8,AR1_0.95_n512,,Higuchi,1.0,0.9528352671518474,0.0,0.9528352671518474,centered
AR1_0.95_n512_r8,AR1_0.95_n512,,GHE,1.0,0.9573390268717638,0.0,0.9573390268717638,centered
AR1_0.95_n512_r9,AR1_0.95_n512,,GPH,1.0,1.0679027098096048,0.0,1.0679027098096048,raw
AR1_0.95_n512_r9,AR1_0.95_n512,,Higuchi,1.0,0.9163999002865295,0.0369453589332287,0.9533452592197582,raw
AR1_0.95_n512_r9,AR1_0.95_n512,,GHE,1.0,0.9278887610467382,0.0316213736776525,0.9595101347243907,raw
AR1_0.95_n512_r9,AR1_0.95_n512,,GPH,1.0,1.0679027098096048,0.0,1.0679027098096048,centered
AR1_0.95_n512_r9,AR1_0.95_n512,,Higuchi,1.0,0.910828279787351,0.0,0.910828279787351,centered
AR1_0.95_n512_r9,AR1_0.95_n512,,GHE,1.0,0.9228149717946749,0.0,0.9228149717946749,centered
ARFIMA_0.25_n1024_r0,ARFIMA_0.25_n1024,,GPH,1.0,0.9073594074322944,1.1102230246251565e-16,0.9073594074322945,raw
ARFIMA_0.25_n1024_r0,ARFIMA_0.25_n1024,,Higuchi,1.0,0.7414664352067502,0.23857929585983406,0.9800457310665842,raw
ARFIMA_0.25_n1024_r0,ARFIMA_0.25_n1024,,GHE,1.0,0.7335461933573063,0.2407906968628769,0.9743368902201832,raw
ARFIMA_0.25_n1024_r0,ARFIMA_0.25_n1024,,GPH,1.0,0.9073594074322944,1.1102230246251565e-16,0.9073594074322945,centered
ARFIMA_0.25_n1024_r0,ARFIMA_0.25_n1024,,Higuchi,1.0,0.7063645308624309,0.0,0.7063645308624309,centered
ARFIMA_0.25_n1024_r0,ARFIMA_0.25_n1024,,GHE,1.0,0.7013545818399703,2.220446049250313e-16,0.7013545818399706,centered
ARFIMA_0.25_n1024_r1,ARFIMA_0.25_n1024,,GPH,1.0,0.9030561186001121,0.0,0.9030561186001121,raw
ARFIMA_0.25_n1024_r1,ARFIMA_0.25_n1024,,Higuchi,1.0,0.7205349065418452,0.22076841320104212,0.9413033197428873,raw
ARFIMA_0.25_n1024_r1,ARFIMA_0.25_n1024,,GHE,1.0,0.7180109550570439,0.2154022516286228,0.9334132066856667,raw
ARFIMA_0.25_n1024_r1,ARFIMA_0.25_n1024,,GPH,1.0,0.9030561186001121,0.0,0.9030561186001121,centered
ARFIMA_0.25_n1024_r1,ARFIMA_0.25_n1024,,Higuchi,1.0,0.7118306110911978,-2.220446049250313e-16,0.7118306110911976,centered
ARFIMA_0.25_n1024_r1,ARFIMA_0.25_n1024,,GHE,1.0,0.710185271336915,2.220446049250313e-16,0.7101852713369152,centered
ARFIMA_0.25_n1024_r10,ARFIMA_0.25_n1024,,GPH,1.0,0.5661695755463488,0.0,0.5661695755463488,raw
ARFIMA_0.25_n1024_r10,ARFIMA_0.25_n1024,,Higuchi,1.0,0.7790043200152255,0.20401728450371648,0.9830216045189419,raw
ARFIMA_0.25_n1024_r10,ARFIMA_0.25_n1024,,GHE,1.0,0.771188947174503,0.20697056013483883,0.9781595073093419,raw
ARFIMA_0.25_n1024_r10,ARFIMA_0.25_n1024,,GPH,1.0,0.5661695755463488,0.0,0.5661695755463488,centered
ARFIMA_0.25_n1024_r10,ARFIMA_0.25_n1024,,Higuchi,1.0,0.7353840486513059,0.0,0.7353840486513059,centered
ARFIMA_0.25_n1024_r10,ARFIMA_0.25_n1024,,GHE,1.0,0.7304626452745944,0.0,0.7304626452745944,centered
ARFIMA_0.25_n1024_r11,ARFIMA_0.25_n1024,,GPH,1.0,0.8052674128506203,0.0,0.8052674128506203,raw
ARFIMA_0.25_n1024_r11,ARFIMA_0.25_n1024,,Higuchi,1.0,0.8348485258548177,0.04764202372011028,0.882490549574928,raw
ARFIMA_0.25_n1024_r11,ARFIMA_0.25_n1024,,GHE,1.0,0.8216233097811189,0.05013338760592889,0.8717566973870478,raw
ARFIMA_0.25_n1024_r11,ARFIMA_0.25_n1024,,GPH,1.0,0.8052674128506203,0.0,0.8052674128506203,centered
ARFIMA_0.25_n1024_r11,ARFIMA_0.25_n1024,,Higuchi,1.0,0.7434052961785487,0.0,0.7434052961785487,centered
ARFIMA_0.25_n1024_r11,ARFIMA_0.25_n1024,,GHE,1.0,0.7387163017506784,0.0,0.7387163017506784,centered
ARFIMA_0.25_n1024_r12,ARFIMA_0.25_n1024,,GPH,1.0,0.6244875204922161,0.0,0.6244875204922161,raw
ARFIMA_0.25_n1024_r12,ARFIMA_0.25_n1024,,Higuchi,1.0,0.7576341479435167,0.14710686272509266,0.9047410106686093,raw
ARFIMA_0.25_n1024_r12,ARFIMA_0.25_n1024,,GHE,1.0,0.7489064843806642,0.14445999773831952,0.8933664821189837,raw
ARFIMA_0.25_n1024_r12,ARFIMA_0.25_n1024,,GPH,1.0,0.6244875204922161,0.0,0.6244875204922161,centered
ARFIMA_0.25_n1024_r12,ARFIMA_0.25_n1024,,Higuchi,1.0,0.6471147905705075,0.0,0.6471147905705075,centered
ARFIMA_0.25_n1024_r12,ARFIMA_0.25_n1024,,GHE,1.0,0.653447590819305,0.0,0.653447590819305,centered
ARFIMA_0.25_n1024_r13,ARFIMA_0.25_n1024,,GPH,1.0,0.7494742372673302,0.0,0.7494742372673302,raw
ARFIMA_0.25_n1024_r13,ARFIMA_0.25_n1024,,Higuchi,1.0,0.7192710444149806,0.2653927434293246,0.9846637878443052,raw
ARFIMA_0.25_n1024_r13,ARFIMA_0.25_n1024,,GHE,1.0,0.7156135681198157,0.26371812421092045,0.9793316923307361,raw
ARFIMA_0.25_n1024_r13,ARFIMA_0.25_n1024,,GPH,1.0,0.7494742372673302,0.0,0.7494742372673302,centered
ARFIMA_0.25_n1024_r13,ARFIMA_0.25_n1024,,Higuchi,1.0,0.681127138547974,0.0,0.681127138547974,centered
ARFIMA_0.25_n1024_r13,ARFIMA_0.25_n1024,,GHE,1.0,0.6830742929545438,0.0,0.6830742929545438,centered
ARFIMA_0.25_n1024_r14,ARFIMA_0.25_n1024,,GPH,1.0,0.9090497964833626,-2.220446049250313e-16,0.9090497964833624,raw
ARFIMA_0.25_n1024_r14,ARFIMA_0.25_n1024,,Higuchi,1.0,0.7281294590998324,0.22969268814917054,0.9578221472490029,raw
ARFIMA_0.25_n1024_r14,ARFIMA_0.25_n1024,,GHE,1.0,0.7192746641998166,0.23124265578673853,0.9505173199865551,raw
ARFIMA_0.25_n1024_r14,ARFIMA_0.25_n1024,,GPH,1.0,0.9090497964833624,0.0,0.9090497964833624,centered
ARFIMA_0.25_n1024_r14,ARFIMA_0.25_n1024,,Higuchi,1.0,0.7265121966651804,-2.220446049250313e-16,0.7265121966651802,centered
ARFIMA_0.25_n1024_r14,ARFIMA_0.25_n1024,,GHE,1.0,0.7172936137115817,-1.1102230246251565e-16,0.7172936137115816,centered
ARFIMA_0.25_n1024_r15,ARFIMA_0.25_n1024,,GPH,1.0,0.960304011566005,0.0,0.960304011566005,raw
ARFIMA_0.25_n1024_r15,ARFIMA_0.25_n1024,,Higuchi,1.0,0.8729601632299431,-0.023152292834186072,0.849807870395757,raw
ARFIMA_0.25_n1024_r15,ARFIMA_0.25_n1024,,GHE,1.0,0.858091821066619,-0.01690267587795502,0.841189145188664,raw
ARFIMA_0.25_n1024_r15,ARFIMA_0.25_n1024,,GPH,1.0,0.960304011566005,1.1102230246251565e-16,0.9603040115660051,centered
ARFIMA_0.25_n1024_r15,ARFIMA_0.25_n1024,,Higuchi,1.0,0.7245220861243846,0.0,0.7245220861243846,centered
ARFIMA_0.25_n1024_r15,ARFIMA_0.25_n1024,,GHE,1.0,0.7223180099307158,0.0,0.7223180099307158,centered
ARFIMA_0.25_n1024_r16,ARFIMA_0.25_n1024,,GPH,1.0,0.5611785821645182,0.0,0.5611785821645182,raw
ARFIMA_0.25_n1024_r16,ARFIMA_0.25_n1024,,Higuchi,1.0,0.784625841032903,0.19918299580033172,0.9838088368332347,raw
ARFIMA_0.25_n1024_r16,ARFIMA_0.25_n1024,,GHE,1.0,0.775924358885136,0.20296816982989552,0.9788925287150315,raw
ARFIMA_0.25_n1024_r16,ARFIMA_0.25_n1024,,GPH,1.0,0.5611785821645182,0.0,0.5611785821645182,centered
ARFIMA_0.25_n1024_r16,ARFIMA_0.25_n1024,,Higuchi,1.0,0.7304093051909164,0.0,0.7304093051909164,centered
ARFIMA_0.25_n1024_r16,ARFIMA_0.25_n1024,,GHE,1.0,0.7289895646441913,-1.1102230246251565e-16,0.7289895646441912,centered
ARFIMA_0.25_n1024_r17,ARFIMA_0.25_n1024,,GPH,1.0,0.8193410801312357,0.0,0.8193410801312357,raw
ARFIMA_0.25_n1024_r17,ARFIMA_0.25_n1024,,Higuchi,1.0,0.7729482466387476,0.17744454582416536,0.950392792462913,raw
ARFIMA_0.25_n1024_r17,ARFIMA_0.25_n1024,,GHE,1.0,0.7666144457127056,0.180576559883312,0.9471910055960177,raw
ARFIMA_0.25_n1024_r17,ARFIMA_0.25_n1024,,GPH,1.0,0.8193410801312357,0.0,0.8193410801312357,centered
ARFIMA_0.25_n1024_r17,ARFIMA_0.25_n1024,,Higuchi,1.0,0.774036625718789,0.0,0.774036625718789,centered
ARFIMA_0.25_n1024_r17,ARFIMA_0.25_n1024,,GHE,1.0,0.7673958340222968,1.1102230246251565e-16,0.7673958340222969,centered
ARFIMA_0.25_n1024_r18,ARFIMA_0.25_n1024,,GPH,1.0,0.7030673145276376,0.0,0.7030673145276376,raw
ARFIMA_0.25_n1024_r18,ARFIMA_0.25_n1024,,Higuchi,1.0,0.7713636112510398,0.152545830485469,0.9239094417365088,raw
ARFIMA_0.25_n1024_r18,ARFIMA_0.25_n1024,,GHE,1.0,0.7648089850329971,0.1480261925659747,0.9128351775989718,raw
ARFIMA_0.25_n1024_r18,ARFIMA_0.25_n1024,,GPH,1.0,0.7030673145276376,0.0,0.7030673145276376,centered
ARFIMA_0.25_n1024_r18,ARFIMA_0.25_n1024,,Higuchi,1.0,0.7272722304389185,0.0,0.7272722304389185,centered
ARFIMA_0.25_n1024_r18,ARFIMA_0.25_n1024,,GHE,1.0,0.7253152185878482,2.220446049250313e-16,0.7253152185878484,centered
ARFIMA_0.25_n1024_r19,ARFIMA_0.25_n1024,,GPH,1.0,0.9101264173768163,0.0,0.9101264173768163,raw
ARFIMA_0.25_n1024_r19,ARFIMA_0.25_n1024,,Higuchi,1.0,0.7903001456595335,0.13622294006428293,0.9265230857238165,raw
ARFIMA_0.25_n1024_r19,ARFIMA_0.25_n1024,,GHE,1.0,0.7784889683512581,0.13956527591651213,0.9180542442677703,raw
ARFIMA_0.25_n1024_r19,ARFIMA_0.25_n1024,,GPH,1.0,0.9101264173768163,1.1102230246251565e-16,0.9101264173768164,centered
ARFIMA_0.25_n1024_r19,ARFIMA_0.25_n1024,,Higuchi,1.0,0.7613767697832325,0.0,0.7613767697832325,centered
ARFIMA_0.25_n1024_r19,ARFIMA_0.25_n1024,,GHE,1.0,0.7538089977789569,-2.220446049250313e-16,0.7538089977789567,centered
ARFIMA_0.25_n1024_r2,ARFIMA_0.25_n1024,,GPH,1.0,0.6301670297032377,1.1102230246251565e-16,0.6301670297032378,raw
ARFIMA_0.25_n1024_r2,ARFIMA_0.25_n1024,,Higuchi,1.0,0.7723303175365217,0.20601966786832282,0.9783499854048445,raw
ARFIMA_0.25_n1024_r2,ARFIMA_0.25_n1024,,GHE,1.0,0.7655778911761398,0.20726564422495475,0.9728435354010946,raw
ARFIMA_0.25_n1024_r2,ARFIMA_0.25_n1024,,GPH,1.0,0.6301670297032377,0.0,0.6301670297032377,centered
ARFIMA_0.25_n1024_r2,ARFIMA_0.25_n1024,,Higuchi,1.0,0.7428462216202572,-4.440892098500626e-16,0.7428462216202567,centered
ARFIMA_0.25_n1024_r2,ARFIMA_0.25_n1024,,GHE,1.0,0.7390672030183024,-1.1102230246251565e-16,0.7390672030183023,centered
ARFIMA_0.25_n1024_r20,ARFIMA_0.25_n1024,,GPH,1.0,0.8661055278414169,0.0,0.8661055278414169,raw
ARFIMA_0.25_n1024_r20,ARFIMA_0.25_n1024,,Higuchi,1.0,0.7668738319487385,0.2141568826357212,0.9810307145844597,raw
ARFIMA_0.25_n1024_r20,ARFIMA_0.25_n1024,,GHE,1.0,0.7565980082447896,0.21854672191779323,0.9751447301625829,raw
ARFIMA_0.25_n1024_r20,ARFIMA_0.25_n1024,,GPH,1.0,0.8661055278414169,0.0,0.8661055278414169,centered
ARFIMA_0.25_n1024_r20,ARFIMA_0.25_n1024,,Higuchi,1.0,0.7440368872902607,-2.220446049250313e-16,0.7440368872902605,centered
ARFIMA_0.25_n1024_r20,ARFIMA_0.25_n1024,,GHE,1.0,0.735688405828964,0.0,0.735688405828964,centered
ARFIMA_0.25_n1024_r21,ARFIMA_0.25_n1024,,GPH,1.0,0.9544923229021394,0.0,0.9544923229021394,raw
ARFIMA_0.25_n1024_r21,ARFIMA_0.25_n1024,,Higuchi,1.0,0.7396525396483216,0.21580834892584266,0.9554608885741642,raw
ARFIMA_0.25_n1024_r21,ARFIMA_0.25_n1024,,GHE,1.0,0.740796420346736,0.21039157963272825,0.9511879999794642,raw
ARFIMA_0.25_n1024_r21,ARFIMA_0.25_n1024,,GPH,1.0,0.9544923229021394,0.0,0.9544923229021394,centered
ARFIMA_0.25_n1024_r21,ARFIMA_0.25_n1024,,Higuchi,1.0,0.7398058307049658,0.0,0.7398058307049658,centered
ARFIMA_0.25_n1024_r21,ARFIMA_0.25_n1024,,GHE,1.0,0.7409565288977241,0.0,0.7409565288977241,centered
ARFIMA_0.25_n1024_r22,ARFIMA_0.25_n1024,,GPH,1.0,0.6998234289156413,-1.1102230246251565e-16,0.6998234289156412,raw
ARFIMA_0.25_n1024_r22,ARFIMA_0.25_n1024,,Higuchi,1.0,0.7656380741532245,0.2116240067662647,0.9772620809194892,raw
ARFIMA_0.25_n1024_r22,ARFIMA_0.25_n1024,,GHE,1.0,0.7651894617052291,0.20773914994130327,0.9729286116465323,raw
ARFIMA_0.25_n1024_r22,ARFIMA_0.25_n1024,,GPH,1.0,0.6998234289156413,-1.1102230246251565e-16,0.6998234289156412,centered
ARFIMA_0.25_n1024_r22,ARFIMA_0.25_n1024,,Higuchi,1.0,0.7174076652816703,0.0,0.7174076652816703,centered
ARFIMA_0.25_n1024_r22,ARFIMA_0.25_n1024,,GHE,1.0,0.7213840314103577,2.220446049250313e-16,0.7213840314103579,centered
ARFIMA_0.25_n1024_r23,ARFIMA_0.25_n1024,,GPH,1.0,0.7011078858597412,1.1102230246251565e-16,0.7011078858597413,raw
ARFIMA_0.25_n1024_r23,ARFIMA_0.25_n1024,,Higuchi,1.0,0.7427848682476745,0.19931484646141095,0.9420997147090855,raw
ARFIMA_0.25_n1024_r23,ARFIMA_0.25_n1024,,GHE,1.0,0.7446999639482648,0.1885343505598993,0.9332343145081641,raw
ARFIMA_0.25_n1024_r23,ARFIMA_0.25_n1024,,GPH,1.0,0.7011078858597412,0.0,0.7011078858597412,centered
ARFIMA_0.25_n1024_r23,ARFIMA_0.25_n1024,,Higuchi,1.0,0.7171379926627706,0.0,0.7171379926627706,centered
ARFIMA_0.25_n1024_r23,ARFIMA_0.25_n1024,,GHE,1.0,0.7239196373278758,0.0,0.7239196373278758,centered
ARFIMA_0.25_n1024_r24,ARFIMA_0.25_n1024,,GPH,1.0,0.671866054527609,-1.1102230246251565e-16,0.6718660545276088,raw
ARFIMA_0.25_n1024_r24,ARFIMA_0.25_n1024,,Higuchi,1.0,0.7324998754501482,0.202593360010497,0.9350932354606452,raw
ARFIMA_0.25_n1024_r24,ARFIMA_0.25_n1024,,GHE,1.0,0.7333577468849349,0.1903803924887213,0.9237381393736562,raw
ARFIMA_0.25_n1024_r24,ARFIMA_0.25_n1024,,GPH,1.0,0.671866054527609,-1.1102230246251565e-16,0.6718660545276088,centered
ARFIMA_0.25_n1024_r24,ARFIMA_0.25_n1024,,Higuchi,1.0,0.7185204289043905,0.0,0.7185204289043905,centered
ARFIMA_0.25_n1024_r24,ARFIMA_0.25_n1024,,GHE,1.0,0.7177839031275675,0.0,0.7177839031275675,centered
ARFIMA_0.25_n1024_r25,ARFIMA_0.25_n1024,,GPH,1.0,0.7100774885777724,0.0,0.7100774885777724,raw
ARFIMA_0.25_n1024_r25,ARFIMA_0.25_n1024,,Higuchi,1.0,0.7691942996282413,0.21398850692657145,0.9831828065548127,raw
ARFIMA_0.25_n1024_r25,ARFIMA_0.25_n1024,,GHE,1.0,0.7634538554556498,0.21588456779509568,0.9793384232507455,raw
ARFIMA_0.25_n1024_r25,ARFIMA_0.25_n1024,,GPH,1.0,0.7100774885777724,0.0,0.7100774885777724,centered
ARFIMA_0.25_n1024_r25,ARFIMA_0.25_n1024,,Higuchi,1.0,0.6962227378939896,0.0,0.6962227378939896,centered
ARFIMA_0.25_n1024_r25,ARFIMA_0.25_n1024,,GHE,1.0,0.6979354042181946,0.0,0.6979354042181946,centered
ARFIMA_0.25_n1024_r26,ARFIMA_0.25_n1024,,GPH,1.0,0.7583080926508465,-2.220446049250313e-16,0.7583080926508463,raw
ARFIMA_0.25_n1024_r26,ARFIMA_0.25_n1024,,Higuchi,1.0,0.7023294280320485,0.2672563133379826,0.9695857413700311,raw
ARFIMA_0.25_n1024_r26,ARFIMA_0.25_n1024,,GHE,1.0,0.7044386101851043,0.2600366975161118,0.9644753077012161,raw
ARFIMA_0.25_n1024_r26,ARFIMA_0.25_n1024,,GPH,1.0,0.7583080926508465,-2.220446049250313e-16,0.7583080926508463,centered
ARFIMA_0.25_n1024_r26,ARFIMA_0.25_n1024,,Higuchi,1.0,0.6747850114433964,0.0,0.6747850114433964,centered
ARFIMA_0.25_n1024_r26,ARFIMA_0.25_n1024,,GHE,1.0,0.6814082297401265,0.0,0.6814082297401265,centered
ARFIMA_0.25_n1024_r27,ARFIMA_0.25_n1024,,GPH,1.0,0.5588308990318949,1.1102230246251565e-16,0.558830899031895,raw
ARFIMA_0.25_n1024_r27,ARFIMA_0.25_n1024,,Higuchi,1.0,0.7113561231828134,0.2524561686174096,0.963812291800223,raw
ARFIMA_0.25_n1024_r27,ARFIMA_0.25_n1024,,GHE,1.0,0.7102798823418021,0.24516549958202338,0.9554453819238254,raw
ARFIMA_0.25_n1024_r27,ARFIMA_0.25_n1024,,GPH,1.0,0.5588308990318949,1.1102230246251565e-16,0.558830899031895,centered
ARFIMA_0.25_n1024_r27,ARFIMA_0.25_n1024,,Higuchi,1.0,0.7077540851368773,0.0,0.7077540851368773,centered
ARFIMA_0.25_n1024_r27,ARFIMA_0.25_n1024,,GHE,1.0,0.7076796797342447,0.0,0.7076796797342447,centered
ARFIMA_0.25_n1024_r28,ARFIMA_0.25_n1024,,GPH,1.0,0.7379178870019634,0.0,0.7379178870019634,raw
ARFIMA_0.25_n1024_r28,ARFIMA_0.25_n1024,,Higuchi,1.0,0.6782201469779432,0.28402101267776936,0.9622411596557126,raw
ARFIMA_0.25_n1024_r28,ARFIMA_0.25_n1024,,GHE,1.0,0.6863686424890565,0.2666907946981686,0.9530594371872251,raw
ARFIMA_0.25_n1024_r28,ARFIMA_0.25_n1024,,GPH,1.0,0.7379178870019634,-1.1102230246251565e-16,0.7379178870019633,centered
ARFIMA_0.25_n1024_r28,ARFIMA_0.25_n1024,,Higuchi,1.0,0.6748466099115815,2.220446049250313e-16,0.6748466099115817,centered
ARFIMA_0.25_n1024_r28,ARFIMA_0.25_n1024,,GHE,1.0,0.6836234481551016,-1.1102230246251565e-16,0.6836234481551015,centered
ARFIMA_0.25_n1024_r29,ARFIMA_0.25_n1024,,GPH,1.0,0.8170669040652014,-1.1102230246251565e-16,0.8170669040652013,raw
ARFIMA_0.25_n1024_r29,ARFIMA_0.25_n1024,,Higuchi,1.0,0.808648898847167,0.17628550716608915,0.9849344060132561,raw
ARFIMA_0.25_n1024_r29,ARFIMA_0.25_n1024,,GHE,1.0,0.789184185393872,0.19211521166543533,0.9812993970593074,raw
ARFIMA_0.25_n1024_r29,ARFIMA_0.25_n1024,,GPH,1.0,0.8170669040652013,0.0,0.8170669040652013,centered
ARFIMA_0.25_n1024_r29,ARFIMA_0.25_n1024,,Higuchi,1.0,0.6598074171366128,0.0,0.6598074171366128,centered
ARFIMA_0.25_n1024_r29,ARFIMA_0.25_n1024,,GHE,1.0,0.6603762367863518,-1.1102230246251565e-16,0.6603762367863517,centered
ARFIMA_0.25_n1024_r3,ARFIMA_0.25_n1024,,GPH,1.0,0.564299953596452,-1.1102230246251565e-16,0.5642999535964519,raw
ARFIMA_0.25_n1024_r3,ARFIMA_0.25_n1024,,Higuchi,1.0,0.7265481554664441,0.2508784145699505,0.9774265700363947,raw
ARFIMA_0.25_n1024_r3,ARFIMA_0.25_n1024,,GHE,1.0,0.7195069861234107,0.2540846186470769,0.9735916047704876,raw
ARFIMA_0.25_n1024_r3,ARFIMA_0.25_n1024,,GPH,1.0,0.564299953596452,-1.1102230246251565e-16,0.5642999535964519,centered
ARFIMA_0.25_n1024_r3,ARFIMA_0.25_n1024,,Higuchi,1.0,0.6966621722252573,0.0,0.6966621722252573,centered
ARFIMA_0.25_n1024_r3,ARFIMA_0.25_n1024,,GHE,1.0,0.6947535624477411,-2.220446049250313e-16,0.6947535624477409,centered
ARFIMA_0.25_n1024_r30,ARFIMA_0.25_n1024,,GPH,1.0,0.8270830674306104,0.0,0.8270830674306104,raw
ARFIMA_0.25_n1024_r30,ARFIMA_0.25_n1024,,Higuchi,1.0,0.741445716380486,0.21257270287356977,0.9540184192540557,raw
ARFIMA_0.25_n1024_r30,ARFIMA_0.25_n1024,,GHE,1.0,0.7361200487054643,0.2091796855220669,0.9452997342275312,raw
ARFIMA_0.25_n1024_r30,ARFIMA_0.25_n1024,,GPH,1.0,0.8270830674306104,0.0,0.8270830674306104,centered
ARFIMA_0.25_n1024_r30,ARFIMA_0.25_n1024,,Higuchi,1.0,0.7404503613045612,0.0,0.7404503613045612,centered
ARFIMA_0.25_n1024_r30,ARFIMA_0.25_n1024,,GHE,1.0,0.7335413489814725,0.0,0.7335413489814725,centered
ARFIMA_0.25_n1024_r31,ARFIMA_0.25_n1024,,GPH,1.0,0.8542809188130476,0.0,0.8542809188130476,raw
ARFIMA_0.25_n1024_r31,ARFIMA_0.25_n1024,,Higuchi,1.0,0.823885142004305,0.06383419507144206,0.887719337075747,raw
ARFIMA_0.25_n1024_r31,ARFIMA_0.25_n1024,,GHE,1.0,0.8151671432767487,0.060763113000092406,0.8759302562768411,raw
ARFIMA_0.25_n1024_r31,ARFIMA_0.25_n1024,,GPH,1.0,0.8542809188130476,0.0,0.8542809188130476,centered
ARFIMA_0.25_n1024_r31,ARFIMA_0.25_n1024,,Higuchi,1.0,0.7043852925000826,0.0,0.7043852925000826,centered
ARFIMA_0.25_n1024_r31,ARFIMA_0.25_n1024,,GHE,1.0,0.7038806959646515,-2.220446049250313e-16,0.7038806959646513,centered
ARFIMA_0.25_n1024_r32,ARFIMA_0.25_n1024,,GPH,1.0,0.577353365337899,0.0,0.577353365337899,raw
ARFIMA_0.25_n1024_r32,ARFIMA_0.25_n1024,,Higuchi,1.0,0.6667825783962698,0.31644327648523407,0.9832258548815038,raw
ARFIMA_0.25_n1024_r32,ARFIMA_0.25_n1024,,GHE,1.0,0.6709547456905565,0.3079372164732087,0.9788919621637652,raw
ARFIMA_0.25_n1024_r32,ARFIMA_0.25_n1024,,GPH,1.0,0.577353365337899,0.0,0.577353365337899,centered
ARFIMA_0.25_n1024_r32,ARFIMA_0.25_n1024,,Higuchi,1.0,0.610504775563198,0.0,0.610504775563198,centered
ARFIMA_0.25_n1024_r32,ARFIMA_0.25_n1024,,GHE,1.0,0.6207845696589265,0.0,0.6207845696589265,centered
ARFIMA_0.25_n1024_r33,ARFIMA_0.25_n1024,,GPH,1.0,0.7890095642024217,0.0,0.7890095642024217,raw
ARFIMA_0.25_n1024_r33,ARFIMA_0.25_n1024,,Higuchi,1.0,0.709722611676264,0.2632196109728042,0.9729422226490683,raw
ARFIMA_0.25_n1024_r33,ARFIMA_0.25_n1024,,GHE,1.0,0.7098647848278511,0.25721116899586194,0.967075953823713,raw
ARFIMA_0.25_n1024_r33,ARFIMA_0.25_n1024,,GPH,1.0,0.7890095642024217,0.0,0.7890095642024217,centered
ARFIMA_0.25_n1024_r33,ARFIMA_0.25_n1024,,Higuchi,1.0,0.7058605982507216,0.0,0.7058605982507216,centered
ARFIMA_0.25_n1024_r33,ARFIMA_0.25_n1024,,GHE,1.0,0.7035796239502999,1.1102230246251565e-16,0.7035796239503,centered
ARFIMA_0.25_n1024_r34,ARFIMA_0.25_n1024,,GPH,1.0,0.6984410082781725,0.0,0.6984410082781725,raw
ARFIMA_0.25_n1024_r34,ARFIMA_0.25_n1024,,Higuchi,1.0,0.7148212732629369,0.26425940598020015,0.979080679243137,raw
ARFIMA_0.25_n1024_r34,ARFIMA_0.25_n1024,,GHE,1.0,0.7230709597773203,0.24917655731837107,0.9722475170956913,raw
ARFIMA_0.25_n1024_r34,ARFIMA_0.25_n1024,,GPH,1.0,0.6984410082781725,0.0,0.6984410082781725,centered
ARFIMA_0.25_n1024_r34,ARFIMA_0.25_n1024,,Higuchi,1.0,0.7073276631335401,0.0,0.7073276631335401,centered
ARFIMA_0.25_n1024_r34,ARFIMA_0.25_n1024,,GHE,1.0,0.7184297601896457,0.0,0.7184297601896457,centered
ARFIMA_0.25_n1024_r35,ARFIMA_0.25_n1024,,GPH,1.0,0.8291440268212789,1.1102230246251565e-16,0.829144026821279,raw
ARFIMA_0.25_n1024_r35,ARFIMA_0.25_n1024,,Higuchi,1.0,0.7540549095513054,0.19597579802120402,0.9500307075725094,raw
ARFIMA_0.25_n1024_r35,ARFIMA_0.25_n1024,,GHE,1.0,0.7507076854616953,0.1924320375653752,0.9431397230270705,raw
ARFIMA_0.25_n1024_r35,ARFIMA_0.25_n1024,,GPH,1.0,0.8291440268212789,1.1102230246251565e-16,0.829144026821279,centered
ARFIMA_0.25_n1024_r35,ARFIMA_0.25_n1024,,Higuchi,1.0,0.7559133197079977,0.0,0.7559133197079977,centered
ARFIMA_0.25_n1024_r35,ARFIMA_0.25_n1024,,GHE,1.0,0.7521181420436518,-1.1102230246251565e-16,0.7521181420436517,centered
ARFIMA_0.25_n1024_r36,ARFIMA_0.25_n1024,,GPH,1.0,0.7532746403310044,0.0,0.7532746403310044,raw
ARFIMA_0.25_n1024_r36,ARFIMA_0.25_n1024,,Higuchi,1.0,0.8101659201987579,0.17842388377682328,0.9885898039755812,raw
ARFIMA_0.25_n1024_r36,ARFIMA_0.25_n1024,,GHE,1.0,0.8064073648226724,0.17899958458556797,0.9854069494082404,raw
ARFIMA_0.25_n1024_r36,ARFIMA_0.25_n1024,,GPH,1.0,0.7532746403310044,0.0,0.7532746403310044,centered
ARFIMA_0.25_n1024_r36,ARFIMA_0.25_n1024,,Higuchi,1.0,0.7110496175443455,0.0,0.7110496175443455,centered
ARFIMA_0.25_n1024_r36,ARFIMA_0.25_n1024,,GHE,1.0,0.7122734970905149,-2.220446049250313e-16,0.7122734970905147,centered
ARFIMA_0.25_n1024_r37,ARFIMA_0.25_n1024,,GPH,1.0,0.831560191468735,0.0,0.831560191468735,raw
ARFIMA_0.25_n1024_r37,ARFIMA_0.25_n1024,,Higuchi,1.0,0.7054074850962011,0.24785394717893783,0.9532614322751389,raw
ARFIMA_0.25_n1024_r37,ARFIMA_0.25_n1024,,GHE,1.0,0.6996892148904721,0.24519817207403238,0.9448873869645045,raw
ARFIMA_0.25_n1024_r37,ARFIMA_0.25_n1024,,GPH,1.0,0.831560191468735,0.0,0.831560191468735,centered
ARFIMA_0.25_n1024_r37,ARFIMA_0.25_n1024,,Higuchi,1.0,0.6964370917380756,0.0,0.6964370917380756,centered
ARFIMA_0.25_n1024_r37,ARFIMA_0.25_n1024,,GHE,1.0,0.6917460286249734,-2.220446049250313e-16,0.6917460286249731,centered
ARFIMA_0.25_n1024_r38,ARFIMA_0.25_n1024,,GPH,1.0,0.6981411424511208,0.0,0.6981411424511208,raw
ARFIMA_0.25_n1024_r38,ARFIMA_0.25_n1024,,Higuchi,1.0,0.7831277767038287,0.11622948036758585,0.8993572570714146,raw
ARFIMA_0.25_n1024_r38,ARFIMA_0.25_n1024,,GHE,1.0,0.7728839579604242,0.11582610762946399,0.8887100655898882,raw
ARFIMA_0.25_n1024_r38,ARFIMA_0.25_n1024,,GPH,1.0,0.6981411424511208,0.0,0.6981411424511208,centered
ARFIMA_0.25_n1024_r38,ARFIMA_0.25_n1024,,Higuchi,1.0,0.6679950293664265,0.0,0.6679950293664265,centered
ARFIMA_0.25_n1024_r38,ARFIMA_0.25_n1024,,GHE,1.0,0.6746183092068612,-1.1102230246251565e-16,0.674618309206861,centered
ARFIMA_0.25_n1024_r39,ARFIMA_0.25_n1024,,GPH,1.0,0.7446513701039875,0.0,0.7446513701039875,raw
ARFIMA_0.25_n1024_r39,ARFIMA_0.25_n1024,,Higuchi,1.0,0.7649232075452779,0.17771913437775066,0.9426423419230285,raw
ARFIMA_0.25_n1024_r39,ARFIMA_0.25_n1024,,GHE,1.0,0.7601464178119027,0.17307201745099343,0.9332184352628962,raw
ARFIMA_0.25_n1024_r39,ARFIMA_0.25_n1024,,GPH,1.0,0.7446513701039875,0.0,0.7446513701039875,centered
ARFIMA_0.25_n1024_r39,ARFIMA_0.25_n1024,,Higuchi,1.0,0.7609108752816927,0.0,0.7609108752816927,centered
ARFIMA_0.25_n1024_r39,ARFIMA_0.25_n1024,,GHE,1.0,0.7555567055815292,0.0,0.7555567055815292,centered
ARFIMA_0.25_n1024_r4,ARFIMA_0.25_n1024,,GPH,1.0,0.5298141307852827,1.1102230246251565e-16,0.5298141307852828,raw
ARFIMA_0.25_n1024_r4,ARFIMA_0.25_n1024,,Higuchi,1.0,0.7700552192850516,0.21307809769613573,0.9831333169811873,raw
ARFIMA_0.25_n1024_r4,ARFIMA_0.25_n1024,,GHE,1.0,0.771172577976829,0.20868870902003267,0.9798612869968617,raw
ARFIMA_0.25_n1024_r4,ARFIMA_0.25_n1024,,GPH,1.0,0.5298141307852827,0.0,0.5298141307852827,centered
ARFIMA_0.25_n1024_r4,ARFIMA_0.25_n1024,,Higuchi,1.0,0.721069543813663,0.0,0.721069543813663,centered
ARFIMA_0.25_n1024_r4,ARFIMA_0.25_n1024,,GHE,1.0,0.7216954447310345,1.1102230246251565e-16,0.7216954447310346,centered
ARFIMA_0.25_n1024_r40,ARFIMA_0.25_n1024,,GPH,1.0,0.9419677699692424,0.0,0.9419677699692424,raw
ARFIMA_0.25_n1024_r40,ARFIMA_0.25_n1024,,Higuchi,1.0,0.7500953455465098,0.22011404681248692,0.9702093923589967,raw
ARFIMA_0.25_n1024_r40,ARFIMA_0.25_n1024,,GHE,1.0,0.7471935815013266,0.21486675590692517,0.9620603374082518,raw
ARFIMA_0.25_n1024_r40,ARFIMA_0.25_n1024,,GPH,1.0,0.9419677699692424,-2.220446049250313e-16,0.9419677699692421,centered
ARFIMA_0.25_n1024_r40,ARFIMA_0.25_n1024,,Higuchi,1.0,0.7519112492177566,2.220446049250313e-16,0.7519112492177569,centered
ARFIMA_0.25_n1024_r40,ARFIMA_0.25_n1024,,GHE,1.0,0.7486808148577696,0.0,0.7486808148577696,centered
ARFIMA_0.25_n1024_r41,ARFIMA_0.25_n1024,,GPH,1.0,0.6893756492159446,0.0,0.6893756492159446,raw
ARFIMA_0.25_n1024_r41,ARFIMA_0.25_n1024,,Higuchi,1.0,0.685832967600779,0.25751159337712237,0.9433445609779014,raw
ARFIMA_0.25_n1024_r41,ARFIMA_0.25_n1024,,GHE,1.0,0.6931916852581684,0.24153633976046285,0.9347280250186313,raw
ARFIMA_0.25_n1024_r41,ARFIMA_0.25_n1024,,GPH,1.0,0.6893756492159446,0.0,0.6893756492159446,centered
ARFIMA_0.25_n1024_r41,ARFIMA_0.25_n1024,,Higuchi,1.0,0.6810531861786087,-2.220446049250313e-16,0.6810531861786084,centered
ARFIMA_0.25_n1024_r41,ARFIMA_0.25_n1024,,GHE,1.0,0.6891895774438349,-2.220446049250313e-16,0.6891895774438347,centered
ARFIMA_0.25_n1024_r42,ARFIMA_0.25_n1024,,GPH,1.0,0.8846532477764317,0.0,0.8846532477764317,raw
ARFIMA_0.25_n1024_r42,ARFIMA_0.25_n1024,,Higuchi,1.0,0.7501138720269558,0.22819756498403443,0.9783114370109902,raw
ARFIMA_0.25_n1024_r42,ARFIMA_0.25_n1024,,GHE,1.0,0.7453336643213095,0.22728286312757262,0.9726165274488822,raw
ARFIMA_0.25_n1024_r42,ARFIMA_0.25_n1024,,GPH,1.0,0.8846532477764317,0.0,0.8846532477764317,centered
ARFIMA_0.25_n1024_r42,ARFIMA_0.25_n1024,,Higuchi,1.0,0.7230313940790065,2.220446049250313e-16,0.7230313940790067,centered
ARFIMA_0.25_n1024_r42,ARFIMA_0.25_n1024,,GHE,1.0,0.7207604200393006,-1.1102230246251565e-16,0.7207604200393005,centered
ARFIMA_0.25_n1024_r43,ARFIMA_0.25_n1024,,GPH,1.0,0.7116727473116681,0.0,0.7116727473116681,raw
ARFIMA_0.25_n1024_r43,ARFIMA_0.25_n1024,,Higuchi,1.0,0.7411144269544678,0.184135984340132,0.9252504112945998,raw
ARFIMA_0.25_n1024_r43,ARFIMA_0.25_n1024,,GHE,1.0,0.734709533838518,0.1775565856621879,0.9122661195007059,raw
ARFIMA_0.25_n1024_r43,ARFIMA_0.25_n1024,,GPH,1.0,0.7116727473116682,0.0,0.7116727473116682,centered
ARFIMA_0.25_n1024_r43,ARFIMA_0.25_n1024,,Higuchi,1.0,0.6504912637365692,0.0,0.6504912637365692,centered
ARFIMA_0.25_n1024_r43,ARFIMA_0.25_n1024,,GHE,1.0,0.6479138106718314,1.1102230246251565e-16,0.6479138106718315,centered
ARFIMA_0.25_n1024_r44,ARFIMA_0.25_n1024,,GPH,1.0,0.6345594324335525,1.1102230246251565e-16,0.6345594324335526,raw
ARFIMA_0.25_n1024_r44,ARFIMA_0.25_n1024,,Higuchi,1.0,0.6651909864367958,0.31434219362773597,0.9795331800645317,raw
ARFIMA_0.25_n1024_r44,ARFIMA_0.25_n1024,,GHE,1.0,0.6682504776429338,0.30411155242963983,0.9723620300725736,raw
ARFIMA_0.25_n1024_r44,ARFIMA_0.25_n1024,,GPH,1.0,0.6345594324335525,0.0,0.6345594324335525,centered
ARFIMA_0.25_n1024_r44,ARFIMA_0.25_n1024,,Higuchi,1.0,0.6375906843186752,0.0,0.6375906843186752,centered
ARFIMA_0.25_n1024_r44,ARFIMA_0.25_n1024,,GHE,1.0,0.6426180042477291,0.0,0.6426180042477291,centered
ARFIMA_0.25_n1024_r45,ARFIMA_0.25_n1024,,GPH,1.0,0.707488482549856,0.0,0.707488482549856,raw
ARFIMA_0.25_n1024_r45,ARFIMA_0.25_n1024,,Higuchi,1.0,0.738108864089273,0.20713947480616834,0.9452483388954414,raw
ARFIMA_0.25_n1024_r45,ARFIMA_0.25_n1024,,GHE,1.0,0.7403439023230529,0.19519179306891443,0.9355356953919673,raw
ARFIMA_0.25_n1024_r45,ARFIMA_0.25_n1024,,GPH,1.0,0.707488482549856,0.0,0.707488482549856,centered
ARFIMA_0.25_n1024_r45,ARFIMA_0.25_n1024,,Higuchi,1.0,0.7302594870582917,2.220446049250313e-16,0.7302594870582919,centered
ARFIMA_0.25_n1024_r45,ARFIMA_0.25_n1024,,GHE,1.0,0.7316303756307946,1.1102230246251565e-16,0.7316303756307947,centered
ARFIMA_0.25_n1024_r46,ARFIMA_0.25_n1024,,GPH,1.0,0.5199311509217918,0.0,0.5199311509217918,raw
ARFIMA_0.25_n1024_r46,ARFIMA_0.25_n1024,,Higuchi,1.0,0.6438090165940202,0.33160645079979245,0.9754154673938127,raw
ARFIMA_0.25_n1024_r46,ARFIMA_0.25_n1024,,GHE,1.0,0.6548714099217464,0.3147847689540392,0.9696561788757856,raw
ARFIMA_0.25_n1024_r46,ARFIMA_0.25_n1024,,GPH,1.0,0.5199311509217918,0.0,0.5199311509217918,centered
ARFIMA_0.25_n1024_r46,ARFIMA_0.25_n1024,,Higuchi,1.0,0.6080292752846026,0.0,0.6080292752846026,centered
ARFIMA_0.25_n1024_r46,ARFIMA_0.25_n1024,,GHE,1.0,0.6263186645904535,0.0,0.6263186645904535,centered
ARFIMA_0.25_n1024_r47,ARFIMA_0.25_n1024,,GPH,1.0,0.7925423599093109,0.0,0.7925423599093109,raw
ARFIMA_0.25_n1024_r47,ARFIMA_0.25_n1024,,Higuchi,1.0,0.7447374706157417,0.216525315989331,0.9612627866050727,raw
ARFIMA_0.25_n1024_r47,ARFIMA_0.25_n1024,,GHE,1.0,0.7477163309426083,0.2078883032962633,0.9556046342388715,raw
ARFIMA_0.25_n1024_r47,ARFIMA_0.25_n1024,,GPH,1.0,0.7925423599093109,0.0,0.7925423599093109,centered
ARFIMA_0.25_n1024_r47,ARFIMA_0.25_n1024,,Higuchi,1.0,0.7449359820985384,0.0,0.7449359820985384,centered
ARFIMA_0.25_n1024_r47,ARFIMA_0.25_n1024,,GHE,1.0,0.7478504424908833,-1.1102230246251565e-16,0.7478504424908832,centered
ARFIMA_0.25_n1024_r48,ARFIMA_0.25_n1024,,GPH,1.0,0.5842013920432777,-1.1102230246251565e-16,0.5842013920432776,raw
ARFIMA_0.25_n1024_r48,ARFIMA_0.25_n1024,,Higuchi,1.0,0.7003721426335063,0.2496085727141164,0.9499807153476227,raw
ARFIMA_0.25_n1024_r48,ARFIMA_0.25_n1024,,GHE,1.0,0.7026606260927956,0.23815553961966784,0.9408161657124634,raw
ARFIMA_0.25_n1024_r48,ARFIMA_0.25_n1024,,GPH,1.0,0.5842013920432777,0.0,0.5842013920432777,centered
ARFIMA_0.25_n1024_r48,ARFIMA_0.25_n1024,,Higuchi,1.0,0.6956297194320729,-2.220446049250313e-16,0.6956297194320726,centered
ARFIMA_0.25_n1024_r48,ARFIMA_0.25_n1024,,GHE,1.0,0.6986558706199518,1.1102230246251565e-16,0.6986558706199519,centered
ARFIMA_0.25_n1024_r49,ARFIMA_0.25_n1024,,GPH,1.0,0.8533064725004633,0.0,0.8533064725004633,raw
ARFIMA_0.25_n1024_r49,ARFIMA_0.25_n1024,,Higuchi,1.0,0.7848024573219925,0.1739922623456629,0.9587947196676554,raw
ARFIMA_0.25_n1024_r49,ARFIMA_0.25_n1024,,GHE,1.0,0.7752665322441847,0.1765585289104531,0.9518250611546378,raw
ARFIMA_0.25_n1024_r49,ARFIMA_0.25_n1024,,GPH,1.0,0.8533064725004633,0.0,0.8533064725004633,centered
ARFIMA_0.25_n1024_r49,ARFIMA_0.25_n1024,,Higuchi,1.0,0.784780485340868,0.0,0.784780485340868,centered
ARFIMA_0.25_n1024_r49,ARFIMA_0.25_n1024,,GHE,1.0,0.7752558129188862,0.0,0.7752558129188862,centered
ARFIMA_0.25_n1024_r5,ARFIMA_0.25_n1024,,GPH,1.0,0.743767388378077,-1.1102230246251565e-16,0.7437673883780769,raw
ARFIMA_0.25_n1024_r5,ARFIMA_0.25_n1024,,Higuchi,1.0,0.7243027694302382,0.23755421767807006,0.9618569871083082,raw
ARFIMA_0.25_n1024_r5,ARFIMA_0.25_n1024,,GHE,1.0,0.722760782217109,0.23339285548742428,0.9561536377045333,raw
ARFIMA_0.25_n1024_r5,ARFIMA_0.25_n1024,,GPH,1.0,0.743767388378077,-1.1102230246251565e-16,0.7437673883780769,centered
ARFIMA_0.25_n1024_r5,ARFIMA_0.25_n1024,,Higuchi,1.0,0.7251392602913533,0.0,0.7251392602913533,centered
ARFIMA_0.25_n1024_r5,ARFIMA_0.25_n1024,,GHE,1.0,0.723495064349181,-1.1102230246251565e-16,0.7234950643491809,centered
ARFIMA_0.25_n1024_r50,ARFIMA_0.25_n1024,,GPH,1.0,0.6771093519496034,-1.1102230246251565e-16,0.6771093519496033,raw
ARFIMA_0.25_n1024_r50,ARFIMA_0.25_n1024,,Higuchi,1.0,0.8694806238054105,0.12472856009582323,0.9942091839012337,raw
ARFIMA_0.25_n1024_r50,ARFIMA_0.25_n1024,,GHE,1.0,0.8579312447441972,0.13454320763133876,0.992474452375536,raw
ARFIMA_0.25_n1024_r50,ARFIMA_0.25_n1024,,GPH,1.0,0.6771093519496034,0.0,0.6771093519496034,centered
ARFIMA_0.25_n1024_r50,ARFIMA_0.25_n1024,,Higuchi,1.0,0.6636653142612872,0.0,0.6636653142612872,centered
ARFIMA_0.25_n1024_r50,ARFIMA_0.25_n1024,,GHE,1.0,0.6783494174755162,2.220446049250313e-16,0.6783494174755165,centered
ARFIMA_0.25_n1024_r51,ARFIMA_0.25_n1024,,GPH,1.0,0.7533095743988731,-1.1102230246251565e-16,0.753309574398873,raw
ARFIMA_0.25_n1024_r51,ARFIMA_0.25_n1024,,Higuchi,1.0,0.7866059629750979,0.19390247612116984,0.9805084390962677,raw
ARFIMA_0.25_n1024_r51,ARFIMA_0.25_n1024,,GHE,1.0,0.7783401214692591,0.19821086700423285,0.976550988473492,raw
ARFIMA_0.25_n1024_r51,ARFIMA_0.25_n1024,,GPH,1.0,0.7533095743988731,-1.1102230246251565e-16,0.753309574398873,centered
ARFIMA_0.25_n1024_r51,ARFIMA_0.25_n1024,,Higuchi,1.0,0.7526577155217107,0.0,0.7526577155217107,centered
ARFIMA_0.25_n1024_r51,ARFIMA_0.25_n1024,,GHE,1.0,0.7449657730776807,0.0,0.7449657730776807,centered
ARFIMA_0.25_n1024_r52,ARFIMA_0.25_n1024,,GPH,1.0,0.8149241395903674,0.0,0.8149241395903674,raw
ARFIMA_0.25_n1024_r52,ARFIMA_0.25_n1024,,Higuchi,1.0,0.6897724153223777,0.2480035252122017,0.9377759405345794,raw
ARFIMA_0.25_n1024_r52,ARFIMA_0.25_n1024,,GHE,1.0,0.6856054461066504,0.24336174423302726,0.9289671903396777,raw
ARFIMA_0.25_n1024_r52,ARFIMA_0.25_n1024,,GPH,1.0,0.8149241395903674,0.0,0.8149241395903674,centered
ARFIMA_0.25_n1024_r52,ARFIMA_0.25_n1024,,Higuchi,1.0,0.6475707941041011,2.220446049250313e-16,0.6475707941041013,centered
ARFIMA_0.25_n1024_r52,ARFIMA_0.25_n1024,,GHE,1.0,0.6468667546644085,0.0,0.6468667546644085,centered
ARFIMA_0.25_n1024_r53,ARFIMA_0.25_n1024,,GPH,1.0,0.6058123836999026,1.1102230246251565e-16,0.6058123836999028,raw
ARFIMA_0.25_n1024_r53,ARFIMA_0.25_n1024,,Higuchi,1.0,0.6741743210214504,0.2710722281865747,0.9452465492080251,raw
ARFIMA_0.25_n1024_r53,ARFIMA_0.25_n1024,,GHE,1.0,0.6807035089253928,0.25615498113426527,0.936858490059658,raw
ARFIMA_0.25_n1024_r53,ARFIMA_0.25_n1024,,GPH,1.0,0.6058123836999028,0.0,0.6058123836999028,centered
ARFIMA_0.25_n1024_r53,ARFIMA_0.25_n1024,,Higuchi,1.0,0.6539134386832317,0.0,0.6539134386832317,centered
ARFIMA_0.25_n1024_r53,ARFIMA_0.25_n1024,,GHE,1.0,0.6643150084322849,0.0,0.6643150084322849,centered
ARFIMA_0.25_n1024_r54,ARFIMA_0.25_n1024,,GPH,1.0,0.860730020809263,0.0,0.860730020809263,raw
ARFIMA_0.25_n1024_r54,ARFIMA_0.25_n1024,,Higuchi,1.0,0.677762277597314,0.28281923754707194,0.960581515144386,raw
ARFIMA_0.25_n1024_r54,ARFIMA_0.25_n1024,,GHE,1.0,0.6786200535777753,0.27357497941128306,0.9521950329890584,raw
ARFIMA_0.25_n1024_r54,ARFIMA_0.25_n1024,,GPH,1.0,0.860730020809263,0.0,0.860730020809263,centered
ARFIMA_0.25_n1024_r54,ARFIMA_0.25_n1024,,Higuchi,1.0,0.6775300768339692,2.220446049250313e-16,0.6775300768339694,centered
ARFIMA_0.25_n1024_r54,ARFIMA_0.25_n1024,,GHE,1.0,0.6784373421605814,1.1102230246251565e-16,0.6784373421605815,centered
ARFIMA_0.25_n1024_r55,ARFIMA_0.25_n1024,,GPH,1.0,0.5492325381281981,0.0,0.5492325381281981,raw
ARFIMA_0.25_n1024_r55,ARFIMA_0.25_n1024,,Higuchi,1.0,0.6745630085624701,0.27775392909524066,0.9523169376577107,raw
ARFIMA_0.25_n1024_r55,ARFIMA_0.25_n1024,,GHE,1.0,0.6763649539832914,0.2678158708003612,0.9441808247836526,raw
ARFIMA_0.25_n1024_r55,ARFIMA_0.25_n1024,,GPH,1.0,0.5492325381281981,0.0,0.5492325381281981,centered
ARFIMA_0.25_n1024_r55,ARFIMA_0.25_n1024,,Higuchi,1.0,0.6689155069383275,0.0,0.6689155069383275,centered
ARFIMA_0.25_n1024_r55,ARFIMA_0.25_n1024,,GHE,1.0,0.6709734919824774,0.0,0.6709734919824774,centered
ARFIMA_0.25_n1024_r56,ARFIMA_0.25_n1024,,GPH,1.0,0.8841087413666853,0.0,0.8841087413666853,raw
ARFIMA_0.25_n1024_r56,ARFIMA_0.25_n1024,,Higuchi,1.0,0.7777369853718934,0.13891611659077774,0.9166531019626711,raw
ARFIMA_0.25_n1024_r56,ARFIMA_0.25_n1024,,GHE,1.0,0.7744319926566111,0.13787435412877602,0.9123063467853871,raw
ARFIMA_0.25_n1024_r56,ARFIMA_0.25_n1024,,GPH,1.0,0.8841087413666852,1.1102230246251565e-16,0.8841087413666853,centered
ARFIMA_0.25_n1024_r56,ARFIMA_0.25_n1024,,Higuchi,1.0,0.7539438184118483,2.220446049250313e-16,0.7539438184118485,centered
ARFIMA_0.25_n1024_r56,ARFIMA_0.25_n1024,,GHE,1.0,0.7517602856281186,0.0,0.7517602856281186,centered
ARFIMA_0.25_n1024_r57,ARFIMA_0.25_n1024,,GPH,1.0,0.5112486658574472,1.1102230246251565e-16,0.5112486658574473,raw
ARFIMA_0.25_n1024_r57,ARFIMA_0.25_n1024,,Higuchi,1.0,0.6146293846544431,0.3442383483842144,0.9588677330386575,raw
ARFIMA_0.25_n1024_r57,ARFIMA_0.25_n1024,,GHE,1.0,0.6270407442109239,0.32112826060029986,0.9481690048112238,raw
ARFIMA_0.25_n1024_r57,ARFIMA_0.25_n1024,,GPH,1.0,0.5112486658574473,-1.1102230246251565e-16,0.5112486658574472,centered
ARFIMA_0.25_n1024_r57,ARFIMA_0.25_n1024,,Higuchi,1.0,0.6078896161377936,0.0,0.6078896161377936,centered
ARFIMA_0.25_n1024_r57,ARFIMA_0.25_n1024,,GHE,1.0,0.6205700859190798,-1.1102230246251565e-16,0.6205700859190797,centered
ARFIMA_0.25_n1024_r58,ARFIMA_0.25_n1024,,GPH,1.0,0.7064687576035031,1.1102230246251565e-16,0.7064687576035033,raw
ARFIMA_0.25_n1024_r58,ARFIMA_0.25_n1024,,Higuchi,1.0,0.6841965515667163,0.2662773831496281,0.9504739347163444,raw
ARFIMA_0.25_n1024_r58,ARFIMA_0.25_n1024,,GHE,1.0,0.693212080673582,0.25073615800124627,0.9439482386748282,raw
ARFIMA_0.25_n1024_r58,ARFIMA_0.25_n1024,,GPH,1.0,0.7064687576035031,1.1102230246251565e-16,0.7064687576035033,centered
ARFIMA_0.25_n1024_r58,ARFIMA_0.25_n1024,,Higuchi,1.0,0.683540632533256,0.0,0.683540632533256,centered
ARFIMA_0.25_n1024_r58,ARFIMA_0.25_n1024,,GHE,1.0,0.692578108162509,-1.1102230246251565e-16,0.6925781081625089,centered
ARFIMA_0.25_n1024_r59,ARFIMA_0.25_n1024,,GPH,1.0,0.7361853888517539,0.0,0.7361853888517539,raw
ARFIMA_0.25_n1024_r59,ARFIMA_0.25_n1024,,Higuchi,1.0,0.7501873168444579,0.2291656407213083,0.9793529575657662,raw
ARFIMA_0.25_n1024_r59,ARFIMA_0.25_n1024,,GHE,1.0,0.7485304399426077,0.2262321791171834,0.9747626190597911,raw
ARFIMA_0.25_n1024_r59,ARFIMA_0.25_n1024,,GPH,1.0,0.7361853888517539,0.0,0.7361853888517539,centered
ARFIMA_0.25_n1024_r59,ARFIMA_0.25_n1024,,Higuchi,1.0,0.7175982679425599,0.0,0.7175982679425599,centered
ARFIMA_0.25_n1024_r59,ARFIMA_0.25_n1024,,GHE,1.0,0.7198875247003853,1.1102230246251565e-16,0.7198875247003854,centered
ARFIMA_0.25_n1024_r6,ARFIMA_0.25_n1024,,GPH,1.0,0.7922207397091643,1.1102230246251565e-16,0.7922207397091644,raw
ARFIMA_0.25_n1024_r6,ARFIMA_0.25_n1024,,Higuchi,1.0,0.7049286450143479,0.2564906306120369,0.9614192756263849,raw
ARFIMA_0.25_n1024_r6,ARFIMA_0.25_n1024,,GHE,1.0,0.706173759876886,0.24985192067470996,0.956025680551596,raw
ARFIMA_0.25_n1024_r6,ARFIMA_0.25_n1024,,GPH,1.0,0.7922207397091643,0.0,0.7922207397091643,centered
ARFIMA_0.25_n1024_r6,ARFIMA_0.25_n1024,,Higuchi,1.0,0.6996944407770485,0.0,0.6996944407770485,centered
ARFIMA_0.25_n1024_r6,ARFIMA_0.25_n1024,,GHE,1.0,0.7006793088741449,1.1102230246251565e-16,0.700679308874145,centered
ARFIMA_0.25_n1024_r60,ARFIMA_0.25_n1024,,GPH,1.0,0.6815457528835337,0.0,0.6815457528835337,raw
ARFIMA_0.25_n1024_r60,ARFIMA_0.25_n1024,,Higuchi,1.0,0.6474393011783328,0.3176885038129711,0.9651278049913039,raw
ARFIMA_0.25_n1024_r60,ARFIMA_0.25_n1024,,GHE,1.0,0.6594025976052627,0.29780794043069814,0.9572105380359608,raw
ARFIMA_0.25_n1024_r60,ARFIMA_0.25_n1024,,GPH,1.0,0.6815457528835337,-1.1102230246251565e-16,0.6815457528835336,centered
ARFIMA_0.25_n1024_r60,ARFIMA_0.25_n1024,,Higuchi,1.0,0.6467887660289178,0.0,0.6467887660289178,centered
ARFIMA_0.25_n1024_r60,ARFIMA_0.25_n1024,,GHE,1.0,0.658909112991492,0.0,0.658909112991492,centered
ARFIMA_0.25_n1024_r61,ARFIMA_0.25_n1024,,GPH,1.0,0.8831017995821404,0.0,0.8831017995821404,raw
ARFIMA_0.25_n1024_r61,ARFIMA_0.25_n1024,,Higuchi,1.0,0.7531904132714649,0.20891354175860877,0.9621039550300736,raw
ARFIMA_0.25_n1024_r61,ARFIMA_0.25_n1024,,GHE,1.0,0.7456289925806932,0.20904041933762563,0.9546694119183188,raw
ARFIMA_0.25_n1024_r61,ARFIMA_0.25_n1024,,GPH,1.0,0.8831017995821404,0.0,0.8831017995821404,centered
ARFIMA_0.25_n1024_r61,ARFIMA_0.25_n1024,,Higuchi,1.0,0.7543515746438392,0.0,0.7543515746438392,centered
ARFIMA_0.25_n1024_r61,ARFIMA_0.25_n1024,,GHE,1.0,0.7465228503945837,0.0,0.7465228503945837,centered
ARFIMA_0.25_n1024_r62,ARFIMA_0.25_n1024,,GPH,1.0,0.8596267751900006,-1.1102230246251565e-16,0.8596267751900005,raw
ARFIMA_0.25_n1024_r62,ARFIMA_0.25_n1024,,Higuchi,1.0,0.7201081346821425,0.23763163844411528,0.9577397731262578,raw
ARFIMA_0.25_n1024_r62,ARFIMA_0.25_n1024,,GHE,1.0,0.7150721769664188,0.23673009732294725,0.951802274289366,raw
ARFIMA_0.25_n1024_r62,ARFIMA_0.25_n1024,,GPH,1.0,0.8596267751900006,0.0,0.8596267751900006,centered
ARFIMA_0.25_n1024_r62,ARFIMA_0.25_n1024,,Higuchi,1.0,0.7189993809574091,0.0,0.7189993809574091,centered
ARFIMA_0.25_n1024_r62,ARFIMA_0.25_n1024,,GHE,1.0,0.7145197576209166,-2.220446049250313e-16,0.7145197576209164,centered
ARFIMA_0.25_n1024_r63,ARFIMA_0.25_n1024,,GPH,1.0,0.7997016101753414,0.0,0.7997016101753414,raw
ARFIMA_0.25_n1024_r63,ARFIMA_0.25_n1024,,Higuchi,1.0,0.873596687546579,0.12212731689245993,0.995724004439039,raw
ARFIMA_0.25_n1024_r63,ARFIMA_0.25_n1024,,GHE,1.0,0.8621413530039336,0.13062773262855487,0.9927690856324884,raw
ARFIMA_0.25_n1024_r63,ARFIMA_0.25_n1024,,GPH,1.0,0.7997016101753411,2.220446049250313e-16,0.7997016101753414,centered
ARFIMA_0.25_n1024_r63,ARFIMA_0.25_n1024,,Higuchi,1.0,0.7188221434725615,0.0,0.7188221434725615,centered
ARFIMA_0.25_n1024_r63,ARFIMA_0.25_n1024,,GHE,1.0,0.7139055210295976,0.0,0.7139055210295976,centered
ARFIMA_0.25_n1024_r7,ARFIMA_0.25_n1024,,GPH,1.0,0.6988191991775224,0.0,0.6988191991775224,raw
ARFIMA_0.25_n1024_r7,ARFIMA_0.25_n1024,,Higuchi,1.0,0.7301218372280205,0.2365997369638948,0.9667215741919153,raw
ARFIMA_0.25_n1024_r7,ARFIMA_0.25_n1024,,GHE,1.0,0.7310955413986759,0.22770110538555355,0.9587966467842295,raw
ARFIMA_0.25_n1024_r7,ARFIMA_0.25_n1024,,GPH,1.0,0.6988191991775224,0.0,0.6988191991775224,centered
ARFIMA_0.25_n1024_r7,ARFIMA_0.25_n1024,,Higuchi,1.0,0.7162144974482969,0.0,0.7162144974482969,centered
ARFIMA_0.25_n1024_r7,ARFIMA_0.25_n1024,,GHE,1.0,0.7201814498810799,-1.1102230246251565e-16,0.7201814498810798,centered
ARFIMA_0.25_n1024_r8,ARFIMA_0.25_n1024,,GPH,1.0,0.6480108141707976,0.0,0.6480108141707976,raw
ARFIMA_0.25_n1024_r8,ARFIMA_0.25_n1024,,Higuchi,1.0,0.7544542901709086,0.16248654715621513,0.9169408373271237,raw
ARFIMA_0.25_n1024_r8,ARFIMA_0.25_n1024,,GHE,1.0,0.7592750293633855,0.1442067775887188,0.9034818069521043,raw
ARFIMA_0.25_n1024_r8,ARFIMA_0.25_n1024,,GPH,1.0,0.6480108141707978,0.0,0.6480108141707978,centered
ARFIMA_0.25_n1024_r8,ARFIMA_0.25_n1024,,Higuchi,1.0,0.6681125727449493,0.0,0.6681125727449493,centered
ARFIMA_0.25_n1024_r8,ARFIMA_0.25_n1024,,GHE,1.0,0.6780796653038824,0.0,0.6780796653038824,centered
ARFIMA_0.25_n1024_r9,ARFIMA_0.25_n1024,,GPH,1.0,0.5942693747375669,0.0,0.5942693747375669,raw
ARFIMA_0.25_n1024_r9,ARFIMA_0.25_n1024,,Higuchi,1.0,0.7265513390816134,0.25523069200276605,0.9817820310843794,raw
ARFIMA_0.25_n1024_r9,ARFIMA_0.25_n1024,,GHE,1.0,0.7161307660474745,0.2607694401975379,0.9769002062450124,raw
ARFIMA_0.25_n1024_r9,ARFIMA_0.25_n1024,,GPH,1.0,0.5942693747375669,0.0,0.5942693747375669,centered
ARFIMA_0.25_n1024_r9,ARFIMA_0.25_n1024,,Higuchi,1.0,0.7015834574591595,-2.220446049250313e-16,0.7015834574591593,centered
ARFIMA_0.25_n1024_r9,ARFIMA_0.25_n1024,,GHE,1.0,0.6941739127663058,1.1102230246251565e-16,0.6941739127663059,centered
ARFIMA_0.25_n256_r0,ARFIMA_0.25_n256,,GPH,1.0,0.9058528816610754,-2.220446049250313e-16,0.9058528816610751,raw
ARFIMA_0.25_n256_r0,ARFIMA_0.25_n256,,Higuchi,1.0,0.7776641380198439,0.179907125166602,0.9575712631864459,raw
ARFIMA_0.25_n256_r0,ARFIMA_0.25_n256,,GHE,1.0,0.771801318952859,0.18170723876915262,0.9535085577220116,raw
ARFIMA_0.25_n256_r0,ARFIMA_0.25_n256,,GPH,1.0,0.9058528816610754,-2.220446049250313e-16,0.9058528816610751,centered
ARFIMA_0.25_n256_r0,ARFIMA_0.25_n256,,Higuchi,1.0,0.7768071947375084,0.0,0.7768071947375084,centered
ARFIMA_0.25_n256_r0,ARFIMA_0.25_n256,,GHE,1.0,0.7708851194646561,-2.220446049250313e-16,0.7708851194646559,centered
ARFIMA_0.25_n256_r1,ARFIMA_0.25_n256,,GPH,1.0,0.8727289799342626,0.0,0.8727289799342626,raw
ARFIMA_0.25_n256_r1,ARFIMA_0.25_n256,,Higuchi,1.0,0.8580642805865435,0.06083034759339778,0.9188946281799413,raw
ARFIMA_0.25_n256_r1,ARFIMA_0.25_n256,,GHE,1.0,0.847057830512167,0.05698792168262801,0.904045752194795,raw
ARFIMA_0.25_n256_r1,ARFIMA_0.25_n256,,GPH,1.0,0.8727289799342626,0.0,0.8727289799342626,centered
ARFIMA_0.25_n256_r1,ARFIMA_0.25_n256,,Higuchi,1.0,0.7677361888521286,0.0,0.7677361888521286,centered
ARFIMA_0.25_n256_r1,ARFIMA_0.25_n256,,GHE,1.0,0.7640959655798647,1.1102230246251565e-16,0.7640959655798648,centered
ARFIMA_0.25_n256_r10,ARFIMA_0.25_n256,,GPH,1.0,0.8107623351164651,0.0,0.8107623351164651,raw
ARFIMA_0.25_n256_r10,ARFIMA_0.25_n256,,Higuchi,1.0,0.7407539460091621,0.16136079198341147,0.9021147379925736,raw
ARFIMA_0.25_n256_r10,ARFIMA_0.25_n256,,GHE,1.0,0.7307383252312868,0.15789564702188585,0.8886339722531726,raw
ARFIMA_0.25_n256_r10,ARFIMA_0.25_n256,,GPH,1.0,0.810762335116465,1.1102230246251565e-16,0.8107623351164651,centered
ARFIMA_0.25_n256_r10,ARFIMA_0.25_n256,,Higuchi,1.0,0.5814435680474404,-4.440892098500626e-16,0.5814435680474399,centered
ARFIMA_0.25_n256_r10,ARFIMA_0.25_n256,,GHE,1.0,0.6018316758442528,1.1102230246251565e-16,0.6018316758442529,centered
ARFIMA_0.25_n256_r11,ARFIMA_0.25_n256,,GPH,1.0,0.5837525674310866,0.0,0.5837525674310866,raw
ARFIMA_0.25_n256_r11,ARFIMA_0.25_n256,,Higuchi,1.0,0.5843241801010581,0.3538352628068955,0.9381594429079536,raw
ARFIMA_0.25_n256_r11,ARFIMA_0.25_n256,,GHE,1.0,0.6065011532983317,0.3240973707687217,0.9305985240670533,raw
ARFIMA_0.25_n256_r11,ARFIMA_0.25_n256,,GPH,1.0,0.5837525674310867,-1.1102230246251565e-16,0.5837525674310866,centered
ARFIMA_0.25_n256_r11,ARFIMA_0.25_n256,,Higuchi,1.0,0.5061277351483349,0.0,0.5061277351483349,centered
ARFIMA_0.25_n256_r11,ARFIMA_0.25_n256,,GHE,1.0,0.543023020969735,1.1102230246251565e-16,0.5430230209697351,centered
ARFIMA_0.25_n256_r12,ARFIMA_0.25_n256,,GPH,1.0,0.8773012416110135,0.0,0.8773012416110135,raw
ARFIMA_0.25_n256_r12,ARFIMA_0.25_n256,,Higuchi,1.0,0.8092521204078016,0.12867830372128997,0.9379304241290916,raw
ARFIMA_0.25_n256_r12,ARFIMA_0.25_n256,,GHE,1.0,0.8010546759366188,0.126918523098288,0.9279731990349068,raw
ARFIMA_0.25_n256_r12,ARFIMA_0.25_n256,,GPH,1.0,0.8773012416110135,0.0,0.8773012416110135,centered
ARFIMA_0.25_n256_r12,ARFIMA_0.25_n256,,Higuchi,1.0,0.8212454835256213,0.0,0.8212454835256213,centered
ARFIMA_0.25_n256_r12,ARFIMA_0.25_n256,,GHE,1.0,0.8115344411519286,-1.1102230246251565e-16,0.8115344411519285,centered
ARFIMA_0.25_n256_r13,ARFIMA_0.25_n256,,GPH,1.0,0.6561295953363688,0.0,0.6561295953363688,raw
ARFIMA_0.25_n256_r13,ARFIMA_0.25_n256,,Higuchi,1.0,0.7987650282887531,0.20398870556184634,1.0027537338505994,raw
ARFIMA_0.25_n256_r13,ARFIMA_0.25_n256,,GHE,1.0,0.7901101110673867,0.20759148348561052,0.9977015945529972,raw
ARFIMA_0.25_n256_r13,ARFIMA_0.25_n256,,GPH,1.0,0.6561295953363688,-1.1102230246251565e-16,0.6561295953363687,centered
ARFIMA_0.25_n256_r13,ARFIMA_0.25_n256,,Higuchi,1.0,0.6642109928580773,2.220446049250313e-16,0.6642109928580775,centered
ARFIMA_0.25_n256_r13,ARFIMA_0.25_n256,,GHE,1.0,0.670109535009876,1.1102230246251565e-16,0.6701095350098761,centered
ARFIMA_0.25_n256_r14,ARFIMA_0.25_n256,,GPH,1.0,0.5432644353740614,0.0,0.5432644353740614,raw
ARFIMA_0.25_n256_r14,ARFIMA_0.25_n256,,Higuchi,1.0,0.7157663853246956,0.1688526579585634,0.884619043283259,raw
ARFIMA_0.25_n256_r14,ARFIMA_0.25_n256,,GHE,1.0,0.7222627973479417,0.14805850107688034,0.8703212984248221,raw
ARFIMA_0.25_n256_r14,ARFIMA_0.25_n256,,GPH,1.0,0.5432644353740614,0.0,0.5432644353740614,centered
ARFIMA_0.25_n256_r14,ARFIMA_0.25_n256,,Higuchi,1.0,0.5133851388554562,0.0,0.5133851388554562,centered
ARFIMA_0.25_n256_r14,ARFIMA_0.25_n256,,GHE,1.0,0.5559558617197362,1.1102230246251565e-16,0.5559558617197363,centered
ARFIMA_0.25_n256_r15,ARFIMA_0.25_n256,,GPH,1.0,0.6103604374681779,0.0,0.6103604374681779,raw
ARFIMA_0.25_n256_r15,ARFIMA_0.25_n256,,Higuchi,1.0,0.5055983212494499,0.4611972152903445,0.9667955365397944,raw
ARFIMA_0.25_n256_r15,ARFIMA_0.25_n256,,GHE,1.0,0.5218592325208997,0.4356105224196134,0.9574697549405131,raw
ARFIMA_0.25_n256_r15,ARFIMA_0.25_n256,,GPH,1.0,0.6103604374681779,0.0,0.6103604374681779,centered
ARFIMA_0.25_n256_r15,ARFIMA_0.25_n256,,Higuchi,1.0,0.5027953589169387,0.0,0.5027953589169387,centered
ARFIMA_0.25_n256_r15,ARFIMA_0.25_n256,,GHE,1.0,0.5204019882780647,-1.1102230246251565e-16,0.5204019882780646,centered
ARFIMA_0.25_n256_r16,ARFIMA_0.25_n256,,GPH,1.0,0.8389937774047016,0.0,0.8389937774047016,raw
ARFIMA_0.25_n256_r16,ARFIMA_0.25_n256,,Higuchi,1.0,0.7192455805475033,0.27108518499813616,0.9903307655456395,raw
ARFIMA_0.25_n256_r16,ARFIMA_0.25_n256,,GHE,1.0,0.7207187496383545,0.2582585034759931,0.9789772531143476,raw
ARFIMA_0.25_n256_r16,ARFIMA_0.25_n256,,GPH,1.0,0.8389937774047016,0.0,0.8389937774047016,centered
ARFIMA_0.25_n256_r16,ARFIMA_0.25_n256,,Higuchi,1.0,0.7118552619367666,0.0,0.7118552619367666,centered
ARFIMA_0.25_n256_r16,ARFIMA_0.25_n256,,GHE,1.0,0.712229517024219,0.0,0.712229517024219,centered
ARFIMA_0.25_n256_r17,ARFIMA_0.25_n256,,GPH,1.0,0.6192385169187214,0.0,0.6192385169187214,raw
ARFIMA_0.25_n256_r17,ARFIMA_0.25_n256,,Higuchi,1.0,0.5717144786615094,0.4371802326404881,1.0088947113019975,raw
ARFIMA_0.25_n256_r17,ARFIMA_0.25_n256,,GHE,1.0,0.5834641854825883,0.4164730904810039,0.9999372759635922,raw
ARFIMA_0.25_n256_r17,ARFIMA_0.25_n256,,GPH,1.0,0.6192385169187214,0.0,0.6192385169187214,centered
ARFIMA_0.25_n256_r17,ARFIMA_0.25_n256,,Higuchi,1.0,0.47375939106148524,-2.220446049250313e-16,0.473759391061485,centered
ARFIMA_0.25_n256_r17,ARFIMA_0.25_n256,,GHE,1.0,0.5093342323520795,-1.1102230246251565e-16,0.5093342323520794,centered
ARFIMA_0.25_n256_r18,ARFIMA_0.25_n256,,GPH,1.0,0.8369848190423271,0.0,0.8369848190423271,raw
ARFIMA_0.25_n256_r18,ARFIMA_0.25_n256,,Higuchi,1.0,0.846991648022529,0.013872938416112923,0.8608645864386419,raw
ARFIMA_0.25_n256_r18,ARFIMA_0.25_n256,,GHE,1.0,0.8347030340293423,0.022243668281662465,0.8569467023110048,raw
ARFIMA_0.25_n256_r18,ARFIMA_0.25_n256,,GPH,1.0,0.8369848190423271,-1.1102230246251565e-16,0.836984819042327,centered
ARFIMA_0.25_n256_r18,ARFIMA_0.25_n256,,Higuchi,1.0,0.6318157276824725,-2.220446049250313e-16,0.6318157276824723,centered
ARFIMA_0.25_n256_r18,ARFIMA_0.25_n256,,GHE,1.0,0.6554150542971615,0.0,0.6554150542971615,centered
ARFIMA_0.25_n256_r19,ARFIMA_0.25_n256,,GPH,1.0,0.9383896933045532,0.0,0.9383896933045532,raw
ARFIMA_0.25_n256_r19,ARFIMA_0.25_n256,,Higuchi,1.0,0.6722450827381132,0.28887303755758476,0.961118120295698,raw
ARFIMA_0.25_n256_r19,ARFIMA_0.25_n256,,GHE,1.0,0.699003536992781,0.2570222161098147,0.9560257531025956,raw
ARFIMA_0.25_n256_r19,ARFIMA_0.25_n256,,GPH,1.0,0.9383896933045532,0.0,0.9383896933045532,centered
ARFIMA_0.25_n256_r19,ARFIMA_0.25_n256,,Higuchi,1.0,0.6703516786926882,2.220446049250313e-16,0.6703516786926884,centered
ARFIMA_0.25_n256_r19,ARFIMA_0.25_n256,,GHE,1.0,0.6960128139387689,0.0,0.6960128139387689,centered
ARFIMA_0.25_n256_r2,ARFIMA_0.25_n256,,GPH,1.0,0.5985231723933234,0.0,0.5985231723933234,raw
ARFIMA_0.25_n256_r2,ARFIMA_0.25_n256,,Higuchi,1.0,0.8063858536276018,0.1943401694282043,1.0007260230558062,raw
ARFIMA_0.25_n256_r2,ARFIMA_0.25_n256,,GHE,1.0,0.7977662856192675,0.19478273240102972,0.9925490180202973,raw
ARFIMA_0.25_n256_r2,ARFIMA_0.25_n256,,GPH,1.0,0.5985231723933234,1.1102230246251565e-16,0.5985231723933235,centered
ARFIMA_0.25_n256_r2,ARFIMA_0.25_n256,,Higuchi,1.0,0.7097610199146398,0.0,0.7097610199146398,centered
ARFIMA_0.25_n256_r2,ARFIMA_0.25_n256,,GHE,1.0,0.710627646941257,0.0,0.710627646941257,centered
ARFIMA_0.25_n256_r20,ARFIMA_0.25_n256,,GPH,1.0,0.916322799486871,0.0,0.916322799486871,raw
ARFIMA_0.25_n256_r20,ARFIMA_0.25_n256,,Higuchi,1.0,0.8637710981706597,0.12468268521658787,0.9884537833872475,raw
ARFIMA_0.25_n256_r20,ARFIMA_0.25_n256,,GHE,1.0,0.8566755372927248,0.12926708521885666,0.9859426225115815,raw
ARFIMA_0.25_n256_r20,ARFIMA_0.25_n256,,GPH,1.0,0.916322799486871,0.0,0.916322799486871,centered
ARFIMA_0.25_n256_r20,ARFIMA_0.25_n256,,Higuchi,1.0,0.7360632118288679,0.0,0.7360632118288679,centered
ARFIMA_0.25_n256_r20,ARFIMA_0.25_n256,,GHE,1.0,0.7471093939128133,1.1102230246251565e-16,0.7471093939128134,centered
ARFIMA_0.25_n256_r21,ARFIMA_0.25_n256,,GPH,1.0,0.876412454094291,1.1102230246251565e-16,0.8764124540942911,raw
ARFIMA_0.25_n256_r21,ARFIMA_0.25_n256,,Higuchi,1.0,0.7815487105274268,0.21569110619768184,0.9972398167251086,raw
ARFIMA_0.25_n256_r21,ARFIMA_0.25_n256,,GHE,1.0,0.7879731739519893,0.20055620388789963,0.9885293778398889,raw
ARFIMA_0.25_n256_r21,ARFIMA_0.25_n256,,GPH,1.0,0.876412454094291,0.0,0.876412454094291,centered
ARFIMA_0.25_n256_r21,ARFIMA_0.25_n256,,Higuchi,1.0,0.7381321850599605,2.220446049250313e-16,0.7381321850599607,centered
ARFIMA_0.25_n256_r21,ARFIMA_0.25_n256,,GHE,1.0,0.744353541692184,-2.220446049250313e-16,0.7443535416921838,centered
ARFIMA_0.25_n256_r22,ARFIMA_0.25_n256,,GPH,1.0,0.7386803648377724,-1.1102230246251565e-16,0.7386803648377723,raw
ARFIMA_0.25_n256_r22,ARFIMA_0.25_n256,,Higuchi,1.0,0.7657287980827847,0.23228722211375508,0.9980160201965398,raw
ARFIMA_0.25_n256_r22,ARFIMA_0.25_n256,,GHE,1.0,0.7640294827439896,0.2287469382578884,0.992776421001878,raw
ARFIMA_0.25_n256_r22,ARFIMA_0.25_n256,,GPH,1.0,0.7386803648377723,0.0,0.7386803648377723,centered
ARFIMA_0.25_n256_r22,ARFIMA_0.25_n256,,Higuchi,1.0,0.6953920601228878,-2.220446049250313e-16,0.6953920601228876,centered
ARFIMA_0.25_n256_r22,ARFIMA_0.25_n256,,GHE,1.0,0.710217502933576,0.0,0.710217502933576,centered
ARFIMA_0.25_n256_r23,ARFIMA_0.25_n256,,GPH,1.0,0.6462054126022434,0.0,0.6462054126022434,raw
ARFIMA_0.25_n256_r23,ARFIMA_0.25_n256,,Higuchi,1.0,0.6688575257953733,0.2567026975488593,0.9255602233442326,raw
ARFIMA_0.25_n256_r23,ARFIMA_0.25_n256,,GHE,1.0,0.6616194870792406,0.24186346765651223,0.9034829547357528,raw
ARFIMA_0.25_n256_r23,ARFIMA_0.25_n256,,GPH,1.0,0.6462054126022434,0.0,0.6462054126022434,centered
ARFIMA_0.25_n256_r23,ARFIMA_0.25_n256,,Higuchi,1.0,0.5753403902999188,0.0,0.5753403902999188,centered
ARFIMA_0.25_n256_r23,ARFIMA_0.25_n256,,GHE,1.0,0.5781457690561583,0.0,0.5781457690561583,centered
ARFIMA_0.25_n256_r24,ARFIMA_0.25_n256,,GPH,1.0,0.5649428117690839,0.0,0.5649428117690839,raw
ARFIMA_0.25_n256_r24,ARFIMA_0.25_n256,,Higuchi,1.0,0.5670700720681654,0.4185209790112714,0.9855910510794368,raw
ARFIMA_0.25_n256_r24,ARFIMA_0.25_n256,,GHE,1.0,0.5876427305305821,0.3884173062608367,0.9760600367914188,raw
ARFIMA_0.25_n256_r24,ARFIMA_0.25_n256,,GPH,1.0,0.5649428117690839,0.0,0.5649428117690839,centered
ARFIMA_0.25_n256_r24,ARFIMA_0.25_n256,,Higuchi,1.0,0.5508523355818331,4.440892098500626e-16,0.5508523355818336,centered
ARFIMA_0.25_n256_r24,ARFIMA_0.25_n256,,GHE,1.0,0.5720800564556481,0.0,0.5720800564556481,centered
ARFIMA_0.25_n256_r25,ARFIMA_0.25_n256,,GPH,1.0,0.5687392392924879,1.1102230246251565e-16,0.568739239292488,raw
ARFIMA_0.25_n256_r25,ARFIMA_0.25_n256,,Higuchi,1.0,0.723626112118986,0.2513264460443232,0.9749525581633092,raw
ARFIMA_0.25_n256_r25,ARFIMA_0.25_n256,,GHE,1.0,0.7164345638181853,0.25654405908827904,0.9729786229064643,raw
ARFIMA_0.25_n256_r25,ARFIMA_0.25_n256,,GPH,1.0,0.5687392392924879,1.1102230246251565e-16,0.568739239292488,centered
ARFIMA_0.25_n256_r25,ARFIMA_0.25_n256,,Higuchi,1.0,0.6808791541321835,2.220446049250313e-16,0.6808791541321837,centered
ARFIMA_0.25_n256_r25,ARFIMA_0.25_n256,,GHE,1.0,0.6698214499583056,0.0,0.6698214499583056,centered
ARFIMA_0.25_n256_r26,ARFIMA_0.25_n256,,GPH,1.0,0.6536589958992081,0.0,0.6536589958992081,raw
ARFIMA_0.25_n256_r26,ARFIMA_0.25_n256,,Higuchi,1.0,0.7387637812292993,0.24274115619195968,0.981504937421259,raw
ARFIMA_0.25_n256_r26,ARFIMA_0.25_n256,,GHE,1.0,0.7362075196525116,0.2399306810145082,0.9761382006670198,raw
ARFIMA_0.25_n256_r26,ARFIMA_0.25_n256,,GPH,1.0,0.6536589958992081,0.0,0.6536589958992081,centered
ARFIMA_0.25_n256_r26,ARFIMA_0.25_n256,,Higuchi,1.0,0.628718709702158,0.0,0.628718709702158,centered
ARFIMA_0.25_n256_r26,ARFIMA_0.25_n256,,GHE,1.0,0.6380825777102651,0.0,0.6380825777102651,centered
ARFIMA_0.25_n256_r27,ARFIMA_0.25_n256,,GPH,1.0,0.9053663604886504,-1.1102230246251565e-16,0.9053663604886503,raw
ARFIMA_0.25_n256_r27,ARFIMA_0.25_n256,,Higuchi,1.0,0.7625339772529767,0.1943930910271503,0.956927068280127,raw
ARFIMA_0.25_n256_r27,ARFIMA_0.25_n256,,GHE,1.0,0.7630606075135601,0.17643815650310968,0.9394987640166698,raw
ARFIMA_0.25_n256_r27,ARFIMA_0.25_n256,,GPH,1.0,0.9053663604886504,0.0,0.9053663604886504,centered
ARFIMA_0.25_n256_r27,ARFIMA_0.25_n256,,Higuchi,1.0,0.7554213384103408,0.0,0.7554213384103408,centered
ARFIMA_0.25_n256_r27,ARFIMA_0.25_n256,,GHE,1.0,0.7531168403836787,3.3306690738754696e-16,0.753116840383679,centered
ARFIMA_0.25_n256_r28,ARFIMA_0.25_n256,,GPH,1.0,0.837853386743198,0.0,0.837853386743198,raw
ARFIMA_0.25_n256_r28,ARFIMA_0.25_n256,,Higuchi,1.0,0.7954379788426424,0.09639410123629544,0.8918320800789379,raw
ARFIMA_0.25_n256_r28,ARFIMA_0.25_n256,,GHE,1.0,0.7871312145274102,0.0984519715185781,0.8855831860459883,raw
ARFIMA_0.25_n256_r28,ARFIMA_0.25_n256,,GPH,1.0,0.837853386743198,0.0,0.837853386743198,centered
ARFIMA_0.25_n256_r28,ARFIMA_0.25_n256,,Higuchi,1.0,0.6981450306258521,0.0,0.6981450306258521,centered
ARFIMA_0.25_n256_r28,ARFIMA_0.25_n256,,GHE,1.0,0.7035445517275422,0.0,0.7035445517275422,centered
ARFIMA_0.25_n256_r29,ARFIMA_0.25_n256,,GPH,1.0,0.791103095131743,0.0,0.791103095131743,raw
ARFIMA_0.25_n256_r29,ARFIMA_0.25_n256,,Higuchi,1.0,0.8666482554127168,-0.0003053365478844494,0.8663429188648324,raw
ARFIMA_0.25_n256_r29,ARFIMA_0.25_n256,,GHE,1.0,0.8522831234399398,0.007120204544037834,0.8594033279839777,raw
ARFIMA_0.25_n256_r29,ARFIMA_0.25_n256,,GPH,1.0,0.791103095131743,0.0,0.791103095131743,centered
ARFIMA_0.25_n256_r29,ARFIMA_0.25_n256,,Higuchi,1.0,0.8095517561181509,0.0,0.8095517561181509,centered
ARFIMA_0.25_n256_r29,ARFIMA_0.25_n256,,GHE,1.0,0.7966959283612702,0.0,0.7966959283612702,centered
ARFIMA_0.25_n256_r3,ARFIMA_0.25_n256,,GPH,1.0,0.7721199782098765,1.1102230246251565e-16,0.7721199782098767,raw
ARFIMA_0.25_n256_r3,ARFIMA_0.25_n256,,Higuchi,1.0,0.6934475950008183,0.2762369526110995,0.9696845476119178,raw
ARFIMA_0.25_n256_r3,ARFIMA_0.25_n256,,GHE,1.0,0.6878483705148958,0.2762720693408276,0.9641204398557234,raw
ARFIMA_0.25_n256_r3,ARFIMA_0.25_n256,,GPH,1.0,0.7721199782098765,0.0,0.7721199782098765,centered
ARFIMA_0.25_n256_r3,ARFIMA_0.25_n256,,Higuchi,1.0,0.6955641349285671,0.0,0.6955641349285671,centered
ARFIMA_0.25_n256_r3,ARFIMA_0.25_n256,,GHE,1.0,0.6887756577636512,0.0,0.6887756577636512,centered
ARFIMA_0.25_n256_r30,ARFIMA_0.25_n256,,GPH,1.0,0.8294334966399279,0.0,0.8294334966399279,raw
ARFIMA_0.25_n256_r30,ARFIMA_0.25_n256,,Higuchi,1.0,0.6558661777862846,0.30301736267617496,0.9588835404624596,raw
ARFIMA_0.25_n256_r30,ARFIMA_0.25_n256,,GHE,1.0,0.6631533856460693,0.28839066087310017,0.9515440465191695,raw
ARFIMA_0.25_n256_r30,ARFIMA_0.25_n256,,GPH,1.0,0.8294334966399279,1.1102230246251565e-16,0.829433496639928,centered
ARFIMA_0.25_n256_r30,ARFIMA_0.25_n256,,Higuchi,1.0,0.6552313436120576,0.0,0.6552313436120576,centered
ARFIMA_0.25_n256_r30,ARFIMA_0.25_n256,,GHE,1.0,0.6624075987449621,0.0,0.6624075987449621,centered
ARFIMA_0.25_n256_r31,ARFIMA_0.25_n256,,GPH,1.0,0.8613798492660308,0.0,0.8613798492660308,raw
ARFIMA_0.25_n256_r31,ARFIMA_0.25_n256,,Higuchi,1.0,0.7552253100901423,0.14571842088977505,0.9009437309799173,raw
ARFIMA_0.25_n256_r31,ARFIMA_0.25_n256,,GHE,1.0,0.7611231889163903,0.13945767717550472,0.900580866091895,raw
ARFIMA_0.25_n256_r31,ARFIMA_0.25_n256,,GPH,1.0,0.8613798492660308,1.1102230246251565e-16,0.861379849266031,centered
ARFIMA_0.25_n256_r31,ARFIMA_0.25_n256,,Higuchi,1.0,0.6909172373476096,0.0,0.6909172373476096,centered
ARFIMA_0.25_n256_r31,ARFIMA_0.25_n256,,GHE,1.0,0.7111987709510106,0.0,0.7111987709510106,centered
ARFIMA_0.25_n256_r32,ARFIMA_0.25_n256,,GPH,1.0,0.8346157396382992,-2.220446049250313e-16,0.8346157396382989,raw
ARFIMA_0.25_n256_r32,ARFIMA_0.25_n256,,Higuchi,1.0,0.6936806024645767,0.2683696236643607,0.9620502261289374,raw
ARFIMA_0.25_n256_r32,ARFIMA_0.25_n256,,GHE,1.0,0.7094384301277926,0.23896441270182822,0.9484028428296208,raw
ARFIMA_0.25_n256_r32,ARFIMA_0.25_n256,,GPH,1.0,0.8346157396382992,-2.220446049250313e-16,0.8346157396382989,centered
ARFIMA_0.25_n256_r32,ARFIMA_0.25_n256,,Higuchi,1.0,0.6842503140248524,0.0,0.6842503140248524,centered
ARFIMA_0.25_n256_r32,ARFIMA_0.25_n256,,GHE,1.0,0.7022144763449988,0.0,0.7022144763449988,centered
ARFIMA_0.25_n256_r33,ARFIMA_0.25_n256,,GPH,1.0,0.9746726736546134,1.1102230246251565e-16,0.9746726736546135,raw
ARFIMA_0.25_n256_r33,ARFIMA_0.25_n256,,Higuchi,1.0,0.8452418086717362,0.138153084643589,0.9833948933153251,raw
ARFIMA_0.25_n256_r33,ARFIMA_0.25_n256,,GHE,1.0,0.8402561377462863,0.13798490765124305,0.9782410453975293,raw
ARFIMA_0.25_n256_r33,ARFIMA_0.25_n256,,GPH,1.0,0.9746726736546134,0.0,0.9746726736546134,centered
ARFIMA_0.25_n256_r33,ARFIMA_0.25_n256,,Higuchi,1.0,0.8156299710676542,2.220446049250313e-16,0.8156299710676544,centered
ARFIMA_0.25_n256_r33,ARFIMA_0.25_n256,,GHE,1.0,0.8054545138942122,0.0,0.8054545138942122,centered
ARFIMA_0.25_n256_r34,ARFIMA_0.25_n256,,GPH,1.0,0.82287828674521,0.0,0.82287828674521,raw
ARFIMA_0.25_n256_r34,ARFIMA_0.25_n256,,Higuchi,1.0,0.6808451907019901,0.26664227343710833,0.9474874641390985,raw
ARFIMA_0.25_n256_r34,ARFIMA_0.25_n256,,GHE,1.0,0.6927093069338731,0.24859131622010833,0.9413006231539814,raw
ARFIMA_0.25_n256_r34,ARFIMA_0.25_n256,,GPH,1.0,0.82287828674521,0.0,0.82287828674521,centered
ARFIMA_0.25_n256_r34,ARFIMA_0.25_n256,,Higuchi,1.0,0.6812434868684354,0.0,0.6812434868684354,centered
ARFIMA_0.25_n256_r34,ARFIMA_0.25_n256,,GHE,1.0,0.6932448720766009,0.0,0.6932448720766009,centered
ARFIMA_0.25_n256_r35,ARFIMA_0.25_n256,,GPH,1.0,0.8716888259613782,0.0,0.8716888259613782,raw
ARFIMA_0.25_n256_r35,ARFIMA_0.25_n256,,Higuchi,1.0,0.8324573897955243,0.1539927223789821,0.9864501121745064,raw
ARFIMA_0.25_n256_r35,ARFIMA_0.25_n256,,GHE,1.0,0.8218622076763272,0.1633790988982533,0.9852413065745805,raw
ARFIMA_0.25_n256_r35,ARFIMA_0.25_n256,,GPH,1.0,0.8716888259613782,0.0,0.8716888259613782,centered
ARFIMA_0.25_n256_r35,ARFIMA_0.25_n256,,Higuchi,1.0,0.7472213335337388,0.0,0.7472213335337388,centered
ARFIMA_0.25_n256_r35,ARFIMA_0.25_n256,,GHE,1.0,0.7479923588528387,0.0,0.7479923588528387,centered
ARFIMA_0.25_n256_r36,ARFIMA_0.25_n256,,GPH,1.0,0.7241223247707054,-1.1102230246251565e-16,0.7241223247707053,raw
ARFIMA_0.25_n256_r36,ARFIMA_0.25_n256,,Higuchi,1.0,0.7480091699691722,0.17543483367849255,0.9234440036476648,raw
ARFIMA_0.25_n256_r36,ARFIMA_0.25_n256,,GHE,1.0,0.7468290577540038,0.15987876314648075,0.9067078209004845,raw
ARFIMA_0.25_n256_r36,ARFIMA_0.25_n256,,GPH,1.0,0.7241223247707053,0.0,0.7241223247707053,centered
ARFIMA_0.25_n256_r36,ARFIMA_0.25_n256,,Higuchi,1.0,0.6215887985145578,0.0,0.6215887985145578,centered
ARFIMA_0.25_n256_r36,ARFIMA_0.25_n256,,GHE,1.0,0.6335429202412287,0.0,0.6335429202412287,centered
ARFIMA_0.25_n256_r37,ARFIMA_0.25_n256,,GPH,1.0,1.0028967272089155,0.0,1.0028967272089155,raw
ARFIMA_0.25_n256_r37,ARFIMA_0.25_n256,,Higuchi,1.0,0.8733843099077565,0.12942231077719102,1.0028066206849475,raw
ARFIMA_0.25_n256_r37,ARFIMA_0.25_n256,,GHE,1.0,0.8668342994396439,0.13216606180980495,0.9990003612494488,raw
ARFIMA_0.25_n256_r37,ARFIMA_0.25_n256,,GPH,1.0,1.0028967272089155,0.0,1.0028967272089155,centered
ARFIMA_0.25_n256_r37,ARFIMA_0.25_n256,,Higuchi,1.0,0.6679137468095169,0.0,0.6679137468095169,centered
ARFIMA_0.25_n256_r37,ARFIMA_0.25_n256,,GHE,1.0,0.6834581904927653,0.0,0.6834581904927653,centered
ARFIMA_0.25_n256_r38,ARFIMA_0.25_n256,,GPH,1.0,0.7499716584060705,0.0,0.7499716584060705,raw
ARFIMA_0.25_n256_r38,ARFIMA_0.25_n256,,Higuchi,1.0,0.7553770650548148,0.17070008849683926,0.9260771535516541,raw
ARFIMA_0.25_n256_r38,ARFIMA_0.25_n256,,GHE,1.0,0.7565805383789016,0.15882491164606105,0.9154054500249627,raw
ARFIMA_0.25_n256_r38,ARFIMA_0.25_n256,,GPH,1.0,0.7499716584060705,0.0,0.7499716584060705,centered
ARFIMA_0.25_n256_r38,ARFIMA_0.25_n256,,Higuchi,1.0,0.7529574793578524,0.0,0.7529574793578524,centered
ARFIMA_0.25_n256_r38,ARFIMA_0.25_n256,,GHE,1.0,0.7559957278586553,0.0,0.7559957278586553,centered
ARFIMA_0.25_n256_r39,ARFIMA_0.25_n256,,GPH,1.0,0.9030816296770185,0.0,0.9030816296770185,raw
ARFIMA_0.25_n256_r39,ARFIMA_0.25_n256,,Higuchi,1.0,0.7525088228816879,0.13252087223066966,0.8850296951123575,raw
ARFIMA_0.25_n256_r39,ARFIMA_0.25_n256,,GHE,1.0,0.7523667758955945,0.13375863709632896,0.8861254129919235,raw
ARFIMA_0.25_n256_r39,ARFIMA_0.25_n256,,GPH,1.0,0.9030816296770185,0.0,0.9030816296770185,centered
ARFIMA_0.25_n256_r39,ARFIMA_0.25_n256,,Higuchi,1.0,0.7240452818991734,0.0,0.7240452818991734,centered
ARFIMA_0.25_n256_r39,ARFIMA_0.25_n256,,GHE,1.0,0.7253653383568671,0.0,0.7253653383568671,centered
ARFIMA_0.25_n256_r4,ARFIMA_0.25_n256,,GPH,1.0,0.8078079856156346,0.0,0.8078079856156346,raw
ARFIMA_0.25_n256_r4,ARFIMA_0.25_n256,,Higuchi,1.0,0.703948580939473,0.26244531833051576,0.9663938992699888,raw
ARFIMA_0.25_n256_r4,ARFIMA_0.25_n256,,GHE,1.0,0.7189878927107133,0.2369429505479782,0.9559308432586915,raw
ARFIMA_0.25_n256_r4,ARFIMA_0.25_n256,,GPH,1.0,0.8078079856156346,-2.220446049250313e-16,0.8078079856156344,centered
ARFIMA_0.25_n256_r4,ARFIMA_0.25_n256,,Higuchi,1.0,0.7039420094869564,2.220446049250313e-16,0.7039420094869566,centered
ARFIMA_0.25_n256_r4,ARFIMA_0.25_n256,,GHE,1.0,0.7192481149579307,0.0,0.7192481149579307,centered
ARFIMA_0.25_n256_r40,ARFIMA_0.25_n256,,GPH,1.0,0.7592979597833074,0.0,0.7592979597833074,raw
ARFIMA_0.25_n256_r40,ARFIMA_0.25_n256,,Higuchi,1.0,0.6507209380904351,0.3308396263856599,0.981560564476095,raw
ARFIMA_0.25_n256_r40,ARFIMA_0.25_n256,,GHE,1.0,0.6696649487945243,0.3015148168538344,0.9711797656483587,raw
ARFIMA_0.25_n256_r40,ARFIMA_0.25_n256,,GPH,1.0,0.7592979597833074,0.0,0.7592979597833074,centered
ARFIMA_0.25_n256_r40,ARFIMA_0.25_n256,,Higuchi,1.0,0.6468079506135482,0.0,0.6468079506135482,centered
ARFIMA_0.25_n256_r40,ARFIMA_0.25_n256,,GHE,1.0,0.6659853183153114,0.0,0.6659853183153114,centered
ARFIMA_0.25_n256_r41,ARFIMA_0.25_n256,,GPH,1.0,0.8390897888495095,0.0,0.8390897888495095,raw
ARFIMA_0.25_n256_r41,ARFIMA_0.25_n256,,Higuchi,1.0,0.6818300823194703,0.26079382699359055,0.9426239093130608,raw
ARFIMA_0.25_n256_r41,ARFIMA_0.25_n256,,GHE,1.0,0.7001432523339279,0.2367611874922141,0.936904439826142,raw
ARFIMA_0.25_n256_r41,ARFIMA_0.25_n256,,GPH,1.0,0.8390897888495095,1.1102230246251565e-16,0.8390897888495096,centered
ARFIMA_0.25_n256_r41,ARFIMA_0.25_n256,,Higuchi,1.0,0.6759236602062522,2.220446049250313e-16,0.6759236602062524,centered
ARFIMA_0.25_n256_r41,ARFIMA_0.25_n256,,GHE,1.0,0.6961373887140502,0.0,0.6961373887140502,centered
ARFIMA_0.25_n256_r42,ARFIMA_0.25_n256,,GPH,1.0,0.8478711399619385,0.0,0.8478711399619385,raw
ARFIMA_0.25_n256_r42,ARFIMA_0.25_n256,,Higuchi,1.0,0.6328943011588699,0.28839504388103787,0.9212893450399078,raw
ARFIMA_0.25_n256_r42,ARFIMA_0.25_n256,,GHE,1.0,0.6424918117971827,0.2717454103821376,0.9142372221793204,raw
ARFIMA_0.25_n256_r42,ARFIMA_0.25_n256,,GPH,1.0,0.8478711399619385,0.0,0.8478711399619385,centered
ARFIMA_0.25_n256_r42,ARFIMA_0.25_n256,,Higuchi,1.0,0.5977580681483481,0.0,0.5977580681483481,centered
ARFIMA_0.25_n256_r42,ARFIMA_0.25_n256,,GHE,1.0,0.6141404903889699,1.1102230246251565e-16,0.61414049038897,centered
ARFIMA_0.25_n256_r43,ARFIMA_0.25_n256,,GPH,1.0,0.8396448619475573,0.0,0.8396448619475573,raw
ARFIMA_0.25_n256_r43,ARFIMA_0.25_n256,,Higuchi,1.0,0.7631362800527015,0.18060944136286783,0.9437457214155693,raw
ARFIMA_0.25_n256_r43,ARFIMA_0.25_n256,,GHE,1.0,0.7549331742421972,0.18445455856928505,0.9393877328114822,raw
ARFIMA_0.25_n256_r43,ARFIMA_0.25_n256,,GPH,1.0,0.8396448619475573,0.0,0.8396448619475573,centered
ARFIMA_0.25_n256_r43,ARFIMA_0.25_n256,,Higuchi,1.0,0.7684998854156948,0.0,0.7684998854156948,centered
ARFIMA_0.25_n256_r43,ARFIMA_0.25_n256,,GHE,1.0,0.7600783428105073,0.0,0.7600783428105073,centered
ARFIMA_0.25_n256_r44,ARFIMA_0.25_n256,,GPH,1.0,0.5592991085428384,1.1102230246251565e-16,0.5592991085428385,raw
ARFIMA_0.25_n256_r44,ARFIMA_0.25_n256,,Higuchi,1.0,0.5849929726469629,0.3662387309326136,0.9512317035795765,raw
ARFIMA_0.25_n256_r44,ARFIMA_0.25_n256,,GHE,1.0,0.5995480257757754,0.3463878038880839,0.9459358296638593,raw
ARFIMA_0.25_n256_r44,ARFIMA_0.25_n256,,GPH,1.0,0.5592991085428384,1.1102230246251565e-16,0.5592991085428385,centered
ARFIMA_0.25_n256_r44,ARFIMA_0.25_n256,,Higuchi,1.0,0.5850210912386404,0.0,0.5850210912386404,centered
ARFIMA_0.25_n256_r44,ARFIMA_0.25_n256,,GHE,1.0,0.598968668539229,-2.220446049250313e-16,0.5989686685392288,centered
ARFIMA_0.25_n256_r45,ARFIMA_0.25_n256,,GPH,1.0,0.7006734763541435,0.0,0.7006734763541435,raw
ARFIMA_0.25_n256_r45,ARFIMA_0.25_n256,,Higuchi,1.0,0.8149031710440584,0.14832805766642432,0.9632312287104827,raw
ARFIMA_0.25_n256_r45,ARFIMA_0.25_n256,,GHE,1.0,0.8161985534742385,0.14102869253369454,0.9572272460079331,raw
ARFIMA_0.25_n256_r45,ARFIMA_0.25_n256,,GPH,1.0,0.7006734763541436,0.0,0.7006734763541436,centered
ARFIMA_0.25_n256_r45,ARFIMA_0.25_n256,,Higuchi,1.0,0.8045847530049017,0.0,0.8045847530049017,centered
ARFIMA_0.25_n256_r45,ARFIMA_0.25_n256,,GHE,1.0,0.8054785539901261,-1.1102230246251565e-16,0.805478553990126,centered
ARFIMA_0.25_n256_r46,ARFIMA_0.25_n256,,GPH,1.0,0.9247994536132259,1.1102230246251565e-16,0.924799453613226,raw
ARFIMA_0.25_n256_r46,ARFIMA_0.25_n256,,Higuchi,1.0,0.7003227923433002,0.21367012214243797,0.9139929144857382,raw
ARFIMA_0.25_n256_r46,ARFIMA_0.25_n256,,GHE,1.0,0.7041703089047356,0.19367408290484667,0.8978443918095823,raw
ARFIMA_0.25_n256_r46,ARFIMA_0.25_n256,,GPH,1.0,0.9247994536132259,1.1102230246251565e-16,0.924799453613226,centered
ARFIMA_0.25_n256_r46,ARFIMA_0.25_n256,,Higuchi,1.0,0.6325245849866536,0.0,0.6325245849866536,centered
ARFIMA_0.25_n256_r46,ARFIMA_0.25_n256,,GHE,1.0,0.6433661174914356,-1.1102230246251565e-16,0.6433661174914355,centered
ARFIMA_0.25_n256_r47,ARFIMA_0.25_n256,,GPH,1.0,0.681295381195459,0.0,0.681295381195459,raw
ARFIMA_0.25_n256_r47,ARFIMA_0.25_n256,,Higuchi,1.0,0.6484377424352203,0.33442862018762276,0.9828663626228431,raw
ARFIMA_0.25_n256_r47,ARFIMA_0.25_n256,,GHE,1.0,0.6563746354807282,0.3182328386932901,0.9746074741740183,raw
ARFIMA_0.25_n256_r47,ARFIMA_0.25_n256,,GPH,1.0,0.681295381195459,0.0,0.681295381195459,centered
ARFIMA_0.25_n256_r47,ARFIMA_0.25_n256,,Higuchi,1.0,0.6487082000129556,0.0,0.6487082000129556,centered
ARFIMA_0.25_n256_r47,ARFIMA_0.25_n256,,GHE,1.0,0.6567016572667133,0.0,0.6567016572667133,centered
ARFIMA_0.25_n256_r48,ARFIMA_0.25_n256,,GPH,1.0,0.6924936009410839,0.0,0.6924936009410839,raw
ARFIMA_0.25_n256_r48,ARFIMA_0.25_n256,,Higuchi,1.0,0.8262300441408905,0.16216792462587337,0.9883979687667639,raw
ARFIMA_0.25_n256_r48,ARFIMA_0.25_n256,,GHE,1.0,0.8316496333088459,0.15734646168598432,0.9889960949948302,raw
ARFIMA_0.25_n256_r48,ARFIMA_0.25_n256,,GPH,1.0,0.6924936009410838,1.1102230246251565e-16,0.6924936009410839,centered
ARFIMA_0.25_n256_r48,ARFIMA_0.25_n256,,Higuchi,1.0,0.671613822691117,-2.220446049250313e-16,0.6716138226911168,centered
ARFIMA_0.25_n256_r48,ARFIMA_0.25_n256,,GHE,1.0,0.6852325701812504,0.0,0.6852325701812504,centered
ARFIMA_0.25_n256_r49,ARFIMA_0.25_n256,,GPH,1.0,0.6576396774787614,0.0,0.6576396774787614,raw
ARFIMA_0.25_n256_r49,ARFIMA_0.25_n256,,Higuchi,1.0,0.623119541430526,0.32931442767179453,0.9524339691023205,raw
ARFIMA_0.25_n256_r49,ARFIMA_0.25_n256,,GHE,1.0,0.6340858766112079,0.30926657222695864,0.9433524488381665,raw
ARFIMA_0.25_n256_r49,ARFIMA_0.25_n256,,GPH,1.0,0.6576396774787614,-1.1102230246251565e-16,0.6576396774787613,centered
ARFIMA_0.25_n256_r49,ARFIMA_0.25_n256,,Higuchi,1.0,0.6147829067432866,2.220446049250313e-16,0.6147829067432868,centered
ARFIMA_0.25_n256_r49,ARFIMA_0.25_n256,,GHE,1.0,0.6274570187424069,0.0,0.6274570187424069,centered
ARFIMA_0.25_n256_r5,ARFIMA_0.25_n256,,GPH,1.0,0.6820845230790603,-1.1102230246251565e-16,0.6820845230790602,raw
ARFIMA_0.25_n256_r5,ARFIMA_0.25_n256,,Higuchi,1.0,0.7810430795465677,0.15978529932169705,0.9408283788682648,raw
ARFIMA_0.25_n256_r5,ARFIMA_0.25_n256,,GHE,1.0,0.7755170608678867,0.15727760972423077,0.9327946705921175,raw
ARFIMA_0.25_n256_r5,ARFIMA_0.25_n256,,GPH,1.0,0.6820845230790603,-1.1102230246251565e-16,0.6820845230790602,centered
ARFIMA_0.25_n256_r5,ARFIMA_0.25_n256,,Higuchi,1.0,0.7500116948377336,0.0,0.7500116948377336,centered
ARFIMA_0.25_n256_r5,ARFIMA_0.25_n256,,GHE,1.0,0.7434949172252974,-1.1102230246251565e-16,0.7434949172252973,centered
ARFIMA_0.25_n256_r50,ARFIMA_0.25_n256,,GPH,1.0,0.6846664536791954,1.1102230246251565e-16,0.6846664536791955,raw
ARFIMA_0.25_n256_r50,ARFIMA_0.25_n256,,Higuchi,1.0,0.6475077762616852,0.28859237547569827,0.9361001517373835,raw
ARFIMA_0.25_n256_r50,ARFIMA_0.25_n256,,GHE,1.0,0.6570367549448969,0.26422066808874134,0.9212574230336382,raw
ARFIMA_0.25_n256_r50,ARFIMA_0.25_n256,,GPH,1.0,0.6846664536791954,0.0,0.6846664536791954,centered
ARFIMA_0.25_n256_r50,ARFIMA_0.25_n256,,Higuchi,1.0,0.5484655921381929,0.0,0.5484655921381929,centered
ARFIMA_0.25_n256_r50,ARFIMA_0.25_n256,,GHE,1.0,0.5802156797235702,0.0,0.5802156797235702,centered
ARFIMA_0.25_n256_r51,ARFIMA_0.25_n256,,GPH,1.0,0.47707577115984917,0.0,0.47707577115984917,raw
ARFIMA_0.25_n256_r51,ARFIMA_0.25_n256,,Higuchi,1.0,0.6082791383551176,0.3696191562147815,0.9778982945698991,raw
ARFIMA_0.25_n256_r51,ARFIMA_0.25_n256,,GHE,1.0,0.6142620643797305,0.3560710203467693,0.9703330847264998,raw
ARFIMA_0.25_n256_r51,ARFIMA_0.25_n256,,GPH,1.0,0.47707577115984917,0.0,0.47707577115984917,centered
ARFIMA_0.25_n256_r51,ARFIMA_0.25_n256,,Higuchi,1.0,0.5236032167934521,0.0,0.5236032167934521,centered
ARFIMA_0.25_n256_r51,ARFIMA_0.25_n256,,GHE,1.0,0.5502593395223871,-1.1102230246251565e-16,0.550259339522387,centered
ARFIMA_0.25_n256_r52,ARFIMA_0.25_n256,,GPH,1.0,0.9363112936152089,0.0,0.9363112936152089,raw
ARFIMA_0.25_n256_r52,ARFIMA_0.25_n256,,Higuchi,1.0,0.8394951907474784,0.06280741992793293,0.9023026106754113,raw
ARFIMA_0.25_n256_r52,ARFIMA_0.25_n256,,GHE,1.0,0.8254642435583504,0.06861729853904408,0.8940815420973944,raw
ARFIMA_0.25_n256_r52,ARFIMA_0.25_n256,,GPH,1.0,0.9363112936152089,0.0,0.9363112936152089,centered
ARFIMA_0.25_n256_r52,ARFIMA_0.25_n256,,Higuchi,1.0,0.8127471576277865,0.0,0.8127471576277865,centered
ARFIMA_0.25_n256_r52,ARFIMA_0.25_n256,,GHE,1.0,0.7926745381790885,0.0,0.7926745381790885,centered
ARFIMA_0.25_n256_r53,ARFIMA_0.25_n256,,GPH,1.0,0.6176805401263621,0.0,0.6176805401263621,raw
ARFIMA_0.25_n256_r53,ARFIMA_0.25_n256,,Higuchi,1.0,0.6861327503598258,0.28910431944287573,0.9752370698027015,raw
ARFIMA_0.25_n256_r53,ARFIMA_0.25_n256,,GHE,1.0,0.6870227073935872,0.28737633254001405,0.9743990399336012,raw
ARFIMA_0.25_n256_r53,ARFIMA_0.25_n256,,GPH,1.0,0.6176805401263621,-1.1102230246251565e-16,0.617680540126362,centered
ARFIMA_0.25_n256_r53,ARFIMA_0.25_n256,,Higuchi,1.0,0.5937051964571252,2.220446049250313e-16,0.5937051964571254,centered
ARFIMA_0.25_n256_r53,ARFIMA_0.25_n256,,GHE,1.0,0.6022735558622296,2.220446049250313e-16,0.6022735558622299,centered
ARFIMA_0.25_n256_r54,ARFIMA_0.25_n256,,GPH,1.0,0.8945077152424087,0.0,0.8945077152424087,raw
ARFIMA_0.25_n256_r54,ARFIMA_0.25_n256,,Higuchi,1.0,0.7151629344684836,0.2814335343011831,0.9965964687696667,raw
ARFIMA_0.25_n256_r54,ARFIMA_0.25_n256,,GHE,1.0,0.7219614452869797,0.2673970315313088,0.9893584768182885,raw
ARFIMA_0.25_n256_r54,ARFIMA_0.25_n256,,GPH,1.0,0.8945077152424087,0.0,0.8945077152424087,centered
ARFIMA_0.25_n256_r54,ARFIMA_0.25_n256,,Higuchi,1.0,0.5778345012642585,0.0,0.5778345012642585,centered
ARFIMA_0.25_n256_r54,ARFIMA_0.25_n256,,GHE,1.0,0.6159331364028633,0.0,0.6159331364028633,centered
ARFIMA_0.25_n256_r55,ARFIMA_0.25_n256,,GPH,1.0,0.8700857702733915,-1.1102230246251565e-16,0.8700857702733914,raw
ARFIMA_0.25_n256_r55,ARFIMA_0.25_n256,,Higuchi,1.0,0.7703015420465447,0.19254719686631971,0.9628487389128644,raw
ARFIMA_0.25_n256_r55,ARFIMA_0.25_n256,,GHE,1.0,0.7838667157685894,0.17662259401707225,0.9604893097856616,raw
ARFIMA_0.25_n256_r55,ARFIMA_0.25_n256,,GPH,1.0,0.8700857702733915,-1.1102230246251565e-16,0.8700857702733914,centered
ARFIMA_0.25_n256_r55,ARFIMA_0.25_n256,,Higuchi,1.0,0.776108371794682,0.0,0.776108371794682,centered
ARFIMA_0.25_n256_r55,ARFIMA_0.25_n256,,GHE,1.0,0.7769643699707716,2.220446049250313e-16,0.7769643699707718,centered
ARFIMA_0.25_n256_r56,ARFIMA_0.25_n256,,GPH,1.0,0.7142854451257306,0.0,0.7142854451257306,raw
ARFIMA_0.25_n256_r56,ARFIMA_0.25_n256,,Higuchi,1.0,0.6465850406891842,0.3327997368910254,0.9793847775802096,raw
ARFIMA_0.25_n256_r56,ARFIMA_0.25_n256,,GHE,1.0,0.6524901348670973,0.3180602259050094,0.9705503607721067,raw
ARFIMA_0.25_n256_r56,ARFIMA_0.25_n256,,GPH,1.0,0.7142854451257306,-1.1102230246251565e-16,0.7142854451257304,centered
ARFIMA_0.25_n256_r56,ARFIMA_0.25_n256,,Higuchi,1.0,0.6483565378565483,0.0,0.6483565378565483,centered
ARFIMA_0.25_n256_r56,ARFIMA_0.25_n256,,GHE,1.0,0.652941593577024,0.0,0.652941593577024,centered
ARFIMA_0.25_n256_r57,ARFIMA_0.25_n256,,GPH,1.0,0.8309389561125788,0.0,0.8309389561125788,raw
ARFIMA_0.25_n256_r57,ARFIMA_0.25_n256,,Higuchi,1.0,0.7571337371150579,0.1289629074098122,0.8860966445248701,raw
ARFIMA_0.25_n256_r57,ARFIMA_0.25_n256,,GHE,1.0,0.7487617213720501,0.13412623162949389,0.882887953001544,raw
ARFIMA_0.25_n256_r57,ARFIMA_0.25_n256,,GPH,1.0,0.8309389561125788,1.1102230246251565e-16,0.830938956112579,centered
ARFIMA_0.25_n256_r57,ARFIMA_0.25_n256,,Higuchi,1.0,0.6938205189065931,0.0,0.6938205189065931,centered
ARFIMA_0.25_n256_r57,ARFIMA_0.25_n256,,GHE,1.0,0.6950583400640917,0.0,0.6950583400640917,centered
ARFIMA_0.25_n256_r58,ARFIMA_0.25_n256,,GPH,1.0,0.8850041448732271,-2.220446049250313e-16,0.8850041448732269,raw
ARFIMA_0.25_n256_r58,ARFIMA_0.25_n256,,Higuchi,1.0,0.7439999298508173,0.2574653663509836,1.001465296201801,raw
ARFIMA_0.25_n256_r58,ARFIMA_0.25_n256,,GHE,1.0,0.7409988144778072,0.25060263830288754,0.9916014527806948,raw
ARFIMA_0.25_n256_r58,ARFIMA_0.25_n256,,GPH,1.0,0.8850041448732271,-2.220446049250313e-16,0.8850041448732269,centered
ARFIMA_0.25_n256_r58,ARFIMA_0.25_n256,,Higuchi,1.0,0.7238379402807265,-2.220446049250313e-16,0.7238379402807262,centered
ARFIMA_0.25_n256_r58,ARFIMA_0.25_n256,,GHE,1.0,0.7212843659241739,0.0,0.7212843659241739,centered
ARFIMA_0.25_n256_r59,ARFIMA_0.25_n256,,GPH,1.0,0.5582042146187113,0.0,0.5582042146187113,raw
ARFIMA_0.25_n256_r59,ARFIMA_0.25_n256,,Higuchi,1.0,0.934328890262319,-0.23514642364331162,0.6991824666190074,raw
ARFIMA_0.25_n256_r59,ARFIMA_0.25_n256,,GHE,1.0,0.9249145882721981,-0.23837681739287497,0.6865377708793231,raw
ARFIMA_0.25_n256_r59,ARFIMA_0.25_n256,,GPH,1.0,0.5582042146187114,0.0,0.5582042146187114,centered
ARFIMA_0.25_n256_r59,ARFIMA_0.25_n256,,Higuchi,1.0,0.56693435363913,0.0,0.56693435363913,centered
ARFIMA_0.25_n256_r59,ARFIMA_0.25_n256,,GHE,1.0,0.572776912283714,0.0,0.572776912283714,centered
ARFIMA_0.25_n256_r6,ARFIMA_0.25_n256,,GPH,1.0,0.7717723309540342,1.1102230246251565e-16,0.7717723309540343,raw
ARFIMA_0.25_n256_r6,ARFIMA_0.25_n256,,Higuchi,1.0,0.9050841951339326,-0.127327712712636,0.7777564824212966,raw
ARFIMA_0.25_n256_r6,ARFIMA_0.25_n256,,GHE,1.0,0.8873670999912852,-0.12305196967541332,0.7643151303158718,raw
ARFIMA_0.25_n256_r6,ARFIMA_0.25_n256,,GPH,1.0,0.7717723309540343,0.0,0.7717723309540343,centered
ARFIMA_0.25_n256_r6,ARFIMA_0.25_n256,,Higuchi,1.0,0.639127330532747,0.0,0.639127330532747,centered
ARFIMA_0.25_n256_r6,ARFIMA_0.25_n256,,GHE,1.0,0.6459650264897536,0.0,0.6459650264897536,centered
ARFIMA_0.25_n256_r60,ARFIMA_0.25_n256,,GPH,1.0,0.9020153261306023,-1.1102230246251565e-16,0.9020153261306022,raw
ARFIMA_0.25_n256_r60,ARFIMA_0.25_n256,,Higuchi,1.0,0.8332979595461014,0.0417599133083677,0.8750578728544691,raw
ARFIMA_0.25_n256_r60,ARFIMA_0.25_n256,,GHE,1.0,0.8244141451714998,0.034022960265628566,0.8584371054371284,raw
ARFIMA_0.25_n256_r60,ARFIMA_0.25_n256,,GPH,1.0,0.9020153261306023,0.0,0.9020153261306023,centered
ARFIMA_0.25_n256_r60,ARFIMA_0.25_n256,,Higuchi,1.0,0.7188001323495647,0.0,0.7188001323495647,centered
ARFIMA_0.25_n256_r60,ARFIMA_0.25_n256,,GHE,1.0,0.7040106243729967,1.1102230246251565e-16,0.7040106243729968,centered
ARFIMA_0.25_n256_r61,ARFIMA_0.25_n256,,GPH,1.0,0.6914840897542751,1.1102230246251565e-16,0.6914840897542752,raw
ARFIMA_0.25_n256_r61,ARFIMA_0.25_n256,,Higuchi,1.0,0.6619757955199337,0.27511430854903884,0.9370901040689725,raw
ARFIMA_0.25_n256_r61,ARFIMA_0.25_n256,,GHE,1.0,0.6888929916578723,0.23319805708008012,0.9220910487379524,raw
ARFIMA_0.25_n256_r61,ARFIMA_0.25_n256,,GPH,1.0,0.6914840897542751,0.0,0.6914840897542751,centered
ARFIMA_0.25_n256_r61,ARFIMA_0.25_n256,,Higuchi,1.0,0.5470028561793605,0.0,0.5470028561793605,centered
ARFIMA_0.25_n256_r61,ARFIMA_0.25_n256,,GHE,1.0,0.578017848683123,-3.3306690738754696e-16,0.5780178486831227,centered
ARFIMA_0.25_n256_r62,ARFIMA_0.25_n256,,GPH,1.0,0.647872209745141,0.0,0.647872209745141,raw
ARFIMA_0.25_n256_r62,ARFIMA_0.25_n256,,Higuchi,1.0,0.5349324592380189,0.39551454660084584,0.9304470058388647,raw
ARFIMA_0.25_n256_r62,ARFIMA_0.25_n256,,GHE,1.0,0.5513536615630208,0.36911029724922717,0.920463958812248,raw
ARFIMA_0.25_n256_r62,ARFIMA_0.25_n256,,GPH,1.0,0.647872209745141,0.0,0.647872209745141,centered
ARFIMA_0.25_n256_r62,ARFIMA_0.25_n256,,Higuchi,1.0,0.46351206288658364,0.0,0.46351206288658364,centered
ARFIMA_0.25_n256_r62,ARFIMA_0.25_n256,,GHE,1.0,0.49760594955010207,-5.551115123125783e-17,0.497605949550102,centered
ARFIMA_0.25_n256_r63,ARFIMA_0.25_n256,,GPH,1.0,0.692187342061128,1.1102230246251565e-16,0.6921873420611281,raw
ARFIMA_0.25_n256_r63,ARFIMA_0.25_n256,,Higuchi,1.0,0.7128858519426156,0.27174284114314773,0.9846286930857633,raw
ARFIMA_0.25_n256_r63,ARFIMA_0.25_n256,,GHE,1.0,0.6987010168159495,0.2841819127060964,0.9828829295220459,raw
ARFIMA_0.25_n256_r63,ARFIMA_0.25_n256,,GPH,1.0,0.6921873420611281,0.0,0.6921873420611281,centered
ARFIMA_0.25_n256_r63,ARFIMA_0.25_n256,,Higuchi,1.0,0.6760196192618688,0.0,0.6760196192618688,centered
ARFIMA_0.25_n256_r63,ARFIMA_0.25_n256,,GHE,1.0,0.6442119415022143,-3.3306690738754696e-16,0.644211941502214,centered
ARFIMA_0.25_n256_r7,ARFIMA_0.25_n256,,GPH,1.0,0.8240019650514674,2.220446049250313e-16,0.8240019650514676,raw
ARFIMA_0.25_n256_r7,ARFIMA_0.25_n256,,Higuchi,1.0,0.6906364932704978,0.29339505676943056,0.9840315500399284,raw
ARFIMA_0.25_n256_r7,ARFIMA_0.25_n256,,GHE,1.0,0.6887857504809146,0.29118163289162713,0.9799673833725417,raw
ARFIMA_0.25_n256_r7,ARFIMA_0.25_n256,,GPH,1.0,0.8240019650514674,1.1102230246251565e-16,0.8240019650514675,centered
ARFIMA_0.25_n256_r7,ARFIMA_0.25_n256,,Higuchi,1.0,0.6012473511353307,0.0,0.6012473511353307,centered
ARFIMA_0.25_n256_r7,ARFIMA_0.25_n256,,GHE,1.0,0.6196002646920565,-1.1102230246251565e-16,0.6196002646920564,centered
ARFIMA_0.25_n256_r8,ARFIMA_0.25_n256,,GPH,1.0,0.47342475127661077,1.1102230246251565e-16,0.4734247512766109,raw
ARFIMA_0.25_n256_r8,ARFIMA_0.25_n256,,Higuchi,1.0,0.7250205288839269,0.2796046704270052,1.004625199310932,raw
ARFIMA_0.25_n256_r8,ARFIMA_0.25_n256,,GHE,1.0,0.7210261617627466,0.2779915899919889,0.9990177517547355,raw
ARFIMA_0.25_n256_r8,ARFIMA_0.25_n256,,GPH,1.0,0.47342475127661093,-5.551115123125783e-17,0.4734247512766109,centered
ARFIMA_0.25_n256_r8,ARFIMA_0.25_n256,,Higuchi,1.0,0.5437638346161002,-4.440892098500626e-16,0.5437638346160998,centered
ARFIMA_0.25_n256_r8,ARFIMA_0.25_n256,,GHE,1.0,0.5805687482355493,0.0,0.5805687482355493,centered
ARFIMA_0.25_n256_r9,ARFIMA_0.25_n256,,GPH,1.0,0.6887673854534802,2.220446049250313e-16,0.6887673854534804,raw
ARFIMA_0.25_n256_r9,ARFIMA_0.25_n256,,Higuchi,1.0,0.6667019961845979,0.29441736644427685,0.9611193626288748,raw
ARFIMA_0.25_n256_r9,ARFIMA_0.25_n256,,GHE,1.0,0.6740882099889399,0.2831081599513393,0.9571963699402792,raw
ARFIMA_0.25_n256_r9,ARFIMA_0.25_n256,,GPH,1.0,0.6887673854534802,2.220446049250313e-16,0.6887673854534804,centered
ARFIMA_0.25_n256_r9,ARFIMA_0.25_n256,,Higuchi,1.0,0.6815002453646763,0.0,0.6815002453646763,centered
ARFIMA_0.25_n256_r9,ARFIMA_0.25_n256,,GHE,1.0,0.6859404651872893,0.0,0.6859404651872893,centered
ARFIMA_0.25_n512_r0,ARFIMA_0.25_n512,,GPH,1.0,0.8913280176959801,0.0,0.8913280176959801,raw
ARFIMA_0.25_n512_r0,ARFIMA_0.25_n512,,Higuchi,1.0,0.692666038670593,0.2553528829630827,0.9480189216336756,raw
ARFIMA_0.25_n512_r0,ARFIMA_0.25_n512,,GHE,1.0,0.6973166062390782,0.24530885051444673,0.9426254567535249,raw
ARFIMA_0.25_n512_r0,ARFIMA_0.25_n512,,GPH,1.0,0.8913280176959801,2.220446049250313e-16,0.8913280176959804,centered
ARFIMA_0.25_n512_r0,ARFIMA_0.25_n512,,Higuchi,1.0,0.6930267057666624,0.0,0.6930267057666624,centered
ARFIMA_0.25_n512_r0,ARFIMA_0.25_n512,,GHE,1.0,0.6976085892580823,0.0,0.6976085892580823,centered
ARFIMA_0.25_n512_r1,ARFIMA_0.25_n512,,GPH,1.0,0.732886292703806,0.0,0.732886292703806,raw
ARFIMA_0.25_n512_r1,ARFIMA_0.25_n512,,Higuchi,1.0,0.736091717210182,0.16853243753838187,0.9046241547485638,raw
ARFIMA_0.25_n512_r1,ARFIMA_0.25_n512,,GHE,1.0,0.7405359333742946,0.15501612127950481,0.8955520546537994,raw
ARFIMA_0.25_n512_r1,ARFIMA_0.25_n512,,GPH,1.0,0.7328862927038061,-1.1102230246251565e-16,0.732886292703806,centered
ARFIMA_0.25_n512_r1,ARFIMA_0.25_n512,,Higuchi,1.0,0.6549238822518741,0.0,0.6549238822518741,centered
ARFIMA_0.25_n512_r1,ARFIMA_0.25_n512,,GHE,1.0,0.6737317691267889,0.0,0.6737317691267889,centered
ARFIMA_0.25_n512_r10,ARFIMA_0.25_n512,,GPH,1.0,0.5986530453278863,1.1102230246251565e-16,0.5986530453278864,raw
ARFIMA_0.25_n512_r10,ARFIMA_0.25_n512,,Higuchi,1.0,0.5609252325662912,0.4089344370835568,0.969859669649848,raw
ARFIMA_0.25_n512_r10,ARFIMA_0.25_n512,,GHE,1.0,0.5881965334276937,0.3735016101163523,0.961698143544046,raw
ARFIMA_0.25_n512_r10,ARFIMA_0.25_n512,,GPH,1.0,0.5986530453278864,0.0,0.5986530453278864,centered
ARFIMA_0.25_n512_r10,ARFIMA_0.25_n512,,Higuchi,1.0,0.5610328516799292,2.220446049250313e-16,0.5610328516799294,centered
ARFIMA_0.25_n512_r10,ARFIMA_0.25_n512,,GHE,1.0,0.5882608576864516,-2.220446049250313e-16,0.5882608576864514,centered
ARFIMA_0.25_n512_r11,ARFIMA_0.25_n512,,GPH,1.0,0.8453469384719596,0.0,0.8453469384719596,raw
ARFIMA_0.25_n512_r11,ARFIMA_0.25_n512,,Higuchi,1.0,0.7412988524664033,0.1917516031033546,0.9330504555697579,raw
ARFIMA_0.25_n512_r11,ARFIMA_0.25_n512,,GHE,1.0,0.7438508535610655,0.17381019681370447,0.91766105037477,raw
ARFIMA_0.25_n512_r11,ARFIMA_0.25_n512,,GPH,1.0,0.8453469384719596,0.0,0.8453469384719596,centered
ARFIMA_0.25_n512_r11,ARFIMA_0.25_n512,,Higuchi,1.0,0.6976954248896545,0.0,0.6976954248896545,centered
ARFIMA_0.25_n512_r11,ARFIMA_0.25_n512,,GHE,1.0,0.7104401129980942,1.1102230246251565e-16,0.7104401129980943,centered
ARFIMA_0.25_n512_r12,ARFIMA_0.25_n512,,GPH,1.0,0.6863829467356987,1.1102230246251565e-16,0.6863829467356988,raw
ARFIMA_0.25_n512_r12,ARFIMA_0.25_n512,,Higuchi,1.0,0.7486815360393981,0.16896277104479895,0.9176443070841971,raw
ARFIMA_0.25_n512_r12,ARFIMA_0.25_n512,,GHE,1.0,0.7437649693644209,0.16680662451908967,0.9105715938835106,raw
ARFIMA_0.25_n512_r12,ARFIMA_0.25_n512,,GPH,1.0,0.6863829467356987,1.1102230246251565e-16,0.6863829467356988,centered
ARFIMA_0.25_n512_r12,ARFIMA_0.25_n512,,Higuchi,1.0,0.6767118601887736,0.0,0.6767118601887736,centered
ARFIMA_0.25_n512_r12,ARFIMA_0.25_n512,,GHE,1.0,0.6825033867557957,0.0,0.6825033867557957,centered
ARFIMA_0.25_n512_r13,ARFIMA_0.25_n512,,GPH,1.0,0.6451375849301839,1.1102230246251565e-16,0.645137584930184,raw
ARFIMA_0.25_n512_r13,ARFIMA_0.25_n512,,Higuchi,1.0,0.58250244138019,0.3626629991352277,0.9451654405154177,raw
ARFIMA_0.25_n512_r13,ARFIMA_0.25_n512,,GHE,1.0,0.6022535068177722,0.3271542012705363,0.9294077080883085,raw
ARFIMA_0.25_n512_r13,ARFIMA_0.25_n512,,GPH,1.0,0.6451375849301839,1.1102230246251565e-16,0.645137584930184,centered
ARFIMA_0.25_n512_r13,ARFIMA_0.25_n512,,Higuchi,1.0,0.5406281693864452,0.0,0.5406281693864452,centered
ARFIMA_0.25_n512_r13,ARFIMA_0.25_n512,,GHE,1.0,0.5639825907130557,0.0,0.5639825907130557,centered
ARFIMA_0.25_n512_r14,ARFIMA_0.25_n512,,GPH,1.0,0.8093941353754266,0.0,0.8093941353754266,raw
ARFIMA_0.25_n512_r14,ARFIMA_0.25_n512,,Higuchi,1.0,0.7125227393390205,0.21348927449762978,0.9260120138366503,raw
ARFIMA_0.25_n512_r14,ARFIMA_0.25_n512,,GHE,1.0,0.7222684027496876,0.19590884030575728,0.9181772430554449,raw
ARFIMA_0.25_n512_r14,ARFIMA_0.25_n512,,GPH,1.0,0.8093941353754266,0.0,0.8093941353754266,centered
ARFIMA_0.25_n512_r14,ARFIMA_0.25_n512,,Higuchi,1.0,0.7023901947233855,0.0,0.7023901947233855,centered
ARFIMA_0.25_n512_r14,ARFIMA_0.25_n512,,GHE,1.0,0.7146722295621488,0.0,0.7146722295621488,centered
ARFIMA_0.25_n512_r15,ARFIMA_0.25_n512,,GPH,1.0,0.6098658238526623,1.1102230246251565e-16,0.6098658238526624,raw
ARFIMA_0.25_n512_r15,ARFIMA_0.25_n512,,Higuchi,1.0,0.7115708556093312,0.2204521007794531,0.9320229563887843,raw
ARFIMA_0.25_n512_r15,ARFIMA_0.25_n512,,GHE,1.0,0.7147453734287375,0.19970220757045032,0.9144475809991878,raw
ARFIMA_0.25_n512_r15,ARFIMA_0.25_n512,,GPH,1.0,0.6098658238526623,1.1102230246251565e-16,0.6098658238526624,centered
ARFIMA_0.25_n512_r15,ARFIMA_0.25_n512,,Higuchi,1.0,0.6195143729690045,-2.220446049250313e-16,0.6195143729690042,centered
ARFIMA_0.25_n512_r15,ARFIMA_0.25_n512,,GHE,1.0,0.6316474030519718,1.1102230246251565e-16,0.6316474030519719,centered
ARFIMA_0.25_n512_r16,ARFIMA_0.25_n512,,GPH,1.0,0.7797574930952492,1.1102230246251565e-16,0.7797574930952493,raw
ARFIMA_0.25_n512_r16,ARFIMA_0.25_n512,,Higuchi,1.0,0.6415754352437759,0.31942842776856395,0.9610038630123399,raw
ARFIMA_0.25_n512_r16,ARFIMA_0.25_n512,,GHE,1.0,0.6498239189320805,0.30361798597321044,0.9534419049052909,raw
ARFIMA_0.25_n512_r16,ARFIMA_0.25_n512,,GPH,1.0,0.7797574930952491,2.220446049250313e-16,0.7797574930952493,centered
ARFIMA_0.25_n512_r16,ARFIMA_0.25_n512,,Higuchi,1.0,0.649238443288001,0.0,0.649238443288001,centered
ARFIMA_0.25_n512_r16,ARFIMA_0.25_n512,,GHE,1.0,0.656420846664318,0.0,0.656420846664318,centered
ARFIMA_0.25_n512_r17,ARFIMA_0.25_n512,,GPH,1.0,0.9428402365071682,1.1102230246251565e-16,0.9428402365071683,raw
ARFIMA_0.25_n512_r17,ARFIMA_0.25_n512,,Higuchi,1.0,0.7719316720327203,0.22040157597532284,0.9923332480080431,raw
ARFIMA_0.25_n512_r17,ARFIMA_0.25_n512,,GHE,1.0,0.7752975001787414,0.20859326214886043,0.9838907623276019,raw
ARFIMA_0.25_n512_r17,ARFIMA_0.25_n512,,GPH,1.0,0.9428402365071683,0.0,0.9428402365071683,centered
ARFIMA_0.25_n512_r17,ARFIMA_0.25_n512,,Higuchi,1.0,0.7427892499503361,0.0,0.7427892499503361,centered
ARFIMA_0.25_n512_r17,ARFIMA_0.25_n512,,GHE,1.0,0.7503828182173748,0.0,0.7503828182173748,centered
ARFIMA_0.25_n512_r18,ARFIMA_0.25_n512,,GPH,1.0,0.7476126158272862,0.0,0.7476126158272862,raw
ARFIMA_0.25_n512_r18,ARFIMA_0.25_n512,,Higuchi,1.0,0.7051256873113751,0.23875895546226977,0.9438846427736449,raw
ARFIMA_0.25_n512_r18,ARFIMA_0.25_n512,,GHE,1.0,0.7062511626146484,0.23342635340897433,0.9396775160236227,raw
ARFIMA_0.25_n512_r18,ARFIMA_0.25_n512,,GPH,1.0,0.7476126158272862,0.0,0.7476126158272862,centered
ARFIMA_0.25_n512_r18,ARFIMA_0.25_n512,,Higuchi,1.0,0.6697278469025956,0.0,0.6697278469025956,centered
ARFIMA_0.25_n512_r18,ARFIMA_0.25_n512,,GHE,1.0,0.6736782813618974,-1.1102230246251565e-16,0.6736782813618973,centered
ARFIMA_0.25_n512_r19,ARFIMA_0.25_n512,,GPH,1.0,0.7474638776819653,0.0,0.7474638776819653,raw
ARFIMA_0.25_n512_r19,ARFIMA_0.25_n512,,Higuchi,1.0,0.7796155009708499,0.10738076325465196,0.8869962642255018,raw
ARFIMA_0.25_n512_r19,ARFIMA_0.25_n512,,GHE,1.0,0.7766025046364493,0.0961740351077125,0.8727765397441618,raw
ARFIMA_0.25_n512_r19,ARFIMA_0.25_n512,,GPH,1.0,0.7474638776819653,0.0,0.7474638776819653,centered
ARFIMA_0.25_n512_r19,ARFIMA_0.25_n512,,Higuchi,1.0,0.6737565139448587,-2.220446049250313e-16,0.6737565139448585,centered
ARFIMA_0.25_n512_r19,ARFIMA_0.25_n512,,GHE,1.0,0.6757322016430568,0.0,0.6757322016430568,centered
ARFIMA_0.25_n512_r2,ARFIMA_0.25_n512,,GPH,1.0,0.9664511462266883,2.220446049250313e-16,0.9664511462266885,raw
ARFIMA_0.25_n512_r2,ARFIMA_0.25_n512,,Higuchi,1.0,0.8004771585543975,0.14817880785982496,0.9486559664142225,raw
ARFIMA_0.25_n512_r2,ARFIMA_0.25_n512,,GHE,1.0,0.7981042214219638,0.13861357417226738,0.9367177955942312,raw
ARFIMA_0.25_n512_r2,ARFIMA_0.25_n512,,GPH,1.0,0.9664511462266885,0.0,0.9664511462266885,centered
ARFIMA_0.25_n512_r2,ARFIMA_0.25_n512,,Higuchi,1.0,0.8096473432147269,0.0,0.8096473432147269,centered
ARFIMA_0.25_n512_r2,ARFIMA_0.25_n512,,GHE,1.0,0.8023850083906451,0.0,0.8023850083906451,centered
ARFIMA_0.25_n512_r20,ARFIMA_0.25_n512,,GPH,1.0,0.894430555413595,0.0,0.894430555413595,raw
ARFIMA_0.25_n512_r20,ARFIMA_0.25_n512,,Higuchi,1.0,0.7405589096998719,0.1985129829890364,0.9390718926889083,raw
ARFIMA_0.25_n512_r20,ARFIMA_0.25_n512,,GHE,1.0,0.7271542899313983,0.19876369636057134,0.9259179862919696,raw
ARFIMA_0.25_n512_r20,ARFIMA_0.25_n512,,GPH,1.0,0.894430555413595,0.0,0.894430555413595,centered
ARFIMA_0.25_n512_r20,ARFIMA_0.25_n512,,Higuchi,1.0,0.7111729766430637,0.0,0.7111729766430637,centered
ARFIMA_0.25_n512_r20,ARFIMA_0.25_n512,,GHE,1.0,0.690021023457103,0.0,0.690021023457103,centered
ARFIMA_0.25_n512_r21,ARFIMA_0.25_n512,,GPH,1.0,0.7812572634174793,2.220446049250313e-16,0.7812572634174795,raw
ARFIMA_0.25_n512_r21,ARFIMA_0.25_n512,,Higuchi,1.0,0.6925166325010492,0.2642619120092604,0.9567785445103096,raw
ARFIMA_0.25_n512_r21,ARFIMA_0.25_n512,,GHE,1.0,0.6938803149257629,0.2578701435294385,0.9517504584552013,raw
ARFIMA_0.25_n512_r21,ARFIMA_0.25_n512,,GPH,1.0,0.7812572634174794,1.1102230246251565e-16,0.7812572634174795,centered
ARFIMA_0.25_n512_r21,ARFIMA_0.25_n512,,Higuchi,1.0,0.6883737060516959,-2.220446049250313e-16,0.6883737060516957,centered
ARFIMA_0.25_n512_r21,ARFIMA_0.25_n512,,GHE,1.0,0.6911249248841591,0.0,0.6911249248841591,centered
ARFIMA_0.25_n512_r22,ARFIMA_0.25_n512,,GPH,1.0,0.7413860360991964,0.0,0.7413860360991964,raw
ARFIMA_0.25_n512_r22,ARFIMA_0.25_n512,,Higuchi,1.0,0.7097660603677867,0.2801332084399988,0.9898992688077854,raw
ARFIMA_0.25_n512_r22,ARFIMA_0.25_n512,,GHE,1.0,0.7125162190058064,0.27118761423731186,0.9837038332431183,raw
ARFIMA_0.25_n512_r22,ARFIMA_0.25_n512,,GPH,1.0,0.7413860360991964,0.0,0.7413860360991964,centered
ARFIMA_0.25_n512_r22,ARFIMA_0.25_n512,,Higuchi,1.0,0.6481608613998444,0.0,0.6481608613998444,centered
ARFIMA_0.25_n512_r22,ARFIMA_0.25_n512,,GHE,1.0,0.6552190580883515,2.220446049250313e-16,0.6552190580883517,centered
ARFIMA_0.25_n512_r23,ARFIMA_0.25_n512,,GPH,1.0,0.8777496492367051,-1.1102230246251565e-16,0.877749649236705,raw
ARFIMA_0.25_n512_r23,ARFIMA_0.25_n512,,Higuchi,1.0,0.717760576705746,0.24167299611463178,0.9594335728203778,raw
ARFIMA_0.25_n512_r23,ARFIMA_0.25_n512,,GHE,1.0,0.723345904594459,0.23212209658424587,0.9554680011787049,raw
ARFIMA_0.25_n512_r23,ARFIMA_0.25_n512,,GPH,1.0,0.8777496492367051,1.1102230246251565e-16,0.8777496492367052,centered
ARFIMA_0.25_n512_r23,ARFIMA_0.25_n512,,Higuchi,1.0,0.7029117081794196,0.0,0.7029117081794196,centered
ARFIMA_0.25_n512_r23,ARFIMA_0.25_n512,,GHE,1.0,0.7115382244742481,1.1102230246251565e-16,0.7115382244742482,centered
ARFIMA_0.25_n512_r24,ARFIMA_0.25_n512,,GPH,1.0,0.8744814160011025,0.0,0.8744814160011025,raw
ARFIMA_0.25_n512_r24,ARFIMA_0.25_n512,,Higuchi,1.0,0.708045015241408,0.2560394125934302,0.9640844278348382,raw
ARFIMA_0.25_n512_r24,ARFIMA_0.25_n512,,GHE,1.0,0.7004597406822913,0.253689125891322,0.9541488665736133,raw
ARFIMA_0.25_n512_r24,ARFIMA_0.25_n512,,GPH,1.0,0.8744814160011025,0.0,0.8744814160011025,centered
ARFIMA_0.25_n512_r24,ARFIMA_0.25_n512,,Higuchi,1.0,0.7116630574662157,0.0,0.7116630574662157,centered
ARFIMA_0.25_n512_r24,ARFIMA_0.25_n512,,GHE,1.0,0.7033206895071639,0.0,0.7033206895071639,centered
ARFIMA_0.25_n512_r25,ARFIMA_0.25_n512,,GPH,1.0,0.6138900396765482,-1.1102230246251565e-16,0.6138900396765481,raw
ARFIMA_0.25_n512_r25,ARFIMA_0.25_n512,,Higuchi,1.0,0.7143306618180947,0.2619899658894358,0.9763206277075305,raw
ARFIMA_0.25_n512_r25,ARFIMA_0.25_n512,,GHE,1.0,0.7226494141265577,0.2502637356127807,0.9729131497393384,raw
ARFIMA_0.25_n512_r25,ARFIMA_0.25_n512,,GPH,1.0,0.6138900396765482,0.0,0.6138900396765482,centered
ARFIMA_0.25_n512_r25,ARFIMA_0.25_n512,,Higuchi,1.0,0.6639829771118544,0.0,0.6639829771118544,centered
ARFIMA_0.25_n512_r25,ARFIMA_0.25_n512,,GHE,1.0,0.6850463556294155,-1.1102230246251565e-16,0.6850463556294154,centered
ARFIMA_0.25_n512_r26,ARFIMA_0.25_n512,,GPH,1.0,0.9400787884508452,0.0,0.9400787884508452,raw
ARFIMA_0.25_n512_r26,ARFIMA_0.25_n512,,Higuchi,1.0,0.680467513410864,0.2867739958241291,0.9672415092349931,raw
ARFIMA_0.25_n512_r26,ARFIMA_0.25_n512,,GHE,1.0,0.6969125814479428,0.26166199058356876,0.9585745720315115,raw
ARFIMA_0.25_n512_r26,ARFIMA_0.25_n512,,GPH,1.0,0.9400787884508452,0.0,0.9400787884508452,centered
ARFIMA_0.25_n512_r26,ARFIMA_0.25_n512,,Higuchi,1.0,0.6740587912994196,2.220446049250313e-16,0.6740587912994198,centered
ARFIMA_0.25_n512_r26,ARFIMA_0.25_n512,,GHE,1.0,0.6921761873999278,-1.1102230246251565e-16,0.6921761873999277,centered
ARFIMA_0.25_n512_r27,ARFIMA_0.25_n512,,GPH,1.0,0.9169242705746894,2.220446049250313e-16,0.9169242705746896,raw
ARFIMA_0.25_n512_r27,ARFIMA_0.25_n512,,Higuchi,1.0,0.740310166675676,0.18534849965522593,0.9256586663309019,raw
ARFIMA_0.25_n512_r27,ARFIMA_0.25_n512,,GHE,1.0,0.7388482767842356,0.18336154171038976,0.9222098184946254,raw
ARFIMA_0.25_n512_r27,ARFIMA_0.25_n512,,GPH,1.0,0.9169242705746896,0.0,0.9169242705746896,centered
ARFIMA_0.25_n512_r27,ARFIMA_0.25_n512,,Higuchi,1.0,0.7254016897519511,0.0,0.7254016897519511,centered
ARFIMA_0.25_n512_r27,ARFIMA_0.25_n512,,GHE,1.0,0.7273606240902241,0.0,0.7273606240902241,centered
ARFIMA_0.25_n512_r28,ARFIMA_0.25_n512,,GPH,1.0,0.7288077383178857,0.0,0.7288077383178857,raw
ARFIMA_0.25_n512_r28,ARFIMA_0.25_n512,,Higuchi,1.0,0.7339904976859144,0.22510130022415376,0.9590917979100682,raw
ARFIMA_0.25_n512_r28,ARFIMA_0.25_n512,,GHE,1.0,0.7393737018790196,0.21184736306331553,0.9512210649423352,raw
ARFIMA_0.25_n512_r28,ARFIMA_0.25_n512,,GPH,1.0,0.7288077383178857,0.0,0.7288077383178857,centered
ARFIMA_0.25_n512_r28,ARFIMA_0.25_n512,,Higuchi,1.0,0.7334451366787489,2.220446049250313e-16,0.7334451366787491,centered
ARFIMA_0.25_n512_r28,ARFIMA_0.25_n512,,GHE,1.0,0.7391223357114853,0.0,0.7391223357114853,centered
ARFIMA_0.25_n512_r29,ARFIMA_0.25_n512,,GPH,1.0,0.7996378981422576,0.0,0.7996378981422576,raw
ARFIMA_0.25_n512_r29,ARFIMA_0.25_n512,,Higuchi,1.0,0.7214142875435223,0.26014173416153685,0.9815560217050592,raw
ARFIMA_0.25_n512_r29,ARFIMA_0.25_n512,,GHE,1.0,0.7108489601934697,0.2665338921925976,0.9773828523860673,raw
ARFIMA_0.25_n512_r29,ARFIMA_0.25_n512,,GPH,1.0,0.7996378981422576,0.0,0.7996378981422576,centered
ARFIMA_0.25_n512_r29,ARFIMA_0.25_n512,,Higuchi,1.0,0.6898472466218779,2.220446049250313e-16,0.6898472466218781,centered
ARFIMA_0.25_n512_r29,ARFIMA_0.25_n512,,GHE,1.0,0.6753912373855581,1.1102230246251565e-16,0.6753912373855582,centered
ARFIMA_0.25_n512_r3,ARFIMA_0.25_n512,,GPH,1.0,0.5510573358867163,-1.1102230246251565e-16,0.5510573358867162,raw
ARFIMA_0.25_n512_r3,ARFIMA_0.25_n512,,Higuchi,1.0,0.6039655394656438,0.3497440173166715,0.9537095567823153,raw
ARFIMA_0.25_n512_r3,ARFIMA_0.25_n512,,GHE,1.0,0.6188678191707032,0.32564226803503227,0.9445100872057355,raw
ARFIMA_0.25_n512_r3,ARFIMA_0.25_n512,,GPH,1.0,0.5510573358867163,0.0,0.5510573358867163,centered
ARFIMA_0.25_n512_r3,ARFIMA_0.25_n512,,Higuchi,1.0,0.5926562598356693,0.0,0.5926562598356693,centered
ARFIMA_0.25_n512_r3,ARFIMA_0.25_n512,,GHE,1.0,0.6103157132822224,0.0,0.6103157132822224,centered
ARFIMA_0.25_n512_r30,ARFIMA_0.25_n512,,GPH,1.0,0.7624985022879701,-1.1102230246251565e-16,0.76249850228797,raw
ARFIMA_0.25_n512_r30,ARFIMA_0.25_n512,,Higuchi,1.0,0.7911297794978596,0.19953953854714124,0.9906693180450008,raw
ARFIMA_0.25_n512_r30,ARFIMA_0.25_n512,,GHE,1.0,0.7862339762394851,0.20139460275035903,0.9876285789898441,raw
ARFIMA_0.25_n512_r30,ARFIMA_0.25_n512,,GPH,1.0,0.7624985022879702,-1.1102230246251565e-16,0.7624985022879701,centered
ARFIMA_0.25_n512_r30,ARFIMA_0.25_n512,,Higuchi,1.0,0.7294920343916267,-2.220446049250313e-16,0.7294920343916265,centered
ARFIMA_0.25_n512_r30,ARFIMA_0.25_n512,,GHE,1.0,0.7280444381192659,0.0,0.7280444381192659,centered
ARFIMA_0.25_n512_r31,ARFIMA_0.25_n512,,GPH,1.0,0.8392628957649677,0.0,0.8392628957649677,raw
ARFIMA_0.25_n512_r31,ARFIMA_0.25_n512,,Higuchi,1.0,0.6920752553162866,0.2684288044490404,0.9605040597653269,raw
ARFIMA_0.25_n512_r31,ARFIMA_0.25_n512,,GHE,1.0,0.7001838758615515,0.2522594146097974,0.9524432904713489,raw
ARFIMA_0.25_n512_r31,ARFIMA_0.25_n512,,GPH,1.0,0.8392628957649677,0.0,0.8392628957649677,centered
ARFIMA_0.25_n512_r31,ARFIMA_0.25_n512,,Higuchi,1.0,0.6976872608307305,0.0,0.6976872608307305,centered
ARFIMA_0.25_n512_r31,ARFIMA_0.25_n512,,GHE,1.0,0.7041336930460309,0.0,0.7041336930460309,centered
ARFIMA_0.25_n512_r32,ARFIMA_0.25_n512,,GPH,1.0,0.8587113681818029,0.0,0.8587113681818029,raw
ARFIMA_0.25_n512_r32,ARFIMA_0.25_n512,,Higuchi,1.0,0.6913587724894856,0.2576329533519621,0.9489917258414478,raw
ARFIMA_0.25_n512_r32,ARFIMA_0.25_n512,,GHE,1.0,0.6905511175908966,0.24960067739430036,0.940151794985197,raw
ARFIMA_0.25_n512_r32,ARFIMA_0.25_n512,,GPH,1.0,0.8587113681818029,0.0,0.8587113681818029,centered
ARFIMA_0.25_n512_r32,ARFIMA_0.25_n512,,Higuchi,1.0,0.6743763014521551,0.0,0.6743763014521551,centered
ARFIMA_0.25_n512_r32,ARFIMA_0.25_n512,,GHE,1.0,0.675157951199952,0.0,0.675157951199952,centered
ARFIMA_0.25_n512_r33,ARFIMA_0.25_n512,,GPH,1.0,0.5671752735140428,1.1102230246251565e-16,0.567175273514043,raw
ARFIMA_0.25_n512_r33,ARFIMA_0.25_n512,,Higuchi,1.0,0.9356233391489881,0.0673945572448802,1.0030178963938683,raw
ARFIMA_0.25_n512_r33,ARFIMA_0.25_n512,,GHE,1.0,0.9212296902137308,0.07933655531754857,1.0005662455312794,raw
ARFIMA_0.25_n512_r33,ARFIMA_0.25_n512,,GPH,1.0,0.5671752735140428,1.1102230246251565e-16,0.567175273514043,centered
ARFIMA_0.25_n512_r33,ARFIMA_0.25_n512,,Higuchi,1.0,0.7440717743319039,-2.220446049250313e-16,0.7440717743319036,centered
ARFIMA_0.25_n512_r33,ARFIMA_0.25_n512,,GHE,1.0,0.7363385235525317,0.0,0.7363385235525317,centered
ARFIMA_0.25_n512_r34,ARFIMA_0.25_n512,,GPH,1.0,0.7964115556941439,0.0,0.7964115556941439,raw
ARFIMA_0.25_n512_r34,ARFIMA_0.25_n512,,Higuchi,1.0,0.6971741200290225,0.28412192971860084,0.9812960497476233,raw
ARFIMA_0.25_n512_r34,ARFIMA_0.25_n512,,GHE,1.0,0.6961325418956994,0.2777199588377337,0.9738525007334331,raw
ARFIMA_0.25_n512_r34,ARFIMA_0.25_n512,,GPH,1.0,0.7964115556941438,1.1102230246251565e-16,0.7964115556941439,centered
ARFIMA_0.25_n512_r34,ARFIMA_0.25_n512,,Higuchi,1.0,0.689338753276924,0.0,0.689338753276924,centered
ARFIMA_0.25_n512_r34,ARFIMA_0.25_n512,,GHE,1.0,0.6892651568299847,0.0,0.6892651568299847,centered
ARFIMA_0.25_n512_r35,ARFIMA_0.25_n512,,GPH,1.0,0.8224061638614559,0.0,0.8224061638614559,raw
ARFIMA_0.25_n512_r35,ARFIMA_0.25_n512,,Higuchi,1.0,0.836006637829769,0.03822006965825775,0.8742267074880268,raw
ARFIMA_0.25_n512_r35,ARFIMA_0.25_n512,,GHE,1.0,0.8247001895715297,0.04371475215954446,0.8684149417310741,raw
ARFIMA_0.25_n512_r35,ARFIMA_0.25_n512,,GPH,1.0,0.8224061638614559,0.0,0.8224061638614559,centered
ARFIMA_0.25_n512_r35,ARFIMA_0.25_n512,,Higuchi,1.0,0.7822577923229219,0.0,0.7822577923229219,centered
ARFIMA_0.25_n512_r35,ARFIMA_0.25_n512,,GHE,1.0,0.7636525722676047,0.0,0.7636525722676047,centered
ARFIMA_0.25_n512_r36,ARFIMA_0.25_n512,,GPH,1.0,0.7696922622384881,0.0,0.7696922622384881,raw
ARFIMA_0.25_n512_r36,ARFIMA_0.25_n512,,Higuchi,1.0,0.695223807398176,0.240136442963935,0.935360250362111,raw
ARFIMA_0.25_n512_r36,ARFIMA_0.25_n512,,GHE,1.0,0.701984575889888,0.22087137626895048,0.9228559521588385,raw
ARFIMA_0.25_n512_r36,ARFIMA_0.25_n512,,GPH,1.0,0.7696922622384881,0.0,0.7696922622384881,centered
ARFIMA_0.25_n512_r36,ARFIMA_0.25_n512,,Higuchi,1.0,0.6821521992592781,0.0,0.6821521992592781,centered
ARFIMA_0.25_n512_r36,ARFIMA_0.25_n512,,GHE,1.0,0.6896408565392723,-1.1102230246251565e-16,0.6896408565392722,centered
ARFIMA_0.25_n512_r37,ARFIMA_0.25_n512,,GPH,1.0,0.5798925216567075,1.1102230246251565e-16,0.5798925216567076,raw
ARFIMA_0.25_n512_r37,ARFIMA_0.25_n512,,Higuchi,1.0,0.7553907800961999,0.13938875688352814,0.894779536979728,raw
ARFIMA_0.25_n512_r37,ARFIMA_0.25_n512,,GHE,1.0,0.7626335582331618,0.1239596979611709,0.8865932561943327,raw
ARFIMA_0.25_n512_r37,ARFIMA_0.25_n512,,GPH,1.0,0.5798925216567075,0.0,0.5798925216567075,centered
ARFIMA_0.25_n512_r37,ARFIMA_0.25_n512,,Higuchi,1.0,0.682650307755517,0.0,0.682650307755517,centered
ARFIMA_0.25_n512_r37,ARFIMA_0.25_n512,,GHE,1.0,0.6965367454361643,0.0,0.6965367454361643,centered
ARFIMA_0.25_n512_r38,ARFIMA_0.25_n512,,GPH,1.0,0.8752875072159403,0.0,0.8752875072159403,raw
ARFIMA_0.25_n512_r38,ARFIMA_0.25_n512,,Higuchi,1.0,0.794519682658074,0.18983642914971122,0.9843561118077853,raw
ARFIMA_0.25_n512_r38,ARFIMA_0.25_n512,,GHE,1.0,0.785092633267124,0.19347906007793614,0.9785716933450601,raw
ARFIMA_0.25_n512_r38,ARFIMA_0.25_n512,,GPH,1.0,0.8752875072159403,0.0,0.8752875072159403,centered
ARFIMA_0.25_n512_r38,ARFIMA_0.25_n512,,Higuchi,1.0,0.7779627073230122,0.0,0.7779627073230122,centered
ARFIMA_0.25_n512_r38,ARFIMA_0.25_n512,,GHE,1.0,0.7689256979239025,-1.1102230246251565e-16,0.7689256979239024,centered
ARFIMA_0.25_n512_r39,ARFIMA_0.25_n512,,GPH,1.0,0.53759080522456,0.0,0.53759080522456,raw
ARFIMA_0.25_n512_r39,ARFIMA_0.25_n512,,Higuchi,1.0,0.7219818483622107,0.25347188910540464,0.9754537374676153,raw
ARFIMA_0.25_n512_r39,ARFIMA_0.25_n512,,GHE,1.0,0.7193144354180928,0.2533784689255626,0.9726929043436554,raw
ARFIMA_0.25_n512_r39,ARFIMA_0.25_n512,,GPH,1.0,0.53759080522456,0.0,0.53759080522456,centered
ARFIMA_0.25_n512_r39,ARFIMA_0.25_n512,,Higuchi,1.0,0.6737568188842886,0.0,0.6737568188842886,centered
ARFIMA_0.25_n512_r39,ARFIMA_0.25_n512,,GHE,1.0,0.6749814223118187,1.1102230246251565e-16,0.6749814223118188,centered
ARFIMA_0.25_n512_r4,ARFIMA_0.25_n512,,GPH,1.0,0.7083268451260039,-1.1102230246251565e-16,0.7083268451260037,raw
ARFIMA_0.25_n512_r4,ARFIMA_0.25_n512,,Higuchi,1.0,0.8376179178983889,0.1532581719221089,0.9908760898204978,raw
ARFIMA_0.25_n512_r4,ARFIMA_0.25_n512,,GHE,1.0,0.8238059705663666,0.16578676209944998,0.9895927326658166,raw
ARFIMA_0.25_n512_r4,ARFIMA_0.25_n512,,GPH,1.0,0.7083268451260037,0.0,0.7083268451260037,centered
ARFIMA_0.25_n512_r4,ARFIMA_0.25_n512,,Higuchi,1.0,0.6650141771966205,-2.220446049250313e-16,0.6650141771966203,centered
ARFIMA_0.25_n512_r4,ARFIMA_0.25_n512,,GHE,1.0,0.6655943564693824,0.0,0.6655943564693824,centered
ARFIMA_0.25_n512_r40,ARFIMA_0.25_n512,,GPH,1.0,0.7545323103416057,0.0,0.7545323103416057,raw
ARFIMA_0.25_n512_r40,ARFIMA_0.25_n512,,Higuchi,1.0,0.7410148049504437,0.21787107763171099,0.9588858825821547,raw
ARFIMA_0.25_n512_r40,ARFIMA_0.25_n512,,GHE,1.0,0.7463538190807358,0.20520726926599442,0.9515610883467303,raw
ARFIMA_0.25_n512_r40,ARFIMA_0.25_n512,,GPH,1.0,0.7545323103416057,0.0,0.7545323103416057,centered
ARFIMA_0.25_n512_r40,ARFIMA_0.25_n512,,Higuchi,1.0,0.7493158083620168,0.0,0.7493158083620168,centered
ARFIMA_0.25_n512_r40,ARFIMA_0.25_n512,,GHE,1.0,0.7536568430070458,-1.1102230246251565e-16,0.7536568430070457,centered
ARFIMA_0.25_n512_r41,ARFIMA_0.25_n512,,GPH,1.0,0.5801396917341001,0.0,0.5801396917341001,raw
ARFIMA_0.25_n512_r41,ARFIMA_0.25_n512,,Higuchi,1.0,0.6846935536677836,0.28893870376107933,0.973632257428863,raw
ARFIMA_0.25_n512_r41,ARFIMA_0.25_n512,,GHE,1.0,0.6905803437391149,0.2733215209467186,0.9639018646858335,raw
ARFIMA_0.25_n512_r41,ARFIMA_0.25_n512,,GPH,1.0,0.5801396917341001,1.1102230246251565e-16,0.5801396917341002,centered
ARFIMA_0.25_n512_r41,ARFIMA_0.25_n512,,Higuchi,1.0,0.6840827711360051,-2.220446049250313e-16,0.6840827711360049,centered
ARFIMA_0.25_n512_r41,ARFIMA_0.25_n512,,GHE,1.0,0.6901580903486454,0.0,0.6901580903486454,centered
ARFIMA_0.25_n512_r42,ARFIMA_0.25_n512,,GPH,1.0,0.822084333008299,0.0,0.822084333008299,raw
ARFIMA_0.25_n512_r42,ARFIMA_0.25_n512,,Higuchi,1.0,0.7601036017807206,0.1703539705092969,0.9304575722900175,raw
ARFIMA_0.25_n512_r42,ARFIMA_0.25_n512,,GHE,1.0,0.7628956108215712,0.15785981157793216,0.9207554223995034,raw
ARFIMA_0.25_n512_r42,ARFIMA_0.25_n512,,GPH,1.0,0.822084333008299,0.0,0.822084333008299,centered
ARFIMA_0.25_n512_r42,ARFIMA_0.25_n512,,Higuchi,1.0,0.7402680875753509,0.0,0.7402680875753509,centered
ARFIMA_0.25_n512_r42,ARFIMA_0.25_n512,,GHE,1.0,0.7441491836526787,-1.1102230246251565e-16,0.7441491836526786,centered
ARFIMA_0.25_n512_r43,ARFIMA_0.25_n512,,GPH,1.0,0.41648579370020977,-5.551115123125783e-17,0.4164857937002097,raw
ARFIMA_0.25_n512_r43,ARFIMA_0.25_n512,,Higuchi,1.0,0.5683195559688035,0.4067424285945218,0.9750619845633253,raw
ARFIMA_0.25_n512_r43,ARFIMA_0.25_n512,,GHE,1.0,0.579760813134836,0.38751772381771843,0.9672785369525544,raw
ARFIMA_0.25_n512_r43,ARFIMA_0.25_n512,,GPH,1.0,0.4164857937002097,0.0,0.4164857937002097,centered
ARFIMA_0.25_n512_r43,ARFIMA_0.25_n512,,Higuchi,1.0,0.5682677199636668,-2.220446049250313e-16,0.5682677199636665,centered
ARFIMA_0.25_n512_r43,ARFIMA_0.25_n512,,GHE,1.0,0.5797449324395159,0.0,0.5797449324395159,centered
ARFIMA_0.25_n512_r44,ARFIMA_0.25_n512,,GPH,1.0,0.6620080405457995,0.0,0.6620080405457995,raw
ARFIMA_0.25_n512_r44,ARFIMA_0.25_n512,,Higuchi,1.0,0.820716834353274,0.01859935765232179,0.8393161920055958,raw
ARFIMA_0.25_n512_r44,ARFIMA_0.25_n512,,GHE,1.0,0.8110018965823637,0.02292884717521171,0.8339307437575754,raw
ARFIMA_0.25_n512_r44,ARFIMA_0.25_n512,,GPH,1.0,0.6620080405457996,-1.1102230246251565e-16,0.6620080405457995,centered
ARFIMA_0.25_n512_r44,ARFIMA_0.25_n512,,Higuchi,1.0,0.6553710840542206,0.0,0.6553710840542206,centered
ARFIMA_0.25_n512_r44,ARFIMA_0.25_n512,,GHE,1.0,0.6622679766976418,-1.1102230246251565e-16,0.6622679766976417,centered
ARFIMA_0.25_n512_r45,ARFIMA_0.25_n512,,GPH,1.0,0.7621549502793099,0.0,0.7621549502793099,raw
ARFIMA_0.25_n512_r45,ARFIMA_0.25_n512,,Higuchi,1.0,0.6756829947442213,0.28937083685709863,0.96505383160132,raw
ARFIMA_0.25_n512_r45,ARFIMA_0.25_n512,,GHE,1.0,0.6860932226875454,0.26815222979733644,0.9542454524848818,raw
ARFIMA_0.25_n512_r45,ARFIMA_0.25_n512,,GPH,1.0,0.7621549502793099,0.0,0.7621549502793099,centered
ARFIMA_0.25_n512_r45,ARFIMA_0.25_n512,,Higuchi,1.0,0.6756928333738199,0.0,0.6756928333738199,centered
ARFIMA_0.25_n512_r45,ARFIMA_0.25_n512,,GHE,1.0,0.6860976284246705,0.0,0.6860976284246705,centered
ARFIMA_0.25_n512_r46,ARFIMA_0.25_n512,,GPH,1.0,0.8717334711630017,0.0,0.8717334711630017,raw
ARFIMA_0.25_n512_r46,ARFIMA_0.25_n512,,Higuchi,1.0,0.7993245319136975,0.12575629860397108,0.9250808305176685,raw
ARFIMA_0.25_n512_r46,ARFIMA_0.25_n512,,GHE,1.0,0.787344237195411,0.1295131720967203,0.9168574092921313,raw
ARFIMA_0.25_n512_r46,ARFIMA_0.25_n512,,GPH,1.0,0.8717334711630017,0.0,0.8717334711630017,centered
ARFIMA_0.25_n512_r46,ARFIMA_0.25_n512,,Higuchi,1.0,0.780236739359103,-2.220446049250313e-16,0.7802367393591028,centered
ARFIMA_0.25_n512_r46,ARFIMA_0.25_n512,,GHE,1.0,0.7720770211166585,-1.1102230246251565e-16,0.7720770211166584,centered
ARFIMA_0.25_n512_r47,ARFIMA_0.25_n512,,GPH,1.0,0.5852685528303608,0.0,0.5852685528303608,raw
ARFIMA_0.25_n512_r47,ARFIMA_0.25_n512,,Higuchi,1.0,0.5917102423676179,0.3603675719495092,0.9520778143171271,raw
ARFIMA_0.25_n512_r47,ARFIMA_0.25_n512,,GHE,1.0,0.607304360288199,0.33672684426876076,0.9440312045569598,raw
ARFIMA_0.25_n512_r47,ARFIMA_0.25_n512,,GPH,1.0,0.5852685528303608,0.0,0.5852685528303608,centered
ARFIMA_0.25_n512_r47,ARFIMA_0.25_n512,,Higuchi,1.0,0.5845947441187911,0.0,0.5845947441187911,centered
ARFIMA_0.25_n512_r47,ARFIMA_0.25_n512,,GHE,1.0,0.6029752798566345,0.0,0.6029752798566345,centered
ARFIMA_0.25_n512_r48,ARFIMA_0.25_n512,,GPH,1.0,0.5753773235525065,0.0,0.5753773235525065,raw
ARFIMA_0.25_n512_r48,ARFIMA_0.25_n512,,Higuchi,1.0,0.7571048677255625,0.23554191419296222,0.9926467819185247,raw
ARFIMA_0.25_n512_r48,ARFIMA_0.25_n512,,GHE,1.0,0.7523570244065801,0.23592708170661592,0.9882841061131961,raw
ARFIMA_0.25_n512_r48,ARFIMA_0.25_n512,,GPH,1.0,0.5753773235525065,-1.1102230246251565e-16,0.5753773235525064,centered
ARFIMA_0.25_n512_r48,ARFIMA_0.25_n512,,Higuchi,1.0,0.6380504418807633,-2.220446049250313e-16,0.6380504418807631,centered
ARFIMA_0.25_n512_r48,ARFIMA_0.25_n512,,GHE,1.0,0.6588295742985276,-2.220446049250313e-16,0.6588295742985274,centered
ARFIMA_0.25_n512_r49,ARFIMA_0.25_n512,,GPH,1.0,0.5856387187391978,1.1102230246251565e-16,0.5856387187391979,raw
ARFIMA_0.25_n512_r49,ARFIMA_0.25_n512,,Higuchi,1.0,0.7093797387932794,0.22972882729639776,0.9391085660896772,raw
ARFIMA_0.25_n512_r49,ARFIMA_0.25_n512,,GHE,1.0,0.7178430290857004,0.21920232813975515,0.9370453572254556,raw
ARFIMA_0.25_n512_r49,ARFIMA_0.25_n512,,GPH,1.0,0.5856387187391978,1.1102230246251565e-16,0.5856387187391979,centered
ARFIMA_0.25_n512_r49,ARFIMA_0.25_n512,,Higuchi,1.0,0.7095476385771058,0.0,0.7095476385771058,centered
ARFIMA_0.25_n512_r49,ARFIMA_0.25_n512,,GHE,1.0,0.7179660370951361,0.0,0.7179660370951361,centered
ARFIMA_0.25_n512_r5,ARFIMA_0.25_n512,,GPH,1.0,0.685335760042434,0.0,0.685335760042434,raw
ARFIMA_0.25_n512_r5,ARFIMA_0.25_n512,,Higuchi,1.0,0.7748669249820057,0.21145401694590737,0.9863209419279131,raw
ARFIMA_0.25_n512_r5,ARFIMA_0.25_n512,,GHE,1.0,0.7714909988440144,0.2119442637075326,0.983435262551547,raw
ARFIMA_0.25_n512_r5,ARFIMA_0.25_n512,,GPH,1.0,0.685335760042434,0.0,0.685335760042434,centered
ARFIMA_0.25_n512_r5,ARFIMA_0.25_n512,,Higuchi,1.0,0.6824782276218113,0.0,0.6824782276218113,centered
ARFIMA_0.25_n512_r5,ARFIMA_0.25_n512,,GHE,1.0,0.6863236968163225,0.0,0.6863236968163225,centered
ARFIMA_0.25_n512_r50,ARFIMA_0.25_n512,,GPH,1.0,0.5626310094258486,1.1102230246251565e-16,0.5626310094258488,raw
ARFIMA_0.25_n512_r50,ARFIMA_0.25_n512,,Higuchi,1.0,0.6859608618395105,0.2664812752394128,0.9524421370789233,raw
ARFIMA_0.25_n512_r50,ARFIMA_0.25_n512,,GHE,1.0,0.6778961954555547,0.2653047306072175,0.9432009260627722,raw
ARFIMA_0.25_n512_r50,ARFIMA_0.25_n512,,GPH,1.0,0.5626310094258488,0.0,0.5626310094258488,centered
ARFIMA_0.25_n512_r50,ARFIMA_0.25_n512,,Higuchi,1.0,0.6544348524751511,0.0,0.6544348524751511,centered
ARFIMA_0.25_n512_r50,ARFIMA_0.25_n512,,GHE,1.0,0.6455610605002313,0.0,0.6455610605002313,centered
ARFIMA_0.25_n512_r51,ARFIMA_0.25_n512,,GPH,1.0,0.796387826148508,0.0,0.796387826148508,raw
ARFIMA_0.25_n512_r51,ARFIMA_0.25_n512,,Higuchi,1.0,0.9092610249392936,0.039363213832919186,0.9486242387722128,raw
ARFIMA_0.25_n512_r51,ARFIMA_0.25_n512,,GHE,1.0,0.8944498568463197,0.04902800942042562,0.9434778662667453,raw
ARFIMA_0.25_n512_r51,ARFIMA_0.25_n512,,GPH,1.0,0.796387826148508,0.0,0.796387826148508,centered
ARFIMA_0.25_n512_r51,ARFIMA_0.25_n512,,Higuchi,1.0,0.9114793627600142,0.0,0.9114793627600142,centered
ARFIMA_0.25_n512_r51,ARFIMA_0.25_n512,,GHE,1.0,0.8967054998900003,-2.220446049250313e-16,0.89670549989,centered
ARFIMA_0.25_n512_r52,ARFIMA_0.25_n512,,GPH,1.0,0.5841356208681108,1.1102230246251565e-16,0.5841356208681109,raw
ARFIMA_0.25_n512_r52,ARFIMA_0.25_n512,,Higuchi,1.0,0.5990404745848128,0.3584465311662386,0.9574870057510514,raw
ARFIMA_0.25_n512_r52,ARFIMA_0.25_n512,,GHE,1.0,0.6032480609948397,0.3431626230560839,0.9464106840509237,raw
ARFIMA_0.25_n512_r52,ARFIMA_0.25_n512,,GPH,1.0,0.5841356208681109,0.0,0.5841356208681109,centered
ARFIMA_0.25_n512_r52,ARFIMA_0.25_n512,,Higuchi,1.0,0.5966871577443651,2.220446049250313e-16,0.5966871577443653,centered
ARFIMA_0.25_n512_r52,ARFIMA_0.25_n512,,GHE,1.0,0.5970881151535082,1.1102230246251565e-16,0.5970881151535083,centered
ARFIMA_0.25_n512_r53,ARFIMA_0.25_n512,,GPH,1.0,0.7317598824963678,1.1102230246251565e-16,0.7317598824963679,raw
ARFIMA_0.25_n512_r53,ARFIMA_0.25_n512,,Higuchi,1.0,0.704538843874065,0.24913316268599517,0.9536720065600601,raw
ARFIMA_0.25_n512_r53,ARFIMA_0.25_n512,,GHE,1.0,0.71606650970117,0.23049887713846318,0.9465653868396332,raw
ARFIMA_0.25_n512_r53,ARFIMA_0.25_n512,,GPH,1.0,0.7317598824963678,0.0,0.7317598824963678,centered
ARFIMA_0.25_n512_r53,ARFIMA_0.25_n512,,Higuchi,1.0,0.7082927087801865,0.0,0.7082927087801865,centered
ARFIMA_0.25_n512_r53,ARFIMA_0.25_n512,,GHE,1.0,0.7190470561283865,0.0,0.7190470561283865,centered
ARFIMA_0.25_n512_r54,ARFIMA_0.25_n512,,GPH,1.0,0.646221309147501,0.0,0.646221309147501,raw
ARFIMA_0.25_n512_r54,ARFIMA_0.25_n512,,Higuchi,1.0,0.6981276340207787,0.23127716194243142,0.9294047959632101,raw
ARFIMA_0.25_n512_r54,ARFIMA_0.25_n512,,GHE,1.0,0.7061967430913825,0.2108511804780162,0.9170479235693987,raw
ARFIMA_0.25_n512_r54,ARFIMA_0.25_n512,,GPH,1.0,0.646221309147501,0.0,0.646221309147501,centered
ARFIMA_0.25_n512_r54,ARFIMA_0.25_n512,,Higuchi,1.0,0.6971215738661709,2.220446049250313e-16,0.6971215738661711,centered
ARFIMA_0.25_n512_r54,ARFIMA_0.25_n512,,GHE,1.0,0.7038257682383025,-1.1102230246251565e-16,0.7038257682383023,centered
ARFIMA_0.25_n512_r55,ARFIMA_0.25_n512,,GPH,1.0,0.6072250084910467,0.0,0.6072250084910467,raw
ARFIMA_0.25_n512_r55,ARFIMA_0.25_n512,,Higuchi,1.0,0.6960967093402255,0.2879315915201628,0.9840283008603883,raw
ARFIMA_0.25_n512_r55,ARFIMA_0.25_n512,,GHE,1.0,0.696470419115352,0.2805563977086858,0.9770268168240378,raw
ARFIMA_0.25_n512_r55,ARFIMA_0.25_n512,,GPH,1.0,0.6072250084910467,0.0,0.6072250084910467,centered
ARFIMA_0.25_n512_r55,ARFIMA_0.25_n512,,Higuchi,1.0,0.6786118426680989,0.0,0.6786118426680989,centered
ARFIMA_0.25_n512_r55,ARFIMA_0.25_n512,,GHE,1.0,0.6818502878040646,2.220446049250313e-16,0.6818502878040649,centered
ARFIMA_0.25_n512_r56,ARFIMA_0.25_n512,,GPH,1.0,0.8369848467984022,0.0,0.8369848467984022,raw
ARFIMA_0.25_n512_r56,ARFIMA_0.25_n512,,Higuchi,1.0,0.7285007361741844,0.22972266462144852,0.958223400795633,raw
ARFIMA_0.25_n512_r56,ARFIMA_0.25_n512,,GHE,1.0,0.7306747161203899,0.21744695739560016,0.9481216735159901,raw
ARFIMA_0.25_n512_r56,ARFIMA_0.25_n512,,GPH,1.0,0.8369848467984022,1.1102230246251565e-16,0.8369848467984023,centered
ARFIMA_0.25_n512_r56,ARFIMA_0.25_n512,,Higuchi,1.0,0.7060308597112228,0.0,0.7060308597112228,centered
ARFIMA_0.25_n512_r56,ARFIMA_0.25_n512,,GHE,1.0,0.7143162723643441,-2.220446049250313e-16,0.7143162723643439,centered
ARFIMA_0.25_n512_r57,ARFIMA_0.25_n512,,GPH,1.0,0.7496067980607224,0.0,0.7496067980607224,raw
ARFIMA_0.25_n512_r57,ARFIMA_0.25_n512,,Higuchi,1.0,0.7455311716909327,0.18379047255211822,0.929321644243051,raw
ARFIMA_0.25_n512_r57,ARFIMA_0.25_n512,,GHE,1.0,0.7363011352565396,0.18601507390981908,0.9223162091663587,raw
ARFIMA_0.25_n512_r57,ARFIMA_0.25_n512,,GPH,1.0,0.7496067980607224,0.0,0.7496067980607224,centered
ARFIMA_0.25_n512_r57,ARFIMA_0.25_n512,,Higuchi,1.0,0.7172063679068952,0.0,0.7172063679068952,centered
ARFIMA_0.25_n512_r57,ARFIMA_0.25_n512,,GHE,1.0,0.7160101148459357,2.220446049250313e-16,0.7160101148459359,centered
ARFIMA_0.25_n512_r58,ARFIMA_0.25_n512,,GPH,1.0,0.6403917675974866,0.0,0.6403917675974866,raw
ARFIMA_0.25_n512_r58,ARFIMA_0.25_n512,,Higuchi,1.0,0.7458300943773597,0.19096250101828205,0.9367925953956417,raw
ARFIMA_0.25_n512_r58,ARFIMA_0.25_n512,,GHE,1.0,0.7260210097271071,0.19768770234111932,0.9237087120682265,raw
ARFIMA_0.25_n512_r58,ARFIMA_0.25_n512,,GPH,1.0,0.6403917675974866,0.0,0.6403917675974866,centered
ARFIMA_0.25_n512_r58,ARFIMA_0.25_n512,,Higuchi,1.0,0.6672648090564952,0.0,0.6672648090564952,centered
ARFIMA_0.25_n512_r58,ARFIMA_0.25_n512,,GHE,1.0,0.6570772120131863,2.220446049250313e-16,0.6570772120131865,centered
ARFIMA_0.25_n512_r59,ARFIMA_0.25_n512,,GPH,1.0,0.8616025932856471,0.0,0.8616025932856471,raw
ARFIMA_0.25_n512_r59,ARFIMA_0.25_n512,,Higuchi,1.0,0.7188084469603406,0.238551791077944,0.9573602380382846,raw
ARFIMA_0.25_n512_r59,ARFIMA_0.25_n512,,GHE,1.0,0.7156263831864533,0.23661503968370245,0.9522414228701558,raw
ARFIMA_0.25_n512_r59,ARFIMA_0.25_n512,,GPH,1.0,0.8616025932856471,0.0,0.8616025932856471,centered
ARFIMA_0.25_n512_r59,ARFIMA_0.25_n512,,Higuchi,1.0,0.7148228842993671,0.0,0.7148228842993671,centered
ARFIMA_0.25_n512_r59,ARFIMA_0.25_n512,,GHE,1.0,0.7116986555643623,0.0,0.7116986555643623,centered
ARFIMA_0.25_n512_r6,ARFIMA_0.25_n512,,GPH,1.0,0.7648259971206943,0.0,0.7648259971206943,raw
ARFIMA_0.25_n512_r6,ARFIMA_0.25_n512,,Higuchi,1.0,0.6844351193568536,0.2806609035127261,0.9650960228695797,raw
ARFIMA_0.25_n512_r6,ARFIMA_0.25_n512,,GHE,1.0,0.6899442700804033,0.26322728882761603,0.9531715589080193,raw
ARFIMA_0.25_n512_r6,ARFIMA_0.25_n512,,GPH,1.0,0.7648259971206943,0.0,0.7648259971206943,centered
ARFIMA_0.25_n512_r6,ARFIMA_0.25_n512,,Higuchi,1.0,0.6825643402070345,0.0,0.6825643402070345,centered
ARFIMA_0.25_n512_r6,ARFIMA_0.25_n512,,GHE,1.0,0.6867059205617326,0.0,0.6867059205617326,centered
ARFIMA_0.25_n512_r60,ARFIMA_0.25_n512,,GPH,1.0,0.5715648109169985,1.1102230246251565e-16,0.5715648109169986,raw
ARFIMA_0.25_n512_r60,ARFIMA_0.25_n512,,Higuchi,1.0,0.6762646850202301,0.3057106938525229,0.981975378872753,raw
ARFIMA_0.25_n512_r60,ARFIMA_0.25_n512,,GHE,1.0,0.6913030481931919,0.28660808347135747,0.9779111316645493,raw
ARFIMA_0.25_n512_r60,ARFIMA_0.25_n512,,GPH,1.0,0.5715648109169985,1.1102230246251565e-16,0.5715648109169986,centered
ARFIMA_0.25_n512_r60,ARFIMA_0.25_n512,,Higuchi,1.0,0.6244952806862476,2.220446049250313e-16,0.6244952806862478,centered
ARFIMA_0.25_n512_r60,ARFIMA_0.25_n512,,GHE,1.0,0.6464841320361866,0.0,0.6464841320361866,centered
ARFIMA_0.25_n512_r61,ARFIMA_0.25_n512,,GPH,1.0,0.7920055513189899,-1.1102230246251565e-16,0.7920055513189898,raw
ARFIMA_0.25_n512_r61,ARFIMA_0.25_n512,,Higuchi,1.0,0.7632597313462453,0.22346395983590206,0.9867236911821473,raw
ARFIMA_0.25_n512_r61,ARFIMA_0.25_n512,,GHE,1.0,0.7436143422697599,0.238232629982443,0.9818469722522029,raw
ARFIMA_0.25_n512_r61,ARFIMA_0.25_n512,,GPH,1.0,0.7920055513189899,-1.1102230246251565e-16,0.7920055513189898,centered
ARFIMA_0.25_n512_r61,ARFIMA_0.25_n512,,Higuchi,1.0,0.6953933736403948,0.0,0.6953933736403948,centered
ARFIMA_0.25_n512_r61,ARFIMA_0.25_n512,,GHE,1.0,0.6853806662808968,0.0,0.6853806662808968,centered
ARFIMA_0.25_n512_r62,ARFIMA_0.25_n512,,GPH,1.0,0.6577137224511814,1.1102230246251565e-16,0.6577137224511815,raw
ARFIMA_0.25_n512_r62,ARFIMA_0.25_n512,,Higuchi,1.0,0.6681461581182924,0.2983636043625426,0.966509762480835,raw
ARFIMA_0.25_n512_r62,ARFIMA_0.25_n512,,GHE,1.0,0.6627879455560061,0.2914113958162422,0.9541993413722483,raw
ARFIMA_0.25_n512_r62,ARFIMA_0.25_n512,,GPH,1.0,0.6577137224511814,1.1102230246251565e-16,0.6577137224511815,centered
ARFIMA_0.25_n512_r62,ARFIMA_0.25_n512,,Higuchi,1.0,0.6160450928062955,0.0,0.6160450928062955,centered
ARFIMA_0.25_n512_r62,ARFIMA_0.25_n512,,GHE,1.0,0.6150731170113318,-1.1102230246251565e-16,0.6150731170113317,centered
ARFIMA_0.25_n512_r63,ARFIMA_0.25_n512,,GPH,1.0,0.7211897548062147,-1.1102230246251565e-16,0.7211897548062146,raw
ARFIMA_0.25_n512_r63,ARFIMA_0.25_n512,,Higuchi,1.0,0.6845632188216806,0.27175654599773735,0.9563197648194179,raw
ARFIMA_0.25_n512_r63,ARFIMA_0.25_n512,,GHE,1.0,0.6948572763969261,0.2534317660329115,0.9482890424298376,raw
ARFIMA_0.25_n512_r63,ARFIMA_0.25_n512,,GPH,1.0,0.7211897548062147,0.0,0.7211897548062147,centered
ARFIMA_0.25_n512_r63,ARFIMA_0.25_n512,,Higuchi,1.0,0.674445378726449,0.0,0.674445378726449,centered
ARFIMA_0.25_n512_r63,ARFIMA_0.25_n512,,GHE,1.0,0.6864645866135795,0.0,0.6864645866135795,centered
ARFIMA_0.25_n512_r7,ARFIMA_0.25_n512,,GPH,1.0,0.9274654979315449,0.0,0.9274654979315449,raw
ARFIMA_0.25_n512_r7,ARFIMA_0.25_n512,,Higuchi,1.0,0.7818047445240719,0.17536125125601432,0.9571659957800862,raw
ARFIMA_0.25_n512_r7,ARFIMA_0.25_n512,,GHE,1.0,0.7790246114840742,0.167767662810685,0.9467922742947592,raw
ARFIMA_0.25_n512_r7,ARFIMA_0.25_n512,,GPH,1.0,0.9274654979315449,0.0,0.9274654979315449,centered
ARFIMA_0.25_n512_r7,ARFIMA_0.25_n512,,Higuchi,1.0,0.7809593541468389,0.0,0.7809593541468389,centered
ARFIMA_0.25_n512_r7,ARFIMA_0.25_n512,,GHE,1.0,0.7783935393252774,1.1102230246251565e-16,0.7783935393252776,centered
ARFIMA_0.25_n512_r8,ARFIMA_0.25_n512,,GPH,1.0,0.5229347993751954,0.0,0.5229347993751954,raw
ARFIMA_0.25_n512_r8,ARFIMA_0.25_n512,,Higuchi,1.0,0.6340959744569872,0.34183813543046626,0.9759341098874534,raw
ARFIMA_0.25_n512_r8,ARFIMA_0.25_n512,,GHE,1.0,0.641459200600347,0.32905793520743176,0.9705171358077788,raw
ARFIMA_0.25_n512_r8,ARFIMA_0.25_n512,,GPH,1.0,0.5229347993751954,0.0,0.5229347993751954,centered
ARFIMA_0.25_n512_r8,ARFIMA_0.25_n512,,Higuchi,1.0,0.632735304251212,-2.220446049250313e-16,0.6327353042512118,centered
ARFIMA_0.25_n512_r8,ARFIMA_0.25_n512,,GHE,1.0,0.6360549941914653,1.1102230246251565e-16,0.6360549941914654,centered
ARFIMA_0.25_n512_r9,ARFIMA_0.25_n512,,GPH,1.0,0.8005481454966862,1.1102230246251565e-16,0.8005481454966863,raw
ARFIMA_0.25_n512_r9,ARFIMA_0.25_n512,,Higuchi,1.0,0.7283066756587031,0.20807941165251198,0.9363860873112151,raw
ARFIMA_0.25_n512_r9,ARFIMA_0.25_n512,,GHE,1.0,0.7296304305700826,0.19831648053461814,0.9279469111047007,raw
ARFIMA_0.25_n512_r9,ARFIMA_0.25_n512,,GPH,1.0,0.8005481454966862,1.1102230246251565e-16,0.8005481454966863,centered
ARFIMA_0.25_n512_r9,ARFIMA_0.25_n512,,Higuchi,1.0,0.7253312041168258,0.0,0.7253312041168258,centered
ARFIMA_0.25_n512_r9,ARFIMA_0.25_n512,,GHE,1.0,0.7285088937585519,2.220446049250313e-16,0.7285088937585521,centered
fGn_0.25_n1024_r0,fGn_0.25_n1024,,GPH,1.0,0.13379022991153572,0.0,0.13379022991153572,raw
fGn_0.25_n1024_r0,fGn_0.25_n1024,,Higuchi,1.0,0.26330006398362493,0.7178001587742144,0.9811002227578394,raw
fGn_0.25_n1024_r0,fGn_0.25_n1024,,GHE,1.0,0.27132570352842306,0.7020344412881727,0.9733601448165958,raw
fGn_0.25_n1024_r0,fGn_0.25_n1024,,GPH,1.0,0.13379022991153566,0.0,0.13379022991153566,centered
fGn_0.25_n1024_r0,fGn_0.25_n1024,,Higuchi,1.0,0.2636252462016444,0.0,0.2636252462016444,centered
fGn_0.25_n1024_r0,fGn_0.25_n1024,,GHE,1.0,0.2714980781952162,0.0,0.2714980781952162,centered
fGn_0.25_n1024_r1,fGn_0.25_n1024,,GPH,1.0,0.3116739207737997,1.6653345369377348e-16,0.31167392077379985,raw
fGn_0.25_n1024_r1,fGn_0.25_n1024,,Higuchi,1.0,0.28453333997927865,0.6947599373122653,0.9792932772915439,raw
fGn_0.25_n1024_r1,fGn_0.25_n1024,,GHE,1.0,0.28618977269864593,0.6854232397891566,0.9716130124878026,raw
fGn_0.25_n1024_r1,fGn_0.25_n1024,,GPH,1.0,0.3116739207737997,1.6653345369377348e-16,0.31167392077379985,centered
fGn_0.25_n1024_r1,fGn_0.25_n1024,,Higuchi,1.0,0.28547374967072714,0.0,0.28547374967072714,centered
fGn_0.25_n1024_r1,fGn_0.25_n1024,,GHE,1.0,0.2868587980146512,0.0,0.2868587980146512,centered
fGn_0.25_n1024_r10,fGn_0.25_n1024,,GPH,1.0,-0.022172319969547494,1.1102230246251565e-16,-0.022172319969547383,raw
fGn_0.25_n1024_r10,fGn_0.25_n1024,,Higuchi,1.0,0.22736895808875146,0.7509107449623049,0.9782797030510564,raw
fGn_0.25_n1024_r10,fGn_0.25_n1024,,GHE,1.0,0.22621166285757202,0.7442273649387776,0.9704390277963496,raw
fGn_0.25_n1024_r10,fGn_0.25_n1024,,GPH,1.0,-0.022172319969547494,2.220446049250313e-16,-0.02217231996954727,centered
fGn_0.25_n1024_r10,fGn_0.25_n1024,,Higuchi,1.0,0.22738825208876112,2.220446049250313e-16,0.22738825208876134,centered
fGn_0.25_n1024_r10,fGn_0.25_n1024,,GHE,1.0,0.22621231773236908,2.7755575615628914e-17,0.2262123177323691,centered
fGn_0.25_n1024_r11,fGn_0.25_n1024,,GPH,1.0,0.29197290404848664,2.220446049250313e-16,0.29197290404848686,raw
fGn_0.25_n1024_r11,fGn_0.25_n1024,,Higuchi,1.0,0.25936609770282404,0.7207265445532238,0.9800926422560479,raw
fGn_0.25_n1024_r11,fGn_0.25_n1024,,GHE,1.0,0.25058090766122965,0.7220286180589106,0.9726095257201403,raw
fGn_0.25_n1024_r11,fGn_0.25_n1024,,GPH,1.0,0.29197290404848664,2.220446049250313e-16,0.29197290404848686,centered
fGn_0.25_n1024_r11,fGn_0.25_n1024,,Higuchi,1.0,0.2586603087504449,0.0,0.2586603087504449,centered
fGn_0.25_n1024_r11,fGn_0.25_n1024,,GHE,1.0,0.250155228801219,-5.551115123125783e-17,0.25015522880121893,centered
fGn_0.25_n1024_r12,fGn_0.25_n1024,,GPH,1.0,0.3957616746383892,-2.220446049250313e-16,0.39576167463838896,raw
fGn_0.25_n1024_r12,fGn_0.25_n1024,,Higuchi,1.0,0.2713505363356916,0.7101636556755191,0.9815141920112107,raw
fGn_0.25_n1024_r12,fGn_0.25_n1024,,GHE,1.0,0.27801084561659534,0.696727344190261,0.9747381898068563,raw
fGn_0.25_n1024_r12,fGn_0.25_n1024,,GPH,1.0,0.3957616746383891,0.0,0.3957616746383891,centered
fGn_0.25_n1024_r12,fGn_0.25_n1024,,Higuchi,1.0,0.2711860258326051,-2.220446049250313e-16,0.27118602583260487,centered
fGn_0.25_n1024_r12,fGn_0.25_n1024,,GHE,1.0,0.2773222089313252,-5.551115123125783e-17,0.27732220893132514,centered
fGn_0.25_n1024_r13,fGn_0.25_n1024,,GPH,1.0,0.36562472503064736,-1.1102230246251565e-16,0.36562472503064725,raw
fGn_0.25_n1024_r13,fGn_0.25_n1024,,Higuchi,1.0,0.21453561645969232,0.766321575486165,0.9808571919458573,raw
fGn_0.25_n1024_r13,fGn_0.25_n1024,,GHE,1.0,0.2183217692444813,0.755354120252515,0.9736758894969963,raw
fGn_0.25_n1024_r13,fGn_0.25_n1024,,GPH,1.0,0.36562472503064725,-2.220446049250313e-16,0.365624725030647,centered
fGn_0.25_n1024_r13,fGn_0.25_n1024,,Higuchi,1.0,0.2136631921987413,-4.440892098500626e-16,0.21366319219874086,centered
fGn_0.25_n1024_r13,fGn_0.25_n1024,,GHE,1.0,0.2177869600463602,-5.551115123125783e-17,0.21778696004636014,centered
fGn_0.25_n1024_r14,fGn_0.25_n1024,,GPH,1.0,0.3372100597580815,1.1102230246251565e-16,0.3372100597580816,raw
fGn_0.25_n1024_r14,fGn_0.25_n1024,,Higuchi,1.0,0.24762421290347691,0.7294881055588318,0.9771123184623087,raw
fGn_0.25_n1024_r14,fGn_0.25_n1024,,GHE,1.0,0.25047298608293816,0.7182510302355993,0.9687240163185374,raw
fGn_0.25_n1024_r14,fGn_0.25_n1024,,GPH,1.0,0.3372100597580815,1.1102230246251565e-16,0.3372100597580816,centered
fGn_0.25_n1024_r14,fGn_0.25_n1024,,Higuchi,1.0,0.24622503969900844,-4.440892098500626e-16,0.246225039699008,centered
fGn_0.25_n1024_r14,fGn_0.25_n1024,,GHE,1.0,0.2489513369776831,2.7755575615628914e-17,0.24895133697768312,centered
fGn_0.25_n1024_r15,fGn_0.25_n1024,,GPH,1.0,0.18999416826533289,-5.551115123125783e-17,0.18999416826533283,raw
fGn_0.25_n1024_r15,fGn_0.25_n1024,,Higuchi,1.0,0.24373388834706966,0.7379668402021566,0.9817007285492263,raw
fGn_0.25_n1024_r15,fGn_0.25_n1024,,GHE,1.0,0.24460409361181898,0.7297498462423976,0.9743539398542166,raw
fGn_0.25_n1024_r15,fGn_0.25_n1024,,GPH,1.0,0.189994168265333,1.6653345369377348e-16,0.18999416826533316,centered
fGn_0.25_n1024_r15,fGn_0.25_n1024,,Higuchi,1.0,0.24341341870985644,0.0,0.24341341870985644,centered
fGn_0.25_n1024_r15,fGn_0.25_n1024,,GHE,1.0,0.24439983729397816,-5.551115123125783e-17,0.2443998372939781,centered
fGn_0.25_n1024_r16,fGn_0.25_n1024,,GPH,1.0,0.41034285660991443,5.551115123125783e-17,0.4103428566099145,raw
fGn_0.25_n1024_r16,fGn_0.25_n1024,,Higuchi,1.0,0.25214795472546103,0.7290111581493974,0.9811591128748585,raw
fGn_0.25_n1024_r16,fGn_0.25_n1024,,GHE,1.0,0.2489435606226464,0.725024541875684,0.9739681024983303,raw
fGn_0.25_n1024_r16,fGn_0.25_n1024,,GPH,1.0,0.41034285660991443,0.0,0.41034285660991443,centered
fGn_0.25_n1024_r16,fGn_0.25_n1024,,Higuchi,1.0,0.2521485790996594,0.0,0.2521485790996594,centered
fGn_0.25_n1024_r16,fGn_0.25_n1024,,GHE,1.0,0.24894423922805411,0.0,0.24894423922805411,centered
fGn_0.25_n1024_r17,fGn_0.25_n1024,,GPH,1.0,0.3646081966283946,2.220446049250313e-16,0.36460819662839483,raw
fGn_0.25_n1024_r17,fGn_0.25_n1024,,Higuchi,1.0,0.27004615595885695,0.7106294412554957,0.9806755972143526,raw
fGn_0.25_n1024_r17,fGn_0.25_n1024,,GHE,1.0,0.2643554603603425,0.7090998218163944,0.9734552821767369,raw
fGn_0.25_n1024_r17,fGn_0.25_n1024,,GPH,1.0,0.36460819662839516,-1.1102230246251565e-16,0.36460819662839505,centered
fGn_0.25_n1024_r17,fGn_0.25_n1024,,Higuchi,1.0,0.2690557395550055,0.0,0.2690557395550055,centered
fGn_0.25_n1024_r17,fGn_0.25_n1024,,GHE,1.0,0.2632079804942699,5.551115123125783e-17,0.26320798049426997,centered
fGn_0.25_n1024_r18,fGn_0.25_n1024,,GPH,1.0,0.289973018773791,-3.885780586188048e-16,0.2899730187737906,raw
fGn_0.25_n1024_r18,fGn_0.25_n1024,,Higuchi,1.0,0.23592661080990496,0.7460727926778852,0.9819994034877901,raw
fGn_0.25_n1024_r18,fGn_0.25_n1024,,GHE,1.0,0.24510737228992865,0.7304605460775935,0.9755679183675221,raw
fGn_0.25_n1024_r18,fGn_0.25_n1024,,GPH,1.0,0.2899730187737909,-3.3306690738754696e-16,0.28997301877379056,centered
fGn_0.25_n1024_r18,fGn_0.25_n1024,,Higuchi,1.0,0.23527322652771132,0.0,0.23527322652771132,centered
fGn_0.25_n1024_r18,fGn_0.25_n1024,,GHE,1.0,0.24442668404221626,-2.7755575615628914e-17,0.24442668404221624,centered
fGn_0.25_n1024_r19,fGn_0.25_n1024,,GPH,1.0,0.3187715145604572,1.0547118733938987e-15,0.31877151456045827,raw
fGn_0.25_n1024_r19,fGn_0.25_n1024,,Higuchi,1.0,0.255501825134419,0.722496906051237,0.977998731185656,raw
fGn_0.25_n1024_r19,fGn_0.25_n1024,,GHE,1.0,0.24735582852637397,0.722879521954789,0.9702353504811629,raw
fGn_0.25_n1024_r19,fGn_0.25_n1024,,GPH,1.0,0.31877151456045727,4.996003610813204e-16,0.31877151456045777,centered
fGn_0.25_n1024_r19,fGn_0.25_n1024,,Higuchi,1.0,0.2552528293921963,0.0,0.2552528293921963,centered
fGn_0.25_n1024_r19,fGn_0.25_n1024,,GHE,1.0,0.24722028566850843,0.0,0.24722028566850843,centered
fGn_0.25_n1024_r2,fGn_0.25_n1024,,GPH,1.0,0.36072058585036715,-8.881784197001252e-16,0.36072058585036626,raw
fGn_0.25_n1024_r2,fGn_0.25_n1024,,Higuchi,1.0,0.2859814081215537,0.6954441805174958,0.9814255886390495,raw
fGn_0.25_n1024_r2,fGn_0.25_n1024,,GHE,1.0,0.274588152843588,0.6999117679083435,0.9744999207519315,raw
fGn_0.25_n1024_r2,fGn_0.25_n1024,,GPH,1.0,0.3607205858503668,-4.996003610813204e-16,0.3607205858503663,centered
fGn_0.25_n1024_r2,fGn_0.25_n1024,,Higuchi,1.0,0.2856704257496965,0.0,0.2856704257496965,centered
fGn_0.25_n1024_r2,fGn_0.25_n1024,,GHE,1.0,0.2743644792420682,-5.551115123125783e-17,0.27436447924206814,centered
fGn_0.25_n1024_r20,fGn_0.25_n1024,,GPH,1.0,0.3369793865812544,-5.551115123125783e-17,0.33697938658125437,raw
fGn_0.25_n1024_r20,fGn_0.25_n1024,,Higuchi,1.0,0.2130473293664379,0.770013675608858,0.9830610049752959,raw
fGn_0.25_n1024_r20,fGn_0.25_n1024,,GHE,1.0,0.215627267100196,0.7607634385873926,0.9763907056875886,raw
fGn_0.25_n1024_r20,fGn_0.25_n1024,,GPH,1.0,0.3369793865812546,-2.7755575615628914e-16,0.3369793865812543,centered
fGn_0.25_n1024_r20,fGn_0.25_n1024,,Higuchi,1.0,0.21256058796687172,-4.440892098500626e-16,0.21256058796687127,centered
fGn_0.25_n1024_r20,fGn_0.25_n1024,,GHE,1.0,0.2152969265421252,-5.551115123125783e-17,0.21529692654212515,centered
fGn_0.25_n1024_r21,fGn_0.25_n1024,,GPH,1.0,0.19129602726624673,1.6653345369377348e-16,0.1912960272662469,raw
fGn_0.25_n1024_r21,fGn_0.25_n1024,,Higuchi,1.0,0.23277513235782976,0.7454992661556106,0.9782743985134403,raw
fGn_0.25_n1024_r21,fGn_0.25_n1024,,GHE,1.0,0.23762787086944032,0.7331471190713705,0.9707749899408109,raw
fGn_0.25_n1024_r21,fGn_0.25_n1024,,GPH,1.0,0.19129602726624695,1.6653345369377348e-16,0.19129602726624712,centered
fGn_0.25_n1024_r21,fGn_0.25_n1024,,Higuchi,1.0,0.2316124888158606,0.0,0.2316124888158606,centered
fGn_0.25_n1024_r21,fGn_0.25_n1024,,GHE,1.0,0.23643017849776204,5.551115123125783e-17,0.2364301784977621,centered
fGn_0.25_n1024_r22,fGn_0.25_n1024,,GPH,1.0,0.2471414939294021,0.0,0.2471414939294021,raw
fGn_0.25_n1024_r22,fGn_0.25_n1024,,Higuchi,1.0,0.21843976590517178,0.7635685601107893,0.9820083260159611,raw
fGn_0.25_n1024_r22,fGn_0.25_n1024,,GHE,1.0,0.22105195103132141,0.7544271470245965,0.9754790980559179,raw
fGn_0.25_n1024_r22,fGn_0.25_n1024,,GPH,1.0,0.247141493929402,1.1102230246251565e-16,0.2471414939294021,centered
fGn_0.25_n1024_r22,fGn_0.25_n1024,,Higuchi,1.0,0.21823635707962952,0.0,0.21823635707962952,centered
fGn_0.25_n1024_r22,fGn_0.25_n1024,,GHE,1.0,0.22083504636568596,2.7755575615628914e-17,0.220835046365686,centered
fGn_0.25_n1024_r23,fGn_0.25_n1024,,GPH,1.0,0.3688920236651514,2.220446049250313e-16,0.3688920236651516,raw
fGn_0.25_n1024_r23,fGn_0.25_n1024,,Higuchi,1.0,0.21088456503958142,0.7704938304757785,0.9813783955153599,raw
fGn_0.25_n1024_r23,fGn_0.25_n1024,,GHE,1.0,0.2095604376227197,0.7645078353692258,0.9740682729919455,raw
fGn_0.25_n1024_r23,fGn_0.25_n1024,,GPH,1.0,0.3688920236651514,5.551115123125783e-17,0.36889202366515145,centered
fGn_0.25_n1024_r23,fGn_0.25_n1024,,Higuchi,1.0,0.2099674080034455,0.0,0.2099674080034455,centered
fGn_0.25_n1024_r23,fGn_0.25_n1024,,GHE,1.0,0.20912047613860804,8.326672684688674e-17,0.20912047613860812,centered
fGn_0.25_n1024_r24,fGn_0.25_n1024,,GPH,1.0,0.38097500996485556,1.1102230246251565e-16,0.38097500996485567,raw
fGn_0.25_n1024_r24,fGn_0.25_n1024,,Higuchi,1.0,0.30631191918157086,0.6740916045244849,0.9804035237060558,raw
fGn_0.25_n1024_r24,fGn_0.25_n1024,,GHE,1.0,0.29967717802071897,0.6733436245692916,0.9730208025900107,raw
fGn_0.25_n1024_r24,fGn_0.25_n1024,,GPH,1.0,0.38097500996485567,-5.551115123125783e-17,0.3809750099648556,centered
fGn_0.25_n1024_r24,fGn_0.25_n1024,,Higuchi,1.0,0.3064005264188814,0.0,0.3064005264188814,centered
fGn_0.25_n1024_r24,fGn_0.25_n1024,,GHE,1.0,0.2997371452948222,5.551115123125783e-17,0.29973714529482226,centered
fGn_0.25_n1024_r25,fGn_0.25_n1024,,GPH,1.0,0.11646815976590019,-1.1102230246251565e-16,0.11646815976590008,raw
fGn_0.25_n1024_r25,fGn_0.25_n1024,,Higuchi,1.0,0.2642408366697131,0.7165253254517918,0.9807661621215049,raw
fGn_0.25_n1024_r25,fGn_0.25_n1024,,GHE,1.0,0.26862071002245286,0.7049936461437643,0.9736143561662172,raw
fGn_0.25_n1024_r25,fGn_0.25_n1024,,GPH,1.0,0.11646815976590019,-1.6653345369377348e-16,0.11646815976590003,centered
fGn_0.25_n1024_r25,fGn_0.25_n1024,,Higuchi,1.0,0.26362027434502555,0.0,0.26362027434502555,centered
fGn_0.25_n1024_r25,fGn_0.25_n1024,,GHE,1.0,0.2682549803392757,5.551115123125783e-17,0.26825498033927575,centered
fGn_0.25_n1024_r26,fGn_0.25_n1024,,GPH,1.0,0.23053175564018796,1.6653345369377348e-16,0.23053175564018813,raw
fGn_0.25_n1024_r26,fGn_0.25_n1024,,Higuchi,1.0,0.2362756901202434,0.7423382529703015,0.978613943090545,raw
fGn_0.25_n1024_r26,fGn_0.25_n1024,,GHE,1.0,0.23101083184890792,0.739787554002868,0.9707983858517759,raw
fGn_0.25_n1024_r26,fGn_0.25_n1024,,GPH,1.0,0.23053175564018802,1.1102230246251565e-16,0.23053175564018813,centered
fGn_0.25_n1024_r26,fGn_0.25_n1024,,Higuchi,1.0,0.23615864059295721,0.0,0.23615864059295721,centered
fGn_0.25_n1024_r26,fGn_0.25_n1024,,GHE,1.0,0.23088138927906537,1.3877787807814457e-16,0.2308813892790655,centered
fGn_0.25_n1024_r27,fGn_0.25_n1024,,GPH,1.0,-0.07376613165246204,-2.220446049250313e-16,-0.07376613165246226,raw
fGn_0.25_n1024_r27,fGn_0.25_n1024,,Higuchi,1.0,0.2595099943120738,0.7209635053326431,0.9804734996447169,raw
fGn_0.25_n1024_r27,fGn_0.25_n1024,,GHE,1.0,0.2549579046303448,0.7181569982225391,0.9731149028528839,raw
fGn_0.25_n1024_r27,fGn_0.25_n1024,,GPH,1.0,-0.07376613165246204,-5.551115123125783e-16,-0.0737661316524626,centered
fGn_0.25_n1024_r27,fGn_0.25_n1024,,Higuchi,1.0,0.2596970223287731,0.0,0.2596970223287731,centered
fGn_0.25_n1024_r27,fGn_0.25_n1024,,GHE,1.0,0.2551293219613383,0.0,0.2551293219613383,centered
fGn_0.25_n1024_r28,fGn_0.25_n1024,,GPH,1.0,0.1930771263708565,1.1102230246251565e-16,0.1930771263708566,raw
fGn_0.25_n1024_r28,fGn_0.25_n1024,,Higuchi,1.0,0.2354404437179629,0.7440625550487463,0.9795029987667092,raw
fGn_0.25_n1024_r28,fGn_0.25_n1024,,GHE,1.0,0.23666139023333885,0.7350941209794094,0.9717555112127483,raw
fGn_0.25_n1024_r28,fGn_0.25_n1024,,GPH,1.0,0.19307712637085656,-5.551115123125783e-17,0.1930771263708565,centered
fGn_0.25_n1024_r28,fGn_0.25_n1024,,Higuchi,1.0,0.23516949087200256,0.0,0.23516949087200256,centered
fGn_0.25_n1024_r28,fGn_0.25_n1024,,GHE,1.0,0.23646412063876887,0.0,0.23646412063876887,centered
fGn_0.25_n1024_r29,fGn_0.25_n1024,,GPH,1.0,0.18036353784587306,1.1102230246251565e-16,0.18036353784587317,raw
fGn_0.25_n1024_r29,fGn_0.25_n1024,,Higuchi,1.0,0.2495020434516182,0.731596960484592,0.9810990039362102,raw
fGn_0.25_n1024_r29,fGn_0.25_n1024,,GHE,1.0,0.24811041661640854,0.7258236658232229,0.9739340824396314,raw
fGn_0.25_n1024_r29,fGn_0.25_n1024,,GPH,1.0,0.180363537845873,1.6653345369377348e-16,0.18036353784587317,centered
fGn_0.25_n1024_r29,fGn_0.25_n1024,,Higuchi,1.0,0.24736683629993883,0.0,0.24736683629993883,centered
fGn_0.25_n1024_r29,fGn_0.25_n1024,,GHE,1.0,0.24666973327932293,-2.7755575615628914e-17,0.2466697332793229,centered
fGn_0.25_n1024_r3,fGn_0.25_n1024,,GPH,1.0,0.3282919154832048,-5.551115123125783e-16,0.32829191548320424,raw
fGn_0.25_n1024_r3,fGn_0.25_n1024,,Higuchi,1.0,0.24885280009812538,0.7340236588537388,0.9828764589518642,raw
fGn_0.25_n1024_r3,fGn_0.25_n1024,,GHE,1.0,0.2466375556331556,0.729880413790251,0.9765179694234066,raw
fGn_0.25_n1024_r3,fGn_0.25_n1024,,GPH,1.0,0.32829191548320485,-6.106226635438361e-16,0.32829191548320424,centered
fGn_0.25_n1024_r3,fGn_0.25_n1024,,Higuchi,1.0,0.24922133893764364,0.0,0.24922133893764364,centered
fGn_0.25_n1024_r3,fGn_0.25_n1024,,GHE,1.0,0.24693887208827414,-2.7755575615628914e-17,0.24693887208827411,centered
fGn_0.25_n1024_r30,fGn_0.25_n1024,,GPH,1.0,-0.02582377053310403,-2.220446049250313e-16,-0.02582377053310425,raw
fGn_0.25_n1024_r30,fGn_0.25_n1024,,Higuchi,1.0,0.21417682867273968,0.765613786284099,0.9797906149568387,raw
fGn_0.25_n1024_r30,fGn_0.25_n1024,,GHE,1.0,0.22794319040613642,0.7445179350557141,0.9724611254618505,raw
fGn_0.25_n1024_r30,fGn_0.25_n1024,,GPH,1.0,-0.02582377053310403,4.440892098500626e-16,-0.025823770533103585,centered
fGn_0.25_n1024_r30,fGn_0.25_n1024,,Higuchi,1.0,0.2145825078189283,0.0,0.2145825078189283,centered
fGn_0.25_n1024_r30,fGn_0.25_n1024,,GHE,1.0,0.22816957366321902,-2.7755575615628914e-17,0.228169573663219,centered
fGn_0.25_n1024_r31,fGn_0.25_n1024,,GPH,1.0,0.4158188796719785,-2.220446049250313e-16,0.4158188796719783,raw
fGn_0.25_n1024_r31,fGn_0.25_n1024,,Higuchi,1.0,0.24192309153785518,0.7378475109862996,0.9797706025241548,raw
fGn_0.25_n1024_r31,fGn_0.25_n1024,,GHE,1.0,0.2475833131295633,0.7246309543616529,0.9722142674912162,raw
fGn_0.25_n1024_r31,fGn_0.25_n1024,,GPH,1.0,0.4158188796719785,-4.440892098500626e-16,0.41581887967197806,centered
fGn_0.25_n1024_r31,fGn_0.25_n1024,,Higuchi,1.0,0.2401868292763294,0.0,0.2401868292763294,centered
fGn_0.25_n1024_r31,fGn_0.25_n1024,,GHE,1.0,0.24645656849894343,2.7755575615628914e-17,0.24645656849894346,centered
fGn_0.25_n1024_r32,fGn_0.25_n1024,,GPH,1.0,0.3568388012671179,1.6653345369377348e-16,0.3568388012671181,raw
fGn_0.25_n1024_r32,fGn_0.25_n1024,,Higuchi,1.0,0.2690610315182773,0.7119840184357764,0.9810450499540537,raw
fGn_0.25_n1024_r32,fGn_0.25_n1024,,GHE,1.0,0.2679856273183251,0.7053225943712356,0.9733082216895607,raw
fGn_0.25_n1024_r32,fGn_0.25_n1024,,GPH,1.0,0.3568388012671179,1.6653345369377348e-16,0.3568388012671181,centered
fGn_0.25_n1024_r32,fGn_0.25_n1024,,Higuchi,1.0,0.26936666636382545,2.220446049250313e-16,0.26936666636382567,centered
fGn_0.25_n1024_r32,fGn_0.25_n1024,,GHE,1.0,0.26827623042202786,-1.1102230246251565e-16,0.26827623042202775,centered
fGn_0.25_n1024_r33,fGn_0.25_n1024,,GPH,1.0,0.38206442304995103,-5.551115123125783e-17,0.382064423049951,raw
fGn_0.25_n1024_r33,fGn_0.25_n1024,,Higuchi,1.0,0.24789008359664177,0.7335359619907391,0.9814260455873809,raw
fGn_0.25_n1024_r33,fGn_0.25_n1024,,GHE,1.0,0.24840580316385671,0.7254175381613169,0.9738233413251737,raw
fGn_0.25_n1024_r33,fGn_0.25_n1024,,GPH,1.0,0.38206442304995103,1.1102230246251565e-16,0.38206442304995114,centered
fGn_0.25_n1024_r33,fGn_0.25_n1024,,Higuchi,1.0,0.24749133544725854,0.0,0.24749133544725854,centered
fGn_0.25_n1024_r33,fGn_0.25_n1024,,GHE,1.0,0.24825211625221819,8.326672684688674e-17,0.24825211625221827,centered
fGn_0.25_n1024_r34,fGn_0.25_n1024,,GPH,1.0,0.24171882861711474,-4.440892098500626e-16,0.2417188286171143,raw
fGn_0.25_n1024_r34,fGn_0.25_n1024,,Higuchi,1.0,0.21722601713626433,0.7608413515775208,0.9780673687137851,raw
fGn_0.25_n1024_r34,fGn_0.25_n1024,,GHE,1.0,0.22620966907975398,0.7435568952014373,0.9697665642811913,raw
fGn_0.25_n1024_r34,fGn_0.25_n1024,,GPH,1.0,0.24171882861711458,2.7755575615628914e-16,0.24171882861711486,centered
fGn_0.25_n1024_r34,fGn_0.25_n1024,,Higuchi,1.0,0.21711717262643293,0.0,0.21711717262643293,centered
fGn_0.25_n1024_r34,fGn_0.25_n1024,,GHE,1.0,0.22542288411030087,-2.7755575615628914e-17,0.22542288411030084,centered
fGn_0.25_n1024_r35,fGn_0.25_n1024,,GPH,1.0,0.24385671857585656,-2.220446049250313e-16,0.24385671857585633,raw
fGn_0.25_n1024_r35,fGn_0.25_n1024,,Higuchi,1.0,0.2486495748823916,0.7288228365672509,0.9774724114496425,raw
fGn_0.25_n1024_r35,fGn_0.25_n1024,,GHE,1.0,0.24462107950120904,0.7241381802173913,0.9687592597186003,raw
fGn_0.25_n1024_r35,fGn_0.25_n1024,,GPH,1.0,0.2438567185758566,-2.7755575615628914e-16,0.24385671857585633,centered
fGn_0.25_n1024_r35,fGn_0.25_n1024,,Higuchi,1.0,0.24796889143822587,0.0,0.24796889143822587,centered
fGn_0.25_n1024_r35,fGn_0.25_n1024,,GHE,1.0,0.24396286171880469,5.551115123125783e-17,0.24396286171880474,centered
fGn_0.25_n1024_r36,fGn_0.25_n1024,,GPH,1.0,0.11369189293614362,-2.7755575615628914e-16,0.11369189293614335,raw
fGn_0.25_n1024_r36,fGn_0.25_n1024,,Higuchi,1.0,0.23072762119532952,0.7483530530236195,0.9790806742189491,raw
fGn_0.25_n1024_r36,fGn_0.25_n1024,,GHE,1.0,0.23475094642978642,0.736510947813685,0.9712618942434714,raw
fGn_0.25_n1024_r36,fGn_0.25_n1024,,GPH,1.0,0.11369189293614357,-3.3306690738754696e-16,0.11369189293614324,centered
fGn_0.25_n1024_r36,fGn_0.25_n1024,,Higuchi,1.0,0.2304365761091005,0.0,0.2304365761091005,centered
fGn_0.25_n1024_r36,fGn_0.25_n1024,,GHE,1.0,0.2346358902470325,-5.551115123125783e-17,0.23463589024703244,centered
fGn_0.25_n1024_r37,fGn_0.25_n1024,,GPH,1.0,0.2907319076407716,-2.220446049250313e-16,0.2907319076407714,raw
fGn_0.25_n1024_r37,fGn_0.25_n1024,,Higuchi,1.0,0.23032951786541145,0.7497853757984119,0.9801148936638233,raw
fGn_0.25_n1024_r37,fGn_0.25_n1024,,GHE,1.0,0.2326059873778811,0.7395758838693437,0.9721818712472248,raw
fGn_0.25_n1024_r37,fGn_0.25_n1024,,GPH,1.0,0.2907319076407716,-2.220446049250313e-16,0.2907319076407714,centered
fGn_0.25_n1024_r37,fGn_0.25_n1024,,Higuchi,1.0,0.23019139383570209,2.220446049250313e-16,0.2301913938357023,centered
fGn_0.25_n1024_r37,fGn_0.25_n1024,,GHE,1.0,0.23246981326390276,0.0,0.23246981326390276,centered
fGn_0.25_n1024_r38,fGn_0.25_n1024,,GPH,1.0,0.3607672662948047,0.0,0.3607672662948047,raw
fGn_0.25_n1024_r38,fGn_0.25_n1024,,Higuchi,1.0,0.17078277122986507,0.8085621890393275,0.9793449602691926,raw
fGn_0.25_n1024_r38,fGn_0.25_n1024,,GHE,1.0,0.1797713888671002,0.7919665732938411,0.9717379621609413,raw
fGn_0.25_n1024_r38,fGn_0.25_n1024,,GPH,1.0,0.3607672662948047,2.220446049250313e-16,0.36076726629480493,centered
fGn_0.25_n1024_r38,fGn_0.25_n1024,,Higuchi,1.0,0.17043912725847288,2.220446049250313e-16,0.1704391272584731,centered
fGn_0.25_n1024_r38,fGn_0.25_n1024,,GHE,1.0,0.1797794110217258,-5.551115123125783e-17,0.17977941102172573,centered
fGn_0.25_n1024_r39,fGn_0.25_n1024,,GPH,1.0,0.07512230596695568,2.220446049250313e-15,0.0751223059669579,raw
fGn_0.25_n1024_r39,fGn_0.25_n1024,,Higuchi,1.0,0.23477329893192178,0.7476502132369705,0.9824235121688922,raw
fGn_0.25_n1024_r39,fGn_0.25_n1024,,GHE,1.0,0.24106207002368918,0.7341372700553609,0.9751993400790501,raw
fGn_0.25_n1024_r39,fGn_0.25_n1024,,GPH,1.0,0.07512230596695624,1.5543122344752192e-15,0.07512230596695779,centered
fGn_0.25_n1024_r39,fGn_0.25_n1024,,Higuchi,1.0,0.23465845648310424,0.0,0.23465845648310424,centered
fGn_0.25_n1024_r39,fGn_0.25_n1024,,GHE,1.0,0.24079677901240304,-2.7755575615628914e-17,0.240796779012403,centered
fGn_0.25_n1024_r4,fGn_0.25_n1024,,GPH,1.0,0.060200314524389564,0.0,0.060200314524389564,raw
fGn_0.25_n1024_r4,fGn_0.25_n1024,,Higuchi,1.0,0.18853814848740846,0.7934249685458814,0.9819631170332899,raw
fGn_0.25_n1024_r4,fGn_0.25_n1024,,GHE,1.0,0.20206177501335643,0.7724714270816492,0.9745332020950056,raw
fGn_0.25_n1024_r4,fGn_0.25_n1024,,GPH,1.0,0.06020031452438951,4.440892098500626e-16,0.06020031452438995,centered
fGn_0.25_n1024_r4,fGn_0.25_n1024,,Higuchi,1.0,0.18841196105225877,-2.220446049250313e-16,0.18841196105225855,centered
fGn_0.25_n1024_r4,fGn_0.25_n1024,,GHE,1.0,0.20113009137694776,-2.7755575615628914e-17,0.20113009137694773,centered
fGn_0.25_n1024_r40,fGn_0.25_n1024,,GPH,1.0,0.1581509296109705,2.220446049250313e-16,0.15815092961097071,raw
fGn_0.25_n1024_r40,fGn_0.25_n1024,,Higuchi,1.0,0.2582465847722777,0.7236858036349914,0.981932388407269,raw
fGn_0.25_n1024_r40,fGn_0.25_n1024,,GHE,1.0,0.25855142111473123,0.7165076663410439,0.9750590874557752,raw
fGn_0.25_n1024_r40,fGn_0.25_n1024,,GPH,1.0,0.15815092961097055,-5.551115123125783e-17,0.1581509296109705,centered
fGn_0.25_n1024_r40,fGn_0.25_n1024,,Higuchi,1.0,0.2551364932742086,0.0,0.2551364932742086,centered
fGn_0.25_n1024_r40,fGn_0.25_n1024,,GHE,1.0,0.25577555667893426,-1.1102230246251565e-16,0.25577555667893415,centered
fGn_0.25_n1024_r41,fGn_0.25_n1024,,GPH,1.0,0.2725203033589011,0.0,0.2725203033589011,raw
fGn_0.25_n1024_r41,fGn_0.25_n1024,,Higuchi,1.0,0.19586206153108665,0.7843132868530638,0.9801753483841504,raw
fGn_0.25_n1024_r41,fGn_0.25_n1024,,GHE,1.0,0.20971658433495732,0.7627124849184288,0.9724290692533861,raw
fGn_0.25_n1024_r41,fGn_0.25_n1024,,GPH,1.0,0.2725203033589011,-2.220446049250313e-16,0.2725203033589009,centered
fGn_0.25_n1024_r41,fGn_0.25_n1024,,Higuchi,1.0,0.1954682941003245,0.0,0.1954682941003245,centered
fGn_0.25_n1024_r41,fGn_0.25_n1024,,GHE,1.0,0.20928228504195295,1.1102230246251565e-16,0.20928228504195306,centered
fGn_0.25_n1024_r42,fGn_0.25_n1024,,GPH,1.0,0.32826445171671925,3.3306690738754696e-16,0.3282644517167196,raw
fGn_0.25_n1024_r42,fGn_0.25_n1024,,Higuchi,1.0,0.2529469532443449,0.7270222597962708,0.9799692130406157,raw
fGn_0.25_n1024_r42,fGn_0.25_n1024,,GHE,1.0,0.2477607454722621,0.7245036140440907,0.9722643595163528,raw
fGn_0.25_n1024_r42,fGn_0.25_n1024,,GPH,1.0,0.32826445171671925,4.440892098500626e-16,0.3282644517167197,centered
fGn_0.25_n1024_r42,fGn_0.25_n1024,,Higuchi,1.0,0.2525627305484086,0.0,0.2525627305484086,centered
fGn_0.25_n1024_r42,fGn_0.25_n1024,,GHE,1.0,0.24743475493746947,-5.551115123125783e-17,0.24743475493746941,centered
fGn_0.25_n1024_r43,fGn_0.25_n1024,,GPH,1.0,0.22014842764800951,-5.551115123125783e-17,0.22014842764800946,raw
fGn_0.25_n1024_r43,fGn_0.25_n1024,,Higuchi,1.0,0.25386182877375396,0.7265633850617248,0.9804252138354788,raw
fGn_0.25_n1024_r43,fGn_0.25_n1024,,GHE,1.0,0.2598089525361523,0.7137219643146226,0.973530916850775,raw
fGn_0.25_n1024_r43,fGn_0.25_n1024,,GPH,1.0,0.22014842764800963,-1.1102230246251565e-16,0.22014842764800951,centered
fGn_0.25_n1024_r43,fGn_0.25_n1024,,Higuchi,1.0,0.2521516220343212,0.0,0.2521516220343212,centered
fGn_0.25_n1024_r43,fGn_0.25_n1024,,GHE,1.0,0.2591211229374955,0.0,0.2591211229374955,centered
fGn_0.25_n1024_r44,fGn_0.25_n1024,,GPH,1.0,0.22106644172711537,0.0,0.22106644172711537,raw
fGn_0.25_n1024_r44,fGn_0.25_n1024,,Higuchi,1.0,0.26503726983787623,0.7132031351749217,0.978240405012798,raw
fGn_0.25_n1024_r44,fGn_0.25_n1024,,GHE,1.0,0.26077095325765903,0.7094909593288761,0.9702619125865352,raw
fGn_0.25_n1024_r44,fGn_0.25_n1024,,GPH,1.0,0.22106644172711537,-1.1102230246251565e-16,0.22106644172711526,centered
fGn_0.25_n1024_r44,fGn_0.25_n1024,,Higuchi,1.0,0.2643830893764394,-4.440892098500626e-16,0.26438308937643895,centered
fGn_0.25_n1024_r44,fGn_0.25_n1024,,GHE,1.0,0.2598689012409783,-1.1102230246251565e-16,0.25986890124097817,centered
fGn_0.25_n1024_r45,fGn_0.25_n1024,,GPH,1.0,0.22512488440704653,-5.551115123125783e-17,0.22512488440704648,raw
fGn_0.25_n1024_r45,fGn_0.25_n1024,,Higuchi,1.0,0.22375584566407158,0.755935575119747,0.9796914207838185,raw
fGn_0.25_n1024_r45,fGn_0.25_n1024,,GHE,1.0,0.2225854392557965,0.749421171726786,0.9720066109825825,raw
fGn_0.25_n1024_r45,fGn_0.25_n1024,,GPH,1.0,0.22512488440704675,-5.551115123125783e-16,0.2251248844070462,centered
fGn_0.25_n1024_r45,fGn_0.25_n1024,,Higuchi,1.0,0.22532446822112417,0.0,0.22532446822112417,centered
fGn_0.25_n1024_r45,fGn_0.25_n1024,,GHE,1.0,0.2234148812280481,1.3877787807814457e-16,0.22341488122804823,centered
fGn_0.25_n1024_r46,fGn_0.25_n1024,,GPH,1.0,0.1733398085242165,1.1102230246251565e-16,0.1733398085242166,raw
fGn_0.25_n1024_r46,fGn_0.25_n1024,,Higuchi,1.0,0.2734143496488184,0.7103414156327919,0.9837557652816102,raw
fGn_0.25_n1024_r46,fGn_0.25_n1024,,GHE,1.0,0.2744140893037984,0.7026115155310183,0.9770256048348167,raw
fGn_0.25_n1024_r46,fGn_0.25_n1024,,GPH,1.0,0.17333980852421643,5.551115123125783e-17,0.1733398085242165,centered
fGn_0.25_n1024_r46,fGn_0.25_n1024,,Higuchi,1.0,0.271784869393086,0.0,0.271784869393086,centered
fGn_0.25_n1024_r46,fGn_0.25_n1024,,GHE,1.0,0.27316603616119034,0.0,0.27316603616119034,centered
fGn_0.25_n1024_r47,fGn_0.25_n1024,,GPH,1.0,0.48337457404882744,0.0,0.48337457404882744,raw
fGn_0.25_n1024_r47,fGn_0.25_n1024,,Higuchi,1.0,0.2641652969144843,0.7163326612214567,0.980497958135941,raw
fGn_0.25_n1024_r47,fGn_0.25_n1024,,GHE,1.0,0.26175116535385223,0.7113164715111708,0.9730676368650231,raw
fGn_0.25_n1024_r47,fGn_0.25_n1024,,GPH,1.0,0.48337457404882744,-1.6653345369377348e-16,0.4833745740488273,centered
fGn_0.25_n1024_r47,fGn_0.25_n1024,,Higuchi,1.0,0.264282630911276,0.0,0.264282630911276,centered
fGn_0.25_n1024_r47,fGn_0.25_n1024,,GHE,1.0,0.26175666780694606,1.1102230246251565e-16,0.2617566678069462,centered
fGn_0.25_n1024_r48,fGn_0.25_n1024,,GPH,1.0,0.3053316532596858,1.6653345369377348e-16,0.305331653259686,raw
fGn_0.25_n1024_r48,fGn_0.25_n1024,,Higuchi,1.0,0.2935651613039618,0.69022615539947,0.9837913167034318,raw
fGn_0.25_n1024_r48,fGn_0.25_n1024,,GHE,1.0,0.2870510031818568,0.6903377215649342,0.9773887247467911,raw
fGn_0.25_n1024_r48,fGn_0.25_n1024,,GPH,1.0,0.3053316532596858,1.1102230246251565e-16,0.3053316532596859,centered
fGn_0.25_n1024_r48,fGn_0.25_n1024,,Higuchi,1.0,0.29326202256699707,0.0,0.29326202256699707,centered
fGn_0.25_n1024_r48,fGn_0.25_n1024,,GHE,1.0,0.28698360454087185,5.551115123125783e-17,0.2869836045408719,centered
fGn_0.25_n1024_r49,fGn_0.25_n1024,,GPH,1.0,0.2328133739047738,2.7755575615628914e-16,0.23281337390477408,raw
fGn_0.25_n1024_r49,fGn_0.25_n1024,,Higuchi,1.0,0.23398627404076278,0.7447746363786112,0.978760910419374,raw
fGn_0.25_n1024_r49,fGn_0.25_n1024,,GHE,1.0,0.229356245432333,0.7412793826135006,0.9706356280458336,raw
fGn_0.25_n1024_r49,fGn_0.25_n1024,,GPH,1.0,0.2328133739047739,-2.220446049250313e-16,0.2328133739047737,centered
fGn_0.25_n1024_r49,fGn_0.25_n1024,,Higuchi,1.0,0.23137676371324667,2.220446049250313e-16,0.2313767637132469,centered
fGn_0.25_n1024_r49,fGn_0.25_n1024,,GHE,1.0,0.22735670175836895,0.0,0.22735670175836895,centered
fGn_0.25_n1024_r5,fGn_0.25_n1024,,GPH,1.0,0.25486969103581447,-1.1102230246251565e-16,0.25486969103581436,raw
fGn_0.25_n1024_r5,fGn_0.25_n1024,,Higuchi,1.0,0.30738853032092717,0.6735847023806707,0.9809732327015979,raw
fGn_0.25_n1024_r5,fGn_0.25_n1024,,GHE,1.0,0.2929705471947925,0.6804039689187911,0.9733745161135835,raw
fGn_0.25_n1024_r5,fGn_0.25_n1024,,GPH,1.0,0.25486969103581447,-1.6653345369377348e-16,0.2548696910358143,centered
fGn_0.25_n1024_r5,fGn_0.25_n1024,,Higuchi,1.0,0.30742655865041413,0.0,0.30742655865041413,centered
fGn_0.25_n1024_r5,fGn_0.25_n1024,,GHE,1.0,0.2930056317740025,-5.551115123125783e-17,0.29300563177400246,centered
fGn_0.25_n1024_r50,fGn_0.25_n1024,,GPH,1.0,0.3254013585458897,-1.6653345369377348e-16,0.32540135854588953,raw
fGn_0.25_n1024_r50,fGn_0.25_n1024,,Higuchi,1.0,0.24466752485883303,0.7325815831392954,0.9772491079981285,raw
fGn_0.25_n1024_r50,fGn_0.25_n1024,,GHE,1.0,0.24912457361006973,0.7200973725402642,0.9692219461503339,raw
fGn_0.25_n1024_r50,fGn_0.25_n1024,,GPH,1.0,0.3254013585458898,-2.220446049250313e-16,0.3254013585458896,centered
fGn_0.25_n1024_r50,fGn_0.25_n1024,,Higuchi,1.0,0.24450512600825913,0.0,0.24450512600825913,centered
fGn_0.25_n1024_r50,fGn_0.25_n1024,,GHE,1.0,0.249143950689809,8.326672684688674e-17,0.24914395068980907,centered
fGn_0.25_n1024_r51,fGn_0.25_n1024,,GPH,1.0,0.29308745511059664,-2.220446049250313e-16,0.2930874551105964,raw
fGn_0.25_n1024_r51,fGn_0.25_n1024,,Higuchi,1.0,0.25122319850582975,0.7312789566837998,0.9825021551896296,raw
fGn_0.25_n1024_r51,fGn_0.25_n1024,,GHE,1.0,0.2492957017287674,0.726729561324572,0.9760252630533394,raw
fGn_0.25_n1024_r51,fGn_0.25_n1024,,GPH,1.0,0.29308745511059664,-2.220446049250313e-16,0.2930874551105964,centered
fGn_0.25_n1024_r51,fGn_0.25_n1024,,Higuchi,1.0,0.25080300282737555,0.0,0.25080300282737555,centered
fGn_0.25_n1024_r51,fGn_0.25_n1024,,GHE,1.0,0.248972516385176,-5.551115123125783e-17,0.24897251638517595,centered
fGn_0.25_n1024_r52,fGn_0.25_n1024,,GPH,1.0,0.14125439230795878,-6.106226635438361e-16,0.14125439230795817,raw
fGn_0.25_n1024_r52,fGn_0.25_n1024,,Higuchi,1.0,0.24782165572473813,0.7337976847736745,0.9816193404984126,raw
fGn_0.25_n1024_r52,fGn_0.25_n1024,,GHE,1.0,0.24978996794419372,0.7250043025481975,0.9747942704923912,raw
fGn_0.25_n1024_r52,fGn_0.25_n1024,,GPH,1.0,0.14125439230795872,-4.996003610813204e-16,0.14125439230795822,centered
fGn_0.25_n1024_r52,fGn_0.25_n1024,,Higuchi,1.0,0.24782566281015717,0.0,0.24782566281015717,centered
fGn_0.25_n1024_r52,fGn_0.25_n1024,,GHE,1.0,0.24978114105997176,0.0,0.24978114105997176,centered
fGn_0.25_n1024_r53,fGn_0.25_n1024,,GPH,1.0,0.3267145793932482,-3.3306690738754696e-16,0.3267145793932479,raw
fGn_0.25_n1024_r53,fGn_0.25_n1024,,Higuchi,1.0,0.24324991273214125,0.7371308609701748,0.980380773702316,raw
fGn_0.25_n1024_r53,fGn_0.25_n1024,,GHE,1.0,0.24319435131975156,0.7295480816075367,0.9727424329272882,raw
fGn_0.25_n1024_r53,fGn_0.25_n1024,,GPH,1.0,0.3267145793932482,-3.3306690738754696e-16,0.3267145793932479,centered
fGn_0.25_n1024_r53,fGn_0.25_n1024,,Higuchi,1.0,0.24367486957414197,0.0,0.24367486957414197,centered
fGn_0.25_n1024_r53,fGn_0.25_n1024,,GHE,1.0,0.24349656180613494,-5.551115123125783e-17,0.24349656180613488,centered
fGn_0.25_n1024_r54,fGn_0.25_n1024,,GPH,1.0,0.1167168095351751,5.551115123125783e-17,0.11671680953517516,raw
fGn_0.25_n1024_r54,fGn_0.25_n1024,,Higuchi,1.0,0.22049932198624145,0.7613612008589219,0.9818605228451633,raw
fGn_0.25_n1024_r54,fGn_0.25_n1024,,GHE,1.0,0.2176716589054516,0.7573382543511237,0.9750099132565753,raw
fGn_0.25_n1024_r54,fGn_0.25_n1024,,GPH,1.0,0.11671680953517533,-2.220446049250313e-16,0.1167168095351751,centered
fGn_0.25_n1024_r54,fGn_0.25_n1024,,Higuchi,1.0,0.22195179739058202,0.0,0.22195179739058202,centered
fGn_0.25_n1024_r54,fGn_0.25_n1024,,GHE,1.0,0.21901171376865738,-2.7755575615628914e-17,0.21901171376865736,centered
fGn_0.25_n1024_r55,fGn_0.25_n1024,,GPH,1.0,0.35587313913865215,0.0,0.35587313913865215,raw
fGn_0.25_n1024_r55,fGn_0.25_n1024,,Higuchi,1.0,0.2815350286701934,0.6980281458926234,0.9795631745628168,raw
fGn_0.25_n1024_r55,fGn_0.25_n1024,,GHE,1.0,0.2820259273449505,0.689620818207533,0.9716467455524834,raw
fGn_0.25_n1024_r55,fGn_0.25_n1024,,GPH,1.0,0.3558731391386521,-1.6653345369377348e-16,0.35587313913865193,centered
fGn_0.25_n1024_r55,fGn_0.25_n1024,,Higuchi,1.0,0.2808992996753914,0.0,0.2808992996753914,centered
fGn_0.25_n1024_r55,fGn_0.25_n1024,,GHE,1.0,0.2815102281035129,-5.551115123125783e-17,0.28151022810351284,centered
fGn_0.25_n1024_r56,fGn_0.25_n1024,,GPH,1.0,0.34609702972261114,0.0,0.34609702972261114,raw
fGn_0.25_n1024_r56,fGn_0.25_n1024,,Higuchi,1.0,0.2664766730690278,0.7138722970377547,0.9803489701067825,raw
fGn_0.25_n1024_r56,fGn_0.25_n1024,,GHE,1.0,0.2620892047706618,0.7103815224857671,0.9724707272564289,raw
fGn_0.25_n1024_r56,fGn_0.25_n1024,,GPH,1.0,0.34609702972261125,1.1102230246251565e-16,0.34609702972261136,centered
fGn_0.25_n1024_r56,fGn_0.25_n1024,,Higuchi,1.0,0.2665726332867928,-2.220446049250313e-16,0.2665726332867926,centered
fGn_0.25_n1024_r56,fGn_0.25_n1024,,GHE,1.0,0.2621685832767929,-5.551115123125783e-17,0.2621685832767928,centered
fGn_0.25_n1024_r57,fGn_0.25_n1024,,GPH,1.0,0.19381053075055704,-3.885780586188048e-16,0.19381053075055665,raw
fGn_0.25_n1024_r57,fGn_0.25_n1024,,Higuchi,1.0,0.23800750807540072,0.7458955227166897,0.9839030307920904,raw
fGn_0.25_n1024_r57,fGn_0.25_n1024,,GHE,1.0,0.24972810391487696,0.7280021993451266,0.9777303032600035,raw
fGn_0.25_n1024_r57,fGn_0.25_n1024,,GPH,1.0,0.19381053075055688,-1.6653345369377348e-16,0.1938105307505567,centered
fGn_0.25_n1024_r57,fGn_0.25_n1024,,Higuchi,1.0,0.23492472968328992,0.0,0.23492472968328992,centered
fGn_0.25_n1024_r57,fGn_0.25_n1024,,GHE,1.0,0.24718135766079638,5.551115123125783e-17,0.24718135766079644,centered
fGn_0.25_n1024_r58,fGn_0.25_n1024,,GPH,1.0,0.028861089056838762,6.661338147750939e-16,0.02886108905683943,raw
fGn_0.25_n1024_r58,fGn_0.25_n1024,,Higuchi,1.0,0.26323834714437,0.7174239211523763,0.9806622682967463,raw
fGn_0.25_n1024_r58,fGn_0.25_n1024,,GHE,1.0,0.2598188216430154,0.7130305524228232,0.9728493740658386,raw
fGn_0.25_n1024_r58,fGn_0.25_n1024,,GPH,1.0,0.028861089056838984,2.7755575615628914e-16,0.028861089056839262,centered
fGn_0.25_n1024_r58,fGn_0.25_n1024,,Higuchi,1.0,0.26338671612481335,0.0,0.26338671612481335,centered
fGn_0.25_n1024_r58,fGn_0.25_n1024,,GHE,1.0,0.25987240133602546,-5.551115123125783e-17,0.2598724013360254,centered
fGn_0.25_n1024_r59,fGn_0.25_n1024,,GPH,1.0,0.29667299682401266,-2.7755575615628914e-16,0.2966729968240124,raw
fGn_0.25_n1024_r59,fGn_0.25_n1024,,Higuchi,1.0,0.2763110662160717,0.7033563755914758,0.9796674418075475,raw
fGn_0.25_n1024_r59,fGn_0.25_n1024,,GHE,1.0,0.28215979143532166,0.6894189583948506,0.9715787498301722,raw
fGn_0.25_n1024_r59,fGn_0.25_n1024,,GPH,1.0,0.29667299682401266,-2.7755575615628914e-16,0.2966729968240124,centered
fGn_0.25_n1024_r59,fGn_0.25_n1024,,Higuchi,1.0,0.27694291155237716,0.0,0.27694291155237716,centered
fGn_0.25_n1024_r59,fGn_0.25_n1024,,GHE,1.0,0.28267248111294135,0.0,0.28267248111294135,centered
fGn_0.25_n1024_r6,fGn_0.25_n1024,,GPH,1.0,0.3856917292761738,-2.220446049250313e-16,0.38569172927617357,raw
fGn_0.25_n1024_r6,fGn_0.25_n1024,,Higuchi,1.0,0.23988370460014652,0.7388311564534158,0.9787148610535623,raw
fGn_0.25_n1024_r6,fGn_0.25_n1024,,GHE,1.0,0.23460445929796886,0.736090068538013,0.9706945278359818,raw
fGn_0.25_n1024_r6,fGn_0.25_n1024,,GPH,1.0,0.38569172927617373,-1.6653345369377348e-16,0.38569172927617357,centered
fGn_0.25_n1024_r6,fGn_0.25_n1024,,Higuchi,1.0,0.23981795212302903,0.0,0.23981795212302903,centered
fGn_0.25_n1024_r6,fGn_0.25_n1024,,GHE,1.0,0.2345067196140991,-8.326672684688674e-17,0.23450671961409902,centered
fGn_0.25_n1024_r60,fGn_0.25_n1024,,GPH,1.0,0.30361862409890616,-2.7755575615628914e-16,0.3036186240989059,raw
fGn_0.25_n1024_r60,fGn_0.25_n1024,,Higuchi,1.0,0.23810331883255964,0.7395900602115129,0.9776933790440725,raw
fGn_0.25_n1024_r60,fGn_0.25_n1024,,GHE,1.0,0.2439140811863511,0.7257394841554932,0.9696535653418442,raw
fGn_0.25_n1024_r60,fGn_0.25_n1024,,GPH,1.0,0.30361862409890616,-2.220446049250313e-16,0.30361862409890594,centered
fGn_0.25_n1024_r60,fGn_0.25_n1024,,Higuchi,1.0,0.23802910176103165,0.0,0.23802910176103165,centered
fGn_0.25_n1024_r60,fGn_0.25_n1024,,GHE,1.0,0.2438551928446884,1.1102230246251565e-16,0.2438551928446885,centered
fGn_0.25_n1024_r61,fGn_0.25_n1024,,GPH,1.0,0.37274246112500276,-1.1102230246251565e-16,0.37274246112500264,raw
fGn_0.25_n1024_r61,fGn_0.25_n1024,,Higuchi,1.0,0.30789267606895576,0.672886888996362,0.9807795650653177,raw
fGn_0.25_n1024_r61,fGn_0.25_n1024,,GHE,1.0,0.2931032198160423,0.6808766491263472,0.9739798689423895,raw
fGn_0.25_n1024_r61,fGn_0.25_n1024,,GPH,1.0,0.37274246112500276,5.551115123125783e-17,0.3727424611250028,centered
fGn_0.25_n1024_r61,fGn_0.25_n1024,,Higuchi,1.0,0.30547848207710415,4.440892098500626e-16,0.3054784820771046,centered
fGn_0.25_n1024_r61,fGn_0.25_n1024,,GHE,1.0,0.290950121575884,1.1102230246251565e-16,0.2909501215758841,centered
fGn_0.25_n1024_r62,fGn_0.25_n1024,,GPH,1.0,0.2528127659078987,-3.3306690738754696e-16,0.25281276590789836,raw
fGn_0.25_n1024_r62,fGn_0.25_n1024,,Higuchi,1.0,0.23039507530629733,0.7502860810862129,0.9806811563925102,raw
fGn_0.25_n1024_r62,fGn_0.25_n1024,,GHE,1.0,0.23196266070613455,0.7415324800062594,0.973495140712394,raw
fGn_0.25_n1024_r62,fGn_0.25_n1024,,GPH,1.0,0.2528127659078987,0.0,0.2528127659078987,centered
fGn_0.25_n1024_r62,fGn_0.25_n1024,,Higuchi,1.0,0.23059163641856517,0.0,0.23059163641856517,centered
fGn_0.25_n1024_r62,fGn_0.25_n1024,,GHE,1.0,0.2322765964483639,-2.7755575615628914e-17,0.23227659644836388,centered
fGn_0.25_n1024_r63,fGn_0.25_n1024,,GPH,1.0,0.11995700579289881,1.1102230246251565e-16,0.11995700579289892,raw
fGn_0.25_n1024_r63,fGn_0.25_n1024,,Higuchi,1.0,0.2805272920840125,0.7015035542648418,0.9820308463488543,raw
fGn_0.25_n1024_r63,fGn_0.25_n1024,,GHE,1.0,0.2826227253701001,0.6926322370016786,0.9752549623717788,raw
fGn_0.25_n1024_r63,fGn_0.25_n1024,,GPH,1.0,0.11995700579289892,-1.1102230246251565e-16,0.11995700579289881,centered
fGn_0.25_n1024_r63,fGn_0.25_n1024,,Higuchi,1.0,0.2804845713393198,-2.220446049250313e-16,0.2804845713393196,centered
fGn_0.25_n1024_r63,fGn_0.25_n1024,,GHE,1.0,0.28258950257948323,5.551115123125783e-17,0.2825895025794833,centered
fGn_0.25_n1024_r7,fGn_0.25_n1024,,GPH,1.0,0.3217071397297385,2.7755575615628914e-16,0.3217071397297388,raw
fGn_0.25_n1024_r7,fGn_0.25_n1024,,Higuchi,1.0,0.2698497722020887,0.7087387435505321,0.9785885157526208,raw
fGn_0.25_n1024_r7,fGn_0.25_n1024,,GHE,1.0,0.2606626588495333,0.7093704598734286,0.9700331187229619,raw
fGn_0.25_n1024_r7,fGn_0.25_n1024,,GPH,1.0,0.3217071397297385,1.1102230246251565e-16,0.32170713972973863,centered
fGn_0.25_n1024_r7,fGn_0.25_n1024,,Higuchi,1.0,0.27078711905864994,0.0,0.27078711905864994,centered
fGn_0.25_n1024_r7,fGn_0.25_n1024,,GHE,1.0,0.2612356174187024,0.0,0.2612356174187024,centered
fGn_0.25_n1024_r8,fGn_0.25_n1024,,GPH,1.0,0.5903571656429718,-1.1102230246251565e-16,0.5903571656429717,raw
fGn_0.25_n1024_r8,fGn_0.25_n1024,,Higuchi,1.0,0.30211935845393545,0.6785986556844099,0.9807180141383454,raw
fGn_0.25_n1024_r8,fGn_0.25_n1024,,GHE,1.0,0.2872254497893457,0.6859655171889382,0.9731909669782839,raw
fGn_0.25_n1024_r8,fGn_0.25_n1024,,GPH,1.0,0.5903571656429717,0.0,0.5903571656429717,centered
fGn_0.25_n1024_r8,fGn_0.25_n1024,,Higuchi,1.0,0.30219855837124854,0.0,0.30219855837124854,centered
fGn_0.25_n1024_r8,fGn_0.25_n1024,,GHE,1.0,0.2873057865815094,-5.551115123125783e-17,0.28730578658150935,centered
fGn_0.25_n1024_r9,fGn_0.25_n1024,,GPH,1.0,0.04692498632057035,0.0,0.04692498632057035,raw
fGn_0.25_n1024_r9,fGn_0.25_n1024,,Higuchi,1.0,0.23504302113272768,0.7448037505661935,0.9798467716989212,raw
fGn_0.25_n1024_r9,fGn_0.25_n1024,,GHE,1.0,0.24154076239953687,0.7304213001758151,0.9719620625753519,raw
fGn_0.25_n1024_r9,fGn_0.25_n1024,,GPH,1.0,0.04692498632057035,-2.220446049250313e-16,0.04692498632057013,centered
fGn_0.25_n1024_r9,fGn_0.25_n1024,,Higuchi,1.0,0.2350348902158068,0.0,0.2350348902158068,centered
fGn_0.25_n1024_r9,fGn_0.25_n1024,,GHE,1.0,0.24135359723538002,0.0,0.24135359723538002,centered
fGn_0.25_n256_r0,fGn_0.25_n256,,GPH,1.0,0.2818147001397013,0.0,0.2818147001397013,raw
fGn_0.25_n256_r0,fGn_0.25_n256,,Higuchi,1.0,0.2748353531313128,0.7163768369206478,0.9912121900519606,raw
fGn_0.25_n256_r0,fGn_0.25_n256,,GHE,1.0,0.2573770094101174,0.728224685932022,0.9856016953421395,raw
fGn_0.25_n256_r0,fGn_0.25_n256,,GPH,1.0,0.28181470013970134,0.0,0.28181470013970134,centered
fGn_0.25_n256_r0,fGn_0.25_n256,,Higuchi,1.0,0.26546046825181024,0.0,0.26546046825181024,centered
fGn_0.25_n256_r0,fGn_0.25_n256,,GHE,1.0,0.25244239883872255,5.551115123125783e-17,0.2524423988387226,centered
fGn_0.25_n256_r1,fGn_0.25_n256,,GPH,1.0,0.29776671661357074,-1.1102230246251565e-16,0.2977667166135706,raw
fGn_0.25_n256_r1,fGn_0.25_n256,,Higuchi,1.0,0.2606558407757893,0.7212410028400211,0.9818968436158104,raw
fGn_0.25_n256_r1,fGn_0.25_n256,,GHE,1.0,0.2578998843893714,0.7176092615426566,0.975509145932028,raw
fGn_0.25_n256_r1,fGn_0.25_n256,,GPH,1.0,0.29776671661357074,-1.6653345369377348e-16,0.29776671661357057,centered
fGn_0.25_n256_r1,fGn_0.25_n256,,Higuchi,1.0,0.24860753904496802,0.0,0.24860753904496802,centered
fGn_0.25_n256_r1,fGn_0.25_n256,,GHE,1.0,0.2475207479631708,0.0,0.2475207479631708,centered
fGn_0.25_n256_r10,fGn_0.25_n256,,GPH,1.0,0.1322048943241113,-3.3306690738754696e-16,0.13220489432411098,raw
fGn_0.25_n256_r10,fGn_0.25_n256,,Higuchi,1.0,0.18628373810301913,0.796420820520594,0.9827045586236132,raw
fGn_0.25_n256_r10,fGn_0.25_n256,,GHE,1.0,0.18629050364987665,0.7901782835827219,0.9764687872325986,raw
fGn_0.25_n256_r10,fGn_0.25_n256,,GPH,1.0,0.13220489432411126,-3.885780586188048e-16,0.13220489432411087,centered
fGn_0.25_n256_r10,fGn_0.25_n256,,Higuchi,1.0,0.1864739728933107,4.440892098500626e-16,0.18647397289331114,centered
fGn_0.25_n256_r10,fGn_0.25_n256,,GHE,1.0,0.18577207221199218,0.0,0.18577207221199218,centered
fGn_0.25_n256_r11,fGn_0.25_n256,,GPH,1.0,0.3268414471708002,-1.1102230246251565e-16,0.3268414471708001,raw
fGn_0.25_n256_r11,fGn_0.25_n256,,Higuchi,1.0,0.25221284531046617,0.7266776955971062,0.9788905409075723,raw
fGn_0.25_n256_r11,fGn_0.25_n256,,GHE,1.0,0.2601237943990345,0.7130305623896089,0.9731543567886434,raw
fGn_0.25_n256_r11,fGn_0.25_n256,,GPH,1.0,0.3268414471708002,0.0,0.3268414471708002,centered
fGn_0.25_n256_r11,fGn_0.25_n256,,Higuchi,1.0,0.2502847257834344,0.0,0.2502847257834344,centered
fGn_0.25_n256_r11,fGn_0.25_n256,,GHE,1.0,0.2590704518932317,0.0,0.2590704518932317,centered
fGn_0.25_n256_r12,fGn_0.25_n256,,GPH,1.0,0.5850021579672037,-1.1102230246251565e-16,0.5850021579672036,raw
fGn_0.25_n256_r12,fGn_0.25_n256,,Higuchi,1.0,0.4199539116683153,0.5643758121242723,0.9843297237925877,raw
fGn_0.25_n256_r12,fGn_0.25_n256,,GHE,1.0,0.399831907802847,0.5770714022816146,0.9769033100844616,raw
fGn_0.25_n256_r12,fGn_0.25_n256,,GPH,1.0,0.5850021579672037,-1.1102230246251565e-16,0.5850021579672036,centered
fGn_0.25_n256_r12,fGn_0.25_n256,,Higuchi,1.0,0.42143499502068305,4.440892098500626e-16,0.4214349950206835,centered
fGn_0.25_n256_r12,fGn_0.25_n256,,GHE,1.0,0.401046032519529,0.0,0.401046032519529,centered
fGn_0.25_n256_r13,fGn_0.25_n256,,GPH,1.0,0.0767036920360129,3.3306690738754696e-16,0.07670369203601324,raw
fGn_0.25_n256_r13,fGn_0.25_n256,,Higuchi,1.0,0.19881268219607184,0.7863812751652444,0.9851939573613162,raw
fGn_0.25_n256_r13,fGn_0.25_n256,,GHE,1.0,0.21022524923542035,0.7689400418380374,0.9791652910734577,raw
fGn_0.25_n256_r13,fGn_0.25_n256,,GPH,1.0,0.0767036920360129,4.996003610813204e-16,0.0767036920360134,centered
fGn_0.25_n256_r13,fGn_0.25_n256,,Higuchi,1.0,0.19583213359089213,0.0,0.19583213359089213,centered
fGn_0.25_n256_r13,fGn_0.25_n256,,GHE,1.0,0.20862159185105142,-8.326672684688674e-17,0.20862159185105134,centered
fGn_0.25_n256_r14,fGn_0.25_n256,,GPH,1.0,0.3155217664485888,5.551115123125783e-17,0.31552176644858887,raw
fGn_0.25_n256_r14,fGn_0.25_n256,,Higuchi,1.0,0.2768657530876957,0.7100523486101451,0.9869181016978408,raw
fGn_0.25_n256_r14,fGn_0.25_n256,,GHE,1.0,0.2744200696528279,0.7068068656206918,0.9812269352735198,raw
fGn_0.25_n256_r14,fGn_0.25_n256,,GPH,1.0,0.3155217664485888,1.6653345369377348e-16,0.315521766448589,centered
fGn_0.25_n256_r14,fGn_0.25_n256,,Higuchi,1.0,0.2743693641834377,0.0,0.2743693641834377,centered
fGn_0.25_n256_r14,fGn_0.25_n256,,GHE,1.0,0.2725365926464687,0.0,0.2725365926464687,centered
fGn_0.25_n256_r15,fGn_0.25_n256,,GPH,1.0,0.06795376102267414,8.326672684688674e-16,0.06795376102267497,raw
fGn_0.25_n256_r15,fGn_0.25_n256,,Higuchi,1.0,0.25209442103027735,0.7305046980216048,0.9825991190518821,raw
fGn_0.25_n256_r15,fGn_0.25_n256,,GHE,1.0,0.24821894627856014,0.7263244508712516,0.9745433971498118,raw
fGn_0.25_n256_r15,fGn_0.25_n256,,GPH,1.0,0.06795376102267431,-3.3306690738754696e-16,0.06795376102267398,centered
fGn_0.25_n256_r15,fGn_0.25_n256,,Higuchi,1.0,0.24591988678697008,0.0,0.24591988678697008,centered
fGn_0.25_n256_r15,fGn_0.25_n256,,GHE,1.0,0.24139627496266922,2.7755575615628914e-17,0.24139627496266924,centered
fGn_0.25_n256_r16,fGn_0.25_n256,,GPH,1.0,0.22463601428056845,2.220446049250313e-16,0.22463601428056867,raw
fGn_0.25_n256_r16,fGn_0.25_n256,,Higuchi,1.0,0.21023889329238465,0.7673641752659768,0.9776030685583614,raw
fGn_0.25_n256_r16,fGn_0.25_n256,,GHE,1.0,0.22705151551987537,0.7434100344752789,0.9704615499951542,raw
fGn_0.25_n256_r16,fGn_0.25_n256,,GPH,1.0,0.2246360142805684,2.220446049250313e-16,0.22463601428056862,centered
fGn_0.25_n256_r16,fGn_0.25_n256,,Higuchi,1.0,0.21210059491523992,2.220446049250313e-16,0.21210059491524014,centered
fGn_0.25_n256_r16,fGn_0.25_n256,,GHE,1.0,0.22873152907648134,1.1102230246251565e-16,0.22873152907648145,centered
fGn_0.25_n256_r17,fGn_0.25_n256,,GPH,1.0,0.22360395972503594,-1.1102230246251565e-16,0.22360395972503583,raw
fGn_0.25_n256_r17,fGn_0.25_n256,,Higuchi,1.0,0.22671108041100818,0.7471532770549665,0.9738643574659747,raw
fGn_0.25_n256_r17,fGn_0.25_n256,,GHE,1.0,0.22727085124767146,0.7384612072818076,0.9657320585294791,raw
fGn_0.25_n256_r17,fGn_0.25_n256,,GPH,1.0,0.22360395972503588,-1.1102230246251565e-16,0.22360395972503577,centered
fGn_0.25_n256_r17,fGn_0.25_n256,,Higuchi,1.0,0.22356364683596586,0.0,0.22356364683596586,centered
fGn_0.25_n256_r17,fGn_0.25_n256,,GHE,1.0,0.22456493280548745,0.0,0.22456493280548745,centered
fGn_0.25_n256_r18,fGn_0.25_n256,,GPH,1.0,0.14313131789126637,1.1102230246251565e-16,0.14313131789126649,raw
fGn_0.25_n256_r18,fGn_0.25_n256,,Higuchi,1.0,0.2519645809823754,0.7320817943477473,0.9840463753301227,raw
fGn_0.25_n256_r18,fGn_0.25_n256,,GHE,1.0,0.2506686888642276,0.7257384969918901,0.9764071858561177,raw
fGn_0.25_n256_r18,fGn_0.25_n256,,GPH,1.0,0.14313131789126637,-5.551115123125783e-17,0.14313131789126632,centered
fGn_0.25_n256_r18,fGn_0.25_n256,,Higuchi,1.0,0.25237144669477907,0.0,0.25237144669477907,centered
fGn_0.25_n256_r18,fGn_0.25_n256,,GHE,1.0,0.25161808606948355,5.551115123125783e-17,0.2516180860694836,centered
fGn_0.25_n256_r19,fGn_0.25_n256,,GPH,1.0,0.3012108704506723,-1.6653345369377348e-16,0.30121087045067213,raw
fGn_0.25_n256_r19,fGn_0.25_n256,,Higuchi,1.0,0.26590880460259125,0.719777951770338,0.9856867563729292,raw
fGn_0.25_n256_r19,fGn_0.25_n256,,GHE,1.0,0.26284164747019656,0.7154336270151321,0.9782752744853287,raw
fGn_0.25_n256_r19,fGn_0.25_n256,,GPH,1.0,0.3012108704506724,-2.7755575615628914e-16,0.30121087045067213,centered
fGn_0.25_n256_r19,fGn_0.25_n256,,Higuchi,1.0,0.26605443421305885,0.0,0.26605443421305885,centered
fGn_0.25_n256_r19,fGn_0.25_n256,,GHE,1.0,0.2629885932633274,5.551115123125783e-17,0.26298859326332746,centered
fGn_0.25_n256_r2,fGn_0.25_n256,,GPH,1.0,0.4558996348622308,0.0,0.4558996348622308,raw
fGn_0.25_n256_r2,fGn_0.25_n256,,Higuchi,1.0,0.25203937623917394,0.7285529642092803,0.9805923404484542,raw
fGn_0.25_n256_r2,fGn_0.25_n256,,GHE,1.0,0.2560583827349658,0.7153133208644551,0.9713717035994209,raw
fGn_0.25_n256_r2,fGn_0.25_n256,,GPH,1.0,0.4558996348622308,-1.1102230246251565e-16,0.4558996348622307,centered
fGn_0.25_n256_r2,fGn_0.25_n256,,Higuchi,1.0,0.24184707429765817,-6.661338147750939e-16,0.2418470742976575,centered
fGn_0.25_n256_r2,fGn_0.25_n256,,GHE,1.0,0.24773294558161063,-8.326672684688674e-17,0.24773294558161055,centered
fGn_0.25_n256_r20,fGn_0.25_n256,,GPH,1.0,0.16788028053753462,-1.1102230246251565e-16,0.1678802805375345,raw
fGn_0.25_n256_r20,fGn_0.25_n256,,Higuchi,1.0,0.21182235646912062,0.7651163731599882,0.9769387296291088,raw
fGn_0.25_n256_r20,fGn_0.25_n256,,GHE,1.0,0.22059662316576126,0.7479053706037373,0.9685019937694985,raw
fGn_0.25_n256_r20,fGn_0.25_n256,,GPH,1.0,0.16788028053753462,-1.1102230246251565e-16,0.1678802805375345,centered
fGn_0.25_n256_r20,fGn_0.25_n256,,Higuchi,1.0,0.209624216812756,2.220446049250313e-16,0.20962421681275623,centered
fGn_0.25_n256_r20,fGn_0.25_n256,,GHE,1.0,0.2174921472132134,0.0,0.2174921472132134,centered
fGn_0.25_n256_r21,fGn_0.25_n256,,GPH,1.0,0.3602912241671199,-2.220446049250313e-16,0.3602912241671197,raw
fGn_0.25_n256_r21,fGn_0.25_n256,,Higuchi,1.0,0.19412046483914458,0.7855343592652835,0.9796548241044281,raw
fGn_0.25_n256_r21,fGn_0.25_n256,,GHE,1.0,0.1913566199294824,0.779189815402843,0.9705464353323254,raw
fGn_0.25_n256_r21,fGn_0.25_n256,,GPH,1.0,0.3602912241671199,0.0,0.3602912241671199,centered
fGn_0.25_n256_r21,fGn_0.25_n256,,Higuchi,1.0,0.2015242780640305,0.0,0.2015242780640305,centered
fGn_0.25_n256_r21,fGn_0.25_n256,,GHE,1.0,0.19794896862146882,5.551115123125783e-17,0.19794896862146888,centered
fGn_0.25_n256_r22,fGn_0.25_n256,,GPH,1.0,0.013176362047615964,5.551115123125783e-17,0.01317636204761602,raw
fGn_0.25_n256_r22,fGn_0.25_n256,,Higuchi,1.0,0.18756633524822441,0.7908088702812619,0.9783752055294863,raw
fGn_0.25_n256_r22,fGn_0.25_n256,,GHE,1.0,0.19662244084329375,0.7740822763846927,0.9707047172279865,raw
fGn_0.25_n256_r22,fGn_0.25_n256,,GPH,1.0,0.013176362047615853,1.6653345369377348e-16,0.01317636204761602,centered
fGn_0.25_n256_r22,fGn_0.25_n256,,Higuchi,1.0,0.16547905902004412,0.0,0.16547905902004412,centered
fGn_0.25_n256_r22,fGn_0.25_n256,,GHE,1.0,0.17992542249061796,-5.551115123125783e-17,0.1799254224906179,centered
fGn_0.25_n256_r23,fGn_0.25_n256,,GPH,1.0,0.3368607851960661,1.1102230246251565e-16,0.3368607851960662,raw
fGn_0.25_n256_r23,fGn_0.25_n256,,Higuchi,1.0,0.22032662171580042,0.7634481915527278,0.9837748132685282,raw
fGn_0.25_n256_r23,fGn_0.25_n256,,GHE,1.0,0.21562036278404342,0.7599608667249447,0.9755812295089881,raw
fGn_0.25_n256_r23,fGn_0.25_n256,,GPH,1.0,0.3368607851960661,1.1102230246251565e-16,0.3368607851960662,centered
fGn_0.25_n256_r23,fGn_0.25_n256,,Higuchi,1.0,0.22021825019914543,0.0,0.22021825019914543,centered
fGn_0.25_n256_r23,fGn_0.25_n256,,GHE,1.0,0.21608150399278286,-2.7755575615628914e-17,0.21608150399278284,centered
fGn_0.25_n256_r24,fGn_0.25_n256,,GPH,1.0,0.2818853149784777,-2.220446049250313e-16,0.28188531497847746,raw
fGn_0.25_n256_r24,fGn_0.25_n256,,Higuchi,1.0,0.2504489188738548,0.7309408924835537,0.9813898113574084,raw
fGn_0.25_n256_r24,fGn_0.25_n256,,GHE,1.0,0.27499368210486824,0.6959712128635196,0.9709648949683879,raw
fGn_0.25_n256_r24,fGn_0.25_n256,,GPH,1.0,0.2818853149784777,-2.220446049250313e-16,0.28188531497847746,centered
fGn_0.25_n256_r24,fGn_0.25_n256,,Higuchi,1.0,0.2622800632627744,0.0,0.2622800632627744,centered
fGn_0.25_n256_r24,fGn_0.25_n256,,GHE,1.0,0.2815203669496495,0.0,0.2815203669496495,centered
fGn_0.25_n256_r25,fGn_0.25_n256,,GPH,1.0,0.18664212096706295,2.220446049250313e-16,0.18664212096706317,raw
fGn_0.25_n256_r25,fGn_0.25_n256,,Higuchi,1.0,0.2125869242557834,0.7710886071518328,0.9836755314076162,raw
fGn_0.25_n256_r25,fGn_0.25_n256,,GHE,1.0,0.21557510594328227,0.7622594952489048,0.9778346011921871,raw
fGn_0.25_n256_r25,fGn_0.25_n256,,GPH,1.0,0.18664212096706295,5.551115123125783e-17,0.186642120967063,centered
fGn_0.25_n256_r25,fGn_0.25_n256,,Higuchi,1.0,0.21441131889392806,0.0,0.21441131889392806,centered
fGn_0.25_n256_r25,fGn_0.25_n256,,GHE,1.0,0.21741235419192548,-8.326672684688674e-17,0.2174123541919254,centered
fGn_0.25_n256_r26,fGn_0.25_n256,,GPH,1.0,0.1812127520120279,-1.6653345369377348e-16,0.18121275201202774,raw
fGn_0.25_n256_r26,fGn_0.25_n256,,Higuchi,1.0,0.2203171750155417,0.7542309524614896,0.9745481274770313,raw
fGn_0.25_n256_r26,fGn_0.25_n256,,GHE,1.0,0.21230089249135164,0.7543931829185934,0.966694075409945,raw
fGn_0.25_n256_r26,fGn_0.25_n256,,GPH,1.0,0.1812127520120279,0.0,0.1812127520120279,centered
fGn_0.25_n256_r26,fGn_0.25_n256,,Higuchi,1.0,0.21890586741909357,0.0,0.21890586741909357,centered
fGn_0.25_n256_r26,fGn_0.25_n256,,GHE,1.0,0.21092660221456214,0.0,0.21092660221456214,centered
fGn_0.25_n256_r27,fGn_0.25_n256,,GPH,1.0,0.09396320841713524,0.0,0.09396320841713524,raw
fGn_0.25_n256_r27,fGn_0.25_n256,,Higuchi,1.0,0.18131719468770147,0.800241898306495,0.9815590929941964,raw
fGn_0.25_n256_r27,fGn_0.25_n256,,GHE,1.0,0.1770834598191355,0.7978150955970692,0.9748985554162047,raw
fGn_0.25_n256_r27,fGn_0.25_n256,,GPH,1.0,0.0939632084171354,-4.996003610813204e-16,0.0939632084171349,centered
fGn_0.25_n256_r27,fGn_0.25_n256,,Higuchi,1.0,0.18129653434977921,0.0,0.18129653434977921,centered
fGn_0.25_n256_r27,fGn_0.25_n256,,GHE,1.0,0.17704941331577803,8.326672684688674e-17,0.17704941331577811,centered
fGn_0.25_n256_r28,fGn_0.25_n256,,GPH,1.0,0.2483038191758753,-5.551115123125783e-17,0.24830381917587524,raw
fGn_0.25_n256_r28,fGn_0.25_n256,,Higuchi,1.0,0.25759974056438084,0.7225283892624224,0.9801281298268032,raw
fGn_0.25_n256_r28,fGn_0.25_n256,,GHE,1.0,0.25008453254964735,0.7224722651036479,0.9725567976532953,raw
fGn_0.25_n256_r28,fGn_0.25_n256,,GPH,1.0,0.2483038191758753,-3.3306690738754696e-16,0.24830381917587496,centered
fGn_0.25_n256_r28,fGn_0.25_n256,,Higuchi,1.0,0.2531425770088942,-4.440892098500626e-16,0.25314257700889375,centered
fGn_0.25_n256_r28,fGn_0.25_n256,,GHE,1.0,0.2460051378151728,0.0,0.2460051378151728,centered
fGn_0.25_n256_r29,fGn_0.25_n256,,GPH,1.0,0.35077886998953844,5.551115123125783e-17,0.3507788699895385,raw
fGn_0.25_n256_r29,fGn_0.25_n256,,Higuchi,1.0,0.32198723063221246,0.6595451680176927,0.9815323986499052,raw
fGn_0.25_n256_r29,fGn_0.25_n256,,GHE,1.0,0.31433460800861635,0.660441848544427,0.9747764565530433,raw
fGn_0.25_n256_r29,fGn_0.25_n256,,GPH,1.0,0.35077886998953856,-1.6653345369377348e-16,0.3507788699895384,centered
fGn_0.25_n256_r29,fGn_0.25_n256,,Higuchi,1.0,0.3207074026047516,0.0,0.3207074026047516,centered
fGn_0.25_n256_r29,fGn_0.25_n256,,GHE,1.0,0.31133754421395954,0.0,0.31133754421395954,centered
fGn_0.25_n256_r3,fGn_0.25_n256,,GPH,1.0,-0.18547221645668255,5.551115123125783e-16,-0.185472216456682,raw
fGn_0.25_n256_r3,fGn_0.25_n256,,Higuchi,1.0,0.14847698220925776,0.8376170263417224,0.9860940085509802,raw
fGn_0.25_n256_r3,fGn_0.25_n256,,GHE,1.0,0.17539992941131452,0.8039411066940558,0.9793410361053704,raw
fGn_0.25_n256_r3,fGn_0.25_n256,,GPH,1.0,-0.18547221645668277,9.992007221626409e-16,-0.18547221645668177,centered
fGn_0.25_n256_r3,fGn_0.25_n256,,Higuchi,1.0,0.14856087497087955,0.0,0.14856087497087955,centered
fGn_0.25_n256_r3,fGn_0.25_n256,,GHE,1.0,0.17485575573808773,2.7755575615628914e-17,0.17485575573808776,centered
fGn_0.25_n256_r30,fGn_0.25_n256,,GPH,1.0,0.1599791012179025,-1.1102230246251565e-16,0.15997910121790238,raw
fGn_0.25_n256_r30,fGn_0.25_n256,,Higuchi,1.0,0.22116209019143462,0.7631385609653594,0.984300651156794,raw
fGn_0.25_n256_r30,fGn_0.25_n256,,GHE,1.0,0.22127010137639164,0.7564986684123429,0.9777687697887345,raw
fGn_0.25_n256_r30,fGn_0.25_n256,,GPH,1.0,0.1599791012179025,-2.220446049250313e-16,0.15997910121790226,centered
fGn_0.25_n256_r30,fGn_0.25_n256,,Higuchi,1.0,0.21891604337295045,0.0,0.21891604337295045,centered
fGn_0.25_n256_r30,fGn_0.25_n256,,GHE,1.0,0.21981646484756157,5.551115123125783e-17,0.21981646484756162,centered
fGn_0.25_n256_r31,fGn_0.25_n256,,GPH,1.0,0.3054523879784955,5.551115123125783e-17,0.30545238797849555,raw
fGn_0.25_n256_r31,fGn_0.25_n256,,Higuchi,1.0,0.29558734489191174,0.6794555507586837,0.9750428956505954,raw
fGn_0.25_n256_r31,fGn_0.25_n256,,GHE,1.0,0.2832739094627717,0.6818030783798359,0.9650769878426076,raw
fGn_0.25_n256_r31,fGn_0.25_n256,,GPH,1.0,0.30545238797849544,1.6653345369377348e-16,0.3054523879784956,centered
fGn_0.25_n256_r31,fGn_0.25_n256,,Higuchi,1.0,0.243032494267736,2.220446049250313e-16,0.2430324942677362,centered
fGn_0.25_n256_r31,fGn_0.25_n256,,GHE,1.0,0.24207146746892189,2.7755575615628914e-17,0.2420714674689219,centered
fGn_0.25_n256_r32,fGn_0.25_n256,,GPH,1.0,0.3503712656769404,5.551115123125783e-17,0.35037126567694044,raw
fGn_0.25_n256_r32,fGn_0.25_n256,,Higuchi,1.0,0.32431185552208763,0.6523283678018534,0.9766402233239411,raw
fGn_0.25_n256_r32,fGn_0.25_n256,,GHE,1.0,0.317974049756555,0.6540556059077365,0.9720296556642916,raw
fGn_0.25_n256_r32,fGn_0.25_n256,,GPH,1.0,0.35037126567694044,0.0,0.35037126567694044,centered
fGn_0.25_n256_r32,fGn_0.25_n256,,Higuchi,1.0,0.3307471721856765,0.0,0.3307471721856765,centered
fGn_0.25_n256_r32,fGn_0.25_n256,,GHE,1.0,0.3224181515569029,0.0,0.3224181515569029,centered
fGn_0.25_n256_r33,fGn_0.25_n256,,GPH,1.0,0.33986947693034353,3.3306690738754696e-16,0.33986947693034386,raw
fGn_0.25_n256_r33,fGn_0.25_n256,,Higuchi,1.0,0.33138733510125995,0.6493439823643783,0.9807313174656382,raw
fGn_0.25_n256_r33,fGn_0.25_n256,,GHE,1.0,0.3275640776200884,0.6456894125403214,0.9732534901604097,raw
fGn_0.25_n256_r33,fGn_0.25_n256,,GPH,1.0,0.3398694769303436,-5.551115123125783e-17,0.33986947693034353,centered
fGn_0.25_n256_r33,fGn_0.25_n256,,Higuchi,1.0,0.3314909135192716,0.0,0.3314909135192716,centered
fGn_0.25_n256_r33,fGn_0.25_n256,,GHE,1.0,0.32786004538008523,-5.551115123125783e-17,0.3278600453800852,centered
fGn_0.25_n256_r34,fGn_0.25_n256,,GPH,1.0,0.42594600473971345,5.551115123125783e-17,0.4259460047397135,raw
fGn_0.25_n256_r34,fGn_0.25_n256,,Higuchi,1.0,0.27791877058835257,0.7099886993187392,0.9879074699070918,raw
fGn_0.25_n256_r34,fGn_0.25_n256,,GHE,1.0,0.2778219589058232,0.7024059101950405,0.9802278691008637,raw
fGn_0.25_n256_r34,fGn_0.25_n256,,GPH,1.0,0.42594600473971345,5.551115123125783e-17,0.4259460047397135,centered
fGn_0.25_n256_r34,fGn_0.25_n256,,Higuchi,1.0,0.293059650674111,-4.440892098500626e-16,0.29305965067411055,centered
fGn_0.25_n256_r34,fGn_0.25_n256,,GHE,1.0,0.2863978996255875,-1.6653345369377348e-16,0.2863978996255873,centered
fGn_0.25_n256_r35,fGn_0.25_n256,,GPH,1.0,0.31284782796822996,0.0,0.31284782796822996,raw
fGn_0.25_n256_r35,fGn_0.25_n256,,Higuchi,1.0,0.27381279633755784,0.7022214723453712,0.9760342686829291,raw
fGn_0.25_n256_r35,fGn_0.25_n256,,GHE,1.0,0.2622025294992987,0.7066877238859344,0.968890253385233,raw
fGn_0.25_n256_r35,fGn_0.25_n256,,GPH,1.0,0.31284782796822996,-1.1102230246251565e-16,0.31284782796822985,centered
fGn_0.25_n256_r35,fGn_0.25_n256,,Higuchi,1.0,0.27308348962019835,-4.440892098500626e-16,0.2730834896201979,centered
fGn_0.25_n256_r35,fGn_0.25_n256,,GHE,1.0,0.2613289007463257,-1.6653345369377348e-16,0.26132890074632553,centered
fGn_0.25_n256_r36,fGn_0.25_n256,,GPH,1.0,0.24490382443009667,5.551115123125783e-17,0.24490382443009673,raw
fGn_0.25_n256_r36,fGn_0.25_n256,,Higuchi,1.0,0.2642206700902665,0.7204739159674418,0.9846945860577083,raw
fGn_0.25_n256_r36,fGn_0.25_n256,,GHE,1.0,0.26514364433945303,0.7121280173613627,0.9772716617008157,raw
fGn_0.25_n256_r36,fGn_0.25_n256,,GPH,1.0,0.24490382443009667,-5.551115123125783e-17,0.24490382443009662,centered
fGn_0.25_n256_r36,fGn_0.25_n256,,Higuchi,1.0,0.24018401127320876,0.0,0.24018401127320876,centered
fGn_0.25_n256_r36,fGn_0.25_n256,,GHE,1.0,0.24357240225648044,8.326672684688674e-17,0.24357240225648052,centered
fGn_0.25_n256_r37,fGn_0.25_n256,,GPH,1.0,0.1915686815489705,2.7755575615628914e-16,0.19156868154897078,raw
fGn_0.25_n256_r37,fGn_0.25_n256,,Higuchi,1.0,0.24274506884293334,0.7332483484774477,0.975993417320381,raw
fGn_0.25_n256_r37,fGn_0.25_n256,,GHE,1.0,0.2444743241360939,0.7222579323375837,0.9667322564736777,raw
fGn_0.25_n256_r37,fGn_0.25_n256,,GPH,1.0,0.1915686815489705,2.7755575615628914e-16,0.19156868154897078,centered
fGn_0.25_n256_r37,fGn_0.25_n256,,Higuchi,1.0,0.24276609758793044,0.0,0.24276609758793044,centered
fGn_0.25_n256_r37,fGn_0.25_n256,,GHE,1.0,0.2447665924421382,1.1102230246251565e-16,0.2447665924421383,centered
fGn_0.25_n256_r38,fGn_0.25_n256,,GPH,1.0,0.37972401281049434,0.0,0.37972401281049434,raw
fGn_0.25_n256_r38,fGn_0.25_n256,,Higuchi,1.0,0.34243115188685036,0.6384204502518411,0.9808516021386915,raw
fGn_0.25_n256_r38,fGn_0.25_n256,,GHE,1.0,0.33763395341455577,0.6362149525163023,0.973848905930858,raw
fGn_0.25_n256_r38,fGn_0.25_n256,,GPH,1.0,0.3797240128104943,-5.551115123125783e-17,0.3797240128104942,centered
fGn_0.25_n256_r38,fGn_0.25_n256,,Higuchi,1.0,0.33921565936400744,0.0,0.33921565936400744,centered
fGn_0.25_n256_r38,fGn_0.25_n256,,GHE,1.0,0.33545822737368447,0.0,0.33545822737368447,centered
fGn_0.25_n256_r39,fGn_0.25_n256,,GPH,1.0,0.12145851205483243,3.3306690738754696e-16,0.12145851205483277,raw
fGn_0.25_n256_r39,fGn_0.25_n256,,Higuchi,1.0,0.24673578961944398,0.7347807102876249,0.9815164999070689,raw
fGn_0.25_n256_r39,fGn_0.25_n256,,GHE,1.0,0.25575254597842373,0.7170117439337236,0.9727642899121473,raw
fGn_0.25_n256_r39,fGn_0.25_n256,,GPH,1.0,0.12145851205483243,1.6653345369377348e-16,0.1214585120548326,centered
fGn_0.25_n256_r39,fGn_0.25_n256,,Higuchi,1.0,0.25425549823626614,0.0,0.25425549823626614,centered
fGn_0.25_n256_r39,fGn_0.25_n256,,GHE,1.0,0.2622313946939632,1.1102230246251565e-16,0.26223139469396334,centered
fGn_0.25_n256_r4,fGn_0.25_n256,,GPH,1.0,0.17785128441177178,4.996003610813204e-16,0.17785128441177228,raw
fGn_0.25_n256_r4,fGn_0.25_n256,,Higuchi,1.0,0.21150511180308884,0.7707917467600092,0.982296858563098,raw
fGn_0.25_n256_r4,fGn_0.25_n256,,GHE,1.0,0.2025829885056459,0.773638130043016,0.9762211185486619,raw
fGn_0.25_n256_r4,fGn_0.25_n256,,GPH,1.0,0.17785128441177178,5.551115123125783e-16,0.17785128441177234,centered
fGn_0.25_n256_r4,fGn_0.25_n256,,Higuchi,1.0,0.20800481360533984,0.0,0.20800481360533984,centered
fGn_0.25_n256_r4,fGn_0.25_n256,,GHE,1.0,0.20089543763494488,-5.551115123125783e-17,0.20089543763494483,centered
fGn_0.25_n256_r40,fGn_0.25_n256,,GPH,1.0,0.28453515093719595,5.551115123125783e-17,0.284535150937196,raw
fGn_0.25_n256_r40,fGn_0.25_n256,,Higuchi,1.0,0.20560147721667876,0.7688592778481032,0.9744607550647819,raw
fGn_0.25_n256_r40,fGn_0.25_n256,,GHE,1.0,0.23890042316105808,0.7270693472259325,0.9659697703869906,raw
fGn_0.25_n256_r40,fGn_0.25_n256,,GPH,1.0,0.28453515093719595,0.0,0.28453515093719595,centered
fGn_0.25_n256_r40,fGn_0.25_n256,,Higuchi,1.0,0.2148677752413024,0.0,0.2148677752413024,centered
fGn_0.25_n256_r40,fGn_0.25_n256,,GHE,1.0,0.24455560237766902,0.0,0.24455560237766902,centered
fGn_0.25_n256_r41,fGn_0.25_n256,,GPH,1.0,0.0604146326447213,1.6653345369377348e-16,0.06041463264472147,raw
fGn_0.25_n256_r41,fGn_0.25_n256,,Higuchi,1.0,0.25095719116713777,0.7286178996668518,0.9795750908339895,raw
fGn_0.25_n256_r41,fGn_0.25_n256,,GHE,1.0,0.2586279542495676,0.7133946263231419,0.9720225805727095,raw
fGn_0.25_n256_r41,fGn_0.25_n256,,GPH,1.0,0.0604146326447213,2.7755575615628914e-16,0.06041463264472158,centered
fGn_0.25_n256_r41,fGn_0.25_n256,,Higuchi,1.0,0.24375300333399452,0.0,0.24375300333399452,centered
fGn_0.25_n256_r41,fGn_0.25_n256,,GHE,1.0,0.2512370091010392,0.0,0.2512370091010392,centered
fGn_0.25_n256_r42,fGn_0.25_n256,,GPH,1.0,0.581336065414352,0.0,0.581336065414352,raw
fGn_0.25_n256_r42,fGn_0.25_n256,,Higuchi,1.0,0.23352804002971084,0.744570380304322,0.9780984203340328,raw
fGn_0.25_n256_r42,fGn_0.25_n256,,GHE,1.0,0.24557232481207714,0.7263707045033997,0.9719430293154768,raw
fGn_0.25_n256_r42,fGn_0.25_n256,,GPH,1.0,0.581336065414352,-1.1102230246251565e-16,0.5813360654143519,centered
fGn_0.25_n256_r42,fGn_0.25_n256,,Higuchi,1.0,0.2444846038449442,0.0,0.2444846038449442,centered
fGn_0.25_n256_r42,fGn_0.25_n256,,GHE,1.0,0.2534532315827487,0.0,0.2534532315827487,centered
fGn_0.25_n256_r43,fGn_0.25_n256,,GPH,1.0,0.2399521057154715,1.1102230246251565e-16,0.2399521057154716,raw
fGn_0.25_n256_r43,fGn_0.25_n256,,Higuchi,1.0,0.2143761301881708,0.7621679722442067,0.9765441024323775,raw
fGn_0.25_n256_r43,fGn_0.25_n256,,GHE,1.0,0.2127809454278102,0.7551367717111988,0.967917717139009,raw
fGn_0.25_n256_r43,fGn_0.25_n256,,GPH,1.0,0.2399521057154715,1.6653345369377348e-16,0.23995210571547165,centered
fGn_0.25_n256_r43,fGn_0.25_n256,,Higuchi,1.0,0.21856662151196193,0.0,0.21856662151196193,centered
fGn_0.25_n256_r43,fGn_0.25_n256,,GHE,1.0,0.21607585844264293,1.1102230246251565e-16,0.21607585844264304,centered
fGn_0.25_n256_r44,fGn_0.25_n256,,GPH,1.0,0.2523135367220446,5.551115123125783e-17,0.25231353672204465,raw
fGn_0.25_n256_r44,fGn_0.25_n256,,Higuchi,1.0,0.16715447847846043,0.8197651168312226,0.986919595309683,raw
fGn_0.25_n256_r44,fGn_0.25_n256,,GHE,1.0,0.2002681001030944,0.7818009172784748,0.9820690173815692,raw
fGn_0.25_n256_r44,fGn_0.25_n256,,GPH,1.0,0.2523135367220446,1.1102230246251565e-16,0.2523135367220447,centered
fGn_0.25_n256_r44,fGn_0.25_n256,,Higuchi,1.0,0.17599170386426377,0.0,0.17599170386426377,centered
fGn_0.25_n256_r44,fGn_0.25_n256,,GHE,1.0,0.2082854659568125,-8.326672684688674e-17,0.2082854659568124,centered
fGn_0.25_n256_r45,fGn_0.25_n256,,GPH,1.0,0.38505551426697393,2.220446049250313e-16,0.38505551426697415,raw
fGn_0.25_n256_r45,fGn_0.25_n256,,Higuchi,1.0,0.2989683032496142,0.682428860002213,0.9813971632518272,raw
fGn_0.25_n256_r45,fGn_0.25_n256,,GHE,1.0,0.28352272748688717,0.6907107021149057,0.9742334296017928,raw
fGn_0.25_n256_r45,fGn_0.25_n256,,GPH,1.0,0.3850555142669739,2.7755575615628914e-16,0.38505551426697415,centered
fGn_0.25_n256_r45,fGn_0.25_n256,,Higuchi,1.0,0.29637876837971877,0.0,0.29637876837971877,centered
fGn_0.25_n256_r45,fGn_0.25_n256,,GHE,1.0,0.2809248290232898,5.551115123125783e-17,0.28092482902328986,centered
fGn_0.25_n256_r46,fGn_0.25_n256,,GPH,1.0,0.16709218247373847,-1.6653345369377348e-16,0.1670921824737383,raw
fGn_0.25_n256_r46,fGn_0.25_n256,,Higuchi,1.0,0.181554423127966,0.7965188256336682,0.9780732487616342,raw
fGn_0.25_n256_r46,fGn_0.25_n256,,GHE,1.0,0.19462307381612182,0.7737038621276728,0.9683269359437946,raw
fGn_0.25_n256_r46,fGn_0.25_n256,,GPH,1.0,0.16709218247373836,0.0,0.16709218247373836,centered
fGn_0.25_n256_r46,fGn_0.25_n256,,Higuchi,1.0,0.1877209722611628,0.0,0.1877209722611628,centered
fGn_0.25_n256_r46,fGn_0.25_n256,,GHE,1.0,0.19878514525960236,0.0,0.19878514525960236,centered
fGn_0.25_n256_r47,fGn_0.25_n256,,GPH,1.0,0.06661767429406018,-3.3306690738754696e-16,0.06661767429405985,raw
fGn_0.25_n256_r47,fGn_0.25_n256,,Higuchi,1.0,0.14564797100157723,0.8304102365381041,0.9760582075396813,raw
fGn_0.25_n256_r47,fGn_0.25_n256,,GHE,1.0,0.15278495279207355,0.813807170283358,0.9665921230754315,raw
fGn_0.25_n256_r47,fGn_0.25_n256,,GPH,1.0,0.06661767429406018,-2.220446049250313e-16,0.06661767429405996,centered
fGn_0.25_n256_r47,fGn_0.25_n256,,Higuchi,1.0,0.14793618545953424,0.0,0.14793618545953424,centered
fGn_0.25_n256_r47,fGn_0.25_n256,,GHE,1.0,0.15416741755343555,8.326672684688674e-17,0.15416741755343563,centered
fGn_0.25_n256_r48,fGn_0.25_n256,,GPH,1.0,-0.06784287068956318,3.3306690738754696e-16,-0.06784287068956285,raw
fGn_0.25_n256_r48,fGn_0.25_n256,,Higuchi,1.0,0.18717130789538805,0.7959926888698652,0.9831639967652532,raw
fGn_0.25_n256_r48,fGn_0.25_n256,,GHE,1.0,0.1980957280195245,0.7786578052296761,0.9767535332492006,raw
fGn_0.25_n256_r48,fGn_0.25_n256,,GPH,1.0,-0.06784287068956318,2.220446049250313e-16,-0.06784287068956296,centered
fGn_0.25_n256_r48,fGn_0.25_n256,,Higuchi,1.0,0.18832933593049428,-4.440892098500626e-16,0.18832933593049384,centered
fGn_0.25_n256_r48,fGn_0.25_n256,,GHE,1.0,0.19918986535689812,1.1102230246251565e-16,0.19918986535689823,centered
fGn_0.25_n256_r49,fGn_0.25_n256,,GPH,1.0,0.13398372158921013,5.551115123125783e-17,0.13398372158921018,raw
fGn_0.25_n256_r49,fGn_0.25_n256,,Higuchi,1.0,0.22195247701219878,0.758873079344853,0.9808255563570518,raw
fGn_0.25_n256_r49,fGn_0.25_n256,,GHE,1.0,0.20960103449134002,0.7628326272422813,0.9724336617336213,raw
fGn_0.25_n256_r49,fGn_0.25_n256,,GPH,1.0,0.13398372158921013,1.1102230246251565e-16,0.13398372158921024,centered
fGn_0.25_n256_r49,fGn_0.25_n256,,Higuchi,1.0,0.22262690704220134,0.0,0.22262690704220134,centered
fGn_0.25_n256_r49,fGn_0.25_n256,,GHE,1.0,0.2101438447434079,0.0,0.2101438447434079,centered
fGn_0.25_n256_r5,fGn_0.25_n256,,GPH,1.0,0.4004479597172156,-1.1102230246251565e-16,0.4004479597172155,raw
fGn_0.25_n256_r5,fGn_0.25_n256,,Higuchi,1.0,0.18271709988671025,0.8034001482085027,0.986117248095213,raw
fGn_0.25_n256_r5,fGn_0.25_n256,,GHE,1.0,0.21136370057582912,0.7662324270500505,0.9775961276258796,raw
fGn_0.25_n256_r5,fGn_0.25_n256,,GPH,1.0,0.4004479597172156,0.0,0.4004479597172156,centered
fGn_0.25_n256_r5,fGn_0.25_n256,,Higuchi,1.0,0.18539126287939345,0.0,0.18539126287939345,centered
fGn_0.25_n256_r5,fGn_0.25_n256,,GHE,1.0,0.21325083055964392,0.0,0.21325083055964392,centered
fGn_0.25_n256_r50,fGn_0.25_n256,,GPH,1.0,0.2367107260963195,-1.6653345369377348e-16,0.23671072609631932,raw
fGn_0.25_n256_r50,fGn_0.25_n256,,Higuchi,1.0,0.261859802864181,0.7197544195727401,0.9816142224369211,raw
fGn_0.25_n256_r50,fGn_0.25_n256,,GHE,1.0,0.25559540462131247,0.7160765293700722,0.9716719339913846,raw
fGn_0.25_n256_r50,fGn_0.25_n256,,GPH,1.0,0.2367107260963195,-1.1102230246251565e-16,0.23671072609631938,centered
fGn_0.25_n256_r50,fGn_0.25_n256,,Higuchi,1.0,0.24960656427632233,0.0,0.24960656427632233,centered
fGn_0.25_n256_r50,fGn_0.25_n256,,GHE,1.0,0.2462216028174582,-5.551115123125783e-17,0.24622160281745814,centered
fGn_0.25_n256_r51,fGn_0.25_n256,,GPH,1.0,0.010508210308853405,3.3306690738754696e-16,0.010508210308853738,raw
fGn_0.25_n256_r51,fGn_0.25_n256,,Higuchi,1.0,0.18440366826159482,0.7965367634999736,0.9809404317615684,raw
fGn_0.25_n256_r51,fGn_0.25_n256,,GHE,1.0,0.18743415513905914,0.7859579422920548,0.973392097431114,raw
fGn_0.25_n256_r51,fGn_0.25_n256,,GPH,1.0,0.010508210308853405,-5.551115123125783e-17,0.01050821030885335,centered
fGn_0.25_n256_r51,fGn_0.25_n256,,Higuchi,1.0,0.16034916912828945,0.0,0.16034916912828945,centered
fGn_0.25_n256_r51,fGn_0.25_n256,,GHE,1.0,0.16905804457518286,0.0,0.16905804457518286,centered
fGn_0.25_n256_r52,fGn_0.25_n256,,GPH,1.0,0.2768047638514698,0.0,0.2768047638514698,raw
fGn_0.25_n256_r52,fGn_0.25_n256,,Higuchi,1.0,0.23794373621556097,0.7369555628426832,0.9748992990582441,raw
fGn_0.25_n256_r52,fGn_0.25_n256,,GHE,1.0,0.23566951436689268,0.7299874370057899,0.9656569513726826,raw
fGn_0.25_n256_r52,fGn_0.25_n256,,GPH,1.0,0.2768047638514698,0.0,0.2768047638514698,centered
fGn_0.25_n256_r52,fGn_0.25_n256,,Higuchi,1.0,0.24067555981627264,0.0,0.24067555981627264,centered
fGn_0.25_n256_r52,fGn_0.25_n256,,GHE,1.0,0.23767847582821156,-8.326672684688674e-17,0.23767847582821147,centered
fGn_0.25_n256_r53,fGn_0.25_n256,,GPH,1.0,0.317471846639203,0.0,0.317471846639203,raw
fGn_0.25_n256_r53,fGn_0.25_n256,,Higuchi,1.0,0.248818617791829,0.7313968163640132,0.9802154341558422,raw
fGn_0.25_n256_r53,fGn_0.25_n256,,GHE,1.0,0.24581078990044894,0.7266823188880951,0.972493108788544,raw
fGn_0.25_n256_r53,fGn_0.25_n256,,GPH,1.0,0.317471846639203,5.551115123125783e-17,0.3174718466392031,centered
fGn_0.25_n256_r53,fGn_0.25_n256,,Higuchi,1.0,0.23463611137132356,0.0,0.23463611137132356,centered
fGn_0.25_n256_r53,fGn_0.25_n256,,GHE,1.0,0.23424598377709324,0.0,0.23424598377709324,centered
fGn_0.25_n256_r54,fGn_0.25_n256,,GPH,1.0,0.38393973853600893,1.1102230246251565e-16,0.38393973853600905,raw
fGn_0.25_n256_r54,fGn_0.25_n256,,Higuchi,1.0,0.24609839937637368,0.7337035412226318,0.9798019405990055,raw
fGn_0.25_n256_r54,fGn_0.25_n256,,GHE,1.0,0.2724176608960252,0.6982864147283112,0.9707040756243365,raw
fGn_0.25_n256_r54,fGn_0.25_n256,,GPH,1.0,0.38393973853600893,1.1102230246251565e-16,0.38393973853600905,centered
fGn_0.25_n256_r54,fGn_0.25_n256,,Higuchi,1.0,0.24587868182505002,2.220446049250313e-16,0.24587868182505024,centered
fGn_0.25_n256_r54,fGn_0.25_n256,,GHE,1.0,0.2727354987275107,5.551115123125783e-17,0.27273549872751074,centered
fGn_0.25_n256_r55,fGn_0.25_n256,,GPH,1.0,-0.20022354403905507,2.220446049250313e-16,-0.20022354403905485,raw
fGn_0.25_n256_r55,fGn_0.25_n256,,Higuchi,1.0,0.16255830005559457,0.818999134660477,0.9815574347160716,raw
fGn_0.25_n256_r55,fGn_0.25_n256,,GHE,1.0,0.18051000873074388,0.7948773555282069,0.9753873642589508,raw
fGn_0.25_n256_r55,fGn_0.25_n256,,GPH,1.0,-0.20022354403905485,-1.1102230246251565e-16,-0.20022354403905496,centered
fGn_0.25_n256_r55,fGn_0.25_n256,,Higuchi,1.0,0.11907539833863234,0.0,0.11907539833863234,centered
fGn_0.25_n256_r55,fGn_0.25_n256,,GHE,1.0,0.14851321324902145,-2.7755575615628914e-17,0.14851321324902142,centered
fGn_0.25_n256_r56,fGn_0.25_n256,,GPH,1.0,0.17448462395841274,-1.1102230246251565e-16,0.17448462395841263,raw
fGn_0.25_n256_r56,fGn_0.25_n256,,Higuchi,1.0,0.23830646736925565,0.7402160377123717,0.9785225050816273,raw
fGn_0.25_n256_r56,fGn_0.25_n256,,GHE,1.0,0.24305480708212726,0.7285627192013777,0.971617526283505,raw
fGn_0.25_n256_r56,fGn_0.25_n256,,GPH,1.0,0.1744846239584127,-2.220446049250313e-16,0.17448462395841247,centered
fGn_0.25_n256_r56,fGn_0.25_n256,,Higuchi,1.0,0.22446676688280554,0.0,0.22446676688280554,centered
fGn_0.25_n256_r56,fGn_0.25_n256,,GHE,1.0,0.23391914965012667,0.0,0.23391914965012667,centered
fGn_0.25_n256_r57,fGn_0.25_n256,,GPH,1.0,0.2541156364672549,-1.1102230246251565e-16,0.25411563646725477,raw
fGn_0.25_n256_r57,fGn_0.25_n256,,Higuchi,1.0,0.27238668564293667,0.7082894968792965,0.9806761825222332,raw
fGn_0.25_n256_r57,fGn_0.25_n256,,GHE,1.0,0.268670999446836,0.7038368937049624,0.9725078931517983,raw
fGn_0.25_n256_r57,fGn_0.25_n256,,GPH,1.0,0.2541156364672549,-1.1102230246251565e-16,0.25411563646725477,centered
fGn_0.25_n256_r57,fGn_0.25_n256,,Higuchi,1.0,0.27479831322018833,-2.220446049250313e-16,0.2747983132201881,centered
fGn_0.25_n256_r57,fGn_0.25_n256,,GHE,1.0,0.2701942821253642,0.0,0.2701942821253642,centered
fGn_0.25_n256_r58,fGn_0.25_n256,,GPH,1.0,0.3380962923451662,-5.551115123125783e-17,0.33809629234516614,raw
fGn_0.25_n256_r58,fGn_0.25_n256,,Higuchi,1.0,0.24372931921157082,0.7346952760609042,0.978424595272475,raw
fGn_0.25_n256_r58,fGn_0.25_n256,,GHE,1.0,0.25999160236550106,0.7102520212094423,0.9702436235749434,raw
fGn_0.25_n256_r58,fGn_0.25_n256,,GPH,1.0,0.33809629234516614,1.1102230246251565e-16,0.33809629234516625,centered
fGn_0.25_n256_r58,fGn_0.25_n256,,Higuchi,1.0,0.2437111935565197,0.0,0.2437111935565197,centered
fGn_0.25_n256_r58,fGn_0.25_n256,,GHE,1.0,0.25990941592633193,1.1102230246251565e-16,0.25990941592633204,centered
fGn_0.25_n256_r59,fGn_0.25_n256,,GPH,1.0,0.19704868201886494,1.6653345369377348e-16,0.1970486820188651,raw
fGn_0.25_n256_r59,fGn_0.25_n256,,Higuchi,1.0,0.2606130910964273,0.7198577024545034,0.9804707935509307,raw
fGn_0.25_n256_r59,fGn_0.25_n256,,GHE,1.0,0.26978861695061584,0.7047985996061252,0.9745872165567411,raw
fGn_0.25_n256_r59,fGn_0.25_n256,,GPH,1.0,0.19704868201886488,5.551115123125783e-17,0.19704868201886494,centered
fGn_0.25_n256_r59,fGn_0.25_n256,,Higuchi,1.0,0.26508911674069613,0.0,0.26508911674069613,centered
fGn_0.25_n256_r59,fGn_0.25_n256,,GHE,1.0,0.27199124806546565,-5.551115123125783e-17,0.2719912480654656,centered
fGn_0.25_n256_r6,fGn_0.25_n256,,GPH,1.0,-0.1366589451148239,-1.3322676295501878e-15,-0.13665894511482524,raw
fGn_0.25_n256_r6,fGn_0.25_n256,,Higuchi,1.0,0.29697415930293936,0.6851110740793211,0.9820852333822605,raw
fGn_0.25_n256_r6,fGn_0.25_n256,,GHE,1.0,0.27864190911944114,0.6965752404706305,0.9752171495900716,raw
fGn_0.25_n256_r6,fGn_0.25_n256,,GPH,1.0,-0.1366589451148239,-1.887379141862766e-15,-0.1366589451148258,centered
fGn_0.25_n256_r6,fGn_0.25_n256,,Higuchi,1.0,0.2970713987573277,0.0,0.2970713987573277,centered
fGn_0.25_n256_r6,fGn_0.25_n256,,GHE,1.0,0.27858948854340143,-1.1102230246251565e-16,0.2785894885434013,centered
fGn_0.25_n256_r60,fGn_0.25_n256,,GPH,1.0,0.17576576610217304,0.0,0.17576576610217304,raw
fGn_0.25_n256_r60,fGn_0.25_n256,,Higuchi,1.0,0.24555746755964925,0.7361551511585465,0.9817126187181957,raw
fGn_0.25_n256_r60,fGn_0.25_n256,,GHE,1.0,0.2371384196789141,0.7374520369945601,0.9745904566734742,raw
fGn_0.25_n256_r60,fGn_0.25_n256,,GPH,1.0,0.1757657661021731,-1.1102230246251565e-16,0.17576576610217298,centered
fGn_0.25_n256_r60,fGn_0.25_n256,,Higuchi,1.0,0.2421615664152068,0.0,0.2421615664152068,centered
fGn_0.25_n256_r60,fGn_0.25_n256,,GHE,1.0,0.2332396232336767,5.551115123125783e-17,0.23323962323367675,centered
fGn_0.25_n256_r61,fGn_0.25_n256,,GPH,1.0,0.5066843562311677,1.1102230246251565e-16,0.5066843562311678,raw
fGn_0.25_n256_r61,fGn_0.25_n256,,Higuchi,1.0,0.3362918937724766,0.6475364342349021,0.9838283280073787,raw
fGn_0.25_n256_r61,fGn_0.25_n256,,GHE,1.0,0.3439427514481423,0.635487459575262,0.9794302110234043,raw
fGn_0.25_n256_r61,fGn_0.25_n256,,GPH,1.0,0.5066843562311677,0.0,0.5066843562311677,centered
fGn_0.25_n256_r61,fGn_0.25_n256,,Higuchi,1.0,0.31599940590430764,0.0,0.31599940590430764,centered
fGn_0.25_n256_r61,fGn_0.25_n256,,GHE,1.0,0.3264980985290822,1.6653345369377348e-16,0.32649809852908235,centered
fGn_0.25_n256_r62,fGn_0.25_n256,,GPH,1.0,0.3314620067062969,1.1102230246251565e-16,0.331462006706297,raw
fGn_0.25_n256_r62,fGn_0.25_n256,,Higuchi,1.0,0.301729587809896,0.6822396905441421,0.9839692783540381,raw
fGn_0.25_n256_r62,fGn_0.25_n256,,GHE,1.0,0.29592753671629574,0.6808547000057381,0.9767822367220338,raw
fGn_0.25_n256_r62,fGn_0.25_n256,,GPH,1.0,0.3314620067062969,0.0,0.3314620067062969,centered
fGn_0.25_n256_r62,fGn_0.25_n256,,Higuchi,1.0,0.3043201466743839,4.440892098500626e-16,0.30432014667438434,centered
fGn_0.25_n256_r62,fGn_0.25_n256,,GHE,1.0,0.29828543720305134,0.0,0.29828543720305134,centered
fGn_0.25_n256_r63,fGn_0.25_n256,,GPH,1.0,0.0440121022509084,0.0,0.0440121022509084,raw
fGn_0.25_n256_r63,fGn_0.25_n256,,Higuchi,1.0,0.17565621572881418,0.805801544483639,0.9814577602124532,raw
fGn_0.25_n256_r63,fGn_0.25_n256,,GHE,1.0,0.18288453991138987,0.7919763592373065,0.9748608991486963,raw
fGn_0.25_n256_r63,fGn_0.25_n256,,GPH,1.0,0.04401210225090846,-5.551115123125783e-17,0.0440121022509084,centered
fGn_0.25_n256_r63,fGn_0.25_n256,,Higuchi,1.0,0.17126212756697679,0.0,0.17126212756697679,centered
fGn_0.25_n256_r63,fGn_0.25_n256,,GHE,1.0,0.18036599396158337,-2.7755575615628914e-17,0.18036599396158334,centered
fGn_0.25_n256_r7,fGn_0.25_n256,,GPH,1.0,0.019036180194447694,1.6653345369377348e-16,0.01903618019444786,raw
fGn_0.25_n256_r7,fGn_0.25_n256,,Higuchi,1.0,0.24690110436251933,0.7389841342148067,0.985885238577326,raw
fGn_0.25_n256_r7,fGn_0.25_n256,,GHE,1.0,0.23642973276947912,0.7438001691752489,0.980229901944728,raw
fGn_0.25_n256_r7,fGn_0.25_n256,,GPH,1.0,0.019036180194447694,1.6653345369377348e-16,0.01903618019444786,centered
fGn_0.25_n256_r7,fGn_0.25_n256,,Higuchi,1.0,0.23994557022738916,0.0,0.23994557022738916,centered
fGn_0.25_n256_r7,fGn_0.25_n256,,GHE,1.0,0.23120858294181393,0.0,0.23120858294181393,centered
fGn_0.25_n256_r8,fGn_0.25_n256,,GPH,1.0,0.055666428810126456,1.1102230246251565e-16,0.05566642881012657,raw
fGn_0.25_n256_r8,fGn_0.25_n256,,Higuchi,1.0,0.2001959624471097,0.7800248321080372,0.9802207945551469,raw
fGn_0.25_n256_r8,fGn_0.25_n256,,GHE,1.0,0.194832942799751,0.7764446273078258,0.9712775701075768,raw
fGn_0.25_n256_r8,fGn_0.25_n256,,GPH,1.0,0.055666428810126456,-5.551115123125783e-17,0.0556664288101264,centered
fGn_0.25_n256_r8,fGn_0.25_n256,,Higuchi,1.0,0.1863323180989711,-4.440892098500626e-16,0.18633231809897066,centered
fGn_0.25_n256_r8,fGn_0.25_n256,,GHE,1.0,0.18497207316891692,-1.3877787807814457e-16,0.18497207316891678,centered
fGn_0.25_n256_r9,fGn_0.25_n256,,GPH,1.0,0.17293251456436814,-5.551115123125783e-17,0.1729325145643681,raw
fGn_0.25_n256_r9,fGn_0.25_n256,,Higuchi,1.0,0.2324187182888664,0.7512200615417299,0.9836387798305963,raw
fGn_0.25_n256_r9,fGn_0.25_n256,,GHE,1.0,0.2392898571247766,0.7373875175447095,0.9766773746694861,raw
fGn_0.25_n256_r9,fGn_0.25_n256,,GPH,1.0,0.17293251456436814,-5.551115123125783e-17,0.1729325145643681,centered
fGn_0.25_n256_r9,fGn_0.25_n256,,Higuchi,1.0,0.22727756189294102,0.0,0.22727756189294102,centered
fGn_0.25_n256_r9,fGn_0.25_n256,,GHE,1.0,0.2363501264163371,0.0,0.2363501264163371,centered
fGn_0.25_n512_r0,fGn_0.25_n512,,GPH,1.0,0.23364963773592812,1.1102230246251565e-16,0.23364963773592823,raw
fGn_0.25_n512_r0,fGn_0.25_n512,,Higuchi,1.0,0.2891650136659114,0.6864674831635416,0.975632496829453,raw
fGn_0.25_n512_r0,fGn_0.25_n512,,GHE,1.0,0.29148595997653504,0.6762670969579352,0.9677530569344702,raw
fGn_0.25_n512_r0,fGn_0.25_n512,,GPH,1.0,0.23364963773592812,1.1102230246251565e-16,0.23364963773592823,centered
fGn_0.25_n512_r0,fGn_0.25_n512,,Higuchi,1.0,0.2880761917071073,0.0,0.2880761917071073,centered
fGn_0.25_n512_r0,fGn_0.25_n512,,GHE,1.0,0.29119569277063806,0.0,0.29119569277063806,centered
fGn_0.25_n512_r1,fGn_0.25_n512,,GPH,1.0,0.133304984672788,5.551115123125783e-17,0.13330498467278806,raw
fGn_0.25_n512_r1,fGn_0.25_n512,,Higuchi,1.0,0.2507238510990746,0.7269688934655372,0.9776927445646117,raw
fGn_0.25_n512_r1,fGn_0.25_n512,,GHE,1.0,0.24926606703060156,0.7206227585096641,0.9698888255402657,raw
fGn_0.25_n512_r1,fGn_0.25_n512,,GPH,1.0,0.133304984672788,-1.1102230246251565e-16,0.1333049846727879,centered
fGn_0.25_n512_r1,fGn_0.25_n512,,Higuchi,1.0,0.2426584499333524,6.661338147750939e-16,0.24265844993335306,centered
fGn_0.25_n512_r1,fGn_0.25_n512,,GHE,1.0,0.24290135442226177,1.1102230246251565e-16,0.24290135442226188,centered
fGn_0.25_n512_r10,fGn_0.25_n512,,GPH,1.0,0.2061122207027712,-5.551115123125783e-17,0.20611222070277113,raw
fGn_0.25_n512_r10,fGn_0.25_n512,,Higuchi,1.0,0.2149622123660051,0.7656293086075971,0.9805915209736022,raw
fGn_0.25_n512_r10,fGn_0.25_n512,,GHE,1.0,0.22468198677871676,0.74899043764469,0.9736724244234067,raw
fGn_0.25_n512_r10,fGn_0.25_n512,,GPH,1.0,0.20611222070277102,0.0,0.20611222070277102,centered
fGn_0.25_n512_r10,fGn_0.25_n512,,Higuchi,1.0,0.21509294322136974,0.0,0.21509294322136974,centered
fGn_0.25_n512_r10,fGn_0.25_n512,,GHE,1.0,0.22474348752239248,0.0,0.22474348752239248,centered
fGn_0.25_n512_r11,fGn_0.25_n512,,GPH,1.0,0.012552888980977561,-2.220446049250313e-16,0.01255288898097734,raw
fGn_0.25_n512_r11,fGn_0.25_n512,,Higuchi,1.0,0.17876960005594,0.800422420928592,0.979192020984532,raw
fGn_0.25_n512_r11,fGn_0.25_n512,,GHE,1.0,0.19247325210072394,0.7779290131360376,0.9704022652367615,raw
fGn_0.25_n512_r11,fGn_0.25_n512,,GPH,1.0,0.012552888980977561,-1.1102230246251565e-16,0.01255288898097745,centered
fGn_0.25_n512_r11,fGn_0.25_n512,,Higuchi,1.0,0.17070749395315055,0.0,0.17070749395315055,centered
fGn_0.25_n512_r11,fGn_0.25_n512,,GHE,1.0,0.18732105717557654,-5.551115123125783e-17,0.18732105717557648,centered
fGn_0.25_n512_r12,fGn_0.25_n512,,GPH,1.0,0.381864160589008,0.0,0.381864160589008,raw
fGn_0.25_n512_r12,fGn_0.25_n512,,Higuchi,1.0,0.20678543515408765,0.7763881577231018,0.9831735928771894,raw
fGn_0.25_n512_r12,fGn_0.25_n512,,GHE,1.0,0.21059789158391104,0.7653010533269766,0.9758989449108877,raw
fGn_0.25_n512_r12,fGn_0.25_n512,,GPH,1.0,0.381864160589008,5.551115123125783e-17,0.3818641605890081,centered
fGn_0.25_n512_r12,fGn_0.25_n512,,Higuchi,1.0,0.20554090662681146,0.0,0.20554090662681146,centered
fGn_0.25_n512_r12,fGn_0.25_n512,,GHE,1.0,0.20948043289134655,5.551115123125783e-17,0.2094804328913466,centered
fGn_0.25_n512_r13,fGn_0.25_n512,,GPH,1.0,0.17037426560218982,5.551115123125783e-17,0.17037426560218988,raw
fGn_0.25_n512_r13,fGn_0.25_n512,,Higuchi,1.0,0.25147209356623734,0.7318161142884725,0.9832882078547098,raw
fGn_0.25_n512_r13,fGn_0.25_n512,,GHE,1.0,0.25636117991867513,0.7198501406688905,0.9762113205875657,raw
fGn_0.25_n512_r13,fGn_0.25_n512,,GPH,1.0,0.17037426560218982,1.1102230246251565e-16,0.17037426560218993,centered
fGn_0.25_n512_r13,fGn_0.25_n512,,Higuchi,1.0,0.24805181087257844,0.0,0.24805181087257844,centered
fGn_0.25_n512_r13,fGn_0.25_n512,,GHE,1.0,0.2539304213725695,-2.220446049250313e-16,0.25393042137256927,centered
fGn_0.25_n512_r14,fGn_0.25_n512,,GPH,1.0,0.3918975108196771,-5.551115123125783e-17,0.39189751081967705,raw
fGn_0.25_n512_r14,fGn_0.25_n512,,Higuchi,1.0,0.3172519466066286,0.6626354783859771,0.9798874249926057,raw
fGn_0.25_n512_r14,fGn_0.25_n512,,GHE,1.0,0.3075651091441719,0.6658399524682205,0.9734050616123924,raw
fGn_0.25_n512_r14,fGn_0.25_n512,,GPH,1.0,0.3918975108196771,1.1102230246251565e-16,0.3918975108196772,centered
fGn_0.25_n512_r14,fGn_0.25_n512,,Higuchi,1.0,0.32071332551463905,0.0,0.32071332551463905,centered
fGn_0.25_n512_r14,fGn_0.25_n512,,GHE,1.0,0.3100192125686773,0.0,0.3100192125686773,centered
fGn_0.25_n512_r15,fGn_0.25_n512,,GPH,1.0,0.09020933785786855,0.0,0.09020933785786855,raw
fGn_0.25_n512_r15,fGn_0.25_n512,,Higuchi,1.0,0.2033016702600563,0.7775907352120366,0.9808924054720929,raw
fGn_0.25_n512_r15,fGn_0.25_n512,,GHE,1.0,0.22035018589165484,0.7522057277479894,0.9725559136396442,raw
fGn_0.25_n512_r15,fGn_0.25_n512,,GPH,1.0,0.09020933785786844,1.1102230246251565e-16,0.09020933785786855,centered
fGn_0.25_n512_r15,fGn_0.25_n512,,Higuchi,1.0,0.20618346040291624,0.0,0.20618346040291624,centered
fGn_0.25_n512_r15,fGn_0.25_n512,,GHE,1.0,0.22230451587788447,-2.7755575615628914e-17,0.22230451587788444,centered
fGn_0.25_n512_r16,fGn_0.25_n512,,GPH,1.0,0.3926003069770049,2.220446049250313e-16,0.3926003069770051,raw
fGn_0.25_n512_r16,fGn_0.25_n512,,Higuchi,1.0,0.2850247986674883,0.6939088543009524,0.9789336529684407,raw
fGn_0.25_n512_r16,fGn_0.25_n512,,GHE,1.0,0.2730543401294051,0.6974034368481554,0.9704577769775605,raw
fGn_0.25_n512_r16,fGn_0.25_n512,,GPH,1.0,0.392600306977005,1.1102230246251565e-16,0.3926003069770051,centered
fGn_0.25_n512_r16,fGn_0.25_n512,,Higuchi,1.0,0.2800952272816535,0.0,0.2800952272816535,centered
fGn_0.25_n512_r16,fGn_0.25_n512,,GHE,1.0,0.27047789659248855,0.0,0.27047789659248855,centered
fGn_0.25_n512_r17,fGn_0.25_n512,,GPH,1.0,0.15355391649574213,-1.1102230246251565e-16,0.15355391649574202,raw
fGn_0.25_n512_r17,fGn_0.25_n512,,Higuchi,1.0,0.2393818442995499,0.73950650949074,0.9788883537902899,raw
fGn_0.25_n512_r17,fGn_0.25_n512,,GHE,1.0,0.2616903564125563,0.7096021684033695,0.9712925248159258,raw
fGn_0.25_n512_r17,fGn_0.25_n512,,GPH,1.0,0.15355391649574218,-5.551115123125783e-17,0.15355391649574213,centered
fGn_0.25_n512_r17,fGn_0.25_n512,,Higuchi,1.0,0.23981367216634863,0.0,0.23981367216634863,centered
fGn_0.25_n512_r17,fGn_0.25_n512,,GHE,1.0,0.26199155169624166,0.0,0.26199155169624166,centered
fGn_0.25_n512_r18,fGn_0.25_n512,,GPH,1.0,0.13982750281123452,-2.220446049250313e-16,0.1398275028112343,raw
fGn_0.25_n512_r18,fGn_0.25_n512,,Higuchi,1.0,0.24973775755463934,0.7325368939514041,0.9822746515060434,raw
fGn_0.25_n512_r18,fGn_0.25_n512,,GHE,1.0,0.25368483897009086,0.721953905425466,0.9756387443955569,raw
fGn_0.25_n512_r18,fGn_0.25_n512,,GPH,1.0,0.13982750281123452,0.0,0.13982750281123452,centered
fGn_0.25_n512_r18,fGn_0.25_n512,,Higuchi,1.0,0.2509618611416131,0.0,0.2509618611416131,centered
fGn_0.25_n512_r18,fGn_0.25_n512,,GHE,1.0,0.2544014123634583,0.0,0.2544014123634583,centered
fGn_0.25_n512_r19,fGn_0.25_n512,,GPH,1.0,0.08567620229679151,0.0,0.08567620229679151,raw
fGn_0.25_n512_r19,fGn_0.25_n512,,Higuchi,1.0,0.2080277483627837,0.7782989433318879,0.9863266916946716,raw
fGn_0.25_n512_r19,fGn_0.25_n512,,GHE,1.0,0.21521804757930826,0.765672875173971,0.9808909227532793,raw
fGn_0.25_n512_r19,fGn_0.25_n512,,GPH,1.0,0.08567620229679151,-2.220446049250313e-16,0.08567620229679129,centered
fGn_0.25_n512_r19,fGn_0.25_n512,,Higuchi,1.0,0.20801551377396543,0.0,0.20801551377396543,centered
fGn_0.25_n512_r19,fGn_0.25_n512,,GHE,1.0,0.21521011752879626,-2.7755575615628914e-17,0.21521011752879624,centered
fGn_0.25_n512_r2,fGn_0.25_n512,,GPH,1.0,0.29700416830709625,2.220446049250313e-16,0.29700416830709647,raw
fGn_0.25_n512_r2,fGn_0.25_n512,,Higuchi,1.0,0.2600716007749755,0.7171478453568754,0.9772194461318509,raw
fGn_0.25_n512_r2,fGn_0.25_n512,,GHE,1.0,0.2532437957362316,0.7149879182727725,0.9682317140090041,raw
fGn_0.25_n512_r2,fGn_0.25_n512,,GPH,1.0,0.2970041683070963,-5.551115123125783e-17,0.29700416830709625,centered
fGn_0.25_n512_r2,fGn_0.25_n512,,Higuchi,1.0,0.2579018368366208,0.0,0.2579018368366208,centered
fGn_0.25_n512_r2,fGn_0.25_n512,,GHE,1.0,0.251297789252319,1.1102230246251565e-16,0.2512977892523191,centered
fGn_0.25_n512_r20,fGn_0.25_n512,,GPH,1.0,0.2947565138384003,-1.1102230246251565e-16,0.2947565138384002,raw
fGn_0.25_n512_r20,fGn_0.25_n512,,Higuchi,1.0,0.2864235421538128,0.691034100982757,0.9774576431365698,raw
fGn_0.25_n512_r20,fGn_0.25_n512,,GHE,1.0,0.27649909833106984,0.6926005958733568,0.9690996942044265,raw
fGn_0.25_n512_r20,fGn_0.25_n512,,GPH,1.0,0.2947565138384003,1.1102230246251565e-16,0.2947565138384004,centered
fGn_0.25_n512_r20,fGn_0.25_n512,,Higuchi,1.0,0.28871161132364764,0.0,0.28871161132364764,centered
fGn_0.25_n512_r20,fGn_0.25_n512,,GHE,1.0,0.27771189012025915,1.1102230246251565e-16,0.27771189012025926,centered
fGn_0.25_n512_r21,fGn_0.25_n512,,GPH,1.0,0.1720890115828579,1.1102230246251565e-16,0.172089011582858,raw
fGn_0.25_n512_r21,fGn_0.25_n512,,Higuchi,1.0,0.2001206316744304,0.7780062326433905,0.9781268643178209,raw
fGn_0.25_n512_r21,fGn_0.25_n512,,GHE,1.0,0.21155373039958358,0.7584497224593212,0.9700034528589048,raw
fGn_0.25_n512_r21,fGn_0.25_n512,,GPH,1.0,0.1720890115828579,1.1102230246251565e-16,0.172089011582858,centered
fGn_0.25_n512_r21,fGn_0.25_n512,,Higuchi,1.0,0.19981155478120893,0.0,0.19981155478120893,centered
fGn_0.25_n512_r21,fGn_0.25_n512,,GHE,1.0,0.21129053814611848,0.0,0.21129053814611848,centered
fGn_0.25_n512_r22,fGn_0.25_n512,,GPH,1.0,0.3173016624220832,-2.7755575615628914e-16,0.3173016624220829,raw
fGn_0.25_n512_r22,fGn_0.25_n512,,Higuchi,1.0,0.29191295378581517,0.6898824395883929,0.9817953933742081,raw
fGn_0.25_n512_r22,fGn_0.25_n512,,GHE,1.0,0.29007571009112176,0.6855001206914706,0.9755758307825924,raw
fGn_0.25_n512_r22,fGn_0.25_n512,,GPH,1.0,0.3173016624220838,-1.887379141862766e-15,0.3173016624220819,centered
fGn_0.25_n512_r22,fGn_0.25_n512,,Higuchi,1.0,0.29048541444937626,2.220446049250313e-16,0.2904854144493765,centered
fGn_0.25_n512_r22,fGn_0.25_n512,,GHE,1.0,0.2887416877745833,5.551115123125783e-17,0.28874168777458337,centered
fGn_0.25_n512_r23,fGn_0.25_n512,,GPH,1.0,0.0872513196290508,-6.106226635438361e-16,0.0872513196290502,raw
fGn_0.25_n512_r23,fGn_0.25_n512,,Higuchi,1.0,0.20985674326271386,0.7672273268115848,0.9770840700742986,raw
fGn_0.25_n512_r23,fGn_0.25_n512,,GHE,1.0,0.20229427327121324,0.7657996155697204,0.9680938888409336,raw
fGn_0.25_n512_r23,fGn_0.25_n512,,GPH,1.0,0.0872513196290507,-2.220446049250313e-16,0.08725131962905047,centered
fGn_0.25_n512_r23,fGn_0.25_n512,,Higuchi,1.0,0.2086977962129899,-2.220446049250313e-16,0.20869779621298967,centered
fGn_0.25_n512_r23,fGn_0.25_n512,,GHE,1.0,0.20201603241898608,2.7755575615628914e-17,0.2020160324189861,centered
fGn_0.25_n512_r24,fGn_0.25_n512,,GPH,1.0,0.24031424224475623,-2.220446049250313e-16,0.240314242244756,raw
fGn_0.25_n512_r24,fGn_0.25_n512,,Higuchi,1.0,0.23682817121577693,0.7457989080570382,0.9826270792728151,raw
fGn_0.25_n512_r24,fGn_0.25_n512,,GHE,1.0,0.22487474437346408,0.750422353067067,0.9752970974405311,raw
fGn_0.25_n512_r24,fGn_0.25_n512,,GPH,1.0,0.24031424224475628,-3.885780586188048e-16,0.2403142422447559,centered
fGn_0.25_n512_r24,fGn_0.25_n512,,Higuchi,1.0,0.23612029394869993,2.220446049250313e-16,0.23612029394870016,centered
fGn_0.25_n512_r24,fGn_0.25_n512,,GHE,1.0,0.2246629936272048,0.0,0.2246629936272048,centered
fGn_0.25_n512_r25,fGn_0.25_n512,,GPH,1.0,0.3726584458375435,0.0,0.3726584458375435,raw
fGn_0.25_n512_r25,fGn_0.25_n512,,Higuchi,1.0,0.2380671112144146,0.7432195972378226,0.9812867084522372,raw
fGn_0.25_n512_r25,fGn_0.25_n512,,GHE,1.0,0.24229793978568462,0.73158936885834,0.9738873086440246,raw
fGn_0.25_n512_r25,fGn_0.25_n512,,GPH,1.0,0.3726584458375435,-1.6653345369377348e-16,0.3726584458375433,centered
fGn_0.25_n512_r25,fGn_0.25_n512,,Higuchi,1.0,0.23901256856036612,2.220446049250313e-16,0.23901256856036635,centered
fGn_0.25_n512_r25,fGn_0.25_n512,,GHE,1.0,0.2428999207707124,-5.551115123125783e-17,0.24289992077071235,centered
fGn_0.25_n512_r26,fGn_0.25_n512,,GPH,1.0,0.20975776510144262,3.885780586188048e-16,0.209757765101443,raw
fGn_0.25_n512_r26,fGn_0.25_n512,,Higuchi,1.0,0.17599948829002687,0.804360023927541,0.9803595122175679,raw
fGn_0.25_n512_r26,fGn_0.25_n512,,GHE,1.0,0.1734773379672643,0.7994511358553638,0.972928473822628,raw
fGn_0.25_n512_r26,fGn_0.25_n512,,GPH,1.0,0.20975776510144278,1.1102230246251565e-16,0.2097577651014429,centered
fGn_0.25_n512_r26,fGn_0.25_n512,,Higuchi,1.0,0.1766149754254729,2.220446049250313e-16,0.1766149754254731,centered
fGn_0.25_n512_r26,fGn_0.25_n512,,GHE,1.0,0.17461493777706286,0.0,0.17461493777706286,centered
fGn_0.25_n512_r27,fGn_0.25_n512,,GPH,1.0,0.06368980396065171,-5.551115123125783e-17,0.06368980396065166,raw
fGn_0.25_n512_r27,fGn_0.25_n512,,Higuchi,1.0,0.2776794942507199,0.7014589136030764,0.9791384078537964,raw
fGn_0.25_n512_r27,fGn_0.25_n512,,GHE,1.0,0.2674742072191489,0.7034898459991221,0.970964053218271,raw
fGn_0.25_n512_r27,fGn_0.25_n512,,GPH,1.0,0.06368980396065183,-1.1102230246251565e-16,0.06368980396065171,centered
fGn_0.25_n512_r27,fGn_0.25_n512,,Higuchi,1.0,0.27707060252434634,0.0,0.27707060252434634,centered
fGn_0.25_n512_r27,fGn_0.25_n512,,GHE,1.0,0.2663409711125376,0.0,0.2663409711125376,centered
fGn_0.25_n512_r28,fGn_0.25_n512,,GPH,1.0,0.256808971492553,0.0,0.256808971492553,raw
fGn_0.25_n512_r28,fGn_0.25_n512,,Higuchi,1.0,0.25010763025173155,0.7309505655036999,0.9810581957554314,raw
fGn_0.25_n512_r28,fGn_0.25_n512,,GHE,1.0,0.25244032678654815,0.7217928507589214,0.9742331775454696,raw
fGn_0.25_n512_r28,fGn_0.25_n512,,GPH,1.0,0.25680897149255294,5.551115123125783e-17,0.256808971492553,centered
fGn_0.25_n512_r28,fGn_0.25_n512,,Higuchi,1.0,0.23792396906949076,4.440892098500626e-16,0.2379239690694912,centered
fGn_0.25_n512_r28,fGn_0.25_n512,,GHE,1.0,0.243907867121176,0.0,0.243907867121176,centered
fGn_0.25_n512_r29,fGn_0.25_n512,,GPH,1.0,0.1109966504807745,2.220446049250313e-16,0.11099665048077473,raw
fGn_0.25_n512_r29,fGn_0.25_n512,,Higuchi,1.0,0.25785981416613724,0.721874772920819,0.9797345870869563,raw
fGn_0.25_n512_r29,fGn_0.25_n512,,GHE,1.0,0.2536220166469312,0.7184978323728236,0.9721198490197548,raw
fGn_0.25_n512_r29,fGn_0.25_n512,,GPH,1.0,0.11099665048077462,-5.551115123125783e-17,0.11099665048077456,centered
fGn_0.25_n512_r29,fGn_0.25_n512,,Higuchi,1.0,0.2560511828453922,0.0,0.2560511828453922,centered
fGn_0.25_n512_r29,fGn_0.25_n512,,GHE,1.0,0.25232410523019616,5.551115123125783e-17,0.2523241052301962,centered
fGn_0.25_n512_r3,fGn_0.25_n512,,GPH,1.0,0.08311225382658055,2.7755575615628914e-16,0.08311225382658083,raw
fGn_0.25_n512_r3,fGn_0.25_n512,,Higuchi,1.0,0.18045137089325447,0.7970863914039208,0.9775377622971753,raw
fGn_0.25_n512_r3,fGn_0.25_n512,,GHE,1.0,0.1889192157861639,0.7796570333148727,0.9685762491010366,raw
fGn_0.25_n512_r3,fGn_0.25_n512,,GPH,1.0,0.08311225382658072,-1.6653345369377348e-16,0.08311225382658055,centered
fGn_0.25_n512_r3,fGn_0.25_n512,,Higuchi,1.0,0.1754603718180925,-2.220446049250313e-16,0.17546037181809226,centered
fGn_0.25_n512_r3,fGn_0.25_n512,,GHE,1.0,0.1840715155269685,2.7755575615628914e-17,0.18407151552696852,centered
fGn_0.25_n512_r30,fGn_0.25_n512,,GPH,1.0,0.38202694108987545,-1.1102230246251565e-16,0.38202694108987534,raw
fGn_0.25_n512_r30,fGn_0.25_n512,,Higuchi,1.0,0.2659746819816118,0.716557091426417,0.9825317734080288,raw
fGn_0.25_n512_r30,fGn_0.25_n512,,GHE,1.0,0.26414563027638205,0.7114908986002657,0.9756365288766478,raw
fGn_0.25_n512_r30,fGn_0.25_n512,,GPH,1.0,0.3820269410898755,-5.551115123125783e-17,0.38202694108987545,centered
fGn_0.25_n512_r30,fGn_0.25_n512,,Higuchi,1.0,0.2656267323371089,-2.220446049250313e-16,0.26562673233710865,centered
fGn_0.25_n512_r30,fGn_0.25_n512,,GHE,1.0,0.26400392195902583,5.551115123125783e-17,0.2640039219590259,centered
fGn_0.25_n512_r31,fGn_0.25_n512,,GPH,1.0,0.09331994729911425,-1.6653345369377348e-16,0.09331994729911408,raw
fGn_0.25_n512_r31,fGn_0.25_n512,,Higuchi,1.0,0.22209201620611063,0.7577879639631302,0.9798799801692408,raw
fGn_0.25_n512_r31,fGn_0.25_n512,,GHE,1.0,0.22669936889367368,0.7459834313803831,0.9726828002740568,raw
fGn_0.25_n512_r31,fGn_0.25_n512,,GPH,1.0,0.09331994729911425,-1.6653345369377348e-16,0.09331994729911408,centered
fGn_0.25_n512_r31,fGn_0.25_n512,,Higuchi,1.0,0.22287857019173818,0.0,0.22287857019173818,centered
fGn_0.25_n512_r31,fGn_0.25_n512,,GHE,1.0,0.22696198390343866,8.326672684688674e-17,0.22696198390343875,centered
fGn_0.25_n512_r32,fGn_0.25_n512,,GPH,1.0,0.28537654431805326,-1.1102230246251565e-16,0.28537654431805315,raw
fGn_0.25_n512_r32,fGn_0.25_n512,,Higuchi,1.0,0.31325596063785976,0.6666408091809168,0.9798967698187766,raw
fGn_0.25_n512_r32,fGn_0.25_n512,,GHE,1.0,0.2969854858055848,0.676146437990131,0.9731319237957158,raw
fGn_0.25_n512_r32,fGn_0.25_n512,,GPH,1.0,0.28537654431805315,0.0,0.28537654431805315,centered
fGn_0.25_n512_r32,fGn_0.25_n512,,Higuchi,1.0,0.313349732220612,0.0,0.313349732220612,centered
fGn_0.25_n512_r32,fGn_0.25_n512,,GHE,1.0,0.29703345582401247,-5.551115123125783e-17,0.2970334558240124,centered
fGn_0.25_n512_r33,fGn_0.25_n512,,GPH,1.0,0.4084994011119509,-5.551115123125783e-17,0.4084994011119508,raw
fGn_0.25_n512_r33,fGn_0.25_n512,,Higuchi,1.0,0.26745863283706073,0.7137767800719581,0.9812354129090188,raw
fGn_0.25_n512_r33,fGn_0.25_n512,,GHE,1.0,0.27725152596797614,0.6974386124884369,0.9746901384564131,raw
fGn_0.25_n512_r33,fGn_0.25_n512,,GPH,1.0,0.4084994011119508,0.0,0.4084994011119508,centered
fGn_0.25_n512_r33,fGn_0.25_n512,,Higuchi,1.0,0.26626330708630674,0.0,0.26626330708630674,centered
fGn_0.25_n512_r33,fGn_0.25_n512,,GHE,1.0,0.27658976587282924,0.0,0.27658976587282924,centered
fGn_0.25_n512_r34,fGn_0.25_n512,,GPH,1.0,0.18991167166291473,-5.551115123125783e-17,0.18991167166291467,raw
fGn_0.25_n512_r34,fGn_0.25_n512,,Higuchi,1.0,0.21239789468282466,0.76616224105692,0.9785601357397447,raw
fGn_0.25_n512_r34,fGn_0.25_n512,,GHE,1.0,0.212557474682144,0.7588255449208859,0.97138301960303,raw
fGn_0.25_n512_r34,fGn_0.25_n512,,GPH,1.0,0.18991167166291473,0.0,0.18991167166291473,centered
fGn_0.25_n512_r34,fGn_0.25_n512,,Higuchi,1.0,0.2123727164245095,2.220446049250313e-16,0.21237271642450972,centered
fGn_0.25_n512_r34,fGn_0.25_n512,,GHE,1.0,0.21254320566866297,-2.7755575615628914e-17,0.21254320566866294,centered
fGn_0.25_n512_r35,fGn_0.25_n512,,GPH,1.0,0.16753864567779359,1.1102230246251565e-16,0.1675386456777937,raw
fGn_0.25_n512_r35,fGn_0.25_n512,,Higuchi,1.0,0.2753091974281472,0.7057343444492736,0.9810435418774208,raw
fGn_0.25_n512_r35,fGn_0.25_n512,,GHE,1.0,0.27728112021665163,0.696732784694307,0.9740139049109586,raw
fGn_0.25_n512_r35,fGn_0.25_n512,,GPH,1.0,0.16753864567779364,0.0,0.16753864567779364,centered
fGn_0.25_n512_r35,fGn_0.25_n512,,Higuchi,1.0,0.27449285647849364,0.0,0.27449285647849364,centered
fGn_0.25_n512_r35,fGn_0.25_n512,,GHE,1.0,0.2764644992609594,1.1102230246251565e-16,0.2764644992609595,centered
fGn_0.25_n512_r36,fGn_0.25_n512,,GPH,1.0,0.40781073107349186,-5.551115123125783e-17,0.4078107310734918,raw
fGn_0.25_n512_r36,fGn_0.25_n512,,Higuchi,1.0,0.27147439255128103,0.7174202261906613,0.9888946187419423,raw
fGn_0.25_n512_r36,fGn_0.25_n512,,GHE,1.0,0.26812871562196533,0.7154826408595767,0.983611356481542,raw
fGn_0.25_n512_r36,fGn_0.25_n512,,GPH,1.0,0.4078107310734918,5.551115123125783e-17,0.40781073107349186,centered
fGn_0.25_n512_r36,fGn_0.25_n512,,Higuchi,1.0,0.2616489732365215,0.0,0.2616489732365215,centered
fGn_0.25_n512_r36,fGn_0.25_n512,,GHE,1.0,0.2606697572377967,0.0,0.2606697572377967,centered
fGn_0.25_n512_r37,fGn_0.25_n512,,GPH,1.0,0.0391965348993894,-2.7755575615628914e-16,0.039196534899389124,raw
fGn_0.25_n512_r37,fGn_0.25_n512,,Higuchi,1.0,0.24111861810379964,0.7404323053973982,0.9815509235011979,raw
fGn_0.25_n512_r37,fGn_0.25_n512,,GHE,1.0,0.23668811252200891,0.7365986450826304,0.9732867576046393,raw
fGn_0.25_n512_r37,fGn_0.25_n512,,GPH,1.0,0.03919653489938896,1.6653345369377348e-16,0.039196534899389124,centered
fGn_0.25_n512_r37,fGn_0.25_n512,,Higuchi,1.0,0.23831129320182054,0.0,0.23831129320182054,centered
fGn_0.25_n512_r37,fGn_0.25_n512,,GHE,1.0,0.23486279965476314,0.0,0.23486279965476314,centered
fGn_0.25_n512_r38,fGn_0.25_n512,,GPH,1.0,0.4092797574980929,1.1102230246251565e-16,0.40927975749809303,raw
fGn_0.25_n512_r38,fGn_0.25_n512,,Higuchi,1.0,0.2758940798289711,0.7059816026095012,0.9818756824384722,raw
fGn_0.25_n512_r38,fGn_0.25_n512,,GHE,1.0,0.27210020110650224,0.7027349595349908,0.974835160641493,raw
fGn_0.25_n512_r38,fGn_0.25_n512,,GPH,1.0,0.4092797574980929,5.551115123125783e-17,0.409279757498093,centered
fGn_0.25_n512_r38,fGn_0.25_n512,,Higuchi,1.0,0.2757607807940987,2.220446049250313e-16,0.27576078079409894,centered
fGn_0.25_n512_r38,fGn_0.25_n512,,GHE,1.0,0.2719962852165232,5.551115123125783e-17,0.27199628521652325,centered
fGn_0.25_n512_r39,fGn_0.25_n512,,GPH,1.0,0.3967527328328879,-2.220446049250313e-16,0.3967527328328877,raw
fGn_0.25_n512_r39,fGn_0.25_n512,,Higuchi,1.0,0.2506965610077374,0.7277084247899492,0.9784049857976866,raw
fGn_0.25_n512_r39,fGn_0.25_n512,,GHE,1.0,0.23757685009128396,0.7336543773895831,0.971231227480867,raw
fGn_0.25_n512_r39,fGn_0.25_n512,,GPH,1.0,0.3967527328328879,0.0,0.3967527328328879,centered
fGn_0.25_n512_r39,fGn_0.25_n512,,Higuchi,1.0,0.25103956951548057,0.0,0.25103956951548057,centered
fGn_0.25_n512_r39,fGn_0.25_n512,,GHE,1.0,0.23797240171535894,5.551115123125783e-17,0.237972401715359,centered
fGn_0.25_n512_r4,fGn_0.25_n512,,GPH,1.0,0.15115905961448406,-5.551115123125783e-17,0.151159059614484,raw
fGn_0.25_n512_r4,fGn_0.25_n512,,Higuchi,1.0,0.22241369102829278,0.7608792391905295,0.9832929302188222,raw
fGn_0.25_n512_r4,fGn_0.25_n512,,GHE,1.0,0.22444312210860623,0.7520414815641676,0.9764846036727739,raw
fGn_0.25_n512_r4,fGn_0.25_n512,,GPH,1.0,0.15115905961448406,-1.6653345369377348e-16,0.1511590596144839,centered
fGn_0.25_n512_r4,fGn_0.25_n512,,Higuchi,1.0,0.22248221086892994,0.0,0.22248221086892994,centered
fGn_0.25_n512_r4,fGn_0.25_n512,,GHE,1.0,0.22451391713464633,-2.7755575615628914e-17,0.2245139171346463,centered
fGn_0.25_n512_r40,fGn_0.25_n512,,GPH,1.0,0.21273403804857954,9.992007221626409e-16,0.21273403804858054,raw
fGn_0.25_n512_r40,fGn_0.25_n512,,Higuchi,1.0,0.2416728374892685,0.7429055905962227,0.9845784280854912,raw
fGn_0.25_n512_r40,fGn_0.25_n512,,GHE,1.0,0.22963276517133244,0.7490879506801639,0.9787207158514963,raw
fGn_0.25_n512_r40,fGn_0.25_n512,,GPH,1.0,0.21273403804857954,6.106226635438361e-16,0.21273403804858015,centered
fGn_0.25_n512_r40,fGn_0.25_n512,,Higuchi,1.0,0.24086885371829703,0.0,0.24086885371829703,centered
fGn_0.25_n512_r40,fGn_0.25_n512,,GHE,1.0,0.22902098630574227,5.551115123125783e-17,0.22902098630574233,centered
fGn_0.25_n512_r41,fGn_0.25_n512,,GPH,1.0,0.3385039803159159,1.1102230246251565e-16,0.338503980315916,raw
fGn_0.25_n512_r41,fGn_0.25_n512,,Higuchi,1.0,0.18134073250424554,0.7931224058583126,0.9744631383625582,raw
fGn_0.25_n512_r41,fGn_0.25_n512,,GHE,1.0,0.19199227142934505,0.7745446935076108,0.9665369649369558,raw
fGn_0.25_n512_r41,fGn_0.25_n512,,GPH,1.0,0.3385039803159159,1.6653345369377348e-16,0.33850398031591605,centered
fGn_0.25_n512_r41,fGn_0.25_n512,,Higuchi,1.0,0.17725234433393355,0.0,0.17725234433393355,centered
fGn_0.25_n512_r41,fGn_0.25_n512,,GHE,1.0,0.1881129575571007,8.326672684688674e-17,0.18811295755710078,centered
fGn_0.25_n512_r42,fGn_0.25_n512,,GPH,1.0,0.3604999864977225,0.0,0.3604999864977225,raw
fGn_0.25_n512_r42,fGn_0.25_n512,,Higuchi,1.0,0.23869155105570172,0.7424751711852662,0.9811667222409679,raw
fGn_0.25_n512_r42,fGn_0.25_n512,,GHE,1.0,0.25039003110167984,0.7237789700230106,0.9741690011246904,raw
fGn_0.25_n512_r42,fGn_0.25_n512,,GPH,1.0,0.3604999864977225,0.0,0.3604999864977225,centered
fGn_0.25_n512_r42,fGn_0.25_n512,,Higuchi,1.0,0.2387157344952966,2.220446049250313e-16,0.23871573449529682,centered
fGn_0.25_n512_r42,fGn_0.25_n512,,GHE,1.0,0.2503888421278246,0.0,0.2503888421278246,centered
fGn_0.25_n512_r43,fGn_0.25_n512,,GPH,1.0,0.18511679237041806,0.0,0.18511679237041806,raw
fGn_0.25_n512_r43,fGn_0.25_n512,,Higuchi,1.0,0.2807101725309571,0.6990362248699573,0.9797463974009144,raw
fGn_0.25_n512_r43,fGn_0.25_n512,,GHE,1.0,0.2782738066634602,0.6933507071950036,0.9716245138584637,raw
fGn_0.25_n512_r43,fGn_0.25_n512,,GPH,1.0,0.18511679237041806,-5.551115123125783e-17,0.185116792370418,centered
fGn_0.25_n512_r43,fGn_0.25_n512,,Higuchi,1.0,0.28110756213542376,0.0,0.28110756213542376,centered
fGn_0.25_n512_r43,fGn_0.25_n512,,GHE,1.0,0.2786137357440968,-5.551115123125783e-17,0.27861373574409676,centered
fGn_0.25_n512_r44,fGn_0.25_n512,,GPH,1.0,0.3141729858637981,-2.220446049250313e-16,0.3141729858637979,raw
fGn_0.25_n512_r44,fGn_0.25_n512,,Higuchi,1.0,0.2794727131929793,0.7034043932307101,0.9828771064236894,raw
fGn_0.25_n512_r44,fGn_0.25_n512,,GHE,1.0,0.28888563219189894,0.6859715952535472,0.9748572274454461,raw
fGn_0.25_n512_r44,fGn_0.25_n512,,GPH,1.0,0.31417298586379805,-1.1102230246251565e-16,0.31417298586379794,centered
fGn_0.25_n512_r44,fGn_0.25_n512,,Higuchi,1.0,0.2779568838462254,-2.220446049250313e-16,0.2779568838462252,centered
fGn_0.25_n512_r44,fGn_0.25_n512,,GHE,1.0,0.28781838937832416,0.0,0.28781838937832416,centered
fGn_0.25_n512_r45,fGn_0.25_n512,,GPH,1.0,0.02998070891764043,-1.6653345369377348e-16,0.029980708917640264,raw
fGn_0.25_n512_r45,fGn_0.25_n512,,Higuchi,1.0,0.2065028426033857,0.776590910252142,0.9830937528555277,raw
fGn_0.25_n512_r45,fGn_0.25_n512,,GHE,1.0,0.22511634272729764,0.7518428844332797,0.9769592271605774,raw
fGn_0.25_n512_r45,fGn_0.25_n512,,GPH,1.0,0.02998070891764043,-1.6653345369377348e-16,0.029980708917640264,centered
fGn_0.25_n512_r45,fGn_0.25_n512,,Higuchi,1.0,0.2069642232238078,0.0,0.2069642232238078,centered
fGn_0.25_n512_r45,fGn_0.25_n512,,GHE,1.0,0.22550518698652078,0.0,0.22550518698652078,centered
fGn_0.25_n512_r46,fGn_0.25_n512,,GPH,1.0,0.26140792892072595,5.551115123125783e-17,0.261407928920726,raw
fGn_0.25_n512_r46,fGn_0.25_n512,,Higuchi,1.0,0.29088831882813837,0.6910478544308047,0.9819361732589431,raw
fGn_0.25_n512_r46,fGn_0.25_n512,,GHE,1.0,0.27821144077753773,0.6965620478273749,0.9747734886049126,raw
fGn_0.25_n512_r46,fGn_0.25_n512,,GPH,1.0,0.26140792892072595,1.1102230246251565e-16,0.26140792892072606,centered
fGn_0.25_n512_r46,fGn_0.25_n512,,Higuchi,1.0,0.26543827310080426,2.220446049250313e-16,0.2654382731008045,centered
fGn_0.25_n512_r46,fGn_0.25_n512,,GHE,1.0,0.25958611882058247,5.551115123125783e-17,0.2595861188205825,centered
fGn_0.25_n512_r47,fGn_0.25_n512,,GPH,1.0,0.29884383342098564,3.3306690738754696e-16,0.29884383342098597,raw
fGn_0.25_n512_r47,fGn_0.25_n512,,Higuchi,1.0,0.2797575415920861,0.7111083329483805,0.9908658745404666,raw
fGn_0.25_n512_r47,fGn_0.25_n512,,GHE,1.0,0.27601428379332776,0.7095524448326707,0.9855667286259984,raw
fGn_0.25_n512_r47,fGn_0.25_n512,,GPH,1.0,0.29884383342098564,-1.1102230246251565e-16,0.2988438334209855,centered
fGn_0.25_n512_r47,fGn_0.25_n512,,Higuchi,1.0,0.2695561968813862,0.0,0.2695561968813862,centered
fGn_0.25_n512_r47,fGn_0.25_n512,,GHE,1.0,0.26743270445429235,-5.551115123125783e-17,0.2674327044542923,centered
fGn_0.25_n512_r48,fGn_0.25_n512,,GPH,1.0,0.28743673835951145,0.0,0.28743673835951145,raw
fGn_0.25_n512_r48,fGn_0.25_n512,,Higuchi,1.0,0.25189537818963936,0.7319522916036949,0.9838476697933343,raw
fGn_0.25_n512_r48,fGn_0.25_n512,,GHE,1.0,0.2605461079391213,0.7173575325711308,0.977903640510252,raw
fGn_0.25_n512_r48,fGn_0.25_n512,,GPH,1.0,0.28743673835951145,0.0,0.28743673835951145,centered
fGn_0.25_n512_r48,fGn_0.25_n512,,Higuchi,1.0,0.2508721437207091,-2.220446049250313e-16,0.2508721437207089,centered
fGn_0.25_n512_r48,fGn_0.25_n512,,GHE,1.0,0.2598409591853391,0.0,0.2598409591853391,centered
fGn_0.25_n512_r49,fGn_0.25_n512,,GPH,1.0,0.2779313364159917,1.1102230246251565e-16,0.2779313364159918,raw
fGn_0.25_n512_r49,fGn_0.25_n512,,Higuchi,1.0,0.2504722650529603,0.7337889695575763,0.9842612346105366,raw
fGn_0.25_n512_r49,fGn_0.25_n512,,GHE,1.0,0.25601101917052294,0.722673481448073,0.9786845006185959,raw
fGn_0.25_n512_r49,fGn_0.25_n512,,GPH,1.0,0.27793133641599177,1.1102230246251565e-16,0.2779313364159919,centered
fGn_0.25_n512_r49,fGn_0.25_n512,,Higuchi,1.0,0.24909013480564424,2.220446049250313e-16,0.24909013480564446,centered
fGn_0.25_n512_r49,fGn_0.25_n512,,GHE,1.0,0.2545952675413006,5.551115123125783e-17,0.25459526754130063,centered
fGn_0.25_n512_r5,fGn_0.25_n512,,GPH,1.0,0.20132743620305926,2.220446049250313e-16,0.20132743620305948,raw
fGn_0.25_n512_r5,fGn_0.25_n512,,Higuchi,1.0,0.20494102821278237,0.7689935372746239,0.9739345654874063,raw
fGn_0.25_n512_r5,fGn_0.25_n512,,GHE,1.0,0.19999455248364587,0.7648502857923637,0.9648448382760095,raw
fGn_0.25_n512_r5,fGn_0.25_n512,,GPH,1.0,0.20132743620305932,5.551115123125783e-17,0.20132743620305937,centered
fGn_0.25_n512_r5,fGn_0.25_n512,,Higuchi,1.0,0.20627733448351004,0.0,0.20627733448351004,centered
fGn_0.25_n512_r5,fGn_0.25_n512,,GHE,1.0,0.20114904065074796,0.0,0.20114904065074796,centered
fGn_0.25_n512_r50,fGn_0.25_n512,,GPH,1.0,0.3259311945773409,5.551115123125783e-17,0.32593119457734093,raw
fGn_0.25_n512_r50,fGn_0.25_n512,,Higuchi,1.0,0.19682909047411679,0.7824617687714297,0.9792908592455465,raw
fGn_0.25_n512_r50,fGn_0.25_n512,,GHE,1.0,0.21713809046644536,0.7538687552857641,0.9710068457522095,raw
fGn_0.25_n512_r50,fGn_0.25_n512,,GPH,1.0,0.3259311945773409,-1.1102230246251565e-16,0.32593119457734077,centered
fGn_0.25_n512_r50,fGn_0.25_n512,,Higuchi,1.0,0.19524265570414245,0.0,0.19524265570414245,centered
fGn_0.25_n512_r50,fGn_0.25_n512,,GHE,1.0,0.21520114543358815,-2.7755575615628914e-17,0.21520114543358812,centered
fGn_0.25_n512_r51,fGn_0.25_n512,,GPH,1.0,0.23447585879717925,-1.1102230246251565e-16,0.23447585879717914,raw
fGn_0.25_n512_r51,fGn_0.25_n512,,Higuchi,1.0,0.1782406573146127,0.7985460513608913,0.976786708675504,raw
fGn_0.25_n512_r51,fGn_0.25_n512,,GHE,1.0,0.18919075425259516,0.7794110487059212,0.9686018029585163,raw
fGn_0.25_n512_r51,fGn_0.25_n512,,GPH,1.0,0.2344758587971793,-2.7755575615628914e-16,0.23447585879717903,centered
fGn_0.25_n512_r51,fGn_0.25_n512,,Higuchi,1.0,0.17838784762292437,0.0,0.17838784762292437,centered
fGn_0.25_n512_r51,fGn_0.25_n512,,GHE,1.0,0.18850109665987608,-5.551115123125783e-17,0.18850109665987602,centered
fGn_0.25_n512_r52,fGn_0.25_n512,,GPH,1.0,0.48991645173632675,5.551115123125783e-17,0.4899164517363268,raw
fGn_0.25_n512_r52,fGn_0.25_n512,,Higuchi,1.0,0.27296647503350546,0.7130978958433047,0.9860643708768102,raw
fGn_0.25_n512_r52,fGn_0.25_n512,,GHE,1.0,0.2679555883366001,0.7115102997608778,0.9794658880974778,raw
fGn_0.25_n512_r52,fGn_0.25_n512,,GPH,1.0,0.48991645173632675,-1.1102230246251565e-16,0.48991645173632664,centered
fGn_0.25_n512_r52,fGn_0.25_n512,,Higuchi,1.0,0.26849130576172775,0.0,0.26849130576172775,centered
fGn_0.25_n512_r52,fGn_0.25_n512,,GHE,1.0,0.2645028191226613,5.551115123125783e-17,0.2645028191226614,centered
fGn_0.25_n512_r53,fGn_0.25_n512,,GPH,1.0,0.41794894191731813,1.6653345369377348e-16,0.4179489419173183,raw
fGn_0.25_n512_r53,fGn_0.25_n512,,Higuchi,1.0,0.3535096789214196,0.6293016442727846,0.9828113231942042,raw
fGn_0.25_n512_r53,fGn_0.25_n512,,GHE,1.0,0.32885934061170213,0.6474200922965216,0.9762794329082238,raw
fGn_0.25_n512_r53,fGn_0.25_n512,,GPH,1.0,0.4179489419173182,0.0,0.4179489419173182,centered
fGn_0.25_n512_r53,fGn_0.25_n512,,Higuchi,1.0,0.3534208804896477,0.0,0.3534208804896477,centered
fGn_0.25_n512_r53,fGn_0.25_n512,,GHE,1.0,0.3287579875104095,5.551115123125783e-17,0.3287579875104096,centered
fGn_0.25_n512_r54,fGn_0.25_n512,,GPH,1.0,0.3882887359601587,-1.6653345369377348e-16,0.38828873596015856,raw
fGn_0.25_n512_r54,fGn_0.25_n512,,Higuchi,1.0,0.2287652249519383,0.7491479857336532,0.9779132106855914,raw
fGn_0.25_n512_r54,fGn_0.25_n512,,GHE,1.0,0.23996864357727762,0.7288345605278503,0.968803204105128,raw
fGn_0.25_n512_r54,fGn_0.25_n512,,GPH,1.0,0.3882887359601587,-1.1102230246251565e-16,0.3882887359601586,centered
fGn_0.25_n512_r54,fGn_0.25_n512,,Higuchi,1.0,0.22783335914832814,0.0,0.22783335914832814,centered
fGn_0.25_n512_r54,fGn_0.25_n512,,GHE,1.0,0.23986203204567358,0.0,0.23986203204567358,centered
fGn_0.25_n512_r55,fGn_0.25_n512,,GPH,1.0,0.26264911754987935,5.551115123125783e-17,0.2626491175498794,raw
fGn_0.25_n512_r55,fGn_0.25_n512,,Higuchi,1.0,0.2763100005263972,0.7054658070628792,0.9817758075892764,raw
fGn_0.25_n512_r55,fGn_0.25_n512,,GHE,1.0,0.2700755308935507,0.7042151031571005,0.9742906340506512,raw
fGn_0.25_n512_r55,fGn_0.25_n512,,GPH,1.0,0.26264911754987946,-1.6653345369377348e-16,0.2626491175498793,centered
fGn_0.25_n512_r55,fGn_0.25_n512,,Higuchi,1.0,0.2744335148110273,0.0,0.2744335148110273,centered
fGn_0.25_n512_r55,fGn_0.25_n512,,GHE,1.0,0.26867242447634077,0.0,0.26867242447634077,centered
fGn_0.25_n512_r56,fGn_0.25_n512,,GPH,1.0,0.13746833351206017,-1.6653345369377348e-16,0.13746833351206,raw
fGn_0.25_n512_r56,fGn_0.25_n512,,Higuchi,1.0,0.21794562886921742,0.7643371653005047,0.9822827941697221,raw
fGn_0.25_n512_r56,fGn_0.25_n512,,GHE,1.0,0.23178791261648202,0.7445109833183198,0.9762988959348018,raw
fGn_0.25_n512_r56,fGn_0.25_n512,,GPH,1.0,0.13746833351206017,-1.6653345369377348e-16,0.13746833351206,centered
fGn_0.25_n512_r56,fGn_0.25_n512,,Higuchi,1.0,0.1998065679507779,0.0,0.1998065679507779,centered
fGn_0.25_n512_r56,fGn_0.25_n512,,GHE,1.0,0.21525914016661457,0.0,0.21525914016661457,centered
fGn_0.25_n512_r57,fGn_0.25_n512,,GPH,1.0,0.07651742032753245,5.551115123125783e-17,0.0765174203275325,raw
fGn_0.25_n512_r57,fGn_0.25_n512,,Higuchi,1.0,0.21282855118056765,0.7652122865328228,0.9780408377133905,raw
fGn_0.25_n512_r57,fGn_0.25_n512,,GHE,1.0,0.23511803549346227,0.7353869781389262,0.9705050136323885,raw
fGn_0.25_n512_r57,fGn_0.25_n512,,GPH,1.0,0.07651742032753239,1.1102230246251565e-16,0.0765174203275325,centered
fGn_0.25_n512_r57,fGn_0.25_n512,,Higuchi,1.0,0.2141965095142746,-2.220446049250313e-16,0.21419650951427438,centered
fGn_0.25_n512_r57,fGn_0.25_n512,,GHE,1.0,0.2358554006090059,5.551115123125783e-17,0.23585540060900595,centered
fGn_0.25_n512_r58,fGn_0.25_n512,,GPH,1.0,0.07184303236652334,-5.551115123125783e-16,0.07184303236652279,raw
fGn_0.25_n512_r58,fGn_0.25_n512,,Higuchi,1.0,0.19111487211835376,0.7849821609562988,0.9760970330746526,raw
fGn_0.25_n512_r58,fGn_0.25_n512,,GHE,1.0,0.1987014154317005,0.7684281105282046,0.9671295259599051,raw
fGn_0.25_n512_r58,fGn_0.25_n512,,GPH,1.0,0.07184303236652334,-3.885780586188048e-16,0.07184303236652295,centered
fGn_0.25_n512_r58,fGn_0.25_n512,,Higuchi,1.0,0.19315323400161422,0.0,0.19315323400161422,centered
fGn_0.25_n512_r58,fGn_0.25_n512,,GHE,1.0,0.19965543208124134,2.7755575615628914e-17,0.19965543208124137,centered
fGn_0.25_n512_r59,fGn_0.25_n512,,GPH,1.0,0.02486873361096925,5.551115123125783e-17,0.024868733610969307,raw
fGn_0.25_n512_r59,fGn_0.25_n512,,Higuchi,1.0,0.22078307942522235,0.7623145180045221,0.9830975974297445,raw
fGn_0.25_n512_r59,fGn_0.25_n512,,GHE,1.0,0.23353917080991524,0.7432302570225953,0.9767694278325105,raw
fGn_0.25_n512_r59,fGn_0.25_n512,,GPH,1.0,0.024868733610969307,1.6653345369377348e-16,0.024868733610969473,centered
fGn_0.25_n512_r59,fGn_0.25_n512,,Higuchi,1.0,0.22003623755269652,0.0,0.22003623755269652,centered
fGn_0.25_n512_r59,fGn_0.25_n512,,GHE,1.0,0.23291488396087812,0.0,0.23291488396087812,centered
fGn_0.25_n512_r6,fGn_0.25_n512,,GPH,1.0,0.3454974205280975,0.0,0.3454974205280975,raw
fGn_0.25_n512_r6,fGn_0.25_n512,,Higuchi,1.0,0.25699126768235137,0.7266924107568644,0.9836836784392158,raw
fGn_0.25_n512_r6,fGn_0.25_n512,,GHE,1.0,0.2578847317131183,0.71951180121743,0.9773965329305483,raw
fGn_0.25_n512_r6,fGn_0.25_n512,,GPH,1.0,0.3454974205280975,5.551115123125783e-17,0.34549742052809757,centered
fGn_0.25_n512_r6,fGn_0.25_n512,,Higuchi,1.0,0.2530807082186399,0.0,0.2530807082186399,centered
fGn_0.25_n512_r6,fGn_0.25_n512,,GHE,1.0,0.2540129139963048,-5.551115123125783e-17,0.25401291399630477,centered
fGn_0.25_n512_r60,fGn_0.25_n512,,GPH,1.0,0.3098376430987232,-5.551115123125783e-17,0.30983764309872314,raw
fGn_0.25_n512_r60,fGn_0.25_n512,,Higuchi,1.0,0.2779181888726099,0.7039137251279013,0.9818319140005112,raw
fGn_0.25_n512_r60,fGn_0.25_n512,,GHE,1.0,0.28124947392532684,0.6931772159274943,0.9744266898528211,raw
fGn_0.25_n512_r60,fGn_0.25_n512,,GPH,1.0,0.3098376430987232,2.220446049250313e-16,0.3098376430987234,centered
fGn_0.25_n512_r60,fGn_0.25_n512,,Higuchi,1.0,0.277300328798586,0.0,0.277300328798586,centered
fGn_0.25_n512_r60,fGn_0.25_n512,,GHE,1.0,0.2794956785198699,-1.1102230246251565e-16,0.2794956785198698,centered
fGn_0.25_n512_r61,fGn_0.25_n512,,GPH,1.0,0.3685945920683597,1.1102230246251565e-16,0.3685945920683598,raw
fGn_0.25_n512_r61,fGn_0.25_n512,,Higuchi,1.0,0.277681028626926,0.7006878345262448,0.9783688631531708,raw
fGn_0.25_n512_r61,fGn_0.25_n512,,GHE,1.0,0.2854711013776289,0.6866162933219708,0.9720873946995997,raw
fGn_0.25_n512_r61,fGn_0.25_n512,,GPH,1.0,0.3685945920683597,-5.551115123125783e-17,0.36859459206835965,centered
fGn_0.25_n512_r61,fGn_0.25_n512,,Higuchi,1.0,0.2551696300828712,4.440892098500626e-16,0.25516963008287163,centered
fGn_0.25_n512_r61,fGn_0.25_n512,,GHE,1.0,0.2684291722276199,5.551115123125783e-17,0.26842917222761997,centered
fGn_0.25_n512_r62,fGn_0.25_n512,,GPH,1.0,0.2900264227873937,1.6653345369377348e-16,0.2900264227873939,raw
fGn_0.25_n512_r62,fGn_0.25_n512,,Higuchi,1.0,0.2873223612033624,0.6887043868541205,0.9760267480574829,raw
fGn_0.25_n512_r62,fGn_0.25_n512,,GHE,1.0,0.28403854572271847,0.6834340188850265,0.967472564607745,raw
fGn_0.25_n512_r62,fGn_0.25_n512,,GPH,1.0,0.2900264227873937,-5.551115123125783e-17,0.29002642278739366,centered
fGn_0.25_n512_r62,fGn_0.25_n512,,Higuchi,1.0,0.2888772996876354,0.0,0.2888772996876354,centered
fGn_0.25_n512_r62,fGn_0.25_n512,,GHE,1.0,0.2849070829432578,0.0,0.2849070829432578,centered
fGn_0.25_n512_r63,fGn_0.25_n512,,GPH,1.0,0.3277127709717994,1.1102230246251565e-16,0.3277127709717995,raw
fGn_0.25_n512_r63,fGn_0.25_n512,,Higuchi,1.0,0.28020059600839176,0.7030788187264794,0.9832794147348711,raw
fGn_0.25_n512_r63,fGn_0.25_n512,,GHE,1.0,0.2760917362753132,0.7007536447506919,0.9768453810260052,raw
fGn_0.25_n512_r63,fGn_0.25_n512,,GPH,1.0,0.3277127709717994,-1.1102230246251565e-16,0.3277127709717993,centered
fGn_0.25_n512_r63,fGn_0.25_n512,,Higuchi,1.0,0.28034912888313945,0.0,0.28034912888313945,centered
fGn_0.25_n512_r63,fGn_0.25_n512,,GHE,1.0,0.27597104130389377,0.0,0.27597104130389377,centered
fGn_0.25_n512_r7,fGn_0.25_n512,,GPH,1.0,0.2501814345878809,0.0,0.2501814345878809,raw
fGn_0.25_n512_r7,fGn_0.25_n512,,Higuchi,1.0,0.2273117444631969,0.7548251572430453,0.9821369017062422,raw
fGn_0.25_n512_r7,fGn_0.25_n512,,GHE,1.0,0.22900508365311997,0.7461346475702142,0.9751397312233342,raw
fGn_0.25_n512_r7,fGn_0.25_n512,,GPH,1.0,0.25018143458788084,-2.7755575615628914e-16,0.25018143458788056,centered
fGn_0.25_n512_r7,fGn_0.25_n512,,Higuchi,1.0,0.22467630512177283,0.0,0.22467630512177283,centered
fGn_0.25_n512_r7,fGn_0.25_n512,,GHE,1.0,0.22653322641419696,-1.3877787807814457e-16,0.22653322641419682,centered
fGn_0.25_n512_r8,fGn_0.25_n512,,GPH,1.0,0.2565717273955507,0.0,0.2565717273955507,raw
fGn_0.25_n512_r8,fGn_0.25_n512,,Higuchi,1.0,0.28509583245726233,0.6968293374963215,0.9819251699535838,raw
fGn_0.25_n512_r8,fGn_0.25_n512,,GHE,1.0,0.2815238596968709,0.693258235644866,0.9747820953417369,raw
fGn_0.25_n512_r8,fGn_0.25_n512,,GPH,1.0,0.2565717273955506,0.0,0.2565717273955506,centered
fGn_0.25_n512_r8,fGn_0.25_n512,,Higuchi,1.0,0.28552175356105813,6.661338147750939e-16,0.2855217535610588,centered
fGn_0.25_n512_r8,fGn_0.25_n512,,GHE,1.0,0.28173057637617754,-5.551115123125783e-17,0.2817305763761775,centered
fGn_0.25_n512_r9,fGn_0.25_n512,,GPH,1.0,0.3039407395775997,1.1102230246251565e-16,0.3039407395775998,raw
fGn_0.25_n512_r9,fGn_0.25_n512,,Higuchi,1.0,0.2762871247408478,0.7081166895665951,0.984403814307443,raw
fGn_0.25_n512_r9,fGn_0.25_n512,,GHE,1.0,0.2689168791447714,0.7094596070323529,0.9783764861771242,raw
fGn_0.25_n512_r9,fGn_0.25_n512,,GPH,1.0,0.3039407395775997,0.0,0.3039407395775997,centered
fGn_0.25_n512_r9,fGn_0.25_n512,,Higuchi,1.0,0.2763325952774014,0.0,0.2763325952774014,centered
fGn_0.25_n512_r9,fGn_0.25_n512,,GHE,1.0,0.2686004273786637,1.1102230246251565e-16,0.2686004273786638,centered
fGn_0.5_n1024_r0,fGn_0.5_n1024,,GPH,1.0,0.42536478620860046,-1.1102230246251565e-16,0.42536478620860035,raw
fGn_0.5_n1024_r0,fGn_0.5_n1024,,Higuchi,1.0,0.5270583165082323,0.444044738566461,0.9711030550746933,raw
fGn_0.5_n1024_r0,fGn_0.5_n1024,,GHE,1.0,0.5225468427612662,0.43912609022613047,0.9616729329873966,raw
fGn_0.5_n1024_r0,fGn_0.5_n1024,,GPH,1.0,0.42536478620860046,-5.551115123125783e-17,0.4253647862086004,centered
fGn_0.5_n1024_r0,fGn_0.5_n1024,,Higuchi,1.0,0.4988954863494661,0.0,0.4988954863494661,centered
fGn_0.5_n1024_r0,fGn_0.5_n1024,,GHE,1.0,0.4998266079085914,-1.1102230246251565e-16,0.4998266079085913,centered
fGn_0.5_n1024_r1,fGn_0.5_n1024,,GPH,1.0,0.5000281475445597,1.1102230246251565e-16,0.5000281475445598,raw
fGn_0.5_n1024_r1,fGn_0.5_n1024,,Higuchi,1.0,0.47876399537826386,0.499980589613934,0.9787445849921979,raw
fGn_0.5_n1024_r1,fGn_0.5_n1024,,GHE,1.0,0.4860099005924142,0.4862793809810608,0.972289281573475,raw
fGn_0.5_n1024_r1,fGn_0.5_n1024,,GPH,1.0,0.5000281475445597,1.1102230246251565e-16,0.5000281475445598,centered
fGn_0.5_n1024_r1,fGn_0.5_n1024,,Higuchi,1.0,0.4656435115676687,0.0,0.4656435115676687,centered
fGn_0.5_n1024_r1,fGn_0.5_n1024,,GHE,1.0,0.47566648238383885,-5.551115123125783e-17,0.4756664823838388,centered
fGn_0.5_n1024_r10,fGn_0.5_n1024,,GPH,1.0,0.39518667840196586,1.1102230246251565e-16,0.395186678401966,raw
fGn_0.5_n1024_r10,fGn_0.5_n1024,,Higuchi,1.0,0.43488101534236856,0.5465949589192427,0.9814759742616113,raw
fGn_0.5_n1024_r10,fGn_0.5_n1024,,GHE,1.0,0.44801226499062285,0.5255239007494334,0.9735361657400563,raw
fGn_0.5_n1024_r10,fGn_0.5_n1024,,GPH,1.0,0.3951866784019659,1.1102230246251565e-16,0.39518667840196603,centered
fGn_0.5_n1024_r10,fGn_0.5_n1024,,Higuchi,1.0,0.43454888957955107,0.0,0.43454888957955107,centered
fGn_0.5_n1024_r10,fGn_0.5_n1024,,GHE,1.0,0.4477883533547346,0.0,0.4477883533547346,centered
fGn_0.5_n1024_r11,fGn_0.5_n1024,,GPH,1.0,0.47591767667541557,0.0,0.47591767667541557,raw
fGn_0.5_n1024_r11,fGn_0.5_n1024,,Higuchi,1.0,0.4860490170089389,0.4938724103977421,0.979921427406681,raw
fGn_0.5_n1024_r11,fGn_0.5_n1024,,GHE,1.0,0.49453097209416186,0.47825604833617674,0.9727870204303386,raw
fGn_0.5_n1024_r11,fGn_0.5_n1024,,GPH,1.0,0.4759176766754156,0.0,0.4759176766754156,centered
fGn_0.5_n1024_r11,fGn_0.5_n1024,,Higuchi,1.0,0.48493837410868235,0.0,0.48493837410868235,centered
fGn_0.5_n1024_r11,fGn_0.5_n1024,,GHE,1.0,0.49397295728860446,5.551115123125783e-17,0.4939729572886045,centered
fGn_0.5_n1024_r12,fGn_0.5_n1024,,GPH,1.0,0.7042466558648345,-1.1102230246251565e-16,0.7042466558648344,raw
fGn_0.5_n1024_r12,fGn_0.5_n1024,,Higuchi,1.0,0.4953519896723728,0.48299898285485265,0.9783509725272255,raw
fGn_0.5_n1024_r12,fGn_0.5_n1024,,GHE,1.0,0.4949221157987097,0.47655102843305897,0.9714731442317687,raw
fGn_0.5_n1024_r12,fGn_0.5_n1024,,GPH,1.0,0.7042466558648346,-2.220446049250313e-16,0.7042466558648344,centered
fGn_0.5_n1024_r12,fGn_0.5_n1024,,Higuchi,1.0,0.4863931563008683,-4.440892098500626e-16,0.4863931563008679,centered
fGn_0.5_n1024_r12,fGn_0.5_n1024,,GHE,1.0,0.48673145850682437,-5.551115123125783e-17,0.4867314585068243,centered
fGn_0.5_n1024_r13,fGn_0.5_n1024,,GPH,1.0,0.5429228034836983,-2.220446049250313e-16,0.542922803483698,raw
fGn_0.5_n1024_r13,fGn_0.5_n1024,,Higuchi,1.0,0.48600472570049935,0.49416485669083876,0.9801695823913381,raw
fGn_0.5_n1024_r13,fGn_0.5_n1024,,GHE,1.0,0.48174633025689684,0.4914556237194122,0.973201953976309,raw
fGn_0.5_n1024_r13,fGn_0.5_n1024,,GPH,1.0,0.5429228034836981,0.0,0.5429228034836981,centered
fGn_0.5_n1024_r13,fGn_0.5_n1024,,Higuchi,1.0,0.48155417210584495,0.0,0.48155417210584495,centered
fGn_0.5_n1024_r13,fGn_0.5_n1024,,GHE,1.0,0.4778716502062776,5.551115123125783e-17,0.47787165020627764,centered
fGn_0.5_n1024_r14,fGn_0.5_n1024,,GPH,1.0,0.19556189993643253,1.6653345369377348e-16,0.1955618999364327,raw
fGn_0.5_n1024_r14,fGn_0.5_n1024,,Higuchi,1.0,0.5205713864077675,0.45510988999525526,0.9756812764030227,raw
fGn_0.5_n1024_r14,fGn_0.5_n1024,,GHE,1.0,0.5270479411453205,0.44186646140326147,0.968914402548582,raw
fGn_0.5_n1024_r14,fGn_0.5_n1024,,GPH,1.0,0.19556189993643253,1.6653345369377348e-16,0.1955618999364327,centered
fGn_0.5_n1024_r14,fGn_0.5_n1024,,Higuchi,1.0,0.520532514643415,0.0,0.520532514643415,centered
fGn_0.5_n1024_r14,fGn_0.5_n1024,,GHE,1.0,0.5269713202588607,0.0,0.5269713202588607,centered
fGn_0.5_n1024_r15,fGn_0.5_n1024,,GPH,1.0,0.2503570242463965,2.220446049250313e-16,0.2503570242463967,raw
fGn_0.5_n1024_r15,fGn_0.5_n1024,,Higuchi,1.0,0.5117576081802364,0.46508042408037764,0.976838032260614,raw
fGn_0.5_n1024_r15,fGn_0.5_n1024,,GHE,1.0,0.5066250492602042,0.46156844395979824,0.9681934932200025,raw
fGn_0.5_n1024_r15,fGn_0.5_n1024,,GPH,1.0,0.2503570242463966,1.1102230246251565e-16,0.2503570242463967,centered
fGn_0.5_n1024_r15,fGn_0.5_n1024,,Higuchi,1.0,0.5118263088663622,0.0,0.5118263088663622,centered
fGn_0.5_n1024_r15,fGn_0.5_n1024,,GHE,1.0,0.5067877118986385,-1.1102230246251565e-16,0.5067877118986384,centered
fGn_0.5_n1024_r16,fGn_0.5_n1024,,GPH,1.0,0.2485122297827217,0.0,0.2485122297827217,raw
fGn_0.5_n1024_r16,fGn_0.5_n1024,,Higuchi,1.0,0.48136215971876295,0.49649881903702453,0.9778609787557875,raw
fGn_0.5_n1024_r16,fGn_0.5_n1024,,GHE,1.0,0.48631738559658727,0.48408139734698324,0.9703987829435705,raw
fGn_0.5_n1024_r16,fGn_0.5_n1024,,GPH,1.0,0.2485122297827217,1.1102230246251565e-16,0.2485122297827218,centered
fGn_0.5_n1024_r16,fGn_0.5_n1024,,Higuchi,1.0,0.4779322456626134,0.0,0.4779322456626134,centered
fGn_0.5_n1024_r16,fGn_0.5_n1024,,GHE,1.0,0.4842258723846834,-5.551115123125783e-17,0.48422587238468334,centered
fGn_0.5_n1024_r17,fGn_0.5_n1024,,GPH,1.0,0.6405145130188485,0.0,0.6405145130188485,raw
fGn_0.5_n1024_r17,fGn_0.5_n1024,,Higuchi,1.0,0.5570269088998065,0.42121119183869715,0.9782381007385037,raw
fGn_0.5_n1024_r17,fGn_0.5_n1024,,GHE,1.0,0.5541488498018604,0.4171039696520106,0.971252819453871,raw
fGn_0.5_n1024_r17,fGn_0.5_n1024,,GPH,1.0,0.6405145130188485,-1.1102230246251565e-16,0.6405145130188484,centered
fGn_0.5_n1024_r17,fGn_0.5_n1024,,Higuchi,1.0,0.5647869950603686,0.0,0.5647869950603686,centered
fGn_0.5_n1024_r17,fGn_0.5_n1024,,GHE,1.0,0.5602193888179992,0.0,0.5602193888179992,centered
fGn_0.5_n1024_r18,fGn_0.5_n1024,,GPH,1.0,0.38421202631734086,0.0,0.38421202631734086,raw
fGn_0.5_n1024_r18,fGn_0.5_n1024,,Higuchi,1.0,0.48998195927583765,0.4885837144866363,0.9785656737624739,raw
fGn_0.5_n1024_r18,fGn_0.5_n1024,,GHE,1.0,0.4912192722410769,0.480842622770203,0.9720618950112799,raw
fGn_0.5_n1024_r18,fGn_0.5_n1024,,GPH,1.0,0.38421202631734086,-5.551115123125783e-17,0.3842120263173408,centered
fGn_0.5_n1024_r18,fGn_0.5_n1024,,Higuchi,1.0,0.4763932032224363,2.220446049250313e-16,0.4763932032224365,centered
fGn_0.5_n1024_r18,fGn_0.5_n1024,,GHE,1.0,0.479545717121008,-5.551115123125783e-17,0.47954571712100796,centered
fGn_0.5_n1024_r19,fGn_0.5_n1024,,GPH,1.0,0.5745185713093787,0.0,0.5745185713093787,raw
fGn_0.5_n1024_r19,fGn_0.5_n1024,,Higuchi,1.0,0.4728467256649913,0.5001017853860008,0.9729485110509921,raw
fGn_0.5_n1024_r19,fGn_0.5_n1024,,GHE,1.0,0.47851841571975584,0.4850894335614363,0.9636078492811921,raw
fGn_0.5_n1024_r19,fGn_0.5_n1024,,GPH,1.0,0.5745185713093787,0.0,0.5745185713093787,centered
fGn_0.5_n1024_r19,fGn_0.5_n1024,,Higuchi,1.0,0.4718332206576703,0.0,0.4718332206576703,centered
fGn_0.5_n1024_r19,fGn_0.5_n1024,,GHE,1.0,0.4779615461871006,-5.551115123125783e-17,0.47796154618710057,centered
fGn_0.5_n1024_r2,fGn_0.5_n1024,,GPH,1.0,0.6426138029007058,-1.1102230246251565e-16,0.6426138029007057,raw
fGn_0.5_n1024_r2,fGn_0.5_n1024,,Higuchi,1.0,0.4369423372439134,0.5393587022084527,0.9763010394523661,raw
fGn_0.5_n1024_r2,fGn_0.5_n1024,,GHE,1.0,0.44070998412453005,0.5285071972482802,0.9692171813728102,raw
fGn_0.5_n1024_r2,fGn_0.5_n1024,,GPH,1.0,0.6426138029007057,0.0,0.6426138029007057,centered
fGn_0.5_n1024_r2,fGn_0.5_n1024,,Higuchi,1.0,0.4369123878032959,0.0,0.4369123878032959,centered
fGn_0.5_n1024_r2,fGn_0.5_n1024,,GHE,1.0,0.4406839645730431,1.1102230246251565e-16,0.4406839645730432,centered
fGn_0.5_n1024_r20,fGn_0.5_n1024,,GPH,1.0,0.5714969114035415,0.0,0.5714969114035415,raw
fGn_0.5_n1024_r20,fGn_0.5_n1024,,Higuchi,1.0,0.5377671058810862,0.44115313967957204,0.9789202455606583,raw
fGn_0.5_n1024_r20,fGn_0.5_n1024,,GHE,1.0,0.5339924301659169,0.43771716022157725,0.9717095903874942,raw
fGn_0.5_n1024_r20,fGn_0.5_n1024,,GPH,1.0,0.5714969114035415,0.0,0.5714969114035415,centered
fGn_0.5_n1024_r20,fGn_0.5_n1024,,Higuchi,1.0,0.5375120919750069,2.220446049250313e-16,0.5375120919750072,centered
fGn_0.5_n1024_r20,fGn_0.5_n1024,,GHE,1.0,0.5338585472067542,-1.1102230246251565e-16,0.5338585472067541,centered
fGn_0.5_n1024_r21,fGn_0.5_n1024,,GPH,1.0,0.5028094197838298,1.1102230246251565e-16,0.5028094197838299,raw
fGn_0.5_n1024_r21,fGn_0.5_n1024,,Higuchi,1.0,0.4451221646935881,0.5293394100660782,0.9744615747596663,raw
fGn_0.5_n1024_r21,fGn_0.5_n1024,,GHE,1.0,0.4504500283618623,0.516231220056832,0.9666812484186943,raw
fGn_0.5_n1024_r21,fGn_0.5_n1024,,GPH,1.0,0.5028094197838299,0.0,0.5028094197838299,centered
fGn_0.5_n1024_r21,fGn_0.5_n1024,,Higuchi,1.0,0.44318567032111233,0.0,0.44318567032111233,centered
fGn_0.5_n1024_r21,fGn_0.5_n1024,,GHE,1.0,0.4491307401272577,5.551115123125783e-17,0.44913074012725773,centered
fGn_0.5_n1024_r22,fGn_0.5_n1024,,GPH,1.0,0.3260210135029168,5.551115123125783e-17,0.32602101350291685,raw
fGn_0.5_n1024_r22,fGn_0.5_n1024,,Higuchi,1.0,0.521241361629865,0.4519876165940011,0.9732289782238661,raw
fGn_0.5_n1024_r22,fGn_0.5_n1024,,GHE,1.0,0.5205386416063345,0.4437137618189476,0.9642524034252821,raw
fGn_0.5_n1024_r22,fGn_0.5_n1024,,GPH,1.0,0.3260210135029168,0.0,0.3260210135029168,centered
fGn_0.5_n1024_r22,fGn_0.5_n1024,,Higuchi,1.0,0.47922849008919144,0.0,0.47922849008919144,centered
fGn_0.5_n1024_r22,fGn_0.5_n1024,,GHE,1.0,0.4863855304016539,0.0,0.4863855304016539,centered
fGn_0.5_n1024_r23,fGn_0.5_n1024,,GPH,1.0,0.75672549612234,-1.1102230246251565e-16,0.7567254961223399,raw
fGn_0.5_n1024_r23,fGn_0.5_n1024,,Higuchi,1.0,0.4822628548216843,0.4846995496907287,0.966962404512413,raw
fGn_0.5_n1024_r23,fGn_0.5_n1024,,GHE,1.0,0.48214688151367896,0.47479401661263804,0.956940898126317,raw
fGn_0.5_n1024_r23,fGn_0.5_n1024,,GPH,1.0,0.75672549612234,-1.1102230246251565e-16,0.7567254961223399,centered
fGn_0.5_n1024_r23,fGn_0.5_n1024,,Higuchi,1.0,0.4708951650820201,0.0,0.4708951650820201,centered
fGn_0.5_n1024_r23,fGn_0.5_n1024,,GHE,1.0,0.47317143226804054,0.0,0.47317143226804054,centered
fGn_0.5_n1024_r24,fGn_0.5_n1024,,GPH,1.0,0.5240531129168037,0.0,0.5240531129168037,raw
fGn_0.5_n1024_r24,fGn_0.5_n1024,,Higuchi,1.0,0.4663768763293079,0.5086556788899448,0.9750325552192527,raw
fGn_0.5_n1024_r24,fGn_0.5_n1024,,GHE,1.0,0.4719611267658588,0.49523124005178265,0.9671923668176414,raw
fGn_0.5_n1024_r24,fGn_0.5_n1024,,GPH,1.0,0.5240531129168038,-1.1102230246251565e-16,0.5240531129168037,centered
fGn_0.5_n1024_r24,fGn_0.5_n1024,,Higuchi,1.0,0.4668688383889792,2.220446049250313e-16,0.4668688383889794,centered
fGn_0.5_n1024_r24,fGn_0.5_n1024,,GHE,1.0,0.4723436408565628,0.0,0.4723436408565628,centered
fGn_0.5_n1024_r25,fGn_0.5_n1024,,GPH,1.0,0.41276053259716033,-5.551115123125783e-17,0.4127605325971603,raw
fGn_0.5_n1024_r25,fGn_0.5_n1024,,Higuchi,1.0,0.48427249077400614,0.49115600170528695,0.9754284924792931,raw
fGn_0.5_n1024_r25,fGn_0.5_n1024,,GHE,1.0,0.4910037695376515,0.4770659650018108,0.9680697345394623,raw
fGn_0.5_n1024_r25,fGn_0.5_n1024,,GPH,1.0,0.41276053259716033,-5.551115123125783e-17,0.4127605325971603,centered
fGn_0.5_n1024_r25,fGn_0.5_n1024,,Higuchi,1.0,0.4689724501293573,-2.220446049250313e-16,0.46897245012935707,centered
fGn_0.5_n1024_r25,fGn_0.5_n1024,,GHE,1.0,0.4780688619593588,1.1102230246251565e-16,0.47806886195935894,centered
fGn_0.5_n1024_r26,fGn_0.5_n1024,,GPH,1.0,0.4522773242305993,-2.7755575615628914e-16,0.452277324230599,raw
fGn_0.5_n1024_r26,fGn_0.5_n1024,,Higuchi,1.0,0.457602422089207,0.514967720983595,0.972570143072802,raw
fGn_0.5_n1024_r26,fGn_0.5_n1024,,GHE,1.0,0.4551896750650036,0.5091816060816341,0.9643712811466377,raw
fGn_0.5_n1024_r26,fGn_0.5_n1024,,GPH,1.0,0.4522773242305993,-1.6653345369377348e-16,0.45227732423059913,centered
fGn_0.5_n1024_r26,fGn_0.5_n1024,,Higuchi,1.0,0.4563600502627865,0.0,0.4563600502627865,centered
fGn_0.5_n1024_r26,fGn_0.5_n1024,,GHE,1.0,0.4542240326146016,0.0,0.4542240326146016,centered
fGn_0.5_n1024_r27,fGn_0.5_n1024,,GPH,1.0,0.3889088960710385,-4.440892098500626e-16,0.38890889607103807,raw
fGn_0.5_n1024_r27,fGn_0.5_n1024,,Higuchi,1.0,0.4363536766968059,0.5376907805180475,0.9740444572148534,raw
fGn_0.5_n1024_r27,fGn_0.5_n1024,,GHE,1.0,0.44443605579664136,0.5210379291195896,0.9654739849162309,raw
fGn_0.5_n1024_r27,fGn_0.5_n1024,,GPH,1.0,0.3889088960710385,-3.3306690738754696e-16,0.3889088960710382,centered
fGn_0.5_n1024_r27,fGn_0.5_n1024,,Higuchi,1.0,0.43658307367245985,0.0,0.43658307367245985,centered
fGn_0.5_n1024_r27,fGn_0.5_n1024,,GHE,1.0,0.44456543825991823,-1.1102230246251565e-16,0.4445654382599181,centered
fGn_0.5_n1024_r28,fGn_0.5_n1024,,GPH,1.0,0.6265062026663225,1.1102230246251565e-16,0.6265062026663226,raw
fGn_0.5_n1024_r28,fGn_0.5_n1024,,Higuchi,1.0,0.48228068995552564,0.49181810157731576,0.9740987915328414,raw
fGn_0.5_n1024_r28,fGn_0.5_n1024,,GHE,1.0,0.4802609847664724,0.4857426072130683,0.9660035919795407,raw
fGn_0.5_n1024_r28,fGn_0.5_n1024,,GPH,1.0,0.6265062026663226,-1.1102230246251565e-16,0.6265062026663225,centered
fGn_0.5_n1024_r28,fGn_0.5_n1024,,Higuchi,1.0,0.48016627687701385,0.0,0.48016627687701385,centered
fGn_0.5_n1024_r28,fGn_0.5_n1024,,GHE,1.0,0.478572796145167,1.1102230246251565e-16,0.4785727961451671,centered
fGn_0.5_n1024_r29,fGn_0.5_n1024,,GPH,1.0,0.686464560896231,2.220446049250313e-16,0.6864645608962312,raw
fGn_0.5_n1024_r29,fGn_0.5_n1024,,Higuchi,1.0,0.4721035939501952,0.5082169183074405,0.9803205122576357,raw
fGn_0.5_n1024_r29,fGn_0.5_n1024,,GHE,1.0,0.4725310013226219,0.5004327506880337,0.9729637520106555,raw
fGn_0.5_n1024_r29,fGn_0.5_n1024,,GPH,1.0,0.686464560896231,1.1102230246251565e-16,0.6864645608962311,centered
fGn_0.5_n1024_r29,fGn_0.5_n1024,,Higuchi,1.0,0.4719297756679677,0.0,0.4719297756679677,centered
fGn_0.5_n1024_r29,fGn_0.5_n1024,,GHE,1.0,0.4721496081256945,0.0,0.4721496081256945,centered
fGn_0.5_n1024_r3,fGn_0.5_n1024,,GPH,1.0,0.5376774101003261,-1.1102230246251565e-16,0.537677410100326,raw
fGn_0.5_n1024_r3,fGn_0.5_n1024,,Higuchi,1.0,0.5782476426061758,0.3999102507763097,0.9781578933824855,raw
fGn_0.5_n1024_r3,fGn_0.5_n1024,,GHE,1.0,0.5640356336701529,0.40571183328890004,0.9697474669590529,raw
fGn_0.5_n1024_r3,fGn_0.5_n1024,,GPH,1.0,0.5376774101003261,0.0,0.5376774101003261,centered
fGn_0.5_n1024_r3,fGn_0.5_n1024,,Higuchi,1.0,0.5782343003143722,0.0,0.5782343003143722,centered
fGn_0.5_n1024_r3,fGn_0.5_n1024,,GHE,1.0,0.5640242413464455,1.1102230246251565e-16,0.5640242413464456,centered
fGn_0.5_n1024_r30,fGn_0.5_n1024,,GPH,1.0,0.4116182037132988,-1.1102230246251565e-16,0.4116182037132987,raw
fGn_0.5_n1024_r30,fGn_0.5_n1024,,Higuchi,1.0,0.4869520804957699,0.4911216650381116,0.9780737455338815,raw
fGn_0.5_n1024_r30,fGn_0.5_n1024,,GHE,1.0,0.49498994170633753,0.4746661520428885,0.969656093749226,raw
fGn_0.5_n1024_r30,fGn_0.5_n1024,,GPH,1.0,0.4116182037132988,-1.1102230246251565e-16,0.4116182037132987,centered
fGn_0.5_n1024_r30,fGn_0.5_n1024,,Higuchi,1.0,0.4858544270651013,0.0,0.4858544270651013,centered
fGn_0.5_n1024_r30,fGn_0.5_n1024,,GHE,1.0,0.494465554481291,0.0,0.494465554481291,centered
fGn_0.5_n1024_r31,fGn_0.5_n1024,,GPH,1.0,0.4050712928530696,-5.551115123125783e-17,0.40507129285306953,raw
fGn_0.5_n1024_r31,fGn_0.5_n1024,,Higuchi,1.0,0.4678565570095281,0.5085243464370786,0.9763809034466067,raw
fGn_0.5_n1024_r31,fGn_0.5_n1024,,GHE,1.0,0.47638444765759796,0.4921690212321706,0.9685534688897686,raw
fGn_0.5_n1024_r31,fGn_0.5_n1024,,GPH,1.0,0.4050712928530696,5.551115123125783e-17,0.40507129285306964,centered
fGn_0.5_n1024_r31,fGn_0.5_n1024,,Higuchi,1.0,0.46448754509366075,-2.220446049250313e-16,0.4644875450936605,centered
fGn_0.5_n1024_r31,fGn_0.5_n1024,,GHE,1.0,0.47412277297232597,-1.1102230246251565e-16,0.47412277297232586,centered
fGn_0.5_n1024_r32,fGn_0.5_n1024,,GPH,1.0,0.4869846720245112,-2.220446049250313e-16,0.48698467202451096,raw
fGn_0.5_n1024_r32,fGn_0.5_n1024,,Higuchi,1.0,0.5231919563436966,0.4522090354839732,0.9754009918276698,raw
fGn_0.5_n1024_r32,fGn_0.5_n1024,,GHE,1.0,0.5276110335541427,0.4403602014273331,0.9679712349814759,raw
fGn_0.5_n1024_r32,fGn_0.5_n1024,,GPH,1.0,0.4869846720245111,-1.6653345369377348e-16,0.48698467202451096,centered
fGn_0.5_n1024_r32,fGn_0.5_n1024,,Higuchi,1.0,0.5272050901971113,0.0,0.5272050901971113,centered
fGn_0.5_n1024_r32,fGn_0.5_n1024,,GHE,1.0,0.5300613934563714,0.0,0.5300613934563714,centered
fGn_0.5_n1024_r33,fGn_0.5_n1024,,GPH,1.0,0.5823204358934856,-1.1102230246251565e-16,0.5823204358934855,raw
fGn_0.5_n1024_r33,fGn_0.5_n1024,,Higuchi,1.0,0.5270927630458866,0.4470156309352693,0.9741083939811559,raw
fGn_0.5_n1024_r33,fGn_0.5_n1024,,GHE,1.0,0.522589814215508,0.4425394797521086,0.9651292939676166,raw
fGn_0.5_n1024_r33,fGn_0.5_n1024,,GPH,1.0,0.5823204358934855,1.1102230246251565e-16,0.5823204358934856,centered
fGn_0.5_n1024_r33,fGn_0.5_n1024,,Higuchi,1.0,0.5206400459882969,0.0,0.5206400459882969,centered
fGn_0.5_n1024_r33,fGn_0.5_n1024,,GHE,1.0,0.5155061190861226,0.0,0.5155061190861226,centered
fGn_0.5_n1024_r34,fGn_0.5_n1024,,GPH,1.0,0.7239864963647016,-1.1102230246251565e-16,0.7239864963647015,raw
fGn_0.5_n1024_r34,fGn_0.5_n1024,,Higuchi,1.0,0.49280294394065827,0.48765876562283217,0.9804617095634904,raw
fGn_0.5_n1024_r34,fGn_0.5_n1024,,GHE,1.0,0.4875136830279352,0.48603814182808036,0.9735518248560155,raw
fGn_0.5_n1024_r34,fGn_0.5_n1024,,GPH,1.0,0.7239864963647016,-1.1102230246251565e-16,0.7239864963647015,centered
fGn_0.5_n1024_r34,fGn_0.5_n1024,,Higuchi,1.0,0.49338554317577477,0.0,0.49338554317577477,centered
fGn_0.5_n1024_r34,fGn_0.5_n1024,,GHE,1.0,0.4878547764207858,2.220446049250313e-16,0.487854776420786,centered
fGn_0.5_n1024_r35,fGn_0.5_n1024,,GPH,1.0,0.4954338591741812,-5.551115123125783e-17,0.49543385917418115,raw
fGn_0.5_n1024_r35,fGn_0.5_n1024,,Higuchi,1.0,0.4549797775282991,0.5242339135364387,0.9792136910647378,raw
fGn_0.5_n1024_r35,fGn_0.5_n1024,,GHE,1.0,0.46519445165564477,0.5063802687285226,0.9715747203841674,raw
fGn_0.5_n1024_r35,fGn_0.5_n1024,,GPH,1.0,0.4954338591741812,0.0,0.4954338591741812,centered
fGn_0.5_n1024_r35,fGn_0.5_n1024,,Higuchi,1.0,0.45214503413706675,2.220446049250313e-16,0.45214503413706697,centered
fGn_0.5_n1024_r35,fGn_0.5_n1024,,GHE,1.0,0.46288588829153693,0.0,0.46288588829153693,centered
fGn_0.5_n1024_r36,fGn_0.5_n1024,,GPH,1.0,0.37855376126638574,0.0,0.37855376126638574,raw
fGn_0.5_n1024_r36,fGn_0.5_n1024,,Higuchi,1.0,0.4569027616714929,0.5133568457464444,0.9702596074179373,raw
fGn_0.5_n1024_r36,fGn_0.5_n1024,,GHE,1.0,0.46770679400997667,0.4937906230560121,0.9614974170659888,raw
fGn_0.5_n1024_r36,fGn_0.5_n1024,,GPH,1.0,0.37855376126638574,1.1102230246251565e-16,0.37855376126638585,centered
fGn_0.5_n1024_r36,fGn_0.5_n1024,,Higuchi,1.0,0.4427246557150839,2.220446049250313e-16,0.4427246557150841,centered
fGn_0.5_n1024_r36,fGn_0.5_n1024,,GHE,1.0,0.45601448442224096,-1.1102230246251565e-16,0.45601448442224085,centered
fGn_0.5_n1024_r37,fGn_0.5_n1024,,GPH,1.0,0.8227048419844112,1.1102230246251565e-16,0.8227048419844113,raw
fGn_0.5_n1024_r37,fGn_0.5_n1024,,Higuchi,1.0,0.5056320772045075,0.4716284644824693,0.9772605416869768,raw
fGn_0.5_n1024_r37,fGn_0.5_n1024,,GHE,1.0,0.4963346473988544,0.4725070047730345,0.9688416521718889,raw
fGn_0.5_n1024_r37,fGn_0.5_n1024,,GPH,1.0,0.8227048419844112,0.0,0.8227048419844112,centered
fGn_0.5_n1024_r37,fGn_0.5_n1024,,Higuchi,1.0,0.5039310454672463,0.0,0.5039310454672463,centered
fGn_0.5_n1024_r37,fGn_0.5_n1024,,GHE,1.0,0.494807096562347,5.551115123125783e-17,0.49480709656234706,centered
fGn_0.5_n1024_r38,fGn_0.5_n1024,,GPH,1.0,0.5952038385958855,1.1102230246251565e-16,0.5952038385958857,raw
fGn_0.5_n1024_r38,fGn_0.5_n1024,,Higuchi,1.0,0.5082868907253162,0.47151769233667107,0.9798045830619873,raw
fGn_0.5_n1024_r38,fGn_0.5_n1024,,GHE,1.0,0.5032282309157996,0.46871841159755334,0.9719466425133529,raw
fGn_0.5_n1024_r38,fGn_0.5_n1024,,GPH,1.0,0.5952038385958855,1.1102230246251565e-16,0.5952038385958857,centered
fGn_0.5_n1024_r38,fGn_0.5_n1024,,Higuchi,1.0,0.5081537680236399,0.0,0.5081537680236399,centered
fGn_0.5_n1024_r38,fGn_0.5_n1024,,GHE,1.0,0.5030779247628736,1.1102230246251565e-16,0.5030779247628737,centered
fGn_0.5_n1024_r39,fGn_0.5_n1024,,GPH,1.0,0.48234619703536813,-5.551115123125783e-17,0.4823461970353681,raw
fGn_0.5_n1024_r39,fGn_0.5_n1024,,Higuchi,1.0,0.5369063894013977,0.4331886916675136,0.9700950810689113,raw
fGn_0.5_n1024_r39,fGn_0.5_n1024,,GHE,1.0,0.5286658016822108,0.4308150798898186,0.9594808815720294,raw
fGn_0.5_n1024_r39,fGn_0.5_n1024,,GPH,1.0,0.48234619703536824,-1.6653345369377348e-16,0.4823461970353681,centered
fGn_0.5_n1024_r39,fGn_0.5_n1024,,Higuchi,1.0,0.5163688539316369,-2.220446049250313e-16,0.5163688539316367,centered
fGn_0.5_n1024_r39,fGn_0.5_n1024,,GHE,1.0,0.5097859041863398,0.0,0.5097859041863398,centered
fGn_0.5_n1024_r4,fGn_0.5_n1024,,GPH,1.0,0.5143511329055821,0.0,0.5143511329055821,raw
fGn_0.5_n1024_r4,fGn_0.5_n1024,,Higuchi,1.0,0.5234855747925058,0.4537087154028001,0.9771942901953059,raw
fGn_0.5_n1024_r4,fGn_0.5_n1024,,GHE,1.0,0.5136011599899755,0.4558167529383551,0.9694179129283306,raw
fGn_0.5_n1024_r4,fGn_0.5_n1024,,GPH,1.0,0.5143511329055821,0.0,0.5143511329055821,centered
fGn_0.5_n1024_r4,fGn_0.5_n1024,,Higuchi,1.0,0.5195571235572276,0.0,0.5195571235572276,centered
fGn_0.5_n1024_r4,fGn_0.5_n1024,,GHE,1.0,0.5102774527928137,1.1102230246251565e-16,0.5102774527928138,centered
fGn_0.5_n1024_r40,fGn_0.5_n1024,,GPH,1.0,0.34957200011304845,-1.1102230246251565e-16,0.34957200011304834,raw
fGn_0.5_n1024_r40,fGn_0.5_n1024,,Higuchi,1.0,0.43709789341740524,0.5345001074363809,0.9715980008537861,raw
fGn_0.5_n1024_r40,fGn_0.5_n1024,,GHE,1.0,0.43746685382838746,0.5244949404000578,0.9619617942284453,raw
fGn_0.5_n1024_r40,fGn_0.5_n1024,,GPH,1.0,0.34957200011304845,-1.1102230246251565e-16,0.34957200011304834,centered
fGn_0.5_n1024_r40,fGn_0.5_n1024,,Higuchi,1.0,0.4337935294382935,-2.220446049250313e-16,0.4337935294382933,centered
fGn_0.5_n1024_r40,fGn_0.5_n1024,,GHE,1.0,0.43498298614600667,-1.6653345369377348e-16,0.4349829861460065,centered
fGn_0.5_n1024_r41,fGn_0.5_n1024,,GPH,1.0,0.7152983122532534,0.0,0.7152983122532534,raw
fGn_0.5_n1024_r41,fGn_0.5_n1024,,Higuchi,1.0,0.5198234118650067,0.4513759249453282,0.9711993368103349,raw
fGn_0.5_n1024_r41,fGn_0.5_n1024,,GHE,1.0,0.5110957687756574,0.4503107000126837,0.9614064687883411,raw
fGn_0.5_n1024_r41,fGn_0.5_n1024,,GPH,1.0,0.7152983122532532,1.1102230246251565e-16,0.7152983122532534,centered
fGn_0.5_n1024_r41,fGn_0.5_n1024,,Higuchi,1.0,0.5016300169146946,0.0,0.5016300169146946,centered
fGn_0.5_n1024_r41,fGn_0.5_n1024,,GHE,1.0,0.4983440499373517,5.551115123125783e-17,0.49834404993735176,centered
fGn_0.5_n1024_r42,fGn_0.5_n1024,,GPH,1.0,0.4465239307607017,0.0,0.4465239307607017,raw
fGn_0.5_n1024_r42,fGn_0.5_n1024,,Higuchi,1.0,0.46044504299841216,0.5124592309152227,0.9729042739136349,raw
fGn_0.5_n1024_r42,fGn_0.5_n1024,,GHE,1.0,0.4671753324139565,0.49747961798545737,0.9646549503994138,raw
fGn_0.5_n1024_r42,fGn_0.5_n1024,,GPH,1.0,0.44652393076070174,-5.551115123125783e-17,0.4465239307607017,centered
fGn_0.5_n1024_r42,fGn_0.5_n1024,,Higuchi,1.0,0.4598056037319782,0.0,0.4598056037319782,centered
fGn_0.5_n1024_r42,fGn_0.5_n1024,,GHE,1.0,0.4664557838030304,5.551115123125783e-17,0.46645578380303043,centered
fGn_0.5_n1024_r43,fGn_0.5_n1024,,GPH,1.0,0.46830874317141147,5.551115123125783e-17,0.4683087431714115,raw
fGn_0.5_n1024_r43,fGn_0.5_n1024,,Higuchi,1.0,0.46545048891381713,0.5104641387195823,0.9759146276333994,raw
fGn_0.5_n1024_r43,fGn_0.5_n1024,,GHE,1.0,0.4716893131135004,0.4958535758920799,0.9675428890055803,raw
fGn_0.5_n1024_r43,fGn_0.5_n1024,,GPH,1.0,0.46830874317141147,5.551115123125783e-17,0.4683087431714115,centered
fGn_0.5_n1024_r43,fGn_0.5_n1024,,Higuchi,1.0,0.4603799420163541,0.0,0.4603799420163541,centered
fGn_0.5_n1024_r43,fGn_0.5_n1024,,GHE,1.0,0.4679270422433091,1.1102230246251565e-16,0.4679270422433092,centered
fGn_0.5_n1024_r44,fGn_0.5_n1024,,GPH,1.0,0.6085960356840754,-1.1102230246251565e-16,0.6085960356840753,raw
fGn_0.5_n1024_r44,fGn_0.5_n1024,,Higuchi,1.0,0.5356089694009696,0.43809396752756946,0.973702936928539,raw
fGn_0.5_n1024_r44,fGn_0.5_n1024,,GHE,1.0,0.5290952428255205,0.4355475413064779,0.9646427841319983,raw
fGn_0.5_n1024_r44,fGn_0.5_n1024,,GPH,1.0,0.6085960356840753,0.0,0.6085960356840753,centered
fGn_0.5_n1024_r44,fGn_0.5_n1024,,Higuchi,1.0,0.5365617619648921,0.0,0.5365617619648921,centered
fGn_0.5_n1024_r44,fGn_0.5_n1024,,GHE,1.0,0.5299429242996863,0.0,0.5299429242996863,centered
fGn_0.5_n1024_r45,fGn_0.5_n1024,,GPH,1.0,0.43620591415940413,0.0,0.43620591415940413,raw
fGn_0.5_n1024_r45,fGn_0.5_n1024,,Higuchi,1.0,0.5169093442073021,0.4609554612655433,0.9778648054728454,raw
fGn_0.5_n1024_r45,fGn_0.5_n1024,,GHE,1.0,0.511086350336372,0.4589163573960462,0.9700027077324181,raw
fGn_0.5_n1024_r45,fGn_0.5_n1024,,GPH,1.0,0.43620591415940413,0.0,0.43620591415940413,centered
fGn_0.5_n1024_r45,fGn_0.5_n1024,,Higuchi,1.0,0.5169212248889177,0.0,0.5169212248889177,centered
fGn_0.5_n1024_r45,fGn_0.5_n1024,,GHE,1.0,0.51108704792599,0.0,0.51108704792599,centered
fGn_0.5_n1024_r46,fGn_0.5_n1024,,GPH,1.0,0.6056729723086332,0.0,0.6056729723086332,raw
fGn_0.5_n1024_r46,fGn_0.5_n1024,,Higuchi,1.0,0.574997928384013,0.4072621055571395,0.9822600339411525,raw
fGn_0.5_n1024_r46,fGn_0.5_n1024,,GHE,1.0,0.5661162362994832,0.41052896441635756,0.9766452007158407,raw
fGn_0.5_n1024_r46,fGn_0.5_n1024,,GPH,1.0,0.6056729723086332,0.0,0.6056729723086332,centered
fGn_0.5_n1024_r46,fGn_0.5_n1024,,Higuchi,1.0,0.5640335423204899,0.0,0.5640335423204899,centered
fGn_0.5_n1024_r46,fGn_0.5_n1024,,GHE,1.0,0.5560397221089562,0.0,0.5560397221089562,centered
fGn_0.5_n1024_r47,fGn_0.5_n1024,,GPH,1.0,0.7352431450816321,0.0,0.7352431450816321,raw
fGn_0.5_n1024_r47,fGn_0.5_n1024,,Higuchi,1.0,0.5630770432166632,0.42138726489830547,0.9844643081149687,raw
fGn_0.5_n1024_r47,fGn_0.5_n1024,,GHE,1.0,0.5426856281735302,0.43511143463568014,0.9777970628092103,raw
fGn_0.5_n1024_r47,fGn_0.5_n1024,,GPH,1.0,0.7352431450816321,0.0,0.7352431450816321,centered
fGn_0.5_n1024_r47,fGn_0.5_n1024,,Higuchi,1.0,0.5645206753246301,0.0,0.5645206753246301,centered
fGn_0.5_n1024_r47,fGn_0.5_n1024,,GHE,1.0,0.5434892629713274,0.0,0.5434892629713274,centered
fGn_0.5_n1024_r48,fGn_0.5_n1024,,GPH,1.0,0.6011721869773462,0.0,0.6011721869773462,raw
fGn_0.5_n1024_r48,fGn_0.5_n1024,,Higuchi,1.0,0.5899494677470485,0.39154121288201127,0.9814906806290598,raw
fGn_0.5_n1024_r48,fGn_0.5_n1024,,GHE,1.0,0.5719615496532531,0.40289418502794483,0.9748557346811979,raw
fGn_0.5_n1024_r48,fGn_0.5_n1024,,GPH,1.0,0.6011721869773463,-1.1102230246251565e-16,0.6011721869773462,centered
fGn_0.5_n1024_r48,fGn_0.5_n1024,,Higuchi,1.0,0.5876823262485522,0.0,0.5876823262485522,centered
fGn_0.5_n1024_r48,fGn_0.5_n1024,,GHE,1.0,0.5693782157995623,1.1102230246251565e-16,0.5693782157995624,centered
fGn_0.5_n1024_r49,fGn_0.5_n1024,,GPH,1.0,0.5826212529737451,0.0,0.5826212529737451,raw
fGn_0.5_n1024_r49,fGn_0.5_n1024,,Higuchi,1.0,0.5464452898590277,0.42859889157070175,0.9750441814297295,raw
fGn_0.5_n1024_r49,fGn_0.5_n1024,,GHE,1.0,0.5384010115918482,0.4288465301750447,0.9672475417668929,raw
fGn_0.5_n1024_r49,fGn_0.5_n1024,,GPH,1.0,0.5826212529737451,0.0,0.5826212529737451,centered
fGn_0.5_n1024_r49,fGn_0.5_n1024,,Higuchi,1.0,0.5419206140110941,0.0,0.5419206140110941,centered
fGn_0.5_n1024_r49,fGn_0.5_n1024,,GHE,1.0,0.5342754213784972,0.0,0.5342754213784972,centered
fGn_0.5_n1024_r5,fGn_0.5_n1024,,GPH,1.0,0.42069834658083033,0.0,0.42069834658083033,raw
fGn_0.5_n1024_r5,fGn_0.5_n1024,,Higuchi,1.0,0.4715993835932648,0.5086490437286584,0.9802484273219232,raw
fGn_0.5_n1024_r5,fGn_0.5_n1024,,GHE,1.0,0.47674247827962163,0.4969821131067849,0.9737245913864065,raw
fGn_0.5_n1024_r5,fGn_0.5_n1024,,GPH,1.0,0.42069834658083033,0.0,0.42069834658083033,centered
fGn_0.5_n1024_r5,fGn_0.5_n1024,,Higuchi,1.0,0.44964889902278515,0.0,0.44964889902278515,centered
fGn_0.5_n1024_r5,fGn_0.5_n1024,,GHE,1.0,0.4572407260584623,0.0,0.4572407260584623,centered
fGn_0.5_n1024_r50,fGn_0.5_n1024,,GPH,1.0,0.480367801960467,-4.996003610813204e-16,0.4803678019604665,raw
fGn_0.5_n1024_r50,fGn_0.5_n1024,,Higuchi,1.0,0.4710103276352475,0.5092305118177558,0.9802408394530033,raw
fGn_0.5_n1024_r50,fGn_0.5_n1024,,GHE,1.0,0.47815708748561797,0.49454864759313294,0.9727057350787509,raw
fGn_0.5_n1024_r50,fGn_0.5_n1024,,GPH,1.0,0.480367801960467,-2.220446049250313e-16,0.4803678019604668,centered
fGn_0.5_n1024_r50,fGn_0.5_n1024,,Higuchi,1.0,0.454220378360187,0.0,0.454220378360187,centered
fGn_0.5_n1024_r50,fGn_0.5_n1024,,GHE,1.0,0.46528622891988947,0.0,0.46528622891988947,centered
fGn_0.5_n1024_r51,fGn_0.5_n1024,,GPH,1.0,0.5762118877552235,1.1102230246251565e-16,0.5762118877552236,raw
fGn_0.5_n1024_r51,fGn_0.5_n1024,,Higuchi,1.0,0.5477757978792233,0.431166338594118,0.9789421364733413,raw
fGn_0.5_n1024_r51,fGn_0.5_n1024,,GHE,1.0,0.5396353165989918,0.43152336200072616,0.9711586785997179,raw
fGn_0.5_n1024_r51,fGn_0.5_n1024,,GPH,1.0,0.5762118877552236,0.0,0.5762118877552236,centered
fGn_0.5_n1024_r51,fGn_0.5_n1024,,Higuchi,1.0,0.5510471549290021,0.0,0.5510471549290021,centered
fGn_0.5_n1024_r51,fGn_0.5_n1024,,GHE,1.0,0.5418296188137602,0.0,0.5418296188137602,centered
fGn_0.5_n1024_r52,fGn_0.5_n1024,,GPH,1.0,0.0837631171453781,-1.6653345369377348e-16,0.08376311714537793,raw
fGn_0.5_n1024_r52,fGn_0.5_n1024,,Higuchi,1.0,0.45269450441637926,0.5193822518104976,0.9720767562268768,raw
fGn_0.5_n1024_r52,fGn_0.5_n1024,,GHE,1.0,0.4605068325374608,0.501551051708713,0.9620578842461737,raw
fGn_0.5_n1024_r52,fGn_0.5_n1024,,GPH,1.0,0.0837631171453781,-2.7755575615628914e-16,0.08376311714537782,centered
fGn_0.5_n1024_r52,fGn_0.5_n1024,,Higuchi,1.0,0.43380821051546636,2.220446049250313e-16,0.4338082105154666,centered
fGn_0.5_n1024_r52,fGn_0.5_n1024,,GHE,1.0,0.4465049578320333,-5.551115123125783e-17,0.44650495783203326,centered
fGn_0.5_n1024_r53,fGn_0.5_n1024,,GPH,1.0,0.6043044461197412,-1.1102230246251565e-16,0.6043044461197411,raw
fGn_0.5_n1024_r53,fGn_0.5_n1024,,Higuchi,1.0,0.5614662716815146,0.4121813723898651,0.9736476440713797,raw
fGn_0.5_n1024_r53,fGn_0.5_n1024,,GHE,1.0,0.5581467133524942,0.4069540529848984,0.9651007663373926,raw
fGn_0.5_n1024_r53,fGn_0.5_n1024,,GPH,1.0,0.6043044461197411,0.0,0.6043044461197411,centered
fGn_0.5_n1024_r53,fGn_0.5_n1024,,Higuchi,1.0,0.5589194803356343,0.0,0.5589194803356343,centered
fGn_0.5_n1024_r53,fGn_0.5_n1024,,GHE,1.0,0.5557310813925286,2.220446049250313e-16,0.5557310813925288,centered
fGn_0.5_n1024_r54,fGn_0.5_n1024,,GPH,1.0,0.643915989067432,-1.1102230246251565e-16,0.6439159890674319,raw
fGn_0.5_n1024_r54,fGn_0.5_n1024,,Higuchi,1.0,0.49763621471024755,0.47977816183815225,0.9774143765483998,raw
fGn_0.5_n1024_r54,fGn_0.5_n1024,,GHE,1.0,0.4847748735310914,0.4844522392592949,0.9692271127903863,raw
fGn_0.5_n1024_r54,fGn_0.5_n1024,,GPH,1.0,0.643915989067432,0.0,0.643915989067432,centered
fGn_0.5_n1024_r54,fGn_0.5_n1024,,Higuchi,1.0,0.49783311921403217,0.0,0.49783311921403217,centered
fGn_0.5_n1024_r54,fGn_0.5_n1024,,GHE,1.0,0.48480346733576124,1.1102230246251565e-16,0.48480346733576135,centered
fGn_0.5_n1024_r55,fGn_0.5_n1024,,GPH,1.0,0.37250074210656453,5.551115123125783e-17,0.3725007421065646,raw
fGn_0.5_n1024_r55,fGn_0.5_n1024,,Higuchi,1.0,0.45098692334907775,0.5281358370781621,0.9791227604272399,raw
fGn_0.5_n1024_r55,fGn_0.5_n1024,,GHE,1.0,0.44508268943239476,0.5273838376795454,0.9724665271119403,raw
fGn_0.5_n1024_r55,fGn_0.5_n1024,,GPH,1.0,0.37250074210656453,5.551115123125783e-17,0.3725007421065646,centered
fGn_0.5_n1024_r55,fGn_0.5_n1024,,Higuchi,1.0,0.4354854096815748,0.0,0.4354854096815748,centered
fGn_0.5_n1024_r55,fGn_0.5_n1024,,GHE,1.0,0.43291921740505324,0.0,0.43291921740505324,centered
fGn_0.5_n1024_r56,fGn_0.5_n1024,,GPH,1.0,0.43639948346826224,-5.551115123125783e-17,0.4363994834682622,raw
fGn_0.5_n1024_r56,fGn_0.5_n1024,,Higuchi,1.0,0.46192473206966844,0.5123834697800398,0.9743082018497082,raw
fGn_0.5_n1024_r56,fGn_0.5_n1024,,GHE,1.0,0.46370207171689654,0.5022893986541841,0.9659914703710806,raw
fGn_0.5_n1024_r56,fGn_0.5_n1024,,GPH,1.0,0.4363994834682623,0.0,0.4363994834682623,centered
fGn_0.5_n1024_r56,fGn_0.5_n1024,,Higuchi,1.0,0.46084887882723624,0.0,0.46084887882723624,centered
fGn_0.5_n1024_r56,fGn_0.5_n1024,,GHE,1.0,0.46268550346780396,0.0,0.46268550346780396,centered
fGn_0.5_n1024_r57,fGn_0.5_n1024,,GPH,1.0,0.45621671389522317,0.0,0.45621671389522317,raw
fGn_0.5_n1024_r57,fGn_0.5_n1024,,Higuchi,1.0,0.4640317385904511,0.515817094677173,0.9798488332676241,raw
fGn_0.5_n1024_r57,fGn_0.5_n1024,,GHE,1.0,0.47540750309873625,0.49633141202136466,0.9717389151201009,raw
fGn_0.5_n1024_r57,fGn_0.5_n1024,,GPH,1.0,0.4562167138952233,-1.1102230246251565e-16,0.45621671389522317,centered
fGn_0.5_n1024_r57,fGn_0.5_n1024,,Higuchi,1.0,0.4641183332551224,0.0,0.4641183332551224,centered
fGn_0.5_n1024_r57,fGn_0.5_n1024,,GHE,1.0,0.4754237970814394,0.0,0.4754237970814394,centered
fGn_0.5_n1024_r58,fGn_0.5_n1024,,GPH,1.0,0.47344478439182974,1.6653345369377348e-16,0.4734447843918299,raw
fGn_0.5_n1024_r58,fGn_0.5_n1024,,Higuchi,1.0,0.5378901507747209,0.4447637706661727,0.9826539214408936,raw
fGn_0.5_n1024_r58,fGn_0.5_n1024,,GHE,1.0,0.5292201118045756,0.4464672998529474,0.975687411657523,raw
fGn_0.5_n1024_r58,fGn_0.5_n1024,,GPH,1.0,0.47344478439182985,-5.551115123125783e-17,0.4734447843918298,centered
fGn_0.5_n1024_r58,fGn_0.5_n1024,,Higuchi,1.0,0.5177107082643118,0.0,0.5177107082643118,centered
fGn_0.5_n1024_r58,fGn_0.5_n1024,,GHE,1.0,0.5122526151274425,-1.1102230246251565e-16,0.5122526151274424,centered
fGn_0.5_n1024_r59,fGn_0.5_n1024,,GPH,1.0,0.6686917571043213,-1.1102230246251565e-16,0.6686917571043212,raw
fGn_0.5_n1024_r59,fGn_0.5_n1024,,Higuchi,1.0,0.5116537819005489,0.46647209649444865,0.9781258783949975,raw
fGn_0.5_n1024_r59,fGn_0.5_n1024,,GHE,1.0,0.5036210941488747,0.46652886698626395,0.9701499611351386,raw
fGn_0.5_n1024_r59,fGn_0.5_n1024,,GPH,1.0,0.6686917571043212,0.0,0.6686917571043212,centered
fGn_0.5_n1024_r59,fGn_0.5_n1024,,Higuchi,1.0,0.5106192714231583,4.440892098500626e-16,0.5106192714231588,centered
fGn_0.5_n1024_r59,fGn_0.5_n1024,,GHE,1.0,0.5023251624981925,1.1102230246251565e-16,0.5023251624981926,centered
fGn_0.5_n1024_r6,fGn_0.5_n1024,,GPH,1.0,0.627356526956756,0.0,0.627356526956756,raw
fGn_0.5_n1024_r6,fGn_0.5_n1024,,Higuchi,1.0,0.4792719701854784,0.5030204138254435,0.9822923840109219,raw
fGn_0.5_n1024_r6,fGn_0.5_n1024,,GHE,1.0,0.46775884860463096,0.5081839025177433,0.9759427511223743,raw
fGn_0.5_n1024_r6,fGn_0.5_n1024,,GPH,1.0,0.627356526956756,0.0,0.627356526956756,centered
fGn_0.5_n1024_r6,fGn_0.5_n1024,,Higuchi,1.0,0.46908286671577537,0.0,0.46908286671577537,centered
fGn_0.5_n1024_r6,fGn_0.5_n1024,,GHE,1.0,0.4596006782766589,5.551115123125783e-17,0.45960067827665896,centered
fGn_0.5_n1024_r60,fGn_0.5_n1024,,GPH,1.0,0.5540600790235685,-1.1102230246251565e-16,0.5540600790235684,raw
fGn_0.5_n1024_r60,fGn_0.5_n1024,,Higuchi,1.0,0.4776479086341101,0.5024438811474121,0.9800917897815222,raw
fGn_0.5_n1024_r60,fGn_0.5_n1024,,GHE,1.0,0.48204904906863527,0.48939675927994125,0.9714458083485765,raw
fGn_0.5_n1024_r60,fGn_0.5_n1024,,GPH,1.0,0.5540600790235685,-1.1102230246251565e-16,0.5540600790235684,centered
fGn_0.5_n1024_r60,fGn_0.5_n1024,,Higuchi,1.0,0.4791050915259676,0.0,0.4791050915259676,centered
fGn_0.5_n1024_r60,fGn_0.5_n1024,,GHE,1.0,0.4832347885523897,-1.1102230246251565e-16,0.4832347885523896,centered
fGn_0.5_n1024_r61,fGn_0.5_n1024,,GPH,1.0,0.45930646105871803,0.0,0.45930646105871803,raw
fGn_0.5_n1024_r61,fGn_0.5_n1024,,Higuchi,1.0,0.564341709807616,0.4175537113392509,0.9818954211468669,raw
fGn_0.5_n1024_r61,fGn_0.5_n1024,,GHE,1.0,0.5509617692036424,0.42444754454650147,0.9754093137501438,raw
fGn_0.5_n1024_r61,fGn_0.5_n1024,,GPH,1.0,0.459306461058718,5.551115123125783e-17,0.45930646105871803,centered
fGn_0.5_n1024_r61,fGn_0.5_n1024,,Higuchi,1.0,0.5092568364010495,-4.440892098500626e-16,0.509256836401049,centered
fGn_0.5_n1024_r61,fGn_0.5_n1024,,GHE,1.0,0.5073318487180015,0.0,0.5073318487180015,centered
fGn_0.5_n1024_r62,fGn_0.5_n1024,,GPH,1.0,0.33868885153396006,-1.6653345369377348e-16,0.3386888515339599,raw
fGn_0.5_n1024_r62,fGn_0.5_n1024,,Higuchi,1.0,0.4625705512799385,0.5146690526727098,0.9772396039526483,raw
fGn_0.5_n1024_r62,fGn_0.5_n1024,,GHE,1.0,0.4641057125558999,0.5046429886196979,0.9687487011755977,raw
fGn_0.5_n1024_r62,fGn_0.5_n1024,,GPH,1.0,0.33868885153396,-1.1102230246251565e-16,0.3386888515339599,centered
fGn_0.5_n1024_r62,fGn_0.5_n1024,,Higuchi,1.0,0.4602907478456626,0.0,0.4602907478456626,centered
fGn_0.5_n1024_r62,fGn_0.5_n1024,,GHE,1.0,0.46261701158806956,0.0,0.46261701158806956,centered
fGn_0.5_n1024_r63,fGn_0.5_n1024,,GPH,1.0,0.56947643884379,-1.1102230246251565e-16,0.5694764388437898,raw
fGn_0.5_n1024_r63,fGn_0.5_n1024,,Higuchi,1.0,0.4772788542197004,0.4968593513355948,0.9741382055552952,raw
fGn_0.5_n1024_r63,fGn_0.5_n1024,,GHE,1.0,0.4825187356034242,0.48329196799441476,0.9658107035978389,raw
fGn_0.5_n1024_r63,fGn_0.5_n1024,,GPH,1.0,0.56947643884379,0.0,0.56947643884379,centered
fGn_0.5_n1024_r63,fGn_0.5_n1024,,Higuchi,1.0,0.47759961891446245,0.0,0.47759961891446245,centered
fGn_0.5_n1024_r63,fGn_0.5_n1024,,GHE,1.0,0.4824129667777683,-1.6653345369377348e-16,0.4824129667777681,centered
fGn_0.5_n1024_r7,fGn_0.5_n1024,,GPH,1.0,0.7741580842265652,3.3306690738754696e-16,0.7741580842265655,raw
fGn_0.5_n1024_r7,fGn_0.5_n1024,,Higuchi,1.0,0.5241954496168257,0.4497075660931087,0.9739030157099344,raw
fGn_0.5_n1024_r7,fGn_0.5_n1024,,GHE,1.0,0.5148819035430483,0.451369956405283,0.9662518599483313,raw
fGn_0.5_n1024_r7,fGn_0.5_n1024,,GPH,1.0,0.7741580842265652,2.220446049250313e-16,0.7741580842265654,centered
fGn_0.5_n1024_r7,fGn_0.5_n1024,,Higuchi,1.0,0.5247644134433351,0.0,0.5247644134433351,centered
fGn_0.5_n1024_r7,fGn_0.5_n1024,,GHE,1.0,0.515304005119358,0.0,0.515304005119358,centered
fGn_0.5_n1024_r8,fGn_0.5_n1024,,GPH,1.0,0.5133496049656706,0.0,0.5133496049656706,raw
fGn_0.5_n1024_r8,fGn_0.5_n1024,,Higuchi,1.0,0.4737999341398489,0.5059591587370273,0.9797590928768762,raw
fGn_0.5_n1024_r8,fGn_0.5_n1024,,GHE,1.0,0.46842702774152994,0.504555869721292,0.972982897462822,raw
fGn_0.5_n1024_r8,fGn_0.5_n1024,,GPH,1.0,0.5133496049656706,0.0,0.5133496049656706,centered
fGn_0.5_n1024_r8,fGn_0.5_n1024,,Higuchi,1.0,0.46270152097010353,0.0,0.46270152097010353,centered
fGn_0.5_n1024_r8,fGn_0.5_n1024,,GHE,1.0,0.4580728846371389,5.551115123125783e-17,0.45807288463713897,centered
fGn_0.5_n1024_r9,fGn_0.5_n1024,,GPH,1.0,0.1379190136851015,5.551115123125783e-17,0.13791901368510157,raw
fGn_0.5_n1024_r9,fGn_0.5_n1024,,Higuchi,1.0,0.5006026505188674,0.474258420061064,0.9748610705799314,raw
fGn_0.5_n1024_r9,fGn_0.5_n1024,,GHE,1.0,0.5071336492962569,0.4588357820261788,0.9659694313224357,raw
fGn_0.5_n1024_r9,fGn_0.5_n1024,,GPH,1.0,0.1379190136851015,5.551115123125783e-17,0.13791901368510157,centered
fGn_0.5_n1024_r9,fGn_0.5_n1024,,Higuchi,1.0,0.5005565923244084,0.0,0.5005565923244084,centered
fGn_0.5_n1024_r9,fGn_0.5_n1024,,GHE,1.0,0.5071065134385271,0.0,0.5071065134385271,centered
fGn_0.5_n256_r0,fGn_0.5_n256,,GPH,1.0,0.6796426937978766,0.0,0.6796426937978766,raw
fGn_0.5_n256_r0,fGn_0.5_n256,,Higuchi,1.0,0.5983470332087117,0.3870795711694375,0.9854266043781492,raw
fGn_0.5_n256_r0,fGn_0.5_n256,,GHE,1.0,0.5847476582095885,0.3964058915027667,0.9811535497123552,raw
fGn_0.5_n256_r0,fGn_0.5_n256,,GPH,1.0,0.6796426937978766,-1.1102230246251565e-16,0.6796426937978765,centered
fGn_0.5_n256_r0,fGn_0.5_n256,,Higuchi,1.0,0.5361563911635656,0.0,0.5361563911635656,centered
fGn_0.5_n256_r0,fGn_0.5_n256,,GHE,1.0,0.5411202627845284,1.1102230246251565e-16,0.5411202627845285,centered
fGn_0.5_n256_r1,fGn_0.5_n256,,GPH,1.0,0.5319562070017372,0.0,0.5319562070017372,raw
fGn_0.5_n256_r1,fGn_0.5_n256,,Higuchi,1.0,0.4353740091344731,0.5488946874100835,0.9842686965445566,raw
fGn_0.5_n256_r1,fGn_0.5_n256,,GHE,1.0,0.44262476650319627,0.5316677913823377,0.9742925578855339,raw
fGn_0.5_n256_r1,fGn_0.5_n256,,GPH,1.0,0.5319562070017372,0.0,0.5319562070017372,centered
fGn_0.5_n256_r1,fGn_0.5_n256,,Higuchi,1.0,0.45920711337459563,0.0,0.45920711337459563,centered
fGn_0.5_n256_r1,fGn_0.5_n256,,GHE,1.0,0.45784585042565823,-5.551115123125783e-17,0.4578458504256582,centered
fGn_0.5_n256_r10,fGn_0.5_n256,,GPH,1.0,0.6178781852467745,1.1102230246251565e-16,0.6178781852467746,raw
fGn_0.5_n256_r10,fGn_0.5_n256,,Higuchi,1.0,0.6936247727949598,0.29115453207507436,0.9847793048700342,raw
fGn_0.5_n256_r10,fGn_0.5_n256,,GHE,1.0,0.6585603733573705,0.3160540795062651,0.9746144528636356,raw
fGn_0.5_n256_r10,fGn_0.5_n256,,GPH,1.0,0.6178781852467745,0.0,0.6178781852467745,centered
fGn_0.5_n256_r10,fGn_0.5_n256,,Higuchi,1.0,0.6788860103739429,-2.220446049250313e-16,0.6788860103739427,centered
fGn_0.5_n256_r10,fGn_0.5_n256,,GHE,1.0,0.6458908406325672,0.0,0.6458908406325672,centered
fGn_0.5_n256_r11,fGn_0.5_n256,,GPH,1.0,0.5473995102487172,0.0,0.5473995102487172,raw
fGn_0.5_n256_r11,fGn_0.5_n256,,Higuchi,1.0,0.5655838141813114,0.3890208992047137,0.9546047133860251,raw
fGn_0.5_n256_r11,fGn_0.5_n256,,GHE,1.0,0.5521971042534667,0.396303776449049,0.9485008807025157,raw
fGn_0.5_n256_r11,fGn_0.5_n256,,GPH,1.0,0.5473995102487172,-1.1102230246251565e-16,0.5473995102487171,centered
fGn_0.5_n256_r11,fGn_0.5_n256,,Higuchi,1.0,0.5485508789463036,0.0,0.5485508789463036,centered
fGn_0.5_n256_r11,fGn_0.5_n256,,GHE,1.0,0.53820784054504,-1.1102230246251565e-16,0.5382078405450399,centered
fGn_0.5_n256_r12,fGn_0.5_n256,,GPH,1.0,0.3778768658512396,-1.1102230246251565e-16,0.3778768658512395,raw
fGn_0.5_n256_r12,fGn_0.5_n256,,Higuchi,1.0,0.4886654362830323,0.4835990683984859,0.9722645046815181,raw
fGn_0.5_n256_r12,fGn_0.5_n256,,GHE,1.0,0.4771197681304524,0.487920569789582,0.9650403379200344,raw
fGn_0.5_n256_r12,fGn_0.5_n256,,GPH,1.0,0.3778768658512396,-1.1102230246251565e-16,0.3778768658512395,centered
fGn_0.5_n256_r12,fGn_0.5_n256,,Higuchi,1.0,0.4746875323668669,0.0,0.4746875323668669,centered
fGn_0.5_n256_r12,fGn_0.5_n256,,GHE,1.0,0.4643697595230228,5.551115123125783e-17,0.46436975952302284,centered
fGn_0.5_n256_r13,fGn_0.5_n256,,GPH,1.0,0.6550256855710821,0.0,0.6550256855710821,raw
fGn_0.5_n256_r13,fGn_0.5_n256,,Higuchi,1.0,0.4781862677876194,0.5151694151687214,0.9933556829563408,raw
fGn_0.5_n256_r13,fGn_0.5_n256,,GHE,1.0,0.4899046827802123,0.49587292177126746,0.9857776045514798,raw
fGn_0.5_n256_r13,fGn_0.5_n256,,GPH,1.0,0.6550256855710821,0.0,0.6550256855710821,centered
fGn_0.5_n256_r13,fGn_0.5_n256,,Higuchi,1.0,0.4123804525856114,0.0,0.4123804525856114,centered
fGn_0.5_n256_r13,fGn_0.5_n256,,GHE,1.0,0.4438553728456033,5.551115123125783e-17,0.44385537284560334,centered
fGn_0.5_n256_r14,fGn_0.5_n256,,GPH,1.0,0.607433708414589,1.1102230246251565e-16,0.6074337084145891,raw
fGn_0.5_n256_r14,fGn_0.5_n256,,Higuchi,1.0,0.4894773978618474,0.49614028948409583,0.9856176873459432,raw
fGn_0.5_n256_r14,fGn_0.5_n256,,GHE,1.0,0.4972567324321933,0.47952707484818097,0.9767838072803743,raw
fGn_0.5_n256_r14,fGn_0.5_n256,,GPH,1.0,0.607433708414589,1.1102230246251565e-16,0.6074337084145891,centered
fGn_0.5_n256_r14,fGn_0.5_n256,,Higuchi,1.0,0.4750734708285955,0.0,0.4750734708285955,centered
fGn_0.5_n256_r14,fGn_0.5_n256,,GHE,1.0,0.4861103103255174,0.0,0.4861103103255174,centered
fGn_0.5_n256_r15,fGn_0.5_n256,,GPH,1.0,0.6048672744633085,-1.1102230246251565e-16,0.6048672744633083,raw
fGn_0.5_n256_r15,fGn_0.5_n256,,Higuchi,1.0,0.5000594519409458,0.47362945339026696,0.9736889053312128,raw
fGn_0.5_n256_r15,fGn_0.5_n256,,GHE,1.0,0.5017861141166757,0.46716142796292903,0.9689475420796048,raw
fGn_0.5_n256_r15,fGn_0.5_n256,,GPH,1.0,0.6048672744633085,0.0,0.6048672744633085,centered
fGn_0.5_n256_r15,fGn_0.5_n256,,Higuchi,1.0,0.4993835390073389,-4.440892098500626e-16,0.49938353900733845,centered
fGn_0.5_n256_r15,fGn_0.5_n256,,GHE,1.0,0.5008077967132205,0.0,0.5008077967132205,centered
fGn_0.5_n256_r16,fGn_0.5_n256,,GPH,1.0,0.4623404958420967,-5.551115123125783e-17,0.46234049584209663,raw
fGn_0.5_n256_r16,fGn_0.5_n256,,Higuchi,1.0,0.49180902750591216,0.47284918999699643,0.9646582175029086,raw
fGn_0.5_n256_r16,fGn_0.5_n256,,GHE,1.0,0.4950798946474319,0.45882010604820783,0.9539000006956397,raw
fGn_0.5_n256_r16,fGn_0.5_n256,,GPH,1.0,0.4623404958420967,-1.1102230246251565e-16,0.4623404958420966,centered
fGn_0.5_n256_r16,fGn_0.5_n256,,Higuchi,1.0,0.4343215484814327,0.0,0.4343215484814327,centered
fGn_0.5_n256_r16,fGn_0.5_n256,,GHE,1.0,0.44694103049288353,1.1102230246251565e-16,0.44694103049288364,centered
fGn_0.5_n256_r17,fGn_0.5_n256,,GPH,1.0,0.3532174293609894,-1.1102230246251565e-16,0.35321742936098927,raw
fGn_0.5_n256_r17,fGn_0.5_n256,,Higuchi,1.0,0.5092010902010278,0.44977420789128364,0.9589752980923114,raw
fGn_0.5_n256_r17,fGn_0.5_n256,,GHE,1.0,0.4909309722840351,0.45740748444911633,0.9483384567331514,raw
fGn_0.5_n256_r17,fGn_0.5_n256,,GPH,1.0,0.35321742936098943,-5.551115123125783e-17,0.3532174293609894,centered
fGn_0.5_n256_r17,fGn_0.5_n256,,Higuchi,1.0,0.33377874461633605,0.0,0.33377874461633605,centered
fGn_0.5_n256_r17,fGn_0.5_n256,,GHE,1.0,0.3454917207969918,-1.1102230246251565e-16,0.3454917207969917,centered
fGn_0.5_n256_r18,fGn_0.5_n256,,GPH,1.0,0.6773320857344978,0.0,0.6773320857344978,raw
fGn_0.5_n256_r18,fGn_0.5_n256,,Higuchi,1.0,0.49880349157466286,0.4995046693604641,0.998308160935127,raw
fGn_0.5_n256_r18,fGn_0.5_n256,,GHE,1.0,0.5052379707110138,0.48630262911481914,0.991540599825833,raw
fGn_0.5_n256_r18,fGn_0.5_n256,,GPH,1.0,0.6773320857344978,0.0,0.6773320857344978,centered
fGn_0.5_n256_r18,fGn_0.5_n256,,Higuchi,1.0,0.49652494740187025,0.0,0.49652494740187025,centered
fGn_0.5_n256_r18,fGn_0.5_n256,,GHE,1.0,0.5036026466282949,0.0,0.5036026466282949,centered
fGn_0.5_n256_r19,fGn_0.5_n256,,GPH,1.0,0.44189518062680805,5.551115123125783e-17,0.4418951806268081,raw
fGn_0.5_n256_r19,fGn_0.5_n256,,Higuchi,1.0,0.613519356974835,0.3710111556174558,0.9845305125922907,raw
fGn_0.5_n256_r19,fGn_0.5_n256,,GHE,1.0,0.5971186842027654,0.3822220964568397,0.9793407806596051,raw
fGn_0.5_n256_r19,fGn_0.5_n256,,GPH,1.0,0.4418951806268081,-1.1102230246251565e-16,0.441895180626808,centered
fGn_0.5_n256_r19,fGn_0.5_n256,,Higuchi,1.0,0.6191671009383644,0.0,0.6191671009383644,centered
fGn_0.5_n256_r19,fGn_0.5_n256,,GHE,1.0,0.6050505729883549,0.0,0.6050505729883549,centered
fGn_0.5_n256_r2,fGn_0.5_n256,,GPH,1.0,0.5023617025917493,0.0,0.5023617025917493,raw
fGn_0.5_n256_r2,fGn_0.5_n256,,Higuchi,1.0,0.5476166449181901,0.4379391731857605,0.9855558181039505,raw
fGn_0.5_n256_r2,fGn_0.5_n256,,GHE,1.0,0.5116770826787141,0.4668859103404066,0.9785629930191208,raw
fGn_0.5_n256_r2,fGn_0.5_n256,,GPH,1.0,0.5023617025917493,0.0,0.5023617025917493,centered
fGn_0.5_n256_r2,fGn_0.5_n256,,Higuchi,1.0,0.5160749519673844,0.0,0.5160749519673844,centered
fGn_0.5_n256_r2,fGn_0.5_n256,,GHE,1.0,0.4866857273220778,0.0,0.4866857273220778,centered
fGn_0.5_n256_r20,fGn_0.5_n256,,GPH,1.0,0.6354177464356777,0.0,0.6354177464356777,raw
fGn_0.5_n256_r20,fGn_0.5_n256,,Higuchi,1.0,0.4844707409420581,0.48536649332561654,0.9698372342676747,raw
fGn_0.5_n256_r20,fGn_0.5_n256,,GHE,1.0,0.49700778294061576,0.46849660165849616,0.9655043845991119,raw
fGn_0.5_n256_r20,fGn_0.5_n256,,GPH,1.0,0.6354177464356777,0.0,0.6354177464356777,centered
fGn_0.5_n256_r20,fGn_0.5_n256,,Higuchi,1.0,0.5043992229784189,4.440892098500626e-16,0.5043992229784193,centered
fGn_0.5_n256_r20,fGn_0.5_n256,,GHE,1.0,0.5134133721223625,3.3306690738754696e-16,0.5134133721223628,centered
fGn_0.5_n256_r21,fGn_0.5_n256,,GPH,1.0,0.43410840763794845,1.1102230246251565e-16,0.43410840763794856,raw
fGn_0.5_n256_r21,fGn_0.5_n256,,Higuchi,1.0,0.41907375622977483,0.5566223326423032,0.975696088872078,raw
fGn_0.5_n256_r21,fGn_0.5_n256,,GHE,1.0,0.42893286431968886,0.5395412004398839,0.9684740647595728,raw
fGn_0.5_n256_r21,fGn_0.5_n256,,GPH,1.0,0.4341084076379484,2.7755575615628914e-16,0.43410840763794867,centered
fGn_0.5_n256_r21,fGn_0.5_n256,,Higuchi,1.0,0.430812409658196,2.220446049250313e-16,0.4308124096581962,centered
fGn_0.5_n256_r21,fGn_0.5_n256,,GHE,1.0,0.4389365958700382,0.0,0.4389365958700382,centered
fGn_0.5_n256_r22,fGn_0.5_n256,,GPH,1.0,0.5199458087275586,0.0,0.5199458087275586,raw
fGn_0.5_n256_r22,fGn_0.5_n256,,Higuchi,1.0,0.5340715235870253,0.4386741652354327,0.9727456888224579,raw
fGn_0.5_n256_r22,fGn_0.5_n256,,GHE,1.0,0.5178703574527619,0.44611931813793826,0.9639896755907001,raw
fGn_0.5_n256_r22,fGn_0.5_n256,,GPH,1.0,0.5199458087275586,0.0,0.5199458087275586,centered
fGn_0.5_n256_r22,fGn_0.5_n256,,Higuchi,1.0,0.525711465396824,0.0,0.525711465396824,centered
fGn_0.5_n256_r22,fGn_0.5_n256,,GHE,1.0,0.5103006590915231,0.0,0.5103006590915231,centered
fGn_0.5_n256_r23,fGn_0.5_n256,,GPH,1.0,0.36564282409731114,5.551115123125783e-17,0.3656428240973112,raw
fGn_0.5_n256_r23,fGn_0.5_n256,,Higuchi,1.0,0.46228786916787,0.5089049674724953,0.9711928366403653,raw
fGn_0.5_n256_r23,fGn_0.5_n256,,GHE,1.0,0.4897909940053425,0.4717956273615082,0.9615866213668507,raw
fGn_0.5_n256_r23,fGn_0.5_n256,,GPH,1.0,0.36564282409731114,5.551115123125783e-17,0.3656428240973112,centered
fGn_0.5_n256_r23,fGn_0.5_n256,,Higuchi,1.0,0.4556715720025677,0.0,0.4556715720025677,centered
fGn_0.5_n256_r23,fGn_0.5_n256,,GHE,1.0,0.4846997061395621,0.0,0.4846997061395621,centered
fGn_0.5_n256_r24,fGn_0.5_n256,,GPH,1.0,0.6053738959118595,0.0,0.6053738959118595,raw
fGn_0.5_n256_r24,fGn_0.5_n256,,Higuchi,1.0,0.550078604510255,0.4259599039040478,0.9760385084143028,raw
fGn_0.5_n256_r24,fGn_0.5_n256,,GHE,1.0,0.55629938704686,0.4103584251689434,0.9666578122158034,raw
fGn_0.5_n256_r24,fGn_0.5_n256,,GPH,1.0,0.6053738959118594,1.1102230246251565e-16,0.6053738959118595,centered
fGn_0.5_n256_r24,fGn_0.5_n256,,Higuchi,1.0,0.5101596473031642,0.0,0.5101596473031642,centered
fGn_0.5_n256_r24,fGn_0.5_n256,,GHE,1.0,0.5240460247689569,0.0,0.5240460247689569,centered
fGn_0.5_n256_r25,fGn_0.5_n256,,GPH,1.0,0.6073674219060291,0.0,0.6073674219060291,raw
fGn_0.5_n256_r25,fGn_0.5_n256,,Higuchi,1.0,0.63736545167526,0.3541284650919012,0.9914939167671613,raw
fGn_0.5_n256_r25,fGn_0.5_n256,,GHE,1.0,0.6067684665324146,0.3761359549226858,0.9829044214551004,raw
fGn_0.5_n256_r25,fGn_0.5_n256,,GPH,1.0,0.6073674219060292,-1.1102230246251565e-16,0.6073674219060291,centered
fGn_0.5_n256_r25,fGn_0.5_n256,,Higuchi,1.0,0.6026116088620603,0.0,0.6026116088620603,centered
fGn_0.5_n256_r25,fGn_0.5_n256,,GHE,1.0,0.5784191614581812,1.1102230246251565e-16,0.5784191614581813,centered
fGn_0.5_n256_r26,fGn_0.5_n256,,GPH,1.0,0.701186097954452,-1.1102230246251565e-16,0.7011860979544519,raw
fGn_0.5_n256_r26,fGn_0.5_n256,,Higuchi,1.0,0.5998538357761198,0.36495095116527265,0.9648047869413925,raw
fGn_0.5_n256_r26,fGn_0.5_n256,,GHE,1.0,0.5914089239211193,0.3641947611702684,0.9556036850913877,raw
fGn_0.5_n256_r26,fGn_0.5_n256,,GPH,1.0,0.701186097954452,-1.1102230246251565e-16,0.7011860979544519,centered
fGn_0.5_n256_r26,fGn_0.5_n256,,Higuchi,1.0,0.5712802755574773,-4.440892098500626e-16,0.5712802755574768,centered
fGn_0.5_n256_r26,fGn_0.5_n256,,GHE,1.0,0.5682148434183976,0.0,0.5682148434183976,centered
fGn_0.5_n256_r27,fGn_0.5_n256,,GPH,1.0,0.4532977927509895,5.551115123125783e-17,0.4532977927509896,raw
fGn_0.5_n256_r27,fGn_0.5_n256,,Higuchi,1.0,0.4740101625320543,0.5068811378690561,0.9808913004011104,raw
fGn_0.5_n256_r27,fGn_0.5_n256,,GHE,1.0,0.5030805412577847,0.4680987098877707,0.9711792511455554,raw
fGn_0.5_n256_r27,fGn_0.5_n256,,GPH,1.0,0.4532977927509895,5.551115123125783e-17,0.4532977927509896,centered
fGn_0.5_n256_r27,fGn_0.5_n256,,Higuchi,1.0,0.48668964968510187,0.0,0.48668964968510187,centered
fGn_0.5_n256_r27,fGn_0.5_n256,,GHE,1.0,0.5092705077040759,-1.1102230246251565e-16,0.5092705077040758,centered
fGn_0.5_n256_r28,fGn_0.5_n256,,GPH,1.0,0.7122760623899832,2.220446049250313e-16,0.7122760623899834,raw
fGn_0.5_n256_r28,fGn_0.5_n256,,Higuchi,1.0,0.5458279423022354,0.431863988991805,0.9776919312940404,raw
fGn_0.5_n256_r28,fGn_0.5_n256,,GHE,1.0,0.5262434840626403,0.4425213359453699,0.9687648200080102,raw
fGn_0.5_n256_r28,fGn_0.5_n256,,GPH,1.0,0.7122760623899832,2.220446049250313e-16,0.7122760623899834,centered
fGn_0.5_n256_r28,fGn_0.5_n256,,Higuchi,1.0,0.521418610780086,0.0,0.521418610780086,centered
fGn_0.5_n256_r28,fGn_0.5_n256,,GHE,1.0,0.5065373507817525,0.0,0.5065373507817525,centered
fGn_0.5_n256_r29,fGn_0.5_n256,,GPH,1.0,0.4983690517747394,0.0,0.4983690517747394,raw
fGn_0.5_n256_r29,fGn_0.5_n256,,Higuchi,1.0,0.4941582780583642,0.4836021939951356,0.9777604720534998,raw
fGn_0.5_n256_r29,fGn_0.5_n256,,GHE,1.0,0.4919779740084188,0.4811131792753448,0.9730911532837636,raw
fGn_0.5_n256_r29,fGn_0.5_n256,,GPH,1.0,0.4983690517747394,5.551115123125783e-17,0.49836905177473945,centered
fGn_0.5_n256_r29,fGn_0.5_n256,,Higuchi,1.0,0.4542809782539121,2.220446049250313e-16,0.45428097825391234,centered
fGn_0.5_n256_r29,fGn_0.5_n256,,GHE,1.0,0.459282373812901,0.0,0.459282373812901,centered
fGn_0.5_n256_r3,fGn_0.5_n256,,GPH,1.0,0.5928398315000591,0.0,0.5928398315000591,raw
fGn_0.5_n256_r3,fGn_0.5_n256,,Higuchi,1.0,0.4532057154018927,0.517061862398456,0.9702675778003487,raw
fGn_0.5_n256_r3,fGn_0.5_n256,,GHE,1.0,0.4554563982281647,0.5087882399190089,0.9642446381471735,raw
fGn_0.5_n256_r3,fGn_0.5_n256,,GPH,1.0,0.5928398315000591,0.0,0.5928398315000591,centered
fGn_0.5_n256_r3,fGn_0.5_n256,,Higuchi,1.0,0.450763871064926,4.440892098500626e-16,0.45076387106492644,centered
fGn_0.5_n256_r3,fGn_0.5_n256,,GHE,1.0,0.4531719117704262,-5.551115123125783e-17,0.45317191177042615,centered
fGn_0.5_n256_r30,fGn_0.5_n256,,GPH,1.0,0.42202195422600697,0.0,0.42202195422600697,raw
fGn_0.5_n256_r30,fGn_0.5_n256,,Higuchi,1.0,0.4879915468410603,0.4871816398025399,0.9751731866436002,raw
fGn_0.5_n256_r30,fGn_0.5_n256,,GHE,1.0,0.4791336338254265,0.4886338170700596,0.9677674508954861,raw
fGn_0.5_n256_r30,fGn_0.5_n256,,GPH,1.0,0.42202195422600697,0.0,0.42202195422600697,centered
fGn_0.5_n256_r30,fGn_0.5_n256,,Higuchi,1.0,0.4683588965182359,0.0,0.4683588965182359,centered
fGn_0.5_n256_r30,fGn_0.5_n256,,GHE,1.0,0.46203292490625314,5.551115123125783e-17,0.4620329249062532,centered
fGn_0.5_n256_r31,fGn_0.5_n256,,GPH,1.0,0.49470657696591835,5.551115123125783e-17,0.4947065769659184,raw
fGn_0.5_n256_r31,fGn_0.5_n256,,Higuchi,1.0,0.5720429801788351,0.39042319881109866,0.9624661789899338,raw
fGn_0.5_n256_r31,fGn_0.5_n256,,GHE,1.0,0.5554279914012715,0.3924705646730783,0.9478985560743498,raw
fGn_0.5_n256_r31,fGn_0.5_n256,,GPH,1.0,0.49470657696591835,0.0,0.49470657696591835,centered
fGn_0.5_n256_r31,fGn_0.5_n256,,Higuchi,1.0,0.5234363676659493,0.0,0.5234363676659493,centered
fGn_0.5_n256_r31,fGn_0.5_n256,,GHE,1.0,0.5178903379573943,0.0,0.5178903379573943,centered
fGn_0.5_n256_r32,fGn_0.5_n256,,GPH,1.0,0.5362008403103781,1.1102230246251565e-16,0.5362008403103782,raw
fGn_0.5_n256_r32,fGn_0.5_n256,,Higuchi,1.0,0.513439648190533,0.45844445494376407,0.9718841031342971,raw
fGn_0.5_n256_r32,fGn_0.5_n256,,GHE,1.0,0.49820412114584617,0.46500290263100225,0.9632070237768484,raw
fGn_0.5_n256_r32,fGn_0.5_n256,,GPH,1.0,0.5362008403103781,0.0,0.5362008403103781,centered
fGn_0.5_n256_r32,fGn_0.5_n256,,Higuchi,1.0,0.4917871681924215,0.0,0.4917871681924215,centered
fGn_0.5_n256_r32,fGn_0.5_n256,,GHE,1.0,0.48325779191706997,-5.551115123125783e-17,0.4832577919170699,centered
fGn_0.5_n256_r33,fGn_0.5_n256,,GPH,1.0,0.5476332691454766,0.0,0.5476332691454766,raw
fGn_0.5_n256_r33,fGn_0.5_n256,,Higuchi,1.0,0.4642669698319408,0.5066330000322734,0.9708999698642142,raw
fGn_0.5_n256_r33,fGn_0.5_n256,,GHE,1.0,0.46559997077053134,0.4926267661739749,0.9582267369445062,raw
fGn_0.5_n256_r33,fGn_0.5_n256,,GPH,1.0,0.5476332691454766,0.0,0.5476332691454766,centered
fGn_0.5_n256_r33,fGn_0.5_n256,,Higuchi,1.0,0.43960472926283667,0.0,0.43960472926283667,centered
fGn_0.5_n256_r33,fGn_0.5_n256,,GHE,1.0,0.4451004228973503,5.551115123125783e-17,0.44510042289735036,centered
fGn_0.5_n256_r34,fGn_0.5_n256,,GPH,1.0,0.31282124381755405,-1.1102230246251565e-16,0.31282124381755394,raw
fGn_0.5_n256_r34,fGn_0.5_n256,,Higuchi,1.0,0.5513252215019095,0.4094255342162383,0.9607507557181478,raw
fGn_0.5_n256_r34,fGn_0.5_n256,,GHE,1.0,0.5343466627947994,0.41774467619479516,0.9520913389895945,raw
fGn_0.5_n256_r34,fGn_0.5_n256,,GPH,1.0,0.31282124381755405,1.1102230246251565e-16,0.31282124381755416,centered
fGn_0.5_n256_r34,fGn_0.5_n256,,Higuchi,1.0,0.5120540122717223,0.0,0.5120540122717223,centered
fGn_0.5_n256_r34,fGn_0.5_n256,,GHE,1.0,0.5031564951566201,-1.1102230246251565e-16,0.50315649515662,centered
fGn_0.5_n256_r35,fGn_0.5_n256,,GPH,1.0,0.6768573173628458,0.0,0.6768573173628458,raw
fGn_0.5_n256_r35,fGn_0.5_n256,,Higuchi,1.0,0.5675894781709685,0.42462303233460497,0.9922125105055735,raw
fGn_0.5_n256_r35,fGn_0.5_n256,,GHE,1.0,0.5523175448411405,0.43327109183065526,0.9855886366717957,raw
fGn_0.5_n256_r35,fGn_0.5_n256,,GPH,1.0,0.6768573173628458,0.0,0.6768573173628458,centered
fGn_0.5_n256_r35,fGn_0.5_n256,,Higuchi,1.0,0.4906718020185845,0.0,0.4906718020185845,centered
fGn_0.5_n256_r35,fGn_0.5_n256,,GHE,1.0,0.48886492244011753,0.0,0.48886492244011753,centered
fGn_0.5_n256_r36,fGn_0.5_n256,,GPH,1.0,0.3913444999363582,-1.6653345369377348e-16,0.39134449993635806,raw
fGn_0.5_n256_r36,fGn_0.5_n256,,Higuchi,1.0,0.42830866205544704,0.5531514722695647,0.9814601343250118,raw
fGn_0.5_n256_r36,fGn_0.5_n256,,GHE,1.0,0.42302621212087954,0.5527445301348215,0.975770742255701,raw
fGn_0.5_n256_r36,fGn_0.5_n256,,GPH,1.0,0.3913444999363582,-5.551115123125783e-17,0.39134449993635817,centered
fGn_0.5_n256_r36,fGn_0.5_n256,,Higuchi,1.0,0.3462572277752416,0.0,0.3462572277752416,centered
fGn_0.5_n256_r36,fGn_0.5_n256,,GHE,1.0,0.3663357145769025,-5.551115123125783e-17,0.36633571457690245,centered
fGn_0.5_n256_r37,fGn_0.5_n256,,GPH,1.0,0.391597171350293,5.551115123125783e-17,0.39159717135029304,raw
fGn_0.5_n256_r37,fGn_0.5_n256,,Higuchi,1.0,0.5364154349868591,0.4364901990987886,0.9729056340856477,raw
fGn_0.5_n256_r37,fGn_0.5_n256,,GHE,1.0,0.5200399256398248,0.4394009327299975,0.9594408583698223,raw
fGn_0.5_n256_r37,fGn_0.5_n256,,GPH,1.0,0.391597171350293,5.551115123125783e-17,0.39159717135029304,centered
fGn_0.5_n256_r37,fGn_0.5_n256,,Higuchi,1.0,0.483325145738134,2.220446049250313e-16,0.48332514573813423,centered
fGn_0.5_n256_r37,fGn_0.5_n256,,GHE,1.0,0.47603576267515696,5.551115123125783e-17,0.476035762675157,centered
fGn_0.5_n256_r38,fGn_0.5_n256,,GPH,1.0,0.37372095532368443,1.1102230246251565e-16,0.37372095532368454,raw
fGn_0.5_n256_r38,fGn_0.5_n256,,Higuchi,1.0,0.47251720504796957,0.5080700866581391,0.9805872917061087,raw
fGn_0.5_n256_r38,fGn_0.5_n256,,GHE,1.0,0.45860493561959953,0.5133929339507619,0.9719978695703614,raw
fGn_0.5_n256_r38,fGn_0.5_n256,,GPH,1.0,0.37372095532368454,0.0,0.37372095532368454,centered
fGn_0.5_n256_r38,fGn_0.5_n256,,Higuchi,1.0,0.474174729314518,0.0,0.474174729314518,centered
fGn_0.5_n256_r38,fGn_0.5_n256,,GHE,1.0,0.4603110916604389,1.1102230246251565e-16,0.460311091660439,centered
fGn_0.5_n256_r39,fGn_0.5_n256,,GPH,1.0,0.4913454048098818,-5.551115123125783e-17,0.49134540480988176,raw
fGn_0.5_n256_r39,fGn_0.5_n256,,Higuchi,1.0,0.5115856301304893,0.47822742800458595,0.9898130581350753,raw
fGn_0.5_n256_r39,fGn_0.5_n256,,GHE,1.0,0.4970335485012865,0.4830350995715493,0.9800686480728358,raw
fGn_0.5_n256_r39,fGn_0.5_n256,,GPH,1.0,0.49134540480988187,-1.6653345369377348e-16,0.4913454048098817,centered
fGn_0.5_n256_r39,fGn_0.5_n256,,Higuchi,1.0,0.47459887902738096,0.0,0.47459887902738096,centered
fGn_0.5_n256_r39,fGn_0.5_n256,,GHE,1.0,0.46715345838796024,0.0,0.46715345838796024,centered
fGn_0.5_n256_r4,fGn_0.5_n256,,GPH,1.0,0.3526426425578567,1.1102230246251565e-16,0.3526426425578568,raw
fGn_0.5_n256_r4,fGn_0.5_n256,,Higuchi,1.0,0.39289427897616647,0.5804816158417043,0.9733758948178708,raw
fGn_0.5_n256_r4,fGn_0.5_n256,,GHE,1.0,0.40749121920918474,0.5558151443109061,0.9633063635200908,raw
fGn_0.5_n256_r4,fGn_0.5_n256,,GPH,1.0,0.3526426425578567,-5.551115123125783e-17,0.35264264255785666,centered
fGn_0.5_n256_r4,fGn_0.5_n256,,Higuchi,1.0,0.39037599391680966,0.0,0.39037599391680966,centered
fGn_0.5_n256_r4,fGn_0.5_n256,,GHE,1.0,0.4054434616492216,1.1102230246251565e-16,0.40544346164922174,centered
fGn_0.5_n256_r40,fGn_0.5_n256,,GPH,1.0,0.3983713797320708,-5.551115123125783e-17,0.39837137973207076,raw
fGn_0.5_n256_r40,fGn_0.5_n256,,Higuchi,1.0,0.4517476044503024,0.5180001693354999,0.9697477737858022,raw
fGn_0.5_n256_r40,fGn_0.5_n256,,GHE,1.0,0.44923590832058974,0.5110655991279549,0.9603015074485446,raw
fGn_0.5_n256_r40,fGn_0.5_n256,,GPH,1.0,0.3983713797320708,0.0,0.3983713797320708,centered
fGn_0.5_n256_r40,fGn_0.5_n256,,Higuchi,1.0,0.4358040430527994,0.0,0.4358040430527994,centered
fGn_0.5_n256_r40,fGn_0.5_n256,,GHE,1.0,0.4365659565961017,5.551115123125783e-17,0.43656595659610176,centered
fGn_0.5_n256_r41,fGn_0.5_n256,,GPH,1.0,0.738972281958979,0.0,0.738972281958979,raw
fGn_0.5_n256_r41,fGn_0.5_n256,,Higuchi,1.0,0.5627269088387232,0.40896035044159573,0.971687259280319,raw
fGn_0.5_n256_r41,fGn_0.5_n256,,GHE,1.0,0.5667369946976308,0.39460835463622346,0.9613453493338543,raw
fGn_0.5_n256_r41,fGn_0.5_n256,,GPH,1.0,0.738972281958979,0.0,0.738972281958979,centered
fGn_0.5_n256_r41,fGn_0.5_n256,,Higuchi,1.0,0.5630389071897204,0.0,0.5630389071897204,centered
fGn_0.5_n256_r41,fGn_0.5_n256,,GHE,1.0,0.5670578910899465,0.0,0.5670578910899465,centered
fGn_0.5_n256_r42,fGn_0.5_n256,,GPH,1.0,0.49932661006105167,-5.551115123125783e-17,0.4993266100610516,raw
fGn_0.5_n256_r42,fGn_0.5_n256,,Higuchi,1.0,0.5537329811365377,0.4254915982627605,0.9792245793992982,raw
fGn_0.5_n256_r42,fGn_0.5_n256,,GHE,1.0,0.5437598495028807,0.42736631927517577,0.9711261687780565,raw
fGn_0.5_n256_r42,fGn_0.5_n256,,GPH,1.0,0.49932661006105167,-1.1102230246251565e-16,0.49932661006105156,centered
fGn_0.5_n256_r42,fGn_0.5_n256,,Higuchi,1.0,0.5095214424231567,0.0,0.5095214424231567,centered
fGn_0.5_n256_r42,fGn_0.5_n256,,GHE,1.0,0.5104742566223034,0.0,0.5104742566223034,centered
fGn_0.5_n256_r43,fGn_0.5_n256,,GPH,1.0,0.5414515431907613,1.1102230246251565e-16,0.5414515431907614,raw
fGn_0.5_n256_r43,fGn_0.5_n256,,Higuchi,1.0,0.5399832778870848,0.4184595452634725,0.9584428231505573,raw
fGn_0.5_n256_r43,fGn_0.5_n256,,GHE,1.0,0.5310917332565422,0.4220031033886221,0.9530948366451644,raw
fGn_0.5_n256_r43,fGn_0.5_n256,,GPH,1.0,0.5414515431907613,1.1102230246251565e-16,0.5414515431907614,centered
fGn_0.5_n256_r43,fGn_0.5_n256,,Higuchi,1.0,0.5095220703873147,0.0,0.5095220703873147,centered
fGn_0.5_n256_r43,fGn_0.5_n256,,GHE,1.0,0.5118382634509064,0.0,0.5118382634509064,centered
fGn_0.5_n256_r44,fGn_0.5_n256,,GPH,1.0,0.5870259485277687,1.1102230246251565e-16,0.5870259485277688,raw
fGn_0.5_n256_r44,fGn_0.5_n256,,Higuchi,1.0,0.4452502477900342,0.5377902154087697,0.9830404631988039,raw
fGn_0.5_n256_r44,fGn_0.5_n256,,GHE,1.0,0.4422101991513729,0.533093217958555,0.9753034171099279,raw
fGn_0.5_n256_r44,fGn_0.5_n256,,GPH,1.0,0.5870259485277687,1.1102230246251565e-16,0.5870259485277688,centered
fGn_0.5_n256_r44,fGn_0.5_n256,,Higuchi,1.0,0.4461517720387729,-2.220446049250313e-16,0.44615177203877265,centered
fGn_0.5_n256_r44,fGn_0.5_n256,,GHE,1.0,0.44875333419160446,5.551115123125783e-17,0.4487533341916045,centered
fGn_0.5_n256_r45,fGn_0.5_n256,,GPH,1.0,0.4538882414924984,0.0,0.4538882414924984,raw
fGn_0.5_n256_r45,fGn_0.5_n256,,Higuchi,1.0,0.511018741987102,0.4417196973384443,0.9527384393255462,raw
fGn_0.5_n256_r45,fGn_0.5_n256,,GHE,1.0,0.5249979870749274,0.41761419512971765,0.942612182204645,raw
fGn_0.5_n256_r45,fGn_0.5_n256,,GPH,1.0,0.4538882414924984,-5.551115123125783e-17,0.45388824149249835,centered
fGn_0.5_n256_r45,fGn_0.5_n256,,Higuchi,1.0,0.48576163806027606,0.0,0.48576163806027606,centered
fGn_0.5_n256_r45,fGn_0.5_n256,,GHE,1.0,0.5005378045019913,0.0,0.5005378045019913,centered
fGn_0.5_n256_r46,fGn_0.5_n256,,GPH,1.0,0.7741026329606198,0.0,0.7741026329606198,raw
fGn_0.5_n256_r46,fGn_0.5_n256,,Higuchi,1.0,0.5961946995665188,0.38290903081122196,0.9791037303777408,raw
fGn_0.5_n256_r46,fGn_0.5_n256,,GHE,1.0,0.5778170709956905,0.39528855996086465,0.9731056309565551,raw
fGn_0.5_n256_r46,fGn_0.5_n256,,GPH,1.0,0.7741026329606198,2.220446049250313e-16,0.77410263296062,centered
fGn_0.5_n256_r46,fGn_0.5_n256,,Higuchi,1.0,0.5864894930898517,0.0,0.5864894930898517,centered
fGn_0.5_n256_r46,fGn_0.5_n256,,GHE,1.0,0.5682645821228459,1.1102230246251565e-16,0.568264582122846,centered
fGn_0.5_n256_r47,fGn_0.5_n256,,GPH,1.0,-0.002861265170004068,-1.1102230246251565e-16,-0.002861265170004179,raw
fGn_0.5_n256_r47,fGn_0.5_n256,,Higuchi,1.0,0.3642388501290543,0.6023181551576233,0.9665570052866777,raw
fGn_0.5_n256_r47,fGn_0.5_n256,,GHE,1.0,0.38339416533384146,0.5745641703298694,0.9579583356637108,raw
fGn_0.5_n256_r47,fGn_0.5_n256,,GPH,1.0,-0.002861265170003957,-2.220446049250313e-16,-0.002861265170004179,centered
fGn_0.5_n256_r47,fGn_0.5_n256,,Higuchi,1.0,0.32381572734494446,0.0,0.32381572734494446,centered
fGn_0.5_n256_r47,fGn_0.5_n256,,GHE,1.0,0.34766704461187603,0.0,0.34766704461187603,centered
fGn_0.5_n256_r48,fGn_0.5_n256,,GPH,1.0,0.5975765361595317,0.0,0.5975765361595317,raw
fGn_0.5_n256_r48,fGn_0.5_n256,,Higuchi,1.0,0.5028016070153887,0.46820619395050844,0.9710078009658971,raw
fGn_0.5_n256_r48,fGn_0.5_n256,,GHE,1.0,0.5032018968968375,0.4580186635619795,0.961220560458817,raw
fGn_0.5_n256_r48,fGn_0.5_n256,,GPH,1.0,0.5975765361595317,-1.1102230246251565e-16,0.5975765361595315,centered
fGn_0.5_n256_r48,fGn_0.5_n256,,Higuchi,1.0,0.5039591587523189,0.0,0.5039591587523189,centered
fGn_0.5_n256_r48,fGn_0.5_n256,,GHE,1.0,0.5046548504011911,-1.1102230246251565e-16,0.504654850401191,centered
fGn_0.5_n256_r49,fGn_0.5_n256,,GPH,1.0,0.3590592028814025,-1.1102230246251565e-16,0.35905920288140236,raw
fGn_0.5_n256_r49,fGn_0.5_n256,,Higuchi,1.0,0.43821773544323483,0.539118146348688,0.9773358817919229,raw
fGn_0.5_n256_r49,fGn_0.5_n256,,GHE,1.0,0.43839748545817353,0.5261641025433914,0.964561588001565,raw
fGn_0.5_n256_r49,fGn_0.5_n256,,GPH,1.0,0.3590592028814025,-1.1102230246251565e-16,0.35905920288140236,centered
fGn_0.5_n256_r49,fGn_0.5_n256,,Higuchi,1.0,0.43116979543086464,0.0,0.43116979543086464,centered
fGn_0.5_n256_r49,fGn_0.5_n256,,GHE,1.0,0.4278791497442739,-1.1102230246251565e-16,0.42787914974427377,centered
fGn_0.5_n256_r5,fGn_0.5_n256,,GPH,1.0,0.4837107747294389,0.0,0.4837107747294389,raw
fGn_0.5_n256_r5,fGn_0.5_n256,,Higuchi,1.0,0.5292095479724215,0.45607320091255077,0.9852827488849722,raw
fGn_0.5_n256_r5,fGn_0.5_n256,,GHE,1.0,0.5300727222986424,0.4480286813435409,0.9781014036421833,raw
fGn_0.5_n256_r5,fGn_0.5_n256,,GPH,1.0,0.4837107747294389,0.0,0.4837107747294389,centered
fGn_0.5_n256_r5,fGn_0.5_n256,,Higuchi,1.0,0.5085222387160584,0.0,0.5085222387160584,centered
fGn_0.5_n256_r5,fGn_0.5_n256,,GHE,1.0,0.5160229897543351,-1.1102230246251565e-16,0.516022989754335,centered
fGn_0.5_n256_r50,fGn_0.5_n256,,GPH,1.0,0.7894002208363622,2.220446049250313e-16,0.7894002208363624,raw
fGn_0.5_n256_r50,fGn_0.5_n256,,Higuchi,1.0,0.511486410995293,0.4571403945501429,0.9686268055454359,raw
fGn_0.5_n256_r50,fGn_0.5_n256,,GHE,1.0,0.5173183322696445,0.44593614319780606,0.9632544754674506,raw
fGn_0.5_n256_r50,fGn_0.5_n256,,GPH,1.0,0.7894002208363622,2.220446049250313e-16,0.7894002208363624,centered
fGn_0.5_n256_r50,fGn_0.5_n256,,Higuchi,1.0,0.5093992718465374,2.220446049250313e-16,0.5093992718465377,centered
fGn_0.5_n256_r50,fGn_0.5_n256,,GHE,1.0,0.5131338889744476,1.1102230246251565e-16,0.5131338889744477,centered
fGn_0.5_n256_r51,fGn_0.5_n256,,GPH,1.0,0.3469379925745064,0.0,0.3469379925745064,raw
fGn_0.5_n256_r51,fGn_0.5_n256,,Higuchi,1.0,0.4503573695638525,0.5174023382218689,0.9677597077857214,raw
fGn_0.5_n256_r51,fGn_0.5_n256,,GHE,1.0,0.4511697316582682,0.5076948199943765,0.9588645516526446,raw
fGn_0.5_n256_r51,fGn_0.5_n256,,GPH,1.0,0.3469379925745064,0.0,0.3469379925745064,centered
fGn_0.5_n256_r51,fGn_0.5_n256,,Higuchi,1.0,0.3933657971333864,0.0,0.3933657971333864,centered
fGn_0.5_n256_r51,fGn_0.5_n256,,GHE,1.0,0.40644022222188053,1.1102230246251565e-16,0.40644022222188064,centered
fGn_0.5_n256_r52,fGn_0.5_n256,,GPH,1.0,0.6508941907437973,-1.1102230246251565e-16,0.6508941907437972,raw
fGn_0.5_n256_r52,fGn_0.5_n256,,Higuchi,1.0,0.4485771664891278,0.5286004756740437,0.9771776421631715,raw
fGn_0.5_n256_r52,fGn_0.5_n256,,GHE,1.0,0.4577712829845704,0.5111859237855838,0.9689572067701543,raw
fGn_0.5_n256_r52,fGn_0.5_n256,,GPH,1.0,0.6508941907437971,2.220446049250313e-16,0.6508941907437973,centered
fGn_0.5_n256_r52,fGn_0.5_n256,,Higuchi,1.0,0.4477807891394354,0.0,0.4477807891394354,centered
fGn_0.5_n256_r52,fGn_0.5_n256,,GHE,1.0,0.4571462995871133,1.1102230246251565e-16,0.4571462995871134,centered
fGn_0.5_n256_r53,fGn_0.5_n256,,GPH,1.0,0.5325451104435178,0.0,0.5325451104435178,raw
fGn_0.5_n256_r53,fGn_0.5_n256,,Higuchi,1.0,0.5057519583360621,0.47541824803676724,0.9811702063728294,raw
fGn_0.5_n256_r53,fGn_0.5_n256,,GHE,1.0,0.48854534770891195,0.48104830822143013,0.9695936559303421,raw
fGn_0.5_n256_r53,fGn_0.5_n256,,GPH,1.0,0.5325451104435178,-1.1102230246251565e-16,0.5325451104435177,centered
fGn_0.5_n256_r53,fGn_0.5_n256,,Higuchi,1.0,0.4714068957246855,0.0,0.4714068957246855,centered
fGn_0.5_n256_r53,fGn_0.5_n256,,GHE,1.0,0.4618903531652862,0.0,0.4618903531652862,centered
fGn_0.5_n256_r54,fGn_0.5_n256,,GPH,1.0,0.5803747007708001,1.1102230246251565e-16,0.5803747007708002,raw
fGn_0.5_n256_r54,fGn_0.5_n256,,Higuchi,1.0,0.6487079573276744,0.3417353215807024,0.9904432789083768,raw
fGn_0.5_n256_r54,fGn_0.5_n256,,GHE,1.0,0.6136490289039287,0.367899452293144,0.9815484811970727,raw
fGn_0.5_n256_r54,fGn_0.5_n256,,GPH,1.0,0.5803747007708001,0.0,0.5803747007708001,centered
fGn_0.5_n256_r54,fGn_0.5_n256,,Higuchi,1.0,0.5864017771130661,4.440892098500626e-16,0.5864017771130665,centered
fGn_0.5_n256_r54,fGn_0.5_n256,,GHE,1.0,0.5639226710766525,0.0,0.5639226710766525,centered
fGn_0.5_n256_r55,fGn_0.5_n256,,GPH,1.0,0.5948180631631461,1.1102230246251565e-16,0.5948180631631462,raw
fGn_0.5_n256_r55,fGn_0.5_n256,,Higuchi,1.0,0.5428015857697044,0.4347492835687423,0.9775508693384467,raw
fGn_0.5_n256_r55,fGn_0.5_n256,,GHE,1.0,0.5373961464590504,0.43367410747078383,0.9710702539298343,raw
fGn_0.5_n256_r55,fGn_0.5_n256,,GPH,1.0,0.5948180631631461,1.1102230246251565e-16,0.5948180631631462,centered
fGn_0.5_n256_r55,fGn_0.5_n256,,Higuchi,1.0,0.484821151280993,0.0,0.484821151280993,centered
fGn_0.5_n256_r55,fGn_0.5_n256,,GHE,1.0,0.4948650833966077,1.1102230246251565e-16,0.4948650833966078,centered
fGn_0.5_n256_r56,fGn_0.5_n256,,GPH,1.0,0.5280349000889245,1.1102230246251565e-16,0.5280349000889246,raw
fGn_0.5_n256_r56,fGn_0.5_n256,,Higuchi,1.0,0.5034385005779518,0.47547826038121777,0.9789167609591696,raw
fGn_0.5_n256_r56,fGn_0.5_n256,,GHE,1.0,0.510013501153398,0.4607818008833676,0.9707953020367657,raw
fGn_0.5_n256_r56,fGn_0.5_n256,,GPH,1.0,0.5280349000889245,1.1102230246251565e-16,0.5280349000889246,centered
fGn_0.5_n256_r56,fGn_0.5_n256,,Higuchi,1.0,0.4880273896812781,0.0,0.4880273896812781,centered
fGn_0.5_n256_r56,fGn_0.5_n256,,GHE,1.0,0.4973412484253794,0.0,0.4973412484253794,centered
fGn_0.5_n256_r57,fGn_0.5_n256,,GPH,1.0,0.4912830356899008,5.551115123125783e-17,0.49128303568990084,raw
fGn_0.5_n256_r57,fGn_0.5_n256,,Higuchi,1.0,0.47252765334839153,0.48467179524872006,0.9571994485971116,raw
fGn_0.5_n256_r57,fGn_0.5_n256,,GHE,1.0,0.4848726764310192,0.46488261987343443,0.9497552963044537,raw
fGn_0.5_n256_r57,fGn_0.5_n256,,GPH,1.0,0.49128303568990084,-5.551115123125783e-17,0.4912830356899008,centered
fGn_0.5_n256_r57,fGn_0.5_n256,,Higuchi,1.0,0.4387341314022508,0.0,0.4387341314022508,centered
fGn_0.5_n256_r57,fGn_0.5_n256,,GHE,1.0,0.45643145377931343,-1.1102230246251565e-16,0.4564314537793133,centered
fGn_0.5_n256_r58,fGn_0.5_n256,,GPH,1.0,0.48408876210086405,0.0,0.48408876210086405,raw
fGn_0.5_n256_r58,fGn_0.5_n256,,Higuchi,1.0,0.4776139266901134,0.49819276764283593,0.9758066943329493,raw
fGn_0.5_n256_r58,fGn_0.5_n256,,GHE,1.0,0.48037514279962984,0.4890863051639603,0.9694614479635901,raw
fGn_0.5_n256_r58,fGn_0.5_n256,,GPH,1.0,0.4840887621008641,-5.551115123125783e-17,0.48408876210086405,centered
fGn_0.5_n256_r58,fGn_0.5_n256,,Higuchi,1.0,0.46885670330340523,0.0,0.46885670330340523,centered
fGn_0.5_n256_r58,fGn_0.5_n256,,GHE,1.0,0.47011455103174526,5.551115123125783e-17,0.4701145510317453,centered
fGn_0.5_n256_r59,fGn_0.5_n256,,GPH,1.0,0.27192094101827735,-1.1102230246251565e-16,0.27192094101827724,raw
fGn_0.5_n256_r59,fGn_0.5_n256,,Higuchi,1.0,0.31726294080035244,0.6554487226638424,0.9727116634641948,raw
fGn_0.5_n256_r59,fGn_0.5_n256,,GHE,1.0,0.3576408079836556,0.6051458279251927,0.9627866359088483,raw
fGn_0.5_n256_r59,fGn_0.5_n256,,GPH,1.0,0.27192094101827735,-5.551115123125783e-17,0.2719209410182773,centered
fGn_0.5_n256_r59,fGn_0.5_n256,,Higuchi,1.0,0.3169631552176442,0.0,0.3169631552176442,centered
fGn_0.5_n256_r59,fGn_0.5_n256,,GHE,1.0,0.3574837643226796,0.0,0.3574837643226796,centered
fGn_0.5_n256_r6,fGn_0.5_n256,,GPH,1.0,0.3414118936083067,-1.1102230246251565e-16,0.3414118936083066,raw
fGn_0.5_n256_r6,fGn_0.5_n256,,Higuchi,1.0,0.392547070732828,0.5830494647435778,0.9755965354764058,raw
fGn_0.5_n256_r6,fGn_0.5_n256,,GHE,1.0,0.40645568507528834,0.5606737732123634,0.9671294582876518,raw
fGn_0.5_n256_r6,fGn_0.5_n256,,GPH,1.0,0.3414118936083067,-1.1102230246251565e-16,0.3414118936083066,centered
fGn_0.5_n256_r6,fGn_0.5_n256,,Higuchi,1.0,0.39272769663101803,-2.220446049250313e-16,0.3927276966310178,centered
fGn_0.5_n256_r6,fGn_0.5_n256,,GHE,1.0,0.40571554636216967,-1.1102230246251565e-16,0.40571554636216955,centered
fGn_0.5_n256_r60,fGn_0.5_n256,,GPH,1.0,0.4202947143500301,0.0,0.4202947143500301,raw
fGn_0.5_n256_r60,fGn_0.5_n256,,Higuchi,1.0,0.38880125228932827,0.5907405426737438,0.979541794963072,raw
fGn_0.5_n256_r60,fGn_0.5_n256,,GHE,1.0,0.40673260113296567,0.5602062290327849,0.9669388301657506,raw
fGn_0.5_n256_r60,fGn_0.5_n256,,GPH,1.0,0.4202947143500301,5.551115123125783e-17,0.42029471435003013,centered
fGn_0.5_n256_r60,fGn_0.5_n256,,Higuchi,1.0,0.3910809512708895,0.0,0.3910809512708895,centered
fGn_0.5_n256_r60,fGn_0.5_n256,,GHE,1.0,0.40870850446606277,0.0,0.40870850446606277,centered
fGn_0.5_n256_r61,fGn_0.5_n256,,GPH,1.0,0.4755828249902457,5.551115123125783e-17,0.47558282499024573,raw
fGn_0.5_n256_r61,fGn_0.5_n256,,Higuchi,1.0,0.5316775858237328,0.44230318121487455,0.9739807670386074,raw
fGn_0.5_n256_r61,fGn_0.5_n256,,GHE,1.0,0.5335045238123083,0.4321596564032252,0.9656641802155335,raw
fGn_0.5_n256_r61,fGn_0.5_n256,,GPH,1.0,0.47558282499024573,5.551115123125783e-17,0.4755828249902458,centered
fGn_0.5_n256_r61,fGn_0.5_n256,,Higuchi,1.0,0.5228827458151366,0.0,0.5228827458151366,centered
fGn_0.5_n256_r61,fGn_0.5_n256,,GHE,1.0,0.526463306162236,0.0,0.526463306162236,centered
fGn_0.5_n256_r62,fGn_0.5_n256,,GPH,1.0,0.6097947212495132,-1.1102230246251565e-16,0.6097947212495131,raw
fGn_0.5_n256_r62,fGn_0.5_n256,,Higuchi,1.0,0.47473536494845026,0.5147441695478565,0.9894795344963068,raw
fGn_0.5_n256_r62,fGn_0.5_n256,,GHE,1.0,0.49236103801636616,0.48937255736448654,0.9817335953808527,raw
fGn_0.5_n256_r62,fGn_0.5_n256,,GPH,1.0,0.6097947212495132,-1.1102230246251565e-16,0.6097947212495131,centered
fGn_0.5_n256_r62,fGn_0.5_n256,,Higuchi,1.0,0.47611636355080655,0.0,0.47611636355080655,centered
fGn_0.5_n256_r62,fGn_0.5_n256,,GHE,1.0,0.49354023721343726,2.220446049250313e-16,0.4935402372134375,centered
fGn_0.5_n256_r63,fGn_0.5_n256,,GPH,1.0,0.5430180618582304,0.0,0.5430180618582304,raw
fGn_0.5_n256_r63,fGn_0.5_n256,,Higuchi,1.0,0.5101107965917275,0.4685716443530865,0.978682440944814,raw
fGn_0.5_n256_r63,fGn_0.5_n256,,GHE,1.0,0.5170652792200142,0.4517513341265641,0.9688166133465783,raw
fGn_0.5_n256_r63,fGn_0.5_n256,,GPH,1.0,0.5430180618582304,0.0,0.5430180618582304,centered
fGn_0.5_n256_r63,fGn_0.5_n256,,Higuchi,1.0,0.5086208536287373,0.0,0.5086208536287373,centered
fGn_0.5_n256_r63,fGn_0.5_n256,,GHE,1.0,0.5160286696376628,0.0,0.5160286696376628,centered
fGn_0.5_n256_r7,fGn_0.5_n256,,GPH,1.0,0.5324017798625507,0.0,0.5324017798625507,raw
fGn_0.5_n256_r7,fGn_0.5_n256,,Higuchi,1.0,0.5172788876358831,0.4599713204506346,0.9772502080865177,raw
fGn_0.5_n256_r7,fGn_0.5_n256,,GHE,1.0,0.508430158774714,0.45930175833615516,0.9677319171108691,raw
fGn_0.5_n256_r7,fGn_0.5_n256,,GPH,1.0,0.5324017798625507,0.0,0.5324017798625507,centered
fGn_0.5_n256_r7,fGn_0.5_n256,,Higuchi,1.0,0.45412591698440474,0.0,0.45412591698440474,centered
fGn_0.5_n256_r7,fGn_0.5_n256,,GHE,1.0,0.45775794142765114,0.0,0.45775794142765114,centered
fGn_0.5_n256_r8,fGn_0.5_n256,,GPH,1.0,0.39926161008686206,0.0,0.39926161008686206,raw
fGn_0.5_n256_r8,fGn_0.5_n256,,Higuchi,1.0,0.3828830561389458,0.5905039323426005,0.9733869884815463,raw
fGn_0.5_n256_r8,fGn_0.5_n256,,GHE,1.0,0.37549202611832905,0.5900957550558339,0.965587781174163,raw
fGn_0.5_n256_r8,fGn_0.5_n256,,GPH,1.0,0.399261610086862,0.0,0.399261610086862,centered
fGn_0.5_n256_r8,fGn_0.5_n256,,Higuchi,1.0,0.3037236084876742,0.0,0.3037236084876742,centered
fGn_0.5_n256_r8,fGn_0.5_n256,,GHE,1.0,0.3150619919164982,0.0,0.3150619919164982,centered
fGn_0.5_n256_r9,fGn_0.5_n256,,GPH,1.0,0.5700253058771536,-1.1102230246251565e-16,0.5700253058771535,raw
fGn_0.5_n256_r9,fGn_0.5_n256,,Higuchi,1.0,0.48496112874807684,0.504852886578729,0.9898140153268058,raw
fGn_0.5_n256_r9,fGn_0.5_n256,,GHE,1.0,0.4900690404100488,0.4920880339029144,0.9821570743129632,raw
fGn_0.5_n256_r9,fGn_0.5_n256,,GPH,1.0,0.5700253058771536,0.0,0.5700253058771536,centered
fGn_0.5_n256_r9,fGn_0.5_n256,,Higuchi,1.0,0.44077323268161406,0.0,0.44077323268161406,centered
fGn_0.5_n256_r9,fGn_0.5_n256,,GHE,1.0,0.4570453470244004,0.0,0.4570453470244004,centered
fGn_0.5_n512_r0,fGn_0.5_n512,,GPH,1.0,0.7208578896262277,0.0,0.7208578896262277,raw
fGn_0.5_n512_r0,fGn_0.5_n512,,Higuchi,1.0,0.6321842088487926,0.3270970176029169,0.9592812264517094,raw
fGn_0.5_n512_r0,fGn_0.5_n512,,GHE,1.0,0.6106095957755023,0.33660387166258565,0.947213467438088,raw
fGn_0.5_n512_r0,fGn_0.5_n512,,GPH,1.0,0.7208578896262275,1.1102230246251565e-16,0.7208578896262277,centered
fGn_0.5_n512_r0,fGn_0.5_n512,,Higuchi,1.0,0.5628232338180092,0.0,0.5628232338180092,centered
fGn_0.5_n512_r0,fGn_0.5_n512,,GHE,1.0,0.5545942830308823,0.0,0.5545942830308823,centered
fGn_0.5_n512_r1,fGn_0.5_n512,,GPH,1.0,0.6813103992862491,-1.1102230246251565e-16,0.681310399286249,raw
fGn_0.5_n512_r1,fGn_0.5_n512,,Higuchi,1.0,0.4774900662236572,0.5106218044092945,0.9881118706329517,raw
fGn_0.5_n512_r1,fGn_0.5_n512,,GHE,1.0,0.4752763515119931,0.5051587299157525,0.9804350814277456,raw
fGn_0.5_n512_r1,fGn_0.5_n512,,GPH,1.0,0.6813103992862491,-1.1102230246251565e-16,0.681310399286249,centered
fGn_0.5_n512_r1,fGn_0.5_n512,,Higuchi,1.0,0.4641339377619387,0.0,0.4641339377619387,centered
fGn_0.5_n512_r1,fGn_0.5_n512,,GHE,1.0,0.4637852705228201,-1.1102230246251565e-16,0.46378527052282,centered
fGn_0.5_n512_r10,fGn_0.5_n512,,GPH,1.0,0.4599472706216836,-2.220446049250313e-16,0.4599472706216834,raw
fGn_0.5_n512_r10,fGn_0.5_n512,,Higuchi,1.0,0.6127216223642242,0.37015480469340734,0.9828764270576316,raw
fGn_0.5_n512_r10,fGn_0.5_n512,,GHE,1.0,0.6056365294483638,0.3715844541556713,0.9772209836040351,raw
fGn_0.5_n512_r10,fGn_0.5_n512,,GPH,1.0,0.45994727062168356,-1.6653345369377348e-16,0.4599472706216834,centered
fGn_0.5_n512_r10,fGn_0.5_n512,,Higuchi,1.0,0.5873979273983081,0.0,0.5873979273983081,centered
fGn_0.5_n512_r10,fGn_0.5_n512,,GHE,1.0,0.5815849305844447,0.0,0.5815849305844447,centered
fGn_0.5_n512_r11,fGn_0.5_n512,,GPH,1.0,0.622433125067926,0.0,0.622433125067926,raw
fGn_0.5_n512_r11,fGn_0.5_n512,,Higuchi,1.0,0.5343663899450963,0.45126005992317975,0.9856264498682761,raw
fGn_0.5_n512_r11,fGn_0.5_n512,,GHE,1.0,0.5268639609120812,0.4519293521803499,0.9787933130924311,raw
fGn_0.5_n512_r11,fGn_0.5_n512,,GPH,1.0,0.6224331250679261,-1.1102230246251565e-16,0.622433125067926,centered
fGn_0.5_n512_r11,fGn_0.5_n512,,Higuchi,1.0,0.5202521635735657,0.0,0.5202521635735657,centered
fGn_0.5_n512_r11,fGn_0.5_n512,,GHE,1.0,0.5170140195712388,-1.1102230246251565e-16,0.5170140195712387,centered
fGn_0.5_n512_r12,fGn_0.5_n512,,GPH,1.0,0.5088464940017557,0.0,0.5088464940017557,raw
fGn_0.5_n512_r12,fGn_0.5_n512,,Higuchi,1.0,0.47876273518002166,0.49338761275082144,0.9721503479308431,raw
fGn_0.5_n512_r12,fGn_0.5_n512,,GHE,1.0,0.4714477307784105,0.490243430254905,0.9616911610333155,raw
fGn_0.5_n512_r12,fGn_0.5_n512,,GPH,1.0,0.5088464940017557,0.0,0.5088464940017557,centered
fGn_0.5_n512_r12,fGn_0.5_n512,,Higuchi,1.0,0.47711084460869824,-2.220446049250313e-16,0.477110844608698,centered
fGn_0.5_n512_r12,fGn_0.5_n512,,GHE,1.0,0.4703394940416017,-2.220446049250313e-16,0.47033949404160147,centered
fGn_0.5_n512_r13,fGn_0.5_n512,,GPH,1.0,0.7682184164095955,1.1102230246251565e-16,0.7682184164095957,raw
fGn_0.5_n512_r13,fGn_0.5_n512,,Higuchi,1.0,0.6059366012905523,0.35118457418052285,0.9571211754710751,raw
fGn_0.5_n512_r13,fGn_0.5_n512,,GHE,1.0,0.6048780912409294,0.34256753370726756,0.947445624948197,raw
fGn_0.5_n512_r13,fGn_0.5_n512,,GPH,1.0,0.7682184164095955,0.0,0.7682184164095955,centered
fGn_0.5_n512_r13,fGn_0.5_n512,,Higuchi,1.0,0.566703271639365,0.0,0.566703271639365,centered
fGn_0.5_n512_r13,fGn_0.5_n512,,GHE,1.0,0.5710837055931003,0.0,0.5710837055931003,centered
fGn_0.5_n512_r14,fGn_0.5_n512,,GPH,1.0,0.8866990741804919,0.0,0.8866990741804919,raw
fGn_0.5_n512_r14,fGn_0.5_n512,,Higuchi,1.0,0.5442905872208772,0.43486042978709705,0.9791510170079742,raw
fGn_0.5_n512_r14,fGn_0.5_n512,,GHE,1.0,0.5339972166073815,0.43683857016919314,0.9708357867765747,raw
fGn_0.5_n512_r14,fGn_0.5_n512,,GPH,1.0,0.8866990741804919,-1.1102230246251565e-16,0.8866990741804918,centered
fGn_0.5_n512_r14,fGn_0.5_n512,,Higuchi,1.0,0.5323464482008438,0.0,0.5323464482008438,centered
fGn_0.5_n512_r14,fGn_0.5_n512,,GHE,1.0,0.5234148248142568,0.0,0.5234148248142568,centered
fGn_0.5_n512_r15,fGn_0.5_n512,,GPH,1.0,0.4297677066578872,0.0,0.4297677066578872,raw
fGn_0.5_n512_r15,fGn_0.5_n512,,Higuchi,1.0,0.42203622355826087,0.545526611987309,0.9675628355455699,raw
fGn_0.5_n512_r15,fGn_0.5_n512,,GHE,1.0,0.42886927880046916,0.5296245561313027,0.9584938349317718,raw
fGn_0.5_n512_r15,fGn_0.5_n512,,GPH,1.0,0.4297677066578872,0.0,0.4297677066578872,centered
fGn_0.5_n512_r15,fGn_0.5_n512,,Higuchi,1.0,0.4209098829882232,0.0,0.4209098829882232,centered
fGn_0.5_n512_r15,fGn_0.5_n512,,GHE,1.0,0.4285260416346915,-5.551115123125783e-17,0.42852604163469143,centered
fGn_0.5_n512_r16,fGn_0.5_n512,,GPH,1.0,0.60708003623724,-1.1102230246251565e-16,0.6070800362372399,raw
fGn_0.5_n512_r16,fGn_0.5_n512,,Higuchi,1.0,0.5041178770368877,0.4779310498038065,0.9820489268406942,raw
fGn_0.5_n512_r16,fGn_0.5_n512,,GHE,1.0,0.5066699846622105,0.46974458039509137,0.9764145650573018,raw
fGn_0.5_n512_r16,fGn_0.5_n512,,GPH,1.0,0.60708003623724,-1.1102230246251565e-16,0.6070800362372399,centered
fGn_0.5_n512_r16,fGn_0.5_n512,,Higuchi,1.0,0.49651140177431263,0.0,0.49651140177431263,centered
fGn_0.5_n512_r16,fGn_0.5_n512,,GHE,1.0,0.49995674136816437,-5.551115123125783e-17,0.4999567413681643,centered
fGn_0.5_n512_r17,fGn_0.5_n512,,GPH,1.0,0.3388703071231661,-1.1102230246251565e-16,0.338870307123166,raw
fGn_0.5_n512_r17,fGn_0.5_n512,,Higuchi,1.0,0.486452375251178,0.4855595755189481,0.9720119507701261,raw
fGn_0.5_n512_r17,fGn_0.5_n512,,GHE,1.0,0.49709757804097954,0.4684800360361443,0.9655776140771238,raw
fGn_0.5_n512_r17,fGn_0.5_n512,,GPH,1.0,0.3388703071231661,-1.1102230246251565e-16,0.338870307123166,centered
fGn_0.5_n512_r17,fGn_0.5_n512,,Higuchi,1.0,0.48823128677728267,0.0,0.48823128677728267,centered
fGn_0.5_n512_r17,fGn_0.5_n512,,GHE,1.0,0.49848410366394624,0.0,0.49848410366394624,centered
fGn_0.5_n512_r18,fGn_0.5_n512,,GPH,1.0,0.5672397836271852,-1.1102230246251565e-16,0.5672397836271851,raw
fGn_0.5_n512_r18,fGn_0.5_n512,,Higuchi,1.0,0.4430867276125603,0.5273948221070996,0.9704815497196599,raw
fGn_0.5_n512_r18,fGn_0.5_n512,,GHE,1.0,0.4468221426218487,0.5153892761511019,0.9622114187729506,raw
fGn_0.5_n512_r18,fGn_0.5_n512,,GPH,1.0,0.5672397836271852,0.0,0.5672397836271852,centered
fGn_0.5_n512_r18,fGn_0.5_n512,,Higuchi,1.0,0.4406501072187614,0.0,0.4406501072187614,centered
fGn_0.5_n512_r18,fGn_0.5_n512,,GHE,1.0,0.44495251271884884,0.0,0.44495251271884884,centered
fGn_0.5_n512_r19,fGn_0.5_n512,,GPH,1.0,0.45438950163068415,5.551115123125783e-17,0.4543895016306842,raw
fGn_0.5_n512_r19,fGn_0.5_n512,,Higuchi,1.0,0.44047499942592205,0.5426145343668103,0.9830895337927323,raw
fGn_0.5_n512_r19,fGn_0.5_n512,,GHE,1.0,0.4554717211898665,0.5191399662895355,0.9746116874794021,raw
fGn_0.5_n512_r19,fGn_0.5_n512,,GPH,1.0,0.4543895016306841,1.1102230246251565e-16,0.4543895016306842,centered
fGn_0.5_n512_r19,fGn_0.5_n512,,Higuchi,1.0,0.4402543535327963,0.0,0.4402543535327963,centered
fGn_0.5_n512_r19,fGn_0.5_n512,,GHE,1.0,0.45525283693793434,-1.6653345369377348e-16,0.45525283693793417,centered
fGn_0.5_n512_r2,fGn_0.5_n512,,GPH,1.0,0.5511944672393934,0.0,0.5511944672393934,raw
fGn_0.5_n512_r2,fGn_0.5_n512,,Higuchi,1.0,0.4710136469122841,0.503252262151606,0.9742659090638901,raw
fGn_0.5_n512_r2,fGn_0.5_n512,,GHE,1.0,0.47796841232831155,0.48567195289988485,0.9636403652281964,raw
fGn_0.5_n512_r2,fGn_0.5_n512,,GPH,1.0,0.5511944672393934,0.0,0.5511944672393934,centered
fGn_0.5_n512_r2,fGn_0.5_n512,,Higuchi,1.0,0.4681947830824096,0.0,0.4681947830824096,centered
fGn_0.5_n512_r2,fGn_0.5_n512,,GHE,1.0,0.4750877318612758,0.0,0.4750877318612758,centered
fGn_0.5_n512_r20,fGn_0.5_n512,,GPH,1.0,0.6618952273520334,1.1102230246251565e-16,0.6618952273520335,raw
fGn_0.5_n512_r20,fGn_0.5_n512,,Higuchi,1.0,0.49722949904338454,0.4844164458558038,0.9816459448991883,raw
fGn_0.5_n512_r20,fGn_0.5_n512,,GHE,1.0,0.4937514134125283,0.4806555545986509,0.9744069680111792,raw
fGn_0.5_n512_r20,fGn_0.5_n512,,GPH,1.0,0.6618952273520334,1.1102230246251565e-16,0.6618952273520335,centered
fGn_0.5_n512_r20,fGn_0.5_n512,,Higuchi,1.0,0.4974003851611508,0.0,0.4974003851611508,centered
fGn_0.5_n512_r20,fGn_0.5_n512,,GHE,1.0,0.49367885319993926,0.0,0.49367885319993926,centered
fGn_0.5_n512_r21,fGn_0.5_n512,,GPH,1.0,0.6706275733491618,0.0,0.6706275733491618,raw
fGn_0.5_n512_r21,fGn_0.5_n512,,Higuchi,1.0,0.5690054829627877,0.4037088295297442,0.9727143124925319,raw
fGn_0.5_n512_r21,fGn_0.5_n512,,GHE,1.0,0.5577226279092897,0.40911075377091266,0.9668333816802024,raw
fGn_0.5_n512_r21,fGn_0.5_n512,,GPH,1.0,0.6706275733491617,1.1102230246251565e-16,0.6706275733491618,centered
fGn_0.5_n512_r21,fGn_0.5_n512,,Higuchi,1.0,0.5681644074788512,0.0,0.5681644074788512,centered
fGn_0.5_n512_r21,fGn_0.5_n512,,GHE,1.0,0.5574095353266515,0.0,0.5574095353266515,centered
fGn_0.5_n512_r22,fGn_0.5_n512,,GPH,1.0,0.6063214669858592,-1.1102230246251565e-16,0.6063214669858591,raw
fGn_0.5_n512_r22,fGn_0.5_n512,,Higuchi,1.0,0.6009489888454009,0.3730997565832108,0.9740487454286118,raw
fGn_0.5_n512_r22,fGn_0.5_n512,,GHE,1.0,0.5913316067158122,0.3763285399695586,0.9676601466853708,raw
fGn_0.5_n512_r22,fGn_0.5_n512,,GPH,1.0,0.6063214669858591,0.0,0.6063214669858591,centered
fGn_0.5_n512_r22,fGn_0.5_n512,,Higuchi,1.0,0.6007130742478575,0.0,0.6007130742478575,centered
fGn_0.5_n512_r22,fGn_0.5_n512,,GHE,1.0,0.5881958724715769,0.0,0.5881958724715769,centered
fGn_0.5_n512_r23,fGn_0.5_n512,,GPH,1.0,0.5154375589397848,-1.1102230246251565e-16,0.5154375589397847,raw
fGn_0.5_n512_r23,fGn_0.5_n512,,Higuchi,1.0,0.45073667113071925,0.521129295153258,0.9718659662839773,raw
fGn_0.5_n512_r23,fGn_0.5_n512,,GHE,1.0,0.4541083978129412,0.5075528735704085,0.9616612713833497,raw
fGn_0.5_n512_r23,fGn_0.5_n512,,GPH,1.0,0.5154375589397848,0.0,0.5154375589397848,centered
fGn_0.5_n512_r23,fGn_0.5_n512,,Higuchi,1.0,0.41787694622189453,0.0,0.41787694622189453,centered
fGn_0.5_n512_r23,fGn_0.5_n512,,GHE,1.0,0.4267216768437852,-5.551115123125783e-17,0.42672167684378515,centered
fGn_0.5_n512_r24,fGn_0.5_n512,,GPH,1.0,0.6955783847078878,0.0,0.6955783847078878,raw
fGn_0.5_n512_r24,fGn_0.5_n512,,Higuchi,1.0,0.6411944489361241,0.32061646196479976,0.9618109109009239,raw
fGn_0.5_n512_r24,fGn_0.5_n512,,GHE,1.0,0.6253009196304928,0.32617014444672054,0.9514710640772134,raw
fGn_0.5_n512_r24,fGn_0.5_n512,,GPH,1.0,0.6955783847078878,0.0,0.6955783847078878,centered
fGn_0.5_n512_r24,fGn_0.5_n512,,Higuchi,1.0,0.5530968616817118,2.220446049250313e-16,0.553096861681712,centered
fGn_0.5_n512_r24,fGn_0.5_n512,,GHE,1.0,0.5540204353573486,-1.1102230246251565e-16,0.5540204353573485,centered
fGn_0.5_n512_r25,fGn_0.5_n512,,GPH,1.0,0.5882649880299474,0.0,0.5882649880299474,raw
fGn_0.5_n512_r25,fGn_0.5_n512,,Higuchi,1.0,0.5978490234415832,0.3615160072384096,0.9593650306799928,raw
fGn_0.5_n512_r25,fGn_0.5_n512,,GHE,1.0,0.5959043352142804,0.35609651965418565,0.9520008548684661,raw
fGn_0.5_n512_r25,fGn_0.5_n512,,GPH,1.0,0.5882649880299474,0.0,0.5882649880299474,centered
fGn_0.5_n512_r25,fGn_0.5_n512,,Higuchi,1.0,0.5825135112022959,-4.440892098500626e-16,0.5825135112022954,centered
fGn_0.5_n512_r25,fGn_0.5_n512,,GHE,1.0,0.5840479116291452,0.0,0.5840479116291452,centered
fGn_0.5_n512_r26,fGn_0.5_n512,,GPH,1.0,0.38323576103622253,2.7755575615628914e-16,0.3832357610362228,raw
fGn_0.5_n512_r26,fGn_0.5_n512,,Higuchi,1.0,0.4951168096383791,0.4911890750657857,0.9863058847041648,raw
fGn_0.5_n512_r26,fGn_0.5_n512,,GHE,1.0,0.5020298016505789,0.4785859868451746,0.9806157884957535,raw
fGn_0.5_n512_r26,fGn_0.5_n512,,GPH,1.0,0.38323576103622253,2.7755575615628914e-16,0.3832357610362228,centered
fGn_0.5_n512_r26,fGn_0.5_n512,,Higuchi,1.0,0.46039593858389183,0.0,0.46039593858389183,centered
fGn_0.5_n512_r26,fGn_0.5_n512,,GHE,1.0,0.4774804140880115,-1.1102230246251565e-16,0.4774804140880114,centered
fGn_0.5_n512_r27,fGn_0.5_n512,,GPH,1.0,0.5643083436185083,1.1102230246251565e-16,0.5643083436185085,raw
fGn_0.5_n512_r27,fGn_0.5_n512,,Higuchi,1.0,0.4961349357287401,0.4732628823728644,0.9693978181016045,raw
fGn_0.5_n512_r27,fGn_0.5_n512,,GHE,1.0,0.496827910504634,0.4635988580154145,0.9604267685200485,raw
fGn_0.5_n512_r27,fGn_0.5_n512,,GPH,1.0,0.5643083436185083,0.0,0.5643083436185083,centered
fGn_0.5_n512_r27,fGn_0.5_n512,,Higuchi,1.0,0.503598655464029,0.0,0.503598655464029,centered
fGn_0.5_n512_r27,fGn_0.5_n512,,GHE,1.0,0.5027008664727651,-2.220446049250313e-16,0.5027008664727649,centered
fGn_0.5_n512_r28,fGn_0.5_n512,,GPH,1.0,0.7078808343267174,2.220446049250313e-16,0.7078808343267177,raw
fGn_0.5_n512_r28,fGn_0.5_n512,,Higuchi,1.0,0.48183072672508853,0.48955686311939006,0.9713875898444786,raw
fGn_0.5_n512_r28,fGn_0.5_n512,,GHE,1.0,0.4845480573960896,0.47886138643103354,0.9634094438271231,raw
fGn_0.5_n512_r28,fGn_0.5_n512,,GPH,1.0,0.7078808343267177,-1.1102230246251565e-16,0.7078808343267176,centered
fGn_0.5_n512_r28,fGn_0.5_n512,,Higuchi,1.0,0.476644938933787,0.0,0.476644938933787,centered
fGn_0.5_n512_r28,fGn_0.5_n512,,GHE,1.0,0.48023383391946944,0.0,0.48023383391946944,centered
fGn_0.5_n512_r29,fGn_0.5_n512,,GPH,1.0,0.43622707283926027,1.6653345369377348e-16,0.43622707283926043,raw
fGn_0.5_n512_r29,fGn_0.5_n512,,Higuchi,1.0,0.4729543067834545,0.5067593607735854,0.9797136675570399,raw
fGn_0.5_n512_r29,fGn_0.5_n512,,GHE,1.0,0.48764503402433546,0.48480839799053654,0.972453432014872,raw
fGn_0.5_n512_r29,fGn_0.5_n512,,GPH,1.0,0.4362270728392603,0.0,0.4362270728392603,centered
fGn_0.5_n512_r29,fGn_0.5_n512,,Higuchi,1.0,0.47091052477391226,0.0,0.47091052477391226,centered
fGn_0.5_n512_r29,fGn_0.5_n512,,GHE,1.0,0.4859430947524943,-1.6653345369377348e-16,0.48594309475249414,centered
fGn_0.5_n512_r3,fGn_0.5_n512,,GPH,1.0,0.5184786630117988,-1.1102230246251565e-16,0.5184786630117987,raw
fGn_0.5_n512_r3,fGn_0.5_n512,,Higuchi,1.0,0.5447410312944945,0.43721156131940386,0.9819525926138983,raw
fGn_0.5_n512_r3,fGn_0.5_n512,,GHE,1.0,0.537354674401736,0.43919311779183157,0.9765477921935676,raw
fGn_0.5_n512_r3,fGn_0.5_n512,,GPH,1.0,0.5184786630117988,-1.1102230246251565e-16,0.5184786630117987,centered
fGn_0.5_n512_r3,fGn_0.5_n512,,Higuchi,1.0,0.5381475579240831,2.220446049250313e-16,0.5381475579240833,centered
fGn_0.5_n512_r3,fGn_0.5_n512,,GHE,1.0,0.5321576526086703,1.1102230246251565e-16,0.5321576526086704,centered
fGn_0.5_n512_r30,fGn_0.5_n512,,GPH,1.0,0.4396800201135849,5.551115123125783e-17,0.439680020113585,raw
fGn_0.5_n512_r30,fGn_0.5_n512,,Higuchi,1.0,0.4649822489002815,0.5155553610310006,0.9805376099312821,raw
fGn_0.5_n512_r30,fGn_0.5_n512,,GHE,1.0,0.4738376199455154,0.4997507273085188,0.9735883472540342,raw
fGn_0.5_n512_r30,fGn_0.5_n512,,GPH,1.0,0.4396800201135849,5.551115123125783e-17,0.439680020113585,centered
fGn_0.5_n512_r30,fGn_0.5_n512,,Higuchi,1.0,0.4607566386864401,-2.220446049250313e-16,0.4607566386864399,centered
fGn_0.5_n512_r30,fGn_0.5_n512,,GHE,1.0,0.467988491080759,-5.551115123125783e-17,0.46798849108075896,centered
fGn_0.5_n512_r31,fGn_0.5_n512,,GPH,1.0,0.6203919512342881,-1.1102230246251565e-16,0.620391951234288,raw
fGn_0.5_n512_r31,fGn_0.5_n512,,Higuchi,1.0,0.504340929931643,0.47125989489024,0.975600824821883,raw
fGn_0.5_n512_r31,fGn_0.5_n512,,GHE,1.0,0.4970509213432672,0.4694606661053349,0.9665115874486021,raw
fGn_0.5_n512_r31,fGn_0.5_n512,,GPH,1.0,0.6203919512342881,-1.1102230246251565e-16,0.620391951234288,centered
fGn_0.5_n512_r31,fGn_0.5_n512,,Higuchi,1.0,0.4702469956800368,0.0,0.4702469956800368,centered
fGn_0.5_n512_r31,fGn_0.5_n512,,GHE,1.0,0.4660682058902989,2.220446049250313e-16,0.4660682058902991,centered
fGn_0.5_n512_r32,fGn_0.5_n512,,GPH,1.0,0.472404557886837,0.0,0.472404557886837,raw
fGn_0.5_n512_r32,fGn_0.5_n512,,Higuchi,1.0,0.5429819143803398,0.44176172961090954,0.9847436439912494,raw
fGn_0.5_n512_r32,fGn_0.5_n512,,GHE,1.0,0.5214807642837892,0.4564130768604311,0.9778938411442203,raw
fGn_0.5_n512_r32,fGn_0.5_n512,,GPH,1.0,0.47240455788683694,5.551115123125783e-17,0.472404557886837,centered
fGn_0.5_n512_r32,fGn_0.5_n512,,Higuchi,1.0,0.49469584318558546,0.0,0.49469584318558546,centered
fGn_0.5_n512_r32,fGn_0.5_n512,,GHE,1.0,0.48082077463073186,0.0,0.48082077463073186,centered
fGn_0.5_n512_r33,fGn_0.5_n512,,GPH,1.0,0.6172876566339304,-1.1102230246251565e-16,0.6172876566339303,raw
fGn_0.5_n512_r33,fGn_0.5_n512,,Higuchi,1.0,0.5329646662094814,0.4478732050286609,0.9808378712381423,raw
fGn_0.5_n512_r33,fGn_0.5_n512,,GHE,1.0,0.5267718123271788,0.44568684487334775,0.9724586572005266,raw
fGn_0.5_n512_r33,fGn_0.5_n512,,GPH,1.0,0.6172876566339303,0.0,0.6172876566339303,centered
fGn_0.5_n512_r33,fGn_0.5_n512,,Higuchi,1.0,0.5312730758469881,4.440892098500626e-16,0.5312730758469886,centered
fGn_0.5_n512_r33,fGn_0.5_n512,,GHE,1.0,0.5240288473361431,1.1102230246251565e-16,0.5240288473361432,centered
fGn_0.5_n512_r34,fGn_0.5_n512,,GPH,1.0,0.5537752349987842,-1.1102230246251565e-16,0.5537752349987841,raw
fGn_0.5_n512_r34,fGn_0.5_n512,,Higuchi,1.0,0.5025767605180531,0.46902458749534026,0.9716013480133934,raw
fGn_0.5_n512_r34,fGn_0.5_n512,,GHE,1.0,0.5045396666616384,0.45796414096442817,0.9625038076260666,raw
fGn_0.5_n512_r34,fGn_0.5_n512,,GPH,1.0,0.5537752349987842,0.0,0.5537752349987842,centered
fGn_0.5_n512_r34,fGn_0.5_n512,,Higuchi,1.0,0.4833004869290427,-2.220446049250313e-16,0.4833004869290425,centered
fGn_0.5_n512_r34,fGn_0.5_n512,,GHE,1.0,0.4883283357832727,-5.551115123125783e-17,0.48832833578327267,centered
fGn_0.5_n512_r35,fGn_0.5_n512,,GPH,1.0,0.6652862085331812,-1.1102230246251565e-16,0.6652862085331811,raw
fGn_0.5_n512_r35,fGn_0.5_n512,,Higuchi,1.0,0.5567125738209382,0.42164600835313415,0.9783585821740723,raw
fGn_0.5_n512_r35,fGn_0.5_n512,,GHE,1.0,0.5656786279011732,0.404580814658979,0.9702594425601522,raw
fGn_0.5_n512_r35,fGn_0.5_n512,,GPH,1.0,0.6652862085331812,0.0,0.6652862085331812,centered
fGn_0.5_n512_r35,fGn_0.5_n512,,Higuchi,1.0,0.533302870263052,0.0,0.533302870263052,centered
fGn_0.5_n512_r35,fGn_0.5_n512,,GHE,1.0,0.546263792540657,0.0,0.546263792540657,centered
fGn_0.5_n512_r36,fGn_0.5_n512,,GPH,1.0,0.59748098501299,1.1102230246251565e-16,0.5974809850129901,raw
fGn_0.5_n512_r36,fGn_0.5_n512,,Higuchi,1.0,0.5038173548318037,0.4754322628867058,0.9792496177185095,raw
fGn_0.5_n512_r36,fGn_0.5_n512,,GHE,1.0,0.4902433299223228,0.48186125352787335,0.9721045834501961,raw
fGn_0.5_n512_r36,fGn_0.5_n512,,GPH,1.0,0.59748098501299,1.1102230246251565e-16,0.5974809850129901,centered
fGn_0.5_n512_r36,fGn_0.5_n512,,Higuchi,1.0,0.5045182083459183,0.0,0.5045182083459183,centered
fGn_0.5_n512_r36,fGn_0.5_n512,,GHE,1.0,0.4908726219335274,0.0,0.4908726219335274,centered
fGn_0.5_n512_r37,fGn_0.5_n512,,GPH,1.0,0.6572291340156186,-1.1102230246251565e-16,0.6572291340156184,raw
fGn_0.5_n512_r37,fGn_0.5_n512,,Higuchi,1.0,0.4849653799175384,0.49307461598301283,0.9780399959005512,raw
fGn_0.5_n512_r37,fGn_0.5_n512,,GHE,1.0,0.4771858653641327,0.49152042705993776,0.9687062924240705,raw
fGn_0.5_n512_r37,fGn_0.5_n512,,GPH,1.0,0.6572291340156184,0.0,0.6572291340156184,centered
fGn_0.5_n512_r37,fGn_0.5_n512,,Higuchi,1.0,0.4858544937422209,0.0,0.4858544937422209,centered
fGn_0.5_n512_r37,fGn_0.5_n512,,GHE,1.0,0.47786749283532304,0.0,0.47786749283532304,centered
fGn_0.5_n512_r38,fGn_0.5_n512,,GPH,1.0,0.4659681504373418,-5.551115123125783e-17,0.46596815043734174,raw
fGn_0.5_n512_r38,fGn_0.5_n512,,Higuchi,1.0,0.4738530078828258,0.503374661477501,0.9772276693603268,raw
fGn_0.5_n512_r38,fGn_0.5_n512,,GHE,1.0,0.48427729820385074,0.48664729923406497,0.9709245974379157,raw
fGn_0.5_n512_r38,fGn_0.5_n512,,GPH,1.0,0.4659681504373418,5.551115123125783e-17,0.46596815043734185,centered
fGn_0.5_n512_r38,fGn_0.5_n512,,Higuchi,1.0,0.4759609717121993,0.0,0.4759609717121993,centered
fGn_0.5_n512_r38,fGn_0.5_n512,,GHE,1.0,0.48436394048228804,-1.1102230246251565e-16,0.4843639404822879,centered
fGn_0.5_n512_r39,fGn_0.5_n512,,GPH,1.0,0.2324931575741695,-1.1102230246251565e-16,0.23249315757416938,raw
fGn_0.5_n512_r39,fGn_0.5_n512,,Higuchi,1.0,0.3505866016649877,0.6260763228377149,0.9766629245027025,raw
fGn_0.5_n512_r39,fGn_0.5_n512,,GHE,1.0,0.3719327404608786,0.5967194581931332,0.9686521986540119,raw
fGn_0.5_n512_r39,fGn_0.5_n512,,GPH,1.0,0.2324931575741695,5.551115123125783e-17,0.23249315757416955,centered
fGn_0.5_n512_r39,fGn_0.5_n512,,Higuchi,1.0,0.3484263336821103,-6.661338147750939e-16,0.3484263336821096,centered
fGn_0.5_n512_r39,fGn_0.5_n512,,GHE,1.0,0.37035855682282337,-5.551115123125783e-17,0.3703585568228233,centered
fGn_0.5_n512_r4,fGn_0.5_n512,,GPH,1.0,0.6492189838757827,0.0,0.6492189838757827,raw
fGn_0.5_n512_r4,fGn_0.5_n512,,Higuchi,1.0,0.4968978040025085,0.47544463277587146,0.97234243677838,raw
fGn_0.5_n512_r4,fGn_0.5_n512,,GHE,1.0,0.4961211561140062,0.4672107567254058,0.963331912839412,raw
fGn_0.5_n512_r4,fGn_0.5_n512,,GPH,1.0,0.6492189838757827,0.0,0.6492189838757827,centered
fGn_0.5_n512_r4,fGn_0.5_n512,,Higuchi,1.0,0.4959915998696285,0.0,0.4959915998696285,centered
fGn_0.5_n512_r4,fGn_0.5_n512,,GHE,1.0,0.4964807137132867,0.0,0.4964807137132867,centered
fGn_0.5_n512_r40,fGn_0.5_n512,,GPH,1.0,0.3644519760206197,0.0,0.3644519760206197,raw
fGn_0.5_n512_r40,fGn_0.5_n512,,Higuchi,1.0,0.5102958592341105,0.47516141783707644,0.9854572770711869,raw
fGn_0.5_n512_r40,fGn_0.5_n512,,GHE,1.0,0.5005991371720073,0.47977383960174746,0.9803729767737548,raw
fGn_0.5_n512_r40,fGn_0.5_n512,,GPH,1.0,0.3644519760206197,0.0,0.3644519760206197,centered
fGn_0.5_n512_r40,fGn_0.5_n512,,Higuchi,1.0,0.45217852054768426,0.0,0.45217852054768426,centered
fGn_0.5_n512_r40,fGn_0.5_n512,,GHE,1.0,0.45013431735473985,-5.551115123125783e-17,0.4501343173547398,centered
fGn_0.5_n512_r41,fGn_0.5_n512,,GPH,1.0,0.48276313175093516,-5.551115123125783e-17,0.4827631317509351,raw
fGn_0.5_n512_r41,fGn_0.5_n512,,Higuchi,1.0,0.5414048356084189,0.4345504160144691,0.975955251622888,raw
fGn_0.5_n512_r41,fGn_0.5_n512,,GHE,1.0,0.5364863454624414,0.4320881656792237,0.9685745111416652,raw
fGn_0.5_n512_r41,fGn_0.5_n512,,GPH,1.0,0.48276313175093516,-5.551115123125783e-17,0.4827631317509351,centered
fGn_0.5_n512_r41,fGn_0.5_n512,,Higuchi,1.0,0.5395139528354087,0.0,0.5395139528354087,centered
fGn_0.5_n512_r41,fGn_0.5_n512,,GHE,1.0,0.5347142522184947,0.0,0.5347142522184947,centered
fGn_0.5_n512_r42,fGn_0.5_n512,,GPH,1.0,0.49758185843772124,0.0,0.49758185843772124,raw
fGn_0.5_n512_r42,fGn_0.5_n512,,Higuchi,1.0,0.4799342263903188,0.49788533016013914,0.9778195565504579,raw
fGn_0.5_n512_r42,fGn_0.5_n512,,GHE,1.0,0.48415731717602906,0.48609095557813753,0.9702482727541666,raw
fGn_0.5_n512_r42,fGn_0.5_n512,,GPH,1.0,0.4975818584377212,5.551115123125783e-17,0.49758185843772124,centered
fGn_0.5_n512_r42,fGn_0.5_n512,,Higuchi,1.0,0.47719999034794824,0.0,0.47719999034794824,centered
fGn_0.5_n512_r42,fGn_0.5_n512,,GHE,1.0,0.4821015156779195,0.0,0.4821015156779195,centered
fGn_0.5_n512_r43,fGn_0.5_n512,,GPH,1.0,0.3797330377710886,0.0,0.3797330377710886,raw
fGn_0.5_n512_r43,fGn_0.5_n512,,Higuchi,1.0,0.39677874487994425,0.5746162960154328,0.9713950408953771,raw
fGn_0.5_n512_r43,fGn_0.5_n512,,GHE,1.0,0.4143985229152147,0.5463437099552686,0.9607422328704833,raw
fGn_0.5_n512_r43,fGn_0.5_n512,,GPH,1.0,0.3797330377710886,0.0,0.3797330377710886,centered
fGn_0.5_n512_r43,fGn_0.5_n512,,Higuchi,1.0,0.395817931016905,2.220446049250313e-16,0.3958179310169052,centered
fGn_0.5_n512_r43,fGn_0.5_n512,,GHE,1.0,0.4136523371533284,-1.1102230246251565e-16,0.4136523371533283,centered
fGn_0.5_n512_r44,fGn_0.5_n512,,GPH,1.0,0.5801769484262177,0.0,0.5801769484262177,raw
fGn_0.5_n512_r44,fGn_0.5_n512,,Higuchi,1.0,0.5008755034434325,0.47546998078108405,0.9763454842245165,raw
fGn_0.5_n512_r44,fGn_0.5_n512,,GHE,1.0,0.493028671892681,0.4753540113524822,0.9683826832451632,raw
fGn_0.5_n512_r44,fGn_0.5_n512,,GPH,1.0,0.5801769484262177,-1.1102230246251565e-16,0.5801769484262176,centered
fGn_0.5_n512_r44,fGn_0.5_n512,,Higuchi,1.0,0.49082527746968996,4.440892098500626e-16,0.4908252774696904,centered
fGn_0.5_n512_r44,fGn_0.5_n512,,GHE,1.0,0.48497164902711754,-1.1102230246251565e-16,0.4849716490271174,centered
fGn_0.5_n512_r45,fGn_0.5_n512,,GPH,1.0,0.3628091569639536,-1.1102230246251565e-16,0.3628091569639535,raw
fGn_0.5_n512_r45,fGn_0.5_n512,,Higuchi,1.0,0.37427684379176296,0.6021348761193988,0.9764117199111617,raw
fGn_0.5_n512_r45,fGn_0.5_n512,,GHE,1.0,0.3884128890873479,0.5768947495059162,0.9653076385932642,raw
fGn_0.5_n512_r45,fGn_0.5_n512,,GPH,1.0,0.36280915696395366,-2.220446049250313e-16,0.36280915696395344,centered
fGn_0.5_n512_r45,fGn_0.5_n512,,Higuchi,1.0,0.34012449062615,0.0,0.34012449062615,centered
fGn_0.5_n512_r45,fGn_0.5_n512,,GHE,1.0,0.3579962282003594,5.551115123125783e-17,0.3579962282003595,centered
fGn_0.5_n512_r46,fGn_0.5_n512,,GPH,1.0,0.39039890436505054,-1.6653345369377348e-16,0.39039890436505037,raw
fGn_0.5_n512_r46,fGn_0.5_n512,,Higuchi,1.0,0.44354368829118984,0.5448813061126172,0.988424994403807,raw
fGn_0.5_n512_r46,fGn_0.5_n512,,GHE,1.0,0.4470547973182462,0.535667826216008,0.9827226235342542,raw
fGn_0.5_n512_r46,fGn_0.5_n512,,GPH,1.0,0.39039890436505054,0.0,0.39039890436505054,centered
fGn_0.5_n512_r46,fGn_0.5_n512,,Higuchi,1.0,0.4387019242261685,0.0,0.4387019242261685,centered
fGn_0.5_n512_r46,fGn_0.5_n512,,GHE,1.0,0.4425454316730544,0.0,0.4425454316730544,centered
fGn_0.5_n512_r47,fGn_0.5_n512,,GPH,1.0,0.508571955890118,1.1102230246251565e-16,0.5085719558901182,raw
fGn_0.5_n512_r47,fGn_0.5_n512,,Higuchi,1.0,0.43419622676196235,0.5407849990633344,0.9749812258252968,raw
fGn_0.5_n512_r47,fGn_0.5_n512,,GHE,1.0,0.4384325789310108,0.527769158745192,0.9662017376762028,raw
fGn_0.5_n512_r47,fGn_0.5_n512,,GPH,1.0,0.508571955890118,1.1102230246251565e-16,0.5085719558901182,centered
fGn_0.5_n512_r47,fGn_0.5_n512,,Higuchi,1.0,0.4176668832264139,0.0,0.4176668832264139,centered
fGn_0.5_n512_r47,fGn_0.5_n512,,GHE,1.0,0.42174263682651025,0.0,0.42174263682651025,centered
fGn_0.5_n512_r48,fGn_0.5_n512,,GPH,1.0,0.4717213381200092,-5.551115123125783e-17,0.47172133812000916,raw
fGn_0.5_n512_r48,fGn_0.5_n512,,Higuchi,1.0,0.49928110425953687,0.47572512381602006,0.9750062280755569,raw
fGn_0.5_n512_r48,fGn_0.5_n512,,GHE,1.0,0.4950145162156567,0.4713179718342381,0.9663324880498948,raw
fGn_0.5_n512_r48,fGn_0.5_n512,,GPH,1.0,0.4717213381200092,-5.551115123125783e-17,0.47172133812000916,centered
fGn_0.5_n512_r48,fGn_0.5_n512,,Higuchi,1.0,0.4936549829143233,0.0,0.4936549829143233,centered
fGn_0.5_n512_r48,fGn_0.5_n512,,GHE,1.0,0.4910107476520535,0.0,0.4910107476520535,centered
fGn_0.5_n512_r49,fGn_0.5_n512,,GPH,1.0,0.4611251506793195,0.0,0.4611251506793195,raw
fGn_0.5_n512_r49,fGn_0.5_n512,,Higuchi,1.0,0.5060924448326429,0.48106504527411853,0.9871574901067615,raw
fGn_0.5_n512_r49,fGn_0.5_n512,,GHE,1.0,0.5122108965079848,0.4663002406325413,0.9785111371405261,raw
fGn_0.5_n512_r49,fGn_0.5_n512,,GPH,1.0,0.4611251506793195,0.0,0.4611251506793195,centered
fGn_0.5_n512_r49,fGn_0.5_n512,,Higuchi,1.0,0.4985595569009993,-4.440892098500626e-16,0.49855955690099885,centered
fGn_0.5_n512_r49,fGn_0.5_n512,,GHE,1.0,0.5045670391711822,0.0,0.5045670391711822,centered
fGn_0.5_n512_r5,fGn_0.5_n512,,GPH,1.0,0.36164734563553125,0.0,0.36164734563553125,raw
fGn_0.5_n512_r5,fGn_0.5_n512,,Higuchi,1.0,0.5137886279661208,0.4622909914083255,0.9760796193744463,raw
fGn_0.5_n512_r5,fGn_0.5_n512,,GHE,1.0,0.5179856635586874,0.44890553609051453,0.9668911996492019,raw
fGn_0.5_n512_r5,fGn_0.5_n512,,GPH,1.0,0.36164734563553125,0.0,0.36164734563553125,centered
fGn_0.5_n512_r5,fGn_0.5_n512,,Higuchi,1.0,0.49483629202614154,0.0,0.49483629202614154,centered
fGn_0.5_n512_r5,fGn_0.5_n512,,GHE,1.0,0.503089979426717,0.0,0.503089979426717,centered
fGn_0.5_n512_r50,fGn_0.5_n512,,GPH,1.0,0.3181842384116125,-1.1102230246251565e-16,0.31818423841161236,raw
fGn_0.5_n512_r50,fGn_0.5_n512,,Higuchi,1.0,0.5280837500582958,0.4350065987716225,0.9630903488299183,raw
fGn_0.5_n512_r50,fGn_0.5_n512,,GHE,1.0,0.5256599319917342,0.4268892899873673,0.9525492219791015,raw
fGn_0.5_n512_r50,fGn_0.5_n512,,GPH,1.0,0.3181842384116125,-2.220446049250313e-16,0.31818423841161225,centered
fGn_0.5_n512_r50,fGn_0.5_n512,,Higuchi,1.0,0.4555218054693597,0.0,0.4555218054693597,centered
fGn_0.5_n512_r50,fGn_0.5_n512,,GHE,1.0,0.46444400150151877,0.0,0.46444400150151877,centered
fGn_0.5_n512_r51,fGn_0.5_n512,,GPH,1.0,0.5469338122331877,1.1102230246251565e-16,0.5469338122331878,raw
fGn_0.5_n512_r51,fGn_0.5_n512,,Higuchi,1.0,0.49814568484447563,0.4856665859151472,0.9838122707596229,raw
fGn_0.5_n512_r51,fGn_0.5_n512,,GHE,1.0,0.5159763051769337,0.46014622653072723,0.976122531707661,raw
fGn_0.5_n512_r51,fGn_0.5_n512,,GPH,1.0,0.5469338122331877,0.0,0.5469338122331877,centered
fGn_0.5_n512_r51,fGn_0.5_n512,,Higuchi,1.0,0.49812581891592367,-2.220446049250313e-16,0.49812581891592345,centered
fGn_0.5_n512_r51,fGn_0.5_n512,,GHE,1.0,0.5154361172716038,0.0,0.5154361172716038,centered
fGn_0.5_n512_r52,fGn_0.5_n512,,GPH,1.0,0.5422355363220916,0.0,0.5422355363220916,raw
fGn_0.5_n512_r52,fGn_0.5_n512,,Higuchi,1.0,0.5530238224558899,0.4347506738981439,0.9877744963540338,raw
fGn_0.5_n512_r52,fGn_0.5_n512,,GHE,1.0,0.5254008264068986,0.45595922155136936,0.9813600479582679,raw
fGn_0.5_n512_r52,fGn_0.5_n512,,GPH,1.0,0.5422355363220916,1.1102230246251565e-16,0.5422355363220918,centered
fGn_0.5_n512_r52,fGn_0.5_n512,,Higuchi,1.0,0.4933982407078372,0.0,0.4933982407078372,centered
fGn_0.5_n512_r52,fGn_0.5_n512,,GHE,1.0,0.4726638669515022,0.0,0.4726638669515022,centered
fGn_0.5_n512_r53,fGn_0.5_n512,,GPH,1.0,0.48241104784008826,1.1102230246251565e-16,0.48241104784008837,raw
fGn_0.5_n512_r53,fGn_0.5_n512,,Higuchi,1.0,0.47088310371314646,0.5042420871370319,0.9751251908501783,raw
fGn_0.5_n512_r53,fGn_0.5_n512,,GHE,1.0,0.4726433326847623,0.49222561719148455,0.9648689498762468,raw
fGn_0.5_n512_r53,fGn_0.5_n512,,GPH,1.0,0.48241104784008826,0.0,0.48241104784008826,centered
fGn_0.5_n512_r53,fGn_0.5_n512,,Higuchi,1.0,0.4710187842694207,0.0,0.4710187842694207,centered
fGn_0.5_n512_r53,fGn_0.5_n512,,GHE,1.0,0.4724011324766233,1.1102230246251565e-16,0.4724011324766234,centered
fGn_0.5_n512_r54,fGn_0.5_n512,,GPH,1.0,0.5218269417908962,-2.220446049250313e-16,0.521826941790896,raw
fGn_0.5_n512_r54,fGn_0.5_n512,,Higuchi,1.0,0.4879553923055451,0.479707657920174,0.9676630502257191,raw
fGn_0.5_n512_r54,fGn_0.5_n512,,GHE,1.0,0.4773782058294681,0.48057379961717495,0.957952005446643,raw
fGn_0.5_n512_r54,fGn_0.5_n512,,GPH,1.0,0.5218269417908962,-2.220446049250313e-16,0.521826941790896,centered
fGn_0.5_n512_r54,fGn_0.5_n512,,Higuchi,1.0,0.4833994507565653,0.0,0.4833994507565653,centered
fGn_0.5_n512_r54,fGn_0.5_n512,,GHE,1.0,0.47412316796952503,5.551115123125783e-17,0.4741231679695251,centered
fGn_0.5_n512_r55,fGn_0.5_n512,,GPH,1.0,0.5242532572313177,0.0,0.5242532572313177,raw
fGn_0.5_n512_r55,fGn_0.5_n512,,Higuchi,1.0,0.5508383281353109,0.4320105280048907,0.9828488561402016,raw
fGn_0.5_n512_r55,fGn_0.5_n512,,GHE,1.0,0.5437625491308741,0.43245596628216043,0.9762185154130345,raw
fGn_0.5_n512_r55,fGn_0.5_n512,,GPH,1.0,0.5242532572313177,0.0,0.5242532572313177,centered
fGn_0.5_n512_r55,fGn_0.5_n512,,Higuchi,1.0,0.5401392613905893,2.220446049250313e-16,0.5401392613905895,centered
fGn_0.5_n512_r55,fGn_0.5_n512,,GHE,1.0,0.5342841370665583,-1.1102230246251565e-16,0.5342841370665582,centered
fGn_0.5_n512_r56,fGn_0.5_n512,,GPH,1.0,0.6772913381076208,0.0,0.6772913381076208,raw
fGn_0.5_n512_r56,fGn_0.5_n512,,Higuchi,1.0,0.5650292933627059,0.4156330373564785,0.9806623307191844,raw
fGn_0.5_n512_r56,fGn_0.5_n512,,GHE,1.0,0.546998142138671,0.4277068806622437,0.9747050228009148,raw
fGn_0.5_n512_r56,fGn_0.5_n512,,GPH,1.0,0.6772913381076208,-1.1102230246251565e-16,0.6772913381076207,centered
fGn_0.5_n512_r56,fGn_0.5_n512,,Higuchi,1.0,0.5323691530985897,0.0,0.5323691530985897,centered
fGn_0.5_n512_r56,fGn_0.5_n512,,GHE,1.0,0.5153692555677452,1.1102230246251565e-16,0.5153692555677453,centered
fGn_0.5_n512_r57,fGn_0.5_n512,,GPH,1.0,0.5336411346130407,1.1102230246251565e-16,0.5336411346130409,raw
fGn_0.5_n512_r57,fGn_0.5_n512,,Higuchi,1.0,0.5318785155719767,0.43793684566880464,0.9698153612407814,raw
fGn_0.5_n512_r57,fGn_0.5_n512,,GHE,1.0,0.5241814829661583,0.43805216894220744,0.9622336519083657,raw
fGn_0.5_n512_r57,fGn_0.5_n512,,GPH,1.0,0.5336411346130407,1.1102230246251565e-16,0.5336411346130409,centered
fGn_0.5_n512_r57,fGn_0.5_n512,,Higuchi,1.0,0.5325559589270246,0.0,0.5325559589270246,centered
fGn_0.5_n512_r57,fGn_0.5_n512,,GHE,1.0,0.5251313836008583,0.0,0.5251313836008583,centered
fGn_0.5_n512_r58,fGn_0.5_n512,,GPH,1.0,0.49286589354293403,5.551115123125783e-17,0.4928658935429341,raw
fGn_0.5_n512_r58,fGn_0.5_n512,,Higuchi,1.0,0.5172403281760256,0.46324162243149236,0.980481950607518,raw
fGn_0.5_n512_r58,fGn_0.5_n512,,GHE,1.0,0.5095618991393628,0.4642441939060987,0.9738060930454615,raw
fGn_0.5_n512_r58,fGn_0.5_n512,,GPH,1.0,0.49286589354293414,-5.551115123125783e-17,0.4928658935429341,centered
fGn_0.5_n512_r58,fGn_0.5_n512,,Higuchi,1.0,0.5160985523621604,0.0,0.5160985523621604,centered
fGn_0.5_n512_r58,fGn_0.5_n512,,GHE,1.0,0.5083885659472042,-1.1102230246251565e-16,0.508388565947204,centered
fGn_0.5_n512_r59,fGn_0.5_n512,,GPH,1.0,0.32673371408733237,-5.551115123125783e-17,0.3267337140873323,raw
fGn_0.5_n512_r59,fGn_0.5_n512,,Higuchi,1.0,0.4619074910747929,0.5223971203970195,0.9843046114718124,raw
fGn_0.5_n512_r59,fGn_0.5_n512,,GHE,1.0,0.47320422924361843,0.5038820397817747,0.9770862690253932,raw
fGn_0.5_n512_r59,fGn_0.5_n512,,GPH,1.0,0.3267337140873323,0.0,0.3267337140873323,centered
fGn_0.5_n512_r59,fGn_0.5_n512,,Higuchi,1.0,0.45838079003176446,-2.220446049250313e-16,0.45838079003176424,centered
fGn_0.5_n512_r59,fGn_0.5_n512,,GHE,1.0,0.4699023655616302,0.0,0.4699023655616302,centered
fGn_0.5_n512_r6,fGn_0.5_n512,,GPH,1.0,0.17026412135327212,0.0,0.17026412135327212,raw
fGn_0.5_n512_r6,fGn_0.5_n512,,Higuchi,1.0,0.4425921656012881,0.5339334161866038,0.976525581787892,raw
fGn_0.5_n512_r6,fGn_0.5_n512,,GHE,1.0,0.4554389165719031,0.5113462558552764,0.9667851724271795,raw
fGn_0.5_n512_r6,fGn_0.5_n512,,GPH,1.0,0.17026412135327212,0.0,0.17026412135327212,centered
fGn_0.5_n512_r6,fGn_0.5_n512,,Higuchi,1.0,0.38917789188583196,0.0,0.38917789188583196,centered
fGn_0.5_n512_r6,fGn_0.5_n512,,GHE,1.0,0.41057068834410804,0.0,0.41057068834410804,centered
fGn_0.5_n512_r60,fGn_0.5_n512,,GPH,1.0,0.36355514769458475,1.1102230246251565e-16,0.36355514769458486,raw
fGn_0.5_n512_r60,fGn_0.5_n512,,Higuchi,1.0,0.48157254240572267,0.4994606927604641,0.9810332351661868,raw
fGn_0.5_n512_r60,fGn_0.5_n512,,GHE,1.0,0.491154989346599,0.4820315054045928,0.9731864947511918,raw
fGn_0.5_n512_r60,fGn_0.5_n512,,GPH,1.0,0.36355514769458475,5.551115123125783e-17,0.3635551476945848,centered
fGn_0.5_n512_r60,fGn_0.5_n512,,Higuchi,1.0,0.4653517608039328,0.0,0.4653517608039328,centered
fGn_0.5_n512_r60,fGn_0.5_n512,,GHE,1.0,0.47885434472771404,5.551115123125783e-17,0.4788543447277141,centered
fGn_0.5_n512_r61,fGn_0.5_n512,,GPH,1.0,0.3679514243589854,-1.1102230246251565e-16,0.3679514243589853,raw
fGn_0.5_n512_r61,fGn_0.5_n512,,Higuchi,1.0,0.43910838160022525,0.5240725346305837,0.9631809162308089,raw
fGn_0.5_n512_r61,fGn_0.5_n512,,GHE,1.0,0.4640974113081338,0.4902600051224843,0.9543574164306181,raw
fGn_0.5_n512_r61,fGn_0.5_n512,,GPH,1.0,0.3679514243589854,-1.1102230246251565e-16,0.3679514243589853,centered
fGn_0.5_n512_r61,fGn_0.5_n512,,Higuchi,1.0,0.39140780643064366,0.0,0.39140780643064366,centered
fGn_0.5_n512_r61,fGn_0.5_n512,,GHE,1.0,0.426978542296512,0.0,0.426978542296512,centered
fGn_0.5_n512_r62,fGn_0.5_n512,,GPH,1.0,0.5374621053783462,0.0,0.5374621053783462,raw
fGn_0.5_n512_r62,fGn_0.5_n512,,Higuchi,1.0,0.5611325024608191,0.4115756306720384,0.9727081331328575,raw
fGn_0.5_n512_r62,fGn_0.5_n512,,GHE,1.0,0.5518503932604988,0.4114081104009858,0.9632585036614846,raw
fGn_0.5_n512_r62,fGn_0.5_n512,,GPH,1.0,0.5374621053783462,0.0,0.5374621053783462,centered
fGn_0.5_n512_r62,fGn_0.5_n512,,Higuchi,1.0,0.5496802097580507,0.0,0.5496802097580507,centered
fGn_0.5_n512_r62,fGn_0.5_n512,,GHE,1.0,0.5427144563649063,1.1102230246251565e-16,0.5427144563649065,centered
fGn_0.5_n512_r63,fGn_0.5_n512,,GPH,1.0,0.5472445388542782,0.0,0.5472445388542782,raw
fGn_0.5_n512_r63,fGn_0.5_n512,,Higuchi,1.0,0.5410134347251476,0.44033934677470987,0.9813527814998575,raw
fGn_0.5_n512_r63,fGn_0.5_n512,,GHE,1.0,0.5377775065837458,0.43634502022443644,0.9741225268081822,raw
fGn_0.5_n512_r63,fGn_0.5_n512,,GPH,1.0,0.5472445388542782,0.0,0.5472445388542782,centered
fGn_0.5_n512_r63,fGn_0.5_n512,,Higuchi,1.0,0.5262042538716691,0.0,0.5262042538716691,centered
fGn_0.5_n512_r63,fGn_0.5_n512,,GHE,1.0,0.5244040301262014,0.0,0.5244040301262014,centered
fGn_0.5_n512_r7,fGn_0.5_n512,,GPH,1.0,0.5554020148737024,0.0,0.5554020148737024,raw
fGn_0.5_n512_r7,fGn_0.5_n512,,Higuchi,1.0,0.46162926677807903,0.5174776876574547,0.9791069544355337,raw
fGn_0.5_n512_r7,fGn_0.5_n512,,GHE,1.0,0.4580763412305425,0.5135852291876616,0.9716615704182041,raw
fGn_0.5_n512_r7,fGn_0.5_n512,,GPH,1.0,0.5554020148737024,0.0,0.5554020148737024,centered
fGn_0.5_n512_r7,fGn_0.5_n512,,Higuchi,1.0,0.4558881924771996,0.0,0.4558881924771996,centered
fGn_0.5_n512_r7,fGn_0.5_n512,,GHE,1.0,0.4535743706895679,-1.1102230246251565e-16,0.4535743706895678,centered
fGn_0.5_n512_r8,fGn_0.5_n512,,GPH,1.0,0.477240640433977,-5.551115123125783e-17,0.47724064043397696,raw
fGn_0.5_n512_r8,fGn_0.5_n512,,Higuchi,1.0,0.5032262956637943,0.46545300992518923,0.9686793055889835,raw
fGn_0.5_n512_r8,fGn_0.5_n512,,GHE,1.0,0.5006800660224414,0.45802796425628634,0.9587080302787278,raw
fGn_0.5_n512_r8,fGn_0.5_n512,,GPH,1.0,0.477240640433977,-5.551115123125783e-17,0.47724064043397696,centered
fGn_0.5_n512_r8,fGn_0.5_n512,,Higuchi,1.0,0.4975878738922388,0.0,0.4975878738922388,centered
fGn_0.5_n512_r8,fGn_0.5_n512,,GHE,1.0,0.49650126855566623,1.1102230246251565e-16,0.49650126855566634,centered
fGn_0.5_n512_r9,fGn_0.5_n512,,GPH,1.0,0.6120057196470128,0.0,0.6120057196470128,raw
fGn_0.5_n512_r9,fGn_0.5_n512,,Higuchi,1.0,0.5332363551767605,0.44825519977696504,0.9814915549537255,raw
fGn_0.5_n512_r9,fGn_0.5_n512,,GHE,1.0,0.5234366639022983,0.45101463094201955,0.9744512948443178,raw
fGn_0.5_n512_r9,fGn_0.5_n512,,GPH,1.0,0.6120057196470128,-1.1102230246251565e-16,0.6120057196470127,centered
fGn_0.5_n512_r9,fGn_0.5_n512,,Higuchi,1.0,0.5247306139751655,0.0,0.5247306139751655,centered
fGn_0.5_n512_r9,fGn_0.5_n512,,GHE,1.0,0.5155572289306598,0.0,0.5155572289306598,centered
fGn_0.75_n1024_r0,fGn_0.75_n1024,,GPH,1.0,0.6317720899090578,0.0,0.6317720899090578,raw
fGn_0.75_n1024_r0,fGn_0.75_n1024,,Higuchi,1.0,0.756278784267693,0.22519924779960343,0.9814780320672964,raw
fGn_0.75_n1024_r0,fGn_0.75_n1024,,GHE,1.0,0.7577670474309484,0.22018394504583505,0.9779509924767834,raw
fGn_0.75_n1024_r0,fGn_0.75_n1024,,GPH,1.0,0.6317720899090578,0.0,0.6317720899090578,centered
fGn_0.75_n1024_r0,fGn_0.75_n1024,,Higuchi,1.0,0.7239012533495321,-2.220446049250313e-16,0.7239012533495319,centered
fGn_0.75_n1024_r0,fGn_0.75_n1024,,GHE,1.0,0.7296832715220726,-2.220446049250313e-16,0.7296832715220724,centered
fGn_0.75_n1024_r1,fGn_0.75_n1024,,GPH,1.0,0.7684491805290322,-1.1102230246251565e-16,0.7684491805290321,raw
fGn_0.75_n1024_r1,fGn_0.75_n1024,,Higuchi,1.0,0.7522322359953271,0.2155062784229913,0.9677385144183184,raw
fGn_0.75_n1024_r1,fGn_0.75_n1024,,GHE,1.0,0.7517091081133747,0.21047823936166077,0.9621873474750354,raw
fGn_0.75_n1024_r1,fGn_0.75_n1024,,GPH,1.0,0.7684491805290322,0.0,0.7684491805290322,centered
fGn_0.75_n1024_r1,fGn_0.75_n1024,,Higuchi,1.0,0.7528991291532265,0.0,0.7528991291532265,centered
fGn_0.75_n1024_r1,fGn_0.75_n1024,,GHE,1.0,0.7525195088515786,1.1102230246251565e-16,0.7525195088515787,centered
fGn_0.75_n1024_r10,fGn_0.75_n1024,,GPH,1.0,0.7006416459671896,0.0,0.7006416459671896,raw
fGn_0.75_n1024_r10,fGn_0.75_n1024,,Higuchi,1.0,0.7154004639932141,0.23891318929478444,0.9543136532879986,raw
fGn_0.75_n1024_r10,fGn_0.75_n1024,,GHE,1.0,0.7245010514672242,0.2229550784611941,0.9474561299284183,raw
fGn_0.75_n1024_r10,fGn_0.75_n1024,,GPH,1.0,0.7006416459671896,0.0,0.7006416459671896,centered
fGn_0.75_n1024_r10,fGn_0.75_n1024,,Higuchi,1.0,0.7071921716028502,2.220446049250313e-16,0.7071921716028504,centered
fGn_0.75_n1024_r10,fGn_0.75_n1024,,GHE,1.0,0.7148640938547505,0.0,0.7148640938547505,centered
fGn_0.75_n1024_r11,fGn_0.75_n1024,,GPH,1.0,1.178559883438683,0.0,1.178559883438683,raw
fGn_0.75_n1024_r11,fGn_0.75_n1024,,Higuchi,1.0,0.7906759582407712,0.19591700692007974,0.9865929651608509,raw
fGn_0.75_n1024_r11,fGn_0.75_n1024,,GHE,1.0,0.7764690143361211,0.20704529212193268,0.9835143064580538,raw
fGn_0.75_n1024_r11,fGn_0.75_n1024,,GPH,1.0,1.178559883438683,0.0,1.178559883438683,centered
fGn_0.75_n1024_r11,fGn_0.75_n1024,,Higuchi,1.0,0.7688800314986,2.220446049250313e-16,0.7688800314986002,centered
fGn_0.75_n1024_r11,fGn_0.75_n1024,,GHE,1.0,0.752290314858134,-1.1102230246251565e-16,0.7522903148581339,centered
fGn_0.75_n1024_r12,fGn_0.75_n1024,,GPH,1.0,0.913674634562369,0.0,0.913674634562369,raw
fGn_0.75_n1024_r12,fGn_0.75_n1024,,Higuchi,1.0,0.7481253357073716,0.22291417764304544,0.971039513350417,raw
fGn_0.75_n1024_r12,fGn_0.75_n1024,,GHE,1.0,0.7459392795371639,0.21877395332865912,0.964713232865823,raw
fGn_0.75_n1024_r12,fGn_0.75_n1024,,GPH,1.0,0.913674634562369,-2.220446049250313e-16,0.9136746345623687,centered
fGn_0.75_n1024_r12,fGn_0.75_n1024,,Higuchi,1.0,0.7523741212890418,0.0,0.7523741212890418,centered
fGn_0.75_n1024_r12,fGn_0.75_n1024,,GHE,1.0,0.7483614275844254,0.0,0.7483614275844254,centered
fGn_0.75_n1024_r13,fGn_0.75_n1024,,GPH,1.0,0.761407755036241,0.0,0.761407755036241,raw
fGn_0.75_n1024_r13,fGn_0.75_n1024,,Higuchi,1.0,0.7126614297512599,0.25324375650372466,0.9659051862549846,raw
fGn_0.75_n1024_r13,fGn_0.75_n1024,,GHE,1.0,0.7125263261331624,0.24738533083791514,0.9599116569710775,raw
fGn_0.75_n1024_r13,fGn_0.75_n1024,,GPH,1.0,0.761407755036241,0.0,0.761407755036241,centered
fGn_0.75_n1024_r13,fGn_0.75_n1024,,Higuchi,1.0,0.7124741022770038,2.220446049250313e-16,0.712474102277004,centered
fGn_0.75_n1024_r13,fGn_0.75_n1024,,GHE,1.0,0.7123139798633982,0.0,0.7123139798633982,centered
fGn_0.75_n1024_r14,fGn_0.75_n1024,,GPH,1.0,0.6596438348856177,0.0,0.6596438348856177,raw
fGn_0.75_n1024_r14,fGn_0.75_n1024,,Higuchi,1.0,0.7406763274971955,0.24046391216820973,0.9811402396654052,raw
fGn_0.75_n1024_r14,fGn_0.75_n1024,,GHE,1.0,0.7488319322198924,0.22897226602092524,0.9778041982408177,raw
fGn_0.75_n1024_r14,fGn_0.75_n1024,,GPH,1.0,0.6596438348856177,-1.1102230246251565e-16,0.6596438348856176,centered
fGn_0.75_n1024_r14,fGn_0.75_n1024,,Higuchi,1.0,0.7298618517134035,0.0,0.7298618517134035,centered
fGn_0.75_n1024_r14,fGn_0.75_n1024,,GHE,1.0,0.7367473634380413,0.0,0.7367473634380413,centered
fGn_0.75_n1024_r15,fGn_0.75_n1024,,GPH,1.0,0.6944567155451462,1.1102230246251565e-16,0.6944567155451463,raw
fGn_0.75_n1024_r15,fGn_0.75_n1024,,Higuchi,1.0,0.7471646077605953,0.1928085428272277,0.939973150587823,raw
fGn_0.75_n1024_r15,fGn_0.75_n1024,,GHE,1.0,0.751070069325026,0.1837106990875006,0.9347807684125266,raw
fGn_0.75_n1024_r15,fGn_0.75_n1024,,GPH,1.0,0.6944567155451462,0.0,0.6944567155451462,centered
fGn_0.75_n1024_r15,fGn_0.75_n1024,,Higuchi,1.0,0.6968356077728692,2.220446049250313e-16,0.6968356077728695,centered
fGn_0.75_n1024_r15,fGn_0.75_n1024,,GHE,1.0,0.7026192912471734,-1.1102230246251565e-16,0.7026192912471733,centered
fGn_0.75_n1024_r16,fGn_0.75_n1024,,GPH,1.0,0.8289234089686589,1.1102230246251565e-16,0.828923408968659,raw
fGn_0.75_n1024_r16,fGn_0.75_n1024,,Higuchi,1.0,0.7525941521497219,0.2105346914706563,0.9631288436203782,raw
fGn_0.75_n1024_r16,fGn_0.75_n1024,,GHE,1.0,0.7515605389604382,0.20726736209994867,0.9588279010603868,raw
fGn_0.75_n1024_r16,fGn_0.75_n1024,,GPH,1.0,0.8289234089686589,1.1102230246251565e-16,0.828923408968659,centered
fGn_0.75_n1024_r16,fGn_0.75_n1024,,Higuchi,1.0,0.7479094801264539,0.0,0.7479094801264539,centered
fGn_0.75_n1024_r16,fGn_0.75_n1024,,GHE,1.0,0.7476372182950066,0.0,0.7476372182950066,centered
fGn_0.75_n1024_r17,fGn_0.75_n1024,,GPH,1.0,0.8115666336746741,1.1102230246251565e-16,0.8115666336746742,raw
fGn_0.75_n1024_r17,fGn_0.75_n1024,,Higuchi,1.0,0.742816589623591,0.17392520337644668,0.9167417930000377,raw
fGn_0.75_n1024_r17,fGn_0.75_n1024,,GHE,1.0,0.7358464415664799,0.1755603183876181,0.911406759954098,raw
fGn_0.75_n1024_r17,fGn_0.75_n1024,,GPH,1.0,0.8115666336746743,-2.220446049250313e-16,0.8115666336746741,centered
fGn_0.75_n1024_r17,fGn_0.75_n1024,,Higuchi,1.0,0.6546589851798645,0.0,0.6546589851798645,centered
fGn_0.75_n1024_r17,fGn_0.75_n1024,,GHE,1.0,0.6682554979682743,-1.1102230246251565e-16,0.6682554979682742,centered
fGn_0.75_n1024_r18,fGn_0.75_n1024,,GPH,1.0,0.49277040547187007,-1.1102230246251565e-16,0.49277040547186995,raw
fGn_0.75_n1024_r18,fGn_0.75_n1024,,Higuchi,1.0,0.7413184146855833,0.24089074929639032,0.9822091639819737,raw
fGn_0.75_n1024_r18,fGn_0.75_n1024,,GHE,1.0,0.7421261684516238,0.23731389417583526,0.9794400626274591,raw
fGn_0.75_n1024_r18,fGn_0.75_n1024,,GPH,1.0,0.49277040547187007,-5.551115123125783e-17,0.49277040547187,centered
fGn_0.75_n1024_r18,fGn_0.75_n1024,,Higuchi,1.0,0.6897661785769589,0.0,0.6897661785769589,centered
fGn_0.75_n1024_r18,fGn_0.75_n1024,,GHE,1.0,0.6933951454514509,0.0,0.6933951454514509,centered
fGn_0.75_n1024_r19,fGn_0.75_n1024,,GPH,1.0,0.7155129432189012,1.1102230246251565e-16,0.7155129432189014,raw
fGn_0.75_n1024_r19,fGn_0.75_n1024,,Higuchi,1.0,0.7910096932440451,0.188358618129715,0.9793683113737601,raw
fGn_0.75_n1024_r19,fGn_0.75_n1024,,GHE,1.0,0.7886177180057896,0.18706665970504044,0.97568437771083,raw
fGn_0.75_n1024_r19,fGn_0.75_n1024,,GPH,1.0,0.7155129432189014,0.0,0.7155129432189014,centered
fGn_0.75_n1024_r19,fGn_0.75_n1024,,Higuchi,1.0,0.7726748889874735,0.0,0.7726748889874735,centered
fGn_0.75_n1024_r19,fGn_0.75_n1024,,GHE,1.0,0.7713565007017112,1.1102230246251565e-16,0.7713565007017114,centered
fGn_0.75_n1024_r2,fGn_0.75_n1024,,GPH,1.0,0.8049165904147791,0.0,0.8049165904147791,raw
fGn_0.75_n1024_r2,fGn_0.75_n1024,,Higuchi,1.0,0.8084912628205809,0.13344186680749748,0.9419331296280784,raw
fGn_0.75_n1024_r2,fGn_0.75_n1024,,GHE,1.0,0.8025261266289992,0.13154039397264106,0.9340665206016403,raw
fGn_0.75_n1024_r2,fGn_0.75_n1024,,GPH,1.0,0.8049165904147791,0.0,0.8049165904147791,centered
fGn_0.75_n1024_r2,fGn_0.75_n1024,,Higuchi,1.0,0.7826725686386153,0.0,0.7826725686386153,centered
fGn_0.75_n1024_r2,fGn_0.75_n1024,,GHE,1.0,0.7772709276475404,0.0,0.7772709276475404,centered
fGn_0.75_n1024_r20,fGn_0.75_n1024,,GPH,1.0,0.7527758450194975,1.1102230246251565e-16,0.7527758450194976,raw
fGn_0.75_n1024_r20,fGn_0.75_n1024,,Higuchi,1.0,0.7225243276433129,0.24556200769378478,0.9680863353370976,raw
fGn_0.75_n1024_r20,fGn_0.75_n1024,,GHE,1.0,0.7279436423159081,0.2359010416366043,0.9638446839525124,raw
fGn_0.75_n1024_r20,fGn_0.75_n1024,,GPH,1.0,0.7527758450194975,1.1102230246251565e-16,0.7527758450194976,centered
fGn_0.75_n1024_r20,fGn_0.75_n1024,,Higuchi,1.0,0.7245002231372486,0.0,0.7245002231372486,centered
fGn_0.75_n1024_r20,fGn_0.75_n1024,,GHE,1.0,0.7290199888594321,1.1102230246251565e-16,0.7290199888594322,centered
fGn_0.75_n1024_r21,fGn_0.75_n1024,,GPH,1.0,0.7109732703064159,-1.1102230246251565e-16,0.7109732703064158,raw
fGn_0.75_n1024_r21,fGn_0.75_n1024,,Higuchi,1.0,0.7824866070902443,0.1541787104258403,0.9366653175160846,raw
fGn_0.75_n1024_r21,fGn_0.75_n1024,,GHE,1.0,0.7800388717714586,0.15208539949120314,0.9321242712626617,raw
fGn_0.75_n1024_r21,fGn_0.75_n1024,,GPH,1.0,0.7109732703064158,0.0,0.7109732703064158,centered
fGn_0.75_n1024_r21,fGn_0.75_n1024,,Higuchi,1.0,0.7593763524043404,0.0,0.7593763524043404,centered
fGn_0.75_n1024_r21,fGn_0.75_n1024,,GHE,1.0,0.7590461508345321,0.0,0.7590461508345321,centered
fGn_0.75_n1024_r22,fGn_0.75_n1024,,GPH,1.0,0.7170911427126744,1.1102230246251565e-16,0.7170911427126745,raw
fGn_0.75_n1024_r22,fGn_0.75_n1024,,Higuchi,1.0,0.7609495060754874,0.15233796552594514,0.9132874716014325,raw
fGn_0.75_n1024_r22,fGn_0.75_n1024,,GHE,1.0,0.7564089971954632,0.14900738164383676,0.9054163788392999,raw
fGn_0.75_n1024_r22,fGn_0.75_n1024,,GPH,1.0,0.7170911427126744,1.1102230246251565e-16,0.7170911427126745,centered
fGn_0.75_n1024_r22,fGn_0.75_n1024,,Higuchi,1.0,0.7045633689643529,0.0,0.7045633689643529,centered
fGn_0.75_n1024_r22,fGn_0.75_n1024,,GHE,1.0,0.7036575829177225,0.0,0.7036575829177225,centered
fGn_0.75_n1024_r23,fGn_0.75_n1024,,GPH,1.0,0.7869090266505441,0.0,0.7869090266505441,raw
fGn_0.75_n1024_r23,fGn_0.75_n1024,,Higuchi,1.0,0.7945789373755934,0.1994622568138038,0.9940411941893972,raw
fGn_0.75_n1024_r23,fGn_0.75_n1024,,GHE,1.0,0.7869318262712685,0.20330961165702066,0.9902414379282891,raw
fGn_0.75_n1024_r23,fGn_0.75_n1024,,GPH,1.0,0.7869090266505441,0.0,0.7869090266505441,centered
fGn_0.75_n1024_r23,fGn_0.75_n1024,,Higuchi,1.0,0.70670763242993,0.0,0.70670763242993,centered
fGn_0.75_n1024_r23,fGn_0.75_n1024,,GHE,1.0,0.710210638116224,1.1102230246251565e-16,0.7102106381162241,centered
fGn_0.75_n1024_r24,fGn_0.75_n1024,,GPH,1.0,0.6177537828970759,0.0,0.6177537828970759,raw
fGn_0.75_n1024_r24,fGn_0.75_n1024,,Higuchi,1.0,0.7417095120936528,0.24097066682829138,0.9826801789219441,raw
fGn_0.75_n1024_r24,fGn_0.75_n1024,,GHE,1.0,0.7398153923216281,0.23952066214545364,0.9793360544670817,raw
fGn_0.75_n1024_r24,fGn_0.75_n1024,,GPH,1.0,0.6177537828970759,0.0,0.6177537828970759,centered
fGn_0.75_n1024_r24,fGn_0.75_n1024,,Higuchi,1.0,0.7134073036240649,0.0,0.7134073036240649,centered
fGn_0.75_n1024_r24,fGn_0.75_n1024,,GHE,1.0,0.7135188536468593,0.0,0.7135188536468593,centered
fGn_0.75_n1024_r25,fGn_0.75_n1024,,GPH,1.0,0.7469562125185317,0.0,0.7469562125185317,raw
fGn_0.75_n1024_r25,fGn_0.75_n1024,,Higuchi,1.0,0.7069099415970932,0.25377528189005694,0.9606852234871501,raw
fGn_0.75_n1024_r25,fGn_0.75_n1024,,GHE,1.0,0.7118888972645506,0.24097383242959425,0.9528627296941449,raw
fGn_0.75_n1024_r25,fGn_0.75_n1024,,GPH,1.0,0.7469562125185317,0.0,0.7469562125185317,centered
fGn_0.75_n1024_r25,fGn_0.75_n1024,,Higuchi,1.0,0.6987037447531799,0.0,0.6987037447531799,centered
fGn_0.75_n1024_r25,fGn_0.75_n1024,,GHE,1.0,0.7046832137551519,1.1102230246251565e-16,0.704683213755152,centered
fGn_0.75_n1024_r26,fGn_0.75_n1024,,GPH,1.0,0.7603512839800695,1.1102230246251565e-16,0.7603512839800696,raw
fGn_0.75_n1024_r26,fGn_0.75_n1024,,Higuchi,1.0,0.8009691610883989,0.12761368321674382,0.9285828443051427,raw
fGn_0.75_n1024_r26,fGn_0.75_n1024,,GHE,1.0,0.7935424725174841,0.12891267712693233,0.9224551496444164,raw
fGn_0.75_n1024_r26,fGn_0.75_n1024,,GPH,1.0,0.7603512839800695,1.1102230246251565e-16,0.7603512839800696,centered
fGn_0.75_n1024_r26,fGn_0.75_n1024,,Higuchi,1.0,0.7567077270726903,0.0,0.7567077270726903,centered
fGn_0.75_n1024_r26,fGn_0.75_n1024,,GHE,1.0,0.7591921900109544,2.220446049250313e-16,0.7591921900109546,centered
fGn_0.75_n1024_r27,fGn_0.75_n1024,,GPH,1.0,0.7668969913485986,2.220446049250313e-16,0.7668969913485988,raw
fGn_0.75_n1024_r27,fGn_0.75_n1024,,Higuchi,1.0,0.7375044180415189,0.22253810731224033,0.9600425253537592,raw
fGn_0.75_n1024_r27,fGn_0.75_n1024,,GHE,1.0,0.7428797886466758,0.21081429165483812,0.9536940803015139,raw
fGn_0.75_n1024_r27,fGn_0.75_n1024,,GPH,1.0,0.7668969913485987,1.1102230246251565e-16,0.7668969913485988,centered
fGn_0.75_n1024_r27,fGn_0.75_n1024,,Higuchi,1.0,0.7289933681975762,0.0,0.7289933681975762,centered
fGn_0.75_n1024_r27,fGn_0.75_n1024,,GHE,1.0,0.7355193093329682,0.0,0.7355193093329682,centered
fGn_0.75_n1024_r28,fGn_0.75_n1024,,GPH,1.0,0.635077450838965,-1.1102230246251565e-16,0.6350774508389649,raw
fGn_0.75_n1024_r28,fGn_0.75_n1024,,Higuchi,1.0,0.6890379573389758,0.26624293449965974,0.9552808918386355,raw
fGn_0.75_n1024_r28,fGn_0.75_n1024,,GHE,1.0,0.6944709984861744,0.25254749576787494,0.9470184942540494,raw
fGn_0.75_n1024_r28,fGn_0.75_n1024,,GPH,1.0,0.6350774508389649,1.1102230246251565e-16,0.635077450838965,centered
fGn_0.75_n1024_r28,fGn_0.75_n1024,,Higuchi,1.0,0.6694251153220587,0.0,0.6694251153220587,centered
fGn_0.75_n1024_r28,fGn_0.75_n1024,,GHE,1.0,0.6753944545536948,-2.220446049250313e-16,0.6753944545536946,centered
fGn_0.75_n1024_r29,fGn_0.75_n1024,,GPH,1.0,1.0266593829861772,0.0,1.0266593829861772,raw
fGn_0.75_n1024_r29,fGn_0.75_n1024,,Higuchi,1.0,0.7943602823222793,0.169030372099652,0.9633906544219313,raw
fGn_0.75_n1024_r29,fGn_0.75_n1024,,GHE,1.0,0.7827991949985484,0.17498663416837335,0.9577858291669218,raw
fGn_0.75_n1024_r29,fGn_0.75_n1024,,GPH,1.0,1.0266593829861772,0.0,1.0266593829861772,centered
fGn_0.75_n1024_r29,fGn_0.75_n1024,,Higuchi,1.0,0.7910869464973684,0.0,0.7910869464973684,centered
fGn_0.75_n1024_r29,fGn_0.75_n1024,,GHE,1.0,0.7803692430929647,0.0,0.7803692430929647,centered
fGn_0.75_n1024_r3,fGn_0.75_n1024,,GPH,1.0,0.6183183689685197,1.1102230246251565e-16,0.6183183689685198,raw
fGn_0.75_n1024_r3,fGn_0.75_n1024,,Higuchi,1.0,0.7291875443730418,0.2393447666080728,0.9685323109811146,raw
fGn_0.75_n1024_r3,fGn_0.75_n1024,,GHE,1.0,0.7369637373232026,0.22810089697960845,0.9650646343028111,raw
fGn_0.75_n1024_r3,fGn_0.75_n1024,,GPH,1.0,0.6183183689685197,0.0,0.6183183689685197,centered
fGn_0.75_n1024_r3,fGn_0.75_n1024,,Higuchi,1.0,0.7295378072602501,2.220446049250313e-16,0.7295378072602503,centered
fGn_0.75_n1024_r3,fGn_0.75_n1024,,GHE,1.0,0.7355624718894493,0.0,0.7355624718894493,centered
fGn_0.75_n1024_r30,fGn_0.75_n1024,,GPH,1.0,0.7976907453522095,1.1102230246251565e-16,0.7976907453522096,raw
fGn_0.75_n1024_r30,fGn_0.75_n1024,,Higuchi,1.0,0.717229899299207,0.24409832318947267,0.9613282224886797,raw
fGn_0.75_n1024_r30,fGn_0.75_n1024,,GHE,1.0,0.7197477735205197,0.23375196411466936,0.953499737635189,raw
fGn_0.75_n1024_r30,fGn_0.75_n1024,,GPH,1.0,0.7976907453522095,0.0,0.7976907453522095,centered
fGn_0.75_n1024_r30,fGn_0.75_n1024,,Higuchi,1.0,0.7093728149601202,0.0,0.7093728149601202,centered
fGn_0.75_n1024_r30,fGn_0.75_n1024,,GHE,1.0,0.7139106480162555,-1.1102230246251565e-16,0.7139106480162554,centered
fGn_0.75_n1024_r31,fGn_0.75_n1024,,GPH,1.0,0.6955931767917058,-1.1102230246251565e-16,0.6955931767917057,raw
fGn_0.75_n1024_r31,fGn_0.75_n1024,,Higuchi,1.0,0.7017559861511713,0.27154491465915265,0.9733009008103239,raw
fGn_0.75_n1024_r31,fGn_0.75_n1024,,GHE,1.0,0.713652488501788,0.2533452153883303,0.9669977038901183,raw
fGn_0.75_n1024_r31,fGn_0.75_n1024,,GPH,1.0,0.6955931767917058,0.0,0.6955931767917058,centered
fGn_0.75_n1024_r31,fGn_0.75_n1024,,Higuchi,1.0,0.7001385270455243,-2.220446049250313e-16,0.700138527045524,centered
fGn_0.75_n1024_r31,fGn_0.75_n1024,,GHE,1.0,0.7124109355758774,0.0,0.7124109355758774,centered
fGn_0.75_n1024_r32,fGn_0.75_n1024,,GPH,1.0,0.8409716979280375,0.0,0.8409716979280375,raw
fGn_0.75_n1024_r32,fGn_0.75_n1024,,Higuchi,1.0,0.8314964015971156,0.11416910946603465,0.9456655110631502,raw
fGn_0.75_n1024_r32,fGn_0.75_n1024,,GHE,1.0,0.8284430550491803,0.11100776141811186,0.9394508164672921,raw
fGn_0.75_n1024_r32,fGn_0.75_n1024,,GPH,1.0,0.8409716979280374,0.0,0.8409716979280374,centered
fGn_0.75_n1024_r32,fGn_0.75_n1024,,Higuchi,1.0,0.8257023717945444,0.0,0.8257023717945444,centered
fGn_0.75_n1024_r32,fGn_0.75_n1024,,GHE,1.0,0.8234129491966302,-3.3306690738754696e-16,0.8234129491966299,centered
fGn_0.75_n1024_r33,fGn_0.75_n1024,,GPH,1.0,0.6690790514422247,0.0,0.6690790514422247,raw
fGn_0.75_n1024_r33,fGn_0.75_n1024,,Higuchi,1.0,0.702845383092854,0.271052149602252,0.973897532695106,raw
fGn_0.75_n1024_r33,fGn_0.75_n1024,,GHE,1.0,0.7095478155012946,0.25814112710590964,0.9676889426072043,raw
fGn_0.75_n1024_r33,fGn_0.75_n1024,,GPH,1.0,0.6690790514422247,0.0,0.6690790514422247,centered
fGn_0.75_n1024_r33,fGn_0.75_n1024,,Higuchi,1.0,0.7013977478269926,2.220446049250313e-16,0.7013977478269928,centered
fGn_0.75_n1024_r33,fGn_0.75_n1024,,GHE,1.0,0.708291075432571,1.1102230246251565e-16,0.7082910754325711,centered
fGn_0.75_n1024_r34,fGn_0.75_n1024,,GPH,1.0,0.6083744514017521,1.1102230246251565e-16,0.6083744514017522,raw
fGn_0.75_n1024_r34,fGn_0.75_n1024,,Higuchi,1.0,0.7508092086785487,0.20411161198183092,0.9549208206603796,raw
fGn_0.75_n1024_r34,fGn_0.75_n1024,,GHE,1.0,0.7510791457991574,0.19850842852444373,0.9495875743236011,raw
fGn_0.75_n1024_r34,fGn_0.75_n1024,,GPH,1.0,0.6083744514017521,1.1102230246251565e-16,0.6083744514017522,centered
fGn_0.75_n1024_r34,fGn_0.75_n1024,,Higuchi,1.0,0.7499572634272567,0.0,0.7499572634272567,centered
fGn_0.75_n1024_r34,fGn_0.75_n1024,,GHE,1.0,0.7499311068403961,1.1102230246251565e-16,0.7499311068403962,centered
fGn_0.75_n1024_r35,fGn_0.75_n1024,,GPH,1.0,0.8432771633428053,0.0,0.8432771633428053,raw
fGn_0.75_n1024_r35,fGn_0.75_n1024,,Higuchi,1.0,0.7942106329161616,0.19013855492942744,0.984349187845589,raw
fGn_0.75_n1024_r35,fGn_0.75_n1024,,GHE,1.0,0.791671112674275,0.18697262650528235,0.9786437391795574,raw
fGn_0.75_n1024_r35,fGn_0.75_n1024,,GPH,1.0,0.8432771633428053,0.0,0.8432771633428053,centered
fGn_0.75_n1024_r35,fGn_0.75_n1024,,Higuchi,1.0,0.7935306014384069,-4.440892098500626e-16,0.7935306014384065,centered
fGn_0.75_n1024_r35,fGn_0.75_n1024,,GHE,1.0,0.7912026932962738,3.3306690738754696e-16,0.7912026932962741,centered
fGn_0.75_n1024_r36,fGn_0.75_n1024,,GPH,1.0,0.6291776289865176,-1.1102230246251565e-16,0.6291776289865175,raw
fGn_0.75_n1024_r36,fGn_0.75_n1024,,Higuchi,1.0,0.684418638155537,0.29588847237775817,0.9803071105332952,raw
fGn_0.75_n1024_r36,fGn_0.75_n1024,,GHE,1.0,0.6951900450684811,0.28048419800900737,0.9756742430774885,raw
fGn_0.75_n1024_r36,fGn_0.75_n1024,,GPH,1.0,0.6291776289865176,-1.1102230246251565e-16,0.6291776289865175,centered
fGn_0.75_n1024_r36,fGn_0.75_n1024,,Higuchi,1.0,0.6635975502726223,0.0,0.6635975502726223,centered
fGn_0.75_n1024_r36,fGn_0.75_n1024,,GHE,1.0,0.6806359747755665,0.0,0.6806359747755665,centered
fGn_0.75_n1024_r37,fGn_0.75_n1024,,GPH,1.0,0.7589102837469948,0.0,0.7589102837469948,raw
fGn_0.75_n1024_r37,fGn_0.75_n1024,,Higuchi,1.0,0.7698543157383426,0.2137450715361091,0.9835993872744517,raw
fGn_0.75_n1024_r37,fGn_0.75_n1024,,GHE,1.0,0.76495001385273,0.21522452251830138,0.9801745363710314,raw
fGn_0.75_n1024_r37,fGn_0.75_n1024,,GPH,1.0,0.7589102837469948,0.0,0.7589102837469948,centered
fGn_0.75_n1024_r37,fGn_0.75_n1024,,Higuchi,1.0,0.7246189478539613,4.440892098500626e-16,0.7246189478539617,centered
fGn_0.75_n1024_r37,fGn_0.75_n1024,,GHE,1.0,0.7250166991078557,0.0,0.7250166991078557,centered
fGn_0.75_n1024_r38,fGn_0.75_n1024,,GPH,1.0,0.9359133949983258,0.0,0.9359133949983258,raw
fGn_0.75_n1024_r38,fGn_0.75_n1024,,Higuchi,1.0,0.800257421981369,0.1565307572694279,0.9567881792507968,raw
fGn_0.75_n1024_r38,fGn_0.75_n1024,,GHE,1.0,0.7981936316946144,0.15658049398117013,0.9547741256757846,raw
fGn_0.75_n1024_r38,fGn_0.75_n1024,,GPH,1.0,0.9359133949983258,0.0,0.9359133949983258,centered
fGn_0.75_n1024_r38,fGn_0.75_n1024,,Higuchi,1.0,0.7981132978347385,0.0,0.7981132978347385,centered
fGn_0.75_n1024_r38,fGn_0.75_n1024,,GHE,1.0,0.7964124836503585,0.0,0.7964124836503585,centered
fGn_0.75_n1024_r39,fGn_0.75_n1024,,GPH,1.0,0.908398856401254,0.0,0.908398856401254,raw
fGn_0.75_n1024_r39,fGn_0.75_n1024,,Higuchi,1.0,0.7890468697755075,0.15159765301832562,0.9406445227938331,raw
fGn_0.75_n1024_r39,fGn_0.75_n1024,,GHE,1.0,0.7897015132784274,0.14111856124233568,0.9308200745207631,raw
fGn_0.75_n1024_r39,fGn_0.75_n1024,,GPH,1.0,0.908398856401254,0.0,0.908398856401254,centered
fGn_0.75_n1024_r39,fGn_0.75_n1024,,Higuchi,1.0,0.7537694941211559,0.0,0.7537694941211559,centered
fGn_0.75_n1024_r39,fGn_0.75_n1024,,GHE,1.0,0.7557218338404994,0.0,0.7557218338404994,centered
fGn_0.75_n1024_r4,fGn_0.75_n1024,,GPH,1.0,0.7396771814108035,1.1102230246251565e-16,0.7396771814108036,raw
fGn_0.75_n1024_r4,fGn_0.75_n1024,,Higuchi,1.0,0.7245511171200989,0.23873622592613142,0.9632873430462303,raw
fGn_0.75_n1024_r4,fGn_0.75_n1024,,GHE,1.0,0.7296599164671009,0.22583098593391915,0.9554909024010201,raw
fGn_0.75_n1024_r4,fGn_0.75_n1024,,GPH,1.0,0.7396771814108036,0.0,0.7396771814108036,centered
fGn_0.75_n1024_r4,fGn_0.75_n1024,,Higuchi,1.0,0.7136257741426995,0.0,0.7136257741426995,centered
fGn_0.75_n1024_r4,fGn_0.75_n1024,,GHE,1.0,0.7207021906623404,1.1102230246251565e-16,0.7207021906623405,centered
fGn_0.75_n1024_r40,fGn_0.75_n1024,,GPH,1.0,0.888973167541181,0.0,0.888973167541181,raw
fGn_0.75_n1024_r40,fGn_0.75_n1024,,Higuchi,1.0,0.7073977307334451,0.2682206813755925,0.9756184121090377,raw
fGn_0.75_n1024_r40,fGn_0.75_n1024,,GHE,1.0,0.7111559765952454,0.25807148672182556,0.969227463317071,raw
fGn_0.75_n1024_r40,fGn_0.75_n1024,,GPH,1.0,0.888973167541181,0.0,0.888973167541181,centered
fGn_0.75_n1024_r40,fGn_0.75_n1024,,Higuchi,1.0,0.7082814845403,0.0,0.7082814845403,centered
fGn_0.75_n1024_r40,fGn_0.75_n1024,,GHE,1.0,0.7124338091045971,0.0,0.7124338091045971,centered
fGn_0.75_n1024_r41,fGn_0.75_n1024,,GPH,1.0,0.7269099315471005,0.0,0.7269099315471005,raw
fGn_0.75_n1024_r41,fGn_0.75_n1024,,Higuchi,1.0,0.7709960692481577,0.16796489404504533,0.938960963293203,raw
fGn_0.75_n1024_r41,fGn_0.75_n1024,,GHE,1.0,0.7725893885602139,0.15644908783805822,0.9290384763982721,raw
fGn_0.75_n1024_r41,fGn_0.75_n1024,,GPH,1.0,0.7269099315471005,-1.1102230246251565e-16,0.7269099315471004,centered
fGn_0.75_n1024_r41,fGn_0.75_n1024,,Higuchi,1.0,0.6902821347378922,0.0,0.6902821347378922,centered
fGn_0.75_n1024_r41,fGn_0.75_n1024,,GHE,1.0,0.6987657396279219,0.0,0.6987657396279219,centered
fGn_0.75_n1024_r42,fGn_0.75_n1024,,GPH,1.0,0.9291372966136929,0.0,0.9291372966136929,raw
fGn_0.75_n1024_r42,fGn_0.75_n1024,,Higuchi,1.0,0.7915438681842533,0.17968287322766163,0.9712267414119149,raw
fGn_0.75_n1024_r42,fGn_0.75_n1024,,GHE,1.0,0.791481152395032,0.1761515266751027,0.9676326790701347,raw
fGn_0.75_n1024_r42,fGn_0.75_n1024,,GPH,1.0,0.9291372966136929,0.0,0.9291372966136929,centered
fGn_0.75_n1024_r42,fGn_0.75_n1024,,Higuchi,1.0,0.7829155494881841,0.0,0.7829155494881841,centered
fGn_0.75_n1024_r42,fGn_0.75_n1024,,GHE,1.0,0.781138178616942,-1.1102230246251565e-16,0.7811381786169419,centered
fGn_0.75_n1024_r43,fGn_0.75_n1024,,GPH,1.0,0.5401309576313442,0.0,0.5401309576313442,raw
fGn_0.75_n1024_r43,fGn_0.75_n1024,,Higuchi,1.0,0.6694384551849408,0.29812495720917975,0.9675634123941206,raw
fGn_0.75_n1024_r43,fGn_0.75_n1024,,GHE,1.0,0.6749831943855238,0.28609883708129535,0.9610820314668191,raw
fGn_0.75_n1024_r43,fGn_0.75_n1024,,GPH,1.0,0.5401309576313442,0.0,0.5401309576313442,centered
fGn_0.75_n1024_r43,fGn_0.75_n1024,,Higuchi,1.0,0.6620004100438628,0.0,0.6620004100438628,centered
fGn_0.75_n1024_r43,fGn_0.75_n1024,,GHE,1.0,0.6685077711801126,-1.1102230246251565e-16,0.6685077711801125,centered
fGn_0.75_n1024_r44,fGn_0.75_n1024,,GPH,1.0,0.8802725419809576,-2.220446049250313e-16,0.8802725419809574,raw
fGn_0.75_n1024_r44,fGn_0.75_n1024,,Higuchi,1.0,0.7721555637789919,0.2087849779507731,0.980940541729765,raw
fGn_0.75_n1024_r44,fGn_0.75_n1024,,GHE,1.0,0.7645250928597997,0.2116787537929753,0.976203846652775,raw
fGn_0.75_n1024_r44,fGn_0.75_n1024,,GPH,1.0,0.8802725419809576,-2.220446049250313e-16,0.8802725419809574,centered
fGn_0.75_n1024_r44,fGn_0.75_n1024,,Higuchi,1.0,0.7465098770285927,0.0,0.7465098770285927,centered
fGn_0.75_n1024_r44,fGn_0.75_n1024,,GHE,1.0,0.7418227616811283,-1.1102230246251565e-16,0.7418227616811282,centered
fGn_0.75_n1024_r45,fGn_0.75_n1024,,GPH,1.0,0.8122658966530352,0.0,0.8122658966530352,raw
fGn_0.75_n1024_r45,fGn_0.75_n1024,,Higuchi,1.0,0.759738585124234,0.1573194860720779,0.9170580711963119,raw
fGn_0.75_n1024_r45,fGn_0.75_n1024,,GHE,1.0,0.7582465617081148,0.1524397211879267,0.9106862828960415,raw
fGn_0.75_n1024_r45,fGn_0.75_n1024,,GPH,1.0,0.8122658966530352,0.0,0.8122658966530352,centered
fGn_0.75_n1024_r45,fGn_0.75_n1024,,Higuchi,1.0,0.6722368303662576,-2.220446049250313e-16,0.6722368303662574,centered
fGn_0.75_n1024_r45,fGn_0.75_n1024,,GHE,1.0,0.6775392348769564,0.0,0.6775392348769564,centered
fGn_0.75_n1024_r46,fGn_0.75_n1024,,GPH,1.0,0.7415705612045649,0.0,0.7415705612045649,raw
fGn_0.75_n1024_r46,fGn_0.75_n1024,,Higuchi,1.0,0.7455436617008782,0.22223082488625234,0.9677744865871305,raw
fGn_0.75_n1024_r46,fGn_0.75_n1024,,GHE,1.0,0.7411813109044899,0.22013152393165192,0.9613128348361418,raw
fGn_0.75_n1024_r46,fGn_0.75_n1024,,GPH,1.0,0.7415705612045649,1.1102230246251565e-16,0.741570561204565,centered
fGn_0.75_n1024_r46,fGn_0.75_n1024,,Higuchi,1.0,0.7422548983694786,0.0,0.7422548983694786,centered
fGn_0.75_n1024_r46,fGn_0.75_n1024,,GHE,1.0,0.7384404201298532,0.0,0.7384404201298532,centered
fGn_0.75_n1024_r47,fGn_0.75_n1024,,GPH,1.0,0.8378429895986941,0.0,0.8378429895986941,raw
fGn_0.75_n1024_r47,fGn_0.75_n1024,,Higuchi,1.0,0.7798040350985354,0.19914601114257136,0.9789500462411067,raw
fGn_0.75_n1024_r47,fGn_0.75_n1024,,GHE,1.0,0.7802726227497089,0.19464099686907022,0.9749136196187791,raw
fGn_0.75_n1024_r47,fGn_0.75_n1024,,GPH,1.0,0.8378429895986941,0.0,0.8378429895986941,centered
fGn_0.75_n1024_r47,fGn_0.75_n1024,,Higuchi,1.0,0.769950926928201,0.0,0.769950926928201,centered
fGn_0.75_n1024_r47,fGn_0.75_n1024,,GHE,1.0,0.7690755432711788,-1.1102230246251565e-16,0.7690755432711787,centered
fGn_0.75_n1024_r48,fGn_0.75_n1024,,GPH,1.0,0.6812732220443775,-1.1102230246251565e-16,0.6812732220443773,raw
fGn_0.75_n1024_r48,fGn_0.75_n1024,,Higuchi,1.0,0.8073108219443543,0.1017168840278535,0.9090277059722078,raw
fGn_0.75_n1024_r48,fGn_0.75_n1024,,GHE,1.0,0.8074181255623024,0.09401522359689374,0.9014333491591962,raw
fGn_0.75_n1024_r48,fGn_0.75_n1024,,GPH,1.0,0.6812732220443775,0.0,0.6812732220443775,centered
fGn_0.75_n1024_r48,fGn_0.75_n1024,,Higuchi,1.0,0.7518066091982367,-2.220446049250313e-16,0.7518066091982365,centered
fGn_0.75_n1024_r48,fGn_0.75_n1024,,GHE,1.0,0.7533851673325161,-1.1102230246251565e-16,0.753385167332516,centered
fGn_0.75_n1024_r49,fGn_0.75_n1024,,GPH,1.0,0.8352703765263157,1.1102230246251565e-16,0.8352703765263159,raw
fGn_0.75_n1024_r49,fGn_0.75_n1024,,Higuchi,1.0,0.7477650599876562,0.21777185279401334,0.9655369127816695,raw
fGn_0.75_n1024_r49,fGn_0.75_n1024,,GHE,1.0,0.7489097876370672,0.20815041306477533,0.9570602007018425,raw
fGn_0.75_n1024_r49,fGn_0.75_n1024,,GPH,1.0,0.8352703765263157,1.1102230246251565e-16,0.8352703765263159,centered
fGn_0.75_n1024_r49,fGn_0.75_n1024,,Higuchi,1.0,0.7423502697140576,0.0,0.7423502697140576,centered
fGn_0.75_n1024_r49,fGn_0.75_n1024,,GHE,1.0,0.7443104999863362,-1.1102230246251565e-16,0.7443104999863361,centered
fGn_0.75_n1024_r5,fGn_0.75_n1024,,GPH,1.0,0.7735535750166265,-1.1102230246251565e-16,0.7735535750166264,raw
fGn_0.75_n1024_r5,fGn_0.75_n1024,,Higuchi,1.0,0.741099631702645,0.2358251066045094,0.9769247383071544,raw
fGn_0.75_n1024_r5,fGn_0.75_n1024,,GHE,1.0,0.7362862250430667,0.2355647909396288,0.9718510159826955,raw
fGn_0.75_n1024_r5,fGn_0.75_n1024,,GPH,1.0,0.7735535750166265,0.0,0.7735535750166265,centered
fGn_0.75_n1024_r5,fGn_0.75_n1024,,Higuchi,1.0,0.7327640705424894,0.0,0.7327640705424894,centered
fGn_0.75_n1024_r5,fGn_0.75_n1024,,GHE,1.0,0.7281616853718205,2.220446049250313e-16,0.7281616853718207,centered
fGn_0.75_n1024_r50,fGn_0.75_n1024,,GPH,1.0,0.9004204668544823,0.0,0.9004204668544823,raw
fGn_0.75_n1024_r50,fGn_0.75_n1024,,Higuchi,1.0,0.8283063960711212,0.07867733308500124,0.9069837291561225,raw
fGn_0.75_n1024_r50,fGn_0.75_n1024,,GHE,1.0,0.8195698974271951,0.08341005855480466,0.9029799559819998,raw
fGn_0.75_n1024_r50,fGn_0.75_n1024,,GPH,1.0,0.9004204668544822,0.0,0.9004204668544822,centered
fGn_0.75_n1024_r50,fGn_0.75_n1024,,Higuchi,1.0,0.7715026440170554,0.0,0.7715026440170554,centered
fGn_0.75_n1024_r50,fGn_0.75_n1024,,GHE,1.0,0.772638050859478,0.0,0.772638050859478,centered
fGn_0.75_n1024_r51,fGn_0.75_n1024,,GPH,1.0,0.8871959234870344,-1.1102230246251565e-16,0.8871959234870342,raw
fGn_0.75_n1024_r51,fGn_0.75_n1024,,Higuchi,1.0,0.7180638773335655,0.23623847465694636,0.9543023519905118,raw
fGn_0.75_n1024_r51,fGn_0.75_n1024,,GHE,1.0,0.7227102394755076,0.22626117474124208,0.9489714142167497,raw
fGn_0.75_n1024_r51,fGn_0.75_n1024,,GPH,1.0,0.8871959234870342,1.1102230246251565e-16,0.8871959234870344,centered
fGn_0.75_n1024_r51,fGn_0.75_n1024,,Higuchi,1.0,0.7097428709799432,0.0,0.7097428709799432,centered
fGn_0.75_n1024_r51,fGn_0.75_n1024,,GHE,1.0,0.7143103437207475,0.0,0.7143103437207475,centered
fGn_0.75_n1024_r52,fGn_0.75_n1024,,GPH,1.0,0.8676429025588757,-1.1102230246251565e-16,0.8676429025588756,raw
fGn_0.75_n1024_r52,fGn_0.75_n1024,,Higuchi,1.0,0.7121539082979353,0.25144848343085746,0.9636023917287928,raw
fGn_0.75_n1024_r52,fGn_0.75_n1024,,GHE,1.0,0.7115338402722639,0.24359639900518204,0.9551302392774459,raw
fGn_0.75_n1024_r52,fGn_0.75_n1024,,GPH,1.0,0.8676429025588756,-1.1102230246251565e-16,0.8676429025588754,centered
fGn_0.75_n1024_r52,fGn_0.75_n1024,,Higuchi,1.0,0.7114423279621604,0.0,0.7114423279621604,centered
fGn_0.75_n1024_r52,fGn_0.75_n1024,,GHE,1.0,0.7104468483894905,0.0,0.7104468483894905,centered
fGn_0.75_n1024_r53,fGn_0.75_n1024,,GPH,1.0,0.5899848984271303,-1.1102230246251565e-16,0.5899848984271302,raw
fGn_0.75_n1024_r53,fGn_0.75_n1024,,Higuchi,1.0,0.7824469109306107,0.21127560172981008,0.9937225126604208,raw
fGn_0.75_n1024_r53,fGn_0.75_n1024,,GHE,1.0,0.7782581541227349,0.21244635360899722,0.9907045077317321,raw
fGn_0.75_n1024_r53,fGn_0.75_n1024,,GPH,1.0,0.5899848984271303,0.0,0.5899848984271303,centered
fGn_0.75_n1024_r53,fGn_0.75_n1024,,Higuchi,1.0,0.679200514660272,0.0,0.679200514660272,centered
fGn_0.75_n1024_r53,fGn_0.75_n1024,,GHE,1.0,0.684133216113916,0.0,0.684133216113916,centered
fGn_0.75_n1024_r54,fGn_0.75_n1024,,GPH,1.0,0.9284263722547921,-3.3306690738754696e-16,0.9284263722547917,raw
fGn_0.75_n1024_r54,fGn_0.75_n1024,,Higuchi,1.0,0.8219647096675775,0.11549600097634616,0.9374607106439237,raw
fGn_0.75_n1024_r54,fGn_0.75_n1024,,GHE,1.0,0.8223280533321115,0.10929811039814019,0.9316261637302516,raw
fGn_0.75_n1024_r54,fGn_0.75_n1024,,GPH,1.0,0.9284263722547919,0.0,0.9284263722547919,centered
fGn_0.75_n1024_r54,fGn_0.75_n1024,,Higuchi,1.0,0.8114732893442735,0.0,0.8114732893442735,centered
fGn_0.75_n1024_r54,fGn_0.75_n1024,,GHE,1.0,0.8141357117111239,0.0,0.8141357117111239,centered
fGn_0.75_n1024_r55,fGn_0.75_n1024,,GPH,1.0,0.8086101010651122,-1.1102230246251565e-16,0.8086101010651121,raw
fGn_0.75_n1024_r55,fGn_0.75_n1024,,Higuchi,1.0,0.7388536611148087,0.20569195120537098,0.9445456123201796,raw
fGn_0.75_n1024_r55,fGn_0.75_n1024,,GHE,1.0,0.7343054139375164,0.20735575088422575,0.9416611648217421,raw
fGn_0.75_n1024_r55,fGn_0.75_n1024,,GPH,1.0,0.8086101010651122,1.1102230246251565e-16,0.8086101010651123,centered
fGn_0.75_n1024_r55,fGn_0.75_n1024,,Higuchi,1.0,0.7384854304165653,0.0,0.7384854304165653,centered
fGn_0.75_n1024_r55,fGn_0.75_n1024,,GHE,1.0,0.7339286878889741,1.1102230246251565e-16,0.7339286878889743,centered
fGn_0.75_n1024_r56,fGn_0.75_n1024,,GPH,1.0,0.5433299052460948,0.0,0.5433299052460948,raw
fGn_0.75_n1024_r56,fGn_0.75_n1024,,Higuchi,1.0,0.7346950681199156,0.20915121487383326,0.9438462829937488,raw
fGn_0.75_n1024_r56,fGn_0.75_n1024,,GHE,1.0,0.7372733094872765,0.19884578448762036,0.9361190939748969,raw
fGn_0.75_n1024_r56,fGn_0.75_n1024,,GPH,1.0,0.5433299052460948,0.0,0.5433299052460948,centered
fGn_0.75_n1024_r56,fGn_0.75_n1024,,Higuchi,1.0,0.7082840721472519,0.0,0.7082840721472519,centered
fGn_0.75_n1024_r56,fGn_0.75_n1024,,GHE,1.0,0.7147084542690219,0.0,0.7147084542690219,centered
fGn_0.75_n1024_r57,fGn_0.75_n1024,,GPH,1.0,0.6270952866248314,0.0,0.6270952866248314,raw
fGn_0.75_n1024_r57,fGn_0.75_n1024,,Higuchi,1.0,0.7336544070487492,0.2271365895809343,0.9607909966296835,raw
fGn_0.75_n1024_r57,fGn_0.75_n1024,,GHE,1.0,0.7294394002591041,0.2232028939699403,0.9526422942290445,raw
fGn_0.75_n1024_r57,fGn_0.75_n1024,,GPH,1.0,0.6270952866248314,0.0,0.6270952866248314,centered
fGn_0.75_n1024_r57,fGn_0.75_n1024,,Higuchi,1.0,0.7266946032041801,0.0,0.7266946032041801,centered
fGn_0.75_n1024_r57,fGn_0.75_n1024,,GHE,1.0,0.7233112674940936,0.0,0.7233112674940936,centered
fGn_0.75_n1024_r58,fGn_0.75_n1024,,GPH,1.0,0.7860031288445617,0.0,0.7860031288445617,raw
fGn_0.75_n1024_r58,fGn_0.75_n1024,,Higuchi,1.0,0.7597131335229896,0.22111944557560825,0.9808325790985979,raw
fGn_0.75_n1024_r58,fGn_0.75_n1024,,GHE,1.0,0.757695597735246,0.21896534592250572,0.9766609436577517,raw
fGn_0.75_n1024_r58,fGn_0.75_n1024,,GPH,1.0,0.7860031288445617,0.0,0.7860031288445617,centered
fGn_0.75_n1024_r58,fGn_0.75_n1024,,Higuchi,1.0,0.6706629673855575,0.0,0.6706629673855575,centered
fGn_0.75_n1024_r58,fGn_0.75_n1024,,GHE,1.0,0.6811577184981187,1.1102230246251565e-16,0.6811577184981188,centered
fGn_0.75_n1024_r59,fGn_0.75_n1024,,GPH,1.0,0.9274931519915404,0.0,0.9274931519915404,raw
fGn_0.75_n1024_r59,fGn_0.75_n1024,,Higuchi,1.0,0.7809479677807054,0.1565013380695952,0.9374493058503006,raw
fGn_0.75_n1024_r59,fGn_0.75_n1024,,GHE,1.0,0.7746201455650502,0.15339225388779476,0.928012399452845,raw
fGn_0.75_n1024_r59,fGn_0.75_n1024,,GPH,1.0,0.9274931519915403,0.0,0.9274931519915403,centered
fGn_0.75_n1024_r59,fGn_0.75_n1024,,Higuchi,1.0,0.7311864098591792,0.0,0.7311864098591792,centered
fGn_0.75_n1024_r59,fGn_0.75_n1024,,GHE,1.0,0.7326987864996094,0.0,0.7326987864996094,centered
fGn_0.75_n1024_r6,fGn_0.75_n1024,,GPH,1.0,0.8279986880170815,0.0,0.8279986880170815,raw
fGn_0.75_n1024_r6,fGn_0.75_n1024,,Higuchi,1.0,0.7269650426460221,0.2334245392551273,0.9603895819011494,raw
fGn_0.75_n1024_r6,fGn_0.75_n1024,,GHE,1.0,0.7279320138768302,0.2266735179187952,0.9546055317956254,raw
fGn_0.75_n1024_r6,fGn_0.75_n1024,,GPH,1.0,0.8279986880170815,0.0,0.8279986880170815,centered
fGn_0.75_n1024_r6,fGn_0.75_n1024,,Higuchi,1.0,0.7202332896553545,0.0,0.7202332896553545,centered
fGn_0.75_n1024_r6,fGn_0.75_n1024,,GHE,1.0,0.7207469744498762,0.0,0.7207469744498762,centered
fGn_0.75_n1024_r60,fGn_0.75_n1024,,GPH,1.0,1.0654674366538162,0.0,1.0654674366538162,raw
fGn_0.75_n1024_r60,fGn_0.75_n1024,,Higuchi,1.0,0.809410062663277,0.14972720378576376,0.9591372664490407,raw
fGn_0.75_n1024_r60,fGn_0.75_n1024,,GHE,1.0,0.811821783233368,0.14095951204358248,0.9527812952769504,raw
fGn_0.75_n1024_r60,fGn_0.75_n1024,,GPH,1.0,1.0654674366538162,0.0,1.0654674366538162,centered
fGn_0.75_n1024_r60,fGn_0.75_n1024,,Higuchi,1.0,0.8082092521849129,2.220446049250313e-16,0.8082092521849131,centered
fGn_0.75_n1024_r60,fGn_0.75_n1024,,GHE,1.0,0.8108105184301541,0.0,0.8108105184301541,centered
fGn_0.75_n1024_r61,fGn_0.75_n1024,,GPH,1.0,0.8112695262651335,0.0,0.8112695262651335,raw
fGn_0.75_n1024_r61,fGn_0.75_n1024,,Higuchi,1.0,0.7657532283354647,0.19755516905040826,0.9633083973858729,raw
fGn_0.75_n1024_r61,fGn_0.75_n1024,,GHE,1.0,0.7619680044689303,0.19418583879720175,0.9561538432661321,raw
fGn_0.75_n1024_r61,fGn_0.75_n1024,,GPH,1.0,0.8112695262651335,0.0,0.8112695262651335,centered
fGn_0.75_n1024_r61,fGn_0.75_n1024,,Higuchi,1.0,0.7599913971119556,0.0,0.7599913971119556,centered
fGn_0.75_n1024_r61,fGn_0.75_n1024,,GHE,1.0,0.7582002444631641,0.0,0.7582002444631641,centered
fGn_0.75_n1024_r62,fGn_0.75_n1024,,GPH,1.0,0.8206283745653629,0.0,0.8206283745653629,raw
fGn_0.75_n1024_r62,fGn_0.75_n1024,,Higuchi,1.0,0.713941169199066,0.256872452863137,0.970813622062203,raw
fGn_0.75_n1024_r62,fGn_0.75_n1024,,GHE,1.0,0.7145549033124339,0.24893559715289304,0.9634905004653269,raw
fGn_0.75_n1024_r62,fGn_0.75_n1024,,GPH,1.0,0.8206283745653629,0.0,0.8206283745653629,centered
fGn_0.75_n1024_r62,fGn_0.75_n1024,,Higuchi,1.0,0.7084677517178772,-4.440892098500626e-16,0.7084677517178768,centered
fGn_0.75_n1024_r62,fGn_0.75_n1024,,GHE,1.0,0.7098968518955362,-1.1102230246251565e-16,0.7098968518955361,centered
fGn_0.75_n1024_r63,fGn_0.75_n1024,,GPH,1.0,0.5616913765804107,0.0,0.5616913765804107,raw
fGn_0.75_n1024_r63,fGn_0.75_n1024,,Higuchi,1.0,0.8139189056995637,0.08725464546940254,0.9011735511689662,raw
fGn_0.75_n1024_r63,fGn_0.75_n1024,,GHE,1.0,0.8082390725690992,0.07829000368014505,0.8865290762492443,raw
fGn_0.75_n1024_r63,fGn_0.75_n1024,,GPH,1.0,0.5616913765804108,-1.1102230246251565e-16,0.5616913765804107,centered
fGn_0.75_n1024_r63,fGn_0.75_n1024,,Higuchi,1.0,0.6606454051727635,0.0,0.6606454051727635,centered
fGn_0.75_n1024_r63,fGn_0.75_n1024,,GHE,1.0,0.6650993223754177,0.0,0.6650993223754177,centered
fGn_0.75_n1024_r7,fGn_0.75_n1024,,GPH,1.0,0.8691516614736715,0.0,0.8691516614736715,raw
fGn_0.75_n1024_r7,fGn_0.75_n1024,,Higuchi,1.0,0.7257613788985136,0.2111353505632243,0.9368967294617379,raw
fGn_0.75_n1024_r7,fGn_0.75_n1024,,GHE,1.0,0.7309897787044712,0.19956494917469214,0.9305547278791634,raw
fGn_0.75_n1024_r7,fGn_0.75_n1024,,GPH,1.0,0.8691516614736715,0.0,0.8691516614736715,centered
fGn_0.75_n1024_r7,fGn_0.75_n1024,,Higuchi,1.0,0.7025294485268196,0.0,0.7025294485268196,centered
fGn_0.75_n1024_r7,fGn_0.75_n1024,,GHE,1.0,0.7096236430186839,0.0,0.7096236430186839,centered
fGn_0.75_n1024_r8,fGn_0.75_n1024,,GPH,1.0,0.7468508365034433,0.0,0.7468508365034433,raw
fGn_0.75_n1024_r8,fGn_0.75_n1024,,Higuchi,1.0,0.7562801985864271,0.17992193850558502,0.9362021370920122,raw
fGn_0.75_n1024_r8,fGn_0.75_n1024,,GHE,1.0,0.7561806020464172,0.1741085137798306,0.9302891158262478,raw
fGn_0.75_n1024_r8,fGn_0.75_n1024,,GPH,1.0,0.7468508365034433,0.0,0.7468508365034433,centered
fGn_0.75_n1024_r8,fGn_0.75_n1024,,Higuchi,1.0,0.7073528684350117,0.0,0.7073528684350117,centered
fGn_0.75_n1024_r8,fGn_0.75_n1024,,GHE,1.0,0.7159956297036965,0.0,0.7159956297036965,centered
fGn_0.75_n1024_r9,fGn_0.75_n1024,,GPH,1.0,0.675033890571151,-1.1102230246251565e-16,0.6750338905711509,raw
fGn_0.75_n1024_r9,fGn_0.75_n1024,,Higuchi,1.0,0.6719689966621007,0.3075917933901804,0.9795607900522811,raw
fGn_0.75_n1024_r9,fGn_0.75_n1024,,GHE,1.0,0.6779399444356838,0.2959048182031865,0.9738447626388703,raw
fGn_0.75_n1024_r9,fGn_0.75_n1024,,GPH,1.0,0.675033890571151,-1.1102230246251565e-16,0.6750338905711509,centered
fGn_0.75_n1024_r9,fGn_0.75_n1024,,Higuchi,1.0,0.6628316852100986,0.0,0.6628316852100986,centered
fGn_0.75_n1024_r9,fGn_0.75_n1024,,GHE,1.0,0.6714953247749926,-1.1102230246251565e-16,0.6714953247749925,centered
fGn_0.75_n256_r0,fGn_0.75_n256,,GPH,1.0,0.6824557718714852,0.0,0.6824557718714852,raw
fGn_0.75_n256_r0,fGn_0.75_n256,,Higuchi,1.0,0.6759663155871476,0.2975693414580405,0.9735356570451881,raw
fGn_0.75_n256_r0,fGn_0.75_n256,,GHE,1.0,0.6933847478505663,0.2741186452483826,0.9675033930989488,raw
fGn_0.75_n256_r0,fGn_0.75_n256,,GPH,1.0,0.6824557718714852,0.0,0.6824557718714852,centered
fGn_0.75_n256_r0,fGn_0.75_n256,,Higuchi,1.0,0.6212848399415092,0.0,0.6212848399415092,centered
fGn_0.75_n256_r0,fGn_0.75_n256,,GHE,1.0,0.651852250981176,0.0,0.651852250981176,centered
fGn_0.75_n256_r1,fGn_0.75_n256,,GPH,1.0,0.843111762118262,-1.1102230246251565e-16,0.8431117621182619,raw
fGn_0.75_n256_r1,fGn_0.75_n256,,Higuchi,1.0,0.6934968224370053,0.2710274068355407,0.964524229272546,raw
fGn_0.75_n256_r1,fGn_0.75_n256,,GHE,1.0,0.7045600777610853,0.25854603448446634,0.9631061122455516,raw
fGn_0.75_n256_r1,fGn_0.75_n256,,GPH,1.0,0.843111762118262,0.0,0.843111762118262,centered
fGn_0.75_n256_r1,fGn_0.75_n256,,Higuchi,1.0,0.6603942389459867,0.0,0.6603942389459867,centered
fGn_0.75_n256_r1,fGn_0.75_n256,,GHE,1.0,0.673762499078724,-1.1102230246251565e-16,0.6737624990787239,centered
fGn_0.75_n256_r10,fGn_0.75_n256,,GPH,1.0,0.47095584898351456,1.6653345369377348e-16,0.4709558489835147,raw
fGn_0.75_n256_r10,fGn_0.75_n256,,Higuchi,1.0,0.6546365270231742,0.3343288340944781,0.9889653611176523,raw
fGn_0.75_n256_r10,fGn_0.75_n256,,GHE,1.0,0.6611614286909485,0.32350085867094025,0.9846622873618888,raw
fGn_0.75_n256_r10,fGn_0.75_n256,,GPH,1.0,0.4709558489835146,1.1102230246251565e-16,0.4709558489835147,centered
fGn_0.75_n256_r10,fGn_0.75_n256,,Higuchi,1.0,0.6184093630948679,0.0,0.6184093630948679,centered
fGn_0.75_n256_r10,fGn_0.75_n256,,GHE,1.0,0.6318803931848077,0.0,0.6318803931848077,centered
fGn_0.75_n256_r11,fGn_0.75_n256,,GPH,1.0,0.7406344009855411,0.0,0.7406344009855411,raw
fGn_0.75_n256_r11,fGn_0.75_n256,,Higuchi,1.0,0.83572736141035,0.03476398137446912,0.8704913427848191,raw
fGn_0.75_n256_r11,fGn_0.75_n256,,GHE,1.0,0.8334509611452665,0.03452559322808213,0.8679765543733486,raw
fGn_0.75_n256_r11,fGn_0.75_n256,,GPH,1.0,0.7406344009855412,-1.1102230246251565e-16,0.7406344009855411,centered
fGn_0.75_n256_r11,fGn_0.75_n256,,Higuchi,1.0,0.6306961250791534,2.220446049250313e-16,0.6306961250791536,centered
fGn_0.75_n256_r11,fGn_0.75_n256,,GHE,1.0,0.6629568275541999,1.1102230246251565e-16,0.6629568275542,centered
fGn_0.75_n256_r12,fGn_0.75_n256,,GPH,1.0,0.8599939609968308,0.0,0.8599939609968308,raw
fGn_0.75_n256_r12,fGn_0.75_n256,,Higuchi,1.0,0.7978098902001491,0.19176343488650205,0.9895733250866512,raw
fGn_0.75_n256_r12,fGn_0.75_n256,,GHE,1.0,0.7961938095953567,0.19292515163779322,0.9891189612331499,raw
fGn_0.75_n256_r12,fGn_0.75_n256,,GPH,1.0,0.8599939609968309,-1.1102230246251565e-16,0.8599939609968308,centered
fGn_0.75_n256_r12,fGn_0.75_n256,,Higuchi,1.0,0.6231883154621565,0.0,0.6231883154621565,centered
fGn_0.75_n256_r12,fGn_0.75_n256,,GHE,1.0,0.641205447112152,0.0,0.641205447112152,centered
fGn_0.75_n256_r13,fGn_0.75_n256,,GPH,1.0,0.7834957825817292,0.0,0.7834957825817292,raw
fGn_0.75_n256_r13,fGn_0.75_n256,,Higuchi,1.0,0.7172470608610477,0.2708468665809649,0.9880939274420126,raw
fGn_0.75_n256_r13,fGn_0.75_n256,,GHE,1.0,0.7240534767084709,0.2573056511554612,0.9813591278639321,raw
fGn_0.75_n256_r13,fGn_0.75_n256,,GPH,1.0,0.7834957825817292,0.0,0.7834957825817292,centered
fGn_0.75_n256_r13,fGn_0.75_n256,,Higuchi,1.0,0.7110352696237143,0.0,0.7110352696237143,centered
fGn_0.75_n256_r13,fGn_0.75_n256,,GHE,1.0,0.7166990742819429,-1.1102230246251565e-16,0.7166990742819428,centered
fGn_0.75_n256_r14,fGn_0.75_n256,,GPH,1.0,0.9166533571240555,1.1102230246251565e-16,0.9166533571240556,raw
fGn_0.75_n256_r14,fGn_0.75_n256,,Higuchi,1.0,0.6926930092957944,0.26353789701306796,0.9562309063088623,raw
fGn_0.75_n256_r14,fGn_0.75_n256,,GHE,1.0,0.6944535971912396,0.2598457907388593,0.9542993879300988,raw
fGn_0.75_n256_r14,fGn_0.75_n256,,GPH,1.0,0.9166533571240555,1.1102230246251565e-16,0.9166533571240556,centered
fGn_0.75_n256_r14,fGn_0.75_n256,,Higuchi,1.0,0.6870594785137127,0.0,0.6870594785137127,centered
fGn_0.75_n256_r14,fGn_0.75_n256,,GHE,1.0,0.690699450759362,0.0,0.690699450759362,centered
fGn_0.75_n256_r15,fGn_0.75_n256,,GPH,1.0,0.5487393267801342,1.1102230246251565e-16,0.5487393267801343,raw
fGn_0.75_n256_r15,fGn_0.75_n256,,Higuchi,1.0,0.6770286779676331,0.3077533017952918,0.9847819797629249,raw
fGn_0.75_n256_r15,fGn_0.75_n256,,GHE,1.0,0.6855843020123318,0.2968967478419675,0.9824810498542993,raw
fGn_0.75_n256_r15,fGn_0.75_n256,,GPH,1.0,0.5487393267801342,0.0,0.5487393267801342,centered
fGn_0.75_n256_r15,fGn_0.75_n256,,Higuchi,1.0,0.5661461362264559,0.0,0.5661461362264559,centered
fGn_0.75_n256_r15,fGn_0.75_n256,,GHE,1.0,0.5909353235507728,0.0,0.5909353235507728,centered
fGn_0.75_n256_r16,fGn_0.75_n256,,GPH,1.0,0.7051814400542986,0.0,0.7051814400542986,raw
fGn_0.75_n256_r16,fGn_0.75_n256,,Higuchi,1.0,0.7251082283497123,0.26527613854060283,0.9903843668903152,raw
fGn_0.75_n256_r16,fGn_0.75_n256,,GHE,1.0,0.7337807351810904,0.25645178976964955,0.99023252495074,raw
fGn_0.75_n256_r16,fGn_0.75_n256,,GPH,1.0,0.7051814400542986,0.0,0.7051814400542986,centered
fGn_0.75_n256_r16,fGn_0.75_n256,,Higuchi,1.0,0.6531134964065108,-4.440892098500626e-16,0.6531134964065104,centered
fGn_0.75_n256_r16,fGn_0.75_n256,,GHE,1.0,0.6695387048526003,0.0,0.6695387048526003,centered
fGn_0.75_n256_r17,fGn_0.75_n256,,GPH,1.0,0.7890957624367496,-1.1102230246251565e-16,0.7890957624367495,raw
fGn_0.75_n256_r17,fGn_0.75_n256,,Higuchi,1.0,0.8608750035829957,0.14060931210759398,1.0014843156905897,raw
fGn_0.75_n256_r17,fGn_0.75_n256,,GHE,1.0,0.8514143772273399,0.1484117455853009,0.9998261228126408,raw
fGn_0.75_n256_r17,fGn_0.75_n256,,GPH,1.0,0.7890957624367496,-1.1102230246251565e-16,0.7890957624367495,centered
fGn_0.75_n256_r17,fGn_0.75_n256,,Higuchi,1.0,0.5092832075051061,0.0,0.5092832075051061,centered
fGn_0.75_n256_r17,fGn_0.75_n256,,GHE,1.0,0.5538568116964988,0.0,0.5538568116964988,centered
fGn_0.75_n256_r18,fGn_0.75_n256,,GPH,1.0,0.5758530430951886,1.1102230246251565e-16,0.5758530430951887,raw
fGn_0.75_n256_r18,fGn_0.75_n256,,Higuchi,1.0,0.6269892821635668,0.3533555307051759,0.9803448128687426,raw
fGn_0.75_n256_r18,fGn_0.75_n256,,GHE,1.0,0.6306820685221888,0.346774397361312,0.9774564658835008,raw
fGn_0.75_n256_r18,fGn_0.75_n256,,GPH,1.0,0.5758530430951886,1.1102230246251565e-16,0.5758530430951887,centered
fGn_0.75_n256_r18,fGn_0.75_n256,,Higuchi,1.0,0.6215931688892429,2.220446049250313e-16,0.6215931688892431,centered
fGn_0.75_n256_r18,fGn_0.75_n256,,GHE,1.0,0.6265019111962347,-1.1102230246251565e-16,0.6265019111962346,centered
fGn_0.75_n256_r19,fGn_0.75_n256,,GPH,1.0,0.9156302035672665,0.0,0.9156302035672665,raw
fGn_0.75_n256_r19,fGn_0.75_n256,,Higuchi,1.0,0.7703646085613589,0.1843240749480206,0.9546886835093795,raw
fGn_0.75_n256_r19,fGn_0.75_n256,,GHE,1.0,0.7749227803111624,0.17916955341533525,0.9540923337264976,raw
fGn_0.75_n256_r19,fGn_0.75_n256,,GPH,1.0,0.9156302035672665,0.0,0.9156302035672665,centered
fGn_0.75_n256_r19,fGn_0.75_n256,,Higuchi,1.0,0.7752442093034626,0.0,0.7752442093034626,centered
fGn_0.75_n256_r19,fGn_0.75_n256,,GHE,1.0,0.7794105755120406,-1.1102230246251565e-16,0.7794105755120405,centered
fGn_0.75_n256_r2,fGn_0.75_n256,,GPH,1.0,0.6762673743040254,0.0,0.6762673743040254,raw
fGn_0.75_n256_r2,fGn_0.75_n256,,Higuchi,1.0,0.7275344918597961,0.22281900632051888,0.950353498180315,raw
fGn_0.75_n256_r2,fGn_0.75_n256,,GHE,1.0,0.7265923590585802,0.21333751799859135,0.9399298770571716,raw
fGn_0.75_n256_r2,fGn_0.75_n256,,GPH,1.0,0.6762673743040254,-1.1102230246251565e-16,0.6762673743040253,centered
fGn_0.75_n256_r2,fGn_0.75_n256,,Higuchi,1.0,0.5887236179407531,-4.440892098500626e-16,0.5887236179407527,centered
fGn_0.75_n256_r2,fGn_0.75_n256,,GHE,1.0,0.6116069452986652,0.0,0.6116069452986652,centered
fGn_0.75_n256_r20,fGn_0.75_n256,,GPH,1.0,0.6431443699451482,0.0,0.6431443699451482,raw
fGn_0.75_n256_r20,fGn_0.75_n256,,Higuchi,1.0,0.8055727196157998,0.1877712773242861,0.9933439969400859,raw
fGn_0.75_n256_r20,fGn_0.75_n256,,GHE,1.0,0.7972144486295364,0.19239860526520536,0.9896130538947417,raw
fGn_0.75_n256_r20,fGn_0.75_n256,,GPH,1.0,0.6431443699451482,0.0,0.6431443699451482,centered
fGn_0.75_n256_r20,fGn_0.75_n256,,Higuchi,1.0,0.7046195774335138,-4.440892098500626e-16,0.7046195774335133,centered
fGn_0.75_n256_r20,fGn_0.75_n256,,GHE,1.0,0.7114061655782704,0.0,0.7114061655782704,centered
fGn_0.75_n256_r21,fGn_0.75_n256,,GPH,1.0,0.8316511504521504,-2.220446049250313e-16,0.8316511504521502,raw
fGn_0.75_n256_r21,fGn_0.75_n256,,Higuchi,1.0,0.7672881918530967,0.18846974530683602,0.9557579371599327,raw
fGn_0.75_n256_r21,fGn_0.75_n256,,GHE,1.0,0.7649996006357611,0.18080630127973085,0.945805901915492,raw
fGn_0.75_n256_r21,fGn_0.75_n256,,GPH,1.0,0.8316511504521504,0.0,0.8316511504521504,centered
fGn_0.75_n256_r21,fGn_0.75_n256,,Higuchi,1.0,0.7282250226375431,0.0,0.7282250226375431,centered
fGn_0.75_n256_r21,fGn_0.75_n256,,GHE,1.0,0.7280842338362883,0.0,0.7280842338362883,centered
fGn_0.75_n256_r22,fGn_0.75_n256,,GPH,1.0,0.685224634622227,0.0,0.685224634622227,raw
fGn_0.75_n256_r22,fGn_0.75_n256,,Higuchi,1.0,0.5296517762253037,0.4427941390283907,0.9724459152536944,raw
fGn_0.75_n256_r22,fGn_0.75_n256,,GHE,1.0,0.5812777486726817,0.3804833906950674,0.9617611393677491,raw
fGn_0.75_n256_r22,fGn_0.75_n256,,GPH,1.0,0.685224634622227,0.0,0.685224634622227,centered
fGn_0.75_n256_r22,fGn_0.75_n256,,Higuchi,1.0,0.5206580859915881,0.0,0.5206580859915881,centered
fGn_0.75_n256_r22,fGn_0.75_n256,,GHE,1.0,0.5728332414570211,0.0,0.5728332414570211,centered
fGn_0.75_n256_r23,fGn_0.75_n256,,GPH,1.0,0.8277732465017005,2.220446049250313e-16,0.8277732465017007,raw
fGn_0.75_n256_r23,fGn_0.75_n256,,Higuchi,1.0,0.7607564130328179,0.21836785803362813,0.9791242710664461,raw
fGn_0.75_n256_r23,fGn_0.75_n256,,GHE,1.0,0.7699079728419104,0.2056853983416519,0.9755933711835623,raw
fGn_0.75_n256_r23,fGn_0.75_n256,,GPH,1.0,0.8277732465017006,1.1102230246251565e-16,0.8277732465017007,centered
fGn_0.75_n256_r23,fGn_0.75_n256,,Higuchi,1.0,0.7403762447345057,-2.220446049250313e-16,0.7403762447345055,centered
fGn_0.75_n256_r23,fGn_0.75_n256,,GHE,1.0,0.7520344042207063,-1.1102230246251565e-16,0.7520344042207062,centered
fGn_0.75_n256_r24,fGn_0.75_n256,,GPH,1.0,0.7682667236866638,0.0,0.7682667236866638,raw
fGn_0.75_n256_r24,fGn_0.75_n256,,Higuchi,1.0,0.6343266672395169,0.3482364271659413,0.9825630944054582,raw
fGn_0.75_n256_r24,fGn_0.75_n256,,GHE,1.0,0.6527676741874464,0.32247998650009124,0.9752476606875377,raw
fGn_0.75_n256_r24,fGn_0.75_n256,,GPH,1.0,0.7682667236866638,0.0,0.7682667236866638,centered
fGn_0.75_n256_r24,fGn_0.75_n256,,Higuchi,1.0,0.6352206626799013,0.0,0.6352206626799013,centered
fGn_0.75_n256_r24,fGn_0.75_n256,,GHE,1.0,0.6532337835229873,0.0,0.6532337835229873,centered
fGn_0.75_n256_r25,fGn_0.75_n256,,GPH,1.0,0.7216997965119258,-1.1102230246251565e-16,0.7216997965119257,raw
fGn_0.75_n256_r25,fGn_0.75_n256,,Higuchi,1.0,0.6431629727261301,0.3349423085815826,0.9781052813077127,raw
fGn_0.75_n256_r25,fGn_0.75_n256,,GHE,1.0,0.6511034673874518,0.3234060124191481,0.9745094798066,raw
fGn_0.75_n256_r25,fGn_0.75_n256,,GPH,1.0,0.7216997965119258,0.0,0.7216997965119258,centered
fGn_0.75_n256_r25,fGn_0.75_n256,,Higuchi,1.0,0.6419707780229127,0.0,0.6419707780229127,centered
fGn_0.75_n256_r25,fGn_0.75_n256,,GHE,1.0,0.6512523601815084,2.220446049250313e-16,0.6512523601815087,centered
fGn_0.75_n256_r26,fGn_0.75_n256,,GPH,1.0,0.6580790777127827,0.0,0.6580790777127827,raw
fGn_0.75_n256_r26,fGn_0.75_n256,,Higuchi,1.0,0.5958704794324756,0.3734555843497924,0.969326063782268,raw
fGn_0.75_n256_r26,fGn_0.75_n256,,GHE,1.0,0.63853854494817,0.33243426482385074,0.9709728097720207,raw
fGn_0.75_n256_r26,fGn_0.75_n256,,GPH,1.0,0.6580790777127826,1.1102230246251565e-16,0.6580790777127827,centered
fGn_0.75_n256_r26,fGn_0.75_n256,,Higuchi,1.0,0.5868747704511459,4.440892098500626e-16,0.5868747704511463,centered
fGn_0.75_n256_r26,fGn_0.75_n256,,GHE,1.0,0.6202109230657572,0.0,0.6202109230657572,centered
fGn_0.75_n256_r27,fGn_0.75_n256,,GPH,1.0,0.6614083721348808,-1.1102230246251565e-16,0.6614083721348807,raw
fGn_0.75_n256_r27,fGn_0.75_n256,,Higuchi,1.0,0.6538604327394526,0.32096246117823246,0.9748228939176851,raw
fGn_0.75_n256_r27,fGn_0.75_n256,,GHE,1.0,0.6682545070302705,0.30120738963970695,0.9694618966699774,raw
fGn_0.75_n256_r27,fGn_0.75_n256,,GPH,1.0,0.6614083721348808,-1.1102230246251565e-16,0.6614083721348807,centered
fGn_0.75_n256_r27,fGn_0.75_n256,,Higuchi,1.0,0.6534085469804394,-2.220446049250313e-16,0.6534085469804392,centered
fGn_0.75_n256_r27,fGn_0.75_n256,,GHE,1.0,0.6672723205349546,0.0,0.6672723205349546,centered
fGn_0.75_n256_r28,fGn_0.75_n256,,GPH,1.0,1.0825774966257677,0.0,1.0825774966257677,raw
fGn_0.75_n256_r28,fGn_0.75_n256,,Higuchi,1.0,0.9113713768851597,-0.06457019605017966,0.84680118083498,raw
fGn_0.75_n256_r28,fGn_0.75_n256,,GHE,1.0,0.9108475829798719,-0.05699127466033538,0.8538563083195365,raw
fGn_0.75_n256_r28,fGn_0.75_n256,,GPH,1.0,1.0825774966257677,0.0,1.0825774966257677,centered
fGn_0.75_n256_r28,fGn_0.75_n256,,Higuchi,1.0,0.8515041975341611,-2.220446049250313e-16,0.8515041975341608,centered
fGn_0.75_n256_r28,fGn_0.75_n256,,GHE,1.0,0.8509145250386495,-1.1102230246251565e-16,0.8509145250386494,centered
fGn_0.75_n256_r29,fGn_0.75_n256,,GPH,1.0,0.8268438377782485,0.0,0.8268438377782485,raw
fGn_0.75_n256_r29,fGn_0.75_n256,,Higuchi,1.0,0.654343437830804,0.3284269060621767,0.9827703438929807,raw
fGn_0.75_n256_r29,fGn_0.75_n256,,GHE,1.0,0.6721319928002859,0.3017462626590933,0.9738782554593792,raw
fGn_0.75_n256_r29,fGn_0.75_n256,,GPH,1.0,0.8268438377782484,1.1102230246251565e-16,0.8268438377782485,centered
fGn_0.75_n256_r29,fGn_0.75_n256,,Higuchi,1.0,0.6527900094249557,0.0,0.6527900094249557,centered
fGn_0.75_n256_r29,fGn_0.75_n256,,GHE,1.0,0.6714434691006688,0.0,0.6714434691006688,centered
fGn_0.75_n256_r3,fGn_0.75_n256,,GPH,1.0,0.43548209500402557,0.0,0.43548209500402557,raw
fGn_0.75_n256_r3,fGn_0.75_n256,,Higuchi,1.0,0.518283261587632,0.4607582222107205,0.9790414837983525,raw
fGn_0.75_n256_r3,fGn_0.75_n256,,GHE,1.0,0.5319710673191945,0.43866189024072444,0.970632957559919,raw
fGn_0.75_n256_r3,fGn_0.75_n256,,GPH,1.0,0.43548209500402557,-5.551115123125783e-17,0.4354820950040255,centered
fGn_0.75_n256_r3,fGn_0.75_n256,,Higuchi,1.0,0.5180140807145253,0.0,0.5180140807145253,centered
fGn_0.75_n256_r3,fGn_0.75_n256,,GHE,1.0,0.531782945923667,1.1102230246251565e-16,0.5317829459236671,centered
fGn_0.75_n256_r30,fGn_0.75_n256,,GPH,1.0,0.8545130273344428,0.0,0.8545130273344428,raw
fGn_0.75_n256_r30,fGn_0.75_n256,,Higuchi,1.0,0.7531279486034921,0.21983937211001114,0.9729673207135032,raw
fGn_0.75_n256_r30,fGn_0.75_n256,,GHE,1.0,0.7463039391008918,0.2204550161570371,0.9667589552579289,raw
fGn_0.75_n256_r30,fGn_0.75_n256,,GPH,1.0,0.8545130273344428,0.0,0.8545130273344428,centered
fGn_0.75_n256_r30,fGn_0.75_n256,,Higuchi,1.0,0.7492888075576991,0.0,0.7492888075576991,centered
fGn_0.75_n256_r30,fGn_0.75_n256,,GHE,1.0,0.7413852460303092,0.0,0.7413852460303092,centered
fGn_0.75_n256_r31,fGn_0.75_n256,,GPH,1.0,0.6730540360725974,0.0,0.6730540360725974,raw
fGn_0.75_n256_r31,fGn_0.75_n256,,Higuchi,1.0,0.7183903527669551,0.23688123308964348,0.9552715858565985,raw
fGn_0.75_n256_r31,fGn_0.75_n256,,GHE,1.0,0.7164633221327362,0.23671162559715897,0.9531749477298952,raw
fGn_0.75_n256_r31,fGn_0.75_n256,,GPH,1.0,0.6730540360725974,0.0,0.6730540360725974,centered
fGn_0.75_n256_r31,fGn_0.75_n256,,Higuchi,1.0,0.7061191639408673,0.0,0.7061191639408673,centered
fGn_0.75_n256_r31,fGn_0.75_n256,,GHE,1.0,0.7052534615105662,-3.3306690738754696e-16,0.7052534615105659,centered
fGn_0.75_n256_r32,fGn_0.75_n256,,GPH,1.0,0.6470690876770135,0.0,0.6470690876770135,raw
fGn_0.75_n256_r32,fGn_0.75_n256,,Higuchi,1.0,0.7261120937997223,0.2552709316622044,0.9813830254619267,raw
fGn_0.75_n256_r32,fGn_0.75_n256,,GHE,1.0,0.7200966735247701,0.2518563493740402,0.9719530228988104,raw
fGn_0.75_n256_r32,fGn_0.75_n256,,GPH,1.0,0.6470690876770135,0.0,0.6470690876770135,centered
fGn_0.75_n256_r32,fGn_0.75_n256,,Higuchi,1.0,0.7289872320640312,0.0,0.7289872320640312,centered
fGn_0.75_n256_r32,fGn_0.75_n256,,GHE,1.0,0.7225037525560661,0.0,0.7225037525560661,centered
fGn_0.75_n256_r33,fGn_0.75_n256,,GPH,1.0,0.7048027239271968,0.0,0.7048027239271968,raw
fGn_0.75_n256_r33,fGn_0.75_n256,,Higuchi,1.0,0.7773668382883292,0.2172054373597776,0.9945722756481068,raw
fGn_0.75_n256_r33,fGn_0.75_n256,,GHE,1.0,0.7831440634889195,0.20925098458373204,0.9923950480726516,raw
fGn_0.75_n256_r33,fGn_0.75_n256,,GPH,1.0,0.7048027239271968,0.0,0.7048027239271968,centered
fGn_0.75_n256_r33,fGn_0.75_n256,,Higuchi,1.0,0.6903371595699377,-2.220446049250313e-16,0.6903371595699375,centered
fGn_0.75_n256_r33,fGn_0.75_n256,,GHE,1.0,0.7091287896783401,0.0,0.7091287896783401,centered
fGn_0.75_n256_r34,fGn_0.75_n256,,GPH,1.0,0.9172061565958403,0.0,0.9172061565958403,raw
fGn_0.75_n256_r34,fGn_0.75_n256,,Higuchi,1.0,0.851031601625714,0.08582419846934108,0.9368558000950551,raw
fGn_0.75_n256_r34,fGn_0.75_n256,,GHE,1.0,0.8461626891367594,0.08375981717276992,0.9299225063095293,raw
fGn_0.75_n256_r34,fGn_0.75_n256,,GPH,1.0,0.9172061565958403,0.0,0.9172061565958403,centered
fGn_0.75_n256_r34,fGn_0.75_n256,,Higuchi,1.0,0.7777686206245145,-2.220446049250313e-16,0.7777686206245142,centered
fGn_0.75_n256_r34,fGn_0.75_n256,,GHE,1.0,0.7745841890056535,-2.220446049250313e-16,0.7745841890056533,centered
fGn_0.75_n256_r35,fGn_0.75_n256,,GPH,1.0,0.6350930764086302,1.1102230246251565e-16,0.6350930764086303,raw
fGn_0.75_n256_r35,fGn_0.75_n256,,Higuchi,1.0,0.6475956036723292,0.3431195331797028,0.9907151368520319,raw
fGn_0.75_n256_r35,fGn_0.75_n256,,GHE,1.0,0.6506372326307011,0.3300934621500503,0.9807306947807514,raw
fGn_0.75_n256_r35,fGn_0.75_n256,,GPH,1.0,0.6350930764086302,0.0,0.6350930764086302,centered
fGn_0.75_n256_r35,fGn_0.75_n256,,Higuchi,1.0,0.6502101376757943,2.220446049250313e-16,0.6502101376757945,centered
fGn_0.75_n256_r35,fGn_0.75_n256,,GHE,1.0,0.6529147121567181,2.220446049250313e-16,0.6529147121567184,centered
fGn_0.75_n256_r36,fGn_0.75_n256,,GPH,1.0,0.6122222340058664,0.0,0.6122222340058664,raw
fGn_0.75_n256_r36,fGn_0.75_n256,,Higuchi,1.0,0.6287354316424048,0.34552437456980845,0.9742598062122132,raw
fGn_0.75_n256_r36,fGn_0.75_n256,,GHE,1.0,0.6292965513945801,0.33715109776698404,0.9664476491615641,raw
fGn_0.75_n256_r36,fGn_0.75_n256,,GPH,1.0,0.6122222340058665,-2.220446049250313e-16,0.6122222340058663,centered
fGn_0.75_n256_r36,fGn_0.75_n256,,Higuchi,1.0,0.6305167395872477,0.0,0.6305167395872477,centered
fGn_0.75_n256_r36,fGn_0.75_n256,,GHE,1.0,0.6307718754497771,0.0,0.6307718754497771,centered
fGn_0.75_n256_r37,fGn_0.75_n256,,GPH,1.0,0.6860390114260619,0.0,0.6860390114260619,raw
fGn_0.75_n256_r37,fGn_0.75_n256,,Higuchi,1.0,0.7613183266649182,0.1506133435039969,0.9119316701689151,raw
fGn_0.75_n256_r37,fGn_0.75_n256,,GHE,1.0,0.7643347251213565,0.14222197934319736,0.9065567044645538,raw
fGn_0.75_n256_r37,fGn_0.75_n256,,GPH,1.0,0.6860390114260619,0.0,0.6860390114260619,centered
fGn_0.75_n256_r37,fGn_0.75_n256,,Higuchi,1.0,0.7093186194072154,0.0,0.7093186194072154,centered
fGn_0.75_n256_r37,fGn_0.75_n256,,GHE,1.0,0.7110901825336264,-1.1102230246251565e-16,0.7110901825336263,centered
fGn_0.75_n256_r38,fGn_0.75_n256,,GPH,1.0,0.6810074412664392,-1.1102230246251565e-16,0.6810074412664391,raw
fGn_0.75_n256_r38,fGn_0.75_n256,,Higuchi,1.0,0.7438448768486805,0.24206924931640184,0.9859141261650823,raw
fGn_0.75_n256_r38,fGn_0.75_n256,,GHE,1.0,0.7465027693313515,0.2385496028090276,0.9850523721403791,raw
fGn_0.75_n256_r38,fGn_0.75_n256,,GPH,1.0,0.6810074412664392,-1.1102230246251565e-16,0.6810074412664391,centered
fGn_0.75_n256_r38,fGn_0.75_n256,,Higuchi,1.0,0.6816514337803321,0.0,0.6816514337803321,centered
fGn_0.75_n256_r38,fGn_0.75_n256,,GHE,1.0,0.6899707352950888,-1.1102230246251565e-16,0.6899707352950887,centered
fGn_0.75_n256_r39,fGn_0.75_n256,,GPH,1.0,0.7494536921570452,0.0,0.7494536921570452,raw
fGn_0.75_n256_r39,fGn_0.75_n256,,Higuchi,1.0,0.666062817589316,0.3057056847118962,0.9717685023012121,raw
fGn_0.75_n256_r39,fGn_0.75_n256,,GHE,1.0,0.6746814382233826,0.2949954944969755,0.969676932720358,raw
fGn_0.75_n256_r39,fGn_0.75_n256,,GPH,1.0,0.7494536921570452,0.0,0.7494536921570452,centered
fGn_0.75_n256_r39,fGn_0.75_n256,,Higuchi,1.0,0.6472287003854882,0.0,0.6472287003854882,centered
fGn_0.75_n256_r39,fGn_0.75_n256,,GHE,1.0,0.6575994762177095,2.220446049250313e-16,0.6575994762177098,centered
fGn_0.75_n256_r4,fGn_0.75_n256,,GPH,1.0,0.7079486999801553,1.1102230246251565e-16,0.7079486999801554,raw
fGn_0.75_n256_r4,fGn_0.75_n256,,Higuchi,1.0,0.7238295873298066,0.19872726218986214,0.9225568495196688,raw
fGn_0.75_n256_r4,fGn_0.75_n256,,GHE,1.0,0.7262151427284514,0.18708371494321374,0.9132988576716652,raw
fGn_0.75_n256_r4,fGn_0.75_n256,,GPH,1.0,0.7079486999801554,-1.1102230246251565e-16,0.7079486999801553,centered
fGn_0.75_n256_r4,fGn_0.75_n256,,Higuchi,1.0,0.6478575128221458,0.0,0.6478575128221458,centered
fGn_0.75_n256_r4,fGn_0.75_n256,,GHE,1.0,0.6682415346176582,0.0,0.6682415346176582,centered
fGn_0.75_n256_r40,fGn_0.75_n256,,GPH,1.0,0.7480904838920276,0.0,0.7480904838920276,raw
fGn_0.75_n256_r40,fGn_0.75_n256,,Higuchi,1.0,0.7553188229146441,0.2096650859669733,0.9649839088816174,raw
fGn_0.75_n256_r40,fGn_0.75_n256,,GHE,1.0,0.7510583126032705,0.20845106168661187,0.9595093742898824,raw
fGn_0.75_n256_r40,fGn_0.75_n256,,GPH,1.0,0.7480904838920276,0.0,0.7480904838920276,centered
fGn_0.75_n256_r40,fGn_0.75_n256,,Higuchi,1.0,0.7569938155371887,0.0,0.7569938155371887,centered
fGn_0.75_n256_r40,fGn_0.75_n256,,GHE,1.0,0.7512705288022307,0.0,0.7512705288022307,centered
fGn_0.75_n256_r41,fGn_0.75_n256,,GPH,1.0,0.8042070957083665,1.1102230246251565e-16,0.8042070957083666,raw
fGn_0.75_n256_r41,fGn_0.75_n256,,Higuchi,1.0,0.7805225905957662,0.07246211118213397,0.8529847017779002,raw
fGn_0.75_n256_r41,fGn_0.75_n256,,GHE,1.0,0.7761240667265784,0.08484046322653405,0.8609645299531125,raw
fGn_0.75_n256_r41,fGn_0.75_n256,,GPH,1.0,0.8042070957083666,0.0,0.8042070957083666,centered
fGn_0.75_n256_r41,fGn_0.75_n256,,Higuchi,1.0,0.7422921463104848,2.220446049250313e-16,0.742292146310485,centered
fGn_0.75_n256_r41,fGn_0.75_n256,,GHE,1.0,0.7470727266879369,0.0,0.7470727266879369,centered
fGn_0.75_n256_r42,fGn_0.75_n256,,GPH,1.0,0.7844006421301186,0.0,0.7844006421301186,raw
fGn_0.75_n256_r42,fGn_0.75_n256,,Higuchi,1.0,0.7077167877444444,0.2906907597988311,0.9984075475432754,raw
fGn_0.75_n256_r42,fGn_0.75_n256,,GHE,1.0,0.7088152910276203,0.2859759082829739,0.9947911993105942,raw
fGn_0.75_n256_r42,fGn_0.75_n256,,GPH,1.0,0.7844006421301186,0.0,0.7844006421301186,centered
fGn_0.75_n256_r42,fGn_0.75_n256,,Higuchi,1.0,0.6702388563231951,-2.220446049250313e-16,0.6702388563231949,centered
fGn_0.75_n256_r42,fGn_0.75_n256,,GHE,1.0,0.6801729345523404,0.0,0.6801729345523404,centered
fGn_0.75_n256_r43,fGn_0.75_n256,,GPH,1.0,0.8265588527994456,0.0,0.8265588527994456,raw
fGn_0.75_n256_r43,fGn_0.75_n256,,Higuchi,1.0,0.8069651009314114,0.15561928732129293,0.9625843882527043,raw
fGn_0.75_n256_r43,fGn_0.75_n256,,GHE,1.0,0.7966595887550063,0.16023663341227545,0.9568962221672818,raw
fGn_0.75_n256_r43,fGn_0.75_n256,,GPH,1.0,0.8265588527994459,-2.220446049250313e-16,0.8265588527994456,centered
fGn_0.75_n256_r43,fGn_0.75_n256,,Higuchi,1.0,0.8039163585146367,0.0,0.8039163585146367,centered
fGn_0.75_n256_r43,fGn_0.75_n256,,GHE,1.0,0.79369529714424,0.0,0.79369529714424,centered
fGn_0.75_n256_r44,fGn_0.75_n256,,GPH,1.0,0.526774386921584,2.220446049250313e-16,0.5267743869215842,raw
fGn_0.75_n256_r44,fGn_0.75_n256,,Higuchi,1.0,0.5863291901910324,0.3829268457317534,0.9692560359227858,raw
fGn_0.75_n256_r44,fGn_0.75_n256,,GHE,1.0,0.6101921464093165,0.345232864373074,0.9554250107823905,raw
fGn_0.75_n256_r44,fGn_0.75_n256,,GPH,1.0,0.5267743869215841,0.0,0.5267743869215841,centered
fGn_0.75_n256_r44,fGn_0.75_n256,,Higuchi,1.0,0.5461873656978293,0.0,0.5461873656978293,centered
fGn_0.75_n256_r44,fGn_0.75_n256,,GHE,1.0,0.5721700881010373,0.0,0.5721700881010373,centered
fGn_0.75_n256_r45,fGn_0.75_n256,,GPH,1.0,0.5492034531339569,1.1102230246251565e-16,0.549203453133957,raw
fGn_0.75_n256_r45,fGn_0.75_n256,,Higuchi,1.0,0.5199849513714832,0.43224635654978916,0.9522313079212723,raw
fGn_0.75_n256_r45,fGn_0.75_n256,,GHE,1.0,0.5482401256997099,0.40204373726513976,0.9502838629648497,raw
fGn_0.75_n256_r45,fGn_0.75_n256,,GPH,1.0,0.5492034531339569,0.0,0.5492034531339569,centered
fGn_0.75_n256_r45,fGn_0.75_n256,,Higuchi,1.0,0.536696317451949,-6.661338147750939e-16,0.5366963174519483,centered
fGn_0.75_n256_r45,fGn_0.75_n256,,GHE,1.0,0.5617407637937815,-1.1102230246251565e-16,0.5617407637937814,centered
fGn_0.75_n256_r46,fGn_0.75_n256,,GPH,1.0,0.9541884167654691,2.220446049250313e-16,0.9541884167654693,raw
fGn_0.75_n256_r46,fGn_0.75_n256,,Higuchi,1.0,0.7902199532723824,0.1474940368625426,0.937713990134925,raw
fGn_0.75_n256_r46,fGn_0.75_n256,,GHE,1.0,0.7839047578174224,0.14979290849963822,0.9336976663170606,raw
fGn_0.75_n256_r46,fGn_0.75_n256,,GPH,1.0,0.9541884167654691,1.1102230246251565e-16,0.9541884167654692,centered
fGn_0.75_n256_r46,fGn_0.75_n256,,Higuchi,1.0,0.7888198787830527,0.0,0.7888198787830527,centered
fGn_0.75_n256_r46,fGn_0.75_n256,,GHE,1.0,0.7828352514182675,0.0,0.7828352514182675,centered
fGn_0.75_n256_r47,fGn_0.75_n256,,GPH,1.0,0.7106415046389377,0.0,0.7106415046389377,raw
fGn_0.75_n256_r47,fGn_0.75_n256,,Higuchi,1.0,0.5830708516747274,0.3651810971897709,0.9482519488644983,raw
fGn_0.75_n256_r47,fGn_0.75_n256,,GHE,1.0,0.6245472248364311,0.3179357083453861,0.9424829331818172,raw
fGn_0.75_n256_r47,fGn_0.75_n256,,GPH,1.0,0.7106415046389377,0.0,0.7106415046389377,centered
fGn_0.75_n256_r47,fGn_0.75_n256,,Higuchi,1.0,0.5561098664536699,0.0,0.5561098664536699,centered
fGn_0.75_n256_r47,fGn_0.75_n256,,GHE,1.0,0.6018407015813735,-1.1102230246251565e-16,0.6018407015813734,centered
fGn_0.75_n256_r48,fGn_0.75_n256,,GPH,1.0,0.9169225853536149,0.0,0.9169225853536149,raw
fGn_0.75_n256_r48,fGn_0.75_n256,,Higuchi,1.0,0.8463318327400837,0.09148002929231835,0.9378118620324021,raw
fGn_0.75_n256_r48,fGn_0.75_n256,,GHE,1.0,0.8354224324826933,0.09090589866616594,0.9263283311488593,raw
fGn_0.75_n256_r48,fGn_0.75_n256,,GPH,1.0,0.9169225853536149,0.0,0.9169225853536149,centered
fGn_0.75_n256_r48,fGn_0.75_n256,,Higuchi,1.0,0.8025861954951707,0.0,0.8025861954951707,centered
fGn_0.75_n256_r48,fGn_0.75_n256,,GHE,1.0,0.8023745824812886,0.0,0.8023745824812886,centered
fGn_0.75_n256_r49,fGn_0.75_n256,,GPH,1.0,0.9444030223584456,0.0,0.9444030223584456,raw
fGn_0.75_n256_r49,fGn_0.75_n256,,Higuchi,1.0,0.7601385732279449,0.1838441291865316,0.9439827024144765,raw
fGn_0.75_n256_r49,fGn_0.75_n256,,GHE,1.0,0.7686679743758015,0.17150388750576573,0.9401718618815672,raw
fGn_0.75_n256_r49,fGn_0.75_n256,,GPH,1.0,0.9444030223584456,0.0,0.9444030223584456,centered
fGn_0.75_n256_r49,fGn_0.75_n256,,Higuchi,1.0,0.756747353549273,0.0,0.756747353549273,centered
fGn_0.75_n256_r49,fGn_0.75_n256,,GHE,1.0,0.7645795977967238,-1.1102230246251565e-16,0.7645795977967237,centered
fGn_0.75_n256_r5,fGn_0.75_n256,,GPH,1.0,0.5298148530000054,0.0,0.5298148530000054,raw
fGn_0.75_n256_r5,fGn_0.75_n256,,Higuchi,1.0,0.5819210127598178,0.37459431132225274,0.9565153240820705,raw
fGn_0.75_n256_r5,fGn_0.75_n256,,GHE,1.0,0.5879770117835241,0.35977239533200633,0.9477494071155305,raw
fGn_0.75_n256_r5,fGn_0.75_n256,,GPH,1.0,0.5298148530000054,0.0,0.5298148530000054,centered
fGn_0.75_n256_r5,fGn_0.75_n256,,Higuchi,1.0,0.5645803794133439,0.0,0.5645803794133439,centered
fGn_0.75_n256_r5,fGn_0.75_n256,,GHE,1.0,0.5726160092378654,0.0,0.5726160092378654,centered
fGn_0.75_n256_r50,fGn_0.75_n256,,GPH,1.0,0.9187365477383928,-1.1102230246251565e-16,0.9187365477383926,raw
fGn_0.75_n256_r50,fGn_0.75_n256,,Higuchi,1.0,0.8048926023136806,0.1652313975273383,0.9701239998410189,raw
fGn_0.75_n256_r50,fGn_0.75_n256,,GHE,1.0,0.7980186562716661,0.165989849736364,0.9640085060080301,raw
fGn_0.75_n256_r50,fGn_0.75_n256,,GPH,1.0,0.9187365477383928,0.0,0.9187365477383928,centered
fGn_0.75_n256_r50,fGn_0.75_n256,,Higuchi,1.0,0.8047748262516548,2.220446049250313e-16,0.804774826251655,centered
fGn_0.75_n256_r50,fGn_0.75_n256,,GHE,1.0,0.7979039451541158,1.1102230246251565e-16,0.7979039451541159,centered
fGn_0.75_n256_r51,fGn_0.75_n256,,GPH,1.0,0.9978923061207445,0.0,0.9978923061207445,raw
fGn_0.75_n256_r51,fGn_0.75_n256,,Higuchi,1.0,0.7156046452040683,0.29043175036804003,1.0060363955721083,raw
fGn_0.75_n256_r51,fGn_0.75_n256,,GHE,1.0,0.7357145855596399,0.2609348064916093,0.9966493920512491,raw
fGn_0.75_n256_r51,fGn_0.75_n256,,GPH,1.0,0.9978923061207445,-1.1102230246251565e-16,0.9978923061207444,centered
fGn_0.75_n256_r51,fGn_0.75_n256,,Higuchi,1.0,0.6774693795936373,0.0,0.6774693795936373,centered
fGn_0.75_n256_r51,fGn_0.75_n256,,GHE,1.0,0.7011068186291737,0.0,0.7011068186291737,centered
fGn_0.75_n256_r52,fGn_0.75_n256,,GPH,1.0,0.9001586928083267,0.0,0.9001586928083267,raw
fGn_0.75_n256_r52,fGn_0.75_n256,,Higuchi,1.0,0.6877878258320795,0.2640757995023171,0.9518636253343966,raw
fGn_0.75_n256_r52,fGn_0.75_n256,,GHE,1.0,0.7040672896538489,0.24649300667131213,0.950560296325161,raw
fGn_0.75_n256_r52,fGn_0.75_n256,,GPH,1.0,0.9001586928083267,-2.220446049250313e-16,0.9001586928083265,centered
fGn_0.75_n256_r52,fGn_0.75_n256,,Higuchi,1.0,0.6875625423247431,0.0,0.6875625423247431,centered
fGn_0.75_n256_r52,fGn_0.75_n256,,GHE,1.0,0.7042362370263969,0.0,0.7042362370263969,centered
fGn_0.75_n256_r53,fGn_0.75_n256,,GPH,1.0,0.7809865757140542,1.1102230246251565e-16,0.7809865757140543,raw
fGn_0.75_n256_r53,fGn_0.75_n256,,Higuchi,1.0,0.7018877870543396,0.2679735939427139,0.9698613809970535,raw
fGn_0.75_n256_r53,fGn_0.75_n256,,GHE,1.0,0.7029341542749556,0.2626219331347748,0.9655560874097304,raw
fGn_0.75_n256_r53,fGn_0.75_n256,,GPH,1.0,0.7809865757140542,1.1102230246251565e-16,0.7809865757140543,centered
fGn_0.75_n256_r53,fGn_0.75_n256,,Higuchi,1.0,0.7023641737805688,-2.220446049250313e-16,0.7023641737805686,centered
fGn_0.75_n256_r53,fGn_0.75_n256,,GHE,1.0,0.7066763551415913,0.0,0.7066763551415913,centered
fGn_0.75_n256_r54,fGn_0.75_n256,,GPH,1.0,0.7237598287622159,-3.3306690738754696e-16,0.7237598287622156,raw
fGn_0.75_n256_r54,fGn_0.75_n256,,Higuchi,1.0,0.7571943349622483,0.17633891735421137,0.9335332523164597,raw
fGn_0.75_n256_r54,fGn_0.75_n256,,GHE,1.0,0.745346371687109,0.18384115026063874,0.9291875219477478,raw
fGn_0.75_n256_r54,fGn_0.75_n256,,GPH,1.0,0.7237598287622159,-2.220446049250313e-16,0.7237598287622157,centered
fGn_0.75_n256_r54,fGn_0.75_n256,,Higuchi,1.0,0.7436613694763052,0.0,0.7436613694763052,centered
fGn_0.75_n256_r54,fGn_0.75_n256,,GHE,1.0,0.7371764609075693,0.0,0.7371764609075693,centered
fGn_0.75_n256_r55,fGn_0.75_n256,,GPH,1.0,0.4855723112323753,0.0,0.4855723112323753,raw
fGn_0.75_n256_r55,fGn_0.75_n256,,Higuchi,1.0,0.5695121302265929,0.4206890261901377,0.9902011564167306,raw
fGn_0.75_n256_r55,fGn_0.75_n256,,GHE,1.0,0.5943773900716058,0.38982331200023723,0.9842007020718431,raw
fGn_0.75_n256_r55,fGn_0.75_n256,,GPH,1.0,0.4855723112323753,5.551115123125783e-17,0.4855723112323754,centered
fGn_0.75_n256_r55,fGn_0.75_n256,,Higuchi,1.0,0.5352389801429251,0.0,0.5352389801429251,centered
fGn_0.75_n256_r55,fGn_0.75_n256,,GHE,1.0,0.5684677200401501,-1.1102230246251565e-16,0.56846772004015,centered
fGn_0.75_n256_r56,fGn_0.75_n256,,GPH,1.0,0.8735069659836521,0.0,0.8735069659836521,raw
fGn_0.75_n256_r56,fGn_0.75_n256,,Higuchi,1.0,0.8663978083158781,0.11267577496499204,0.9790735832808701,raw
fGn_0.75_n256_r56,fGn_0.75_n256,,GHE,1.0,0.8527305461175718,0.1262973967966763,0.9790279429142481,raw
fGn_0.75_n256_r56,fGn_0.75_n256,,GPH,1.0,0.8735069659836521,2.220446049250313e-16,0.8735069659836523,centered
fGn_0.75_n256_r56,fGn_0.75_n256,,Higuchi,1.0,0.7808419351560205,0.0,0.7808419351560205,centered
fGn_0.75_n256_r56,fGn_0.75_n256,,GHE,1.0,0.7703699921373558,0.0,0.7703699921373558,centered
fGn_0.75_n256_r57,fGn_0.75_n256,,GPH,1.0,0.7896036848726027,0.0,0.7896036848726027,raw
fGn_0.75_n256_r57,fGn_0.75_n256,,Higuchi,1.0,0.700365294887004,0.2579100687499747,0.9582753636369787,raw
fGn_0.75_n256_r57,fGn_0.75_n256,,GHE,1.0,0.7164860172028519,0.2346928462540293,0.9511788634568812,raw
fGn_0.75_n256_r57,fGn_0.75_n256,,GPH,1.0,0.7896036848726027,0.0,0.7896036848726027,centered
fGn_0.75_n256_r57,fGn_0.75_n256,,Higuchi,1.0,0.6928348143297698,0.0,0.6928348143297698,centered
fGn_0.75_n256_r57,fGn_0.75_n256,,GHE,1.0,0.7112582895707176,0.0,0.7112582895707176,centered
fGn_0.75_n256_r58,fGn_0.75_n256,,GPH,1.0,0.6899583083683118,0.0,0.6899583083683118,raw
fGn_0.75_n256_r58,fGn_0.75_n256,,Higuchi,1.0,0.6534120843585751,0.2957895888397577,0.9492016731983328,raw
fGn_0.75_n256_r58,fGn_0.75_n256,,GHE,1.0,0.6617430485921734,0.27570426495037426,0.9374473135425476,raw
fGn_0.75_n256_r58,fGn_0.75_n256,,GPH,1.0,0.6899583083683118,0.0,0.6899583083683118,centered
fGn_0.75_n256_r58,fGn_0.75_n256,,Higuchi,1.0,0.6067747250638205,0.0,0.6067747250638205,centered
fGn_0.75_n256_r58,fGn_0.75_n256,,GHE,1.0,0.6183959327859825,0.0,0.6183959327859825,centered
fGn_0.75_n256_r59,fGn_0.75_n256,,GPH,1.0,0.7885287550571249,0.0,0.7885287550571249,raw
fGn_0.75_n256_r59,fGn_0.75_n256,,Higuchi,1.0,0.7179736470531672,0.23089795678384628,0.9488716038370135,raw
fGn_0.75_n256_r59,fGn_0.75_n256,,GHE,1.0,0.7224629917650108,0.2201322574754968,0.9425952492405076,raw
fGn_0.75_n256_r59,fGn_0.75_n256,,GPH,1.0,0.7885287550571249,0.0,0.7885287550571249,centered
fGn_0.75_n256_r59,fGn_0.75_n256,,Higuchi,1.0,0.7263308968427327,0.0,0.7263308968427327,centered
fGn_0.75_n256_r59,fGn_0.75_n256,,GHE,1.0,0.7294482741766846,-2.220446049250313e-16,0.7294482741766843,centered
fGn_0.75_n256_r6,fGn_0.75_n256,,GPH,1.0,0.9018426870865569,1.1102230246251565e-16,0.901842687086557,raw
fGn_0.75_n256_r6,fGn_0.75_n256,,Higuchi,1.0,0.6739516109877945,0.26917892741221205,0.9431305384000066,raw
fGn_0.75_n256_r6,fGn_0.75_n256,,GHE,1.0,0.6855753744534168,0.25069432981340356,0.9362697042668203,raw
fGn_0.75_n256_r6,fGn_0.75_n256,,GPH,1.0,0.9018426870865569,0.0,0.9018426870865569,centered
fGn_0.75_n256_r6,fGn_0.75_n256,,Higuchi,1.0,0.6894652705594266,-2.220446049250313e-16,0.6894652705594264,centered
fGn_0.75_n256_r6,fGn_0.75_n256,,GHE,1.0,0.6892943870562965,0.0,0.6892943870562965,centered
fGn_0.75_n256_r60,fGn_0.75_n256,,GPH,1.0,0.8567398810227465,0.0,0.8567398810227465,raw
fGn_0.75_n256_r60,fGn_0.75_n256,,Higuchi,1.0,0.7672446773203272,0.1564122528153562,0.9236569301356834,raw
fGn_0.75_n256_r60,fGn_0.75_n256,,GHE,1.0,0.7637106170625715,0.15524722689357207,0.9189578439561435,raw
fGn_0.75_n256_r60,fGn_0.75_n256,,GPH,1.0,0.8567398810227465,-2.220446049250313e-16,0.8567398810227462,centered
fGn_0.75_n256_r60,fGn_0.75_n256,,Higuchi,1.0,0.7592588640904396,0.0,0.7592588640904396,centered
fGn_0.75_n256_r60,fGn_0.75_n256,,GHE,1.0,0.7537590182574924,0.0,0.7537590182574924,centered
fGn_0.75_n256_r61,fGn_0.75_n256,,GPH,1.0,0.6937406530544095,0.0,0.6937406530544095,raw
fGn_0.75_n256_r61,fGn_0.75_n256,,Higuchi,1.0,0.697897473932005,0.29291075227573904,0.990808226207744,raw
fGn_0.75_n256_r61,fGn_0.75_n256,,GHE,1.0,0.6981967170900806,0.2817631373911137,0.9799598544811943,raw
fGn_0.75_n256_r61,fGn_0.75_n256,,GPH,1.0,0.6937406530544094,1.1102230246251565e-16,0.6937406530544095,centered
fGn_0.75_n256_r61,fGn_0.75_n256,,Higuchi,1.0,0.6661933616361033,0.0,0.6661933616361033,centered
fGn_0.75_n256_r61,fGn_0.75_n256,,GHE,1.0,0.6740168457558767,0.0,0.6740168457558767,centered
fGn_0.75_n256_r62,fGn_0.75_n256,,GPH,1.0,0.8257615157539624,0.0,0.8257615157539624,raw
fGn_0.75_n256_r62,fGn_0.75_n256,,Higuchi,1.0,0.7391276996351637,0.23693485670383851,0.9760625563390022,raw
fGn_0.75_n256_r62,fGn_0.75_n256,,GHE,1.0,0.7448903360809546,0.22043520548853202,0.9653255415694866,raw
fGn_0.75_n256_r62,fGn_0.75_n256,,GPH,1.0,0.8257615157539624,1.1102230246251565e-16,0.8257615157539625,centered
fGn_0.75_n256_r62,fGn_0.75_n256,,Higuchi,1.0,0.7184990988628517,0.0,0.7184990988628517,centered
fGn_0.75_n256_r62,fGn_0.75_n256,,GHE,1.0,0.7263901406158013,0.0,0.7263901406158013,centered
fGn_0.75_n256_r63,fGn_0.75_n256,,GPH,1.0,0.9531176672946758,1.1102230246251565e-16,0.953117667294676,raw
fGn_0.75_n256_r63,fGn_0.75_n256,,Higuchi,1.0,0.8123137170160644,0.11161104177086267,0.923924758786927,raw
fGn_0.75_n256_r63,fGn_0.75_n256,,GHE,1.0,0.8061950781370901,0.10816015778115351,0.9143552359182436,raw
fGn_0.75_n256_r63,fGn_0.75_n256,,GPH,1.0,0.9531176672946758,1.1102230246251565e-16,0.953117667294676,centered
fGn_0.75_n256_r63,fGn_0.75_n256,,Higuchi,1.0,0.6990595166435547,2.220446049250313e-16,0.6990595166435549,centered
fGn_0.75_n256_r63,fGn_0.75_n256,,GHE,1.0,0.7088980477865173,0.0,0.7088980477865173,centered
fGn_0.75_n256_r7,fGn_0.75_n256,,GPH,1.0,0.597098761058966,0.0,0.597098761058966,raw
fGn_0.75_n256_r7,fGn_0.75_n256,,Higuchi,1.0,0.6472725075536812,0.340061436220366,0.9873339437740472,raw
fGn_0.75_n256_r7,fGn_0.75_n256,,GHE,1.0,0.6469248776822509,0.33785023166582084,0.9847751093480718,raw
fGn_0.75_n256_r7,fGn_0.75_n256,,GPH,1.0,0.597098761058966,0.0,0.597098761058966,centered
fGn_0.75_n256_r7,fGn_0.75_n256,,Higuchi,1.0,0.6114670205109041,0.0,0.6114670205109041,centered
fGn_0.75_n256_r7,fGn_0.75_n256,,GHE,1.0,0.6105039057619286,0.0,0.6105039057619286,centered
fGn_0.75_n256_r8,fGn_0.75_n256,,GPH,1.0,0.47015001360003955,0.0,0.47015001360003955,raw
fGn_0.75_n256_r8,fGn_0.75_n256,,Higuchi,1.0,0.6299985914607065,0.3533595900087043,0.9833581814694108,raw
fGn_0.75_n256_r8,fGn_0.75_n256,,GHE,1.0,0.623420140412344,0.3549304389065747,0.9783505793189187,raw
fGn_0.75_n256_r8,fGn_0.75_n256,,GPH,1.0,0.47015001360003955,0.0,0.47015001360003955,centered
fGn_0.75_n256_r8,fGn_0.75_n256,,Higuchi,1.0,0.4828989506264776,0.0,0.4828989506264776,centered
fGn_0.75_n256_r8,fGn_0.75_n256,,GHE,1.0,0.5061039799436678,-2.220446049250313e-16,0.5061039799436676,centered
fGn_0.75_n256_r9,fGn_0.75_n256,,GPH,1.0,0.6664406233197713,2.220446049250313e-16,0.6664406233197715,raw
fGn_0.75_n256_r9,fGn_0.75_n256,,Higuchi,1.0,0.6883349635262783,0.2922508880134902,0.9805858515397685,raw
fGn_0.75_n256_r9,fGn_0.75_n256,,GHE,1.0,0.6944798399721789,0.28400336604346976,0.9784832060156486,raw
fGn_0.75_n256_r9,fGn_0.75_n256,,GPH,1.0,0.6664406233197713,2.220446049250313e-16,0.6664406233197715,centered
fGn_0.75_n256_r9,fGn_0.75_n256,,Higuchi,1.0,0.6754685255843651,0.0,0.6754685255843651,centered
fGn_0.75_n256_r9,fGn_0.75_n256,,GHE,1.0,0.6804607325430656,0.0,0.6804607325430656,centered
fGn_0.75_n512_r0,fGn_0.75_n512,,GPH,1.0,0.7952242330213933,-1.1102230246251565e-16,0.7952242330213932,raw
fGn_0.75_n512_r0,fGn_0.75_n512,,Higuchi,1.0,0.744446224347455,0.2097414064735943,0.9541876308210493,raw
fGn_0.75_n512_r0,fGn_0.75_n512,,GHE,1.0,0.7391270760868889,0.20708405830652965,0.9462111343934185,raw
fGn_0.75_n512_r0,fGn_0.75_n512,,GPH,1.0,0.7952242330213932,0.0,0.7952242330213932,centered
fGn_0.75_n512_r0,fGn_0.75_n512,,Higuchi,1.0,0.7068854009722598,0.0,0.7068854009722598,centered
fGn_0.75_n512_r0,fGn_0.75_n512,,GHE,1.0,0.7067211765037399,-1.1102230246251565e-16,0.7067211765037398,centered
fGn_0.75_n512_r1,fGn_0.75_n512,,GPH,1.0,0.944358269595971,0.0,0.944358269595971,raw
fGn_0.75_n512_r1,fGn_0.75_n512,,Higuchi,1.0,0.8144145118147987,0.1323931613650855,0.9468076731798842,raw
fGn_0.75_n512_r1,fGn_0.75_n512,,GHE,1.0,0.8017014944951286,0.13467343073617766,0.9363749252313063,raw
fGn_0.75_n512_r1,fGn_0.75_n512,,GPH,1.0,0.9443582695959709,1.1102230246251565e-16,0.944358269595971,centered
fGn_0.75_n512_r1,fGn_0.75_n512,,Higuchi,1.0,0.7866769674271319,2.220446049250313e-16,0.7866769674271321,centered
fGn_0.75_n512_r1,fGn_0.75_n512,,GHE,1.0,0.7715045479040186,0.0,0.7715045479040186,centered
fGn_0.75_n512_r10,fGn_0.75_n512,,GPH,1.0,0.9904644428761096,1.1102230246251565e-16,0.9904644428761097,raw
fGn_0.75_n512_r10,fGn_0.75_n512,,Higuchi,1.0,0.8002144133701266,0.17606816300280026,0.9762825763729268,raw
fGn_0.75_n512_r10,fGn_0.75_n512,,GHE,1.0,0.8042409957376715,0.17068458846019274,0.9749255841978642,raw
fGn_0.75_n512_r10,fGn_0.75_n512,,GPH,1.0,0.9904644428761096,1.1102230246251565e-16,0.9904644428761097,centered
fGn_0.75_n512_r10,fGn_0.75_n512,,Higuchi,1.0,0.7579611001441331,2.220446049250313e-16,0.7579611001441333,centered
fGn_0.75_n512_r10,fGn_0.75_n512,,GHE,1.0,0.7616289116942949,-1.1102230246251565e-16,0.7616289116942948,centered
fGn_0.75_n512_r11,fGn_0.75_n512,,GPH,1.0,0.8477341527882796,0.0,0.8477341527882796,raw
fGn_0.75_n512_r11,fGn_0.75_n512,,Higuchi,1.0,0.8427977806581712,0.14447745423211322,0.9872752348902845,raw
fGn_0.75_n512_r11,fGn_0.75_n512,,GHE,1.0,0.8349157290370366,0.15045546477125604,0.9853711938082926,raw
fGn_0.75_n512_r11,fGn_0.75_n512,,GPH,1.0,0.8477341527882796,0.0,0.8477341527882796,centered
fGn_0.75_n512_r11,fGn_0.75_n512,,Higuchi,1.0,0.7261658546601182,0.0,0.7261658546601182,centered
fGn_0.75_n512_r11,fGn_0.75_n512,,GHE,1.0,0.7247080849469432,0.0,0.7247080849469432,centered
fGn_0.75_n512_r12,fGn_0.75_n512,,GPH,1.0,0.7620624590455142,0.0,0.7620624590455142,raw
fGn_0.75_n512_r12,fGn_0.75_n512,,Higuchi,1.0,0.8342058368504439,0.1544894736657496,0.9886953105161935,raw
fGn_0.75_n512_r12,fGn_0.75_n512,,GHE,1.0,0.8318669767642382,0.15589125708921814,0.9877582338534563,raw
fGn_0.75_n512_r12,fGn_0.75_n512,,GPH,1.0,0.7620624590455142,1.1102230246251565e-16,0.7620624590455143,centered
fGn_0.75_n512_r12,fGn_0.75_n512,,Higuchi,1.0,0.6748997794992737,2.220446049250313e-16,0.6748997794992739,centered
fGn_0.75_n512_r12,fGn_0.75_n512,,GHE,1.0,0.6816223855609658,0.0,0.6816223855609658,centered
fGn_0.75_n512_r13,fGn_0.75_n512,,GPH,1.0,0.7571281374569816,0.0,0.7571281374569816,raw
fGn_0.75_n512_r13,fGn_0.75_n512,,Higuchi,1.0,0.6864220608488507,0.28760377337157883,0.9740258342204295,raw
fGn_0.75_n512_r13,fGn_0.75_n512,,GHE,1.0,0.69362174023864,0.2769955789954298,0.9706173192340698,raw
fGn_0.75_n512_r13,fGn_0.75_n512,,GPH,1.0,0.7571281374569816,0.0,0.7571281374569816,centered
fGn_0.75_n512_r13,fGn_0.75_n512,,Higuchi,1.0,0.6853683765161156,0.0,0.6853683765161156,centered
fGn_0.75_n512_r13,fGn_0.75_n512,,GHE,1.0,0.6924798311444179,0.0,0.6924798311444179,centered
fGn_0.75_n512_r14,fGn_0.75_n512,,GPH,1.0,0.6786704374648459,0.0,0.6786704374648459,raw
fGn_0.75_n512_r14,fGn_0.75_n512,,Higuchi,1.0,0.6164037925791606,0.35146699685296623,0.9678707894321268,raw
fGn_0.75_n512_r14,fGn_0.75_n512,,GHE,1.0,0.632797240477632,0.3232617077013733,0.9560589481790053,raw
fGn_0.75_n512_r14,fGn_0.75_n512,,GPH,1.0,0.678670437464846,0.0,0.678670437464846,centered
fGn_0.75_n512_r14,fGn_0.75_n512,,Higuchi,1.0,0.591164658124752,-4.440892098500626e-16,0.5911646581247516,centered
fGn_0.75_n512_r14,fGn_0.75_n512,,GHE,1.0,0.6080825318385191,0.0,0.6080825318385191,centered
fGn_0.75_n512_r15,fGn_0.75_n512,,GPH,1.0,0.6484924977021957,0.0,0.6484924977021957,raw
fGn_0.75_n512_r15,fGn_0.75_n512,,Higuchi,1.0,0.710338726144542,0.24647106206240266,0.9568097882069446,raw
fGn_0.75_n512_r15,fGn_0.75_n512,,GHE,1.0,0.721311866922064,0.22550287131253155,0.9468147382345955,raw
fGn_0.75_n512_r15,fGn_0.75_n512,,GPH,1.0,0.6484924977021957,0.0,0.6484924977021957,centered
fGn_0.75_n512_r15,fGn_0.75_n512,,Higuchi,1.0,0.7089300676439119,-2.220446049250313e-16,0.7089300676439116,centered
fGn_0.75_n512_r15,fGn_0.75_n512,,GHE,1.0,0.7153831978916734,0.0,0.7153831978916734,centered
fGn_0.75_n512_r16,fGn_0.75_n512,,GPH,1.0,0.9283443577897674,-2.220446049250313e-16,0.9283443577897672,raw
fGn_0.75_n512_r16,fGn_0.75_n512,,Higuchi,1.0,0.7897282986348175,0.18561438331876134,0.9753426819535789,raw
fGn_0.75_n512_r16,fGn_0.75_n512,,GHE,1.0,0.7796235478598261,0.18601842109282873,0.9656419689526549,raw
fGn_0.75_n512_r16,fGn_0.75_n512,,GPH,1.0,0.9283443577897673,0.0,0.9283443577897673,centered
fGn_0.75_n512_r16,fGn_0.75_n512,,Higuchi,1.0,0.8002821474319128,0.0,0.8002821474319128,centered
fGn_0.75_n512_r16,fGn_0.75_n512,,GHE,1.0,0.7894235495525747,0.0,0.7894235495525747,centered
fGn_0.75_n512_r17,fGn_0.75_n512,,GPH,1.0,0.7977715134454828,0.0,0.7977715134454828,raw
fGn_0.75_n512_r17,fGn_0.75_n512,,Higuchi,1.0,0.7106624003070738,0.26609522779100914,0.976757628098083,raw
fGn_0.75_n512_r17,fGn_0.75_n512,,GHE,1.0,0.7192227796374859,0.2525329495987346,0.9717557292362206,raw
fGn_0.75_n512_r17,fGn_0.75_n512,,GPH,1.0,0.7977715134454828,0.0,0.7977715134454828,centered
fGn_0.75_n512_r17,fGn_0.75_n512,,Higuchi,1.0,0.6929759269018654,2.220446049250313e-16,0.6929759269018656,centered
fGn_0.75_n512_r17,fGn_0.75_n512,,GHE,1.0,0.7038883956454943,0.0,0.7038883956454943,centered
fGn_0.75_n512_r18,fGn_0.75_n512,,GPH,1.0,0.858753288282096,1.1102230246251565e-16,0.8587532882820961,raw
fGn_0.75_n512_r18,fGn_0.75_n512,,Higuchi,1.0,0.7356290844704461,0.2226478964079337,0.9582769808783798,raw
fGn_0.75_n512_r18,fGn_0.75_n512,,GHE,1.0,0.7395358229950255,0.2147020928220048,0.9542379158170303,raw
fGn_0.75_n512_r18,fGn_0.75_n512,,GPH,1.0,0.8587532882820961,0.0,0.8587532882820961,centered
fGn_0.75_n512_r18,fGn_0.75_n512,,Higuchi,1.0,0.7357425771730639,0.0,0.7357425771730639,centered
fGn_0.75_n512_r18,fGn_0.75_n512,,GHE,1.0,0.7395824356464842,-1.1102230246251565e-16,0.7395824356464841,centered
fGn_0.75_n512_r19,fGn_0.75_n512,,GPH,1.0,0.6672480696574568,-1.1102230246251565e-16,0.6672480696574566,raw
fGn_0.75_n512_r19,fGn_0.75_n512,,Higuchi,1.0,0.6841827414294364,0.3013489300339762,0.9855316714634126,raw
fGn_0.75_n512_r19,fGn_0.75_n512,,GHE,1.0,0.6723264650012879,0.3086589048683107,0.9809853698695986,raw
fGn_0.75_n512_r19,fGn_0.75_n512,,GPH,1.0,0.6672480696574568,0.0,0.6672480696574568,centered
fGn_0.75_n512_r19,fGn_0.75_n512,,Higuchi,1.0,0.6250898879350337,0.0,0.6250898879350337,centered
fGn_0.75_n512_r19,fGn_0.75_n512,,GHE,1.0,0.6208386464301551,-1.1102230246251565e-16,0.620838646430155,centered
fGn_0.75_n512_r2,fGn_0.75_n512,,GPH,1.0,0.7575024317185726,0.0,0.7575024317185726,raw
fGn_0.75_n512_r2,fGn_0.75_n512,,Higuchi,1.0,0.7433483930386131,0.18622378698149222,0.9295721800201053,raw
fGn_0.75_n512_r2,fGn_0.75_n512,,GHE,1.0,0.7447229733705346,0.17574593659693027,0.9204689099674649,raw
fGn_0.75_n512_r2,fGn_0.75_n512,,GPH,1.0,0.7575024317185726,0.0,0.7575024317185726,centered
fGn_0.75_n512_r2,fGn_0.75_n512,,Higuchi,1.0,0.6626668983842852,0.0,0.6626668983842852,centered
fGn_0.75_n512_r2,fGn_0.75_n512,,GHE,1.0,0.6713546950324942,-2.220446049250313e-16,0.671354695032494,centered
fGn_0.75_n512_r20,fGn_0.75_n512,,GPH,1.0,0.7991080060045962,1.1102230246251565e-16,0.7991080060045963,raw
fGn_0.75_n512_r20,fGn_0.75_n512,,Higuchi,1.0,0.772413197074703,0.15904084399706608,0.9314540410717691,raw
fGn_0.75_n512_r20,fGn_0.75_n512,,GHE,1.0,0.7731528163966466,0.15456623090150345,0.92771904729815,raw
fGn_0.75_n512_r20,fGn_0.75_n512,,GPH,1.0,0.7991080060045962,0.0,0.7991080060045962,centered
fGn_0.75_n512_r20,fGn_0.75_n512,,Higuchi,1.0,0.7708128632436313,4.440892098500626e-16,0.7708128632436317,centered
fGn_0.75_n512_r20,fGn_0.75_n512,,GHE,1.0,0.7705422937606248,0.0,0.7705422937606248,centered
fGn_0.75_n512_r21,fGn_0.75_n512,,GPH,1.0,0.8130037266939442,0.0,0.8130037266939442,raw
fGn_0.75_n512_r21,fGn_0.75_n512,,Higuchi,1.0,0.7568552962872928,0.21685366786273885,0.9737089641500316,raw
fGn_0.75_n512_r21,fGn_0.75_n512,,GHE,1.0,0.7460760812390734,0.22244344487611756,0.968519526115191,raw
fGn_0.75_n512_r21,fGn_0.75_n512,,GPH,1.0,0.8130037266939442,0.0,0.8130037266939442,centered
fGn_0.75_n512_r21,fGn_0.75_n512,,Higuchi,1.0,0.7433449315474652,0.0,0.7433449315474652,centered
fGn_0.75_n512_r21,fGn_0.75_n512,,GHE,1.0,0.7338944378455042,0.0,0.7338944378455042,centered
fGn_0.75_n512_r22,fGn_0.75_n512,,GPH,1.0,0.7464713919643282,0.0,0.7464713919643282,raw
fGn_0.75_n512_r22,fGn_0.75_n512,,Higuchi,1.0,0.7055594792728483,0.26074941678238983,0.9663088960552382,raw
fGn_0.75_n512_r22,fGn_0.75_n512,,GHE,1.0,0.7084959917564048,0.24917200287773067,0.9576679946341354,raw
fGn_0.75_n512_r22,fGn_0.75_n512,,GPH,1.0,0.7464713919643282,0.0,0.7464713919643282,centered
fGn_0.75_n512_r22,fGn_0.75_n512,,Higuchi,1.0,0.7019114144914795,0.0,0.7019114144914795,centered
fGn_0.75_n512_r22,fGn_0.75_n512,,GHE,1.0,0.7057310043217367,0.0,0.7057310043217367,centered
fGn_0.75_n512_r23,fGn_0.75_n512,,GPH,1.0,0.6270163471198879,0.0,0.6270163471198879,raw
fGn_0.75_n512_r23,fGn_0.75_n512,,Higuchi,1.0,0.7888900361194213,0.10561057585766509,0.8945006119770864,raw
fGn_0.75_n512_r23,fGn_0.75_n512,,GHE,1.0,0.7979230605916946,0.08429650023706892,0.8822195608287635,raw
fGn_0.75_n512_r23,fGn_0.75_n512,,GPH,1.0,0.627016347119888,0.0,0.627016347119888,centered
fGn_0.75_n512_r23,fGn_0.75_n512,,Higuchi,1.0,0.7181353317985668,-2.220446049250313e-16,0.7181353317985666,centered
fGn_0.75_n512_r23,fGn_0.75_n512,,GHE,1.0,0.7282006864011539,-2.220446049250313e-16,0.7282006864011537,centered
fGn_0.75_n512_r24,fGn_0.75_n512,,GPH,1.0,0.7052747757552409,0.0,0.7052747757552409,raw
fGn_0.75_n512_r24,fGn_0.75_n512,,Higuchi,1.0,0.6829534780063125,0.3088314879644709,0.9917849659707834,raw
fGn_0.75_n512_r24,fGn_0.75_n512,,GHE,1.0,0.6780149244214122,0.30788616698188187,0.9859010914032941,raw
fGn_0.75_n512_r24,fGn_0.75_n512,,GPH,1.0,0.7052747757552409,0.0,0.7052747757552409,centered
fGn_0.75_n512_r24,fGn_0.75_n512,,Higuchi,1.0,0.6729738235874831,0.0,0.6729738235874831,centered
fGn_0.75_n512_r24,fGn_0.75_n512,,GHE,1.0,0.670075322318795,0.0,0.670075322318795,centered
fGn_0.75_n512_r25,fGn_0.75_n512,,GPH,1.0,0.8265158188472697,0.0,0.8265158188472697,raw
fGn_0.75_n512_r25,fGn_0.75_n512,,Higuchi,1.0,0.7242140231197725,0.26399823126289057,0.988212254382663,raw
fGn_0.75_n512_r25,fGn_0.75_n512,,GHE,1.0,0.7250819575944913,0.2593164019292721,0.9843983595237634,raw
fGn_0.75_n512_r25,fGn_0.75_n512,,GPH,1.0,0.8265158188472697,0.0,0.8265158188472697,centered
fGn_0.75_n512_r25,fGn_0.75_n512,,Higuchi,1.0,0.6546813790549328,0.0,0.6546813790549328,centered
fGn_0.75_n512_r25,fGn_0.75_n512,,GHE,1.0,0.6683342659763292,-2.220446049250313e-16,0.668334265976329,centered
fGn_0.75_n512_r26,fGn_0.75_n512,,GPH,1.0,0.6683039453507784,0.0,0.6683039453507784,raw
fGn_0.75_n512_r26,fGn_0.75_n512,,Higuchi,1.0,0.6775790076290216,0.29455308453873075,0.9721320921677523,raw
fGn_0.75_n512_r26,fGn_0.75_n512,,GHE,1.0,0.6707023965220192,0.2937241665632546,0.9644265630852739,raw
fGn_0.75_n512_r26,fGn_0.75_n512,,GPH,1.0,0.6683039453507784,0.0,0.6683039453507784,centered
fGn_0.75_n512_r26,fGn_0.75_n512,,Higuchi,1.0,0.6733302824986596,0.0,0.6733302824986596,centered
fGn_0.75_n512_r26,fGn_0.75_n512,,GHE,1.0,0.667185153709758,0.0,0.667185153709758,centered
fGn_0.75_n512_r27,fGn_0.75_n512,,GPH,1.0,0.8104460842938376,1.1102230246251565e-16,0.8104460842938377,raw
fGn_0.75_n512_r27,fGn_0.75_n512,,Higuchi,1.0,0.765022030835977,0.1761637263005691,0.9411857571365461,raw
fGn_0.75_n512_r27,fGn_0.75_n512,,GHE,1.0,0.7555206613542634,0.1814827858049186,0.937003447159182,raw
fGn_0.75_n512_r27,fGn_0.75_n512,,GPH,1.0,0.8104460842938376,0.0,0.8104460842938376,centered
fGn_0.75_n512_r27,fGn_0.75_n512,,Higuchi,1.0,0.7455262827836262,0.0,0.7455262827836262,centered
fGn_0.75_n512_r27,fGn_0.75_n512,,GHE,1.0,0.7415908151515955,-1.1102230246251565e-16,0.7415908151515954,centered
fGn_0.75_n512_r28,fGn_0.75_n512,,GPH,1.0,0.722117914734972,0.0,0.722117914734972,raw
fGn_0.75_n512_r28,fGn_0.75_n512,,Higuchi,1.0,0.7155016518294512,0.2624433925873906,0.9779450444168418,raw
fGn_0.75_n512_r28,fGn_0.75_n512,,GHE,1.0,0.7119240602058178,0.26137759122737036,0.9733016514331881,raw
fGn_0.75_n512_r28,fGn_0.75_n512,,GPH,1.0,0.722117914734972,0.0,0.722117914734972,centered
fGn_0.75_n512_r28,fGn_0.75_n512,,Higuchi,1.0,0.7167764227646869,0.0,0.7167764227646869,centered
fGn_0.75_n512_r28,fGn_0.75_n512,,GHE,1.0,0.713147291172442,0.0,0.713147291172442,centered
fGn_0.75_n512_r29,fGn_0.75_n512,,GPH,1.0,0.873821159729685,0.0,0.873821159729685,raw
fGn_0.75_n512_r29,fGn_0.75_n512,,Higuchi,1.0,0.8246310556225884,0.07050362618065042,0.8951346818032389,raw
fGn_0.75_n512_r29,fGn_0.75_n512,,GHE,1.0,0.8166054979127482,0.06443381697469586,0.881039314887444,raw
fGn_0.75_n512_r29,fGn_0.75_n512,,GPH,1.0,0.873821159729685,0.0,0.873821159729685,centered
fGn_0.75_n512_r29,fGn_0.75_n512,,Higuchi,1.0,0.6593663002915002,0.0,0.6593663002915002,centered
fGn_0.75_n512_r29,fGn_0.75_n512,,GHE,1.0,0.6716984244344653,0.0,0.6716984244344653,centered
fGn_0.75_n512_r3,fGn_0.75_n512,,GPH,1.0,0.8254987051954306,0.0,0.8254987051954306,raw
fGn_0.75_n512_r3,fGn_0.75_n512,,Higuchi,1.0,0.644294633666558,0.3164038902590294,0.9606985239255874,raw
fGn_0.75_n512_r3,fGn_0.75_n512,,GHE,1.0,0.655040240861956,0.3006041719777708,0.9556444128397268,raw
fGn_0.75_n512_r3,fGn_0.75_n512,,GPH,1.0,0.8254987051954306,-1.1102230246251565e-16,0.8254987051954304,centered
fGn_0.75_n512_r3,fGn_0.75_n512,,Higuchi,1.0,0.6391911270702821,0.0,0.6391911270702821,centered
fGn_0.75_n512_r3,fGn_0.75_n512,,GHE,1.0,0.6515423448795802,0.0,0.6515423448795802,centered
fGn_0.75_n512_r30,fGn_0.75_n512,,GPH,1.0,0.7317747932382959,-1.1102230246251565e-16,0.7317747932382958,raw
fGn_0.75_n512_r30,fGn_0.75_n512,,Higuchi,1.0,0.7323375316734906,0.21415689065747956,0.9464944223309701,raw
fGn_0.75_n512_r30,fGn_0.75_n512,,GHE,1.0,0.7288537188182418,0.21119384361864313,0.9400475624368849,raw
fGn_0.75_n512_r30,fGn_0.75_n512,,GPH,1.0,0.7317747932382959,-1.1102230246251565e-16,0.7317747932382958,centered
fGn_0.75_n512_r30,fGn_0.75_n512,,Higuchi,1.0,0.7340805679157738,-2.220446049250313e-16,0.7340805679157736,centered
fGn_0.75_n512_r30,fGn_0.75_n512,,GHE,1.0,0.7293213981999133,0.0,0.7293213981999133,centered
fGn_0.75_n512_r31,fGn_0.75_n512,,GPH,1.0,0.569409679511228,-1.1102230246251565e-16,0.5694096795112279,raw
fGn_0.75_n512_r31,fGn_0.75_n512,,Higuchi,1.0,0.7455100263028656,0.24563458276454297,0.9911446090674085,raw
fGn_0.75_n512_r31,fGn_0.75_n512,,GHE,1.0,0.7408340215097613,0.2468895729876528,0.9877235944974141,raw
fGn_0.75_n512_r31,fGn_0.75_n512,,GPH,1.0,0.569409679511228,0.0,0.569409679511228,centered
fGn_0.75_n512_r31,fGn_0.75_n512,,Higuchi,1.0,0.5737322014454784,2.220446049250313e-16,0.5737322014454787,centered
fGn_0.75_n512_r31,fGn_0.75_n512,,GHE,1.0,0.5921118380500685,0.0,0.5921118380500685,centered
fGn_0.75_n512_r32,fGn_0.75_n512,,GPH,1.0,0.8299704918332231,-2.220446049250313e-16,0.8299704918332229,raw
fGn_0.75_n512_r32,fGn_0.75_n512,,Higuchi,1.0,0.8433373404015387,0.14705059237200424,0.990387932773543,raw
fGn_0.75_n512_r32,fGn_0.75_n512,,GHE,1.0,0.8283834870183738,0.15971990790832602,0.9881033949266999,raw
fGn_0.75_n512_r32,fGn_0.75_n512,,GPH,1.0,0.8299704918332231,-2.220446049250313e-16,0.8299704918332229,centered
fGn_0.75_n512_r32,fGn_0.75_n512,,Higuchi,1.0,0.7764186900937919,0.0,0.7764186900937919,centered
fGn_0.75_n512_r32,fGn_0.75_n512,,GHE,1.0,0.7667497905431894,0.0,0.7667497905431894,centered
fGn_0.75_n512_r33,fGn_0.75_n512,,GPH,1.0,1.2570703688917764,0.0,1.2570703688917764,raw
fGn_0.75_n512_r33,fGn_0.75_n512,,Higuchi,1.0,0.8064693503806681,0.15753717708348547,0.9640065274641536,raw
fGn_0.75_n512_r33,fGn_0.75_n512,,GHE,1.0,0.7999969089817611,0.16085532112137257,0.9608522301031337,raw
fGn_0.75_n512_r33,fGn_0.75_n512,,GPH,1.0,1.2570703688917766,0.0,1.2570703688917766,centered
fGn_0.75_n512_r33,fGn_0.75_n512,,Higuchi,1.0,0.807212479211427,0.0,0.807212479211427,centered
fGn_0.75_n512_r33,fGn_0.75_n512,,GHE,1.0,0.8008767549233713,-1.1102230246251565e-16,0.8008767549233712,centered
fGn_0.75_n512_r34,fGn_0.75_n512,,GPH,1.0,0.7286385697115559,0.0,0.7286385697115559,raw
fGn_0.75_n512_r34,fGn_0.75_n512,,Higuchi,1.0,0.756493245642557,0.19217603985014464,0.9486692854927017,raw
fGn_0.75_n512_r34,fGn_0.75_n512,,GHE,1.0,0.7590206832312647,0.17948583366608395,0.9385065168973487,raw
fGn_0.75_n512_r34,fGn_0.75_n512,,GPH,1.0,0.7286385697115559,0.0,0.7286385697115559,centered
fGn_0.75_n512_r34,fGn_0.75_n512,,Higuchi,1.0,0.6717366318964684,0.0,0.6717366318964684,centered
fGn_0.75_n512_r34,fGn_0.75_n512,,GHE,1.0,0.6796849665949481,0.0,0.6796849665949481,centered
fGn_0.75_n512_r35,fGn_0.75_n512,,GPH,1.0,0.7664444162924551,0.0,0.7664444162924551,raw
fGn_0.75_n512_r35,fGn_0.75_n512,,Higuchi,1.0,0.7382227557445442,0.23450543514768007,0.9727281908922243,raw
fGn_0.75_n512_r35,fGn_0.75_n512,,GHE,1.0,0.7360210050830505,0.22981578058948537,0.9658367856725358,raw
fGn_0.75_n512_r35,fGn_0.75_n512,,GPH,1.0,0.7664444162924551,0.0,0.7664444162924551,centered
fGn_0.75_n512_r35,fGn_0.75_n512,,Higuchi,1.0,0.734755941845517,0.0,0.734755941845517,centered
fGn_0.75_n512_r35,fGn_0.75_n512,,GHE,1.0,0.7330963988438545,0.0,0.7330963988438545,centered
fGn_0.75_n512_r36,fGn_0.75_n512,,GPH,1.0,0.7760260276785713,0.0,0.7760260276785713,raw
fGn_0.75_n512_r36,fGn_0.75_n512,,Higuchi,1.0,0.8143372231017982,0.09457272229652114,0.9089099453983194,raw
fGn_0.75_n512_r36,fGn_0.75_n512,,GHE,1.0,0.8006953679255834,0.09931096224263214,0.9000063301682155,raw
fGn_0.75_n512_r36,fGn_0.75_n512,,GPH,1.0,0.7760260276785712,1.1102230246251565e-16,0.7760260276785713,centered
fGn_0.75_n512_r36,fGn_0.75_n512,,Higuchi,1.0,0.6855560548099029,0.0,0.6855560548099029,centered
fGn_0.75_n512_r36,fGn_0.75_n512,,GHE,1.0,0.6947808677183169,1.1102230246251565e-16,0.694780867718317,centered
fGn_0.75_n512_r37,fGn_0.75_n512,,GPH,1.0,0.8013372782572306,0.0,0.8013372782572306,raw
fGn_0.75_n512_r37,fGn_0.75_n512,,Higuchi,1.0,0.6948876571331011,0.27794451678687815,0.9728321739199792,raw
fGn_0.75_n512_r37,fGn_0.75_n512,,GHE,1.0,0.7036252624598399,0.2652496115466759,0.9688748740065158,raw
fGn_0.75_n512_r37,fGn_0.75_n512,,GPH,1.0,0.8013372782572306,0.0,0.8013372782572306,centered
fGn_0.75_n512_r37,fGn_0.75_n512,,Higuchi,1.0,0.6903165408088225,0.0,0.6903165408088225,centered
fGn_0.75_n512_r37,fGn_0.75_n512,,GHE,1.0,0.6992692088196911,-1.1102230246251565e-16,0.699269208819691,centered
fGn_0.75_n512_r38,fGn_0.75_n512,,GPH,1.0,0.7441902824524513,-1.1102230246251565e-16,0.7441902824524512,raw
fGn_0.75_n512_r38,fGn_0.75_n512,,Higuchi,1.0,0.6975721341842511,0.27431180065915717,0.9718839348434083,raw
fGn_0.75_n512_r38,fGn_0.75_n512,,GHE,1.0,0.7101592953795113,0.25692773516222156,0.9670870305417328,raw
fGn_0.75_n512_r38,fGn_0.75_n512,,GPH,1.0,0.7441902824524513,-1.1102230246251565e-16,0.7441902824524512,centered
fGn_0.75_n512_r38,fGn_0.75_n512,,Higuchi,1.0,0.687559983005803,0.0,0.687559983005803,centered
fGn_0.75_n512_r38,fGn_0.75_n512,,GHE,1.0,0.7029240453694982,0.0,0.7029240453694982,centered
fGn_0.75_n512_r39,fGn_0.75_n512,,GPH,1.0,0.6774422442208916,0.0,0.6774422442208916,raw
fGn_0.75_n512_r39,fGn_0.75_n512,,Higuchi,1.0,0.7284520364775049,0.246819355645576,0.9752713921230809,raw
fGn_0.75_n512_r39,fGn_0.75_n512,,GHE,1.0,0.7291600917364447,0.24150908090746126,0.970669172643906,raw
fGn_0.75_n512_r39,fGn_0.75_n512,,GPH,1.0,0.6774422442208916,0.0,0.6774422442208916,centered
fGn_0.75_n512_r39,fGn_0.75_n512,,Higuchi,1.0,0.7167939856374976,-4.440892098500626e-16,0.7167939856374972,centered
fGn_0.75_n512_r39,fGn_0.75_n512,,GHE,1.0,0.720086509311889,-1.1102230246251565e-16,0.7200865093118889,centered
fGn_0.75_n512_r4,fGn_0.75_n512,,GPH,1.0,0.786054476124947,0.0,0.786054476124947,raw
fGn_0.75_n512_r4,fGn_0.75_n512,,Higuchi,1.0,0.7834161799091077,0.1531317579796978,0.9365479378888055,raw
fGn_0.75_n512_r4,fGn_0.75_n512,,GHE,1.0,0.7809216166554593,0.1427404581491556,0.9236620748046149,raw
fGn_0.75_n512_r4,fGn_0.75_n512,,GPH,1.0,0.786054476124947,0.0,0.786054476124947,centered
fGn_0.75_n512_r4,fGn_0.75_n512,,Higuchi,1.0,0.701936413047604,0.0,0.701936413047604,centered
fGn_0.75_n512_r4,fGn_0.75_n512,,GHE,1.0,0.7091924530531877,-2.220446049250313e-16,0.7091924530531875,centered
fGn_0.75_n512_r40,fGn_0.75_n512,,GPH,1.0,0.6257282346080764,0.0,0.6257282346080764,raw
fGn_0.75_n512_r40,fGn_0.75_n512,,Higuchi,1.0,0.7677483604969302,0.15076842674079716,0.9185167872377273,raw
fGn_0.75_n512_r40,fGn_0.75_n512,,GHE,1.0,0.7618895171739254,0.14748221200198475,0.9093717291759101,raw
fGn_0.75_n512_r40,fGn_0.75_n512,,GPH,1.0,0.6257282346080764,0.0,0.6257282346080764,centered
fGn_0.75_n512_r40,fGn_0.75_n512,,Higuchi,1.0,0.6295345324017139,-2.220446049250313e-16,0.6295345324017136,centered
fGn_0.75_n512_r40,fGn_0.75_n512,,GHE,1.0,0.6417278158549782,0.0,0.6417278158549782,centered
fGn_0.75_n512_r41,fGn_0.75_n512,,GPH,1.0,0.5819841996228226,0.0,0.5819841996228226,raw
fGn_0.75_n512_r41,fGn_0.75_n512,,Higuchi,1.0,0.7311050996804895,0.20914466097789464,0.9402497606583842,raw
fGn_0.75_n512_r41,fGn_0.75_n512,,GHE,1.0,0.7324065631089197,0.1973049526469196,0.9297115157558393,raw
fGn_0.75_n512_r41,fGn_0.75_n512,,GPH,1.0,0.5819841996228226,-1.1102230246251565e-16,0.5819841996228224,centered
fGn_0.75_n512_r41,fGn_0.75_n512,,Higuchi,1.0,0.6242857094597378,0.0,0.6242857094597378,centered
fGn_0.75_n512_r41,fGn_0.75_n512,,GHE,1.0,0.642932782110096,0.0,0.642932782110096,centered
fGn_0.75_n512_r42,fGn_0.75_n512,,GPH,1.0,0.6357053181702987,0.0,0.6357053181702987,raw
fGn_0.75_n512_r42,fGn_0.75_n512,,Higuchi,1.0,0.6945877872923281,0.2354006912408646,0.9299884785331927,raw
fGn_0.75_n512_r42,fGn_0.75_n512,,GHE,1.0,0.6941845891167748,0.22583261614439232,0.9200172052611671,raw
fGn_0.75_n512_r42,fGn_0.75_n512,,GPH,1.0,0.6357053181702987,0.0,0.6357053181702987,centered
fGn_0.75_n512_r42,fGn_0.75_n512,,Higuchi,1.0,0.6510742736680077,0.0,0.6510742736680077,centered
fGn_0.75_n512_r42,fGn_0.75_n512,,GHE,1.0,0.6536684293398207,-1.1102230246251565e-16,0.6536684293398206,centered
fGn_0.75_n512_r43,fGn_0.75_n512,,GPH,1.0,0.7597848100685495,1.1102230246251565e-16,0.7597848100685496,raw
fGn_0.75_n512_r43,fGn_0.75_n512,,Higuchi,1.0,0.7266199949998575,0.239699059440724,0.9663190544405815,raw
fGn_0.75_n512_r43,fGn_0.75_n512,,GHE,1.0,0.7168605195217959,0.2411825052347163,0.9580430247565122,raw
fGn_0.75_n512_r43,fGn_0.75_n512,,GPH,1.0,0.7597848100685495,1.1102230246251565e-16,0.7597848100685496,centered
fGn_0.75_n512_r43,fGn_0.75_n512,,Higuchi,1.0,0.6993671200053821,0.0,0.6993671200053821,centered
fGn_0.75_n512_r43,fGn_0.75_n512,,GHE,1.0,0.6938023002890064,0.0,0.6938023002890064,centered
fGn_0.75_n512_r44,fGn_0.75_n512,,GPH,1.0,0.7005048430765988,0.0,0.7005048430765988,raw
fGn_0.75_n512_r44,fGn_0.75_n512,,Higuchi,1.0,0.6806499565913078,0.26942379955995044,0.9500737561512582,raw
fGn_0.75_n512_r44,fGn_0.75_n512,,GHE,1.0,0.685334506435928,0.25730627382432025,0.9426407802602482,raw
fGn_0.75_n512_r44,fGn_0.75_n512,,GPH,1.0,0.7005048430765988,0.0,0.7005048430765988,centered
fGn_0.75_n512_r44,fGn_0.75_n512,,Higuchi,1.0,0.6689900088584935,0.0,0.6689900088584935,centered
fGn_0.75_n512_r44,fGn_0.75_n512,,GHE,1.0,0.6749287553528528,0.0,0.6749287553528528,centered
fGn_0.75_n512_r45,fGn_0.75_n512,,GPH,1.0,0.7485866387042304,0.0,0.7485866387042304,raw
fGn_0.75_n512_r45,fGn_0.75_n512,,Higuchi,1.0,0.7142302702078243,0.21533944083357848,0.9295697110414027,raw
fGn_0.75_n512_r45,fGn_0.75_n512,,GHE,1.0,0.7371448811861763,0.18731836210750286,0.9244632432936791,raw
fGn_0.75_n512_r45,fGn_0.75_n512,,GPH,1.0,0.7485866387042304,0.0,0.7485866387042304,centered
fGn_0.75_n512_r45,fGn_0.75_n512,,Higuchi,1.0,0.6889942362908639,0.0,0.6889942362908639,centered
fGn_0.75_n512_r45,fGn_0.75_n512,,GHE,1.0,0.7138612831377552,1.1102230246251565e-16,0.7138612831377553,centered
fGn_0.75_n512_r46,fGn_0.75_n512,,GPH,1.0,0.8425047748292649,0.0,0.8425047748292649,raw
fGn_0.75_n512_r46,fGn_0.75_n512,,Higuchi,1.0,0.7101819785497703,0.24077299002216868,0.950954968571939,raw
fGn_0.75_n512_r46,fGn_0.75_n512,,GHE,1.0,0.7228151131336619,0.22400434342995978,0.9468194565636217,raw
fGn_0.75_n512_r46,fGn_0.75_n512,,GPH,1.0,0.8425047748292649,0.0,0.8425047748292649,centered
fGn_0.75_n512_r46,fGn_0.75_n512,,Higuchi,1.0,0.7043844979002167,2.220446049250313e-16,0.704384497900217,centered
fGn_0.75_n512_r46,fGn_0.75_n512,,GHE,1.0,0.7184733626474359,-2.220446049250313e-16,0.7184733626474357,centered
fGn_0.75_n512_r47,fGn_0.75_n512,,GPH,1.0,0.546631062943773,1.1102230246251565e-16,0.5466310629437731,raw
fGn_0.75_n512_r47,fGn_0.75_n512,,Higuchi,1.0,0.6131221763164132,0.3423523040408212,0.9554744803572344,raw
fGn_0.75_n512_r47,fGn_0.75_n512,,GHE,1.0,0.6344069350641196,0.3160961617064898,0.9505030967706094,raw
fGn_0.75_n512_r47,fGn_0.75_n512,,GPH,1.0,0.546631062943773,1.1102230246251565e-16,0.5466310629437731,centered
fGn_0.75_n512_r47,fGn_0.75_n512,,Higuchi,1.0,0.6190808328621051,0.0,0.6190808328621051,centered
fGn_0.75_n512_r47,fGn_0.75_n512,,GHE,1.0,0.6379875548749164,0.0,0.6379875548749164,centered
fGn_0.75_n512_r48,fGn_0.75_n512,,GPH,1.0,0.8485301112680699,0.0,0.8485301112680699,raw
fGn_0.75_n512_r48,fGn_0.75_n512,,Higuchi,1.0,0.8249810742434742,0.17145034839285067,0.9964314226363249,raw
fGn_0.75_n512_r48,fGn_0.75_n512,,GHE,1.0,0.8210549046951191,0.1723835896185021,0.9934384943136212,raw
fGn_0.75_n512_r48,fGn_0.75_n512,,GPH,1.0,0.8485301112680699,0.0,0.8485301112680699,centered
fGn_0.75_n512_r48,fGn_0.75_n512,,Higuchi,1.0,0.7941507560692367,-2.220446049250313e-16,0.7941507560692365,centered
fGn_0.75_n512_r48,fGn_0.75_n512,,GHE,1.0,0.7882181878054142,0.0,0.7882181878054142,centered
fGn_0.75_n512_r49,fGn_0.75_n512,,GPH,1.0,0.7560982178740752,1.1102230246251565e-16,0.7560982178740753,raw
fGn_0.75_n512_r49,fGn_0.75_n512,,Higuchi,1.0,0.746949986647458,0.23622430975013153,0.9831742963975896,raw
fGn_0.75_n512_r49,fGn_0.75_n512,,GHE,1.0,0.7460422290689686,0.2345363453818572,0.9805785744508257,raw
fGn_0.75_n512_r49,fGn_0.75_n512,,GPH,1.0,0.7560982178740752,0.0,0.7560982178740752,centered
fGn_0.75_n512_r49,fGn_0.75_n512,,Higuchi,1.0,0.7236211055098543,0.0,0.7236211055098543,centered
fGn_0.75_n512_r49,fGn_0.75_n512,,GHE,1.0,0.7233544671675374,-2.220446049250313e-16,0.7233544671675372,centered
fGn_0.75_n512_r5,fGn_0.75_n512,,GPH,1.0,0.8979329172928303,0.0,0.8979329172928303,raw
fGn_0.75_n512_r5,fGn_0.75_n512,,Higuchi,1.0,0.7361890918240444,0.23377434360933047,0.9699634354333748,raw
fGn_0.75_n512_r5,fGn_0.75_n512,,GHE,1.0,0.7256592504843979,0.23713636068465715,0.9627956111690551,raw
fGn_0.75_n512_r5,fGn_0.75_n512,,GPH,1.0,0.8979329172928303,0.0,0.8979329172928303,centered
fGn_0.75_n512_r5,fGn_0.75_n512,,Higuchi,1.0,0.7357574866624996,2.220446049250313e-16,0.7357574866624998,centered
fGn_0.75_n512_r5,fGn_0.75_n512,,GHE,1.0,0.7256465068902135,2.220446049250313e-16,0.7256465068902137,centered
fGn_0.75_n512_r50,fGn_0.75_n512,,GPH,1.0,0.9690884179432349,1.1102230246251565e-16,0.969088417943235,raw
fGn_0.75_n512_r50,fGn_0.75_n512,,Higuchi,1.0,0.8067726131070012,0.1089277850663064,0.9157003981733076,raw
fGn_0.75_n512_r50,fGn_0.75_n512,,GHE,1.0,0.7988101861652721,0.11289018514792448,0.9117003713131966,raw
fGn_0.75_n512_r50,fGn_0.75_n512,,GPH,1.0,0.9690884179432349,0.0,0.9690884179432349,centered
fGn_0.75_n512_r50,fGn_0.75_n512,,Higuchi,1.0,0.7802865450096765,-2.220446049250313e-16,0.7802865450096763,centered
fGn_0.75_n512_r50,fGn_0.75_n512,,GHE,1.0,0.7736450838434281,1.1102230246251565e-16,0.7736450838434282,centered
fGn_0.75_n512_r51,fGn_0.75_n512,,GPH,1.0,0.9579214818030453,0.0,0.9579214818030453,raw
fGn_0.75_n512_r51,fGn_0.75_n512,,Higuchi,1.0,0.7789326602237312,0.17282412099914057,0.9517567812228718,raw
fGn_0.75_n512_r51,fGn_0.75_n512,,GHE,1.0,0.7717498379419969,0.17074439156108223,0.9424942295030792,raw
fGn_0.75_n512_r51,fGn_0.75_n512,,GPH,1.0,0.9579214818030453,-1.1102230246251565e-16,0.9579214818030451,centered
fGn_0.75_n512_r51,fGn_0.75_n512,,Higuchi,1.0,0.7755063230049137,0.0,0.7755063230049137,centered
fGn_0.75_n512_r51,fGn_0.75_n512,,GHE,1.0,0.765488122905067,0.0,0.765488122905067,centered
fGn_0.75_n512_r52,fGn_0.75_n512,,GPH,1.0,0.8290125159571431,0.0,0.8290125159571431,raw
fGn_0.75_n512_r52,fGn_0.75_n512,,Higuchi,1.0,0.7378397331400626,0.21423937878278254,0.9520791119228451,raw
fGn_0.75_n512_r52,fGn_0.75_n512,,GHE,1.0,0.7432459257718843,0.19861430928489499,0.9418602350567793,raw
fGn_0.75_n512_r52,fGn_0.75_n512,,GPH,1.0,0.8290125159571431,0.0,0.8290125159571431,centered
fGn_0.75_n512_r52,fGn_0.75_n512,,Higuchi,1.0,0.6983626135736534,-2.220446049250313e-16,0.6983626135736531,centered
fGn_0.75_n512_r52,fGn_0.75_n512,,GHE,1.0,0.7083085446925976,1.1102230246251565e-16,0.7083085446925977,centered
fGn_0.75_n512_r53,fGn_0.75_n512,,GPH,1.0,0.7769253700244931,0.0,0.7769253700244931,raw
fGn_0.75_n512_r53,fGn_0.75_n512,,Higuchi,1.0,0.7764005622363579,0.21941828651239415,0.995818848748752,raw
fGn_0.75_n512_r53,fGn_0.75_n512,,GHE,1.0,0.7734002568893674,0.2174788772255125,0.9908791341148799,raw
fGn_0.75_n512_r53,fGn_0.75_n512,,GPH,1.0,0.7769253700244931,0.0,0.7769253700244931,centered
fGn_0.75_n512_r53,fGn_0.75_n512,,Higuchi,1.0,0.6585306600229972,2.220446049250313e-16,0.6585306600229974,centered
fGn_0.75_n512_r53,fGn_0.75_n512,,GHE,1.0,0.6775269786530868,-1.1102230246251565e-16,0.6775269786530866,centered
fGn_0.75_n512_r54,fGn_0.75_n512,,GPH,1.0,0.6735886594172981,1.1102230246251565e-16,0.6735886594172982,raw
fGn_0.75_n512_r54,fGn_0.75_n512,,Higuchi,1.0,0.785742430315391,0.18438019748435042,0.9701226277997415,raw
fGn_0.75_n512_r54,fGn_0.75_n512,,GHE,1.0,0.7836736344883632,0.1837914581032123,0.9674650925915755,raw
fGn_0.75_n512_r54,fGn_0.75_n512,,GPH,1.0,0.6735886594172982,0.0,0.6735886594172982,centered
fGn_0.75_n512_r54,fGn_0.75_n512,,Higuchi,1.0,0.7662019884001867,0.0,0.7662019884001867,centered
fGn_0.75_n512_r54,fGn_0.75_n512,,GHE,1.0,0.7610108881446672,-1.1102230246251565e-16,0.7610108881446671,centered
fGn_0.75_n512_r55,fGn_0.75_n512,,GPH,1.0,0.8832195223782251,0.0,0.8832195223782251,raw
fGn_0.75_n512_r55,fGn_0.75_n512,,Higuchi,1.0,0.8348341240094705,0.08044938833915172,0.9152835123486223,raw
fGn_0.75_n512_r55,fGn_0.75_n512,,GHE,1.0,0.825370505186047,0.08056255357871067,0.9059330587647577,raw
fGn_0.75_n512_r55,fGn_0.75_n512,,GPH,1.0,0.8832195223782251,0.0,0.8832195223782251,centered
fGn_0.75_n512_r55,fGn_0.75_n512,,Higuchi,1.0,0.7777418703925372,0.0,0.7777418703925372,centered
fGn_0.75_n512_r55,fGn_0.75_n512,,GHE,1.0,0.7722754283125176,0.0,0.7722754283125176,centered
fGn_0.75_n512_r56,fGn_0.75_n512,,GPH,1.0,0.5712666756256238,0.0,0.5712666756256238,raw
fGn_0.75_n512_r56,fGn_0.75_n512,,Higuchi,1.0,0.6882075833144947,0.299044765229151,0.9872523485436457,raw
fGn_0.75_n512_r56,fGn_0.75_n512,,GHE,1.0,0.6969661929169888,0.2865480579087203,0.9835142508257091,raw
fGn_0.75_n512_r56,fGn_0.75_n512,,GPH,1.0,0.5712666756256238,0.0,0.5712666756256238,centered
fGn_0.75_n512_r56,fGn_0.75_n512,,Higuchi,1.0,0.5934264778827385,0.0,0.5934264778827385,centered
fGn_0.75_n512_r56,fGn_0.75_n512,,GHE,1.0,0.6152931183496666,0.0,0.6152931183496666,centered
fGn_0.75_n512_r57,fGn_0.75_n512,,GPH,1.0,0.7799163339166999,0.0,0.7799163339166999,raw
fGn_0.75_n512_r57,fGn_0.75_n512,,Higuchi,1.0,0.7941699288593782,0.1597689757750056,0.9539389046343838,raw
fGn_0.75_n512_r57,fGn_0.75_n512,,GHE,1.0,0.7846024006331653,0.15953291709047346,0.9441353177236388,raw
fGn_0.75_n512_r57,fGn_0.75_n512,,GPH,1.0,0.7799163339167,0.0,0.7799163339167,centered
fGn_0.75_n512_r57,fGn_0.75_n512,,Higuchi,1.0,0.7498006588917114,0.0,0.7498006588917114,centered
fGn_0.75_n512_r57,fGn_0.75_n512,,GHE,1.0,0.7458718505451203,0.0,0.7458718505451203,centered
fGn_0.75_n512_r58,fGn_0.75_n512,,GPH,1.0,0.6352508915546078,0.0,0.6352508915546078,raw
fGn_0.75_n512_r58,fGn_0.75_n512,,Higuchi,1.0,0.7406146064114936,0.23010743092288033,0.9707220373343739,raw
fGn_0.75_n512_r58,fGn_0.75_n512,,GHE,1.0,0.7331937376347918,0.2303828657940301,0.9635766034288219,raw
fGn_0.75_n512_r58,fGn_0.75_n512,,GPH,1.0,0.6352508915546078,1.1102230246251565e-16,0.6352508915546079,centered
fGn_0.75_n512_r58,fGn_0.75_n512,,Higuchi,1.0,0.7376210676374388,2.220446049250313e-16,0.7376210676374391,centered
fGn_0.75_n512_r58,fGn_0.75_n512,,GHE,1.0,0.7302548128472981,3.3306690738754696e-16,0.7302548128472984,centered
fGn_0.75_n512_r59,fGn_0.75_n512,,GPH,1.0,0.7674423378720823,0.0,0.7674423378720823,raw
fGn_0.75_n512_r59,fGn_0.75_n512,,Higuchi,1.0,0.7836100863820881,0.13096348241834255,0.9145735688004306,raw
fGn_0.75_n512_r59,fGn_0.75_n512,,GHE,1.0,0.7816684903212848,0.1279189664721584,0.9095874567934432,raw
fGn_0.75_n512_r59,fGn_0.75_n512,,GPH,1.0,0.7674423378720823,0.0,0.7674423378720823,centered
fGn_0.75_n512_r59,fGn_0.75_n512,,Higuchi,1.0,0.6980926908929841,0.0,0.6980926908929841,centered
fGn_0.75_n512_r59,fGn_0.75_n512,,GHE,1.0,0.7198057989118977,0.0,0.7198057989118977,centered
fGn_0.75_n512_r6,fGn_0.75_n512,,GPH,1.0,0.5294079307840103,0.0,0.5294079307840103,raw
fGn_0.75_n512_r6,fGn_0.75_n512,,Higuchi,1.0,0.6563900436458052,0.32339645934117134,0.9797865029869766,raw
fGn_0.75_n512_r6,fGn_0.75_n512,,GHE,1.0,0.6577991202305643,0.31791300035998926,0.9757121205905536,raw
fGn_0.75_n512_r6,fGn_0.75_n512,,GPH,1.0,0.5294079307840103,1.1102230246251565e-16,0.5294079307840104,centered
fGn_0.75_n512_r6,fGn_0.75_n512,,Higuchi,1.0,0.6492038811352445,0.0,0.6492038811352445,centered
fGn_0.75_n512_r6,fGn_0.75_n512,,GHE,1.0,0.6516839567982948,0.0,0.6516839567982948,centered
fGn_0.75_n512_r60,fGn_0.75_n512,,GPH,1.0,0.5756986927579274,0.0,0.5756986927579274,raw
fGn_0.75_n512_r60,fGn_0.75_n512,,Higuchi,1.0,0.6119381496259328,0.36318283651654637,0.9751209861424792,raw
fGn_0.75_n512_r60,fGn_0.75_n512,,GHE,1.0,0.617642338798823,0.3516746964949148,0.9693170352937378,raw
fGn_0.75_n512_r60,fGn_0.75_n512,,GPH,1.0,0.5756986927579274,1.1102230246251565e-16,0.5756986927579275,centered
fGn_0.75_n512_r60,fGn_0.75_n512,,Higuchi,1.0,0.6123554752129416,0.0,0.6123554752129416,centered
fGn_0.75_n512_r60,fGn_0.75_n512,,GHE,1.0,0.6182372754655463,-2.220446049250313e-16,0.6182372754655461,centered
fGn_0.75_n512_r61,fGn_0.75_n512,,GPH,1.0,0.5588286002873173,1.1102230246251565e-16,0.5588286002873174,raw
fGn_0.75_n512_r61,fGn_0.75_n512,,Higuchi,1.0,0.7004133720471051,0.26585269490388863,0.9662660669509937,raw
fGn_0.75_n512_r61,fGn_0.75_n512,,GHE,1.0,0.7022054018418251,0.2575512487484516,0.9597566505902767,raw
fGn_0.75_n512_r61,fGn_0.75_n512,,GPH,1.0,0.5588286002873173,0.0,0.5588286002873173,centered
fGn_0.75_n512_r61,fGn_0.75_n512,,Higuchi,1.0,0.7003639094797303,0.0,0.7003639094797303,centered
fGn_0.75_n512_r61,fGn_0.75_n512,,GHE,1.0,0.7022588029140022,-1.1102230246251565e-16,0.7022588029140021,centered
fGn_0.75_n512_r62,fGn_0.75_n512,,GPH,1.0,0.8065388134085367,0.0,0.8065388134085367,raw
fGn_0.75_n512_r62,fGn_0.75_n512,,Higuchi,1.0,0.806254624904096,0.1847586695458705,0.9910132944499666,raw
fGn_0.75_n512_r62,fGn_0.75_n512,,GHE,1.0,0.8011744086290234,0.18523475425240354,0.986409162881427,raw
fGn_0.75_n512_r62,fGn_0.75_n512,,GPH,1.0,0.8065388134085366,0.0,0.8065388134085366,centered
fGn_0.75_n512_r62,fGn_0.75_n512,,Higuchi,1.0,0.7802811038176107,0.0,0.7802811038176107,centered
fGn_0.75_n512_r62,fGn_0.75_n512,,GHE,1.0,0.7804514715417665,0.0,0.7804514715417665,centered
fGn_0.75_n512_r63,fGn_0.75_n512,,GPH,1.0,0.6915227809718477,-1.1102230246251565e-16,0.6915227809718476,raw
fGn_0.75_n512_r63,fGn_0.75_n512,,Higuchi,1.0,0.6736343905972306,0.2686518703209555,0.9422862609181861,raw
fGn_0.75_n512_r63,fGn_0.75_n512,,GHE,1.0,0.688506540334819,0.25064332335294504,0.939149863687764,raw
fGn_0.75_n512_r63,fGn_0.75_n512,,GPH,1.0,0.6915227809718477,0.0,0.6915227809718477,centered
fGn_0.75_n512_r63,fGn_0.75_n512,,Higuchi,1.0,0.6355860448005213,0.0,0.6355860448005213,centered
fGn_0.75_n512_r63,fGn_0.75_n512,,GHE,1.0,0.6570230103332355,0.0,0.6570230103332355,centered
fGn_0.75_n512_r7,fGn_0.75_n512,,GPH,1.0,0.8397338699354957,0.0,0.8397338699354957,raw
fGn_0.75_n512_r7,fGn_0.75_n512,,Higuchi,1.0,0.69207642845371,0.29657720693913614,0.9886536353928461,raw
fGn_0.75_n512_r7,fGn_0.75_n512,,GHE,1.0,0.7013523566539368,0.2798175212287024,0.9811698778826392,raw
fGn_0.75_n512_r7,fGn_0.75_n512,,GPH,1.0,0.8397338699354957,0.0,0.8397338699354957,centered
fGn_0.75_n512_r7,fGn_0.75_n512,,Higuchi,1.0,0.6999529102810749,0.0,0.6999529102810749,centered
fGn_0.75_n512_r7,fGn_0.75_n512,,GHE,1.0,0.707101072006865,0.0,0.707101072006865,centered
fGn_0.75_n512_r8,fGn_0.75_n512,,GPH,1.0,0.593144520716624,0.0,0.593144520716624,raw
fGn_0.75_n512_r8,fGn_0.75_n512,,Higuchi,1.0,0.6908782602633063,0.2723047853840892,0.9631830456473955,raw
fGn_0.75_n512_r8,fGn_0.75_n512,,GHE,1.0,0.6988553452991907,0.25997685292331274,0.9588321982225034,raw
fGn_0.75_n512_r8,fGn_0.75_n512,,GPH,1.0,0.593144520716624,0.0,0.593144520716624,centered
fGn_0.75_n512_r8,fGn_0.75_n512,,Higuchi,1.0,0.6883126256340699,0.0,0.6883126256340699,centered
fGn_0.75_n512_r8,fGn_0.75_n512,,GHE,1.0,0.6956619812327618,0.0,0.6956619812327618,centered
fGn_0.75_n512_r9,fGn_0.75_n512,,GPH,1.0,0.7750728425114248,0.0,0.7750728425114248,raw
fGn_0.75_n512_r9,fGn_0.75_n512,,Higuchi,1.0,0.6755413324354975,0.29819199705649124,0.9737333294919888,raw
fGn_0.75_n512_r9,fGn_0.75_n512,,GHE,1.0,0.6803784458551477,0.2891776199848938,0.9695560658400415,raw
fGn_0.75_n512_r9,fGn_0.75_n512,,GPH,1.0,0.7750728425114248,0.0,0.7750728425114248,centered
fGn_0.75_n512_r9,fGn_0.75_n512,,Higuchi,1.0,0.6936770467543425,0.0,0.6936770467543425,centered
fGn_0.75_n512_r9,fGn_0.75_n512,,GHE,1.0,0.6940665413548283,-2.220446049250313e-16,0.694066541354828,centered
fGn_0.85_n1024_r0,fGn_0.85_n1024,,GPH,1.0,0.7443888880636151,1.1102230246251565e-16,0.7443888880636153,raw
fGn_0.85_n1024_r0,fGn_0.85_n1024,,Higuchi,1.0,0.7936953028997136,0.15683090793369758,0.9505262108334112,raw
fGn_0.85_n1024_r0,fGn_0.85_n1024,,GHE,1.0,0.8094463327289667,0.1397725430783351,0.9492188758073018,raw
fGn_0.85_n1024_r0,fGn_0.85_n1024,,GPH,1.0,0.7443888880636151,0.0,0.7443888880636151,centered
fGn_0.85_n1024_r0,fGn_0.85_n1024,,Higuchi,1.0,0.7833619382910662,0.0,0.7833619382910662,centered
fGn_0.85_n1024_r0,fGn_0.85_n1024,,GHE,1.0,0.8010730400371701,0.0,0.8010730400371701,centered
fGn_0.85_n1024_r1,fGn_0.85_n1024,,GPH,1.0,0.8685952119086751,0.0,0.8685952119086751,raw
fGn_0.85_n1024_r1,fGn_0.85_n1024,,Higuchi,1.0,0.8693376556338641,0.040941910787931635,0.9102795664217957,raw
fGn_0.85_n1024_r1,fGn_0.85_n1024,,GHE,1.0,0.8660689293715589,0.04708502580109841,0.9131539551726573,raw
fGn_0.85_n1024_r1,fGn_0.85_n1024,,GPH,1.0,0.8685952119086751,0.0,0.8685952119086751,centered
fGn_0.85_n1024_r1,fGn_0.85_n1024,,Higuchi,1.0,0.8339273514938084,-2.220446049250313e-16,0.8339273514938081,centered
fGn_0.85_n1024_r1,fGn_0.85_n1024,,GHE,1.0,0.8380884239418676,1.1102230246251565e-16,0.8380884239418677,centered
fGn_0.85_n1024_r10,fGn_0.85_n1024,,GPH,1.0,0.9103874931345722,1.1102230246251565e-16,0.9103874931345723,raw
fGn_0.85_n1024_r10,fGn_0.85_n1024,,Higuchi,1.0,0.8416600845287985,0.09038943742808514,0.9320495219568836,raw
fGn_0.85_n1024_r10,fGn_0.85_n1024,,GHE,1.0,0.8473681358917177,0.08039956469551879,0.9277677005872365,raw
fGn_0.85_n1024_r10,fGn_0.85_n1024,,GPH,1.0,0.9103874931345723,0.0,0.9103874931345723,centered
fGn_0.85_n1024_r10,fGn_0.85_n1024,,Higuchi,1.0,0.8164108757055288,0.0,0.8164108757055288,centered
fGn_0.85_n1024_r10,fGn_0.85_n1024,,GHE,1.0,0.8223480703989393,2.220446049250313e-16,0.8223480703989395,centered
fGn_0.85_n1024_r11,fGn_0.85_n1024,,GPH,1.0,0.7581993083019716,1.1102230246251565e-16,0.7581993083019717,raw
fGn_0.85_n1024_r11,fGn_0.85_n1024,,Higuchi,1.0,0.8118251146912938,0.17827813363148892,0.9901032483227827,raw
fGn_0.85_n1024_r11,fGn_0.85_n1024,,GHE,1.0,0.8109835279587997,0.1776971577566917,0.9886806857154914,raw
fGn_0.85_n1024_r11,fGn_0.85_n1024,,GPH,1.0,0.7581993083019717,-1.1102230246251565e-16,0.7581993083019716,centered
fGn_0.85_n1024_r11,fGn_0.85_n1024,,Higuchi,1.0,0.74008201247917,0.0,0.74008201247917,centered
fGn_0.85_n1024_r11,fGn_0.85_n1024,,GHE,1.0,0.7512542208404464,0.0,0.7512542208404464,centered
fGn_0.85_n1024_r12,fGn_0.85_n1024,,GPH,1.0,1.017261751188043,0.0,1.017261751188043,raw
fGn_0.85_n1024_r12,fGn_0.85_n1024,,Higuchi,1.0,0.8835413615091601,0.09600379469129683,0.9795451562004569,raw
fGn_0.85_n1024_r12,fGn_0.85_n1024,,GHE,1.0,0.8823510000758714,0.09459899304756725,0.9769499931234387,raw
fGn_0.85_n1024_r12,fGn_0.85_n1024,,GPH,1.0,1.017261751188043,0.0,1.017261751188043,centered
fGn_0.85_n1024_r12,fGn_0.85_n1024,,Higuchi,1.0,0.8701878600471711,0.0,0.8701878600471711,centered
fGn_0.85_n1024_r12,fGn_0.85_n1024,,GHE,1.0,0.870803540640006,0.0,0.870803540640006,centered
fGn_0.85_n1024_r13,fGn_0.85_n1024,,GPH,1.0,0.9477853847934268,2.220446049250313e-16,0.947785384793427,raw
fGn_0.85_n1024_r13,fGn_0.85_n1024,,Higuchi,1.0,0.8456570222005759,0.07854431129012562,0.9242013334907015,raw
fGn_0.85_n1024_r13,fGn_0.85_n1024,,GHE,1.0,0.8421212473825502,0.07638351640782648,0.9185047637903767,raw
fGn_0.85_n1024_r13,fGn_0.85_n1024,,GPH,1.0,0.9477853847934263,6.661338147750939e-16,0.947785384793427,centered
fGn_0.85_n1024_r13,fGn_0.85_n1024,,Higuchi,1.0,0.7883590087758605,0.0,0.7883590087758605,centered
fGn_0.85_n1024_r13,fGn_0.85_n1024,,GHE,1.0,0.7925541037788819,1.1102230246251565e-16,0.792554103778882,centered
fGn_0.85_n1024_r14,fGn_0.85_n1024,,GPH,1.0,0.8924504963837558,0.0,0.8924504963837558,raw
fGn_0.85_n1024_r14,fGn_0.85_n1024,,Higuchi,1.0,0.9382228257211724,0.060337558851233375,0.9985603845724058,raw
fGn_0.85_n1024_r14,fGn_0.85_n1024,,GHE,1.0,0.9351969994320801,0.06249586212827307,0.9976928615603532,raw
fGn_0.85_n1024_r14,fGn_0.85_n1024,,GPH,1.0,0.8924504963837558,0.0,0.8924504963837558,centered
fGn_0.85_n1024_r14,fGn_0.85_n1024,,Higuchi,1.0,0.822445697595902,0.0,0.822445697595902,centered
fGn_0.85_n1024_r14,fGn_0.85_n1024,,GHE,1.0,0.828419323238228,0.0,0.828419323238228,centered
fGn_0.85_n1024_r15,fGn_0.85_n1024,,GPH,1.0,0.7086350578769529,0.0,0.7086350578769529,raw
fGn_0.85_n1024_r15,fGn_0.85_n1024,,Higuchi,1.0,0.746999500881756,0.20942001938892596,0.956419520270682,raw
fGn_0.85_n1024_r15,fGn_0.85_n1024,,GHE,1.0,0.7558592290483995,0.19519434824554716,0.9510535772939467,raw
fGn_0.85_n1024_r15,fGn_0.85_n1024,,GPH,1.0,0.7086350578769528,1.1102230246251565e-16,0.7086350578769529,centered
fGn_0.85_n1024_r15,fGn_0.85_n1024,,Higuchi,1.0,0.7407870516446406,0.0,0.7407870516446406,centered
fGn_0.85_n1024_r15,fGn_0.85_n1024,,GHE,1.0,0.7495286962787884,-1.1102230246251565e-16,0.7495286962787883,centered
fGn_0.85_n1024_r16,fGn_0.85_n1024,,GPH,1.0,0.8780889886277574,0.0,0.8780889886277574,raw
fGn_0.85_n1024_r16,fGn_0.85_n1024,,Higuchi,1.0,0.878242081681345,0.1134621445689108,0.9917042262502558,raw
fGn_0.85_n1024_r16,fGn_0.85_n1024,,GHE,1.0,0.8777459492751389,0.11107551947380179,0.9888214687489407,raw
fGn_0.85_n1024_r16,fGn_0.85_n1024,,GPH,1.0,0.8780889886277574,0.0,0.8780889886277574,centered
fGn_0.85_n1024_r16,fGn_0.85_n1024,,Higuchi,1.0,0.8606535783411964,0.0,0.8606535783411964,centered
fGn_0.85_n1024_r16,fGn_0.85_n1024,,GHE,1.0,0.8602401771957626,1.1102230246251565e-16,0.8602401771957627,centered
fGn_0.85_n1024_r17,fGn_0.85_n1024,,GPH,1.0,0.9618300632247538,-2.220446049250313e-16,0.9618300632247536,raw
fGn_0.85_n1024_r17,fGn_0.85_n1024,,Higuchi,1.0,0.8778639310036784,0.018593893968344988,0.8964578249720234,raw
fGn_0.85_n1024_r17,fGn_0.85_n1024,,GHE,1.0,0.877120334709775,0.01742315084409385,0.8945434855538689,raw
fGn_0.85_n1024_r17,fGn_0.85_n1024,,GPH,1.0,0.9618300632247536,2.220446049250313e-16,0.9618300632247538,centered
fGn_0.85_n1024_r17,fGn_0.85_n1024,,Higuchi,1.0,0.8078382955453349,0.0,0.8078382955453349,centered
fGn_0.85_n1024_r17,fGn_0.85_n1024,,GHE,1.0,0.8089159083044877,0.0,0.8089159083044877,centered
fGn_0.85_n1024_r18,fGn_0.85_n1024,,GPH,1.0,1.1481901190122117,0.0,1.1481901190122117,raw
fGn_0.85_n1024_r18,fGn_0.85_n1024,,Higuchi,1.0,0.8758696049561507,0.06325896356484173,0.9391285685209925,raw
fGn_0.85_n1024_r18,fGn_0.85_n1024,,GHE,1.0,0.8760340216578205,0.05907619493145999,0.9351102165892805,raw
fGn_0.85_n1024_r18,fGn_0.85_n1024,,GPH,1.0,1.1481901190122117,0.0,1.1481901190122117,centered
fGn_0.85_n1024_r18,fGn_0.85_n1024,,Higuchi,1.0,0.8550245963240954,2.220446049250313e-16,0.8550245963240957,centered
fGn_0.85_n1024_r18,fGn_0.85_n1024,,GHE,1.0,0.8532218008486098,0.0,0.8532218008486098,centered
fGn_0.85_n1024_r19,fGn_0.85_n1024,,GPH,1.0,0.8690895307481793,0.0,0.8690895307481793,raw
fGn_0.85_n1024_r19,fGn_0.85_n1024,,Higuchi,1.0,0.8184053226054999,0.15021164934260134,0.9686169719481013,raw
fGn_0.85_n1024_r19,fGn_0.85_n1024,,GHE,1.0,0.8205030821877645,0.14571415080310102,0.9662172329908655,raw
fGn_0.85_n1024_r19,fGn_0.85_n1024,,GPH,1.0,0.8690895307481793,1.1102230246251565e-16,0.8690895307481794,centered
fGn_0.85_n1024_r19,fGn_0.85_n1024,,Higuchi,1.0,0.8181467969376823,0.0,0.8181467969376823,centered
fGn_0.85_n1024_r19,fGn_0.85_n1024,,GHE,1.0,0.8202913780693111,-2.220446049250313e-16,0.8202913780693109,centered
fGn_0.85_n1024_r2,fGn_0.85_n1024,,GPH,1.0,0.8645133615098848,0.0,0.8645133615098848,raw
fGn_0.85_n1024_r2,fGn_0.85_n1024,,Higuchi,1.0,0.839363849454817,0.14504867204442218,0.9844125214992392,raw
fGn_0.85_n1024_r2,fGn_0.85_n1024,,GHE,1.0,0.8437180718547295,0.13865803363697693,0.9823761054917064,raw
fGn_0.85_n1024_r2,fGn_0.85_n1024,,GPH,1.0,0.8645133615098848,0.0,0.8645133615098848,centered
fGn_0.85_n1024_r2,fGn_0.85_n1024,,Higuchi,1.0,0.8144636489807708,0.0,0.8144636489807708,centered
fGn_0.85_n1024_r2,fGn_0.85_n1024,,GHE,1.0,0.8195667656860768,0.0,0.8195667656860768,centered
fGn_0.85_n1024_r20,fGn_0.85_n1024,,GPH,1.0,0.8350911370769032,0.0,0.8350911370769032,raw
fGn_0.85_n1024_r20,fGn_0.85_n1024,,Higuchi,1.0,0.8361888418044672,0.08438802038519388,0.9205768621896611,raw
fGn_0.85_n1024_r20,fGn_0.85_n1024,,GHE,1.0,0.8400077736685785,0.07691854651053398,0.9169263201791125,raw
fGn_0.85_n1024_r20,fGn_0.85_n1024,,GPH,1.0,0.8350911370769032,0.0,0.8350911370769032,centered
fGn_0.85_n1024_r20,fGn_0.85_n1024,,Higuchi,1.0,0.7786010161473553,0.0,0.7786010161473553,centered
fGn_0.85_n1024_r20,fGn_0.85_n1024,,GHE,1.0,0.7880816883766533,0.0,0.7880816883766533,centered
fGn_0.85_n1024_r21,fGn_0.85_n1024,,GPH,1.0,0.9060860982087368,0.0,0.9060860982087368,raw
fGn_0.85_n1024_r21,fGn_0.85_n1024,,Higuchi,1.0,0.8014545547490171,0.16732037327244487,0.9687749280214619,raw
fGn_0.85_n1024_r21,fGn_0.85_n1024,,GHE,1.0,0.8029526276107583,0.16040390145034744,0.9633565290611057,raw
fGn_0.85_n1024_r21,fGn_0.85_n1024,,GPH,1.0,0.9060860982087368,0.0,0.9060860982087368,centered
fGn_0.85_n1024_r21,fGn_0.85_n1024,,Higuchi,1.0,0.8007692003811546,0.0,0.8007692003811546,centered
fGn_0.85_n1024_r21,fGn_0.85_n1024,,GHE,1.0,0.8024716941136133,0.0,0.8024716941136133,centered
fGn_0.85_n1024_r22,fGn_0.85_n1024,,GPH,1.0,0.9086080730535644,0.0,0.9086080730535644,raw
fGn_0.85_n1024_r22,fGn_0.85_n1024,,Higuchi,1.0,0.817980076983601,0.14336162070756409,0.9613416976911651,raw
fGn_0.85_n1024_r22,fGn_0.85_n1024,,GHE,1.0,0.8224276384334814,0.13572699113520947,0.9581546295686909,raw
fGn_0.85_n1024_r22,fGn_0.85_n1024,,GPH,1.0,0.9086080730535644,0.0,0.9086080730535644,centered
fGn_0.85_n1024_r22,fGn_0.85_n1024,,Higuchi,1.0,0.8228037963585082,0.0,0.8228037963585082,centered
fGn_0.85_n1024_r22,fGn_0.85_n1024,,GHE,1.0,0.8264137312195831,0.0,0.8264137312195831,centered
fGn_0.85_n1024_r23,fGn_0.85_n1024,,GPH,1.0,0.8552876367368032,0.0,0.8552876367368032,raw
fGn_0.85_n1024_r23,fGn_0.85_n1024,,Higuchi,1.0,0.9523086670155176,0.046128467444215726,0.9984371344597334,raw
fGn_0.85_n1024_r23,fGn_0.85_n1024,,GHE,1.0,0.9481397594531905,0.04959487090861747,0.997734630361808,raw
fGn_0.85_n1024_r23,fGn_0.85_n1024,,GPH,1.0,0.8552876367368032,1.1102230246251565e-16,0.8552876367368033,centered
fGn_0.85_n1024_r23,fGn_0.85_n1024,,Higuchi,1.0,0.7814643264173953,2.220446049250313e-16,0.7814643264173955,centered
fGn_0.85_n1024_r23,fGn_0.85_n1024,,GHE,1.0,0.7861302451762557,0.0,0.7861302451762557,centered
fGn_0.85_n1024_r24,fGn_0.85_n1024,,GPH,1.0,1.0077026057022724,-2.220446049250313e-16,1.0077026057022722,raw
fGn_0.85_n1024_r24,fGn_0.85_n1024,,Higuchi,1.0,0.8516503271841314,0.08699448217165928,0.9386448093557906,raw
fGn_0.85_n1024_r24,fGn_0.85_n1024,,GHE,1.0,0.8469410161594687,0.09086028865258355,0.9378013048120523,raw
fGn_0.85_n1024_r24,fGn_0.85_n1024,,GPH,1.0,1.0077026057022724,-2.220446049250313e-16,1.0077026057022722,centered
fGn_0.85_n1024_r24,fGn_0.85_n1024,,Higuchi,1.0,0.8444433880301969,0.0,0.8444433880301969,centered
fGn_0.85_n1024_r24,fGn_0.85_n1024,,GHE,1.0,0.8423401860518515,2.220446049250313e-16,0.8423401860518517,centered
fGn_0.85_n1024_r25,fGn_0.85_n1024,,GPH,1.0,0.9963544176289916,-1.1102230246251565e-16,0.9963544176289915,raw
fGn_0.85_n1024_r25,fGn_0.85_n1024,,Higuchi,1.0,0.8935517101204038,0.011902442051041628,0.9054541521714454,raw
fGn_0.85_n1024_r25,fGn_0.85_n1024,,GHE,1.0,0.8875575515994844,0.012520106557586175,0.9000776581570705,raw
fGn_0.85_n1024_r25,fGn_0.85_n1024,,GPH,1.0,0.9963544176289916,0.0,0.9963544176289916,centered
fGn_0.85_n1024_r25,fGn_0.85_n1024,,Higuchi,1.0,0.8056762149829948,0.0,0.8056762149829948,centered
fGn_0.85_n1024_r25,fGn_0.85_n1024,,GHE,1.0,0.8030273770472641,1.1102230246251565e-16,0.8030273770472642,centered
fGn_0.85_n1024_r26,fGn_0.85_n1024,,GPH,1.0,0.7684988594700952,0.0,0.7684988594700952,raw
fGn_0.85_n1024_r26,fGn_0.85_n1024,,Higuchi,1.0,0.8311012241265261,0.10827623384522989,0.939377457971756,raw
fGn_0.85_n1024_r26,fGn_0.85_n1024,,GHE,1.0,0.8317586759279069,0.10357557646226567,0.9353342523901725,raw
fGn_0.85_n1024_r26,fGn_0.85_n1024,,GPH,1.0,0.7684988594700952,0.0,0.7684988594700952,centered
fGn_0.85_n1024_r26,fGn_0.85_n1024,,Higuchi,1.0,0.8027085758144012,0.0,0.8027085758144012,centered
fGn_0.85_n1024_r26,fGn_0.85_n1024,,GHE,1.0,0.7993379544296041,-2.220446049250313e-16,0.7993379544296039,centered
fGn_0.85_n1024_r27,fGn_0.85_n1024,,GPH,1.0,0.945129218741975,0.0,0.945129218741975,raw
fGn_0.85_n1024_r27,fGn_0.85_n1024,,Higuchi,1.0,0.8434385806586981,0.09514591737730838,0.9385844980360065,raw
fGn_0.85_n1024_r27,fGn_0.85_n1024,,GHE,1.0,0.8422247174456179,0.09571878772361841,0.9379435051692363,raw
fGn_0.85_n1024_r27,fGn_0.85_n1024,,GPH,1.0,0.945129218741975,0.0,0.945129218741975,centered
fGn_0.85_n1024_r27,fGn_0.85_n1024,,Higuchi,1.0,0.826506332938846,0.0,0.826506332938846,centered
fGn_0.85_n1024_r27,fGn_0.85_n1024,,GHE,1.0,0.8313353769595673,1.1102230246251565e-16,0.8313353769595674,centered
fGn_0.85_n1024_r28,fGn_0.85_n1024,,GPH,1.0,0.6105602641975701,0.0,0.6105602641975701,raw
fGn_0.85_n1024_r28,fGn_0.85_n1024,,Higuchi,1.0,0.8097745373586185,0.1825760214292742,0.9923505587878927,raw
fGn_0.85_n1024_r28,fGn_0.85_n1024,,GHE,1.0,0.8116281874990113,0.17956253866416538,0.9911907261631767,raw
fGn_0.85_n1024_r28,fGn_0.85_n1024,,GPH,1.0,0.6105602641975701,0.0,0.6105602641975701,centered
fGn_0.85_n1024_r28,fGn_0.85_n1024,,Higuchi,1.0,0.6975461835752557,0.0,0.6975461835752557,centered
fGn_0.85_n1024_r28,fGn_0.85_n1024,,GHE,1.0,0.7177108365755773,0.0,0.7177108365755773,centered
fGn_0.85_n1024_r29,fGn_0.85_n1024,,GPH,1.0,0.8528740948655695,-1.1102230246251565e-16,0.8528740948655694,raw
fGn_0.85_n1024_r29,fGn_0.85_n1024,,Higuchi,1.0,0.8996646185454797,-0.01951652451578334,0.8801480940296964,raw
fGn_0.85_n1024_r29,fGn_0.85_n1024,,GHE,1.0,0.8999032951431869,-0.025567981599379674,0.8743353135438072,raw
fGn_0.85_n1024_r29,fGn_0.85_n1024,,GPH,1.0,0.8528740948655694,0.0,0.8528740948655694,centered
fGn_0.85_n1024_r29,fGn_0.85_n1024,,Higuchi,1.0,0.8265972043867147,-2.220446049250313e-16,0.8265972043867145,centered
fGn_0.85_n1024_r29,fGn_0.85_n1024,,GHE,1.0,0.8312163034830353,0.0,0.8312163034830353,centered
fGn_0.85_n1024_r3,fGn_0.85_n1024,,GPH,1.0,0.6807374127146013,0.0,0.6807374127146013,raw
fGn_0.85_n1024_r3,fGn_0.85_n1024,,Higuchi,1.0,0.7981476880708571,0.19008428882622064,0.9882319768970778,raw
fGn_0.85_n1024_r3,fGn_0.85_n1024,,GHE,1.0,0.8022330502277814,0.18434081988560624,0.9865738701133876,raw
fGn_0.85_n1024_r3,fGn_0.85_n1024,,GPH,1.0,0.6807374127146013,0.0,0.6807374127146013,centered
fGn_0.85_n1024_r3,fGn_0.85_n1024,,Higuchi,1.0,0.7557167268337761,0.0,0.7557167268337761,centered
fGn_0.85_n1024_r3,fGn_0.85_n1024,,GHE,1.0,0.7592265681287239,-1.1102230246251565e-16,0.7592265681287238,centered
fGn_0.85_n1024_r30,fGn_0.85_n1024,,GPH,1.0,0.8555420284212324,0.0,0.8555420284212324,raw
fGn_0.85_n1024_r30,fGn_0.85_n1024,,Higuchi,1.0,0.8837740975047337,0.10780054024347896,0.9915746377482126,raw
fGn_0.85_n1024_r30,fGn_0.85_n1024,,GHE,1.0,0.8809338271410277,0.10939933516488765,0.9903331623059154,raw
fGn_0.85_n1024_r30,fGn_0.85_n1024,,GPH,1.0,0.8555420284212324,0.0,0.8555420284212324,centered
fGn_0.85_n1024_r30,fGn_0.85_n1024,,Higuchi,1.0,0.7883481586264824,0.0,0.7883481586264824,centered
fGn_0.85_n1024_r30,fGn_0.85_n1024,,GHE,1.0,0.7961988254873706,-1.1102230246251565e-16,0.7961988254873705,centered
fGn_0.85_n1024_r31,fGn_0.85_n1024,,GPH,1.0,0.8850137109826102,0.0,0.8850137109826102,raw
fGn_0.85_n1024_r31,fGn_0.85_n1024,,Higuchi,1.0,0.8152012881769994,0.16255386883255518,0.9777551570095546,raw
fGn_0.85_n1024_r31,fGn_0.85_n1024,,GHE,1.0,0.816417852769213,0.16063135874092105,0.977049211510134,raw
fGn_0.85_n1024_r31,fGn_0.85_n1024,,GPH,1.0,0.8850137109826101,0.0,0.8850137109826101,centered
fGn_0.85_n1024_r31,fGn_0.85_n1024,,Higuchi,1.0,0.804848474689831,0.0,0.804848474689831,centered
fGn_0.85_n1024_r31,fGn_0.85_n1024,,GHE,1.0,0.8059306772025205,-1.1102230246251565e-16,0.8059306772025204,centered
fGn_0.85_n1024_r32,fGn_0.85_n1024,,GPH,1.0,1.1606953433553395,2.220446049250313e-16,1.1606953433553397,raw
fGn_0.85_n1024_r32,fGn_0.85_n1024,,Higuchi,1.0,0.8468698573620395,0.11336843382962392,0.9602382911916634,raw
fGn_0.85_n1024_r32,fGn_0.85_n1024,,GHE,1.0,0.8453713025088093,0.11068041403786777,0.9560517165466771,raw
fGn_0.85_n1024_r32,fGn_0.85_n1024,,GPH,1.0,1.1606953433553397,0.0,1.1606953433553397,centered
fGn_0.85_n1024_r32,fGn_0.85_n1024,,Higuchi,1.0,0.8377519244771521,0.0,0.8377519244771521,centered
fGn_0.85_n1024_r32,fGn_0.85_n1024,,GHE,1.0,0.8361907668324399,1.1102230246251565e-16,0.83619076683244,centered
fGn_0.85_n1024_r33,fGn_0.85_n1024,,GPH,1.0,0.8430499809537262,0.0,0.8430499809537262,raw
fGn_0.85_n1024_r33,fGn_0.85_n1024,,Higuchi,1.0,0.8079388453937628,0.17033795118166828,0.9782767965754311,raw
fGn_0.85_n1024_r33,fGn_0.85_n1024,,GHE,1.0,0.8178340534854964,0.15802203245776603,0.9758560859432625,raw
fGn_0.85_n1024_r33,fGn_0.85_n1024,,GPH,1.0,0.8430499809537262,0.0,0.8430499809537262,centered
fGn_0.85_n1024_r33,fGn_0.85_n1024,,Higuchi,1.0,0.7918090808799059,0.0,0.7918090808799059,centered
fGn_0.85_n1024_r33,fGn_0.85_n1024,,GHE,1.0,0.8005345844432602,0.0,0.8005345844432602,centered
fGn_0.85_n1024_r34,fGn_0.85_n1024,,GPH,1.0,0.6414459462017814,0.0,0.6414459462017814,raw
fGn_0.85_n1024_r34,fGn_0.85_n1024,,Higuchi,1.0,0.8095363733900254,0.1296704597503915,0.9392068331404169,raw
fGn_0.85_n1024_r34,fGn_0.85_n1024,,GHE,1.0,0.8124118386988688,0.12223314199123403,0.9346449806901028,raw
fGn_0.85_n1024_r34,fGn_0.85_n1024,,GPH,1.0,0.6414459462017814,-1.1102230246251565e-16,0.6414459462017813,centered
fGn_0.85_n1024_r34,fGn_0.85_n1024,,Higuchi,1.0,0.7973259483851949,-2.220446049250313e-16,0.7973259483851947,centered
fGn_0.85_n1024_r34,fGn_0.85_n1024,,GHE,1.0,0.7976683446282354,-2.220446049250313e-16,0.7976683446282352,centered
fGn_0.85_n1024_r35,fGn_0.85_n1024,,GPH,1.0,0.841749689769739,0.0,0.841749689769739,raw
fGn_0.85_n1024_r35,fGn_0.85_n1024,,Higuchi,1.0,0.9226600153866971,-0.06172561289340028,0.8609344024932968,raw
fGn_0.85_n1024_r35,fGn_0.85_n1024,,GHE,1.0,0.9142589887429711,-0.05549357114959397,0.8587654175933771,raw
fGn_0.85_n1024_r35,fGn_0.85_n1024,,GPH,1.0,0.841749689769739,0.0,0.841749689769739,centered
fGn_0.85_n1024_r35,fGn_0.85_n1024,,Higuchi,1.0,0.7919958754316472,0.0,0.7919958754316472,centered
fGn_0.85_n1024_r35,fGn_0.85_n1024,,GHE,1.0,0.7962473994798678,0.0,0.7962473994798678,centered
fGn_0.85_n1024_r36,fGn_0.85_n1024,,GPH,1.0,0.8285624583790887,0.0,0.8285624583790887,raw
fGn_0.85_n1024_r36,fGn_0.85_n1024,,Higuchi,1.0,0.8889094949900478,0.105999386261181,0.9949088812512288,raw
fGn_0.85_n1024_r36,fGn_0.85_n1024,,GHE,1.0,0.8842236313290891,0.1088442480556222,0.9930678793847113,raw
fGn_0.85_n1024_r36,fGn_0.85_n1024,,GPH,1.0,0.8285624583790887,0.0,0.8285624583790887,centered
fGn_0.85_n1024_r36,fGn_0.85_n1024,,Higuchi,1.0,0.7527801367237372,-2.220446049250313e-16,0.752780136723737,centered
fGn_0.85_n1024_r36,fGn_0.85_n1024,,GHE,1.0,0.7648395841115158,2.220446049250313e-16,0.764839584111516,centered
fGn_0.85_n1024_r37,fGn_0.85_n1024,,GPH,1.0,0.8024820260884481,0.0,0.8024820260884481,raw
fGn_0.85_n1024_r37,fGn_0.85_n1024,,Higuchi,1.0,0.77033561319601,0.20950553479247214,0.9798411479884821,raw
fGn_0.85_n1024_r37,fGn_0.85_n1024,,GHE,1.0,0.7726439861186564,0.2038494556846009,0.9764934418032573,raw
fGn_0.85_n1024_r37,fGn_0.85_n1024,,GPH,1.0,0.8024820260884481,-1.1102230246251565e-16,0.802482026088448,centered
fGn_0.85_n1024_r37,fGn_0.85_n1024,,Higuchi,1.0,0.7629607084432446,2.220446049250313e-16,0.7629607084432448,centered
fGn_0.85_n1024_r37,fGn_0.85_n1024,,GHE,1.0,0.7669385665206971,-2.220446049250313e-16,0.7669385665206969,centered
fGn_0.85_n1024_r38,fGn_0.85_n1024,,GPH,1.0,0.9833467394020636,-1.1102230246251565e-16,0.9833467394020635,raw
fGn_0.85_n1024_r38,fGn_0.85_n1024,,Higuchi,1.0,0.8452440331732425,0.10651650385561928,0.9517605370288618,raw
fGn_0.85_n1024_r38,fGn_0.85_n1024,,GHE,1.0,0.8449210684490531,0.10277388139620391,0.947694949845257,raw
fGn_0.85_n1024_r38,fGn_0.85_n1024,,GPH,1.0,0.9833467394020636,0.0,0.9833467394020636,centered
fGn_0.85_n1024_r38,fGn_0.85_n1024,,Higuchi,1.0,0.8375487356079154,0.0,0.8375487356079154,centered
fGn_0.85_n1024_r38,fGn_0.85_n1024,,GHE,1.0,0.8361422661093146,0.0,0.8361422661093146,centered
fGn_0.85_n1024_r39,fGn_0.85_n1024,,GPH,1.0,1.0694291357035768,0.0,1.0694291357035768,raw
fGn_0.85_n1024_r39,fGn_0.85_n1024,,Higuchi,1.0,0.8556594267303212,0.12546099894946972,0.981120425679791,raw
fGn_0.85_n1024_r39,fGn_0.85_n1024,,GHE,1.0,0.8554345912939748,0.12528461133938706,0.9807192026333619,raw
fGn_0.85_n1024_r39,fGn_0.85_n1024,,GPH,1.0,1.0694291357035768,0.0,1.0694291357035768,centered
fGn_0.85_n1024_r39,fGn_0.85_n1024,,Higuchi,1.0,0.8369569130747982,0.0,0.8369569130747982,centered
fGn_0.85_n1024_r39,fGn_0.85_n1024,,GHE,1.0,0.8353909311274482,1.1102230246251565e-16,0.8353909311274483,centered
fGn_0.85_n1024_r4,fGn_0.85_n1024,,GPH,1.0,0.7180804990010821,0.0,0.7180804990010821,raw
fGn_0.85_n1024_r4,fGn_0.85_n1024,,Higuchi,1.0,0.9306572157397139,-0.06528827503597223,0.8653689407037417,raw
fGn_0.85_n1024_r4,fGn_0.85_n1024,,GHE,1.0,0.9274049474165794,-0.06050040238433341,0.866904545032246,raw
fGn_0.85_n1024_r4,fGn_0.85_n1024,,GPH,1.0,0.7180804990010821,0.0,0.7180804990010821,centered
fGn_0.85_n1024_r4,fGn_0.85_n1024,,Higuchi,1.0,0.8280125497218587,2.220446049250313e-16,0.8280125497218589,centered
fGn_0.85_n1024_r4,fGn_0.85_n1024,,GHE,1.0,0.8292132108597068,0.0,0.8292132108597068,centered
fGn_0.85_n1024_r40,fGn_0.85_n1024,,GPH,1.0,0.8730892592464967,-1.1102230246251565e-16,0.8730892592464966,raw
fGn_0.85_n1024_r40,fGn_0.85_n1024,,Higuchi,1.0,0.8558098006773889,0.08501517817713666,0.9408249788545255,raw
fGn_0.85_n1024_r40,fGn_0.85_n1024,,GHE,1.0,0.8519251386871507,0.08657624433901479,0.9385013830261655,raw
fGn_0.85_n1024_r40,fGn_0.85_n1024,,GPH,1.0,0.8730892592464967,0.0,0.8730892592464967,centered
fGn_0.85_n1024_r40,fGn_0.85_n1024,,Higuchi,1.0,0.8112828064403532,0.0,0.8112828064403532,centered
fGn_0.85_n1024_r40,fGn_0.85_n1024,,GHE,1.0,0.8144244149762702,-1.1102230246251565e-16,0.81442441497627,centered
fGn_0.85_n1024_r41,fGn_0.85_n1024,,GPH,1.0,0.8438083059481785,0.0,0.8438083059481785,raw
fGn_0.85_n1024_r41,fGn_0.85_n1024,,Higuchi,1.0,0.7670673018242606,0.198434458901678,0.9655017607259386,raw
fGn_0.85_n1024_r41,fGn_0.85_n1024,,GHE,1.0,0.7666825877090436,0.1947384833652248,0.9614210710742684,raw
fGn_0.85_n1024_r41,fGn_0.85_n1024,,GPH,1.0,0.8438083059481785,0.0,0.8438083059481785,centered
fGn_0.85_n1024_r41,fGn_0.85_n1024,,Higuchi,1.0,0.7659543908207671,-2.220446049250313e-16,0.7659543908207669,centered
fGn_0.85_n1024_r41,fGn_0.85_n1024,,GHE,1.0,0.7656207241868205,-1.1102230246251565e-16,0.7656207241868204,centered
fGn_0.85_n1024_r42,fGn_0.85_n1024,,GPH,1.0,0.6673276578737111,0.0,0.6673276578737111,raw
fGn_0.85_n1024_r42,fGn_0.85_n1024,,Higuchi,1.0,0.844704334579389,0.07535184654650084,0.9200561811258898,raw
fGn_0.85_n1024_r42,fGn_0.85_n1024,,GHE,1.0,0.8456903724985397,0.0675151919922814,0.9132055644908211,raw
fGn_0.85_n1024_r42,fGn_0.85_n1024,,GPH,1.0,0.6673276578737111,0.0,0.6673276578737111,centered
fGn_0.85_n1024_r42,fGn_0.85_n1024,,Higuchi,1.0,0.7519430548256745,0.0,0.7519430548256745,centered
fGn_0.85_n1024_r42,fGn_0.85_n1024,,GHE,1.0,0.758060838930928,0.0,0.758060838930928,centered
fGn_0.85_n1024_r43,fGn_0.85_n1024,,GPH,1.0,0.6508068550151542,0.0,0.6508068550151542,raw
fGn_0.85_n1024_r43,fGn_0.85_n1024,,Higuchi,1.0,0.806326735353383,0.15441217787130013,0.9607389132246831,raw
fGn_0.85_n1024_r43,fGn_0.85_n1024,,GHE,1.0,0.8058471224570661,0.1492031340398019,0.955050256496868,raw
fGn_0.85_n1024_r43,fGn_0.85_n1024,,GPH,1.0,0.6508068550151542,0.0,0.6508068550151542,centered
fGn_0.85_n1024_r43,fGn_0.85_n1024,,Higuchi,1.0,0.7864166950119347,0.0,0.7864166950119347,centered
fGn_0.85_n1024_r43,fGn_0.85_n1024,,GHE,1.0,0.789046882668801,0.0,0.789046882668801,centered
fGn_0.85_n1024_r44,fGn_0.85_n1024,,GPH,1.0,1.0420049745338678,0.0,1.0420049745338678,raw
fGn_0.85_n1024_r44,fGn_0.85_n1024,,Higuchi,1.0,0.8681101111974359,0.10105588951974287,0.9691660007171787,raw
fGn_0.85_n1024_r44,fGn_0.85_n1024,,GHE,1.0,0.8688867448839579,0.09824701440510519,0.9671337592890631,raw
fGn_0.85_n1024_r44,fGn_0.85_n1024,,GPH,1.0,1.0420049745338678,0.0,1.0420049745338678,centered
fGn_0.85_n1024_r44,fGn_0.85_n1024,,Higuchi,1.0,0.860810131824828,-2.220446049250313e-16,0.8608101318248278,centered
fGn_0.85_n1024_r44,fGn_0.85_n1024,,GHE,1.0,0.860981132718962,0.0,0.860981132718962,centered
fGn_0.85_n1024_r45,fGn_0.85_n1024,,GPH,1.0,0.7305139709078179,0.0,0.7305139709078179,raw
fGn_0.85_n1024_r45,fGn_0.85_n1024,,Higuchi,1.0,0.9176346835478608,-0.08621410162035947,0.8314205819275013,raw
fGn_0.85_n1024_r45,fGn_0.85_n1024,,GHE,1.0,0.9149396449256972,-0.08686424733748155,0.8280753975882157,raw
fGn_0.85_n1024_r45,fGn_0.85_n1024,,GPH,1.0,0.7305139709078179,0.0,0.7305139709078179,centered
fGn_0.85_n1024_r45,fGn_0.85_n1024,,Higuchi,1.0,0.7673681181356498,2.220446049250313e-16,0.76736811813565,centered
fGn_0.85_n1024_r45,fGn_0.85_n1024,,GHE,1.0,0.7748916312516849,0.0,0.7748916312516849,centered
fGn_0.85_n1024_r46,fGn_0.85_n1024,,GPH,1.0,1.0319762609150767,0.0,1.0319762609150767,raw
fGn_0.85_n1024_r46,fGn_0.85_n1024,,Higuchi,1.0,0.934753607001592,0.06106240536619545,0.9958160123677875,raw
fGn_0.85_n1024_r46,fGn_0.85_n1024,,GHE,1.0,0.9362363540722273,0.058315215175893664,0.9945515692481209,raw
fGn_0.85_n1024_r46,fGn_0.85_n1024,,GPH,1.0,1.0319762609150767,2.220446049250313e-16,1.0319762609150769,centered
fGn_0.85_n1024_r46,fGn_0.85_n1024,,Higuchi,1.0,0.833877024215816,0.0,0.833877024215816,centered
fGn_0.85_n1024_r46,fGn_0.85_n1024,,GHE,1.0,0.8340099923168559,0.0,0.8340099923168559,centered
fGn_0.85_n1024_r47,fGn_0.85_n1024,,GPH,1.0,0.8886974152850389,-1.1102230246251565e-16,0.8886974152850388,raw
fGn_0.85_n1024_r47,fGn_0.85_n1024,,Higuchi,1.0,0.8593541669686293,0.1301338163059096,0.9894879832745389,raw
fGn_0.85_n1024_r47,fGn_0.85_n1024,,GHE,1.0,0.8620260792979574,0.12635852467439834,0.9883846039723557,raw
fGn_0.85_n1024_r47,fGn_0.85_n1024,,GPH,1.0,0.8886974152850389,-1.1102230246251565e-16,0.8886974152850388,centered
fGn_0.85_n1024_r47,fGn_0.85_n1024,,Higuchi,1.0,0.8107992741551953,0.0,0.8107992741551953,centered
fGn_0.85_n1024_r47,fGn_0.85_n1024,,GHE,1.0,0.8153517967206115,0.0,0.8153517967206115,centered
fGn_0.85_n1024_r48,fGn_0.85_n1024,,GPH,1.0,0.8488912085580649,0.0,0.8488912085580649,raw
fGn_0.85_n1024_r48,fGn_0.85_n1024,,Higuchi,1.0,0.8392083529128687,0.10796037396262936,0.947168726875498,raw
fGn_0.85_n1024_r48,fGn_0.85_n1024,,GHE,1.0,0.8413555133408753,0.1027340220386802,0.9440895353795555,raw
fGn_0.85_n1024_r48,fGn_0.85_n1024,,GPH,1.0,0.8488912085580649,0.0,0.8488912085580649,centered
fGn_0.85_n1024_r48,fGn_0.85_n1024,,Higuchi,1.0,0.8354005425937374,2.220446049250313e-16,0.8354005425937376,centered
fGn_0.85_n1024_r48,fGn_0.85_n1024,,GHE,1.0,0.8383021139330974,0.0,0.8383021139330974,centered
fGn_0.85_n1024_r49,fGn_0.85_n1024,,GPH,1.0,0.7782491724794572,0.0,0.7782491724794572,raw
fGn_0.85_n1024_r49,fGn_0.85_n1024,,Higuchi,1.0,0.7993497287729305,0.16024504256860683,0.9595947713415374,raw
fGn_0.85_n1024_r49,fGn_0.85_n1024,,GHE,1.0,0.8024664005008265,0.15575072372926135,0.9582171242300879,raw
fGn_0.85_n1024_r49,fGn_0.85_n1024,,GPH,1.0,0.7782491724794572,0.0,0.7782491724794572,centered
fGn_0.85_n1024_r49,fGn_0.85_n1024,,Higuchi,1.0,0.7989838396789699,0.0,0.7989838396789699,centered
fGn_0.85_n1024_r49,fGn_0.85_n1024,,GHE,1.0,0.8026962255471879,0.0,0.8026962255471879,centered
fGn_0.85_n1024_r5,fGn_0.85_n1024,,GPH,1.0,0.7885990195982315,0.0,0.7885990195982315,raw
fGn_0.85_n1024_r5,fGn_0.85_n1024,,Higuchi,1.0,0.769486051717774,0.19047876892533466,0.9599648206431086,raw
fGn_0.85_n1024_r5,fGn_0.85_n1024,,GHE,1.0,0.7784080728265583,0.1763658873357523,0.9547739601623106,raw
fGn_0.85_n1024_r5,fGn_0.85_n1024,,GPH,1.0,0.7885990195982315,0.0,0.7885990195982315,centered
fGn_0.85_n1024_r5,fGn_0.85_n1024,,Higuchi,1.0,0.7675020877061116,0.0,0.7675020877061116,centered
fGn_0.85_n1024_r5,fGn_0.85_n1024,,GHE,1.0,0.7730463305867453,-1.1102230246251565e-16,0.7730463305867452,centered
fGn_0.85_n1024_r50,fGn_0.85_n1024,,GPH,1.0,0.780109263185345,0.0,0.780109263185345,raw
fGn_0.85_n1024_r50,fGn_0.85_n1024,,Higuchi,1.0,0.7786147120307454,0.1970533750952974,0.9756680871260428,raw
fGn_0.85_n1024_r50,fGn_0.85_n1024,,GHE,1.0,0.783139013381279,0.1891487837001622,0.9722877970814412,raw
fGn_0.85_n1024_r50,fGn_0.85_n1024,,GPH,1.0,0.780109263185345,0.0,0.780109263185345,centered
fGn_0.85_n1024_r50,fGn_0.85_n1024,,Higuchi,1.0,0.7772517115608513,0.0,0.7772517115608513,centered
fGn_0.85_n1024_r50,fGn_0.85_n1024,,GHE,1.0,0.7820559691570477,-1.1102230246251565e-16,0.7820559691570476,centered
fGn_0.85_n1024_r51,fGn_0.85_n1024,,GPH,1.0,1.066385734462009,0.0,1.066385734462009,raw
fGn_0.85_n1024_r51,fGn_0.85_n1024,,Higuchi,1.0,0.8994094947550266,0.07970131478358367,0.9791108095386103,raw
fGn_0.85_n1024_r51,fGn_0.85_n1024,,GHE,1.0,0.8993330340577961,0.07720125414365286,0.9765342882014489,raw
fGn_0.85_n1024_r51,fGn_0.85_n1024,,GPH,1.0,1.066385734462009,0.0,1.066385734462009,centered
fGn_0.85_n1024_r51,fGn_0.85_n1024,,Higuchi,1.0,0.8833087469656582,-4.440892098500626e-16,0.8833087469656578,centered
fGn_0.85_n1024_r51,fGn_0.85_n1024,,GHE,1.0,0.8849772087156027,-2.220446049250313e-16,0.8849772087156025,centered
fGn_0.85_n1024_r52,fGn_0.85_n1024,,GPH,1.0,0.9304412630743115,0.0,0.9304412630743115,raw
fGn_0.85_n1024_r52,fGn_0.85_n1024,,Higuchi,1.0,0.8578230760182053,0.07460206604644215,0.9324251420646474,raw
fGn_0.85_n1024_r52,fGn_0.85_n1024,,GHE,1.0,0.859675724746999,0.07118634241664268,0.9308620671636417,raw
fGn_0.85_n1024_r52,fGn_0.85_n1024,,GPH,1.0,0.9304412630743114,0.0,0.9304412630743114,centered
fGn_0.85_n1024_r52,fGn_0.85_n1024,,Higuchi,1.0,0.8361000417655524,0.0,0.8361000417655524,centered
fGn_0.85_n1024_r52,fGn_0.85_n1024,,GHE,1.0,0.8433640012841841,0.0,0.8433640012841841,centered
fGn_0.85_n1024_r53,fGn_0.85_n1024,,GPH,1.0,1.0896372859527443,0.0,1.0896372859527443,raw
fGn_0.85_n1024_r53,fGn_0.85_n1024,,Higuchi,1.0,0.9088178467774042,0.07801458578571574,0.9868324325631199,raw
fGn_0.85_n1024_r53,fGn_0.85_n1024,,GHE,1.0,0.9046374356674144,0.08033585017331801,0.9849732858407324,raw
fGn_0.85_n1024_r53,fGn_0.85_n1024,,GPH,1.0,1.0896372859527443,0.0,1.0896372859527443,centered
fGn_0.85_n1024_r53,fGn_0.85_n1024,,Higuchi,1.0,0.8610020040136404,0.0,0.8610020040136404,centered
fGn_0.85_n1024_r53,fGn_0.85_n1024,,GHE,1.0,0.8610812016497502,0.0,0.8610812016497502,centered
fGn_0.85_n1024_r54,fGn_0.85_n1024,,GPH,1.0,0.7973686471607457,0.0,0.7973686471607457,raw
fGn_0.85_n1024_r54,fGn_0.85_n1024,,Higuchi,1.0,0.8372568265291156,0.14385830691257695,0.9811151334416925,raw
fGn_0.85_n1024_r54,fGn_0.85_n1024,,GHE,1.0,0.8379287081008119,0.14057184055257654,0.9785005486533884,raw
fGn_0.85_n1024_r54,fGn_0.85_n1024,,GPH,1.0,0.7973686471607457,0.0,0.7973686471607457,centered
fGn_0.85_n1024_r54,fGn_0.85_n1024,,Higuchi,1.0,0.8083063907395716,-2.220446049250313e-16,0.8083063907395713,centered
fGn_0.85_n1024_r54,fGn_0.85_n1024,,GHE,1.0,0.8127313392252061,0.0,0.8127313392252061,centered
fGn_0.85_n1024_r55,fGn_0.85_n1024,,GPH,1.0,0.9733286250157942,0.0,0.9733286250157942,raw
fGn_0.85_n1024_r55,fGn_0.85_n1024,,Higuchi,1.0,0.9221745303236584,0.0772899918809078,0.9994645222045662,raw
fGn_0.85_n1024_r55,fGn_0.85_n1024,,GHE,1.0,0.9181006420058525,0.07954683721366806,0.9976474792195206,raw
fGn_0.85_n1024_r55,fGn_0.85_n1024,,GPH,1.0,0.9733286250157942,0.0,0.9733286250157942,centered
fGn_0.85_n1024_r55,fGn_0.85_n1024,,Higuchi,1.0,0.8633562976843749,0.0,0.8633562976843749,centered
fGn_0.85_n1024_r55,fGn_0.85_n1024,,GHE,1.0,0.8655543746889147,3.3306690738754696e-16,0.865554374688915,centered
fGn_0.85_n1024_r56,fGn_0.85_n1024,,GPH,1.0,0.8271676165387316,0.0,0.8271676165387316,raw
fGn_0.85_n1024_r56,fGn_0.85_n1024,,Higuchi,1.0,0.8437957962364311,0.14739897568453442,0.9911947719209655,raw
fGn_0.85_n1024_r56,fGn_0.85_n1024,,GHE,1.0,0.8451867142581181,0.14472816712096093,0.989914881379079,raw
fGn_0.85_n1024_r56,fGn_0.85_n1024,,GPH,1.0,0.8271676165387316,0.0,0.8271676165387316,centered
fGn_0.85_n1024_r56,fGn_0.85_n1024,,Higuchi,1.0,0.7747606113790959,-2.220446049250313e-16,0.7747606113790957,centered
fGn_0.85_n1024_r56,fGn_0.85_n1024,,GHE,1.0,0.7825095054002336,-1.1102230246251565e-16,0.7825095054002335,centered
fGn_0.85_n1024_r57,fGn_0.85_n1024,,GPH,1.0,0.8546897537036686,0.0,0.8546897537036686,raw
fGn_0.85_n1024_r57,fGn_0.85_n1024,,Higuchi,1.0,0.8475497643491281,0.09774347366612157,0.9452932380152497,raw
fGn_0.85_n1024_r57,fGn_0.85_n1024,,GHE,1.0,0.8495654791476839,0.09274014387006158,0.9423056230177455,raw
fGn_0.85_n1024_r57,fGn_0.85_n1024,,GPH,1.0,0.8546897537036686,0.0,0.8546897537036686,centered
fGn_0.85_n1024_r57,fGn_0.85_n1024,,Higuchi,1.0,0.8209791298288127,0.0,0.8209791298288127,centered
fGn_0.85_n1024_r57,fGn_0.85_n1024,,GHE,1.0,0.8271248974528097,1.1102230246251565e-16,0.8271248974528098,centered
fGn_0.85_n1024_r58,fGn_0.85_n1024,,GPH,1.0,0.5916130868752103,-1.1102230246251565e-16,0.5916130868752102,raw
fGn_0.85_n1024_r58,fGn_0.85_n1024,,Higuchi,1.0,0.8537770425296021,0.14099669697058026,0.9947737395001823,raw
fGn_0.85_n1024_r58,fGn_0.85_n1024,,GHE,1.0,0.8574494020512875,0.1347397985885992,0.9921892006398867,raw
fGn_0.85_n1024_r58,fGn_0.85_n1024,,GPH,1.0,0.5916130868752102,0.0,0.5916130868752102,centered
fGn_0.85_n1024_r58,fGn_0.85_n1024,,Higuchi,1.0,0.7757711283529711,0.0,0.7757711283529711,centered
fGn_0.85_n1024_r58,fGn_0.85_n1024,,GHE,1.0,0.7905751499776869,0.0,0.7905751499776869,centered
fGn_0.85_n1024_r59,fGn_0.85_n1024,,GPH,1.0,0.8165514948661107,1.1102230246251565e-16,0.8165514948661108,raw
fGn_0.85_n1024_r59,fGn_0.85_n1024,,Higuchi,1.0,0.8236583911668116,0.14751267681727542,0.971171067984087,raw
fGn_0.85_n1024_r59,fGn_0.85_n1024,,GHE,1.0,0.8306779129537337,0.13929599032469264,0.9699739032784264,raw
fGn_0.85_n1024_r59,fGn_0.85_n1024,,GPH,1.0,0.8165514948661107,1.1102230246251565e-16,0.8165514948661108,centered
fGn_0.85_n1024_r59,fGn_0.85_n1024,,Higuchi,1.0,0.8179342858213965,0.0,0.8179342858213965,centered
fGn_0.85_n1024_r59,fGn_0.85_n1024,,GHE,1.0,0.8245089922425236,0.0,0.8245089922425236,centered
fGn_0.85_n1024_r6,fGn_0.85_n1024,,GPH,1.0,0.7218978186246008,-1.1102230246251565e-16,0.7218978186246007,raw
fGn_0.85_n1024_r6,fGn_0.85_n1024,,Higuchi,1.0,0.7566668814910107,0.2281775522041729,0.9848444336951836,raw
fGn_0.85_n1024_r6,fGn_0.85_n1024,,GHE,1.0,0.7596578647455892,0.2236618711198891,0.9833197358654783,raw
fGn_0.85_n1024_r6,fGn_0.85_n1024,,GPH,1.0,0.7218978186246008,0.0,0.7218978186246008,centered
fGn_0.85_n1024_r6,fGn_0.85_n1024,,Higuchi,1.0,0.7395403704315855,-2.220446049250313e-16,0.7395403704315853,centered
fGn_0.85_n1024_r6,fGn_0.85_n1024,,GHE,1.0,0.7424011874691424,2.220446049250313e-16,0.7424011874691426,centered
fGn_0.85_n1024_r60,fGn_0.85_n1024,,GPH,1.0,0.9626204615701025,-1.1102230246251565e-16,0.9626204615701024,raw
fGn_0.85_n1024_r60,fGn_0.85_n1024,,Higuchi,1.0,0.9158519696541418,0.07946896220246913,0.995320931856611,raw
fGn_0.85_n1024_r60,fGn_0.85_n1024,,GHE,1.0,0.9144167719020252,0.0800929453067557,0.9945097172087809,raw
fGn_0.85_n1024_r60,fGn_0.85_n1024,,GPH,1.0,0.9626204615701025,-1.1102230246251565e-16,0.9626204615701024,centered
fGn_0.85_n1024_r60,fGn_0.85_n1024,,Higuchi,1.0,0.7900479169485415,0.0,0.7900479169485415,centered
fGn_0.85_n1024_r60,fGn_0.85_n1024,,GHE,1.0,0.7865411046734851,0.0,0.7865411046734851,centered
fGn_0.85_n1024_r61,fGn_0.85_n1024,,GPH,1.0,0.7981410443325251,0.0,0.7981410443325251,raw
fGn_0.85_n1024_r61,fGn_0.85_n1024,,Higuchi,1.0,0.8177611145349413,0.1373836367639507,0.955144751298892,raw
fGn_0.85_n1024_r61,fGn_0.85_n1024,,GHE,1.0,0.8220822268951038,0.13115123515960292,0.9532334620547067,raw
fGn_0.85_n1024_r61,fGn_0.85_n1024,,GPH,1.0,0.7981410443325251,0.0,0.7981410443325251,centered
fGn_0.85_n1024_r61,fGn_0.85_n1024,,Higuchi,1.0,0.815807558862222,0.0,0.815807558862222,centered
fGn_0.85_n1024_r61,fGn_0.85_n1024,,GHE,1.0,0.8207575782226335,-1.1102230246251565e-16,0.8207575782226334,centered
fGn_0.85_n1024_r62,fGn_0.85_n1024,,GPH,1.0,0.8381710979214823,0.0,0.8381710979214823,raw
fGn_0.85_n1024_r62,fGn_0.85_n1024,,Higuchi,1.0,0.8687053769084536,0.12023316107385607,0.9889385379823097,raw
fGn_0.85_n1024_r62,fGn_0.85_n1024,,GHE,1.0,0.8675499648714231,0.12001064282160334,0.9875606076930264,raw
fGn_0.85_n1024_r62,fGn_0.85_n1024,,GPH,1.0,0.8381710979214823,1.1102230246251565e-16,0.8381710979214824,centered
fGn_0.85_n1024_r62,fGn_0.85_n1024,,Higuchi,1.0,0.7973923695393059,0.0,0.7973923695393059,centered
fGn_0.85_n1024_r62,fGn_0.85_n1024,,GHE,1.0,0.8030975200533484,-1.1102230246251565e-16,0.8030975200533483,centered
fGn_0.85_n1024_r63,fGn_0.85_n1024,,GPH,1.0,0.8544231343873936,0.0,0.8544231343873936,raw
fGn_0.85_n1024_r63,fGn_0.85_n1024,,Higuchi,1.0,0.8336476704360583,0.08391430671317512,0.9175619771492334,raw
fGn_0.85_n1024_r63,fGn_0.85_n1024,,GHE,1.0,0.8321615074663417,0.07832102170812127,0.9104825291744629,raw
fGn_0.85_n1024_r63,fGn_0.85_n1024,,GPH,1.0,0.8544231343873936,0.0,0.8544231343873936,centered
fGn_0.85_n1024_r63,fGn_0.85_n1024,,Higuchi,1.0,0.7384635560888586,-2.220446049250313e-16,0.7384635560888584,centered
fGn_0.85_n1024_r63,fGn_0.85_n1024,,GHE,1.0,0.7428505538805258,-2.220446049250313e-16,0.7428505538805256,centered
fGn_0.85_n1024_r7,fGn_0.85_n1024,,GPH,1.0,0.628051654907151,0.0,0.628051654907151,raw
fGn_0.85_n1024_r7,fGn_0.85_n1024,,Higuchi,1.0,0.8388555533322262,0.14991191082721778,0.9887674641594439,raw
fGn_0.85_n1024_r7,fGn_0.85_n1024,,GHE,1.0,0.8385800885044972,0.14912674492779066,0.9877068334322878,raw
fGn_0.85_n1024_r7,fGn_0.85_n1024,,GPH,1.0,0.628051654907151,0.0,0.628051654907151,centered
fGn_0.85_n1024_r7,fGn_0.85_n1024,,Higuchi,1.0,0.7270608349447614,0.0,0.7270608349447614,centered
fGn_0.85_n1024_r7,fGn_0.85_n1024,,GHE,1.0,0.7373249800183083,2.220446049250313e-16,0.7373249800183085,centered
fGn_0.85_n1024_r8,fGn_0.85_n1024,,GPH,1.0,0.8066797363941522,-2.220446049250313e-16,0.806679736394152,raw
fGn_0.85_n1024_r8,fGn_0.85_n1024,,Higuchi,1.0,0.7683287262786165,0.20582457896975215,0.9741533052483686,raw
fGn_0.85_n1024_r8,fGn_0.85_n1024,,GHE,1.0,0.7693492142361291,0.20316845623069357,0.9725176704668227,raw
fGn_0.85_n1024_r8,fGn_0.85_n1024,,GPH,1.0,0.8066797363941522,-2.220446049250313e-16,0.806679736394152,centered
fGn_0.85_n1024_r8,fGn_0.85_n1024,,Higuchi,1.0,0.766957967125826,0.0,0.766957967125826,centered
fGn_0.85_n1024_r8,fGn_0.85_n1024,,GHE,1.0,0.7670726739102163,1.1102230246251565e-16,0.7670726739102164,centered
fGn_0.85_n1024_r9,fGn_0.85_n1024,,GPH,1.0,1.0010161415698517,0.0,1.0010161415698517,raw
fGn_0.85_n1024_r9,fGn_0.85_n1024,,Higuchi,1.0,0.8156808566203972,0.1672429220112126,0.9829237786316098,raw
fGn_0.85_n1024_r9,fGn_0.85_n1024,,GHE,1.0,0.8207861430772629,0.16027902959584983,0.9810651726731128,raw
fGn_0.85_n1024_r9,fGn_0.85_n1024,,GPH,1.0,1.0010161415698517,0.0,1.0010161415698517,centered
fGn_0.85_n1024_r9,fGn_0.85_n1024,,Higuchi,1.0,0.817324479217268,0.0,0.817324479217268,centered
fGn_0.85_n1024_r9,fGn_0.85_n1024,,GHE,1.0,0.8218445496912649,0.0,0.8218445496912649,centered
fGn_0.85_n256_r0,fGn_0.85_n256,,GPH,1.0,1.1053793825812135,-2.220446049250313e-16,1.1053793825812133,raw
fGn_0.85_n256_r0,fGn_0.85_n256,,Higuchi,1.0,0.8872385013855186,0.0308577993069461,0.9180963006924647,raw
fGn_0.85_n256_r0,fGn_0.85_n256,,GHE,1.0,0.8912912746938814,0.026765540026600143,0.9180568147204815,raw
fGn_0.85_n256_r0,fGn_0.85_n256,,GPH,1.0,1.1053793825812135,0.0,1.1053793825812135,centered
fGn_0.85_n256_r0,fGn_0.85_n256,,Higuchi,1.0,0.8663385927442893,0.0,0.8663385927442893,centered
fGn_0.85_n256_r0,fGn_0.85_n256,,GHE,1.0,0.8723576289398919,0.0,0.8723576289398919,centered
fGn_0.85_n256_r1,fGn_0.85_n256,,GPH,1.0,0.8833415109646479,0.0,0.8833415109646479,raw
fGn_0.85_n256_r1,fGn_0.85_n256,,Higuchi,1.0,0.8285923732785065,0.15229652754177403,0.9808889008202806,raw
fGn_0.85_n256_r1,fGn_0.85_n256,,GHE,1.0,0.8281504983719195,0.14224341354316572,0.9703939119150852,raw
fGn_0.85_n256_r1,fGn_0.85_n256,,GPH,1.0,0.8833415109646479,0.0,0.8833415109646479,centered
fGn_0.85_n256_r1,fGn_0.85_n256,,Higuchi,1.0,0.8039518831044141,0.0,0.8039518831044141,centered
fGn_0.85_n256_r1,fGn_0.85_n256,,GHE,1.0,0.7984092662183337,-2.220446049250313e-16,0.7984092662183335,centered
fGn_0.85_n256_r10,fGn_0.85_n256,,GPH,1.0,0.893206261019955,0.0,0.893206261019955,raw
fGn_0.85_n256_r10,fGn_0.85_n256,,Higuchi,1.0,0.7168398426718956,0.2736059274527627,0.9904457701246583,raw
fGn_0.85_n256_r10,fGn_0.85_n256,,GHE,1.0,0.7342571788370679,0.25296915497770056,0.9872263338147684,raw
fGn_0.85_n256_r10,fGn_0.85_n256,,GPH,1.0,0.893206261019955,0.0,0.893206261019955,centered
fGn_0.85_n256_r10,fGn_0.85_n256,,Higuchi,1.0,0.6889626544662755,0.0,0.6889626544662755,centered
fGn_0.85_n256_r10,fGn_0.85_n256,,GHE,1.0,0.7145420584960818,-2.220446049250313e-16,0.7145420584960815,centered
fGn_0.85_n256_r11,fGn_0.85_n256,,GPH,1.0,0.8794206527602062,-1.1102230246251565e-16,0.8794206527602061,raw
fGn_0.85_n256_r11,fGn_0.85_n256,,Higuchi,1.0,0.8274582904101575,0.15308604506412493,0.9805443354742824,raw
fGn_0.85_n256_r11,fGn_0.85_n256,,GHE,1.0,0.8311801865267386,0.151770362932513,0.9829505494592516,raw
fGn_0.85_n256_r11,fGn_0.85_n256,,GPH,1.0,0.8794206527602062,-1.1102230246251565e-16,0.8794206527602061,centered
fGn_0.85_n256_r11,fGn_0.85_n256,,Higuchi,1.0,0.7639961888753743,0.0,0.7639961888753743,centered
fGn_0.85_n256_r11,fGn_0.85_n256,,GHE,1.0,0.7597155850058153,0.0,0.7597155850058153,centered
fGn_0.85_n256_r12,fGn_0.85_n256,,GPH,1.0,0.8086889447015846,0.0,0.8086889447015846,raw
fGn_0.85_n256_r12,fGn_0.85_n256,,Higuchi,1.0,0.8176545210723118,0.07614620360311952,0.8938007246754314,raw
fGn_0.85_n256_r12,fGn_0.85_n256,,GHE,1.0,0.8202078282072304,0.06287104566467117,0.8830788738719015,raw
fGn_0.85_n256_r12,fGn_0.85_n256,,GPH,1.0,0.8086889447015846,0.0,0.8086889447015846,centered
fGn_0.85_n256_r12,fGn_0.85_n256,,Higuchi,1.0,0.7024510436087712,-2.220446049250313e-16,0.702451043608771,centered
fGn_0.85_n256_r12,fGn_0.85_n256,,GHE,1.0,0.7160188787998568,0.0,0.7160188787998568,centered
fGn_0.85_n256_r13,fGn_0.85_n256,,GPH,1.0,0.8959503311225661,-1.1102230246251565e-16,0.895950331122566,raw
fGn_0.85_n256_r13,fGn_0.85_n256,,Higuchi,1.0,0.8228620578520278,0.08193640987673745,0.9047984677287653,raw
fGn_0.85_n256_r13,fGn_0.85_n256,,GHE,1.0,0.8265782011221439,0.070465407638303,0.8970436087604469,raw
fGn_0.85_n256_r13,fGn_0.85_n256,,GPH,1.0,0.8959503311225662,-1.1102230246251565e-16,0.8959503311225661,centered
fGn_0.85_n256_r13,fGn_0.85_n256,,Higuchi,1.0,0.623291674884576,0.0,0.623291674884576,centered
fGn_0.85_n256_r13,fGn_0.85_n256,,GHE,1.0,0.6645316687974123,0.0,0.6645316687974123,centered
fGn_0.85_n256_r14,fGn_0.85_n256,,GPH,1.0,0.8736485157155629,0.0,0.8736485157155629,raw
fGn_0.85_n256_r14,fGn_0.85_n256,,Higuchi,1.0,0.8351635510198421,0.09943991639048022,0.9346034674103223,raw
fGn_0.85_n256_r14,fGn_0.85_n256,,GHE,1.0,0.8264379897849452,0.10643061892010874,0.932868608705054,raw
fGn_0.85_n256_r14,fGn_0.85_n256,,GPH,1.0,0.8736485157155629,0.0,0.8736485157155629,centered
fGn_0.85_n256_r14,fGn_0.85_n256,,Higuchi,1.0,0.7253682711613294,0.0,0.7253682711613294,centered
fGn_0.85_n256_r14,fGn_0.85_n256,,GHE,1.0,0.7374062323475172,-1.1102230246251565e-16,0.7374062323475171,centered
fGn_0.85_n256_r15,fGn_0.85_n256,,GPH,1.0,1.048107789246608,0.0,1.048107789246608,raw
fGn_0.85_n256_r15,fGn_0.85_n256,,Higuchi,1.0,0.7814812872245414,0.1802359065589556,0.961717193783497,raw
fGn_0.85_n256_r15,fGn_0.85_n256,,GHE,1.0,0.7963899475397224,0.15617259315572296,0.9525625406954453,raw
fGn_0.85_n256_r15,fGn_0.85_n256,,GPH,1.0,1.048107789246608,0.0,1.048107789246608,centered
fGn_0.85_n256_r15,fGn_0.85_n256,,Higuchi,1.0,0.7676968532917079,0.0,0.7676968532917079,centered
fGn_0.85_n256_r15,fGn_0.85_n256,,GHE,1.0,0.7803308823960987,1.1102230246251565e-16,0.7803308823960988,centered
fGn_0.85_n256_r16,fGn_0.85_n256,,GPH,1.0,0.9008599530275418,0.0,0.9008599530275418,raw
fGn_0.85_n256_r16,fGn_0.85_n256,,Higuchi,1.0,0.862814125504382,0.1373256243906109,1.0001397498949929,raw
fGn_0.85_n256_r16,fGn_0.85_n256,,GHE,1.0,0.851206807656107,0.14290695113414942,0.9941137587902564,raw
fGn_0.85_n256_r16,fGn_0.85_n256,,GPH,1.0,0.9008599530275418,0.0,0.9008599530275418,centered
fGn_0.85_n256_r16,fGn_0.85_n256,,Higuchi,1.0,0.814165827946687,0.0,0.814165827946687,centered
fGn_0.85_n256_r16,fGn_0.85_n256,,GHE,1.0,0.8051057228998263,0.0,0.8051057228998263,centered
fGn_0.85_n256_r17,fGn_0.85_n256,,GPH,1.0,0.8303436371240451,-1.1102230246251565e-16,0.830343637124045,raw
fGn_0.85_n256_r17,fGn_0.85_n256,,Higuchi,1.0,0.9241553215865079,-0.123967852546083,0.8001874690404249,raw
fGn_0.85_n256_r17,fGn_0.85_n256,,GHE,1.0,0.926707014870692,-0.11867421657339228,0.8080327982972997,raw
fGn_0.85_n256_r17,fGn_0.85_n256,,GPH,1.0,0.8303436371240451,-1.1102230246251565e-16,0.830343637124045,centered
fGn_0.85_n256_r17,fGn_0.85_n256,,Higuchi,1.0,0.7582738114133127,0.0,0.7582738114133127,centered
fGn_0.85_n256_r17,fGn_0.85_n256,,GHE,1.0,0.7785887336134,-1.1102230246251565e-16,0.7785887336133999,centered
fGn_0.85_n256_r18,fGn_0.85_n256,,GPH,1.0,0.7448027166069832,1.1102230246251565e-16,0.7448027166069833,raw
fGn_0.85_n256_r18,fGn_0.85_n256,,Higuchi,1.0,0.7377921804924279,0.19241982670507585,0.9302120071975037,raw
fGn_0.85_n256_r18,fGn_0.85_n256,,GHE,1.0,0.7590969336264005,0.17257524017160064,0.9316721737980012,raw
fGn_0.85_n256_r18,fGn_0.85_n256,,GPH,1.0,0.7448027166069833,1.1102230246251565e-16,0.7448027166069834,centered
fGn_0.85_n256_r18,fGn_0.85_n256,,Higuchi,1.0,0.7013429971317833,0.0,0.7013429971317833,centered
fGn_0.85_n256_r18,fGn_0.85_n256,,GHE,1.0,0.7309754431534955,0.0,0.7309754431534955,centered
fGn_0.85_n256_r19,fGn_0.85_n256,,GPH,1.0,0.9785514504706653,0.0,0.9785514504706653,raw
fGn_0.85_n256_r19,fGn_0.85_n256,,Higuchi,1.0,0.9403791577569172,-0.0018929708325234884,0.9384861869243937,raw
fGn_0.85_n256_r19,fGn_0.85_n256,,GHE,1.0,0.9423098766570055,-0.012222713284338771,0.9300871633726667,raw
fGn_0.85_n256_r19,fGn_0.85_n256,,GPH,1.0,0.9785514504706653,0.0,0.9785514504706653,centered
fGn_0.85_n256_r19,fGn_0.85_n256,,Higuchi,1.0,0.9058836321554307,0.0,0.9058836321554307,centered
fGn_0.85_n256_r19,fGn_0.85_n256,,GHE,1.0,0.9026201507178249,0.0,0.9026201507178249,centered
fGn_0.85_n256_r2,fGn_0.85_n256,,GPH,1.0,0.7571254559860428,0.0,0.7571254559860428,raw
fGn_0.85_n256_r2,fGn_0.85_n256,,Higuchi,1.0,0.7857500737201182,0.16603863242452777,0.951788706144646,raw
fGn_0.85_n256_r2,fGn_0.85_n256,,GHE,1.0,0.786364326695015,0.1539955328012782,0.9403598594962932,raw
fGn_0.85_n256_r2,fGn_0.85_n256,,GPH,1.0,0.7571254559860428,0.0,0.7571254559860428,centered
fGn_0.85_n256_r2,fGn_0.85_n256,,Higuchi,1.0,0.7540860299893843,0.0,0.7540860299893843,centered
fGn_0.85_n256_r2,fGn_0.85_n256,,GHE,1.0,0.7494202019834197,-2.220446049250313e-16,0.7494202019834195,centered
fGn_0.85_n256_r20,fGn_0.85_n256,,GPH,1.0,0.8398402413944518,1.1102230246251565e-16,0.8398402413944519,raw
fGn_0.85_n256_r20,fGn_0.85_n256,,Higuchi,1.0,0.9030660077526458,0.10529843453730092,1.0083644422899467,raw
fGn_0.85_n256_r20,fGn_0.85_n256,,GHE,1.0,0.8964802624677483,0.11070831024460814,1.0071885727123564,raw
fGn_0.85_n256_r20,fGn_0.85_n256,,GPH,1.0,0.8398402413944518,0.0,0.8398402413944518,centered
fGn_0.85_n256_r20,fGn_0.85_n256,,Higuchi,1.0,0.7046034273575752,0.0,0.7046034273575752,centered
fGn_0.85_n256_r20,fGn_0.85_n256,,GHE,1.0,0.7071099202033223,1.1102230246251565e-16,0.7071099202033224,centered
fGn_0.85_n256_r21,fGn_0.85_n256,,GPH,1.0,0.7114235740765689,0.0,0.7114235740765689,raw
fGn_0.85_n256_r21,fGn_0.85_n256,,Higuchi,1.0,0.9943292126190264,0.020028100370003576,1.01435731298903,raw
fGn_0.85_n256_r21,fGn_0.85_n256,,GHE,1.0,0.9830334632924157,0.028670185181356778,1.0117036484737725,raw
fGn_0.85_n256_r21,fGn_0.85_n256,,GPH,1.0,0.7114235740765689,0.0,0.7114235740765689,centered
fGn_0.85_n256_r21,fGn_0.85_n256,,Higuchi,1.0,0.6935463777669495,0.0,0.6935463777669495,centered
fGn_0.85_n256_r21,fGn_0.85_n256,,GHE,1.0,0.7032923202887199,0.0,0.7032923202887199,centered
fGn_0.85_n256_r22,fGn_0.85_n256,,GPH,1.0,0.8532946664371912,0.0,0.8532946664371912,raw
fGn_0.85_n256_r22,fGn_0.85_n256,,Higuchi,1.0,0.8759073035072211,0.01414889538898878,0.8900561988962099,raw
fGn_0.85_n256_r22,fGn_0.85_n256,,GHE,1.0,0.8755012691081542,0.008743738906761944,0.8842450080149161,raw
fGn_0.85_n256_r22,fGn_0.85_n256,,GPH,1.0,0.8532946664371912,0.0,0.8532946664371912,centered
fGn_0.85_n256_r22,fGn_0.85_n256,,Higuchi,1.0,0.8468802049979998,0.0,0.8468802049979998,centered
fGn_0.85_n256_r22,fGn_0.85_n256,,GHE,1.0,0.8558827174126125,0.0,0.8558827174126125,centered
fGn_0.85_n256_r23,fGn_0.85_n256,,GPH,1.0,0.9938653993790137,-1.1102230246251565e-16,0.9938653993790136,raw
fGn_0.85_n256_r23,fGn_0.85_n256,,Higuchi,1.0,0.763146393639617,0.16829843739158412,0.9314448310312011,raw
fGn_0.85_n256_r23,fGn_0.85_n256,,GHE,1.0,0.7811974829027584,0.14456758128278802,0.9257650641855464,raw
fGn_0.85_n256_r23,fGn_0.85_n256,,GPH,1.0,0.9938653993790136,0.0,0.9938653993790136,centered
fGn_0.85_n256_r23,fGn_0.85_n256,,Higuchi,1.0,0.6941318708497755,2.220446049250313e-16,0.6941318708497757,centered
fGn_0.85_n256_r23,fGn_0.85_n256,,GHE,1.0,0.721027249364616,0.0,0.721027249364616,centered
fGn_0.85_n256_r24,fGn_0.85_n256,,GPH,1.0,0.9942047584307314,0.0,0.9942047584307314,raw
fGn_0.85_n256_r24,fGn_0.85_n256,,Higuchi,1.0,0.9605203996361398,0.03901772213486332,0.9995381217710031,raw
fGn_0.85_n256_r24,fGn_0.85_n256,,GHE,1.0,0.9599803311346021,0.0398746834288386,0.9998550145634407,raw
fGn_0.85_n256_r24,fGn_0.85_n256,,GPH,1.0,0.9942047584307314,0.0,0.9942047584307314,centered
fGn_0.85_n256_r24,fGn_0.85_n256,,Higuchi,1.0,0.8101698210823145,0.0,0.8101698210823145,centered
fGn_0.85_n256_r24,fGn_0.85_n256,,GHE,1.0,0.8131166393284168,-1.1102230246251565e-16,0.8131166393284167,centered
fGn_0.85_n256_r25,fGn_0.85_n256,,GPH,1.0,0.8715064952879292,1.1102230246251565e-16,0.8715064952879293,raw
fGn_0.85_n256_r25,fGn_0.85_n256,,Higuchi,1.0,0.8669327624289274,0.13416682360866106,1.0010995860375884,raw
fGn_0.85_n256_r25,fGn_0.85_n256,,GHE,1.0,0.8629810373324727,0.1370523477788992,1.0000333851113719,raw
fGn_0.85_n256_r25,fGn_0.85_n256,,GPH,1.0,0.8715064952879292,1.1102230246251565e-16,0.8715064952879293,centered
fGn_0.85_n256_r25,fGn_0.85_n256,,Higuchi,1.0,0.8073860691837571,0.0,0.8073860691837571,centered
fGn_0.85_n256_r25,fGn_0.85_n256,,GHE,1.0,0.8134028082128305,0.0,0.8134028082128305,centered
fGn_0.85_n256_r26,fGn_0.85_n256,,GPH,1.0,0.9081673569359827,0.0,0.9081673569359827,raw
fGn_0.85_n256_r26,fGn_0.85_n256,,Higuchi,1.0,0.8143488068145541,0.17185866235356118,0.9862074691681153,raw
fGn_0.85_n256_r26,fGn_0.85_n256,,GHE,1.0,0.8203549411790337,0.16496361467972798,0.9853185558587617,raw
fGn_0.85_n256_r26,fGn_0.85_n256,,GPH,1.0,0.9081673569359827,-2.220446049250313e-16,0.9081673569359825,centered
fGn_0.85_n256_r26,fGn_0.85_n256,,Higuchi,1.0,0.7917975456130415,0.0,0.7917975456130415,centered
fGn_0.85_n256_r26,fGn_0.85_n256,,GHE,1.0,0.7907820768275113,0.0,0.7907820768275113,centered
fGn_0.85_n256_r27,fGn_0.85_n256,,GPH,1.0,0.8633528599064957,-1.1102230246251565e-16,0.8633528599064956,raw
fGn_0.85_n256_r27,fGn_0.85_n256,,Higuchi,1.0,0.9985869362162694,-0.30633812527472837,0.692248810941541,raw
fGn_0.85_n256_r27,fGn_0.85_n256,,GHE,1.0,0.9940617518244755,-0.29843942729238226,0.6956223245320933,raw
fGn_0.85_n256_r27,fGn_0.85_n256,,GPH,1.0,0.8633528599064957,0.0,0.8633528599064957,centered
fGn_0.85_n256_r27,fGn_0.85_n256,,Higuchi,1.0,0.6797371845490778,0.0,0.6797371845490778,centered
fGn_0.85_n256_r27,fGn_0.85_n256,,GHE,1.0,0.6858937607303753,-2.220446049250313e-16,0.6858937607303751,centered
fGn_0.85_n256_r28,fGn_0.85_n256,,GPH,1.0,0.543345532287842,-1.1102230246251565e-16,0.5433455322878419,raw
fGn_0.85_n256_r28,fGn_0.85_n256,,Higuchi,1.0,0.7957334776046847,0.13603108733537428,0.931764564940059,raw
fGn_0.85_n256_r28,fGn_0.85_n256,,GHE,1.0,0.7829733806896355,0.1516887663158213,0.9346621470054568,raw
fGn_0.85_n256_r28,fGn_0.85_n256,,GPH,1.0,0.5433455322878419,0.0,0.5433455322878419,centered
fGn_0.85_n256_r28,fGn_0.85_n256,,Higuchi,1.0,0.697267974653111,0.0,0.697267974653111,centered
fGn_0.85_n256_r28,fGn_0.85_n256,,GHE,1.0,0.6968970643278662,0.0,0.6968970643278662,centered
fGn_0.85_n256_r29,fGn_0.85_n256,,GPH,1.0,0.8143673983411601,0.0,0.8143673983411601,raw
fGn_0.85_n256_r29,fGn_0.85_n256,,Higuchi,1.0,0.7382689032180649,0.2263352323867771,0.964604135604842,raw
fGn_0.85_n256_r29,fGn_0.85_n256,,GHE,1.0,0.7454997486207112,0.20673518318203588,0.9522349318027471,raw
fGn_0.85_n256_r29,fGn_0.85_n256,,GPH,1.0,0.8143673983411601,0.0,0.8143673983411601,centered
fGn_0.85_n256_r29,fGn_0.85_n256,,Higuchi,1.0,0.6628567351285415,-2.220446049250313e-16,0.6628567351285413,centered
fGn_0.85_n256_r29,fGn_0.85_n256,,GHE,1.0,0.6775599241306927,0.0,0.6775599241306927,centered
fGn_0.85_n256_r3,fGn_0.85_n256,,GPH,1.0,0.8685826981914814,0.0,0.8685826981914814,raw
fGn_0.85_n256_r3,fGn_0.85_n256,,Higuchi,1.0,0.7184083365869016,0.24818746616379594,0.9665958027506976,raw
fGn_0.85_n256_r3,fGn_0.85_n256,,GHE,1.0,0.7212912635718322,0.24715282688856255,0.9684440904603947,raw
fGn_0.85_n256_r3,fGn_0.85_n256,,GPH,1.0,0.8685826981914814,-1.1102230246251565e-16,0.8685826981914813,centered
fGn_0.85_n256_r3,fGn_0.85_n256,,Higuchi,1.0,0.7219492893732262,0.0,0.7219492893732262,centered
fGn_0.85_n256_r3,fGn_0.85_n256,,GHE,1.0,0.722967824050258,2.220446049250313e-16,0.7229678240502582,centered
fGn_0.85_n256_r30,fGn_0.85_n256,,GPH,1.0,0.8274986603804126,0.0,0.8274986603804126,raw
fGn_0.85_n256_r30,fGn_0.85_n256,,Higuchi,1.0,0.9634425961850561,0.03584340918229967,0.9992860053673558,raw
fGn_0.85_n256_r30,fGn_0.85_n256,,GHE,1.0,0.9631884264712391,0.03531231098549148,0.9985007374567306,raw
fGn_0.85_n256_r30,fGn_0.85_n256,,GPH,1.0,0.8274986603804128,-1.1102230246251565e-16,0.8274986603804126,centered
fGn_0.85_n256_r30,fGn_0.85_n256,,Higuchi,1.0,0.6585135406602383,0.0,0.6585135406602383,centered
fGn_0.85_n256_r30,fGn_0.85_n256,,GHE,1.0,0.6766858551315078,0.0,0.6766858551315078,centered
fGn_0.85_n256_r31,fGn_0.85_n256,,GPH,1.0,0.688373882499756,-1.1102230246251565e-16,0.6883738824997558,raw
fGn_0.85_n256_r31,fGn_0.85_n256,,Higuchi,1.0,0.7017896982617606,0.2583781618881391,0.9601678601498997,raw
fGn_0.85_n256_r31,fGn_0.85_n256,,GHE,1.0,0.7142827226672225,0.23794227064775364,0.9522249933149761,raw
fGn_0.85_n256_r31,fGn_0.85_n256,,GPH,1.0,0.688373882499756,-1.1102230246251565e-16,0.6883738824997558,centered
fGn_0.85_n256_r31,fGn_0.85_n256,,Higuchi,1.0,0.7103927710537683,0.0,0.7103927710537683,centered
fGn_0.85_n256_r31,fGn_0.85_n256,,GHE,1.0,0.7187221717020041,0.0,0.7187221717020041,centered
fGn_0.85_n256_r32,fGn_0.85_n256,,GPH,1.0,0.7559201974175789,0.0,0.7559201974175789,raw
fGn_0.85_n256_r32,fGn_0.85_n256,,Higuchi,1.0,0.8502389814944609,0.1413772682647234,0.9916162497591843,raw
fGn_0.85_n256_r32,fGn_0.85_n256,,GHE,1.0,0.8351382887606001,0.15488430593367708,0.9900225946942772,raw
fGn_0.85_n256_r32,fGn_0.85_n256,,GPH,1.0,0.7559201974175789,0.0,0.7559201974175789,centered
fGn_0.85_n256_r32,fGn_0.85_n256,,Higuchi,1.0,0.7944732886509434,0.0,0.7944732886509434,centered
fGn_0.85_n256_r32,fGn_0.85_n256,,GHE,1.0,0.7811847429391107,1.1102230246251565e-16,0.7811847429391108,centered
fGn_0.85_n256_r33,fGn_0.85_n256,,GPH,1.0,0.693641566123809,1.1102230246251565e-16,0.6936415661238091,raw
fGn_0.85_n256_r33,fGn_0.85_n256,,Higuchi,1.0,0.6846173116309748,0.30741188973843925,0.9920292013694141,raw
fGn_0.85_n256_r33,fGn_0.85_n256,,GHE,1.0,0.6951742597394103,0.2936427379194978,0.9888169976589081,raw
fGn_0.85_n256_r33,fGn_0.85_n256,,GPH,1.0,0.693641566123809,1.1102230246251565e-16,0.6936415661238091,centered
fGn_0.85_n256_r33,fGn_0.85_n256,,Higuchi,1.0,0.6832166774119885,0.0,0.6832166774119885,centered
fGn_0.85_n256_r33,fGn_0.85_n256,,GHE,1.0,0.6940195242189177,0.0,0.6940195242189177,centered
fGn_0.85_n256_r34,fGn_0.85_n256,,GPH,1.0,0.9840756339772341,2.220446049250313e-16,0.9840756339772343,raw
fGn_0.85_n256_r34,fGn_0.85_n256,,Higuchi,1.0,0.9072636503012292,-0.01821160368150254,0.8890520466197267,raw
fGn_0.85_n256_r34,fGn_0.85_n256,,GHE,1.0,0.8909893584572579,0.0020671800404580276,0.8930565384977159,raw
fGn_0.85_n256_r34,fGn_0.85_n256,,GPH,1.0,0.9840756339772341,2.220446049250313e-16,0.9840756339772343,centered
fGn_0.85_n256_r34,fGn_0.85_n256,,Higuchi,1.0,0.7779052086099325,0.0,0.7779052086099325,centered
fGn_0.85_n256_r34,fGn_0.85_n256,,GHE,1.0,0.784689521033191,-2.220446049250313e-16,0.7846895210331908,centered
fGn_0.85_n256_r35,fGn_0.85_n256,,GPH,1.0,0.6559723594700404,0.0,0.6559723594700404,raw
fGn_0.85_n256_r35,fGn_0.85_n256,,Higuchi,1.0,0.9711259890259234,-0.2656718406334311,0.7054541483924923,raw
fGn_0.85_n256_r35,fGn_0.85_n256,,GHE,1.0,0.9632046133430637,-0.24224486787837618,0.7209597454646876,raw
fGn_0.85_n256_r35,fGn_0.85_n256,,GPH,1.0,0.6559723594700404,0.0,0.6559723594700404,centered
fGn_0.85_n256_r35,fGn_0.85_n256,,Higuchi,1.0,0.6785105967843958,0.0,0.6785105967843958,centered
fGn_0.85_n256_r35,fGn_0.85_n256,,GHE,1.0,0.6956383036237177,0.0,0.6956383036237177,centered
fGn_0.85_n256_r36,fGn_0.85_n256,,GPH,1.0,0.6931567727423213,0.0,0.6931567727423213,raw
fGn_0.85_n256_r36,fGn_0.85_n256,,Higuchi,1.0,0.7724287973031712,0.20510176609166253,0.9775305633948337,raw
fGn_0.85_n256_r36,fGn_0.85_n256,,GHE,1.0,0.7820432421077463,0.19448431821555878,0.9765275603233051,raw
fGn_0.85_n256_r36,fGn_0.85_n256,,GPH,1.0,0.6931567727423213,0.0,0.6931567727423213,centered
fGn_0.85_n256_r36,fGn_0.85_n256,,Higuchi,1.0,0.6756632272542533,0.0,0.6756632272542533,centered
fGn_0.85_n256_r36,fGn_0.85_n256,,GHE,1.0,0.6948965266731515,-2.220446049250313e-16,0.6948965266731513,centered
fGn_0.85_n256_r37,fGn_0.85_n256,,GPH,1.0,0.8285724574786376,1.1102230246251565e-16,0.8285724574786377,raw
fGn_0.85_n256_r37,fGn_0.85_n256,,Higuchi,1.0,0.8110384237459727,0.1846638068074158,0.9957022305533885,raw
fGn_0.85_n256_r37,fGn_0.85_n256,,GHE,1.0,0.8067461900258095,0.188900248301629,0.9956464383274385,raw
fGn_0.85_n256_r37,fGn_0.85_n256,,GPH,1.0,0.8285724574786377,0.0,0.8285724574786377,centered
fGn_0.85_n256_r37,fGn_0.85_n256,,Higuchi,1.0,0.6274218723547538,0.0,0.6274218723547538,centered
fGn_0.85_n256_r37,fGn_0.85_n256,,GHE,1.0,0.6501904444361148,-1.1102230246251565e-16,0.6501904444361147,centered
fGn_0.85_n256_r38,fGn_0.85_n256,,GPH,1.0,0.9910838358952507,0.0,0.9910838358952507,raw
fGn_0.85_n256_r38,fGn_0.85_n256,,Higuchi,1.0,0.9192315726386304,-0.09089770740736602,0.8283338652312644,raw
fGn_0.85_n256_r38,fGn_0.85_n256,,GHE,1.0,0.9106906893372427,-0.07364479878428432,0.8370458905529584,raw
fGn_0.85_n256_r38,fGn_0.85_n256,,GPH,1.0,0.9910838358952507,0.0,0.9910838358952507,centered
fGn_0.85_n256_r38,fGn_0.85_n256,,Higuchi,1.0,0.7781900546734135,0.0,0.7781900546734135,centered
fGn_0.85_n256_r38,fGn_0.85_n256,,GHE,1.0,0.7739569545159444,3.3306690738754696e-16,0.7739569545159447,centered
fGn_0.85_n256_r39,fGn_0.85_n256,,GPH,1.0,0.765290451837684,0.0,0.765290451837684,raw
fGn_0.85_n256_r39,fGn_0.85_n256,,Higuchi,1.0,0.6616296199220111,0.3323901564671039,0.994019776389115,raw
fGn_0.85_n256_r39,fGn_0.85_n256,,GHE,1.0,0.6994319280113671,0.2880620241027788,0.9874939521141459,raw
fGn_0.85_n256_r39,fGn_0.85_n256,,GPH,1.0,0.765290451837684,0.0,0.765290451837684,centered
fGn_0.85_n256_r39,fGn_0.85_n256,,Higuchi,1.0,0.6550515863631641,0.0,0.6550515863631641,centered
fGn_0.85_n256_r39,fGn_0.85_n256,,GHE,1.0,0.6951291290118646,0.0,0.6951291290118646,centered
fGn_0.85_n256_r4,fGn_0.85_n256,,GPH,1.0,0.6091179861034537,0.0,0.6091179861034537,raw
fGn_0.85_n256_r4,fGn_0.85_n256,,Higuchi,1.0,0.8340526557531582,0.14747381232437862,0.9815264680775369,raw
fGn_0.85_n256_r4,fGn_0.85_n256,,GHE,1.0,0.8295155194155726,0.1476251418548089,0.9771406612703815,raw
fGn_0.85_n256_r4,fGn_0.85_n256,,GPH,1.0,0.6091179861034537,0.0,0.6091179861034537,centered
fGn_0.85_n256_r4,fGn_0.85_n256,,Higuchi,1.0,0.8339961367912643,0.0,0.8339961367912643,centered
fGn_0.85_n256_r4,fGn_0.85_n256,,GHE,1.0,0.829334840663548,-1.1102230246251565e-16,0.8293348406635479,centered
fGn_0.85_n256_r40,fGn_0.85_n256,,GPH,1.0,0.7651396718292887,0.0,0.7651396718292887,raw
fGn_0.85_n256_r40,fGn_0.85_n256,,Higuchi,1.0,0.8128511469473401,0.10127148525471452,0.9141226322020546,raw
fGn_0.85_n256_r40,fGn_0.85_n256,,GHE,1.0,0.810943131431047,0.09778477754054471,0.9087279089715917,raw
fGn_0.85_n256_r40,fGn_0.85_n256,,GPH,1.0,0.7651396718292887,0.0,0.7651396718292887,centered
fGn_0.85_n256_r40,fGn_0.85_n256,,Higuchi,1.0,0.7552317434910127,-2.220446049250313e-16,0.7552317434910125,centered
fGn_0.85_n256_r40,fGn_0.85_n256,,GHE,1.0,0.7634588105309738,-2.220446049250313e-16,0.7634588105309735,centered
fGn_0.85_n256_r41,fGn_0.85_n256,,GPH,1.0,0.8797791770881938,0.0,0.8797791770881938,raw
fGn_0.85_n256_r41,fGn_0.85_n256,,Higuchi,1.0,0.9092454780788468,0.10172748112399765,1.0109729592028445,raw
fGn_0.85_n256_r41,fGn_0.85_n256,,GHE,1.0,0.8979329338013953,0.11036154936623199,1.0082944831676273,raw
fGn_0.85_n256_r41,fGn_0.85_n256,,GPH,1.0,0.8797791770881938,1.1102230246251565e-16,0.8797791770881939,centered
fGn_0.85_n256_r41,fGn_0.85_n256,,Higuchi,1.0,0.7601790503076764,0.0,0.7601790503076764,centered
fGn_0.85_n256_r41,fGn_0.85_n256,,GHE,1.0,0.7709813786687114,2.220446049250313e-16,0.7709813786687116,centered
fGn_0.85_n256_r42,fGn_0.85_n256,,GPH,1.0,0.9737805881847961,-2.220446049250313e-16,0.9737805881847958,raw
fGn_0.85_n256_r42,fGn_0.85_n256,,Higuchi,1.0,0.7727620642269923,0.21180036742385755,0.9845624316508499,raw
fGn_0.85_n256_r42,fGn_0.85_n256,,GHE,1.0,0.7893548809808538,0.1959376126504614,0.9852924936313152,raw
fGn_0.85_n256_r42,fGn_0.85_n256,,GPH,1.0,0.9737805881847962,-3.3306690738754696e-16,0.9737805881847958,centered
fGn_0.85_n256_r42,fGn_0.85_n256,,Higuchi,1.0,0.7410899839276432,0.0,0.7410899839276432,centered
fGn_0.85_n256_r42,fGn_0.85_n256,,GHE,1.0,0.7511126471763748,0.0,0.7511126471763748,centered
fGn_0.85_n256_r43,fGn_0.85_n256,,GPH,1.0,0.8485948183192549,0.0,0.8485948183192549,raw
fGn_0.85_n256_r43,fGn_0.85_n256,,Higuchi,1.0,0.7567798810014821,0.21962266905547745,0.9764025500569595,raw
fGn_0.85_n256_r43,fGn_0.85_n256,,GHE,1.0,0.7765374789105675,0.20243278968992184,0.9789702686004893,raw
fGn_0.85_n256_r43,fGn_0.85_n256,,GPH,1.0,0.8485948183192549,0.0,0.8485948183192549,centered
fGn_0.85_n256_r43,fGn_0.85_n256,,Higuchi,1.0,0.6888148901573354,0.0,0.6888148901573354,centered
fGn_0.85_n256_r43,fGn_0.85_n256,,GHE,1.0,0.7320683186046861,1.1102230246251565e-16,0.7320683186046862,centered
fGn_0.85_n256_r44,fGn_0.85_n256,,GPH,1.0,0.9090862583926327,0.0,0.9090862583926327,raw
fGn_0.85_n256_r44,fGn_0.85_n256,,Higuchi,1.0,0.7746288509619801,0.17293849533079286,0.947567346292773,raw
fGn_0.85_n256_r44,fGn_0.85_n256,,GHE,1.0,0.791112823892007,0.15687979114173056,0.9479926150337376,raw
fGn_0.85_n256_r44,fGn_0.85_n256,,GPH,1.0,0.9090862583926327,0.0,0.9090862583926327,centered
fGn_0.85_n256_r44,fGn_0.85_n256,,Higuchi,1.0,0.7647190557385031,0.0,0.7647190557385031,centered
fGn_0.85_n256_r44,fGn_0.85_n256,,GHE,1.0,0.7806281536658346,-1.1102230246251565e-16,0.7806281536658345,centered
fGn_0.85_n256_r45,fGn_0.85_n256,,GPH,1.0,0.9209069938728791,0.0,0.9209069938728791,raw
fGn_0.85_n256_r45,fGn_0.85_n256,,Higuchi,1.0,0.9666771369730855,-0.10497088650647868,0.8617062504666069,raw
fGn_0.85_n256_r45,fGn_0.85_n256,,GHE,1.0,0.9607510646152645,-0.10324073548431045,0.857510329130954,raw
fGn_0.85_n256_r45,fGn_0.85_n256,,GPH,1.0,0.9209069938728791,0.0,0.9209069938728791,centered
fGn_0.85_n256_r45,fGn_0.85_n256,,Higuchi,1.0,0.875128408982957,0.0,0.875128408982957,centered
fGn_0.85_n256_r45,fGn_0.85_n256,,GHE,1.0,0.8741283732234596,-1.1102230246251565e-16,0.8741283732234595,centered
fGn_0.85_n256_r46,fGn_0.85_n256,,GPH,1.0,1.0341514682811386,2.220446049250313e-16,1.0341514682811388,raw
fGn_0.85_n256_r46,fGn_0.85_n256,,Higuchi,1.0,0.9666422728933401,0.036487164686254125,1.0031294375795943,raw
fGn_0.85_n256_r46,fGn_0.85_n256,,GHE,1.0,0.9629514341254624,0.038895228981238095,1.0018466631067005,raw
fGn_0.85_n256_r46,fGn_0.85_n256,,GPH,1.0,1.0341514682811386,0.0,1.0341514682811386,centered
fGn_0.85_n256_r46,fGn_0.85_n256,,Higuchi,1.0,0.8266353666569033,0.0,0.8266353666569033,centered
fGn_0.85_n256_r46,fGn_0.85_n256,,GHE,1.0,0.8302555572969798,0.0,0.8302555572969798,centered
fGn_0.85_n256_r47,fGn_0.85_n256,,GPH,1.0,1.0695794244124956,0.0,1.0695794244124956,raw
fGn_0.85_n256_r47,fGn_0.85_n256,,Higuchi,1.0,0.8693492335885489,0.003173880901768289,0.8725231144903172,raw
fGn_0.85_n256_r47,fGn_0.85_n256,,GHE,1.0,0.8779415314987434,-0.0026721347009190932,0.8752693967978243,raw
fGn_0.85_n256_r47,fGn_0.85_n256,,GPH,1.0,1.0695794244124959,-2.220446049250313e-16,1.0695794244124956,centered
fGn_0.85_n256_r47,fGn_0.85_n256,,Higuchi,1.0,0.8207925341638806,-2.220446049250313e-16,0.8207925341638804,centered
fGn_0.85_n256_r47,fGn_0.85_n256,,GHE,1.0,0.8345215518219298,-3.3306690738754696e-16,0.8345215518219294,centered
fGn_0.85_n256_r48,fGn_0.85_n256,,GPH,1.0,0.6197836609717718,1.1102230246251565e-16,0.619783660971772,raw
fGn_0.85_n256_r48,fGn_0.85_n256,,Higuchi,1.0,0.6458192597124606,0.31596644725685374,0.9617857069693143,raw
fGn_0.85_n256_r48,fGn_0.85_n256,,GHE,1.0,0.684009082953874,0.2706327622127698,0.9546418451666437,raw
fGn_0.85_n256_r48,fGn_0.85_n256,,GPH,1.0,0.619783660971772,-1.1102230246251565e-16,0.6197836609717718,centered
fGn_0.85_n256_r48,fGn_0.85_n256,,Higuchi,1.0,0.5707741365410823,0.0,0.5707741365410823,centered
fGn_0.85_n256_r48,fGn_0.85_n256,,GHE,1.0,0.6282271703963211,1.1102230246251565e-16,0.6282271703963213,centered
fGn_0.85_n256_r49,fGn_0.85_n256,,GPH,1.0,1.137741716275733,-2.220446049250313e-16,1.1377417162757328,raw
fGn_0.85_n256_r49,fGn_0.85_n256,,Higuchi,1.0,0.7936621780700768,0.20910337681304347,1.0027655548831202,raw
fGn_0.85_n256_r49,fGn_0.85_n256,,GHE,1.0,0.7992157070434667,0.19918294217194843,0.9983986492154151,raw
fGn_0.85_n256_r49,fGn_0.85_n256,,GPH,1.0,1.137741716275733,0.0,1.137741716275733,centered
fGn_0.85_n256_r49,fGn_0.85_n256,,Higuchi,1.0,0.7883677600607499,0.0,0.7883677600607499,centered
fGn_0.85_n256_r49,fGn_0.85_n256,,GHE,1.0,0.7928944809433993,-1.1102230246251565e-16,0.7928944809433992,centered
fGn_0.85_n256_r5,fGn_0.85_n256,,GPH,1.0,0.828341801075403,1.1102230246251565e-16,0.8283418010754031,raw
fGn_0.85_n256_r5,fGn_0.85_n256,,Higuchi,1.0,0.8992324030796834,0.0980472024753376,0.997279605555021,raw
fGn_0.85_n256_r5,fGn_0.85_n256,,GHE,1.0,0.8855175992488027,0.10310409344462002,0.9886216926934227,raw
fGn_0.85_n256_r5,fGn_0.85_n256,,GPH,1.0,0.828341801075403,0.0,0.828341801075403,centered
fGn_0.85_n256_r5,fGn_0.85_n256,,Higuchi,1.0,0.8808550672659159,0.0,0.8808550672659159,centered
fGn_0.85_n256_r5,fGn_0.85_n256,,GHE,1.0,0.8688258111836853,0.0,0.8688258111836853,centered
fGn_0.85_n256_r50,fGn_0.85_n256,,GPH,1.0,0.929484261675011,0.0,0.929484261675011,raw
fGn_0.85_n256_r50,fGn_0.85_n256,,Higuchi,1.0,0.8277158633135633,0.16108536096836334,0.9888012242819266,raw
fGn_0.85_n256_r50,fGn_0.85_n256,,GHE,1.0,0.8250550818300582,0.16474489897654976,0.9897999808066079,raw
fGn_0.85_n256_r50,fGn_0.85_n256,,GPH,1.0,0.929484261675011,0.0,0.929484261675011,centered
fGn_0.85_n256_r50,fGn_0.85_n256,,Higuchi,1.0,0.774023383812845,0.0,0.774023383812845,centered
fGn_0.85_n256_r50,fGn_0.85_n256,,GHE,1.0,0.767382192609384,0.0,0.767382192609384,centered
fGn_0.85_n256_r51,fGn_0.85_n256,,GPH,1.0,1.111495340634069,0.0,1.111495340634069,raw
fGn_0.85_n256_r51,fGn_0.85_n256,,Higuchi,1.0,0.7956674871382661,0.12709832832984547,0.9227658154681115,raw
fGn_0.85_n256_r51,fGn_0.85_n256,,GHE,1.0,0.8267491660490807,0.0931982439495197,0.9199474099986004,raw
fGn_0.85_n256_r51,fGn_0.85_n256,,GPH,1.0,1.111495340634069,0.0,1.111495340634069,centered
fGn_0.85_n256_r51,fGn_0.85_n256,,Higuchi,1.0,0.7887645559923591,2.220446049250313e-16,0.7887645559923593,centered
fGn_0.85_n256_r51,fGn_0.85_n256,,GHE,1.0,0.8096296276162318,1.1102230246251565e-16,0.8096296276162319,centered
fGn_0.85_n256_r52,fGn_0.85_n256,,GPH,1.0,0.9978042545804928,0.0,0.9978042545804928,raw
fGn_0.85_n256_r52,fGn_0.85_n256,,Higuchi,1.0,0.7704940739422326,0.19841069098486863,0.9689047649271012,raw
fGn_0.85_n256_r52,fGn_0.85_n256,,GHE,1.0,0.7883025994147373,0.18431686199097252,0.9726194614057099,raw
fGn_0.85_n256_r52,fGn_0.85_n256,,GPH,1.0,0.9978042545804928,0.0,0.9978042545804928,centered
fGn_0.85_n256_r52,fGn_0.85_n256,,Higuchi,1.0,0.7223127926897595,0.0,0.7223127926897595,centered
fGn_0.85_n256_r52,fGn_0.85_n256,,GHE,1.0,0.7425062545415964,1.1102230246251565e-16,0.7425062545415965,centered
fGn_0.85_n256_r53,fGn_0.85_n256,,GPH,1.0,1.0404618265293695,0.0,1.0404618265293695,raw
fGn_0.85_n256_r53,fGn_0.85_n256,,Higuchi,1.0,0.9224665917427128,0.06515864992048903,0.9876252416632019,raw
fGn_0.85_n256_r53,fGn_0.85_n256,,GHE,1.0,0.9140019174762309,0.0699010126599584,0.9839029301361893,raw
fGn_0.85_n256_r53,fGn_0.85_n256,,GPH,1.0,1.0404618265293695,0.0,1.0404618265293695,centered
fGn_0.85_n256_r53,fGn_0.85_n256,,Higuchi,1.0,0.9034167263637505,0.0,0.9034167263637505,centered
fGn_0.85_n256_r53,fGn_0.85_n256,,GHE,1.0,0.8994473318528023,0.0,0.8994473318528023,centered
fGn_0.85_n256_r54,fGn_0.85_n256,,GPH,1.0,0.7247428056517273,0.0,0.7247428056517273,raw
fGn_0.85_n256_r54,fGn_0.85_n256,,Higuchi,1.0,0.830369242250016,0.15371228543726856,0.9840815276872845,raw
fGn_0.85_n256_r54,fGn_0.85_n256,,GHE,1.0,0.8363480555315537,0.14816646304628567,0.9845145185778393,raw
fGn_0.85_n256_r54,fGn_0.85_n256,,GPH,1.0,0.7247428056517273,0.0,0.7247428056517273,centered
fGn_0.85_n256_r54,fGn_0.85_n256,,Higuchi,1.0,0.7986217792014567,0.0,0.7986217792014567,centered
fGn_0.85_n256_r54,fGn_0.85_n256,,GHE,1.0,0.7986634069968953,0.0,0.7986634069968953,centered
fGn_0.85_n256_r55,fGn_0.85_n256,,GPH,1.0,0.7568241801781554,0.0,0.7568241801781554,raw
fGn_0.85_n256_r55,fGn_0.85_n256,,Higuchi,1.0,0.8517382765488806,0.15658417150439585,1.0083224480532764,raw
fGn_0.85_n256_r55,fGn_0.85_n256,,GHE,1.0,0.8544140053441,0.1462865528925824,1.0007005582366824,raw
fGn_0.85_n256_r55,fGn_0.85_n256,,GPH,1.0,0.7568241801781554,0.0,0.7568241801781554,centered
fGn_0.85_n256_r55,fGn_0.85_n256,,Higuchi,1.0,0.8446697950680788,0.0,0.8446697950680788,centered
fGn_0.85_n256_r55,fGn_0.85_n256,,GHE,1.0,0.8428730286992289,-1.1102230246251565e-16,0.8428730286992288,centered
fGn_0.85_n256_r56,fGn_0.85_n256,,GPH,1.0,0.9830165753780162,0.0,0.9830165753780162,raw
fGn_0.85_n256_r56,fGn_0.85_n256,,Higuchi,1.0,0.9544868248799565,-0.16471978194815273,0.7897670429318038,raw
fGn_0.85_n256_r56,fGn_0.85_n256,,GHE,1.0,0.944455779285536,-0.13987281021548958,0.8045829690700464,raw
fGn_0.85_n256_r56,fGn_0.85_n256,,GPH,1.0,0.9830165753780162,0.0,0.9830165753780162,centered
fGn_0.85_n256_r56,fGn_0.85_n256,,Higuchi,1.0,0.7571621272276594,0.0,0.7571621272276594,centered
fGn_0.85_n256_r56,fGn_0.85_n256,,GHE,1.0,0.7649058270825355,0.0,0.7649058270825355,centered
fGn_0.85_n256_r57,fGn_0.85_n256,,GPH,1.0,0.64349368974664,0.0,0.64349368974664,raw
fGn_0.85_n256_r57,fGn_0.85_n256,,Higuchi,1.0,0.6256578458168269,0.3627677486223295,0.9884255944391565,raw
fGn_0.85_n256_r57,fGn_0.85_n256,,GHE,1.0,0.6513562866622528,0.3364732788984558,0.9878295655607086,raw
fGn_0.85_n256_r57,fGn_0.85_n256,,GPH,1.0,0.64349368974664,0.0,0.64349368974664,centered
fGn_0.85_n256_r57,fGn_0.85_n256,,Higuchi,1.0,0.6151470685279927,0.0,0.6151470685279927,centered
fGn_0.85_n256_r57,fGn_0.85_n256,,GHE,1.0,0.6388813153787178,0.0,0.6388813153787178,centered
fGn_0.85_n256_r58,fGn_0.85_n256,,GPH,1.0,0.930254831259034,2.220446049250313e-16,0.9302548312590342,raw
fGn_0.85_n256_r58,fGn_0.85_n256,,Higuchi,1.0,0.7701811365845448,0.20310712981838774,0.9732882664029325,raw
fGn_0.85_n256_r58,fGn_0.85_n256,,GHE,1.0,0.7775270939113803,0.19575106814397725,0.9732781620553576,raw
fGn_0.85_n256_r58,fGn_0.85_n256,,GPH,1.0,0.930254831259034,2.220446049250313e-16,0.9302548312590342,centered
fGn_0.85_n256_r58,fGn_0.85_n256,,Higuchi,1.0,0.7754735838984046,0.0,0.7754735838984046,centered
fGn_0.85_n256_r58,fGn_0.85_n256,,GHE,1.0,0.7796342485523334,0.0,0.7796342485523334,centered
fGn_0.85_n256_r59,fGn_0.85_n256,,GPH,1.0,0.8050760572740451,1.1102230246251565e-16,0.8050760572740452,raw
fGn_0.85_n256_r59,fGn_0.85_n256,,Higuchi,1.0,0.6935246985145813,0.28233015832840813,0.9758548568429894,raw
fGn_0.85_n256_r59,fGn_0.85_n256,,GHE,1.0,0.6926133005941103,0.2818480749558365,0.9744613755499468,raw
fGn_0.85_n256_r59,fGn_0.85_n256,,GPH,1.0,0.8050760572740451,1.1102230246251565e-16,0.8050760572740452,centered
fGn_0.85_n256_r59,fGn_0.85_n256,,Higuchi,1.0,0.6505174818785155,0.0,0.6505174818785155,centered
fGn_0.85_n256_r59,fGn_0.85_n256,,GHE,1.0,0.6586749515697613,0.0,0.6586749515697613,centered
fGn_0.85_n256_r6,fGn_0.85_n256,,GPH,1.0,0.8618598472052057,0.0,0.8618598472052057,raw
fGn_0.85_n256_r6,fGn_0.85_n256,,Higuchi,1.0,0.982211975869973,-0.09524378087989627,0.8869681949900767,raw
fGn_0.85_n256_r6,fGn_0.85_n256,,GHE,1.0,0.9766246191018721,-0.10326296901763854,0.8733616500842336,raw
fGn_0.85_n256_r6,fGn_0.85_n256,,GPH,1.0,0.8618598472052057,0.0,0.8618598472052057,centered
fGn_0.85_n256_r6,fGn_0.85_n256,,Higuchi,1.0,0.889333991564802,0.0,0.889333991564802,centered
fGn_0.85_n256_r6,fGn_0.85_n256,,GHE,1.0,0.8750793912921687,0.0,0.8750793912921687,centered
fGn_0.85_n256_r60,fGn_0.85_n256,,GPH,1.0,0.7685971498098134,0.0,0.7685971498098134,raw
fGn_0.85_n256_r60,fGn_0.85_n256,,Higuchi,1.0,0.8315631903113607,0.08713512166464077,0.9186983119760015,raw
fGn_0.85_n256_r60,fGn_0.85_n256,,GHE,1.0,0.8321488711090904,0.08462256022524062,0.916771431334331,raw
fGn_0.85_n256_r60,fGn_0.85_n256,,GPH,1.0,0.7685971498098134,0.0,0.7685971498098134,centered
fGn_0.85_n256_r60,fGn_0.85_n256,,Higuchi,1.0,0.7824393451351794,0.0,0.7824393451351794,centered
fGn_0.85_n256_r60,fGn_0.85_n256,,GHE,1.0,0.7896578195981218,0.0,0.7896578195981218,centered
fGn_0.85_n256_r61,fGn_0.85_n256,,GPH,1.0,0.7323854825345224,0.0,0.7323854825345224,raw
fGn_0.85_n256_r61,fGn_0.85_n256,,Higuchi,1.0,0.7703985750902362,0.16831946091516015,0.9387180360053964,raw
fGn_0.85_n256_r61,fGn_0.85_n256,,GHE,1.0,0.7693377107181398,0.1635836996388581,0.9329214103569979,raw
fGn_0.85_n256_r61,fGn_0.85_n256,,GPH,1.0,0.7323854825345224,0.0,0.7323854825345224,centered
fGn_0.85_n256_r61,fGn_0.85_n256,,Higuchi,1.0,0.7266359495255543,-2.220446049250313e-16,0.7266359495255541,centered
fGn_0.85_n256_r61,fGn_0.85_n256,,GHE,1.0,0.7194741158825085,0.0,0.7194741158825085,centered
fGn_0.85_n256_r62,fGn_0.85_n256,,GPH,1.0,0.7397818233402504,0.0,0.7397818233402504,raw
fGn_0.85_n256_r62,fGn_0.85_n256,,Higuchi,1.0,0.9389845600882278,0.06946926420842336,1.0084538242966512,raw
fGn_0.85_n256_r62,fGn_0.85_n256,,GHE,1.0,0.9345688150815408,0.06580661449685499,1.0003754295783958,raw
fGn_0.85_n256_r62,fGn_0.85_n256,,GPH,1.0,0.7397818233402504,0.0,0.7397818233402504,centered
fGn_0.85_n256_r62,fGn_0.85_n256,,Higuchi,1.0,0.8939768346014831,0.0,0.8939768346014831,centered
fGn_0.85_n256_r62,fGn_0.85_n256,,GHE,1.0,0.8922089234103876,2.220446049250313e-16,0.8922089234103878,centered
fGn_0.85_n256_r63,fGn_0.85_n256,,GPH,1.0,0.7353188495275507,-1.1102230246251565e-16,0.7353188495275506,raw
fGn_0.85_n256_r63,fGn_0.85_n256,,Higuchi,1.0,0.7050919350290157,0.25864524857243376,0.9637371836014494,raw
fGn_0.85_n256_r63,fGn_0.85_n256,,GHE,1.0,0.7146230738230228,0.24024155752771448,0.9548646313507373,raw
fGn_0.85_n256_r63,fGn_0.85_n256,,GPH,1.0,0.7353188495275507,-1.1102230246251565e-16,0.7353188495275506,centered
fGn_0.85_n256_r63,fGn_0.85_n256,,Higuchi,1.0,0.6515430221928658,2.220446049250313e-16,0.651543022192866,centered
fGn_0.85_n256_r63,fGn_0.85_n256,,GHE,1.0,0.6679322302590152,2.220446049250313e-16,0.6679322302590154,centered
fGn_0.85_n256_r7,fGn_0.85_n256,,GPH,1.0,1.0097812699188637,0.0,1.0097812699188637,raw
fGn_0.85_n256_r7,fGn_0.85_n256,,Higuchi,1.0,0.8764661776496239,-0.06951788628124822,0.8069482913683756,raw
fGn_0.85_n256_r7,fGn_0.85_n256,,GHE,1.0,0.8832597357526382,-0.05067043380721714,0.832589301945421,raw
fGn_0.85_n256_r7,fGn_0.85_n256,,GPH,1.0,1.0097812699188637,0.0,1.0097812699188637,centered
fGn_0.85_n256_r7,fGn_0.85_n256,,Higuchi,1.0,0.7852915213058189,0.0,0.7852915213058189,centered
fGn_0.85_n256_r7,fGn_0.85_n256,,GHE,1.0,0.8129104176469341,0.0,0.8129104176469341,centered
fGn_0.85_n256_r8,fGn_0.85_n256,,GPH,1.0,0.9156475556310172,0.0,0.9156475556310172,raw
fGn_0.85_n256_r8,fGn_0.85_n256,,Higuchi,1.0,0.738438931486352,0.24069036409908073,0.9791292955854327,raw
fGn_0.85_n256_r8,fGn_0.85_n256,,GHE,1.0,0.7596736181122471,0.21504624805287387,0.974719866165121,raw
fGn_0.85_n256_r8,fGn_0.85_n256,,GPH,1.0,0.9156475556310173,-1.1102230246251565e-16,0.9156475556310172,centered
fGn_0.85_n256_r8,fGn_0.85_n256,,Higuchi,1.0,0.7063650520944027,0.0,0.7063650520944027,centered
fGn_0.85_n256_r8,fGn_0.85_n256,,GHE,1.0,0.7345904919103053,1.1102230246251565e-16,0.7345904919103055,centered
fGn_0.85_n256_r9,fGn_0.85_n256,,GPH,1.0,0.8363805894941705,0.0,0.8363805894941705,raw
fGn_0.85_n256_r9,fGn_0.85_n256,,Higuchi,1.0,0.6520364987450971,0.31177329650376495,0.963809795248862,raw
fGn_0.85_n256_r9,fGn_0.85_n256,,GHE,1.0,0.6699738587294539,0.2938958580628709,0.9638697167923248,raw
fGn_0.85_n256_r9,fGn_0.85_n256,,GPH,1.0,0.8363805894941705,0.0,0.8363805894941705,centered
fGn_0.85_n256_r9,fGn_0.85_n256,,Higuchi,1.0,0.6527463335590202,0.0,0.6527463335590202,centered
fGn_0.85_n256_r9,fGn_0.85_n256,,GHE,1.0,0.6704862599484179,-1.1102230246251565e-16,0.6704862599484178,centered
fGn_0.85_n512_r0,fGn_0.85_n512,,GPH,1.0,0.9996349703239915,0.0,0.9996349703239915,raw
fGn_0.85_n512_r0,fGn_0.85_n512,,Higuchi,1.0,0.8747448978879482,0.03253870897243272,0.9072836068603809,raw
fGn_0.85_n512_r0,fGn_0.85_n512,,GHE,1.0,0.8715660501911221,0.036953591615060066,0.9085196418061822,raw
fGn_0.85_n512_r0,fGn_0.85_n512,,GPH,1.0,0.9996349703239914,1.1102230246251565e-16,0.9996349703239915,centered
fGn_0.85_n512_r0,fGn_0.85_n512,,Higuchi,1.0,0.8130254407881559,0.0,0.8130254407881559,centered
fGn_0.85_n512_r0,fGn_0.85_n512,,GHE,1.0,0.813775398447611,0.0,0.813775398447611,centered
fGn_0.85_n512_r1,fGn_0.85_n512,,GPH,1.0,1.031852844461592,0.0,1.031852844461592,raw
fGn_0.85_n512_r1,fGn_0.85_n512,,Higuchi,1.0,0.9736123176345894,0.02625901877081982,0.9998713364054093,raw
fGn_0.85_n512_r1,fGn_0.85_n512,,GHE,1.0,0.9694094076755813,0.029890853012147445,0.9993002606877287,raw
fGn_0.85_n512_r1,fGn_0.85_n512,,GPH,1.0,1.031852844461592,0.0,1.031852844461592,centered
fGn_0.85_n512_r1,fGn_0.85_n512,,Higuchi,1.0,0.8806923108377094,0.0,0.8806923108377094,centered
fGn_0.85_n512_r1,fGn_0.85_n512,,GHE,1.0,0.8757360252391847,2.220446049250313e-16,0.8757360252391849,centered
fGn_0.85_n512_r10,fGn_0.85_n512,,GPH,1.0,0.9317309480588013,-1.1102230246251565e-16,0.9317309480588012,raw
fGn_0.85_n512_r10,fGn_0.85_n512,,Higuchi,1.0,0.8333754183417725,0.14573981943268355,0.9791152377744561,raw
fGn_0.85_n512_r10,fGn_0.85_n512,,GHE,1.0,0.8347902396200196,0.14018320375496707,0.9749734433749867,raw
fGn_0.85_n512_r10,fGn_0.85_n512,,GPH,1.0,0.9317309480588013,-1.1102230246251565e-16,0.9317309480588012,centered
fGn_0.85_n512_r10,fGn_0.85_n512,,Higuchi,1.0,0.832804508116491,0.0,0.832804508116491,centered
fGn_0.85_n512_r10,fGn_0.85_n512,,GHE,1.0,0.8342799724386589,-2.220446049250313e-16,0.8342799724386587,centered
fGn_0.85_n512_r11,fGn_0.85_n512,,GPH,1.0,0.836097213744027,1.1102230246251565e-16,0.8360972137440271,raw
fGn_0.85_n512_r11,fGn_0.85_n512,,Higuchi,1.0,0.797389211724939,0.19015788679441092,0.98754709851935,raw
fGn_0.85_n512_r11,fGn_0.85_n512,,GHE,1.0,0.8009958808224023,0.1838672973973987,0.984863178219801,raw
fGn_0.85_n512_r11,fGn_0.85_n512,,GPH,1.0,0.836097213744027,1.1102230246251565e-16,0.8360972137440271,centered
fGn_0.85_n512_r11,fGn_0.85_n512,,Higuchi,1.0,0.7568017051198479,0.0,0.7568017051198479,centered
fGn_0.85_n512_r11,fGn_0.85_n512,,GHE,1.0,0.7605378887415443,-2.220446049250313e-16,0.760537888741544,centered
fGn_0.85_n512_r12,fGn_0.85_n512,,GPH,1.0,0.8384630962973119,0.0,0.8384630962973119,raw
fGn_0.85_n512_r12,fGn_0.85_n512,,Higuchi,1.0,0.8598047605682255,0.13213610506924955,0.9919408656374751,raw
fGn_0.85_n512_r12,fGn_0.85_n512,,GHE,1.0,0.8604023006772666,0.12901515966615162,0.9894174603434183,raw
fGn_0.85_n512_r12,fGn_0.85_n512,,GPH,1.0,0.8384630962973119,0.0,0.8384630962973119,centered
fGn_0.85_n512_r12,fGn_0.85_n512,,Higuchi,1.0,0.828296662286836,0.0,0.828296662286836,centered
fGn_0.85_n512_r12,fGn_0.85_n512,,GHE,1.0,0.8328769258950252,0.0,0.8328769258950252,centered
fGn_0.85_n512_r13,fGn_0.85_n512,,GPH,1.0,0.8464693308264092,-1.1102230246251565e-16,0.8464693308264091,raw
fGn_0.85_n512_r13,fGn_0.85_n512,,Higuchi,1.0,0.8019969127675994,0.18015267177413552,0.982149584541735,raw
fGn_0.85_n512_r13,fGn_0.85_n512,,GHE,1.0,0.7974365896536958,0.1786888170895924,0.9761254067432882,raw
fGn_0.85_n512_r13,fGn_0.85_n512,,GPH,1.0,0.8464693308264092,-1.1102230246251565e-16,0.8464693308264091,centered
fGn_0.85_n512_r13,fGn_0.85_n512,,Higuchi,1.0,0.7970423547081325,0.0,0.7970423547081325,centered
fGn_0.85_n512_r13,fGn_0.85_n512,,GHE,1.0,0.7938190516033524,1.1102230246251565e-16,0.7938190516033525,centered
fGn_0.85_n512_r14,fGn_0.85_n512,,GPH,1.0,0.7821543154635799,0.0,0.7821543154635799,raw
fGn_0.85_n512_r14,fGn_0.85_n512,,Higuchi,1.0,0.9006337992577385,-0.020437234603168042,0.8801965646545704,raw
fGn_0.85_n512_r14,fGn_0.85_n512,,GHE,1.0,0.8999326979874401,-0.021536477605155646,0.8783962203822845,raw
fGn_0.85_n512_r14,fGn_0.85_n512,,GPH,1.0,0.7821543154635799,0.0,0.7821543154635799,centered
fGn_0.85_n512_r14,fGn_0.85_n512,,Higuchi,1.0,0.7410189707085393,0.0,0.7410189707085393,centered
fGn_0.85_n512_r14,fGn_0.85_n512,,GHE,1.0,0.7579257098971725,0.0,0.7579257098971725,centered
fGn_0.85_n512_r15,fGn_0.85_n512,,GPH,1.0,0.7772577158494334,0.0,0.7772577158494334,raw
fGn_0.85_n512_r15,fGn_0.85_n512,,Higuchi,1.0,0.7341713990574936,0.2471365235270282,0.9813079225845218,raw
fGn_0.85_n512_r15,fGn_0.85_n512,,GHE,1.0,0.7429327755017632,0.23774520912113395,0.9806779846228971,raw
fGn_0.85_n512_r15,fGn_0.85_n512,,GPH,1.0,0.7772577158494334,0.0,0.7772577158494334,centered
fGn_0.85_n512_r15,fGn_0.85_n512,,Higuchi,1.0,0.704948034240827,0.0,0.704948034240827,centered
fGn_0.85_n512_r15,fGn_0.85_n512,,GHE,1.0,0.7161584837327237,0.0,0.7161584837327237,centered
fGn_0.85_n512_r16,fGn_0.85_n512,,GPH,1.0,0.884203542369792,0.0,0.884203542369792,raw
fGn_0.85_n512_r16,fGn_0.85_n512,,Higuchi,1.0,0.8554139001473515,0.09520115039612698,0.9506150505434785,raw
fGn_0.85_n512_r16,fGn_0.85_n512,,GHE,1.0,0.8498401215321791,0.09580190347247264,0.9456420250046518,raw
fGn_0.85_n512_r16,fGn_0.85_n512,,GPH,1.0,0.884203542369792,0.0,0.884203542369792,centered
fGn_0.85_n512_r16,fGn_0.85_n512,,Higuchi,1.0,0.8244661520190477,-2.220446049250313e-16,0.8244661520190475,centered
fGn_0.85_n512_r16,fGn_0.85_n512,,GHE,1.0,0.8174560213725386,1.1102230246251565e-16,0.8174560213725387,centered
fGn_0.85_n512_r17,fGn_0.85_n512,,GPH,1.0,1.1903235848852605,0.0,1.1903235848852605,raw
fGn_0.85_n512_r17,fGn_0.85_n512,,Higuchi,1.0,0.903697304972763,-0.02365820660464446,0.8800390983681186,raw
fGn_0.85_n512_r17,fGn_0.85_n512,,GHE,1.0,0.8979114968206507,-0.011144463632824286,0.8867670331878265,raw
fGn_0.85_n512_r17,fGn_0.85_n512,,GPH,1.0,1.1903235848852605,0.0,1.1903235848852605,centered
fGn_0.85_n512_r17,fGn_0.85_n512,,Higuchi,1.0,0.8447607590980255,2.220446049250313e-16,0.8447607590980257,centered
fGn_0.85_n512_r17,fGn_0.85_n512,,GHE,1.0,0.8525267494190099,2.220446049250313e-16,0.8525267494190101,centered
fGn_0.85_n512_r18,fGn_0.85_n512,,GPH,1.0,1.0831497859248223,0.0,1.0831497859248223,raw
fGn_0.85_n512_r18,fGn_0.85_n512,,Higuchi,1.0,0.8482214317514385,0.14034242027126398,0.9885638520227025,raw
fGn_0.85_n512_r18,fGn_0.85_n512,,GHE,1.0,0.8554259150221849,0.13301994424798436,0.9884458592701693,raw
fGn_0.85_n512_r18,fGn_0.85_n512,,GPH,1.0,1.0831497859248223,0.0,1.0831497859248223,centered
fGn_0.85_n512_r18,fGn_0.85_n512,,Higuchi,1.0,0.811382177894584,2.220446049250313e-16,0.8113821778945842,centered
fGn_0.85_n512_r18,fGn_0.85_n512,,GHE,1.0,0.8167693666605412,1.1102230246251565e-16,0.8167693666605413,centered
fGn_0.85_n512_r19,fGn_0.85_n512,,GPH,1.0,0.7271902934335762,1.1102230246251565e-16,0.7271902934335763,raw
fGn_0.85_n512_r19,fGn_0.85_n512,,Higuchi,1.0,0.8235266867994915,0.09222246869715867,0.9157491554966501,raw
fGn_0.85_n512_r19,fGn_0.85_n512,,GHE,1.0,0.8163625183616284,0.09822608160649715,0.9145885999681256,raw
fGn_0.85_n512_r19,fGn_0.85_n512,,GPH,1.0,0.7271902934335762,0.0,0.7271902934335762,centered
fGn_0.85_n512_r19,fGn_0.85_n512,,Higuchi,1.0,0.690175037121139,0.0,0.690175037121139,centered
fGn_0.85_n512_r19,fGn_0.85_n512,,GHE,1.0,0.7042948093742633,1.1102230246251565e-16,0.7042948093742634,centered
fGn_0.85_n512_r2,fGn_0.85_n512,,GPH,1.0,0.6310311980130863,0.0,0.6310311980130863,raw
fGn_0.85_n512_r2,fGn_0.85_n512,,Higuchi,1.0,0.7116161215864625,0.2558174037590317,0.9674335253454942,raw
fGn_0.85_n512_r2,fGn_0.85_n512,,GHE,1.0,0.72821885018404,0.23505611210293864,0.9632749622869786,raw
fGn_0.85_n512_r2,fGn_0.85_n512,,GPH,1.0,0.6310311980130863,-1.1102230246251565e-16,0.6310311980130862,centered
fGn_0.85_n512_r2,fGn_0.85_n512,,Higuchi,1.0,0.7007563395971488,0.0,0.7007563395971488,centered
fGn_0.85_n512_r2,fGn_0.85_n512,,GHE,1.0,0.7171374654826593,-1.1102230246251565e-16,0.7171374654826592,centered
fGn_0.85_n512_r20,fGn_0.85_n512,,GPH,1.0,0.9507473085839757,0.0,0.9507473085839757,raw
fGn_0.85_n512_r20,fGn_0.85_n512,,Higuchi,1.0,0.8542817405454821,0.14359888431566104,0.9978806248611432,raw
fGn_0.85_n512_r20,fGn_0.85_n512,,GHE,1.0,0.8515205928897417,0.14443226746497162,0.9959528603547133,raw
fGn_0.85_n512_r20,fGn_0.85_n512,,GPH,1.0,0.9507473085839757,0.0,0.9507473085839757,centered
fGn_0.85_n512_r20,fGn_0.85_n512,,Higuchi,1.0,0.8127377693471562,0.0,0.8127377693471562,centered
fGn_0.85_n512_r20,fGn_0.85_n512,,GHE,1.0,0.8151363322813575,0.0,0.8151363322813575,centered
fGn_0.85_n512_r21,fGn_0.85_n512,,GPH,1.0,0.824231582414497,0.0,0.824231582414497,raw
fGn_0.85_n512_r21,fGn_0.85_n512,,Higuchi,1.0,0.8723530681900817,0.03508361161243845,0.9074366798025202,raw
fGn_0.85_n512_r21,fGn_0.85_n512,,GHE,1.0,0.8697632793444436,0.036145819652671385,0.905909098997115,raw
fGn_0.85_n512_r21,fGn_0.85_n512,,GPH,1.0,0.824231582414497,0.0,0.824231582414497,centered
fGn_0.85_n512_r21,fGn_0.85_n512,,Higuchi,1.0,0.8087526479694076,0.0,0.8087526479694076,centered
fGn_0.85_n512_r21,fGn_0.85_n512,,GHE,1.0,0.806042590858867,0.0,0.806042590858867,centered
fGn_0.85_n512_r22,fGn_0.85_n512,,GPH,1.0,0.8011114300809292,0.0,0.8011114300809292,raw
fGn_0.85_n512_r22,fGn_0.85_n512,,Higuchi,1.0,0.9249680940284526,0.073074729379069,0.9980428234075216,raw
fGn_0.85_n512_r22,fGn_0.85_n512,,GHE,1.0,0.9189363170960603,0.07828370897733328,0.9972200260733936,raw
fGn_0.85_n512_r22,fGn_0.85_n512,,GPH,1.0,0.801111430080929,1.1102230246251565e-16,0.8011114300809291,centered
fGn_0.85_n512_r22,fGn_0.85_n512,,Higuchi,1.0,0.767748195809717,0.0,0.767748195809717,centered
fGn_0.85_n512_r22,fGn_0.85_n512,,GHE,1.0,0.7733180396862895,-2.220446049250313e-16,0.7733180396862893,centered
fGn_0.85_n512_r23,fGn_0.85_n512,,GPH,1.0,0.8975803225183543,0.0,0.8975803225183543,raw
fGn_0.85_n512_r23,fGn_0.85_n512,,Higuchi,1.0,0.8903607600142067,-0.0043494940910320246,0.8860112659231747,raw
fGn_0.85_n512_r23,fGn_0.85_n512,,GHE,1.0,0.8891370269082121,-0.006195804170408881,0.8829412227378032,raw
fGn_0.85_n512_r23,fGn_0.85_n512,,GPH,1.0,0.8975803225183543,0.0,0.8975803225183543,centered
fGn_0.85_n512_r23,fGn_0.85_n512,,Higuchi,1.0,0.8496040531839999,0.0,0.8496040531839999,centered
fGn_0.85_n512_r23,fGn_0.85_n512,,GHE,1.0,0.8445116895868846,0.0,0.8445116895868846,centered
fGn_0.85_n512_r24,fGn_0.85_n512,,GPH,1.0,0.9611351695872841,0.0,0.9611351695872841,raw
fGn_0.85_n512_r24,fGn_0.85_n512,,Higuchi,1.0,0.9853959551375573,-0.17110070139461198,0.8142952537429453,raw
fGn_0.85_n512_r24,fGn_0.85_n512,,GHE,1.0,0.981038826984494,-0.16709911628875995,0.813939710695734,raw
fGn_0.85_n512_r24,fGn_0.85_n512,,GPH,1.0,0.9611351695872841,0.0,0.9611351695872841,centered
fGn_0.85_n512_r24,fGn_0.85_n512,,Higuchi,1.0,0.8177637767369592,0.0,0.8177637767369592,centered
fGn_0.85_n512_r24,fGn_0.85_n512,,GHE,1.0,0.8147302829211974,1.1102230246251565e-16,0.8147302829211975,centered
fGn_0.85_n512_r25,fGn_0.85_n512,,GPH,1.0,0.8945463523288566,0.0,0.8945463523288566,raw
fGn_0.85_n512_r25,fGn_0.85_n512,,Higuchi,1.0,0.7609895880471056,0.20542451885264978,0.9664141068997554,raw
fGn_0.85_n512_r25,fGn_0.85_n512,,GHE,1.0,0.7657993062550945,0.1985045569200905,0.964303863175185,raw
fGn_0.85_n512_r25,fGn_0.85_n512,,GPH,1.0,0.8945463523288566,0.0,0.8945463523288566,centered
fGn_0.85_n512_r25,fGn_0.85_n512,,Higuchi,1.0,0.7608757204157586,0.0,0.7608757204157586,centered
fGn_0.85_n512_r25,fGn_0.85_n512,,GHE,1.0,0.7652753644937432,0.0,0.7652753644937432,centered
fGn_0.85_n512_r26,fGn_0.85_n512,,GPH,1.0,0.9651948482479381,-1.1102230246251565e-16,0.965194848247938,raw
fGn_0.85_n512_r26,fGn_0.85_n512,,Higuchi,1.0,0.8209044633028542,0.13357204503334486,0.954476508336199,raw
fGn_0.85_n512_r26,fGn_0.85_n512,,GHE,1.0,0.8277542676556492,0.12714974447403282,0.954904012129682,raw
fGn_0.85_n512_r26,fGn_0.85_n512,,GPH,1.0,0.965194848247938,0.0,0.965194848247938,centered
fGn_0.85_n512_r26,fGn_0.85_n512,,Higuchi,1.0,0.8223736828826498,0.0,0.8223736828826498,centered
fGn_0.85_n512_r26,fGn_0.85_n512,,GHE,1.0,0.8293649995626781,0.0,0.8293649995626781,centered
fGn_0.85_n512_r27,fGn_0.85_n512,,GPH,1.0,1.016721752227451,0.0,1.016721752227451,raw
fGn_0.85_n512_r27,fGn_0.85_n512,,Higuchi,1.0,0.9042973711223043,0.08806816573078335,0.9923655368530877,raw
fGn_0.85_n512_r27,fGn_0.85_n512,,GHE,1.0,0.9019507081528934,0.09012984514994438,0.9920805533028377,raw
fGn_0.85_n512_r27,fGn_0.85_n512,,GPH,1.0,1.016721752227451,0.0,1.016721752227451,centered
fGn_0.85_n512_r27,fGn_0.85_n512,,Higuchi,1.0,0.7937797950094798,2.220446049250313e-16,0.79377979500948,centered
fGn_0.85_n512_r27,fGn_0.85_n512,,GHE,1.0,0.8075839880267772,-1.1102230246251565e-16,0.8075839880267771,centered
fGn_0.85_n512_r28,fGn_0.85_n512,,GPH,1.0,1.1019547294466365,0.0,1.1019547294466365,raw
fGn_0.85_n512_r28,fGn_0.85_n512,,Higuchi,1.0,0.880905807708489,0.1062984180612574,0.9872042257697464,raw
fGn_0.85_n512_r28,fGn_0.85_n512,,GHE,1.0,0.874542637517587,0.10915611470042641,0.9836987522180134,raw
fGn_0.85_n512_r28,fGn_0.85_n512,,GPH,1.0,1.1019547294466365,0.0,1.1019547294466365,centered
fGn_0.85_n512_r28,fGn_0.85_n512,,Higuchi,1.0,0.8661441991401311,-2.220446049250313e-16,0.8661441991401309,centered
fGn_0.85_n512_r28,fGn_0.85_n512,,GHE,1.0,0.8612274411845918,0.0,0.8612274411845918,centered
fGn_0.85_n512_r29,fGn_0.85_n512,,GPH,1.0,0.9218433454223947,1.1102230246251565e-16,0.9218433454223948,raw
fGn_0.85_n512_r29,fGn_0.85_n512,,Higuchi,1.0,0.8371430645101727,0.09254370154079661,0.9296867660509693,raw
fGn_0.85_n512_r29,fGn_0.85_n512,,GHE,1.0,0.8420930726757546,0.0852267540172893,0.9273198266930439,raw
fGn_0.85_n512_r29,fGn_0.85_n512,,GPH,1.0,0.9218433454223947,1.1102230246251565e-16,0.9218433454223948,centered
fGn_0.85_n512_r29,fGn_0.85_n512,,Higuchi,1.0,0.8306922379859718,0.0,0.8306922379859718,centered
fGn_0.85_n512_r29,fGn_0.85_n512,,GHE,1.0,0.8364399436890497,0.0,0.8364399436890497,centered
fGn_0.85_n512_r3,fGn_0.85_n512,,GPH,1.0,0.7409254381038048,0.0,0.7409254381038048,raw
fGn_0.85_n512_r3,fGn_0.85_n512,,Higuchi,1.0,0.8526723824269999,0.1393358177262778,0.9920082001532777,raw
fGn_0.85_n512_r3,fGn_0.85_n512,,GHE,1.0,0.8510278530776163,0.14126378748846213,0.9922916405660784,raw
fGn_0.85_n512_r3,fGn_0.85_n512,,GPH,1.0,0.7409254381038048,0.0,0.7409254381038048,centered
fGn_0.85_n512_r3,fGn_0.85_n512,,Higuchi,1.0,0.718148123216517,-2.220446049250313e-16,0.7181481232165168,centered
fGn_0.85_n512_r3,fGn_0.85_n512,,GHE,1.0,0.728152684006582,-2.220446049250313e-16,0.7281526840065817,centered
fGn_0.85_n512_r30,fGn_0.85_n512,,GPH,1.0,0.5988077771812419,0.0,0.5988077771812419,raw
fGn_0.85_n512_r30,fGn_0.85_n512,,Higuchi,1.0,0.7524366213334974,0.22869069330341119,0.9811273146369086,raw
fGn_0.85_n512_r30,fGn_0.85_n512,,GHE,1.0,0.7610761807486957,0.2164568117248008,0.9775329924734965,raw
fGn_0.85_n512_r30,fGn_0.85_n512,,GPH,1.0,0.598807777181242,0.0,0.598807777181242,centered
fGn_0.85_n512_r30,fGn_0.85_n512,,Higuchi,1.0,0.7472402062868466,0.0,0.7472402062868466,centered
fGn_0.85_n512_r30,fGn_0.85_n512,,GHE,1.0,0.7547499556857186,-1.1102230246251565e-16,0.7547499556857185,centered
fGn_0.85_n512_r31,fGn_0.85_n512,,GPH,1.0,0.8522219435742988,0.0,0.8522219435742988,raw
fGn_0.85_n512_r31,fGn_0.85_n512,,Higuchi,1.0,0.811584203892266,0.158649399451386,0.970233603343652,raw
fGn_0.85_n512_r31,fGn_0.85_n512,,GHE,1.0,0.8138201928666725,0.15600476590351398,0.9698249587701865,raw
fGn_0.85_n512_r31,fGn_0.85_n512,,GPH,1.0,0.8522219435742988,0.0,0.8522219435742988,centered
fGn_0.85_n512_r31,fGn_0.85_n512,,Higuchi,1.0,0.8120124920111156,2.220446049250313e-16,0.8120124920111158,centered
fGn_0.85_n512_r31,fGn_0.85_n512,,GHE,1.0,0.8141147803871703,0.0,0.8141147803871703,centered
fGn_0.85_n512_r32,fGn_0.85_n512,,GPH,1.0,0.7969381686891241,0.0,0.7969381686891241,raw
fGn_0.85_n512_r32,fGn_0.85_n512,,Higuchi,1.0,0.8652583850766937,0.04357236587245028,0.908830750949144,raw
fGn_0.85_n512_r32,fGn_0.85_n512,,GHE,1.0,0.8643083224363086,0.04295464221548917,0.9072629646517978,raw
fGn_0.85_n512_r32,fGn_0.85_n512,,GPH,1.0,0.7969381686891241,0.0,0.7969381686891241,centered
fGn_0.85_n512_r32,fGn_0.85_n512,,Higuchi,1.0,0.8125214902892226,0.0,0.8125214902892226,centered
fGn_0.85_n512_r32,fGn_0.85_n512,,GHE,1.0,0.8113672048426233,0.0,0.8113672048426233,centered
fGn_0.85_n512_r33,fGn_0.85_n512,,GPH,1.0,0.6189119047053251,1.1102230246251565e-16,0.6189119047053252,raw
fGn_0.85_n512_r33,fGn_0.85_n512,,Higuchi,1.0,0.7578415410046351,0.20859392438627977,0.9664354653909148,raw
fGn_0.85_n512_r33,fGn_0.85_n512,,GHE,1.0,0.7688030869592422,0.19418351353713603,0.9629866004963782,raw
fGn_0.85_n512_r33,fGn_0.85_n512,,GPH,1.0,0.6189119047053251,0.0,0.6189119047053251,centered
fGn_0.85_n512_r33,fGn_0.85_n512,,Higuchi,1.0,0.736243288125618,0.0,0.736243288125618,centered
fGn_0.85_n512_r33,fGn_0.85_n512,,GHE,1.0,0.7515161467285265,0.0,0.7515161467285265,centered
fGn_0.85_n512_r34,fGn_0.85_n512,,GPH,1.0,0.9233159363248662,0.0,0.9233159363248662,raw
fGn_0.85_n512_r34,fGn_0.85_n512,,Higuchi,1.0,0.828697249052061,0.09609583494832652,0.9247930840003875,raw
fGn_0.85_n512_r34,fGn_0.85_n512,,GHE,1.0,0.8366859148008445,0.08788160038011694,0.9245675151809615,raw
fGn_0.85_n512_r34,fGn_0.85_n512,,GPH,1.0,0.9233159363248662,0.0,0.9233159363248662,centered
fGn_0.85_n512_r34,fGn_0.85_n512,,Higuchi,1.0,0.8124623764817547,0.0,0.8124623764817547,centered
fGn_0.85_n512_r34,fGn_0.85_n512,,GHE,1.0,0.8238075873067299,-1.1102230246251565e-16,0.8238075873067298,centered
fGn_0.85_n512_r35,fGn_0.85_n512,,GPH,1.0,0.9412265334804535,1.1102230246251565e-16,0.9412265334804536,raw
fGn_0.85_n512_r35,fGn_0.85_n512,,Higuchi,1.0,0.8721118666521004,0.12165516178173696,0.9937670284338374,raw
fGn_0.85_n512_r35,fGn_0.85_n512,,GHE,1.0,0.8710667747509908,0.1213158363864677,0.9923826111374585,raw
fGn_0.85_n512_r35,fGn_0.85_n512,,GPH,1.0,0.9412265334804535,1.1102230246251565e-16,0.9412265334804536,centered
fGn_0.85_n512_r35,fGn_0.85_n512,,Higuchi,1.0,0.8045600080413988,-2.220446049250313e-16,0.8045600080413986,centered
fGn_0.85_n512_r35,fGn_0.85_n512,,GHE,1.0,0.8111883805562284,0.0,0.8111883805562284,centered
fGn_0.85_n512_r36,fGn_0.85_n512,,GPH,1.0,0.8438239119660316,0.0,0.8438239119660316,raw
fGn_0.85_n512_r36,fGn_0.85_n512,,Higuchi,1.0,0.8754756132296921,0.12917026744798799,1.0046458806776801,raw
fGn_0.85_n512_r36,fGn_0.85_n512,,GHE,1.0,0.8674369612021443,0.13394153110231277,1.001378492304457,raw
fGn_0.85_n512_r36,fGn_0.85_n512,,GPH,1.0,0.8438239119660316,0.0,0.8438239119660316,centered
fGn_0.85_n512_r36,fGn_0.85_n512,,Higuchi,1.0,0.7483233379329619,0.0,0.7483233379329619,centered
fGn_0.85_n512_r36,fGn_0.85_n512,,GHE,1.0,0.7587360323493555,0.0,0.7587360323493555,centered
fGn_0.85_n512_r37,fGn_0.85_n512,,GPH,1.0,0.9919873959329764,0.0,0.9919873959329764,raw
fGn_0.85_n512_r37,fGn_0.85_n512,,Higuchi,1.0,0.8184366003890251,0.12424283006298142,0.9426794304520065,raw
fGn_0.85_n512_r37,fGn_0.85_n512,,GHE,1.0,0.8181229643565665,0.1257752444661926,0.9438982088227591,raw
fGn_0.85_n512_r37,fGn_0.85_n512,,GPH,1.0,0.9919873959329764,0.0,0.9919873959329764,centered
fGn_0.85_n512_r37,fGn_0.85_n512,,Higuchi,1.0,0.8134959128928927,0.0,0.8134959128928927,centered
fGn_0.85_n512_r37,fGn_0.85_n512,,GHE,1.0,0.8174805661459831,0.0,0.8174805661459831,centered
fGn_0.85_n512_r38,fGn_0.85_n512,,GPH,1.0,0.7409599463976616,0.0,0.7409599463976616,raw
fGn_0.85_n512_r38,fGn_0.85_n512,,Higuchi,1.0,0.9108317539478641,0.08757457374879318,0.9984063276966573,raw
fGn_0.85_n512_r38,fGn_0.85_n512,,GHE,1.0,0.9106453267830156,0.08775684315962695,0.9984021699426425,raw
fGn_0.85_n512_r38,fGn_0.85_n512,,GPH,1.0,0.7409599463976616,1.1102230246251565e-16,0.7409599463976617,centered
fGn_0.85_n512_r38,fGn_0.85_n512,,Higuchi,1.0,0.7312308229699673,0.0,0.7312308229699673,centered
fGn_0.85_n512_r38,fGn_0.85_n512,,GHE,1.0,0.7534734707385788,-1.1102230246251565e-16,0.7534734707385787,centered
fGn_0.85_n512_r39,fGn_0.85_n512,,GPH,1.0,0.6944800456308825,0.0,0.6944800456308825,raw
fGn_0.85_n512_r39,fGn_0.85_n512,,Higuchi,1.0,0.6878144294695117,0.28278884707404295,0.9706032765435546,raw
fGn_0.85_n512_r39,fGn_0.85_n512,,GHE,1.0,0.7011465949023846,0.2672530984096321,0.9683996933120167,raw
fGn_0.85_n512_r39,fGn_0.85_n512,,GPH,1.0,0.6944800456308825,0.0,0.6944800456308825,centered
fGn_0.85_n512_r39,fGn_0.85_n512,,Higuchi,1.0,0.6621370636187778,0.0,0.6621370636187778,centered
fGn_0.85_n512_r39,fGn_0.85_n512,,GHE,1.0,0.6773748362655441,0.0,0.6773748362655441,centered
fGn_0.85_n512_r4,fGn_0.85_n512,,GPH,1.0,0.7185662681224066,0.0,0.7185662681224066,raw
fGn_0.85_n512_r4,fGn_0.85_n512,,Higuchi,1.0,0.8379190649660528,0.1535006473617475,0.9914197123278004,raw
fGn_0.85_n512_r4,fGn_0.85_n512,,GHE,1.0,0.8406331220599884,0.14948609844119032,0.9901192205011787,raw
fGn_0.85_n512_r4,fGn_0.85_n512,,GPH,1.0,0.7185662681224068,0.0,0.7185662681224068,centered
fGn_0.85_n512_r4,fGn_0.85_n512,,Higuchi,1.0,0.7475714498566921,0.0,0.7475714498566921,centered
fGn_0.85_n512_r4,fGn_0.85_n512,,GHE,1.0,0.7596475354131769,-1.1102230246251565e-16,0.7596475354131768,centered
fGn_0.85_n512_r40,fGn_0.85_n512,,GPH,1.0,0.6988053603561764,0.0,0.6988053603561764,raw
fGn_0.85_n512_r40,fGn_0.85_n512,,Higuchi,1.0,0.7566187837889955,0.23219988503693556,0.9888186688259311,raw
fGn_0.85_n512_r40,fGn_0.85_n512,,GHE,1.0,0.7728663618870286,0.2119515914452359,0.9848179533322645,raw
fGn_0.85_n512_r40,fGn_0.85_n512,,GPH,1.0,0.6988053603561764,1.1102230246251565e-16,0.6988053603561765,centered
fGn_0.85_n512_r40,fGn_0.85_n512,,Higuchi,1.0,0.7129294417255818,0.0,0.7129294417255818,centered
fGn_0.85_n512_r40,fGn_0.85_n512,,GHE,1.0,0.7326429821804754,0.0,0.7326429821804754,centered
fGn_0.85_n512_r41,fGn_0.85_n512,,GPH,1.0,0.63263335821725,-1.1102230246251565e-16,0.6326333582172499,raw
fGn_0.85_n512_r41,fGn_0.85_n512,,Higuchi,1.0,0.7838579745349208,0.13162827313659697,0.9154862476715178,raw
fGn_0.85_n512_r41,fGn_0.85_n512,,GHE,1.0,0.796318662818135,0.113916992239666,0.910235655057801,raw
fGn_0.85_n512_r41,fGn_0.85_n512,,GPH,1.0,0.6326333582172499,1.1102230246251565e-16,0.63263335821725,centered
fGn_0.85_n512_r41,fGn_0.85_n512,,Higuchi,1.0,0.7543005887284997,0.0,0.7543005887284997,centered
fGn_0.85_n512_r41,fGn_0.85_n512,,GHE,1.0,0.7612174182794718,0.0,0.7612174182794718,centered
fGn_0.85_n512_r42,fGn_0.85_n512,,GPH,1.0,0.7492556123123685,0.0,0.7492556123123685,raw
fGn_0.85_n512_r42,fGn_0.85_n512,,Higuchi,1.0,0.7881287696535964,0.20436070397141481,0.9924894736250112,raw
fGn_0.85_n512_r42,fGn_0.85_n512,,GHE,1.0,0.7874824889192706,0.2031338861486458,0.9906163750679164,raw
fGn_0.85_n512_r42,fGn_0.85_n512,,GPH,1.0,0.7492556123123685,-1.1102230246251565e-16,0.7492556123123684,centered
fGn_0.85_n512_r42,fGn_0.85_n512,,Higuchi,1.0,0.7090866419648771,-2.220446049250313e-16,0.7090866419648769,centered
fGn_0.85_n512_r42,fGn_0.85_n512,,GHE,1.0,0.7174258740373496,-1.1102230246251565e-16,0.7174258740373495,centered
fGn_0.85_n512_r43,fGn_0.85_n512,,GPH,1.0,0.8901681567317326,0.0,0.8901681567317326,raw
fGn_0.85_n512_r43,fGn_0.85_n512,,Higuchi,1.0,0.7758410476532029,0.20083696887824276,0.9766780165314457,raw
fGn_0.85_n512_r43,fGn_0.85_n512,,GHE,1.0,0.7834440529968459,0.19108496970422773,0.9745290227010737,raw
fGn_0.85_n512_r43,fGn_0.85_n512,,GPH,1.0,0.8901681567317326,0.0,0.8901681567317326,centered
fGn_0.85_n512_r43,fGn_0.85_n512,,Higuchi,1.0,0.7688030279819544,0.0,0.7688030279819544,centered
fGn_0.85_n512_r43,fGn_0.85_n512,,GHE,1.0,0.7757026938250489,0.0,0.7757026938250489,centered
fGn_0.85_n512_r44,fGn_0.85_n512,,GPH,1.0,0.6630947895836177,0.0,0.6630947895836177,raw
fGn_0.85_n512_r44,fGn_0.85_n512,,Higuchi,1.0,0.8990546067839547,-0.031329914823557514,0.8677246919603971,raw
fGn_0.85_n512_r44,fGn_0.85_n512,,GHE,1.0,0.8919965976703825,-0.02499303337984493,0.8670035642905376,raw
fGn_0.85_n512_r44,fGn_0.85_n512,,GPH,1.0,0.6630947895836177,0.0,0.6630947895836177,centered
fGn_0.85_n512_r44,fGn_0.85_n512,,Higuchi,1.0,0.6667530311844123,0.0,0.6667530311844123,centered
fGn_0.85_n512_r44,fGn_0.85_n512,,GHE,1.0,0.6975629477279744,0.0,0.6975629477279744,centered
fGn_0.85_n512_r45,fGn_0.85_n512,,GPH,1.0,0.8966817335025477,0.0,0.8966817335025477,raw
fGn_0.85_n512_r45,fGn_0.85_n512,,Higuchi,1.0,0.8499114705018189,0.05742570305812378,0.9073371735599427,raw
fGn_0.85_n512_r45,fGn_0.85_n512,,GHE,1.0,0.8444895312970772,0.06634357014025738,0.9108331014373345,raw
fGn_0.85_n512_r45,fGn_0.85_n512,,GPH,1.0,0.8966817335025477,0.0,0.8966817335025477,centered
fGn_0.85_n512_r45,fGn_0.85_n512,,Higuchi,1.0,0.8090658276522247,0.0,0.8090658276522247,centered
fGn_0.85_n512_r45,fGn_0.85_n512,,GHE,1.0,0.8082920920483516,0.0,0.8082920920483516,centered
fGn_0.85_n512_r46,fGn_0.85_n512,,GPH,1.0,0.8280581485168412,0.0,0.8280581485168412,raw
fGn_0.85_n512_r46,fGn_0.85_n512,,Higuchi,1.0,0.7851687312580269,0.20033862906255817,0.9855073603205851,raw
fGn_0.85_n512_r46,fGn_0.85_n512,,GHE,1.0,0.795721192816746,0.18570109797154333,0.9814222907882894,raw
fGn_0.85_n512_r46,fGn_0.85_n512,,GPH,1.0,0.8280581485168412,0.0,0.8280581485168412,centered
fGn_0.85_n512_r46,fGn_0.85_n512,,Higuchi,1.0,0.7773868381483291,0.0,0.7773868381483291,centered
fGn_0.85_n512_r46,fGn_0.85_n512,,GHE,1.0,0.7885140837389302,-1.1102230246251565e-16,0.7885140837389301,centered
fGn_0.85_n512_r47,fGn_0.85_n512,,GPH,1.0,0.755862563867099,-1.1102230246251565e-16,0.7558625638670989,raw
fGn_0.85_n512_r47,fGn_0.85_n512,,Higuchi,1.0,0.700203648208793,0.2848271904661954,0.9850308386749884,raw
fGn_0.85_n512_r47,fGn_0.85_n512,,GHE,1.0,0.7134984650741729,0.2687384553977582,0.9822369204719311,raw
fGn_0.85_n512_r47,fGn_0.85_n512,,GPH,1.0,0.755862563867099,-2.220446049250313e-16,0.7558625638670988,centered
fGn_0.85_n512_r47,fGn_0.85_n512,,Higuchi,1.0,0.6924052388520108,0.0,0.6924052388520108,centered
fGn_0.85_n512_r47,fGn_0.85_n512,,GHE,1.0,0.7068818917276072,0.0,0.7068818917276072,centered
fGn_0.85_n512_r48,fGn_0.85_n512,,GPH,1.0,0.9337004989274111,1.1102230246251565e-16,0.9337004989274112,raw
fGn_0.85_n512_r48,fGn_0.85_n512,,Higuchi,1.0,0.8156509988207041,0.16427827895011315,0.9799292777708173,raw
fGn_0.85_n512_r48,fGn_0.85_n512,,GHE,1.0,0.8173745738100436,0.16331518026642944,0.9806897540764731,raw
fGn_0.85_n512_r48,fGn_0.85_n512,,GPH,1.0,0.9337004989274111,1.1102230246251565e-16,0.9337004989274112,centered
fGn_0.85_n512_r48,fGn_0.85_n512,,Higuchi,1.0,0.7844234467301034,0.0,0.7844234467301034,centered
fGn_0.85_n512_r48,fGn_0.85_n512,,GHE,1.0,0.7867923618565749,0.0,0.7867923618565749,centered
fGn_0.85_n512_r49,fGn_0.85_n512,,GPH,1.0,0.6149689974237961,0.0,0.6149689974237961,raw
fGn_0.85_n512_r49,fGn_0.85_n512,,Higuchi,1.0,0.8586777813706414,0.13348839332059037,0.9921661746912318,raw
fGn_0.85_n512_r49,fGn_0.85_n512,,GHE,1.0,0.8633388660322818,0.1262566822803971,0.9895955483126789,raw
fGn_0.85_n512_r49,fGn_0.85_n512,,GPH,1.0,0.6149689974237961,0.0,0.6149689974237961,centered
fGn_0.85_n512_r49,fGn_0.85_n512,,Higuchi,1.0,0.7173200181803718,0.0,0.7173200181803718,centered
fGn_0.85_n512_r49,fGn_0.85_n512,,GHE,1.0,0.7395142204499999,-1.1102230246251565e-16,0.7395142204499998,centered
fGn_0.85_n512_r5,fGn_0.85_n512,,GPH,1.0,1.0902529448527385,-2.220446049250313e-16,1.0902529448527383,raw
fGn_0.85_n512_r5,fGn_0.85_n512,,Higuchi,1.0,0.8829114852188304,0.03624270646236161,0.9191541916811921,raw
fGn_0.85_n512_r5,fGn_0.85_n512,,GHE,1.0,0.8731498158169247,0.04227494735164328,0.915424763168568,raw
fGn_0.85_n512_r5,fGn_0.85_n512,,GPH,1.0,1.0902529448527383,0.0,1.0902529448527383,centered
fGn_0.85_n512_r5,fGn_0.85_n512,,Higuchi,1.0,0.8461315265041682,0.0,0.8461315265041682,centered
fGn_0.85_n512_r5,fGn_0.85_n512,,GHE,1.0,0.8407643940482937,0.0,0.8407643940482937,centered
fGn_0.85_n512_r50,fGn_0.85_n512,,GPH,1.0,0.9397737100885253,0.0,0.9397737100885253,raw
fGn_0.85_n512_r50,fGn_0.85_n512,,Higuchi,1.0,0.9297646193014115,0.06941897493238947,0.999183594233801,raw
fGn_0.85_n512_r50,fGn_0.85_n512,,GHE,1.0,0.9252491615956454,0.07231512164621334,0.9975642832418588,raw
fGn_0.85_n512_r50,fGn_0.85_n512,,GPH,1.0,0.9397737100885253,0.0,0.9397737100885253,centered
fGn_0.85_n512_r50,fGn_0.85_n512,,Higuchi,1.0,0.8119737465580392,0.0,0.8119737465580392,centered
fGn_0.85_n512_r50,fGn_0.85_n512,,GHE,1.0,0.8116213441569043,-1.1102230246251565e-16,0.8116213441569042,centered
fGn_0.85_n512_r51,fGn_0.85_n512,,GPH,1.0,0.7219730672373652,0.0,0.7219730672373652,raw
fGn_0.85_n512_r51,fGn_0.85_n512,,Higuchi,1.0,0.8803683388254113,0.12157678490488455,1.0019451237302959,raw
fGn_0.85_n512_r51,fGn_0.85_n512,,GHE,1.0,0.8758029590568691,0.12488409541492673,1.0006870544717958,raw
fGn_0.85_n512_r51,fGn_0.85_n512,,GPH,1.0,0.7219730672373652,0.0,0.7219730672373652,centered
fGn_0.85_n512_r51,fGn_0.85_n512,,Higuchi,1.0,0.7784278818973518,0.0,0.7784278818973518,centered
fGn_0.85_n512_r51,fGn_0.85_n512,,GHE,1.0,0.7856931845060965,1.1102230246251565e-16,0.7856931845060966,centered
fGn_0.85_n512_r52,fGn_0.85_n512,,GPH,1.0,0.8262210573653048,-2.220446049250313e-16,0.8262210573653046,raw
fGn_0.85_n512_r52,fGn_0.85_n512,,Higuchi,1.0,0.8413144024472763,0.15254384841440594,0.9938582508616822,raw
fGn_0.85_n512_r52,fGn_0.85_n512,,GHE,1.0,0.8379461196358629,0.153058064667688,0.9910041843035509,raw
fGn_0.85_n512_r52,fGn_0.85_n512,,GPH,1.0,0.8262210573653048,-2.220446049250313e-16,0.8262210573653046,centered
fGn_0.85_n512_r52,fGn_0.85_n512,,Higuchi,1.0,0.7483927630137803,0.0,0.7483927630137803,centered
fGn_0.85_n512_r52,fGn_0.85_n512,,GHE,1.0,0.7539832535557487,-1.1102230246251565e-16,0.7539832535557486,centered
fGn_0.85_n512_r53,fGn_0.85_n512,,GPH,1.0,0.8791948741699733,0.0,0.8791948741699733,raw
fGn_0.85_n512_r53,fGn_0.85_n512,,Higuchi,1.0,0.8542821909145686,0.097813506350092,0.9520956972646606,raw
fGn_0.85_n512_r53,fGn_0.85_n512,,GHE,1.0,0.8560838563863784,0.08901963892434916,0.9451034953107276,raw
fGn_0.85_n512_r53,fGn_0.85_n512,,GPH,1.0,0.8791948741699733,0.0,0.8791948741699733,centered
fGn_0.85_n512_r53,fGn_0.85_n512,,Higuchi,1.0,0.825252613391741,0.0,0.825252613391741,centered
fGn_0.85_n512_r53,fGn_0.85_n512,,GHE,1.0,0.832205928698213,2.220446049250313e-16,0.8322059286982132,centered
fGn_0.85_n512_r54,fGn_0.85_n512,,GPH,1.0,0.6372851502775921,1.1102230246251565e-16,0.6372851502775922,raw
fGn_0.85_n512_r54,fGn_0.85_n512,,Higuchi,1.0,0.9492114088489962,0.05138170182659629,1.0005931106755925,raw
fGn_0.85_n512_r54,fGn_0.85_n512,,GHE,1.0,0.9430704025298178,0.05677393432188982,0.9998443368517076,raw
fGn_0.85_n512_r54,fGn_0.85_n512,,GPH,1.0,0.6372851502775921,1.1102230246251565e-16,0.6372851502775922,centered
fGn_0.85_n512_r54,fGn_0.85_n512,,Higuchi,1.0,0.6496640544615253,2.220446049250313e-16,0.6496640544615255,centered
fGn_0.85_n512_r54,fGn_0.85_n512,,GHE,1.0,0.6673173718731654,0.0,0.6673173718731654,centered
fGn_0.85_n512_r55,fGn_0.85_n512,,GPH,1.0,1.0111961185575398,0.0,1.0111961185575398,raw
fGn_0.85_n512_r55,fGn_0.85_n512,,Higuchi,1.0,0.8310030666588784,0.12096246088157381,0.9519655275404522,raw
fGn_0.85_n512_r55,fGn_0.85_n512,,GHE,1.0,0.8409139648835976,0.10606989837253977,0.9469838632561374,raw
fGn_0.85_n512_r55,fGn_0.85_n512,,GPH,1.0,1.0111961185575398,0.0,1.0111961185575398,centered
fGn_0.85_n512_r55,fGn_0.85_n512,,Higuchi,1.0,0.79634872522961,2.220446049250313e-16,0.7963487252296102,centered
fGn_0.85_n512_r55,fGn_0.85_n512,,GHE,1.0,0.8061965725579284,-1.1102230246251565e-16,0.8061965725579283,centered
fGn_0.85_n512_r56,fGn_0.85_n512,,GPH,1.0,1.0663175029029728,0.0,1.0663175029029728,raw
fGn_0.85_n512_r56,fGn_0.85_n512,,Higuchi,1.0,0.8351410762584592,0.108142955257019,0.9432840315154782,raw
fGn_0.85_n512_r56,fGn_0.85_n512,,GHE,1.0,0.8300257504427463,0.10701911425527366,0.93704486469802,raw
fGn_0.85_n512_r56,fGn_0.85_n512,,GPH,1.0,1.0663175029029728,0.0,1.0663175029029728,centered
fGn_0.85_n512_r56,fGn_0.85_n512,,Higuchi,1.0,0.7581638465179632,0.0,0.7581638465179632,centered
fGn_0.85_n512_r56,fGn_0.85_n512,,GHE,1.0,0.7598757026845492,0.0,0.7598757026845492,centered
fGn_0.85_n512_r57,fGn_0.85_n512,,GPH,1.0,0.9830914199428735,0.0,0.9830914199428735,raw
fGn_0.85_n512_r57,fGn_0.85_n512,,Higuchi,1.0,0.89133338796785,0.05277893137024314,0.9441123193380931,raw
fGn_0.85_n512_r57,fGn_0.85_n512,,GHE,1.0,0.8834147293502457,0.05841152292083018,0.9418262522710759,raw
fGn_0.85_n512_r57,fGn_0.85_n512,,GPH,1.0,0.9830914199428735,0.0,0.9830914199428735,centered
fGn_0.85_n512_r57,fGn_0.85_n512,,Higuchi,1.0,0.874363867232643,0.0,0.874363867232643,centered
fGn_0.85_n512_r57,fGn_0.85_n512,,GHE,1.0,0.8672399840343991,0.0,0.8672399840343991,centered
fGn_0.85_n512_r58,fGn_0.85_n512,,GPH,1.0,0.7399815030658617,0.0,0.7399815030658617,raw
fGn_0.85_n512_r58,fGn_0.85_n512,,Higuchi,1.0,0.8776669827017272,0.010168389854967597,0.8878353725566948,raw
fGn_0.85_n512_r58,fGn_0.85_n512,,GHE,1.0,0.8688775799486846,0.0220782367408745,0.8909558166895591,raw
fGn_0.85_n512_r58,fGn_0.85_n512,,GPH,1.0,0.7399815030658617,0.0,0.7399815030658617,centered
fGn_0.85_n512_r58,fGn_0.85_n512,,Higuchi,1.0,0.7982661669709121,0.0,0.7982661669709121,centered
fGn_0.85_n512_r58,fGn_0.85_n512,,GHE,1.0,0.8004973512803956,1.1102230246251565e-16,0.8004973512803957,centered
fGn_0.85_n512_r59,fGn_0.85_n512,,GPH,1.0,0.5905102773017552,0.0,0.5905102773017552,raw
fGn_0.85_n512_r59,fGn_0.85_n512,,Higuchi,1.0,0.7837895607834826,0.20407023926454748,0.9878598000480301,raw
fGn_0.85_n512_r59,fGn_0.85_n512,,GHE,1.0,0.7933442351959163,0.19268873172893752,0.9860329669248539,raw
fGn_0.85_n512_r59,fGn_0.85_n512,,GPH,1.0,0.5905102773017552,0.0,0.5905102773017552,centered
fGn_0.85_n512_r59,fGn_0.85_n512,,Higuchi,1.0,0.7119041086184268,-2.220446049250313e-16,0.7119041086184266,centered
fGn_0.85_n512_r59,fGn_0.85_n512,,GHE,1.0,0.7234544637530768,0.0,0.7234544637530768,centered
fGn_0.85_n512_r6,fGn_0.85_n512,,GPH,1.0,0.6259541220294729,-1.1102230246251565e-16,0.6259541220294728,raw
fGn_0.85_n512_r6,fGn_0.85_n512,,Higuchi,1.0,0.7391871761816522,0.2369758146666585,0.9761629908483107,raw
fGn_0.85_n512_r6,fGn_0.85_n512,,GHE,1.0,0.7527475594083648,0.22012219488356166,0.9728697542919265,raw
fGn_0.85_n512_r6,fGn_0.85_n512,,GPH,1.0,0.6259541220294728,0.0,0.6259541220294728,centered
fGn_0.85_n512_r6,fGn_0.85_n512,,Higuchi,1.0,0.7377898632732731,-2.220446049250313e-16,0.7377898632732729,centered
fGn_0.85_n512_r6,fGn_0.85_n512,,GHE,1.0,0.7514851941377637,0.0,0.7514851941377637,centered
fGn_0.85_n512_r60,fGn_0.85_n512,,GPH,1.0,0.5846683099914891,0.0,0.5846683099914891,raw
fGn_0.85_n512_r60,fGn_0.85_n512,,Higuchi,1.0,0.7662334298951303,0.19318323909922364,0.959416668994354,raw
fGn_0.85_n512_r60,fGn_0.85_n512,,GHE,1.0,0.7701832124431516,0.17906736771603748,0.9492505801591891,raw
fGn_0.85_n512_r60,fGn_0.85_n512,,GPH,1.0,0.5846683099914891,0.0,0.5846683099914891,centered
fGn_0.85_n512_r60,fGn_0.85_n512,,Higuchi,1.0,0.6648737559245494,0.0,0.6648737559245494,centered
fGn_0.85_n512_r60,fGn_0.85_n512,,GHE,1.0,0.6806890560576205,0.0,0.6806890560576205,centered
fGn_0.85_n512_r61,fGn_0.85_n512,,GPH,1.0,0.9783355570411256,0.0,0.9783355570411256,raw
fGn_0.85_n512_r61,fGn_0.85_n512,,Higuchi,1.0,0.8398473231716534,0.15430180851924558,0.994149131690899,raw
fGn_0.85_n512_r61,fGn_0.85_n512,,GHE,1.0,0.8403418837921939,0.14979480213158125,0.9901366859237751,raw
fGn_0.85_n512_r61,fGn_0.85_n512,,GPH,1.0,0.9783355570411256,0.0,0.9783355570411256,centered
fGn_0.85_n512_r61,fGn_0.85_n512,,Higuchi,1.0,0.8172113595934891,0.0,0.8172113595934891,centered
fGn_0.85_n512_r61,fGn_0.85_n512,,GHE,1.0,0.8188631214769665,0.0,0.8188631214769665,centered
fGn_0.85_n512_r62,fGn_0.85_n512,,GPH,1.0,0.8145389865664587,0.0,0.8145389865664587,raw
fGn_0.85_n512_r62,fGn_0.85_n512,,Higuchi,1.0,0.8971697252550519,0.10230411997818623,0.9994738452332381,raw
fGn_0.85_n512_r62,fGn_0.85_n512,,GHE,1.0,0.8902021962998335,0.10616403421936293,0.9963662305191965,raw
fGn_0.85_n512_r62,fGn_0.85_n512,,GPH,1.0,0.8145389865664587,0.0,0.8145389865664587,centered
fGn_0.85_n512_r62,fGn_0.85_n512,,Higuchi,1.0,0.7523060930746581,0.0,0.7523060930746581,centered
fGn_0.85_n512_r62,fGn_0.85_n512,,GHE,1.0,0.7618872954759078,0.0,0.7618872954759078,centered
fGn_0.85_n512_r63,fGn_0.85_n512,,GPH,1.0,0.8135788705059122,0.0,0.8135788705059122,raw
fGn_0.85_n512_r63,fGn_0.85_n512,,Higuchi,1.0,0.7870565339701732,0.15518011413490496,0.9422366481050781,raw
fGn_0.85_n512_r63,fGn_0.85_n512,,GHE,1.0,0.7932897858855473,0.14772796375168717,0.9410177496372345,raw
fGn_0.85_n512_r63,fGn_0.85_n512,,GPH,1.0,0.8135788705059122,0.0,0.8135788705059122,centered
fGn_0.85_n512_r63,fGn_0.85_n512,,Higuchi,1.0,0.7628353143115751,0.0,0.7628353143115751,centered
fGn_0.85_n512_r63,fGn_0.85_n512,,GHE,1.0,0.7745857117125858,0.0,0.7745857117125858,centered
fGn_0.85_n512_r7,fGn_0.85_n512,,GPH,1.0,0.7448875914395792,0.0,0.7448875914395792,raw
fGn_0.85_n512_r7,fGn_0.85_n512,,Higuchi,1.0,0.8119195357386884,0.1384227820248216,0.95034231776351,raw
fGn_0.85_n512_r7,fGn_0.85_n512,,GHE,1.0,0.809816116358179,0.13603062337175853,0.9458467397299375,raw
fGn_0.85_n512_r7,fGn_0.85_n512,,GPH,1.0,0.7448875914395792,0.0,0.7448875914395792,centered
fGn_0.85_n512_r7,fGn_0.85_n512,,Higuchi,1.0,0.7697138197609246,4.440892098500626e-16,0.769713819760925,centered
fGn_0.85_n512_r7,fGn_0.85_n512,,GHE,1.0,0.7659553967016874,-1.1102230246251565e-16,0.7659553967016873,centered
fGn_0.85_n512_r8,fGn_0.85_n512,,GPH,1.0,0.9925412031863274,2.220446049250313e-16,0.9925412031863277,raw
fGn_0.85_n512_r8,fGn_0.85_n512,,Higuchi,1.0,0.907953297072414,-0.0065343603177334675,0.9014189367546805,raw
fGn_0.85_n512_r8,fGn_0.85_n512,,GHE,1.0,0.9033131595944156,-0.011091312452965019,0.8922218471414506,raw
fGn_0.85_n512_r8,fGn_0.85_n512,,GPH,1.0,0.9925412031863277,0.0,0.9925412031863277,centered
fGn_0.85_n512_r8,fGn_0.85_n512,,Higuchi,1.0,0.8217265043357405,-2.220446049250313e-16,0.8217265043357402,centered
fGn_0.85_n512_r8,fGn_0.85_n512,,GHE,1.0,0.8148744658135358,-1.1102230246251565e-16,0.8148744658135357,centered
fGn_0.85_n512_r9,fGn_0.85_n512,,GPH,1.0,0.5771879927780194,1.1102230246251565e-16,0.5771879927780195,raw
fGn_0.85_n512_r9,fGn_0.85_n512,,Higuchi,1.0,0.7413308682943351,0.23745735386918465,0.9787882221635198,raw
fGn_0.85_n512_r9,fGn_0.85_n512,,GHE,1.0,0.7551709314603713,0.21899978352408556,0.9741707149844568,raw
fGn_0.85_n512_r9,fGn_0.85_n512,,GPH,1.0,0.5771879927780195,0.0,0.5771879927780195,centered
fGn_0.85_n512_r9,fGn_0.85_n512,,Higuchi,1.0,0.7370437677285293,2.220446049250313e-16,0.7370437677285295,centered
fGn_0.85_n512_r9,fGn_0.85_n512,,GHE,1.0,0.7509570706830712,0.0,0.7509570706830712,centered
