record_id,payload_sha256
AR1_0.8_n1024_r0,57a18a923d92ed809ba7df5fddbada9bd7b6885aada1a47f2618f54cc8aecd66
AR1_0.8_n1024_r1,99df0485746607410e1c533a9400e34765604d6902797f25b127260124fb49b9
AR1_0.8_n1024_r10,311b66da158aeaeb03b2b1a10ee6a720575eee17577b06200c7ebe413ef546e6
AR1_0.8_n1024_r11,868dfa9e303dcda97f4d0c407c4c0d1aacb3b4a76447495abf98d286db5e6da8
AR1_0.8_n1024_r12,8c03a7e75361a562a63e6adacb014bd3269e331b12dc6430769f1e15a92912b6
AR1_0.8_n1024_r13,f7fe2dfbdcb216f76d42e699a03e69463557f1e01253371487c1db53b1ea8cc9
AR1_0.8_n1024_r14,9a125987afa1e1d0a6a0737c4bfe6959e6bcef1cb8984dd7f8fd9cd1317239e8
AR1_0.8_n1024_r15,268e9a29e583baff41a6549239b6050643861e25300141719b84e973cd6e7b0b
AR1_0.8_n1024_r16,f6fad546ab3fce8751c746a77ad026d9ef6e1faf74c041872bc415ed848e7f4f
AR1_0.8_n1024_r17,764a781789fedf8118f8bea8aacb81447cbb7405f794421f593579fae50b77fb
AR1_0.8_n1024_r18,5564a6e1f0a73fb4629bdc63bb93526285fd780060d92033b5d6258100082abd
AR1_0.8_n1024_r19,7f6e854936f1584c7818a114bd50e2b680d1b1e2c81abf6ee4cad1d291fdcf04
AR1_0.8_n1024_r2,c6bc3404c5e4e0af7e010ce587402d4d7afd28d634de8b16361c97ff28a65bea
AR1_0.8_n1024_r20,a3dcca80c1678dce24549f8afe669d627daa08cfac9ffcdd7280a5a5705fe923
AR1_0.8_n1024_r21,48ac1a0c0ac7dace4b9cc9987d6f215768a28f876836eb9e9d6362d9bf460ef8
AR1_0.8_n1024_r22,e87daed88cd1dfd2b97b7c50f1a9be4039a83b495f8e3bdb98c53677c17fd1a6
AR1_0.8_n1024_r23,d75a48c3b3597fdceb36f85d3966eb36d6ccc272df450b5e7f94818fdc1bc174
AR1_0.8_n1024_r24,5e90f7e62debde262006a09790b484ff82d19c3b04b5df9b1977daa7c3c29064
AR1_0.8_n1024_r25,1edb810cb3e43ff433078757da6c2315e46fe006063018d5ad52f0331747148a
AR1_0.8_n1024_r26,3db19646e1783bc752a05e2f89043240fa241eb1ad86694f78a6fa9bcfc71f41
AR1_0.8_n1024_r27,15203d220152891691a42e6cfe5e058a28cf79ddd4b6ce0ca63fa299d7366ab3
AR1_0.8_n1024_r28,02d5ed6cbf2dffabfc2c07136f76d9cdd4d02ad026f4f51e8e9f8f9ce48fd152
AR1_0.8_n1024_r29,7a51adccbba2912a62c5a9fca99f5a8265a251a64af3e79ef4097edeb9b5fb9f
AR1_0.8_n1024_r3,48867033a154617659eb00c9cbc57a8234e08bfddd13c3ae632c31631ae5337c
AR1_0.8_n1024_r30,9abb742ad398dc35dedc2279c43d5478fc45fd43440e52c4e41b1528814c3898
AR1_0.8_n1024_r31,d1f038f1290d0b824b3270cfcd34877712541a241aed8d918b0b8878ff3f8a51
AR1_0.8_n1024_r32,d78aba8956674c4d7ab804f0f32d08b25067831defd6b177e6737fed1d4c4aaa
AR1_0.8_n1024_r33,235ea74225938223a552a7930d90b8957af1bd158caef839b8a13a00df80c597
AR1_0.8_n1024_r34,bc6d17435a9fc588a9f59b923ef627472a0e3e2531d04118528c4a73f1884fc4
AR1_0.8_n1024_r35,4cb11c23b55aa6e6baaba3ddc02dbfb3d29a624754b1b445df32fd14e326fe68
AR1_0.8_n1024_r36,d2aff73121f7feb4be2522eb9f2028648948b3ca0b4e8dfc25c25d07f6fa7153
AR1_0.8_n1024_r37,49f6ca60d72fd85507f1401dfed5c261170ff6c47233807d920f7e69b5772794
AR1_0.8_n1024_r38,7a123eb85965a76e6749a5941bafefc5d7c943ab993ff40e6802541e5942a3c2
AR1_0.8_n1024_r39,6ae3e7ac0e9a05c62e48a9e4c996723d7094b3f6348e15a6f76bd0c43b305b86
AR1_0.8_n1024_r4,ed6bcf9ddd9cfc11b1e25bda0261f579e9eac400818c98739c5e6e58e4cd555c
AR1_0.8_n1024_r40,15bca04cb013bb2a0d4587f5dfceec73cc013050a34e4b20ac73c663f837c06c
AR1_0.8_n1024_r41,3cd8aa974553fa81ae8899918fe096602634849f9144e40351079ef3b42af445
AR1_0.8_n1024_r42,3b91ecb5efdf6fde71cccc287fd7ee7d12f1a662ff4664083bea9068fc778ae9
AR1_0.8_n1024_r43,066a978599b3ff8d83e885af727ddcb8203bbfad1ef0349db1a2dba284cdf57c
AR1_0.8_n1024_r44,9af79e7f7f8752dd7db2096695a87ea56dacd7d2b6b7741f8b521834873cedca
AR1_0.8_n1024_r45,520528b66d51fdab58b46d3b6e42533a3c01ca06a84701776b8bd39bcd7706c1
AR1_0.8_n1024_r46,ae942c9dbf0c3188b2f0bd20aa46e0cb2633924224a597a5351fe184adc7bdfe
AR1_0.8_n1024_r47,854ec475685f7e6ff4fe9e396a68457ce7da0343ad51c1f55cfbcfb329547741
AR1_0.8_n1024_r48,42d62d93c5b04c6e555138cbb541b67c4cb882f8da2812f80990e9b4b7cf8df9
AR1_0.8_n1024_r49,78cadd0ac9328b80429ab64147c112154fcaa6becdacb79c418bad84df0698d5
AR1_0.8_n1024_r5,ca1cc65ccd0ca0a3dd45502011e9bfcda0f3c0bf7d44ebf73be4e377c7c64a15
AR1_0.8_n1024_r50,d42ada70dd3e10236b4bdbe063a8b11c0fdbb2dae1c4ec58f36a93bd56e3ba3e
AR1_0.8_n1024_r51,1f199347ec3379a92835651e0a91c25235b4eca10687e7b5ef634a8548153c75
AR1_0.8_n1024_r52,62239838fbd9ad5ba2b17ce917a3dc7b4eea4b97900ae54c1548fbc07f5a8528
AR1_0.8_n1024_r53,f53163e8eef086267297733fb42a8bda9877cc7f69304bb93624995799239bb1
AR1_0.8_n1024_r54,075f2aadc6e79551c06b674706ca35b03c7b893208b0cac0adfb0f8ad83cc606
AR1_0.8_n1024_r55,569ff168ea6372584345d6e4315f9d6325aaebd413db16899ab0a7d3aca1b904
AR1_0.8_n1024_r56,03c88019ed166fcfc3168f62867d8df93a8f8ca88a17c6c89e23f6a6097201df
AR1_0.8_n1024_r57,9a78b81ebe8b489daaa4a7ddcbf35d86fa81d66bdc18450b90ac154aae101f15
AR1_0.8_n1024_r58,b6dd7a5923817188269f126199a524f918ac4f475ec3eda80f0fab3a69ee0cc9
AR1_0.8_n1024_r59,ba722cf3765fc922082b8765e18172604db058a2fba30daed5a6f8ff15f3f726
AR1_0.8_n1024_r6,8a02629c82bd5c68227d4b329528ef5793d732a89618d2767589d16f99d03736
AR1_0.8_n1024_r60,c655e9d21c4ba91e520cac136c26fcd1e5fa0a52bc41cd23167065cab92f4492
AR1_0.8_n1024_r61,94eb47948fb45b873d89d8c1f01a012424eb57ecd9e4cb20ee4102473c8fe7d7
AR1_0.8_n1024_r62,53b877c8f6710af1b22a90e55ac1af166038754ae402b88d61f7ae8303d95292
AR1_0.8_n1024_r63,448c27aabc23d79061c00ac0ce47a16ed7d22048128c6b597bea48d47e21f5ef
AR1_0.8_n1024_r7,b601fe5db4c872fec2f0267286da1b3c92944e072441cc5b9ce319c557a9e81d
AR1_0.8_n1024_r8,e1f4ffd5141e6af11f4ac55fd938be6aa7a201aac41bc431c9d0f2ab847d5017
AR1_0.8_n1024_r9,d847ab67307329a1b59474f152f45be4fbb8658fe48dde0869267e7630df9db2
AR1_0.8_n256_r0,e2fba64c8d747bf2463b2d54cb17e4d8acb95aa2525efb369db87f57fdb38c33
AR1_0.8_n256_r1,793d8f94207249808230f5076b9939b9597021fcf0df3550c77e113ceeef0277
AR1_0.8_n256_r10,492307dc72b3964df1dc1ce17e331870cd7e293614831eb6ac303caa35a9dec0
AR1_0.8_n256_r11,212c73b6451dffe02a34894ad0aae9c0a691d9ee71d8c944a64eaa7ac92c0c60
AR1_0.8_n256_r12,d89c1b9a6f75d68c606974cc1377028a4eb2ccea178c64f2a9fb5274ad02546e
AR1_0.8_n256_r13,b894a4adaee974bf288721e94c46c239fba24ed3d3e8386b7d2712b1ed8fa137
AR1_0.8_n256_r14,f63a1f8818689134391b14a29f49ed6526c04a963d1126f29a87367cdc40ebe0
AR1_0.8_n256_r15,3d481ffcf05a3fbb6c340caf07d68326c34ea6e5b97adace9f439ab5550ab666
AR1_0.8_n256_r16,45e8977e6f6ba8ce18ea89786fc1559836fc89aa12a9bcee7b1748ac091b5999
AR1_0.8_n256_r17,d40ac318c965a3037cf2ad0f481bcf40d37f09e97667bcb90a642e9bcd13c325
AR1_0.8_n256_r18,4485b3ec7a8fc9c397e1a54b6198443108cbcece139b19d56dee67c57fff33c2
AR1_0.8_n256_r19,0ad2bc27f53f4cd96fa19238867d2c8d721e116a3b957001436ad0b4e543b459
AR1_0.8_n256_r2,7a07e8d23625275c33145d5b8622fe2b812801d8bb356b67f053b3a130a22614
AR1_0.8_n256_r20,ad0e7ff2d624732939f7b1e5f16e10443ecb86678a72640fdd90397a53c7607a
AR1_0.8_n256_r21,587acbcc74d864207e4158858b7077dcf9a6c7df04d1df38c30670926c3ef090
AR1_0.8_n256_r22,f50102982cd69ded3a44fda17996e19d593436ac53b815c55a6c367b0fe41bfe
AR1_0.8_n256_r23,d5fad568c300a217cfd8cdf6f656c131d9b02c8c163a33aec3fca5d7b15948c2
AR1_0.8_n256_r24,c9a73fde267a985b66c9cec2b518a0c3ffb82e9661db690b83241b4af5750310
AR1_0.8_n256_r25,d8c23ddd50f74960a56d0e5d2f339dd7c695bef73a1a139f186ddbc2d3b19a8b
AR1_0.8_n256_r26,b69d6b4a27c16ecd5ec5661b40d25fdb6f6616ed3e75cff04b5ac7825ac5d2de
AR1_0.8_n256_r27,4077e8e2215eba9aa6c7275f77abd0152d7a5d728164f048b9c227cd812da7e9
AR1_0.8_n256_r28,94b805e66177abe2076da777c047c7e5463d41a70abe6ed6fc1b7287ebae44af
AR1_0.8_n256_r29,4c90458df0bb468e8d3d0bb3e622f2d934a7c87184c2215240616cb1c1aec51d
AR1_0.8_n256_r3,733423812bc7e6b7c6ee71afe7441fddd389fdcd31b36d743843cbb5b268cc68
AR1_0.8_n256_r30,4a4bbd61c582c83a3b4c9545d78fd60e6ab2345080be6c89ee8bb32df29bde92
AR1_0.8_n256_r31,28738a7e73dbdcaa0669efc929d8fbeedbb43057e5aba40737cce209d76a2449
AR1_0.8_n256_r32,62bd15e8e6d0e150796e68b9db12b38191099b205b088eb3897c50e81b20ef88
AR1_0.8_n256_r33,2b10e123b228381b76307972daca47f98e198c774aaae7aa04f6c4af424f4299
AR1_0.8_n256_r34,3be2ab09bfef479e46e2829158a75e37417389e302e160aaf4b8303b63847c1f
AR1_0.8_n256_r35,dd6d47cfa2c4b6e78479ba1ba95eb0b2a1451021ec5c1eb178f6dbda4be63611
AR1_0.8_n256_r36,341ffc4247f6d1d81712da34f491de2acab5869db4c2361218269a8ad3e26d5e
AR1_0.8_n256_r37,f8eae7abb4dace1a03c281101e437f556ee972aa840b8804d74912055ed2d531
AR1_0.8_n256_r38,fc155580abf5daee7036f4dfef11ae98f3ea785c33d4d45861d705f24896c294
AR1_0.8_n256_r39,7c27848b56d4f09b87df9bfe37d86b61674c1754078272b7bc85141903cbf25a
AR1_0.8_n256_r4,c3de381346ed473f1e094fe3a3576887efe9e9c49f8e9f628e4fe61fe87c696a
AR1_0.8_n256_r40,f3d6ef5a85fcf4dcdbd29601b9dfaad6e2d9ad6e8ea0e666ff440a11107e3b89
AR1_0.8_n256_r41,5d3d11075302bc8c4e68dd5b1ae406a5cc22da61ac5ad2421d8147baaae43ae8
AR1_0.8_n256_r42,114456a50c480e02e3be4d37bd269c292a3d87d37098ecfc1ec8bba78fc1693f
AR1_0.8_n256_r43,7fe510960523256d020ddbf106bcd8928167fea561e20a0415acb86dc8860442
AR1_0.8_n256_r44,60238ec1c37bb5bd12b7131401104d297f2fe8d7e5ae51018fcff26145163e76
AR1_0.8_n256_r45,243f67c768bff3cc0f90cf18eb3ba4752e07ff22f3efb3b7d58c6172a1c04a20
AR1_0.8_n256_r46,fd9e504447b1fc630a9e172ac6a1fe63e8692d9d7b90f9435dc1f400dbd7fb3e
AR1_0.8_n256_r47,2fa7a0d7ae650f4b709a70d0cfb3be985070a8d11ea0da49c004a2d6fffbb3f3
AR1_0.8_n256_r48,45f493c98f27131da72f37aa9be34fea6422d4f227bc71958d8dc2d53167f96c
AR1_0.8_n256_r49,f9c87de61002e1535a4d84d5ff2d74d5eb49f3fa7441715230d191f48e482312
AR1_0.8_n256_r5,dea66abb6480c3d9f43555cb82438725865d7842074b403f12e4f4efc561c2e9
AR1_0.8_n256_r50,c6079977f31b7f2fbba1c5e70f6cced19c587e4ec6dddeec267a8185dc8b61ad
AR1_0.8_n256_r51,077576a3111645869dab3ea1a429da37bccdfd5ed88b987b28e7e55395636aa6
AR1_0.8_n256_r52,d5ed32661f1b2bee685556cf5e6c66dfbb3cfa3b9c679652961d58bb3959e036
AR1_0.8_n256_r53,16340cd33081525301bc8ed149f1577bd9f4391f919d6bf44223eeee0b29e245
AR1_0.8_n256_r54,5b12bda6e8d0f35a7af62ec325e6c13b2d062b3240c8fa01652407875a919000
AR1_0.8_n256_r55,d7413cb062a16f61d25f5281dfe5d23d95bf92656ff35d05bbc03d18e2687d39
AR1_0.8_n256_r56,4315f250a988c55c39b0748c775ce8bb765767f708270b83e1dda3be31677c7b
AR1_0.8_n256_r57,2ad25e91a7c5169cd2c4a49b2d329bd029b65e69da80ce8bbbe306e6d17a2d74
AR1_0.8_n256_r58,67898f102cec00a2bebdf468413e27ea9defccb7288cfabf774a0106abe8129a
AR1_0.8_n256_r59,035f4b7b187843314a6e268edf1f0d7ddc2c3956ff0b2d48a8d0da58a05ad4e3
AR1_0.8_n256_r6,87112a7038c98e6c8fc34e5202382c03db8ee889e09cadfae21d71a4167d6a1c
AR1_0.8_n256_r60,4fec151bfde0d93766b1684ed625e0a737be57a689e4adf81c6cd9f6e724ca69
AR1_0.8_n256_r61,ebcea20e7ef83322935714dfa566ab1243fdfc097419300eeb525e1f914398e2
AR1_0.8_n256_r62,3e32a9809b5ce441d6696dcf96bbfd597e4cfdee8650d8dd77cdca3b73b80200
AR1_0.8_n256_r63,2a03fbbf7fbbffcd4fa1f60b54704d57aa02e20dd6993f2c763427d6d71691ac
AR1_0.8_n256_r7,804ae48e1b95612ff648be9248846d33da34713875d74926e98cb4c81cdf82d6
AR1_0.8_n256_r8,2a185b9f761c8313a600e9e58c386af96e431a52c0f438f2d50f1e771308cd34
AR1_0.8_n256_r9,9aad34a16b8976cd01e5a81920b3059e2e06b42d3abf0060235d4a257bbde3ae
AR1_0.8_n512_r0,1536e3e85640438eeb00862be90031eed8df71aa332061b4f0bb01360a39fdb7
AR1_0.8_n512_r1,ffbbbb4b528380538509494d147c8bf3bac3af530722d28c80b4a6f5eb9344cd
AR1_0.8_n512_r10,a326acc86a15ea7178cccdd69ccd0377cb52fa4c1a8947dca62202e30f0588ee
AR1_0.8_n512_r11,f73a950f49dd672ce45ccf89406f55d4286368be064f748e813b0d079e112430
AR1_0.8_n512_r12,7e868f1eb006ffbe87859683132c10816e9c05b9d472bc8f861202d854b61136
AR1_0.8_n512_r13,48300315fe8c9b2b91fa13fcd6348356a9a63fedce4346feac3b6d00430114ee
AR1_0.8_n512_r14,0b5364fff5f77872c6d078d9496432c460f4e473835d87a197ca8927adeaeb32
AR1_0.8_n512_r15,d4f37ca1c9334cbf5892ead30354ba83e9ce455e68172a406e62cd6748a60e3a
AR1_0.8_n512_r16,afddfe859ba9b26419e5422372d8708e1f719cbf7ae96c451dec72ae2d31e657
AR1_0.8_n512_r17,00e6b33fc95f011b738558a3a35ff3f8d703a446865a82017eedf29842bd1288
AR1_0.8_n512_r18,4befbdc8a035823541dcf7a1e819b0f3fc1c28af86991adac2eb47a5c12d5ac0
AR1_0.8_n512_r19,40d6d9eb63b5fb2811dfddf3119c5941d4dff32a5a21370e307bebca6138a2ce
AR1_0.8_n512_r2,7336b8a71e207ed94a33854a1897dda03815328b7252279affb3edb9ff75c26d
AR1_0.8_n512_r20,51837bd5b260dd6a8cd865cdc7364c22762e937a72a7b6ee281289dfcf7a7690
AR1_0.8_n512_r21,bd367794814a3e803a50250e4f86cdfd59e5f750d2f5273c44b891f7dd29b90d
AR1_0.8_n512_r22,365e4ee94029d469b19fa268774bb9cf53ff0c04e435ff29e1772466fcfd186a
AR1_0.8_n512_r23,f3cc235aa02c7b50ca453f29f91ad397dda2bf28930e6880b455f34f0f5b2e1c
AR1_0.8_n512_r24,88abdb943abd6388018717f1ebb26f1b727ea7224c3b838be62e52014188bb8c
AR1_0.8_n512_r25,b7096c6ebdfb891633efc9d80bc127cfb40baa6637b3d65dbe21e86da3a65e55
AR1_0.8_n512_r26,a8fe66405db2f90ba4c2edad111d84eca3d20ca14760402cc3026a97c58abd47
AR1_0.8_n512_r27,25971cb1977826a34a56edf7e071a8afdfc5d03b8204989215d80a0f7afbc99a
AR1_0.8_n512_r28,5ca38dc5bcc65df4da97923254b0a0bf4ff37a32b3225eb20a4c674095226fde
AR1_0.8_n512_r29,b32f8044de1de35cf3be2c8f4205cd633d681927fefe0b4deb51a468c3477dd8
AR1_0.8_n512_r3,d76cab9a6f42e2b268f95343b96f454da3db499f72241591839a9480d37a21fd
AR1_0.8_n512_r30,35235ae903d069794fe18f54edcb26db44105855ffcf26f25fef4259dce172ee
AR1_0.8_n512_r31,b54fb05f3296337dafd6a5df45b9eeeac834efc8299f62a22b2758eea6fb0bc1
AR1_0.8_n512_r32,7973e88f9f69afe961a4bb0ab5ced1bc74b5782c7e72444ad4df822851b1c10f
AR1_0.8_n512_r33,d33de1842da0519f9da288c3e29cd6c31041088025e96e9a7699e28482b5a4ca
AR1_0.8_n512_r34,fb70f43e45038bdea90b75538170fb9f3e9ed3d5e04d55e6dac4dfeccc33c089
AR1_0.8_n512_r35,2a6731f802864d4df2e0d58a398d5c4c3efe14117330ba674b45a0441f8a8f96
AR1_0.8_n512_r36,e0c452f77651846a108f59b3b0118a65035ab3e89a17c063d6f3be2defd9da64
AR1_0.8_n512_r37,5df7c9fe66146fb89a94833c0729572a9c5ebb2541cf793313d0510ac57c5b7d
AR1_0.8_n512_r38,79f985adb41d9067983cd7a02e2cde93edb7fa438099eee70bb77cee8cd2a4df
AR1_0.8_n512_r39,0e4382ee043322aa1169d5ab89259e76e74292149e6a2c86d20baf89512fb8d7
AR1_0.8_n512_r4,2b343b2df0e7795cad20ba9acc455314aa768ec46fa280ccb7affb980c22fc1e
AR1_0.8_n512_r40,d1247fd789a36aa218f00c160cce5e7b874750e445b3647fdb5bdc99a7eadd8c
AR1_0.8_n512_r41,6519fff2838a01f3af1636a064badc1b78f45f63907deb71974e0339d6008997
AR1_0.8_n512_r42,9120ba92c1bce6208a23ad52f96b15bb6d3dae4e8c153fd7c6dcb357adb84bfc
AR1_0.8_n512_r43,5e48477973246b74f3f7b3359259e24bc5aea0bcba3b36d9b3856969a7c108d0
AR1_0.8_n512_r44,941c2a2e5131f31316b699ac55e16807b0b9652813fd1f420f8937cdc5ab52de
AR1_0.8_n512_r45,399b2bc49f9f8e3d874d3ed3f668f82755ae76d5c3d140a8e905b0df1700c021
AR1_0.8_n512_r46,d3c6dad603865fe17211eba02497ff7a29c5efa081cdf2b6df5f59b702cc1ff7
AR1_0.8_n512_r47,9822ed23c5cd20260c4b26739a5c1ff09050432e0b04fd600eb1708a01fe00a1
AR1_0.8_n512_r48,de0f23f536829713efbd41abb393408f9413e5455396bc03102e57a21b55fb90
AR1_0.8_n512_r49,3adfbc80b9cf81faee8924040c222c0585767af5644d6efa07f47b1f6a05ba70
AR1_0.8_n512_r5,b881580bb385fd8290aca34fd4454e4deb64a30b83c358ea54ce5b341e45c03b
AR1_0.8_n512_r50,6944738165f5eb56b8192cae0969839fc47340fdfbe5cedac88dca373bd4d5b1
AR1_0.8_n512_r51,acdbb97610e2e6c7b99297332131885dba8424f06f36bc557cae426d087fabca
AR1_0.8_n512_r52,77a600a4229cd32e3c3726ba74b2f3d639ea2ec6dc9f05615c4cc2691552478f
AR1_0.8_n512_r53,8664535a6b8f748bd8f4ac8406e2466f34ce26853c4096489242dc3b98300b71
AR1_0.8_n512_r54,5b871a44a0b7490ff67450473dc15883bda63df1da5942b9ca8f0d9087f74b52
AR1_0.8_n512_r55,0b9ef1bb3a249ffecbe844d06a6fbc2a12a82d0d25a2508d5978a5f0d7ca5a9a
AR1_0.8_n512_r56,d4d236f32a3695659cc55c59ed8501a2766f2dbc1bf75a02c5e5955d08df9add
AR1_0.8_n512_r57,b15d62eee6619e3e30fd5e0f52180e2f862589e433c4b2626e05f94df8e54713
AR1_0.8_n512_r58,5c54f773d4c098cf5ce9a8341c6f5883f55859c3479df49662fefbf71876f3b4
AR1_0.8_n512_r59,102ea470398236f8458e73a7d263272f405751e1c91c3de9dec8ea71aa4379e0
AR1_0.8_n512_r6,f1d4c4c56e3a4008457d3da9dee4869fba819592833659b45911fb8254be99d3
AR1_0.8_n512_r60,0ee0c8d5ad66b36e067a5760ceb8dc1300ba35e50456de773acc85e4945cbcc4
AR1_0.8_n512_r61,fb32d081f49e800e7ac641054217b3c9b621494778b178dfd4ae36f24ce46699
AR1_0.8_n512_r62,47ac2efed48509ffa7f1fafb97e39600ff68b644da62e9047e03a8bde20bc067
AR1_0.8_n512_r63,50a41b09a4ea0cc84f1da4a59eb91e2c7af8a46ae89d81f0ad0508aafc80d733
AR1_0.8_n512_r7,76aba62b97029c918aea1b29e809c822ae74061ad1f6f78459c10a6874eba9a8
AR1_0.8_n512_r8,8d6e575d77930a166d06caf5338f3f289fec82dd6820d67a2654489f78515b52
AR1_0.8_n512_r9,7ddea1513d42fb80eeb8c7d4e2f724d0f79f37e91b0f8ff0223b2b1de71cc57f
AR1_0.95_n1024_r0,7e2932f47e27fa8a59b4e04a97cb7498c0089807b4e198c46aa140712ae387be
AR1_0.95_n1024_r1,234822c23f4930831792a45da1d47db0adcdd2c3a9e1c28a89b250a4b6c95c13
AR1_0.95_n1024_r10,d9ff091bf1a5c6e99a4a51ad74441817ee91340f6b00c39fc4fa7bf7b4b62603
AR1_0.95_n1024_r11,32b8e26fa2b23fffa1e9f2a15577e177699cf6fe2df1dca5cf0ffa603dc82920
AR1_0.95_n1024_r12,a332944fcccd98a68a22b2c498c85411d9a7328d82a861443f8ef8cffef9b140
AR1_0.95_n1024_r13,ff0d66ff161cda77cca1d6da843db6ed2c6425e02eada252eb69fd350e970b96
AR1_0.95_n1024_r14,3d31fa346d276396fac6400685cdfe746c970f445a7380d66d7e59551661f430
AR1_0.95_n1024_r15,6bf32407db79d18a9e41b2dbd192d18d1e19535a4f46ecc62cbf3cd1ca1a9a8d
AR1_0.95_n1024_r16,ff871baa96088a4690ce7c69381fb0c8199d52bdffc56d8f00af564cb5a24cf5
AR1_0.95_n1024_r17,23169b5edd2b983234d78fbecb4b0ee4be26d1e33d8c8e81bc8ce61f43dc61c7
AR1_0.95_n1024_r18,eb7b11d0742a17dcb5b3045f15db34f6817fa91e0af29be53afba4d9e866d92a
AR1_0.95_n1024_r19,0921fcbe00ed2a9992b834dd6cb9e0cc0608927200e8ab9ad76b48744061bfe6
AR1_0.95_n1024_r2,8fb945c0057eaacf39ea5af6eb98ab92e0a30def574a4559ad79f4ec7fc48e0f
AR1_0.95_n1024_r20,cc8710c4b264cb7d95384f12c8143bf87a557a720bcda90acb8b2b291963a7d8
AR1_0.95_n1024_r21,883530665e5b0ba3a8ac1e783802a6fb6d418d7bfa4be3b31dfbf469666e5aa9
AR1_0.95_n1024_r22,5f2bedd0267ba3233d97da5fe91cd9ed6abc9bd7c831e557a30263d4fd124600
AR1_0.95_n1024_r23,31fa0a7ec2638ad08db8b2d4ac8f4123f7b5d414c064cd5938f39e547c7f371a
AR1_0.95_n1024_r24,0c7d9054fc238f62551d3acc24406b15e69e7a9f487bfe2ee9a22e00c7bb20c7
AR1_0.95_n1024_r25,e512f682d4d8b3815a45fed6c715c629397c1653bcc87873f13fb31251becc2f
AR1_0.95_n1024_r26,160fdc9c26c2fbf3ffaab1b023eda6baefcdf0ecf9943380b7f8c361f34e797b
AR1_0.95_n1024_r27,dd69ce44a48aed33ad217a8592b05d573c42aa738d5a0b04fea7fb51d687c82f
AR1_0.95_n1024_r28,eb2a0b1b6bf25004d8f3c289c09769cc6e1908ec62413971353039ce26681b3b
AR1_0.95_n1024_r29,668da81f6c81aa56dea4318df82ed9f6db3f3fc0a5550499ca915274e0d81d39
AR1_0.95_n1024_r3,001c1db69209555bbf77133e741ef8fbbe7593c4cd085f0b0cd5c40af1d71bd4
AR1_0.95_n1024_r30,1fecf318bd553c162c0c475ec7d8a4dface1065cba474b46b745080a0b5744ef
AR1_0.95_n1024_r31,a3de55717887b60842e073037d46233d831539beac8b3139d505b2893936e1d1
AR1_0.95_n1024_r32,a73f15750eb8b7c679c22e9ad702560ce375ba103064681575a09d798f1d239b
AR1_0.95_n1024_r33,49d344615cdd4c8268d12bc9b1c5a7634b065235f64b84a985b18e8bd3dc67ee
AR1_0.95_n1024_r34,6803622776422e101dd33cf4cf4456fff78e0741a0da27f8ec9f771c1c04fd07
AR1_0.95_n1024_r35,14878194a16083e964cf778ed6b44e6b068bf654d81772462e67b080d8268d34
AR1_0.95_n1024_r36,bc2791d70a80a8807dbb87b0f894484f348fca1a2687b05740398d1b9f6d47a1
AR1_0.95_n1024_r37,cf751bd88ecf8a43ad7e14cf961119e1e2498186a1a20158cec83ddf09a94f59
AR1_0.95_n1024_r38,c5812f9012213cfe6eb1dce58cc6d1603712efe9a5f1374a6db19d36e4d8b349
AR1_0.95_n1024_r39,16536a1ebbe82afa9b0ee5428bd4dcf27cc16524f8a20b124423a00679dfe150
AR1_0.95_n1024_r4,44eabed62309ff25f01cde71609fba36fa7669d66e9653d5ac18ccda2216ef1a
AR1_0.95_n1024_r40,97d9e6ee88abe55b36ef8639c27b45086bb50fe6c4f009d2e3d4d01de142522f
AR1_0.95_n1024_r41,2f96a7bec78951e04024cfd314837c339188e29de87b9756db05d71d858a995e
AR1_0.95_n1024_r42,3c82d48f9cb383fd2fab46d9e18faac440ad6b5dc189095bdc7c0af0482752c8
AR1_0.95_n1024_r43,9fa085e1d1632b8f228f4a336df47f95e5c141428c73461a8d3233f124bc63ca
AR1_0.95_n1024_r44,96145b57af70359835849740cc90ee078c194570f98ea8a54068b0b6134bcc65
AR1_0.95_n1024_r45,a98faf96b92fbf199c6e6f197c85274eac092d24f28ff96db75fb225e8c236f3
AR1_0.95_n1024_r46,63ca533f6695bb4f240dae3f18426105e3eded694fe4bc33f6807e9b00546f52
AR1_0.95_n1024_r47,378811bc3941fa9acda5b9b3bad7d434970882d9b90004970b5f0cd189d89552
AR1_0.95_n1024_r48,fb61e32c150ec05ef699a7f68f70aba669da3f53e3535ac990918457952a6200
AR1_0.95_n1024_r49,b235f9df626f8139621f5b2a1a2e66025493e2a879db863189bf92b6eda22a63
AR1_0.95_n1024_r5,a88c0aef31e8a463a3642c7d83441088c99836c89e147aee9b6d4de6e0076643
AR1_0.95_n1024_r50,a307846ca3bfc722e65fb867ee46ffdb37bf6d1291d6b74f04a7934d8bc4d885
AR1_0.95_n1024_r51,a7536cd32a7ad469b50fad956b48dd4ef947fb43fa697099adbfef8c0ebfee67
AR1_0.95_n1024_r52,74108979f6c52733d0f59c74b47518b99b895ac6df41d87eb7ce2ac989450165
AR1_0.95_n1024_r53,4ca79a3af7c2a414036d7bbae069f5f420a86fa974d0233e254359dabf1457cd
AR1_0.95_n1024_r54,a2fa892a3515b2fc503e7fa2838f83223c254b0d471d114f5525325f6f84608a
AR1_0.95_n1024_r55,5f1378b612aa3fa938f7161c3d311a4973d9cfe0476fd589dbfec0bee622fecf
AR1_0.95_n1024_r56,9bc1678c651271b814f38544710bb9f821b070fc52f3dba91a50be2635ad8d7d
AR1_0.95_n1024_r57,b9700b1674967e116e8a94019fd1ef168cad05bfbffb4ea1938308caf1596ea6
AR1_0.95_n1024_r58,1e2bd3c5ff5645203f1ca9d3a91f22e46ce94eeda2ca7d5f1b205bab6b4bf241
AR1_0.95_n1024_r59,602f7d03013a78e1c917b61bb5020ef138ec21336459994d4b2d826acec2eea7
AR1_0.95_n1024_r6,766387bdb32e8958fa6c9a47be9f8682f89ecef05d4803c581e119822fb67a60
AR1_0.95_n1024_r60,c7e55aee77e7121389225a8d0aff3772a603305fbdbefadf30b178c49035c24a
AR1_0.95_n1024_r61,0fac2913d5867aa0cf8ffe1bb4ae2a6f0a4499f3d7bbbde336ed781f1aa9a1cc
AR1_0.95_n1024_r62,09ce10a6e541c86b794530a1b3311cb1c42efcd935b2a10fbc5c5caf0f951601
AR1_0.95_n1024_r63,6cb7debc7c53d860ffdf54723e8739d519473eb3d2a2eaedb6e21a14cef5e8cd
AR1_0.95_n1024_r7,3b03aa4b2f3763bd63c79e505b0d184737dd06eb87855a355026798d96b33d32
AR1_0.95_n1024_r8,45645a69ef2bcc6d81d02357b42cef7439c896bbe47268dc36a200dd7e3f23de
AR1_0.95_n1024_r9,e83a6ec76933f526900420bd908a9115e73d92ae711ec578d1594c7a1358dfec
AR1_0.95_n256_r0,b5d9642c0389a4ca00b836d43e97534cda7d43c3f84481f39b28bbb97cbdc98c
AR1_0.95_n256_r1,c91d2ad6e13bbfb407451bfc84fb8a7a4f63f48a64b1913b0f08f1aee044388e
AR1_0.95_n256_r10,2533c948bffcf5f1ca222043db92199b6ef59adbcf330269106de33ff1dda596
AR1_0.95_n256_r11,d6caa39dd5b7e9fce5dc6ac4fe58f2f28d048beee1a1bf7edd69ac9d3127a5a9
AR1_0.95_n256_r12,371e85fbc0ad9c8ce97908013fd173bf416680b4f8e8f83eb25caf1e04f84786
AR1_0.95_n256_r13,10e2e836439424b357c64d780dc512318bcd5668e97cd450529a01b6a3c7460c
AR1_0.95_n256_r14,6fa2823b0e28a896610cf0ca5563ee1175b8d51383303ee9c59875fdcd37a88c
AR1_0.95_n256_r15,afc0897700facdbdfa93c46def83bd28f74c456943a2584bec5fbf0c8d7fc571
AR1_0.95_n256_r16,17cb1d9c1fcfedab51931b3077dfe54f269ff0653ca11786f6060725099ad94d
AR1_0.95_n256_r17,0e90753e66c5a82cccd1339ec784284fd29be3a5275031e58137a2af7ae55c50
AR1_0.95_n256_r18,661164be27a6487fbd5c1a606ab9c201e0084646e38e5dc665c047f8d60a7be2
AR1_0.95_n256_r19,e9537f0127465855f00bac38aabbb8a13c9cf12617c8e5ad030ec98cc10f92de
AR1_0.95_n256_r2,4f782121b121ebf9ecc896413b735a1b83a26de564fd5c8a8a850eda4d8823d1
AR1_0.95_n256_r20,f09193f62f393fdd7b9423dcd645b1aeb98454338a54bf61874f10b9237a18ae
AR1_0.95_n256_r21,b0d913c988f09a7a41c7b59482846c199be7dfb3b465162dba99faa1c509b469
AR1_0.95_n256_r22,843cca927ca80a7c70a095ec20afc2cc99b93c64301dfc0275b021a6763bdd5f
AR1_0.95_n256_r23,1e6916c1a129517d8f246ad3c82b790d65aac0a4b7e23ce472f2ec5d8662875f
AR1_0.95_n256_r24,3e93ee97467301343834735d497312124d4a3c9f811123425af3078d366f267f
AR1_0.95_n256_r25,8440318d72c50a1f5af22c18999190fd14a20768b794ff70bd118865208af702
AR1_0.95_n256_r26,9d03ea51f6bdaf38f4ea0f504e9a4fd472f876c58220051c65fa093410de70ce
AR1_0.95_n256_r27,c04330ad17465c762d0929dd08b110c66737ece503202d076a69e38596c895d3
AR1_0.95_n256_r28,d415cf04046d0b9856df1906163ec315f1edb4979139dc7e0d241376e80a102a
AR1_0.95_n256_r29,db125bea4ffd18fbbefcca37a45238c5d1396bd3180f9d1ea900acdcc2d766b4
AR1_0.95_n256_r3,f57d2b728c2d6a145aac3505f8b4f25220c3a2fa17422a0761b033ab400379bb
AR1_0.95_n256_r30,9d1ac57a156f6edfcf033df232d6a920cffd7ecdb2d239c2b1d358c8005bcaa9
AR1_0.95_n256_r31,30ca9d8e9fa5049cc937c804a935a5cbdd2c638d0866fc37079ffc7e489dfe0e
AR1_0.95_n256_r32,d4489498ef96185ec979990f37f941e312db0eb27d9578d94e61d2c990b2bbd8
AR1_0.95_n256_r33,d1ee03a12a4524d89b017394c8d23dd75036530c142a4ace90cc4573d22052c6
AR1_0.95_n256_r34,6300ee8f729c8a74da0d369446fb2de2157dfd66e63fb221e3bebc36650b798c
AR1_0.95_n256_r35,f1909a6a5a352bdaaed3b0d8d5a57ebc3c13fa9b9caa4a1149aa54d9b05eaf04
AR1_0.95_n256_r36,8bac38f6d3961c37c74e2aa79888566b4404ac6296285660296b694fdb544d16
AR1_0.95_n256_r37,1e50474872431cdff0e0e2085c6cc69f559ad7602e5beafd26ef52b3847d59e7
AR1_0.95_n256_r38,10959f2554763449e86fc8636ade0fe5e769c128e1b13bb28c4b1dcdb9865054
AR1_0.95_n256_r39,1489d321b8d8e9fd510b9d5c182acc58b738779479cfa0b5b903f9c0ab5e042b
AR1_0.95_n256_r4,8145c6605ec50dc53bf55d1074d317bad224b109faab12a60abc6aa3251f9d34
AR1_0.95_n256_r40,7bf136e3333794a3da1969c0e7e4bd2171d156fc375e733097b63d2eb1896981
AR1_0.95_n256_r41,742322667fa7b52f1cead7944c3443b62f47399a4c0a66230e31456633bbb07e
AR1_0.95_n256_r42,5e34e461a5b09cb98e2d236ed656569df8b0ef70a9352e116e7dd1e45fdc92e9
AR1_0.95_n256_r43,0903b08568e90bb6b7d472db4e3a503d6e0438354f040eaa146999f68535504a
AR1_0.95_n256_r44,259dc7bc4fcbbeb4822e4866e2842338d6a7c1afad67ad213eea45aff9172a48
AR1_0.95_n256_r45,07d7bb40b938f65895563089591ac3fbfeb74e37b92ffd491de289647298871c
AR1_0.95_n256_r46,5f76b165db96086f85e810927ecde7183b76154805535a39afec9ec1a787a7fa
AR1_0.95_n256_r47,31f68472cbdd2f93e498a52c9be8d100bfcac9b7204b29451202b75c89531f5f
AR1_0.95_n256_r48,0afa5bf5df3c5e9c4d0c7a8b662ff2e7993bce9cd2bb8dd55ac946eb59a95d09
AR1_0.95_n256_r49,eadc09f87c27891ae893ca93e58cc780b07e36ef0b93903334e912e76e90f33d
AR1_0.95_n256_r5,84376810ac971d7158afb0c921962f2dad67d5330d5a3b8d4af75af812532f6d
AR1_0.95_n256_r50,6c75489f22867d0a70de802b45ab0c32da0842a6be4efd08a53b20aa161fa299
AR1_0.95_n256_r51,dace8737223249339e427bc80d16556353775d16d48bf3b05bf7bee32aae9cf6
AR1_0.95_n256_r52,ba5ee6d25934638bcc1627ee3155cc7aff2b025a4b2f522f22d7587a4c09d318
AR1_0.95_n256_r53,80e054fc2676bf25c14442be962ec6ab26ce762f34f90e0e6fabf4b6fb5945de
AR1_0.95_n256_r54,cb729cd06c943b2c80435da60fb7a4f99319843ac2e0b7414fd3bc0906191960
AR1_0.95_n256_r55,9bedb010393913abd5615f1e5f83dd04a3f61e81fcc3d5f3a1f37ccdae2e0ec5
AR1_0.95_n256_r56,11a0ba8d2f4650ccee82e33a3f7ddf6b3991dcceeac5012d404d0f3f887ffc28
AR1_0.95_n256_r57,dfb1c218c49f7e31393200b9035d2baabc1eb304c1bd7fd379005e2e32b5c8cc
AR1_0.95_n256_r58,327c86412d42f8964a2a4c6438e68e2d495f1f209e197a3951a85345e33eaff1
AR1_0.95_n256_r59,111e296c06290e2a6f2d52000a659ced658178c906d539c62982531c8a4eb6b5
AR1_0.95_n256_r6,f84bee300d43fdf393195715670312f03f6d00be848dc0b706a24f0ae29b8396
AR1_0.95_n256_r60,7bfc3f842cad60b2def8c43bdfd00fab89ffdcb84ccd7088ca44767a8693c41b
AR1_0.95_n256_r61,372e9a35e7a2717562758ac37f8a2870e94b7e3cb5351ee5f6ad1f10c50b15b8
AR1_0.95_n256_r62,04074629fd5b2e1aec5aac2167eea51380f9bd4aced4b3b538e48e5b924531ff
AR1_0.95_n256_r63,b56af1a652c04d830db509dae80298150ecf5a9000a8913fd8c81b465cf9bb3b
AR1_0.95_n256_r7,7429e6a3609395f74a18636c489df4ba0a37b084f00133fc39055c126d6b9b48
AR1_0.95_n256_r8,417bf1699f6b473a0211fac1fd30e84c73ce58197627763afc053c899ecd0ccb
AR1_0.95_n256_r9,aa1e0bb398da265b09b5d5d2ddf5efb2c98c6de4c8032e73def014b0cbcb4778
AR1_0.95_n512_r0,f499d6c98134b50271abe102909e570eee35184c0d839d460e8383547777a846
AR1_0.95_n512_r1,be6f610c010c379cb8212aeadde7b2c7d056e845606967307f31fc1f5c991786
AR1_0.95_n512_r10,5794aca466bb6f9c3cc51cbccafd0e4eaafbedde4ce6ad9e1b9345e969595e23
AR1_0.95_n512_r11,963def64520d26b40d379a5f621e02c1866d0cb9d9efde0c00dcf3001883b733
AR1_0.95_n512_r12,93d1568a70df1eb66c28bbeba49c8df4532e58729972d452afe940d1421a2c55
AR1_0.95_n512_r13,d7add8b71be5ee16d73b8fb2bee433acdeca9604a13665c14e4abbd949355927
AR1_0.95_n512_r14,796c159bac70f242f9604176d67d5500059d904efb0de24443be490163d91486
AR1_0.95_n512_r15,a8aa9921958b16a058560eaa50fdf6b6b594ce57175324ba49c1b3236ee10869
AR1_0.95_n512_r16,ca3479fd039fdc2c4644f33b979fb307546956aaca81423353066451bd569a12
AR1_0.95_n512_r17,3e9983bb2a5f082b8813abfe64bef141db2e6fb7569f29721bb7b5862825be8f
AR1_0.95_n512_r18,0e4dde335aeaecf83568417bb92e35e8f91606d42432d50b3336a97c4fca3f08
AR1_0.95_n512_r19,7670fc28f62c1a3b9290b935186d8bd69bd0421546f4e2a5201d3f233efa48ca
AR1_0.95_n512_r2,ab4828249acca6d7941058975d6033052d34a7662196955c67d158c4167cf5a7
AR1_0.95_n512_r20,6daecccda29d340179df4885a12f3269fb6ff0cbcc8b0efa6a9621d5928e2bc6
AR1_0.95_n512_r21,df7a6958a39deaf9b5568ba5002c390bfafff127b7b1150a5c47306d8dff5f31
AR1_0.95_n512_r22,2660e0dbb3987fd4cf00e2f883eaae962323425c493aa8f2ff9559f8c10aef13
AR1_0.95_n512_r23,3caa9021ac8e246bf90b88c816deb12e53278e2fe8fbec9efdf631561973e564
AR1_0.95_n512_r24,1670e0cc18fe38a4e5b3df65b728bc59f0c7eff0795dbb8179fc0b0b8cba2cd9
AR1_0.95_n512_r25,a1f3bf8111f5f2e7c8251f9c141bb6c18858fd43685ad5d9e83c6ad706bcf1be
AR1_0.95_n512_r26,ef058e98c036a8dbd7a23df1a243449207b4039a8f3e745a6bb6c562aa24b6f4
AR1_0.95_n512_r27,693aa2163a132ca0661eeb6d2071be14c0fab2f525436d2745fef4671940ab48
AR1_0.95_n512_r28,955289332b2e5547235f0d17084647f1078b59b06cdd26d622794f39bdb45f11
AR1_0.95_n512_r29,1ebfb7d75b58144dd1ff8a45473432a8be5f852750089e660bcd471830dfa0fe
AR1_0.95_n512_r3,ac6cf04e5c19ab49edb9331e40c2cde2ed6e471cb3110259db746239ac1bfbd3
AR1_0.95_n512_r30,2a8c9721954ff3485bfec239b2e69ff16a372f5368f7d83e46e9a0f243e9b02d
AR1_0.95_n512_r31,f251c653ff5664da2805f20aa300836d48721d305bda34005835ee8094286f85
AR1_0.95_n512_r32,521d8bfafd01e48caa693bb65a5d782163d29d7731baed32bf8cf2c046759d4a
AR1_0.95_n512_r33,1a85e18dd54d67df491358893b5840db748e8ac1e57e388c99ab0b12ebc12c78
AR1_0.95_n512_r34,efa94f5a2b24340ec71d3774ca96547303892ae844fa442bc1e15be052b9ab45
AR1_0.95_n512_r35,4410d88c3e3d30f913d3fef171707e33ade18c72256c12b903a68ebd896aef48
AR1_0.95_n512_r36,9ac3a134207dcae69799878c8c7f2a9bd62c3045f5828f5d25e93ba9366d409c
AR1_0.95_n512_r37,d55e6a5b1ba08aae21827e96934afc3f94480bb021767772abba4f56b29ff593
AR1_0.95_n512_r38,61c4a5b39ff1a14e0366b0aecd600a8be7d583ee7027d54eddf667a50e4afeef
AR1_0.95_n512_r39,f7840f976731d14929e04a2b9d9a3fec14802a1245c789fbd424d675a39a8b5f
AR1_0.95_n512_r4,b1aa3f6b965a6e80b9a6e7b7c281ed50bec2e292a463ca255d86b72b27e5e333
AR1_0.95_n512_r40,eb60a05075de23a5cc98e1b4a97832c7ff173beae94a2e3d50d1f1485edc2bd6
AR1_0.95_n512_r41,0233e9072f35573e6cfb729c3732931f772356c1164f806566295c5fbacb4727
AR1_0.95_n512_r42,b501c0bc3351c0784b24fbd0171c9ef06482a44f24c39dbe550348f7c26cc78c
AR1_0.95_n512_r43,2241929720bac6af0eb70558b7187b4fc67b2f7a77a8b0a7cb01fffc0f3fb38c
AR1_0.95_n512_r44,8f9313ab6b2cec28c1d5f0e062158cf329c60bf7b9ba860c3b52552978c4cf7d
AR1_0.95_n512_r45,8d0184cd5dbdccfc66fdfbfea56d84da0796f55241269596cd3615e7a019c7cd
AR1_0.95_n512_r46,a0234cfb39bb4985c51a971329ee43709aad1193403a99de58fd0a95d517cc87
AR1_0.95_n512_r47,2ea01bb985d775dd236bd968353c391b2b7047243aec162ba0c12a3a510192b0
AR1_0.95_n512_r48,2a615f3bd1da70962b8603038820bfdba92151b059b182fbfcf52cbfbd8638e4
AR1_0.95_n512_r49,fe624980857823ae4b3d6081a5ec7100b786c184ce1d1cf78e279b733f2f3099
AR1_0.95_n512_r5,0df54e31682f53f28f31a657c7d22fb210397968b089e8b68d4c265c4adc635e
AR1_0.95_n512_r50,9370f0a96f25641c4ab7c145a16c120d07b7d61962bcb1728fbb6c1b47e6081a
AR1_0.95_n512_r51,4e0b99cedcc2703784a4efec76ba215577ce8c1fc2a58c16390e7e2317790fb8
AR1_0.95_n512_r52,6330e2261dcf149457310f7f1a7102124d25a4c3755a6687d52b0bc939fac576
AR1_0.95_n512_r53,175c5b99c7f6d3ee3925fd7e4ba5dcab6ae5741957c095478a02a4836ab7beb6
AR1_0.95_n512_r54,73151b606eeed01a117d09b371d07fd6797cb4747f88c1beb99e60debc78cdac
AR1_0.95_n512_r55,19e8ade83236b149aaccb68e7b44ee1d46d87f9d29f92a7df10f0d4e989b6199
AR1_0.95_n512_r56,514c2feb9d56520904c456d99ea2be3ddc2cb904d0c3c525e47bce4365095560
AR1_0.95_n512_r57,1e7dc7c36adfbb1e4f6972efe93b17cdfe6d254483da64809a9041fba227afd8
AR1_0.95_n512_r58,348a6e3a81063bd1593b5c30463d946d05c825c54e1ac21528274dcf2ebcfaf5
AR1_0.95_n512_r59,0518dbd0cd6628db06ef01e9b32b5d8bee5b92781fc449cde4e10de8c38eabd9
AR1_0.95_n512_r6,7f6a54d9d26a71f5a9cab87ec684aaf65fe7136c3e10c75cf462e67dfbd9453e
AR1_0.95_n512_r60,88b5fb82077ad38178ade2f1df880a248fddb0a5408c629ac800823f45f8cffd
AR1_0.95_n512_r61,dfdefee427367f1f4a1e10ddc940c42f2f17efbdc334f685d6be1ccb6a911c69
AR1_0.95_n512_r62,bb8c47086e90bb1235c90c6a6d38a3d9363aaad3b38feb6f95ba765857a04db4
AR1_0.95_n512_r63,6b32771c75670f8a08cf594f3e92b750d2e109aee3476855b3d244aa80dd8c63
AR1_0.95_n512_r7,c40caf48cc31e8d31303c3c5a0d180ccd6bed66c9a1302671a0ef569aaa540e2
AR1_0.95_n512_r8,8aa7eed7452555d4c596af0ea99ebef110d4e3d1728ed505b8f1a5eed3d05d3d
AR1_0.95_n512_r9,0f6ee8d4be72cb96d296296584169c26ccddc34138cc10d40c3498bede85acef
ARFIMA_0.25_n1024_r0,fb3e7c12f2e8bd02ff3b819fa43ca8c5a5e7b51af9e199e5eb6c16beddae17be
ARFIMA_0.25_n1024_r1,2e1788d38f4f264d475bbadb85405e80603ce96d4997a11a4db027d4b5220e2b
ARFIMA_0.25_n1024_r10,d29e93702044a18cc992dcab6cc1afaedde572af21d876d369d2249189ebbc80
ARFIMA_0.25_n1024_r11,60403b274857e8ef6b3fd86c957b02a6b6512889040b5ca607057923bcd6e6ce
ARFIMA_0.25_n1024_r12,0dae710f2c74d85e4a6537e7bfa635da2283e89f2d768e063b17c30bcd872ed9
ARFIMA_0.25_n1024_r13,8e3b9e70d271a03c7983264b4d8e487ee920c471b06093641fac88690b8d4136
ARFIMA_0.25_n1024_r14,fcab29da36ad30ab1a14fd23cebfd47e57c2f9250fbe4b69f3e18255e148a5b7
ARFIMA_0.25_n1024_r15,4129503649af0c34f747b910208e12dab99502afebf3d151e9c23340955c33cb
ARFIMA_0.25_n1024_r16,444d0718c1a6bb0c1588c003f5936a3d821e040a2c18d56369b6cc8805892304
ARFIMA_0.25_n1024_r17,8fc64fffaf683e43a83d1ced8de83a128c75b900a5b8438c56eb0f3e688c071f
ARFIMA_0.25_n1024_r18,d550861945322957beefa54b5b6086951b2d2146fb8d428b0739a9181470ddc5
ARFIMA_0.25_n1024_r19,b779c105ebaac5bfc745f34cd8c32eeaba86bf19d16b7c6443a1ead3e3f9d6a0
ARFIMA_0.25_n1024_r2,a96642d9a8864f6af95f190ffb9f6d942e880bce33fb086ee968a908888fbb9d
ARFIMA_0.25_n1024_r20,328c9d6a3afbc1583a250c9e97675cf550bd142324c26fd669a1d8c62eb33007
ARFIMA_0.25_n1024_r21,8df69d2303cee7b52499876d1494de84e6356740b1be1fb79c942dd2a6eb48f1
ARFIMA_0.25_n1024_r22,be142d7acd45c91af09067ea4888a8fc07de5138a8135d17fdb2b7f4f8c569a8
ARFIMA_0.25_n1024_r23,320a75cd9a7945af5afd76bdc58a4e18492c38e846998df24ca1db3d4a6e9aa2
ARFIMA_0.25_n1024_r24,a245b3a35fec2fb46f11fc3a8faf09ad2ceda2a17d0592957a8b7495cfedca61
ARFIMA_0.25_n1024_r25,f0c1c04e73fe0ff905b84630053b10d4812a1e7c2a7c4e41ac9913134769c283
ARFIMA_0.25_n1024_r26,fdf6a78453c43a929d8ca92264f9fc95787ca59963d024321e0493a153af3dad
ARFIMA_0.25_n1024_r27,b7657b4b54063ba823526c842857f16f771f53c19050d3e114b382a046b3e31b
ARFIMA_0.25_n1024_r28,702c3984446e95b0f8edc58684122a450e1365a87158af85a09208c8ce52fe76
ARFIMA_0.25_n1024_r29,d439d116870b0117d93302b546660ba42dc3340881792590e77d3c302787d36d
ARFIMA_0.25_n1024_r3,04222d675b7339daefa4d444841e2478c278170d503368bd2faf59af1d6f4eb0
ARFIMA_0.25_n1024_r30,15c731afcafeec9dee9099c7be1e903cd429cca3c2fc0188ea307f4d2d1996cb
ARFIMA_0.25_n1024_r31,44e6d084c3c8dfb2a9469040a8a582485e407118f3c31facc40d5e5b932330d4
ARFIMA_0.25_n1024_r32,f8ed609d3348ea2b3a0b40c9c742025e6ed44aea91503427d853a2ac95b9460c
ARFIMA_0.25_n1024_r33,3efff6c6194d7228a7778b25e717bc2925fd5a19d63944be7691d2ac7b824ec1
ARFIMA_0.25_n1024_r34,725db93d6aa78dced67fb208381bec2598a55babc1a8c0990740cbb706ac7eca
ARFIMA_0.25_n1024_r35,1346030f0bc11924ef5b6561765e45c7e0c4d989912883fccec81c3b5ad804b5
ARFIMA_0.25_n1024_r36,d9d6a749255c7211a96766259f5ad4acd6b034acfb8ccf1685246a9afcacf70e
ARFIMA_0.25_n1024_r37,42a3c2bcc26345dad57c2d02de3647ef79e625187b9543b77f4a2cd328dcc6f0
ARFIMA_0.25_n1024_r38,6a4f7f715436599eca6a67d33b072f70011bfc7193e224999432ff133fff11fe
ARFIMA_0.25_n1024_r39,9f42b45d2d319a68fd21683c3e950ea9bd76bb0120c48a43c17de81bc2130a1e
ARFIMA_0.25_n1024_r4,9aeff353503606e43594cb687d28ca95e352b4491253acb53396edf6da584924
ARFIMA_0.25_n1024_r40,748d5c44000d4bcd407620b469ed95fdf0d17f6488d0be5929425053589ce266
ARFIMA_0.25_n1024_r41,531349cfcf4fb627351d7f450cb7e68bdcf5f9e6523e74bc8db322d59d026e46
ARFIMA_0.25_n1024_r42,67a1697e0d4e6273651b93aa95e2ab6b24b86bf5e2e157d06312509aa78ae365
ARFIMA_0.25_n1024_r43,258ea1ac90853ec61e53f16c4780af0f724973c41129618c5343833eb8ccd120
ARFIMA_0.25_n1024_r44,af182c12e42d56614b9b4f36d0fea27b67f256a9385b4da367f14e6fb9fac3e3
ARFIMA_0.25_n1024_r45,bd654cc70748ce854664a6a363767d1bbc0e766f7e245a97a045b289e9e92360
ARFIMA_0.25_n1024_r46,8e89a3bd4b9adab224602edb511d5b5e57ed194d27fad56c77bfe92e7c9747c4
ARFIMA_0.25_n1024_r47,36df42ba16cf7a4c5540fe91a617a08d93836340c72fdf2aaa76db5b3149891e
ARFIMA_0.25_n1024_r48,70051ad6145ede2089f56bad102b71bda5446acf3fb3e5a8f03296813ef5bb3d
ARFIMA_0.25_n1024_r49,5ae612d9e526b8509726f93723412d9610ea06138358a6fc63dc1a8779e4b350
ARFIMA_0.25_n1024_r5,3848de59c0129d800d29c9bf3797240db6adbadaeba13a231535fb22662f15b2
ARFIMA_0.25_n1024_r50,19543023dcd56ebd013735d5f481c9531be90918ff19eefa928e41d2516bbf3d
ARFIMA_0.25_n1024_r51,71e3edef2932b2a0cfe6445cd5412dcc13a3e5d90872215179207d9920226f2a
ARFIMA_0.25_n1024_r52,ef4d7ebc8007736629ea13a8c2c8643ba48c73e94a18834173d5334332661ff9
ARFIMA_0.25_n1024_r53,d321e35ebb8efcf3ec2570631c087f4b5fa5ba744dfb2449ad495b3b1496c0a1
ARFIMA_0.25_n1024_r54,4d5a093d94662d0eec805ba36dd0bb05ff697b34f456ce742497a3d46de8ea65
ARFIMA_0.25_n1024_r55,fa9fed4743206eb5d52d5ba612d44ffc3f75c5c8f76366af7494c07410ec704d
ARFIMA_0.25_n1024_r56,8d8a8d5d9c2942d203de12fa89b983de168ee7d6766b8a9b16c6a7d4b87719c9
ARFIMA_0.25_n1024_r57,60369c9642d471c39c1607212776cb31dca034389345c36769b697de0df7b85b
ARFIMA_0.25_n1024_r58,7fa8b4c03270320cdfeb5e4a5d2732575257d157048128bb37e4de513a472bbb
ARFIMA_0.25_n1024_r59,0d8d8f4ff9ab4f9786f6832ffab142dcada71f8e1892fd9280028df62b610eaa
ARFIMA_0.25_n1024_r6,06c6fd6719ee248d85d818536334999fe95ed8781a45d17e944b9b5b123c3819
ARFIMA_0.25_n1024_r60,cc87981ec00fe6d08d9bd2fc767c93e561455ef1dd03652000f1fc0fe66ef92c
ARFIMA_0.25_n1024_r61,ad24b8fcdc759ad6691298196fc87ef5faa082135d394c1eb2ba8c4d2a36d9eb
ARFIMA_0.25_n1024_r62,94e105f4cad2a8ee64050fb99fd94be24a640a1dfad7fdb9ebda249309eebf7d
ARFIMA_0.25_n1024_r63,1a2884fdc94be6e909f444048bcc18d402f1d474238839ad293ba889aea64674
ARFIMA_0.25_n1024_r7,57ad6115e67c81031f798abcdd962ddb5a591449222cb9e1e95f63bf3977a7d6
ARFIMA_0.25_n1024_r8,3edf815f1d11f7ccf51aadeac02f0ced61b13ffba98f6cd9f04d03d4e01db1b9
ARFIMA_0.25_n1024_r9,8e95063669c0a08f55c844d834798c6ffabbf0f7995ffe3644f2fd61e960e3a7
ARFIMA_0.25_n256_r0,9da81429e32304efa2a0b1f22e1da46cb8d37e4d19432957ac2fd9810f621c14
ARFIMA_0.25_n256_r1,f0f5595690f9e9241d2f69bbca07a4309cf33fef0859a859c9bb0bbfdf3fca4f
ARFIMA_0.25_n256_r10,90d9cfd46fef877002f8b1f3362123b8382681dd181d1725137e7961dab14300
ARFIMA_0.25_n256_r11,5fe6482209b4f852d258247c2c79bd7b45163978eebc12e3ea99b1325574a448
ARFIMA_0.25_n256_r12,13a1f716dacf4927d23d00fabbc85c8e70b8825df30bdff9a6eeaef2405d49ac
ARFIMA_0.25_n256_r13,8c18077e435f53198822eda702254ee6b27b8839b7ff9d59a8dce9c6612cdd7a
ARFIMA_0.25_n256_r14,037a12784d4a893b81ed5697eb542cf9adee7ba7e5c999dab75420558b49147f
ARFIMA_0.25_n256_r15,ad48dc9808193c79e9a967a68bcf3fc20f5de5f59877f9d5810c6db369ec9b5a
ARFIMA_0.25_n256_r16,0765f7c1863abfdbf4939096454ecb29a18abdd4faf33e08872b1d5e99f804f3
ARFIMA_0.25_n256_r17,1d2aed7e60d7cfff0793223599d9f8f4e088a2ef8cc91e8cc26d44c634ae3ced
ARFIMA_0.25_n256_r18,967c4db208fdbcf9f2f8ee5c504a9b00b30b700ce20628b315700f929f44a107
ARFIMA_0.25_n256_r19,a4ece210f998f438d3a387375081218b14eec4f38d17199659c3c4e654010b25
ARFIMA_0.25_n256_r2,822b190e8c565f1652771fd36502a9a744bebec6addbf2ba90794ff58230342f
ARFIMA_0.25_n256_r20,57de4b0f3d4108843cc6b85075debfe068fd8d43ab609ed57d8e0709c95361f8
ARFIMA_0.25_n256_r21,b1e9e60dda37be75aa0aba40dfae6c0e4b9746af458d224b604e0333c4e2a67d
ARFIMA_0.25_n256_r22,de8ac87581d228df3d63af699c041871347da6fe7e69c58fbed07685b72611f0
ARFIMA_0.25_n256_r23,6cf9f5adaf397769662e594cc2cf58878644fdbb71454b1b08c5ffe722d546c1
ARFIMA_0.25_n256_r24,7804c4d4d680f8756ec782e887e0be7394bbdc6d08c2cf10f0cae0de5456b79c
ARFIMA_0.25_n256_r25,d98c76da71c6009a59dee8e7e3deacee586d6d2e223b6ba2f90e2c5dd602ddd7
ARFIMA_0.25_n256_r26,f3653c52c4e0bdbc1e9253e94c8b10c03a11927534b9e0d78e58aafc4acd3ac9
ARFIMA_0.25_n256_r27,af523c39466f86fb582a1f6119dbc58e254c5508a4cdb8eb4e0a41141704798a
ARFIMA_0.25_n256_r28,356585c7070e297e3d4c299935938f27e5489c5b1698f41599266bc95ee23502
ARFIMA_0.25_n256_r29,c1e2b7b70b30c214190faf2e46cb4bedb419822909fc6ea939d10654fec6feb6
ARFIMA_0.25_n256_r3,82747ca0351cd8d32a5beaa2da9913ccf53c33877739a7eaa50b313e76f63969
ARFIMA_0.25_n256_r30,7a8dcbecb90355f6f8e6d43c4cc3cca571d0d6e4d5b7571f7cce81c3ec4d760a
ARFIMA_0.25_n256_r31,d3420f5b9cc8fe0a8ee33e84e5ab44709bfb3c72b1ca080f5a3aab47eb06c641
ARFIMA_0.25_n256_r32,d61f2c337db0e3dfb64067795fbcfde9f3d0c0a4cf1b3dd35721ac280b718534
ARFIMA_0.25_n256_r33,26cbef65980db1de18fb7d2a98b46dc0a2b74dd0466b4a5e1f97f5e552706eaa
ARFIMA_0.25_n256_r34,eee1dbe704675320b6d8d7724ada8c651561bfdbd9411b14cf38072a1cba30ee
ARFIMA_0.25_n256_r35,a9e4a4bc92c88c8953ee4c54e99674922bac22410adc7b20d93c25ad4a51a09a
ARFIMA_0.25_n256_r36,77665e94814c6dc2fedcf562c76fdd69781767455daa55cd6c5fd089d75234d3
ARFIMA_0.25_n256_r37,e569477df1c5d53c3f66788f2388c7080a0ba375d5a15e5783b62b192698252f
ARFIMA_0.25_n256_r38,9b40d62c26932f23b7c1a22222ed3e9e1332f3ca4d413af65ffe92a96125f044
ARFIMA_0.25_n256_r39,f8a3a8274fb94a1f6f0a786b39c8728191e353a80287b036418a13215af04439
ARFIMA_0.25_n256_r4,adb3bf80f4d110fd79c21487a7ee9562ca1a60be706304a80f2b90e8026e4060
ARFIMA_0.25_n256_r40,b817431d78d3bba740072262656caa0adaa41280953c996de7fa7ab6a0df5bae
ARFIMA_0.25_n256_r41,50738e2aac332bd18d0d3b7b6e7a5789d307f7479df31170061a6d2ffd6cafad
ARFIMA_0.25_n256_r42,77d2c4d71dc6de78981584f86afd334b85049f4cd271494fbe1382bf972b89d6
ARFIMA_0.25_n256_r43,4a2c1843766e91c20ee0f3dac83e398a1ad3b69bc49ccd531579931bd8092a3a
ARFIMA_0.25_n256_r44,0fe055705500832717e26b535c4a4175e0d1c64aca4c669092c89643f86e4925
ARFIMA_0.25_n256_r45,fb5c6ce7bd58dec520759eb0f66e98175d1dc31cb95d06548e1aed6bba87b552
ARFIMA_0.25_n256_r46,1ceb425fd99a25fad3d6648de15609f8de0a8afa1b04a083a015bee43b0e2135
ARFIMA_0.25_n256_r47,4265af044b12cf7ed4e15dbf33b7b9c7464173c2636df5b12aaa52ee9f68ee0d
ARFIMA_0.25_n256_r48,1930b26dc9602dc87336d203c1ecb6c47aa1d964e1da133465362aaf6bd87e80
ARFIMA_0.25_n256_r49,6a32ec789c6263a864a1cc51bce106bf9ed47bf765130fa0edfec9073695da7f
ARFIMA_0.25_n256_r5,cea6a113e4848e54996599ab4817af08efc0649c14e304d576babc79a0bba5e7
ARFIMA_0.25_n256_r50,f3a9f129662791b91a022ca0d7dbdc3bdc05ab4ca9b865c3d7ac638edb1f5403
ARFIMA_0.25_n256_r51,ad05b74b0adb7e560fb30e193fc06644c0a451ae7a84304fa053b2797e49fad9
ARFIMA_0.25_n256_r52,cbe18f62d24be6554095bd7483ab3d7b0212a4cbe8b030599c14f149f2d352cb
ARFIMA_0.25_n256_r53,0202b38221a982d66ab0615b3f7953fd99388b47cca32d552fe0e42885ede620
ARFIMA_0.25_n256_r54,743516c92233779374c009ccec6245748fa779b8790b0794141ffb8d16ce6a6f
ARFIMA_0.25_n256_r55,86afc5abcb4aa48e0b36e3cbf691ffc5e3044be354216a4d397c740d2189f4f1
ARFIMA_0.25_n256_r56,6bd330acb59d3cc357931e0a1ffa72d9fe4e53badcaffc57b7bbded831f72751
ARFIMA_0.25_n256_r57,09671477e7ed4681ae43e3e7b9180fd3205cb89e81a19e3088b60949f90021e6
ARFIMA_0.25_n256_r58,4054b2d3f21eafefc1e6a56ee3c9f1d682348b62712a7b3a188b9b2d6a52c349
ARFIMA_0.25_n256_r59,b62574393734643cc8615cc620d5e8fea774fc1fc64826b4056ec12e0eb1e5eb
ARFIMA_0.25_n256_r6,c30b69aa83494a5b94891873004ef28724b4a29aa4322eb6b6779255072ecda0
ARFIMA_0.25_n256_r60,aafb2b3bbe279dc41d1b1fc63a4ff69b7b710e06bea433a38c0740ccfdcf2178
ARFIMA_0.25_n256_r61,583e8d15185106d9e1d0c540abcfc821ac8b28f24d68a61a9916d904d6091db7
ARFIMA_0.25_n256_r62,819e0afc615d601c731075875a08a69c10e0cfb68900b2b1daefff3cd17442ac
ARFIMA_0.25_n256_r63,2a2b7d79ca5e86d75fc46e9a8fe827464a644b1623c4fc6e42122b60268633f1
ARFIMA_0.25_n256_r7,136b00292093ee1f58cc8e8a5e257ca89fc2ac25f6982b544f4863d1aa417e51
ARFIMA_0.25_n256_r8,8ddf97f8f2049d346ce9b335afe998e3b6e1d315d5422a724794de9be33541b3
ARFIMA_0.25_n256_r9,ea188519ed111c59c97a1b04ac2479e5222877f6cf2e927899915c0518da68d6
ARFIMA_0.25_n512_r0,0e2523b3b956db391de9ffd0493054753f2bf17b5ef22652c0db8794a2a3a7a0
ARFIMA_0.25_n512_r1,8a145088111fd590b49997405f5462e1dca85f973c2c497bf69d07876180cca6
ARFIMA_0.25_n512_r10,fd0a2091b243eb63d398780e04ad086490b2e9041b9e6a5322e813bb544bb697
ARFIMA_0.25_n512_r11,10139760148835396b2f547013049bb5ed210411ab336f00e8dd55cbc70561d0
ARFIMA_0.25_n512_r12,3439bcb4f40998f89709caf0fd54428248723a000339a3dd5cbaaf2fd7e9f4bb
ARFIMA_0.25_n512_r13,f78c109d48a24d9af15dd1721f0074bec97792dba185d74ace27170936ebe466
ARFIMA_0.25_n512_r14,1b0bb529a3070e010b900f42fcdf96b72b9862c9d446f3714b58c4abab0d02fe
ARFIMA_0.25_n512_r15,6dd77cb5b25b361913097da9f7146a8be3e2f49086e34dab065a6add34daf844
ARFIMA_0.25_n512_r16,d911e9047bb01f5c58023ad6019596a215400110a9b0d3a10aaa82c925053467
ARFIMA_0.25_n512_r17,acb89ca039df0e6797e2f3040370577bf2dd115d99f8616294603391781236f7
ARFIMA_0.25_n512_r18,5897787255b9e1a816d81c6140a53ac872968999960c7072d85fc47977370f41
ARFIMA_0.25_n512_r19,706c02996875b6d127462b9e6fd2ee31a36b1358db3dccd9054ef007257c05c2
ARFIMA_0.25_n512_r2,023286cc550f5f5f0d2b0c8e9b2594bc70733fb59a8ac81523bdf6f2537e1cf1
ARFIMA_0.25_n512_r20,c269c67367c19a6e0ec263d20c5e749da3984f31e73da2787d0305caa3615b47
ARFIMA_0.25_n512_r21,07af7c1dcb1744ba3f0492189b154f7e6727d16b17dae4dd764b57ce60a2efd1
ARFIMA_0.25_n512_r22,612cb52f482f134a330e2420153999b27eb18731c0ed9e1be75f5b2e285a8d9d
ARFIMA_0.25_n512_r23,9f6e2c2978d2d3ccfdea90e195a4f85ab630cda01ce9408ee108c8e94d332984
ARFIMA_0.25_n512_r24,d6a6c6fe377aa2aaaeefa0690dc4a279f56d4b97100572846423d5bb5a778b2b
ARFIMA_0.25_n512_r25,21ae24154f1054b9119f9615d10c7706764350a96ea0d3d8ab70560055db8c81
ARFIMA_0.25_n512_r26,d0a067e2c2fd09a1474992adc7bb4ac680fb5464bdc6385981a7fc12adba7e74
ARFIMA_0.25_n512_r27,664f06bce59f88503ddcb12737fb99bb61309a784e4f7d16296c76bd5eea68cf
ARFIMA_0.25_n512_r28,681a672a97931ad253da7d4fca249422208107cbdeb623a90def60ac516a1040
ARFIMA_0.25_n512_r29,04904034201bed7bd692e0602e58ac6aa8e8e6623fa893d8ae7a31eff93f8bc9
ARFIMA_0.25_n512_r3,a03b28fd66a8ed5107889b34d840278da40ce213d378b54b082e4476027502ca
ARFIMA_0.25_n512_r30,182d7a5b92639dbb2a47af471eee474c01a363f3bbe59824b53adb66b5e9b3cf
ARFIMA_0.25_n512_r31,dd2e30f0aebbc6857cb23decef3b8b4d2115662b7dfec0e65fe6ca3ed0799e7b
ARFIMA_0.25_n512_r32,6bc317d703ec3c4419842c44b4f37e5f170fed2e499f541113e2afbf40b36d09
ARFIMA_0.25_n512_r33,b07a9be6797570c3c8ed14c8f0f5fcb92406dd57bd88bae2bb538aef984f6239
ARFIMA_0.25_n512_r34,67f3853eb7300ae8c13e48b9fc604b96efaae9ad19d8eef97efa20f7a10263e7
ARFIMA_0.25_n512_r35,196c9072738bce9a742c0307e7b80027593eb46a98e28376e14488d37a32bace
ARFIMA_0.25_n512_r36,131a0f1da1be46fe9a01670f299695485ee833eaade6f3cd524f29492bc92eea
ARFIMA_0.25_n512_r37,480d716dedc3926d94d5d89a5170a9e7cd88284ab6f299a4d21d2a375fd50c33
ARFIMA_0.25_n512_r38,616d71655c725abaaf5d60aa55b3fa98f63596b7e60d65548996e3387adf55c9
ARFIMA_0.25_n512_r39,910fd95a8a1833a87d19f7b7d28d960c9cd561cda9ebe85755bfa33559f05ac9
ARFIMA_0.25_n512_r4,b0f7e8ddd151b2bf66cbad00565806854eb13c3a9bbac0c4902bcc40f3b28f28
ARFIMA_0.25_n512_r40,e2fc71dba7c0f1413ef1da56123eaf2f981cdd8c349285ce4f67b3d307720d5f
ARFIMA_0.25_n512_r41,246065f6f02951265b5836423bf1d18ecb2daaecac97370be939261769a017f1
ARFIMA_0.25_n512_r42,b279ef34aeb583521f302d180aaa91be4423536f6d38f066c050a7b347e95a37
ARFIMA_0.25_n512_r43,c3947045b3a9d6ea7ad7bcfc120009e08dfdc07ac2257353e3485c388421962d
ARFIMA_0.25_n512_r44,5d3e1a4285bd66e6c7a417fff1d4a11a7f64ce4c965d05db342626b4a05bf8db
ARFIMA_0.25_n512_r45,54e7ec26162b6f2ac3c4207fc41cee770cc23f4bb6ad5bcbbd0e6350462ad701
ARFIMA_0.25_n512_r46,69525169eed8e5ccbd434630539b15c5e264515d584b0948045b22aeee06e66e
ARFIMA_0.25_n512_r47,d2784fa4f9a87f9f028caff7e131f9cbb32005cf57d333e42c9550c15f9091d9
ARFIMA_0.25_n512_r48,43c731808aaa1f2dc16c620ba97b1d892b6b0a37a1d941d53a2865adf0aa0235
ARFIMA_0.25_n512_r49,652eb6299aa9a84cef952c737f884f94eeee4b93b270138f5c59b1eea58c1c05
ARFIMA_0.25_n512_r5,742d965bbc4be160861a6366fce9d333bda25030e5e308773d82722b1d5da19d
ARFIMA_0.25_n512_r50,430a3bc7a4b824fc8c27f37c015a5da68b8c3818a1b74677a2e83052751ba716
ARFIMA_0.25_n512_r51,b792f052d73b4dea6e7371be9df4ed9947a87a2c18acf515e1473f8d5023927f
ARFIMA_0.25_n512_r52,3391b7b697fa0b62dec7559332b82ee3e163e04420b9af3a908b96911fe2c3f9
ARFIMA_0.25_n512_r53,988e6e66d0392f8928d4ec4c5c2acc17c42d3372c2102f292e727f81889e9df0
ARFIMA_0.25_n512_r54,6306bc864817e36de0d00083c462ad968d1699985731d33ae1783bd456376aa0
ARFIMA_0.25_n512_r55,f1619a22cab84fd1688c2fd0169b7b32d5d6402afac4f21bfec074626d15ce39
ARFIMA_0.25_n512_r56,0dc4f3670304adb2a9ab5dd2b0a56d6151831684323cd60536c6af852a4bfac7
ARFIMA_0.25_n512_r57,d33e707abba098017208e83e74f2cb417955170eaa35c63e2628620202b94921
ARFIMA_0.25_n512_r58,0432ad5dff379487f3daa5b59616fcbd26878079f21d37f44eeb33f30ff52148
ARFIMA_0.25_n512_r59,8f4d8c85fac5ed2333d9be4edb4a6196ec8d5178d744a5b8ad21fa7596c8fc1e
ARFIMA_0.25_n512_r6,4c98a54b0669885033e2f03ea5e2daf8e243d7ac924945143fb486c428a559ab
ARFIMA_0.25_n512_r60,fc99c39c442f35f19ac69d745d652084417825864fde4e6ecb8cd6e370d53fdb
ARFIMA_0.25_n512_r61,96d5df7a7087685a2d3ca39a314f1873e1fc4b9ef37457f3143ff737fcfb877c
ARFIMA_0.25_n512_r62,afa0dd7db3f03d031950f8f57ae303429710b96cfaa4faffc01d3d34de3ed3ed
ARFIMA_0.25_n512_r63,42e2f086b117fbc221e72b271c756ad6b8e3d467e9e260c9dbc4fcc6b87d3c2c
ARFIMA_0.25_n512_r7,371b5a787bf60f53a7d7af3dd60f1df1cc16fc08a198acd3995bbfd299aa4fd9
ARFIMA_0.25_n512_r8,4d3eaa4e6a4f709aa1e073ee78e480909b854ceee7a8e47c9973504c07894aa6
ARFIMA_0.25_n512_r9,a0ee02714da7c4630f75b92a0aeb731144e7f84d60aed31a1671595c86ee4320
fGn_0.25_n1024_r0,b649ac5729178a2849963d7871c54a5e52f7c6596fa62467f97f7d872c68a7cb
fGn_0.25_n1024_r1,be46cd7da0e49ad29227c1427414519649e1d13d2b8fd6f3482acf04e5094c94
fGn_0.25_n1024_r10,20567d63d8574e5d0bc382e6163e65b34e3a910f32d4303f72d0a9be67600d57
fGn_0.25_n1024_r11,706a7cdb8d5d5e7ed4ef634f5431094a97172106f2f5a68dd4ddc4386d889ec5
fGn_0.25_n1024_r12,1a53ea6225214b68d9272aeffb78a2d9510daf44bae3cdd53a4814683a8d137b
fGn_0.25_n1024_r13,bce6928030c3da7022b2beb416e7ea169b2cad5c659f336c71a3de82c5904a0b
fGn_0.25_n1024_r14,9697ef3b02a0ff7d9178a92d3fb642a485b2f71da06a15316c49ef1dc17f8049
fGn_0.25_n1024_r15,b1cf1cbe30731c5f990babf59588d21a87e98e7acc66e343078fb46c69f6c75d
fGn_0.25_n1024_r16,3e363765c1d160a4a3e18d28600e8c0d846b7461b5576c07353714e8db21fa5b
fGn_0.25_n1024_r17,56e0df07528e2be54eb31ff39c64c4761e9a4c73bf70e6bc0de98dc52dede9e0
fGn_0.25_n1024_r18,3bf7d0c77a22cb160fbf609d7dfadf18cbf4545bd0bdf08a5c02b6039ea768da
fGn_0.25_n1024_r19,1428e3c5435b375f4f5dcc6db60375dc7cb2bb0993a63d275ff7960377357112
fGn_0.25_n1024_r2,b572f39623b55e518fdf369095651d84e07b7e5820a7a08b527e92d59384769f
fGn_0.25_n1024_r20,6f2ca42981608a0502c6e73daa9943b3c440388bb335a99c39ef3606348f193a
fGn_0.25_n1024_r21,7031ae781706fee77e47ef60a05b7807a8e04fada4417487db4c151193f9f152
fGn_0.25_n1024_r22,146cdff9a9e347d82bf1cf7c9f6a59a2a1d231f3ff4bebf1065b7bcd8f79606f
fGn_0.25_n1024_r23,841ea83c7598c7aa5ec852de97d04ce2611f8ec52e451379f8221b8d971a8de4
fGn_0.25_n1024_r24,ee29a998e391b60a271dd8aae79c7120637d4ecf336c6037e1bd6c182187cbe8
fGn_0.25_n1024_r25,2128f659760491fe08de9b7555203c9dac1ccd82848315e685ac0b0b7028ecea
fGn_0.25_n1024_r26,14e282a30ca7061bd4950c6fb0e1c69800d3ecf1af8686ca82d13bf010e214b0
fGn_0.25_n1024_r27,6649e9adf793cd99278ac1d5c846b69e4149e39cab543e636d86b5818c71e213
fGn_0.25_n1024_r28,6839c414bd0c52ff09c35f624c55ee119a7e7ddc041622eb515ed815f7ccd045
fGn_0.25_n1024_r29,f79239e699800a3204246386428fb9c518beb973db2271b8792bd6956131cd2b
fGn_0.25_n1024_r3,02ca1a089fcdca07434dc4550f36d107b6cc84a7cb4e23187a5411c8da4d5bba
fGn_0.25_n1024_r30,6911d350481b4814b22e898a0883d1a322691f324f3cd27ffea4430033c4f863
fGn_0.25_n1024_r31,306bafb23ddcbb81cb4d29f4665e4b61e473be0eee4bb9d2ece63ccabaa6fe83
fGn_0.25_n1024_r32,48669bd60f0845ade52b5d4a62fecbe993be991d87d982a18482ea933d9c48f8
fGn_0.25_n1024_r33,549cccd09300c9b0aa0d830d9a2ade6e8ee20d4fddfa3e859ec87354d7744332
fGn_0.25_n1024_r34,b5f6d531509794d70c7103370d8f3a239ab2026cffd31120b09e10c177b1d32f
fGn_0.25_n1024_r35,e1e737b2b5d5434d05bda8d87087d29f8d47291c9bdf27fababbbe8398f2ed80
fGn_0.25_n1024_r36,228eb594a3c2a22b0b829ddce33506dd0f4a298057407ecaa9f899423d16b87c
fGn_0.25_n1024_r37,2ee1b1c19c40e38feb318c94081de4520af7db7f415eb72b7d703ccc5de7d79f
fGn_0.25_n1024_r38,38a91651f24ad3c1de823bde1455a3717c3b307c8b79b6d2f9e88771c4e9bfc9
fGn_0.25_n1024_r39,42aa8c4b8e7ff6c994a2d43210b5ebd6dcbb380a2ded30553cae12f0968367c3
fGn_0.25_n1024_r4,c8cbdee3969cd51beae8476fcf7906919f5f7dbba920493a6fdc59cfa22fdccb
fGn_0.25_n1024_r40,e9834516aff812f5351b72961a1d417cc3776e3d1175792265b983a2c7362617
fGn_0.25_n1024_r41,7daee2508f4e923e20d36eedd721855a4901f644f56786e9f48cabe3968886c3
fGn_0.25_n1024_r42,5b37188d2ce440472a24ef13cef4b28a8d0ef64e116f9e00599cb61a7f0c5dfd
fGn_0.25_n1024_r43,5d3f4a89b053b9649379f520c1affc2fde57a267b3d2c79d8f127ad53b188c4e
fGn_0.25_n1024_r44,24bed563c4a66606e26d5d43132cc9da95e1665aa64b4f7c4435f9faa14c86e0
fGn_0.25_n1024_r45,5786d006f9ef35fff668b0704fac26b86447fdc3b494aed24d8a0235928a8bcb
fGn_0.25_n1024_r46,58709f06f0cef1e7fd3d843ec21ea55b14bdc974fc58b3aab4fbe75b40af722d
fGn_0.25_n1024_r47,a549757682cfe1330255d29dce32e493d4d18b58a167368c8ba35304d753cb90
fGn_0.25_n1024_r48,2aee041828c9d18bea19d15f3fe52d6dce554b8e1b8e5ebaaec3ac1cfc29e8bd
fGn_0.25_n1024_r49,4640d82b7e044ea63c3e11589679bd2d5635c5b452de8938469c222aaea9f2d6
fGn_0.25_n1024_r5,cb7a8e99aa39907d3f1553bb11edf83dbfd4aa1b30693e061d1433fe5d9ebcbe
fGn_0.25_n1024_r50,3c994943946e6984792947a483648871057517b57a1a01e1342f846f556ff676
fGn_0.25_n1024_r51,0771a6ecc930749e95674fef406b25f5e7e89824b0875e3a9d9e4a9c9d4f64c2
fGn_0.25_n1024_r52,b3f16b5a88a27fa1007f331ae02954785d97952dba0e974195d1b9a9aed44d4c
fGn_0.25_n1024_r53,3f552d613c8bcc27386139f3b115af711b8a65f40076fcfc704fe7eea278eb24
fGn_0.25_n1024_r54,20a566ca0f44ff391ce15f4e10aeadf49eba8eabaaa55da0f8a7b18b908648b0
fGn_0.25_n1024_r55,74aba1e15f54af6e5547a1793c303ee19e5eaf0d4122ecdd5514b2c8d151548c
fGn_0.25_n1024_r56,c05a071f41ebb1a3876c338f10de5d852dba063dcf0862775e32eabcff57c2d8
fGn_0.25_n1024_r57,040e0a480d051aaf969a191d02ec340f96869050224694065f49d39e6ff81c14
fGn_0.25_n1024_r58,54b8b68ab0799f77f57159b8977bd88b2357a0a1d7a78e2c65124875b3bbd06b
fGn_0.25_n1024_r59,29680e4bc2812ec35ba230b067dd4433253f47775e171888fb399a1b63c272c7
fGn_0.25_n1024_r6,ce8bf1988e43b5819f9eea52dc66e30aa9880cf043636244d2638793fce149bc
fGn_0.25_n1024_r60,39f1c8887a426839fbfd0aeddd38cddd33f6c1b15bb23a7ec7e968183175d47b
fGn_0.25_n1024_r61,bd8d5ae81fde494d4865842234d9cb39fbecc573f9e91f55be67081c92ce0e75
fGn_0.25_n1024_r62,88c5a8a1d8dcc0c98ccf6ff1d20f41ea0b559922c393ed7aea2fa5796d36101e
fGn_0.25_n1024_r63,1b14d24c57012bf4f9b4f8b5bcee95456f50a6c0d6b617482972859797914338
fGn_0.25_n1024_r7,155e1bf7269a215cb0e97be6c3efc99c6f5b4e6e907048936049468528496bb1
fGn_0.25_n1024_r8,2eedd4f2748a0940d82f934ee7b367abb5b05c65338d5315fc10192362954a28
fGn_0.25_n1024_r9,17f277f6124f387cb2f51ff1b7b8e8d1d1aaf607d68a767e597b73e93f7a2705
fGn_0.25_n256_r0,97ebb2389687dde59bac760116529edfd2c11dcb88e6e58e6feae7c19d9eecb8
fGn_0.25_n256_r1,5c1a46ec8b200864fc0f3df5709cfef64e576636492d3bf96a17cbbf2a155e88
fGn_0.25_n256_r10,c6e9353357811365187cb5240ad6f334917cccb25865f47314a6ebfc8657f493
fGn_0.25_n256_r11,97d2fb98306d9c35e3dc8f582ffcd602c40d110b573d5f9c08f78ba3f0bb6fb5
fGn_0.25_n256_r12,ef35c7fa10b8106dd4c5135ce189ec6197e8f1b3835bbef4dd4e017caae97975
fGn_0.25_n256_r13,155977d79ff59530ae5b9bf46de6ae9d6058fa5f80817d71dba083e7a54c75b5
fGn_0.25_n256_r14,bc438aeb4fd43ba7fa8c0125004a5719ac1f58fff3b93c6b69d3bbf10c7b271c
fGn_0.25_n256_r15,d1b27b59bfd8981e5441e54882aca5db91b45a72d7a2ac51048004fb5dfac388
fGn_0.25_n256_r16,35d4b7474ec9fe34523aafa1a0be876426772d5daf1ab2a563d3e42a7141d886
fGn_0.25_n256_r17,961efa6c395fb7f7537e863e570e409c2b4a0135880b902980108a72d3f29cfe
fGn_0.25_n256_r18,bd22b5447058f2f25ec47f94d3dd3b80810b8f8844bf3851bdb0ade63186cd3a
fGn_0.25_n256_r19,c82355346a37510f814d446faf9cd70fc316618ba1fd4c60e5ee25dbaa7f23e5
fGn_0.25_n256_r2,6731700b99afd2865569e60b56fd2c432b69b53d805e0a747a1eaa04c66b0b4b
fGn_0.25_n256_r20,39e72ac4ee87195c7192fb8279145a52161dfe5e4680a69c17087c91f7e9a790
fGn_0.25_n256_r21,5fadf6400df1a71064633feddc28388fdb1a2af4a228bf2aefe2ac081aabf4c3
fGn_0.25_n256_r22,5a88573cd84057c7e1d6318faa71ed80e59b02f38d5b4e1d0026236a12b02162
fGn_0.25_n256_r23,7489f8e55f7ebdfd9b968351ee936f661a490123e98b87d67e4413bf6e080039
fGn_0.25_n256_r24,107450419bc2484c01783e9a7841e792c503c654c0a18e947f28b51c8f9a6454
fGn_0.25_n256_r25,95a114da04be7fa46a6d6cbe2a1ebf1c84abbecfa3ad6c6051ded53001fa4016
fGn_0.25_n256_r26,1090c815698e4756888397be665da9c40abc8ebac67bf6045f6cbe03c35bef6d
fGn_0.25_n256_r27,9f28c7c4a81a69331eb959a841ca894d9ad3bbe4d15e6478fff184654684db03
fGn_0.25_n256_r28,9660097dcf716786c206bac4bbb61957d2e14e6dc3e4ded13b471d450d7e5c05
fGn_0.25_n256_r29,4700ee73f3cc7e788481c9abcedc6fdce1a334491676af890600f760c3943c63
fGn_0.25_n256_r3,3e3ab7791bdc0fe383c69592b9155589fdd272287b3703db3dbae2972e090ed9
fGn_0.25_n256_r30,70b8045eb07e3b27650d5bf38900d7085b74f5762e84991eb484eab7346eceb9
fGn_0.25_n256_r31,211c59e786397d61e76bbee18c27e5c515dfcf5c21575d36fef643447819eb42
fGn_0.25_n256_r32,bba5b0e5be5d535a262c22c1b76a9059857cdcb59dac13e6b6176c02f48b6598
fGn_0.25_n256_r33,5aa73baa8c2d2e71e2a2fbcddac05efcda73b9c23f42d3739c56720e1c09be76
fGn_0.25_n256_r34,69559620a781f9961e4366eae640a74c8bf61d878379cebfe6ada6c0669032d9
fGn_0.25_n256_r35,c09315cef6a88390e7a42b74a91b0b1de51e53341ca7718c6d68e16434baaaef
fGn_0.25_n256_r36,03865b7d10c50478b34aac1b4564ba079a2570155694769be921781da41d0d8e
fGn_0.25_n256_r37,38956a39a41c43775f8888358b801079947dfe9930c9981bb98a310cdc059282
fGn_0.25_n256_r38,893546d5e5364fe4520b405c61221611b00ad5224b88746627d8d920a7ab83f9
fGn_0.25_n256_r39,0c6a2b4f664b4ccc366f40840b644c0b77e15e6ccec09de994adb42cecb9b1d4
fGn_0.25_n256_r4,db102a3d43d2cbd7d0948bce37b4bdfdfad3287998bf6d073d8f0196101f9bee
fGn_0.25_n256_r40,e892bfe3fc95ce54d4399d9924ce71d4ffdf5677399662f6343dc0883799d845
fGn_0.25_n256_r41,2294eba81a6b547a5c65674650c6ad9909f8c4593283af9caaf9ba5c00bef0f4
fGn_0.25_n256_r42,c630578bdde2ff641e878e9e0b79594734b8a56517d9e68f11188ece32d82a86
fGn_0.25_n256_r43,77a69efb6ea442ebb85d4f4a0b5bc805ab258b5d90fde357b15f5fb0ad77b56b
fGn_0.25_n256_r44,a3d8793d1c76a789698b634812f589341bac23c6260d160f3c75de4778939521
fGn_0.25_n256_r45,91d0859a29afcdcef3fa5719a37d591d69147a285445eb9e31529dd68576ed20
fGn_0.25_n256_r46,243a0a59eb3f525c9308d7dc14315290d0d2e409175fdeb86619907c97237222
fGn_0.25_n256_r47,3e27839f8e794bce827927be03f023a7705f5d50afb71684879ec57fdfd48564
fGn_0.25_n256_r48,ee2b73d1e6672e1e06b1d983f70dae0ede9113af078ae0a0e8b2eb58c298e193
fGn_0.25_n256_r49,2474808077cffa6efb155bc9f939578922c23bf7bd39e60b92a8170ef910ddb0
fGn_0.25_n256_r5,859f1a362ca6b17cdef4893996b8d68971cc6fcd956f6c10506ddcb6f7f5bca8
fGn_0.25_n256_r50,b839769cf87be4fa604d3ac222fc949bf1958083455a41ed5c2c60cff0b2e8ad
fGn_0.25_n256_r51,2d0096ce54ebae78ed795d19633646cc1a6e2dab874409f89142941e5bdf0e76
fGn_0.25_n256_r52,0c65719ac17407f217b7bb2d8215d02e6519cc986fbe98f12910b575ffb1e300
fGn_0.25_n256_r53,7a9e918a4d80c461fa1c0c2941983c03beaa360054a2256b21abbaa377a5d7cd
fGn_0.25_n256_r54,65f07fc05e4abd734f9ec25b30efda60703781ef7c341bf4f691143e3483ccc0
fGn_0.25_n256_r55,1817cd38bb9c73b4f4414c773c437d97b828cb0c80a6c3cc16c90b55571446d0
fGn_0.25_n256_r56,d938e13fd1aea5d0df51f46183e4521cb429dc14ed44479df7077fb867c32661
fGn_0.25_n256_r57,eb72052393d72bfca6ac31bda4a07e4c520f279a1e45db7d5334527cf9bb9233
fGn_0.25_n256_r58,43566359b935a575d399449915cbeebe9fbc95ceb9d6a5dec73aea8935e0f161
fGn_0.25_n256_r59,e13d87eb5465cd09f62d0b510da0c686d6e916f7c41a7bb707e8c152d4835ea5
fGn_0.25_n256_r6,d0a2f3e3f84cea16d62a7c50b35620085131632cc8a88914152c9570d66b6c8d
fGn_0.25_n256_r60,047db7d0aac6a1b51b9a5661525d66df9001dd5efdd0a1ee5039477e2c8dc960
fGn_0.25_n256_r61,518826194a7ae99002d5cdcaa6c4365d6a3ef03e40111775f3b0e1b32cd8bea6
fGn_0.25_n256_r62,66b68d32a29bb578ae22f222b037708aac7bdadc108beb83ff5945cff5838b43
fGn_0.25_n256_r63,82e7b6eb9f3a59319a19bd6be4f065c9ad2286d3e845ea2469e5881accd35c42
fGn_0.25_n256_r7,eca5e9d97d443f4fce856a1018116d13e9b9074e0c10eed9dad7ed089bc6977f
fGn_0.25_n256_r8,322b99b02665db2747719af6e7c736e4a3f5ab0ffc30b287f37735d892738874
fGn_0.25_n256_r9,bb692847079a5f20ae416d40f3910f41094bc789771e4e685ae95bd85fe28791
fGn_0.25_n512_r0,ccfffb8c83e268e03e1c9bc5c877b9f54ac598cc9bd0f6d43d93f2514893144a
fGn_0.25_n512_r1,1c703cc0a4b72ba08bc48cb2b760fac375bb1c93803a51896960664121e20df4
fGn_0.25_n512_r10,5a1c59d3dd92ff81f3a395d4dcff78f8b3386d7569493791efaa1a401f01124b
fGn_0.25_n512_r11,660b6e18ac5f6a8ef93a348c5ff14992604acd47211251361a502b30be111dca
fGn_0.25_n512_r12,77184ca128330db03b2931962e02eec2b08765fb43380b7645c0b55e81db3317
fGn_0.25_n512_r13,7e9d8cd641b9c6b969687cd2046cd10b22e209a6926cd4bc7d511f48448eb079
fGn_0.25_n512_r14,a1d32f8f82e17ca50fbac55b5c30d4e1e158e82bb6451123fc9e25f85d9bf933
fGn_0.25_n512_r15,27346f29c4e3d1ee5c96d155c83208085860696f9c46a9164824aa418653b6e9
fGn_0.25_n512_r16,d1fdad46911df7e0403d3edb1b6dc421b1c5def33fb15163755affe47bbbec8c
fGn_0.25_n512_r17,bf0001963d41fd21d77282167331531ddd07651eb02022b316dc79bfd247d57d
fGn_0.25_n512_r18,94834592a0b121a97377543e75fb910e728c85fd8cc46822a6e00217a12fee07
fGn_0.25_n512_r19,8da9ff8591375911df0a7b9d0d04f5717fdc5134a53435fe163d32be1af0553f
fGn_0.25_n512_r2,3674e039e9ba916945241d68d2cdd194cedcfefb43c229baf67a5e84183232f1
fGn_0.25_n512_r20,b442f11c98f6e552b2294dd76e47c3fd85c46403f255c166672ed14cdd1f726f
fGn_0.25_n512_r21,79c11279648a38f435147df15ab11579a1fda22fd0143720753f703a1e8539d3
fGn_0.25_n512_r22,558198c369199ab70dcb94406ad6d3036b2aa6bc0f5c0ad6b9a2b94a216e188f
fGn_0.25_n512_r23,b4ea98611384e7d165c62733ed425ce608094eadfb866956b779f15dace9e2b8
fGn_0.25_n512_r24,6d8c53f13779940c1a43997b5c8eae7fac40c491650686264aaa27004bc8a6f0
fGn_0.25_n512_r25,46a3914cd2e464c5512adacf05e231f7df193f36bd96d235e1ee0c0a9f6b38c9
fGn_0.25_n512_r26,3edcbec6953ce556d63c3ed6562936a12aec3c7736201410ea5f97bd208d9bc4
fGn_0.25_n512_r27,f4048eaa0fb2d7022f24a79c2859b53a1649be8e12b60d5b5bc65e6aa6a10dff
fGn_0.25_n512_r28,6a4cf4b473ea515f98b4fb64172c1505a4a81c55ac78e2b98714b2e82567db48
fGn_0.25_n512_r29,31c3e843e58761f0bd65d0e12c87ee378f3fdfa3af5c1bcb073fdbe22321a291
fGn_0.25_n512_r3,c31302fb468c042b1696a90244ec3262140712d0b1ebb380db3c454fc2eb0b76
fGn_0.25_n512_r30,33851d3a876aa4ebffa4bbea35051782242de4c266cd38f331b451f4f4f114ec
fGn_0.25_n512_r31,a28772a1e197fc76b5e9ca2271745a681302c654c6ade42fa076361b477fa6a2
fGn_0.25_n512_r32,5588fe6c942a8a475fdedd81bd00850d7e10646adcdace1018f35a258baa5b83
fGn_0.25_n512_r33,6c8790d64f9073e0f9e4b8beb8d880af390f35db7d3263e56e9fa5ff09f471f9
fGn_0.25_n512_r34,11805d4682e2dc3419a2050010ae4f9429f2d6905ce7d0653e9bd3fe1d52718c
fGn_0.25_n512_r35,4fa747d8011e79f04985016d1ddfc810e9aa205bf2ac0a41c1105c737a169d42
fGn_0.25_n512_r36,43b9ed543504672acf64c6753a2179eca21c6b876b92c11877c8657353563967
fGn_0.25_n512_r37,3aa700ba5ba81ed7ca6f378378f827db0e6a6420d07e418d1898f24101113665
fGn_0.25_n512_r38,4bff49a997758c100a1d09894b1d49d99c0df6c6467638a65dbd7cc8f96f7747
fGn_0.25_n512_r39,38fde6466535db41e97af34c03fa37a42dda262411c0b67aeb41c8e79fa395d2
fGn_0.25_n512_r4,2229d8fec8f3b9bab523573f7466bfb22b76b68ac2ed112dbe329b4b21c357ae
fGn_0.25_n512_r40,d141ae1244c9db68005bdb664517a610d31d51bde450b5960024278179e0ce72
fGn_0.25_n512_r41,08e73d0640532f48a0413d1bb94d55633fca2415cddb663646defb9866b7ce46
fGn_0.25_n512_r42,6807d6b32df284b31fd373ecc3aff143f0b62cffda39130442bf915085bd3ce3
fGn_0.25_n512_r43,c4ea8d8a0c256f566d14a0a8a2f14d8094476a4d75ac874516e191823beb4751
fGn_0.25_n512_r44,9eedf932ccc499a781cf582477ecbaf405b2b1813eaedb290965ced3cdf3cf3c
fGn_0.25_n512_r45,6001420dd1121ec501f4fcdb3c7da3ccd3454b8c25b36e801182987e668cfa16
fGn_0.25_n512_r46,51e2baed7d312ef043167d10ac1fd2696c2319681189567e936bbfb06a05c906
fGn_0.25_n512_r47,039e1400bcd24b763560ae65d9da854486d6087bec98987b706cd8cbab6ae49f
fGn_0.25_n512_r48,19d49d7f956815fa9958ef21243f135c187408d8886717b75490f3b099ce9662
fGn_0.25_n512_r49,c894354982fc9ef2a5851fd7db93e5071e03362d49b6f3e6c2c792512f7328d5
fGn_0.25_n512_r5,9074e64066bddc791711e1fa54fa95f75233807a1751120887421fb4670e7469
fGn_0.25_n512_r50,5af1004476a42e6c4a4294f8afad72edac2ff7f80cd59916bebbbf63db5aa921
fGn_0.25_n512_r51,045b24c38d54d09d51eae8b8469fa52fb08dc3b9581a5aae1b51d20044466809
fGn_0.25_n512_r52,765589bfa8f0b7f40282872307dd1bc346c5cd02fc4add24bc2190c6b83f344e
fGn_0.25_n512_r53,38124ecaa0f7caf0753720adb4318eedbec0648c12e4f17ebac4baa87b2638c3
fGn_0.25_n512_r54,f0c666927ed1ccf72d8a838799880f9b5107c3556cde64bf738c62835a807b0a
fGn_0.25_n512_r55,60913e9806a9731c196086e57cdd3f1db9d25a6c0e470ec334f08c25324c6b3c
fGn_0.25_n512_r56,43c0b60d04f1175d1424104fab449fbfced3aaf6c75d21b92de1fca77b258eaa
fGn_0.25_n512_r57,53f63afd9e9962fa128cd4dc6e802a1bc6a63c4e08cafaff041daa811386bf22
fGn_0.25_n512_r58,cf247577eacdb6891724e593a33f38f97c00d764debab4ab1e043092df3aaec8
fGn_0.25_n512_r59,113b3c1c6fcff4b9b9b88e5f92bf95ce6acdbe483e45072519fcdfca5ad96b78
fGn_0.25_n512_r6,34132f3ddbca5199a89882c42027651da4ce7c08c6637ac43336bdb343121463
fGn_0.25_n512_r60,57467dbb3ce55a69d80dd743c10182596d09351a944356d2b52c06827133bb37
fGn_0.25_n512_r61,9b885f7899b52b9a91215ed0d2ed415642c9223c7b38e7b7d77b6bfef644616f
fGn_0.25_n512_r62,bab151b62776352f4e6e5a35f1b2520f485dc65c658bbf1aa86417ee23b65667
fGn_0.25_n512_r63,ef4faff33eb1a6584d7cab3375ab33f9b52a8d852995a2caaa4d6aa6fe3190bf
fGn_0.25_n512_r7,5a8bea36dfea55c79f67d1d25f455e6e4d302b0b8bf7b081e63882785502fdeb
fGn_0.25_n512_r8,7f6845e3a743876450bc408cf5fe83c4b1cd5583c96be73d295f9263687df9fd
fGn_0.25_n512_r9,cb9eb11ba84f59b4bc008e860c7aeac0c0ac80a02fd6e4403f962f34d613ce2c
fGn_0.5_n1024_r0,62c0587d31a715fab0762a91880c5caefa171722e6dfd0d9d97311f9413b0c9c
fGn_0.5_n1024_r1,677155d24e217f450e5cd70b6d02ebd16c9ce7bcb21d00367541bdf86b8db8ce
fGn_0.5_n1024_r10,9d2d9c0e33865688bfaac732460fe1dbbade25505714cf718132254078422265
fGn_0.5_n1024_r11,edcc9a8142d04c3554bfb08ea3206d03d4a778032570ef7d59f9edbdbc476ca8
fGn_0.5_n1024_r12,2920b8d5a4bdfce8373879c8f388fe6605b12b4591f20302ff2e4a10cef47306
fGn_0.5_n1024_r13,a769f75f9374f48246fae1ad1e34fe665d11879bf9d7c4258195071e1e951320
fGn_0.5_n1024_r14,d7017dd10c7eb09e8715e38494a219551096805c4533ea640674462069020767
fGn_0.5_n1024_r15,05f951f25eb06c73a5a519243a88509d0503a75a566e9e93edecd425d114a84b
fGn_0.5_n1024_r16,507de01a0ad0cfe5b97468b19cefd979c043c476b98539135ba64da4e5697bff
fGn_0.5_n1024_r17,07900b973556f04cb58e42bf478aea16ab20f95777ec06212428c7c7fcb2e928
fGn_0.5_n1024_r18,349963d8a549c2b330faac79c014f78fd1884074d2896c915f72da79dd12af9e
fGn_0.5_n1024_r19,02bf54e2eb7747e2161020b3b44c129258df902d5ab35ec8931524c5453f57b9
fGn_0.5_n1024_r2,031d45c4f8986f1ef3a46968774110b5fa2599858f3d3c9ee982f95fdf35fff9
fGn_0.5_n1024_r20,0799f9c751a17b1ea611ac98801af8dcc5e4491178de28c2ce5beaf2dc519b55
fGn_0.5_n1024_r21,bfc300d9a4b722253593d5acf4e7d1b1513f5349b5a2fd447a88dd57f5a8fea5
fGn_0.5_n1024_r22,40951f694183a27c8cfd7741eaf58d4e40e74823a5cc2c5f21795f5a7a4c1393
fGn_0.5_n1024_r23,e3a17483581a5c56c57ed50c0efd6511ce5854ad7da7a3246a97e3e32c677f48
fGn_0.5_n1024_r24,bbdb97788c2e2716c24af2cbd39acd60f8268efb054ce5c6477888596ff99e06
fGn_0.5_n1024_r25,afb6fa3362df39950c75cce241528e82adf4440290705caaa7b525c8b5c975a2
fGn_0.5_n1024_r26,a9163058bb66883b105120f382c3b6e2fb2cc326ff08b74003e3755008c9d1db
fGn_0.5_n1024_r27,b27d6fb36defcdcd5cc0f660892585d8d61bb18d83f1b669e5b80056f8de01fd
fGn_0.5_n1024_r28,557596d9687f718200fa993156760f732d26496b38c393b4b2fa66012cbdc868
fGn_0.5_n1024_r29,51a407fd231034a5f9fe59a9a4ec23f4e118916166aee09376d5f42c17b19363
fGn_0.5_n1024_r3,7834dba71c56f9c25b19461663c94643520e33a1449f7671aa37481bdc3450fb
fGn_0.5_n1024_r30,e95d336f44772fcab919bbec6f16eb8815293d1df4a800a65411367b6a82d3b2
fGn_0.5_n1024_r31,c0139034e2900c534abb84c674e136993f9617be5de5c44ba89afd5fce70d502
fGn_0.5_n1024_r32,41b545952ee0a7f9ccf80256ab685f6127dceeee867771bb885ebbc038f70d22
fGn_0.5_n1024_r33,2d98b7d8bf60dc9350b6944a51b0cc566f735fa1753e2607460550f78acc7759
fGn_0.5_n1024_r34,c72bbe15708d77285bf5cdd49b769de9d3c0eb449235fa00f5a080c65e0afe7f
fGn_0.5_n1024_r35,68735e15291e9d4f26e25e3521e740d2d4231dfdc527654dc7db5f61e80221e7
fGn_0.5_n1024_r36,1f9a4ba45469bf27b7697d9dc61d055102394200160f7bca8e17e5fdfa565730
fGn_0.5_n1024_r37,d06ac84725af93e9024b26df84b01856a1a8031f19a28f032cdb039746368368
fGn_0.5_n1024_r38,e849cb21aef563bd842c698d6e904d082700010722188a5382e28dc6065418d6
fGn_0.5_n1024_r39,748aac4298f02f251026d200d98ef25d69ccd7dd6fc47dc780ad6fcdcf48ca57
fGn_0.5_n1024_r4,b0ebaa2a186e30200ce4fa14f5da073cc82555c23acaf960447a8d41f53fdb7f
fGn_0.5_n1024_r40,8319f473f17c0db7d7529f701f5d0208056adb5af4ff8d5e36c9b25fcfd6d68b
fGn_0.5_n1024_r41,ae433d0b0338ad7683658eb6b80f8c6595704bea0209df1d08045e264a79923c
fGn_0.5_n1024_r42,9e528011a94160cf1a4097439bd13467395415a5a8fd613ee1c0d452b20775d6
fGn_0.5_n1024_r43,4798dcaa7368846febbdd80dd8639a998d8a2cec3458c32ac4c408a450f52e8a
fGn_0.5_n1024_r44,40a598df7645b911fae100976fe45264f2f7f867454c411503425f93cd02821d
fGn_0.5_n1024_r45,89034d017b61433ca8c07983b198ce1c978108bf74bcdf36c53d9463521ece11
fGn_0.5_n1024_r46,e868558d277f33218842d6094b3348abd77c120f13181bf9b3b868f3dc28fbd1
fGn_0.5_n1024_r47,a2990161cdc2384690bda119da55ee91c39a35a817b77505675dc361404a0af6
fGn_0.5_n1024_r48,3825e4ce884e94f5a270bb323712b6f504b0559ce27a31f5208c3bac52790952
fGn_0.5_n1024_r49,fe3f740052762c0014fea0354dfaaace892fc6c3b559de77bffa78425bbcd3cb
fGn_0.5_n1024_r5,cb7a8b927f50f305e2a3c029ac7bccea71de0cd62609e2586a6afc5be3b083f4
fGn_0.5_n1024_r50,bdab5e81e8e6e5b017c1b59e7574aaedb7ec244f6944393ad26760b7b52575b1
fGn_0.5_n1024_r51,44ff461aef1adb0fafe98b2a8d943393f756527106dbfbff1ec5fe82b8cae11d
fGn_0.5_n1024_r52,4a1ba1363695eaa81751a62341b4fae23ca7f4dddfaf6ec3b7c295080928b122
fGn_0.5_n1024_r53,c5ce37cd154df478362ab726f529142daa31c42389b21f6aa5c2b16b37bcf9a5
fGn_0.5_n1024_r54,b6a522ef936f01fa81dd7242a80b0f17a4e149f774f30c634b8fa20ac7a46ea2
fGn_0.5_n1024_r55,2d40734924558f0c23c78d8ced8207d43e173db8671e3e7c03687d1774cf2919
fGn_0.5_n1024_r56,76b7cc92cd45af0c058d7e97b1a90083c3f55e3aa13a114671adab54e24f3042
fGn_0.5_n1024_r57,92040db8e854f0d05b22743ccc36e80f45835e290cd3e2ff6303d6d371a33e82
fGn_0.5_n1024_r58,3d666978ad0e8baa7b3ef00391b87d50810a7745e0842045f96615af9ab0eefc
fGn_0.5_n1024_r59,1b9497f2af0633f42252ba201292c0d1047fa0dfc414d9ecb559aa2395985dba
fGn_0.5_n1024_r6,081c2d57705917bbfbbb66888a542f2deb450bd6b235acd4801c75315dbf6d9f
fGn_0.5_n1024_r60,da77dbbbbbb526c40b323070a07ff39e190a96d175e5434af2158b2fd432327b
fGn_0.5_n1024_r61,91e0fa67f62a2c305d5459d6ac1041e347b8b77d54c4fa978bb2648472451586
fGn_0.5_n1024_r62,87650fbb84f5c937352c6e607a27ff856870e95bb90f37fec5662edef13111b5
fGn_0.5_n1024_r63,2ee0ce3adf9b40857dace7dded75015920da49ecbd604df4f738022e7f9fe384
fGn_0.5_n1024_r7,4f8e4ffcacd2589f3b0621ce6b97ff4777973366eb754dfa13c072576ea0ffed
fGn_0.5_n1024_r8,19a075208742efcf0aa171ffb1804b4948c7e87de75bfb4ce745b2b02952173f
fGn_0.5_n1024_r9,bb6b2812b9424c96a3e3512a5e10feecd8152f5c18eb5424f7b910672a255f39
fGn_0.5_n256_r0,37422f9af8153f959eb97e621472e8d3085953886595c93203cb80bdc170330e
fGn_0.5_n256_r1,d7e42f4411f6b4d6d692f77369540176bb91ec4638d445ea6747c4a79ae760a3
fGn_0.5_n256_r10,3f59976d30abb218f2d7ccb2d3947790f66bd44d518b4a4ef7e3f85ef558ee01
fGn_0.5_n256_r11,9717925fe03dc757c78ab1814032da656d721e2b43508c591a9905022ffe0886
fGn_0.5_n256_r12,8b5063c3355a2afb9c6d02b2a56325e548ee59cb37887e277d6118667c7ba7bb
fGn_0.5_n256_r13,5e7202ad77d223ada749c21b3780c4098d89a1a40e1ed46bcc1c083caa372f67
fGn_0.5_n256_r14,17a1c4422a3c47ec9e45bbd404a8f4c65e8e1805b476c8ef7fc7a54232e2fd71
fGn_0.5_n256_r15,984e2867a3c015605af8c8e8a6cb789b5a2c69efdcf0f001303a57f5b7be28a8
fGn_0.5_n256_r16,befaf6a9b7f6a1b265ddae30849bade71a914b29d81281045981e7915e42593e
fGn_0.5_n256_r17,8dfdfbcf76b6a8244a4c6586d6e513c0c2af2e60d10024006997b4dee0ae1c55
fGn_0.5_n256_r18,ad739dd9e5c69b0359ce3796efec5ce8f889f0ce8191970d66b874df0675cae5
fGn_0.5_n256_r19,efe8941ccb53cc787e3d4aa28680a44dd5b6d59a06b279170799a8d77a857557
fGn_0.5_n256_r2,b9aa11dd971e9017e9b8033d6d512e107135833e0167d9d746f8e388586e9cc6
fGn_0.5_n256_r20,cd831cbadab79cd9801dd012ca4d3021de4110e7bebcd047e2e423f69e36cda9
fGn_0.5_n256_r21,ee400262ab050dd65d3ed2794c06e679ea7cc6a2d4cf2660c3f0cde59ac1f0d3
fGn_0.5_n256_r22,0206fa5a7d8bf4b7596932c5ee59cd1a599763b12568f27d217b05ab2c74b2f7
fGn_0.5_n256_r23,6fedd1894fcc8b602339747a77fa2082179ad59739c520de1378260dbd248a84
fGn_0.5_n256_r24,173682391cf14d72491e930c9397723f69e1dac82cb22bc012c3cb9ed5978ea2
fGn_0.5_n256_r25,3f4c759bb69b361d6f6f785ffc02e2a75661e2a2a6f30722c38e4caf2be16b3a
fGn_0.5_n256_r26,5cc4fd9ac10a20a66f0905088f4eb817e53a288604f2b7b6ad8b59b5b1eb23f8
fGn_0.5_n256_r27,dcfe9533a88978840079cbaf5888854c322ec6449833d91cdec231084f39ae7b
fGn_0.5_n256_r28,b6bd882f8deae874b165fb57bd281d17a8fee3beaf8e323d8fbda1473083c16e
fGn_0.5_n256_r29,3308fc7ab94596add386a024dec1e1e4cd9b1fc7d01648baf76e013c18be7444
fGn_0.5_n256_r3,0bf6103ba3c6700daa59ab9605addd7f815c8199c1bd4c160c9fc710a142ef11
fGn_0.5_n256_r30,993a9ffb830f9768817d87b40e09acfc27a850ee47d289e6a1c5acc62f3c1924
fGn_0.5_n256_r31,5acdfbf1bd5fd57e62a54cb63c552a5c9b538c6f37aeca4bae61a7328782d63a
fGn_0.5_n256_r32,cf89e402e7c2ef4f9a257509259ca80be33cc7dc2666173a5029c621543252b1
fGn_0.5_n256_r33,f58548c0dfd3c828216f4cd4c3c84dc6907aed875f25989d9a4141cdc3c9dc85
fGn_0.5_n256_r34,252a3383e87c9b0b0035d3f6cb4ebbda2f0265dde8637a78418d60e98960b65e
fGn_0.5_n256_r35,0d94fecde280f7de5240ba490ddabbbda640e31ea444d44ebedebcfd7b1339ae
fGn_0.5_n256_r36,e85dce3db75e9c6d2f31e14a9aa31d039fe227df0dd68ce9466a8d2cba527119
fGn_0.5_n256_r37,3cd8801b37c8381c33a6a065fe1d8ed7f1fd49ad29652a734f0c36b1188b7e77
fGn_0.5_n256_r38,e1a99267b7967d61bb2f1fde2014be548f659c54cdefeeabf7ace5fe5e9d8ae7
fGn_0.5_n256_r39,c5fbefcbeebce62d82e9c675d5e57e2bc86bbdf979c5b7e0f0ed390db03e24d1
fGn_0.5_n256_r4,01d3d1df79f1610b85244b3faec496f58f4e89d1fdef81e80609a1193e927c84
fGn_0.5_n256_r40,c57256a0d9431ec4c11aef53f59dbbb338e5591ec98762ddc9417d07ed442b3a
fGn_0.5_n256_r41,bfe4772f35e0d41c2b803cbfefa92bd56297461f7b7f5bc8877005030c4319d5
fGn_0.5_n256_r42,e06e61ace496ecab8a710942f2c399c41beafa6e3a34fe166394aec4a062a926
fGn_0.5_n256_r43,db81c6735b927427d7ca405a137adea27772e5eac4a7819580cf858093c8ec75
fGn_0.5_n256_r44,0b93b0b1cdcbf4a9a63e76e5c5e728a90415eb4562e77e22fd0f01f1428fc3f5
fGn_0.5_n256_r45,1649784026fa73a7955f202601706f89426daf613d0e0f68566846a35a0d4937
fGn_0.5_n256_r46,83be4a15bac1b0cee4134d3c6cbea742976d115d1bd9a912e57e13396cafbbb1
fGn_0.5_n256_r47,9cc1d987ba13ab23f3f84edcf21c4f858c7628bca17800fb59e196d7ed744209
fGn_0.5_n256_r48,7705bf9f3f67b50ffc21fd0ddce6bb2b2fbce9a021d1dfcdd24324a5644fb607
fGn_0.5_n256_r49,c2acead8ef9cd625b0ea980ba6b24ac726c034a1c88a5d5ddae18f5fb4b028e7
fGn_0.5_n256_r5,3bc5ed34111a058b0db819a1ed815a97c5eaf5ade074ce3d5fcf54c4a4d93da1
fGn_0.5_n256_r50,592edfc64a39c26450bec406f9eab42e1f584dd96699655e459a70f3928f881c
fGn_0.5_n256_r51,c5aed1abd1d92f13bc669e29b9ffebf3c0dfdafa58f5cce915ad089dc7a69b81
fGn_0.5_n256_r52,98e60eb9dc01b77227c82b26bfa851bed9902305cf0b1b5247c8283f75160bc9
fGn_0.5_n256_r53,296b0ad5771ac73bb45424f1e89dee6dcbf5d4eb0da0094877f9161d761e0c14
fGn_0.5_n256_r54,475997f7b87db0ca9ddbe5133ada2072c7213f68b2482eea5be4c57523dd39a4
fGn_0.5_n256_r55,5a282e0b0a1d543c63ba63fe32d5e983eee8a293e30a7cab6674ec607d4604bd
fGn_0.5_n256_r56,eaee12025901412752e7e739fa9fe64e43fd756ae4cb3d84fcd2af1039b88832
fGn_0.5_n256_r57,27ac8279d444a7cc1614b780b171c24b425823bdc91da5872bb76a4a99132f2e
fGn_0.5_n256_r58,57b0bc028043eb52ec6c653c2cd832d9be9a193880c4f6cdc80f58e4d986fa47
fGn_0.5_n256_r59,47fb8c5d664e52f311f905a6fec6913f4f6572dceeadefdb1045cdbec2ba90d7
fGn_0.5_n256_r6,b494e216cb62d4c5d64d58556eb521f44b5c0743eb11407eea32c4dd007fa7d5
fGn_0.5_n256_r60,f73a41af5ce31a777d484a65ee59447c0153c4832cb4e6ae0c85586977170d99
fGn_0.5_n256_r61,b5f8fc337df5152c6579a905840fda945d11bfc774e4f9d3b60ddd071aad1040
fGn_0.5_n256_r62,93cebce8b3a5d7259f8573abb49a17adfad66b438b408eeaad2e1f8365395672
fGn_0.5_n256_r63,d6658934361c7fb85d5e79f6a82bb9fded8deaa8cf61ca15679448d3fd46ec04
fGn_0.5_n256_r7,d7014c000b15d91aa124afe7ca6afa65465f7e7f464ce43a876286e33742a936
fGn_0.5_n256_r8,bbaad8f967df9cf0515f01c8af6ff8a823d29a1ada46d77f48d2d25169e7e957
fGn_0.5_n256_r9,9efdf6167ccdbf1c9ea97c110653a763a8f20f07e8128d33dc5c4910241fe4dd
fGn_0.5_n512_r0,3fa379c5cdef51393cb0b695e0a61e7d005c242fb50f0e432ce64cd4b7b9ac53
fGn_0.5_n512_r1,f8e11091dc015659903c94632aa7106b1cd1af8a137c93e142e0d2ac3271df18
fGn_0.5_n512_r10,3c087a8bed75b2b3588d20e83f9f4407a93198eaec09ec28c7e6a01037d84ec3
fGn_0.5_n512_r11,10bebb11fccc90f11f2de3fa285b4119bed8b2dd60b9b8e67cb79e596adb5951
fGn_0.5_n512_r12,f128103662a61a2a7c161bb06fc3a71f39c5409d2582ac7aa12392ac6f600dcb
fGn_0.5_n512_r13,d50373cad84ebade8dddba591be39b55bf791f8d0027aa06687c0babb4bcff97
fGn_0.5_n512_r14,362270586e545876feb0da70257ad2e321f16482efe11db16ad68a4a1728e2c7
fGn_0.5_n512_r15,50a9fa2c82bc5a4558364ff2d4d635c064672a4a924b427f9b061b715f3cc418
fGn_0.5_n512_r16,e4d54ef4748113a5f0ee4d1f60142a26b043a5405cc1eb3aa5450ce4e4b5f918
fGn_0.5_n512_r17,00e4ae2487732957bc1c03822651746c79a86f59eb74c2c44cb1dcdc3b9f8a11
fGn_0.5_n512_r18,f83bc33d2f8790880317b6861d7a991d50bbae6224f291f1321b233c308f5de4
fGn_0.5_n512_r19,54893836899ea7beee2be5a081dec7e85540bea8c3cb3b687c150e3e072fba0e
fGn_0.5_n512_r2,7a8b05661b7850cd1bd495b90ecaabf66602659276e3cf6ccab2342f9a463fc5
fGn_0.5_n512_r20,1aa5f5c4044010cc148ea26dfe67ed570b5b650ec23ec54d62af6964bf933b1e
fGn_0.5_n512_r21,eb38ecb2d80ce9eccfba5fc1f40f9f68c93e4234e5d179b8fff9eeee5c99161a
fGn_0.5_n512_r22,37f0bb84c37b4d2994e445bab0b0ba75493d2f22a09c05d686876ff042908756
fGn_0.5_n512_r23,1393b2d2bded10f7a5be59ec9a21dd1baed927192f978c20feeae51fc1fbe76f
fGn_0.5_n512_r24,cecbd6892d0b505c00f0e376cb60c6b10005f5fa561df95a212a3358f03e3138
fGn_0.5_n512_r25,663b92909cdf8ce1807c835d4194642ad2ac43dc2c0f7c6502c3ddd1e78774fa
fGn_0.5_n512_r26,5296a7bb1d96f65ba18dd60b5a60e251a783db2b54ec3af171596d23db5c70b4
fGn_0.5_n512_r27,8711fa4f925d5aa3912958566e267323e5a78b8fbd19245178e97615ca45bc1d
fGn_0.5_n512_r28,e831e4ea57ab39e9bb8961d0f22f0ee6888f68e156cf9ece38adb3a7664dcd34
fGn_0.5_n512_r29,7ce9abde2607de3cb459776cb51b359a094d035b580f7ea4850f65f327361053
fGn_0.5_n512_r3,fde07ed580e77ef7e1387c4195f990fe2bad6f2db4f872e5d1185980da163db3
fGn_0.5_n512_r30,4b58c53eed0ce58cea7008a49e2cead1fb9659a5a93fc9653875d1a22e10fc6a
fGn_0.5_n512_r31,71a9811fd58d9d3e8758f6b1c1d5bd01a88343ae6063b2f93600ee6d32f6f563
fGn_0.5_n512_r32,c792f1ecfb449be6c6f9ee4fb3ede1f0f97a754874f9192b031fd5ede98a9b2a
fGn_0.5_n512_r33,fb6fc3703dc8f4d72104cf44bf27554728288d293bf6c48953df67a9eb61a05d
fGn_0.5_n512_r34,66ffe8978d7ce7b184edc9626034c7fccc52a0140876a767526be9986eeae143
fGn_0.5_n512_r35,5cfcee30bacee2722090568ab15d34b8a92f5360fe4f8c268332c6168727e45c
fGn_0.5_n512_r36,44ac8082a4e8e9af18c5d3f078de9468a3241f12d2208c434b6edfbc2ab02cb3
fGn_0.5_n512_r37,20aea935d67f8553dc5a45becc18840cab998be90d41292d725df4693ed39a00
fGn_0.5_n512_r38,01102cd7ba7f4c2ece55067b014c7b217a919a96d33da73cdb63400ad0752e64
fGn_0.5_n512_r39,2f153eee378c35b7faa3890e0060e59b865e4f36e83934895560084ab772ef47
fGn_0.5_n512_r4,7465b4d32d7b228db5bc15acb1c250adc7bede219879bd80e8c01ff3679ea509
fGn_0.5_n512_r40,a6f071142614bb3aefc13cfddd7c76380ed46424e9603181542bcd2a64441952
fGn_0.5_n512_r41,bc6d6afa77a9ce81888e4a5014153dcfdbe35c19c1ec470e782cb44d51fa4700
fGn_0.5_n512_r42,7f794947988a3185e370ddb0497926e16013cb01073be033bc90edf20715b21b
fGn_0.5_n512_r43,ca114727fe7a61e1621f1565e176c192918f7b4c109bdc1c1626c5ac828e4c6e
fGn_0.5_n512_r44,3e52d41fd1098b738238d29527fd10be49525e6db778be24ee1b0f0293420aa7
fGn_0.5_n512_r45,cd390e8e5f821ba1fc3746b20ea390e121117bf074267a3493df55fb9b53a885
fGn_0.5_n512_r46,d08fdf323baab3ad2e3eb5e9b724461873248ec7aeb25b778ec575fc19dcf365
fGn_0.5_n512_r47,e647d33d6624dba7ba681ee44e2d424a73a3caf18401a9b876ccfb1f9cf5845c
fGn_0.5_n512_r48,6c18c69ee731e63f846febfc713fd5c8be098ec5525a2e926c47b9a932f03a0f
fGn_0.5_n512_r49,aa538c6c870e6bb800a51cb9670f36126a475255d7f764c79fb5fb5b5d098d58
fGn_0.5_n512_r5,41f516f09d13d51a6237d541fd4754e7ff09b387244a352fc0276afd575b60a8
fGn_0.5_n512_r50,f4a833f4b12e4780acd343ca0b7daa2700d84fc6fd2c6d9f3b500dddef2bc64d
fGn_0.5_n512_r51,08c9b8f3574267445ca67ac6823be0ec2306bd8614fb24747211f9b4c4f45081
fGn_0.5_n512_r52,08320bbe6e76f38631c3accefaa5f5519366ecb7fa8b46df5e19f67a28558915
fGn_0.5_n512_r53,55d45ae43202c533e78a145cb66dc93779baa6bdc0e85c06e9808b5d083a687e
fGn_0.5_n512_r54,1fe7432c4926400b962218872f3fb8b2cb216070efc89607a5315581c6b12128
fGn_0.5_n512_r55,4372f7ce990f7b3a02de44ce09200ba279a37fe60c3b033035a7714e15e982ea
fGn_0.5_n512_r56,3fca7594c3a8a66227d3b1ebee58282fb8fa08955e8a9b015fefa5c2c899080e
fGn_0.5_n512_r57,2138819fa44834bddc114bb93ae38eda2f34ce0047b3171f83506aab870a5538
fGn_0.5_n512_r58,267fa23217f44257e8b8a983cc8477f460f599ecb1b7075de4d2550c2608af4f
fGn_0.5_n512_r59,6e1e572227431491cda78f40a6632287f71eed9ab50ed3ff1a86c0955c3fec41
fGn_0.5_n512_r6,2be0af4d6c3136623e75591729e6072347b0db2ad99fa990c779e87e5af2ed85
fGn_0.5_n512_r60,7d55d0797cf1dc657f07645b245c0e5cf736d1f2e2522fdb79d334f92d82d647
fGn_0.5_n512_r61,d33a29e04c72d91122eb79e9baed9726569c5d835ff44658f4d049f858904b48
fGn_0.5_n512_r62,f20afa47b1c58c7e099d91bab692cef0ddb4b7bd948ab85c01750c9fae52d33c
fGn_0.5_n512_r63,b109a7420ad1c97f9aeb1d8a72f54a49a3b674e135c5e234a6f78160d280156c
fGn_0.5_n512_r7,012b637143a65472956ec173514eaf6b2d7a9bfaa3beb9d39267685e6965de46
fGn_0.5_n512_r8,e454f9f72cfa4250eca151d9f3ebf295f0cc15886235176b7281bd147f73e64d
fGn_0.5_n512_r9,42f7777464cb2831d2a070e6406378bb400782177a70d1a25a9d756119de8d40
fGn_0.75_n1024_r0,4daa556015c28c768e277bd0a63afa0ec1579250d6cae3a9998fdbd642ad5b04
fGn_0.75_n1024_r1,d2cc322fd4fb03cfb60d860662d10b901ecffc41f711f4002882f595f179480b
fGn_0.75_n1024_r10,b82c9515f22dc963104c0f528691f079dcaf6ed01b62ab85130bcabf03bf8dbc
fGn_0.75_n1024_r11,defa4e85d4e026bffecf5b4c829b9a6bb573abc9490de0a44a48ef2bfbfe2a1a
fGn_0.75_n1024_r12,81fb0ca9ab36e8ee450caca2679b7cdea0e9af2c3acfc990906f2b153d75ef7d
fGn_0.75_n1024_r13,e962172e4a9d037d27be99e8af7b76b9b74b7e84f8304a4941d16d257aa45f77
fGn_0.75_n1024_r14,5bd04ed42d38f2ee393f7ade84fe57ab723a1716318019946cdb72afb21fa2ef
fGn_0.75_n1024_r15,c75b9453ba69f9e4cc58790052b8b52b8d78016e18bb111569c012124190da30
fGn_0.75_n1024_r16,7da14038195051fde1353673723880cf752de735d7f9fdd252f098a3672815ed
fGn_0.75_n1024_r17,2cca8b2a93a7d5d23e0fe10953e4b7ec781af5030aa67690d4fadbe5533c1dc9
fGn_0.75_n1024_r18,5e2ff90143591f5429d0f30739dbe8dfed67cf05b5813132fcda4bc153c90160
fGn_0.75_n1024_r19,8fe1f2f1c82433222facea1aa776f8c0881f64bb3988f3160f802f1c1424f65c
fGn_0.75_n1024_r2,d946361791734f951473043c3945f7f6c7beed3249f7803080c924e8653eb5ae
fGn_0.75_n1024_r20,c174b56a8ff1aea34e3c38628c84d9e8644f441d325fad987e91ea3557bf890f
fGn_0.75_n1024_r21,8c6fdf2c8fc4aad4a99d6aab4a28bfaa2a6d5df2f0dffcd58262ae46b9a05c05
fGn_0.75_n1024_r22,2f21fd6128f7267ed53ff2f479369932de72d2a870bdd46227f460466d4942ef
fGn_0.75_n1024_r23,a6f5dcb9201c7941120f64893d513097e24830e674622ce66794a1bc4fbbb0ed
fGn_0.75_n1024_r24,1f12ed2c2cece3996a9c30473037da6504ebee97df15494d4ddb146f874367ac
fGn_0.75_n1024_r25,4c8c9f6a9635eeec2286dac9da4cd75ef10ce4d529371df678ed9df7bf3ca7f9
fGn_0.75_n1024_r26,eceecde9677bb8636b4ae5c6e8fd5ac5eb9a4a89b0b96149358548a2b06aaf56
fGn_0.75_n1024_r27,299917d7daf5c5c73f222f2d8bae10216e237e4cd22348979888e5659cc605e4
fGn_0.75_n1024_r28,464b5b22458ccc0566c5c57e4dcceed773377fdd89a7abe6930163e2a0236232
fGn_0.75_n1024_r29,d50112c186cc276bb15042f46441a158d7b5496df9098e8a60f4954ca5b79bb0
fGn_0.75_n1024_r3,b72d902828f8f94d792885ee7149d11b37723a2a1eb2c762a05acc5192642066
fGn_0.75_n1024_r30,0c81da87e9f88955cc1307a557eb7efbd715546a7a6e161b6df0e618ae86e526
fGn_0.75_n1024_r31,92273a24633cded9ef7bf0517e42b691528799fb0637572f6221d1bb432d96e6
fGn_0.75_n1024_r32,576f60923b54adc9b9b5212b04fc7443b0fa471c548452cc64efe9be3a4478af
fGn_0.75_n1024_r33,455a86b52671fffeb08306b26acf1b1bffb8c1a499a3a2872a013647bf3f4f33
fGn_0.75_n1024_r34,c564159bbf549a8bac35ea1c0dac9862ec0c2a9acc6535bfe069f8a1790a7592
fGn_0.75_n1024_r35,104d6966ac1f81e9cad275f16a065cfe98747276b1a0fb2994caff123dbb16a4
fGn_0.75_n1024_r36,ded6ed8491fe248e81a9ef010e195ac9012b057a59712c0cf43970b7e6e5dbc3
fGn_0.75_n1024_r37,799d6ea7c4c8ddc063a2cb50c77534514c989a7de1e7ec276fa9122eab204548
fGn_0.75_n1024_r38,799d7426d755031eadea7e13f8236aa44a86889e0faaf9d303c81471c494226f
fGn_0.75_n1024_r39,a675e8025734073d9881e63b2719786f104160fb9553f5e30d5fdc6886d5e3e1
fGn_0.75_n1024_r4,b8004204998d49c150cc8705ed56407b880e029300cb882edfad5a5ef2d18153
fGn_0.75_n1024_r40,a0bfc9178d7321485589f6b1cc8d2f391b4ee4ef29b0e5309f77a5849a6e862a
fGn_0.75_n1024_r41,db08b949c7fd2620ffff8ff1ab4fc1f78068c8cd82342b853ed6f796d950abf0
fGn_0.75_n1024_r42,f34d51d21744141605a6bb089c9c4d4b77560e5571ddf73f0f22829dc7285ae0
fGn_0.75_n1024_r43,a6e97fce7fda0efee782fdd304cd60fa07d58f8cad75d05b5cb45440b9bfc6e8
fGn_0.75_n1024_r44,5d0731ddee2dfd7c3b17e7afe2de5d9364a680db6beb2ac7ede4e3f657f0f8c2
fGn_0.75_n1024_r45,e783ce84dbc0e00162b72a0e1d7bbac3942d5e3a790bf0aa19ec48ca4a61276b
fGn_0.75_n1024_r46,19327937c3ace902a84cc2905e49a918122cf57cfe89da719602a2b07307f519
fGn_0.75_n1024_r47,fd90793d23fa08614e6e4862594583fcd92784e895616d18e36681f14028b287
fGn_0.75_n1024_r48,2bab16f6c18906f7ac920594ac1189a4e31f8775972979c9d06f763008275602
fGn_0.75_n1024_r49,e5d7fa1824f1e439b0f9ee1403c30e5cc2483f4f2d960cf5b9e698e51610ae13
fGn_0.75_n1024_r5,861bab3bd368439cf153cb5cfd32c074f17907ecd3207e6668be341e439ffff6
fGn_0.75_n1024_r50,e066bbe9c089aa4ed21c7039754fd4271d12c2613379de2fac7a42b7cc5f0889
fGn_0.75_n1024_r51,b937f85dbb44fcabbfaa48cec3a9f4ca1f9821c3172659d02690672b32986be4
fGn_0.75_n1024_r52,47d168da1dd210174891b020a283528138908fef9a861e3ba0988cb8b92d4dd8
fGn_0.75_n1024_r53,2fbe98f5a7f3a86bcc540eaf839b040d71d8c77f342bdc3a2e6f7a3414968760
fGn_0.75_n1024_r54,7a9482372313a1f220d9b0c18a96dc017e7d2b50bb5267c10aa0dc2227e31c02
fGn_0.75_n1024_r55,6be15a7cf8157ef11e80c0b3bc00953a6754e7556399d11b7feb557b98f0b098
fGn_0.75_n1024_r56,1eba1bb07f6a3dee384cd3717462f5d495ebdd4b655e08c93adad1f4328f6117
fGn_0.75_n1024_r57,4df9880d26e82e000590835172bcb19747c1e8117774b1c1cab86d06e15527e4
fGn_0.75_n1024_r58,b6ce5758afde4003cae2a470f7d177c8795e256286d2f76c95c400d812abab51
fGn_0.75_n1024_r59,0fc021f11da398d81a7bd4533f266a3a72523386fde1ed2e1645919c2eed8bf5
fGn_0.75_n1024_r6,190a7b34bb0f2237d19a9df3293b4405b1d2dfcab2befdbb599fe29a60058f74
fGn_0.75_n1024_r60,af82d29bc097f245761654c4907beff675a0a59cfe439bb1f1c3ac8e216be26d
fGn_0.75_n1024_r61,c1d2ef688c8265d3ce12f503f113ecf6505e26eb4ffc868705d18ffb9254a020
fGn_0.75_n1024_r62,461d3c7e9501d4cfbd329746e4d44d6182a3e548360271a75b8d4331e6d757ee
fGn_0.75_n1024_r63,446920a2624aa98bbc948d8c94eacff5a136161951097bc65bc996e38621a913
fGn_0.75_n1024_r7,b597ada35953bc32389736dfaeac2dfa057cd840960b684efd35758113dab9d6
fGn_0.75_n1024_r8,d392830d80ebf61a14604bd370629375cb60a5895fab91e608ddff1e52d82063
fGn_0.75_n1024_r9,285da54008b2a52faa76cc131ab93d82c78b0e21ca007e4debfd020c67e5a139
fGn_0.75_n256_r0,03f25c75ec4d13af5f4b95a2c3a0dc9166a11b87e3ea2ab59abd78dd8b7e669a
fGn_0.75_n256_r1,0ccdf81eac5fd1dd0f95e12ee5de986c0014c3082688698289dcd9bf3ada3fda
fGn_0.75_n256_r10,5694fecd8907222aef69bb6b1edc6c7661c31213d440231c64e655018a4880c2
fGn_0.75_n256_r11,7f2ef7cb61793986bc951ad8843394e48b1d23cb07a86a9afdf828809ee8a215
fGn_0.75_n256_r12,c09761fa7e43d5b1a58f55d37085ed88c4f7d126012c39a1309793d293735ad5
fGn_0.75_n256_r13,836d6ed3ca257b3863387bc78c5748d0c4df23a79e617730d067c53ad74f468c
fGn_0.75_n256_r14,4538f91e6ec1968ab1ca129b21af21e5a6cdea80d993a95c6e9f78ca774d239c
fGn_0.75_n256_r15,a61ddd0a2914d95db03839cd8e7652ec70c221112c5062991dd1c5d4efeff860
fGn_0.75_n256_r16,68de5b3857fc26ea3364b2dcc67f73a6e79dea1735418136e67127c3d1ed259b
fGn_0.75_n256_r17,6d82b387b6518c1a15d532a496aadc6f88f605e08585091150909cc644afb6b5
fGn_0.75_n256_r18,10ab5f2074a5abb43ba10bc07f8d87450bf7654b4271060989b2638dc57d06e0
fGn_0.75_n256_r19,bec976a70fcc1cc8d8cefd8938f42016715403bde99e5cd18bc4611908e68986
fGn_0.75_n256_r2,eb56beb6d2ce1983dc7debacf02af87cc95bd0bb4dcef82c4e587853997eecee
fGn_0.75_n256_r20,f6eca6fc0a5fda1a7305f279a340b55b2c2057ddadf8b49075745e3fbe12bbea
fGn_0.75_n256_r21,debc237556ae3da17b9afc8e3ee8ab746b601c52a773edfb39af6b3f259b9a89
fGn_0.75_n256_r22,aa754df64e16c4f663a6b63e1a422964f233f8776dcd3f2e69c7c94c94e1d755
fGn_0.75_n256_r23,f17ebe8eacbb4355fa215bf487ac52ec7f816a60c8ab3872914953e56f95c810
fGn_0.75_n256_r24,7bc778cdc2486907b8826915813e933e6180c3ecf1bf8c7c3d420f010de58fd4
fGn_0.75_n256_r25,78a0ac75c30cc3187f1c975638761a3910b9ededb09ecb01d4d7e874c078889c
fGn_0.75_n256_r26,97f4bd08e799c58ad27df09ca2e90941fdfec08591fe431b156c8c6f577e2e1c
fGn_0.75_n256_r27,07ee729294972ca4b5553cb95a31be24c70d57443839eb2adabbf0fd58729651
fGn_0.75_n256_r28,9117b9efea8cccfc86574dd1e704284f0f5c9998fe0de0f64823478e7388f5c4
fGn_0.75_n256_r29,f8b26797eb6d7ae190347d5c83a9394b94c3d4e14e5038bcd140bdd4c7ad8780
fGn_0.75_n256_r3,bd5f67d4ab123d5cc43188d1b8fccbec9321989331554f777802c790b30a2b61
fGn_0.75_n256_r30,8fdbbc5c9aaace50fb4096103f9a9f2156b3605a7fc9b89912213a82b7789f45
fGn_0.75_n256_r31,2d3170d96a28928373c4fa9e6e78d5d5913e57980b34f7b76df79a5565ba0775
fGn_0.75_n256_r32,784e4e6b0c75d33c8f536c0822d64c59e0c568aed074495981b130bed0ee9f04
fGn_0.75_n256_r33,04893ea05a5e9f222be469bd33b353834a6dba7bf62d8c5544ba86c57d1ea13c
fGn_0.75_n256_r34,57a9d1e4d1597411ba8f0f71af76fccd3b9718404c6281d5152d805ea3040695
fGn_0.75_n256_r35,e8922589b98f860b89b0fc6681044a84f8721903b892a696b7c83941fbcc913a
fGn_0.75_n256_r36,aa5773a0e612c94672f4fa6965c63a80c475bf4d0352d34afd0a84eeb0a1b507
fGn_0.75_n256_r37,f827a3e10032641d1c860a9bd601904d3637ba8976c345bfa1ebf8c299b0a5e0
fGn_0.75_n256_r38,2ec1f6acae574f0fc633004c5a20fbb6f17a1d60664e3f7c57a93fbc25ba857a
fGn_0.75_n256_r39,fd1145170500250338a1a0481df4ffe91703bd2f60fa0d1915085b17e7815ad6
fGn_0.75_n256_r4,9142ed5c987ba1bca1632ea26d4c2e2b414a83c1d79471b90a53b1f9f305d842
fGn_0.75_n256_r40,ba6f77f4dbaf2409f3c67a77c4c52057ba31961b06641ce2ec4aa4e97e20ad3b
fGn_0.75_n256_r41,ec763e28eeced269fd133ab0138352ad24232703a0d855ae2016da325b323365
fGn_0.75_n256_r42,c6d2906e859504d7d5f45283ece893c9c828bc96055d71b0db7f3d58b3d24261
fGn_0.75_n256_r43,b36980cff8d5fc420ee24256dd12d48185e3cf107149d1a113eca341a920b37f
fGn_0.75_n256_r44,32bb4363e487c31ae222770a10e859552b9860ad8f034e23000c78a4d03b299e
fGn_0.75_n256_r45,342da43c49f6511578d18a4c16fa04fb763df0d9c16ffdef6a4930a0c935b11c
fGn_0.75_n256_r46,404abd3374b80e17be5c25564e0cfe01d2b186aef157fb6111cf5fbc36334d62
fGn_0.75_n256_r47,20db180208ebc2be94b52ea59fbd6f35aa698329b89d44dbf47c1b11c0031592
fGn_0.75_n256_r48,7b72f774c04112c26f581b301508b67dd1f173840e602df5bb83f96057ae853c
fGn_0.75_n256_r49,d1357a6458bc3d763f8317f355ed6bbc4eab74dec180e490b49cbb1f1b2dee1f
fGn_0.75_n256_r5,ffc30c31d25d4ca532ae55f96d091f9d7d698ed4727b3925e465a62d3574de31
fGn_0.75_n256_r50,6162617081db55f9a1e8a5ac18d5ea96a672c21f023a804d4d636aba9e86e225
fGn_0.75_n256_r51,f5eeefb992fa8b27df92f0bd3e5b52b10b397696557f73d9938f6f97ccac45b4
fGn_0.75_n256_r52,56e0d3681192051ae8ff43d41b4019d2f39d22ccc6e44f5c2c87633b7369f292
fGn_0.75_n256_r53,75319b6ded3a25aa5c285fbcbe5cb2b2f2b4cd95f0a18c3a7c9b7e08abdb3cf5
fGn_0.75_n256_r54,15356eb9747c2fafbf682d213fc240abe323ff44cc4f56d5fafc6bf28acd4940
fGn_0.75_n256_r55,9b0f8b3fb104b1693046db02b10b018fd3d5586f052eb4f18c3bcab306a4e1e9
fGn_0.75_n256_r56,6ec60b201782dfaeea7272e9d1095649e262f70029b113327291582fc098c274
fGn_0.75_n256_r57,2c5911bb53250364ec569ccd8704859a26467d9f9d12504460ed2d9c92e7817d
fGn_0.75_n256_r58,37d412c375fa97a627d080539cc62fad965aa7f748aa1909afeee3b4d320f595
fGn_0.75_n256_r59,d8f00dc8faaa19418ec016204e8a13c0e8fef65cdea290b3e62c62883e30b119
fGn_0.75_n256_r6,240d3d4b80c23f261cae7dbf3e25a7c5da64f4cea9a30a58e0716861557015bc
fGn_0.75_n256_r60,41ba6fd7a9629da7d359395a4dfc20639eb87702bbb52cefd1708e3c87f9b3bb
fGn_0.75_n256_r61,90c39ead60bf506e799fe2c8c3b853086a16f6862d882415114b72becd90d67c
fGn_0.75_n256_r62,1c0cac9782111dcdba1b9a76335c465d39d20682ff5b40d041f4aaecae47b039
fGn_0.75_n256_r63,6e860d224397350e30e352d8d496231ae97b1d9f416adfcb80e04c4ea498b179
fGn_0.75_n256_r7,17be86a731926a95a01cb76bc81338e2919e370fa465e47001c6a18c9ac49aab
fGn_0.75_n256_r8,4dc97ba17002f46894c5fa3002fd86306e7591c71d772140981ee0d8e855ef2f
fGn_0.75_n256_r9,1916b4e789a06582a2a39d0c95dba57865a3bae26037f26ca35554fdfa50d98f
fGn_0.75_n512_r0,73ef794e6661db4f7f13a5bed9244fb6e31cea5b5eae8d7caaf6707b93a77b01
fGn_0.75_n512_r1,ab6667678b3e733833d5da0cb9a5898fa83dcafdc041f69e6bb29e84a0f02769
fGn_0.75_n512_r10,8679bef438aa87131ecf547b5dd5874c344ebd9abb19092435de780080402d46
fGn_0.75_n512_r11,c2f4491157404153a077e20ee3fcfd2d59c13435e89df13a85d90764de8e09e3
fGn_0.75_n512_r12,65cd5540eb917ad9f04ef63ed9530a580899fccbf3f693598f16a13aeaecd21a
fGn_0.75_n512_r13,a7252b960bbc39a798c770cf9b88291066f992634a7d080970ec9b6506ac26e1
fGn_0.75_n512_r14,48fc967d340f93d27703b5c7a4eaaab0d50c2cd7a71da0d0de72d1c23e9efbd1
fGn_0.75_n512_r15,9dc9a1832b75a50f5420eb1c245bf05c30aa73553fd3bd44443714993386b763
fGn_0.75_n512_r16,adee77fcbed10572c56a4141f7d061cfb2b5a2e0bed824f3407bcf2394aaa14c
fGn_0.75_n512_r17,794e66fc3868ef54304a7d9eb437c2d967c8a1fa1266fc36c7375f08954f5465
fGn_0.75_n512_r18,aa7c6c3eb6b4166140716e2a3ca1b8a3b84110c7d313b3b632e582e0107c2bb1
fGn_0.75_n512_r19,568ef6ab2aaed625d18f4a18af416dbd3b6de12a20fe8711a7142989dde7723d
fGn_0.75_n512_r2,1cea759e63f0a3de1ab3f401caa3480ee6101ac9db3b200899afbe4ab0caadce
fGn_0.75_n512_r20,88e46b9e0555fd5dc4b6e3d66e52809219f1f3806d9a18037db2729f90516439
fGn_0.75_n512_r21,741e424a50b614cbae9e3bb1b8dab917e6798e07933290fbf9c9d0270d98f38b
fGn_0.75_n512_r22,b25c9758c8a31b6728e964f1d49082ae25307d7423d95da94a371fa2c10214b6
fGn_0.75_n512_r23,285d6baf718766f092add352227d942bd9d0232f872b989757eea2ce3dfa52a6
fGn_0.75_n512_r24,20822230a12d599621d990a853ab335dfad05edf565cbcd7878b85aeb73696fb
fGn_0.75_n512_r25,7017561552eeba0f5c67db79f612955d946b8afde28fafb873c81f147691ffc9
fGn_0.75_n512_r26,f5dd5b116dd20433568d85055c907fd1620ed7569161ea7f879a5b239066f270
fGn_0.75_n512_r27,63a24510923574181cfe973e26f5d6aca76cdd9c2f49a1801fc4225d35d5a741
fGn_0.75_n512_r28,4fcf5c746e29e03ff5ccd72c2e8c3b07e0dc1b28077db3811bcf542b5e35b414
fGn_0.75_n512_r29,73c02d52ba4ecf135706c45667bedb952a3a1de7251f570e75494d09c913e15d
fGn_0.75_n512_r3,5d595143e59be82626595510e391abc6ba2c8110140dca11cb9d2d305dfc8601
fGn_0.75_n512_r30,af4bc7822b36fc5556a5f270c0c9a4db2ba9b7851def954c902eb0a9fe638275
fGn_0.75_n512_r31,04437bd1bff4d3bb84db0e023d1e56c304f5012a73ced4ae1a54dc43899b1456
fGn_0.75_n512_r32,f5d17793179d53aeab05158e62be7b968a9abce6ac4b3208669584c3c1a2b832
fGn_0.75_n512_r33,4f3ac7ee976a81197c9363d0186aa006d4e952c9dd47d078030849f2291dcfef
fGn_0.75_n512_r34,001aad729323b9737602e1536c267d25f599fe9e3e552598bf24cff99eb81c40
fGn_0.75_n512_r35,332dddeb267665e6c82e0c8b06d74621bfffbfe2d29443a379aec4b8c6855c28
fGn_0.75_n512_r36,eb989ed2af18ca00311145c834f069ef955536a12c165f8718db7150d756883d
fGn_0.75_n512_r37,1e29616c3980235d977e845b87522e702600891ce605939fe8fa9b6259bf5314
fGn_0.75_n512_r38,367497fd6dd9ecc48835f23413d1e8b727958856effca45ab82762c632281291
fGn_0.75_n512_r39,b1ddb72300a30b5a21a5ce66451dda366f3a1bd80c68fb781897b8898a45a9c6
fGn_0.75_n512_r4,02758bd6771f36e44f7f5d378550273c46b40646fb2d63d8202777f1d3b2d60e
fGn_0.75_n512_r40,b418208bb738b38519bf5b6c8fb5cfc8f66add7f3d974e65e759d8d6cd971af5
fGn_0.75_n512_r41,8ee1f830c1a80112f18c9ee513e92a224466f7ef680dbf5db62311b34a84493b
fGn_0.75_n512_r42,4f6f13a7db4f9e74a4d18660ee09898f9124d9d8c70ed40f065ef09a366eea3f
fGn_0.75_n512_r43,095e00a31f7e8bb0b8e76d186e0619b4b9f44deca31bc52a97a41192c4279f4b
fGn_0.75_n512_r44,515b04cb678a79bb3f2dbc91d9be5e73bee319e46675cffe80777cfe1f0aa36e
fGn_0.75_n512_r45,2492a6d90e59188d5ab72381af8e29de7590647c21e6622f5658f7ed8d14fec4
fGn_0.75_n512_r46,fd4f8eb423f3766ac8a034079ff113e99961e97b20222c6ccad849a34083c71d
fGn_0.75_n512_r47,0dcb357748ceda827ff30e2994071c5939b58ac5ffd12a339803cbde8244805b
fGn_0.75_n512_r48,436a8bae3f9de8631c42e651f257ef016081a61c48e272cbda7e5130815121ed
fGn_0.75_n512_r49,77eef363b22b6cfe6f5eca13cf346930e9a2fc423af97bd0774d92c461f4ea96
fGn_0.75_n512_r5,2e28c398a43d8769a174fecb387c0debbeb6630911581480cdd65fa2ecdcfebf
fGn_0.75_n512_r50,0a6ccb93d8948da9cd45fb532508c992ee5339311198e31cade7df40fa1bd897
fGn_0.75_n512_r51,1d2d8f3c2c838c23be0d6bd3dddf09c2f8cf4e3f2d740143a76cf4b5a99bca6d
fGn_0.75_n512_r52,438316df20bb28729e0dec325923fd1889a7c419af3593eef3d67a76715c595b
fGn_0.75_n512_r53,a0398739cde4a06648dd7e07b3b9c86181cd69ee59eacef1492f467979c9af01
fGn_0.75_n512_r54,f4f079622d87bc4960909a08795adf17933f35fd2915966fcf24b4acec0f6947
fGn_0.75_n512_r55,ba4c88c8321c914b89823a5fa19d66142e1874514f727a07f5cf49e62976b703
fGn_0.75_n512_r56,2fff38123d5e44319e73ab2350450114a3069def7c8388d9ea16496fd4d16d37
fGn_0.75_n512_r57,dd4ad30386a96c4b26d5770fa4bcd6f96da3f740435c9c567b79d327cb24339c
fGn_0.75_n512_r58,aecc6894457281f3a7b1a5cd226314352c992f6cb07767b2f71f599892d97635
fGn_0.75_n512_r59,214c7d62c5171d526fba340263c84b5e5dfe306c3abf306afa9d6797c98a915b
fGn_0.75_n512_r6,367c6d1ea4319d145a25843bdab52007b3d8a8cdcc97e398e5593155aeebfda4
fGn_0.75_n512_r60,b540b4e7db9d59485309b392d66a56f24cc87b0c461c6cb993c0c23c06a0b503
fGn_0.75_n512_r61,a82d3152c805856f483b846f123db5d588c0a82acb2d55ca72757b26e798cf7c
fGn_0.75_n512_r62,e19386fb466a2e84f7458edd90c35a32bda1cc5056ac4e626ae399358000ac7e
fGn_0.75_n512_r63,8157ba4dd058b2f4777276c45ea9478868ff8ae02b3e44f8ed8c36e50327e3db
fGn_0.75_n512_r7,49fa4918fd72f7447faa77db57d2cc65438a651319f4e8e57452df2e4674b987
fGn_0.75_n512_r8,767ca3ffacaefeded19863b465375a699cf604755b698e6d7b52462557a71e9f
fGn_0.75_n512_r9,13390df65d132d75c65ee59c30ac1dac35e86d4be7c439723abfe08604abe49f
fGn_0.85_n1024_r0,40399c4680fc0e0cc2ff27d6f85b7c8d3db1d4167b28ce55e317931eecadaea0
fGn_0.85_n1024_r1,322e8ddd4d912f15aeef31bc9ff1b5d351b579e15a077c7e03520e23f7312f90
fGn_0.85_n1024_r10,79680424706dc7b09b9fe4f4ef0d8936dccd1eb0445248e6f1ba0aa78edfefff
fGn_0.85_n1024_r11,fbb415bdd7d3bf1fd2c21c2c1278c5149ad00d17dad41fc4a8b9169cf6f0da24
fGn_0.85_n1024_r12,2ae9b946d9a38e9238dd12bf66ada09acf15fe3079a56794999ea3ed4095a1ba
fGn_0.85_n1024_r13,ae909e2fac2b2d2dfd525ed4625b6a0446a2242db1b2d505dfe53d04d2fd5b2d
fGn_0.85_n1024_r14,dfe0cf7bc1a50ed99fbcb46cb2656d77e497c659fbccc40be0e713b29f2918a9
fGn_0.85_n1024_r15,2d6944cc655a229e8936a7715b3289f1d506d8d293b314889b1631b0b2d38128
fGn_0.85_n1024_r16,a92e21342e664739691c5cf043ebfab691500eaafebef218876bfd21e76585ed
fGn_0.85_n1024_r17,add9abeb60e96ead4e1ce6abaca51a798527529f055b62fb34582700fa73a22b
fGn_0.85_n1024_r18,1c841fc9b7d9078fad76e67ef080e10691712ce6ae2dc5aa4ce07cc4841eb896
fGn_0.85_n1024_r19,5951695d97d150ab2fe6edeabb0f89026392574f82f98490c1aa6c9ba0e1ce23
fGn_0.85_n1024_r2,7195fa408112f0fe59b20c43bdef29967086e7867a033e53da603ff1c105fc84
fGn_0.85_n1024_r20,13ee74efeab6485eeeb079aae2c816753a0941065543eee64133d3aafa2d3baa
fGn_0.85_n1024_r21,6d72d95024798a6a8041858ce94d150c856b151d27777af9e3c68b4a12105534
fGn_0.85_n1024_r22,b2aa93928a7638e8e59a420c8246f2cee65201408699b8983d6a0538166b22f7
fGn_0.85_n1024_r23,52157b98ba62ca51182912a5ce2e39bea29364a9c11704cb835f43fc3d4fcf31
fGn_0.85_n1024_r24,a822e185f1ec08725d650e511966be412c75dd6a3417476e0d4efc890e01a56c
fGn_0.85_n1024_r25,36cbccde82671302f60641c2d8551054c1e05d35253ede1640bd045bcd73c33a
fGn_0.85_n1024_r26,c908270a100bf617e52ccc479a3f7bb7d3dc7258a546a824fb12f634341b8493
fGn_0.85_n1024_r27,0bedf9449dadeb1c39424b3e121e9959ec2d84d5a78892c5ccffffeab41c4857
fGn_0.85_n1024_r28,6a27b523b03e2f9d8c415c9293192238a82d3c58630f02d33e9b424341e9bc9d
fGn_0.85_n1024_r29,2cc29f6e6c2fad8a4cbbbc63aa24c91668c325b41676ecef1b560c4d234ed518
fGn_0.85_n1024_r3,c47410cb4f438b3c821fe514b55dd8a3e765fac017d0592bd0f815861330bc3c
fGn_0.85_n1024_r30,53b24f40e2bf833b4d5b8dc60f5e4901b42ba01ea8f32b28a8a36df71f742420
fGn_0.85_n1024_r31,4e0200cc3fa37380d82e671164752b1cce78fb9efb9adaac4194b7795d9dd6a4
fGn_0.85_n1024_r32,d674478e23cf5d31e56fc99db4e36054fba5e7f689b388e9bab71e6f697e73f4
fGn_0.85_n1024_r33,621ba96903f564f2839d662eb4532d7e1bb44514d178ceb3442ec0601c784aca
fGn_0.85_n1024_r34,c378b6090a1a6000cc24e8e9c77d5d11f78dded9c1a846674b714252d1bc4bd3
fGn_0.85_n1024_r35,cb9bbab4f0f82549771b0b70c9612add180d959309c90cd8fe14299f6bbace50
fGn_0.85_n1024_r36,2b6f2c8b5b0c82aa229676ade275aab3ed096661b428591287a628fa54fc1f16
fGn_0.85_n1024_r37,635104c1edb33e7a27c5bd7a6a3bee06f6b6eabd228b991f5770d53545922640
fGn_0.85_n1024_r38,4dd63622766f257c1980e968bc1bc4020dc0fe4bfad68b00ac9e2ed04cc0dba4
fGn_0.85_n1024_r39,5160d74e5114939d8ccd47d3f5fd47d43da4397a45c69dccf25403e700c2ffb3
fGn_0.85_n1024_r4,1b2801b1fb177650c93bd8abafdb2603233b7464ed0aaff86c7b2c18c96716b5
fGn_0.85_n1024_r40,3e3e3240509758f74dcdf53723c6102995e56397a91ddbffdf06db75a1808a24
fGn_0.85_n1024_r41,939e147aef0d08c9c18d179eecbe1ec22e40d571cb8f62d9040341e8070191d0
fGn_0.85_n1024_r42,261c16dc3406138d94d8a82a0833c39093e1675f4e06e9d0cd9622dc95b2da43
fGn_0.85_n1024_r43,6c08bdc1bbe750562e27c70891a1626706dd1bcbc479eb5ab5125da9b18f560c
fGn_0.85_n1024_r44,f25ac1c1f86d222d11679fca95541c7301e58fb3b6460b3aa296f45b5b86e033
fGn_0.85_n1024_r45,99b723f01511ef6a60ad5512953ee695bf6e3ddaa48e3ebce6ab41fd88bc175c
fGn_0.85_n1024_r46,b48757c30feedbd64bb4df8710c268ea2a58a14baaf9cba04177dbef8765169e
fGn_0.85_n1024_r47,0870641b6b5942cffa43d35d1e4ccd9027175f8fb1a1535007081aadb243156c
fGn_0.85_n1024_r48,afd23a83310d0324916d23b0ce646d356bf2809e6f858a05b9f620aa3c2bd629
fGn_0.85_n1024_r49,36211510b7b3be6d74959a3727f194b06ee10d5b3cf033695dbbe71a2e8dd67e
fGn_0.85_n1024_r5,76b334965699b7358713932df38917eb4dd9c823f29f3e08f59476867751a8d5
fGn_0.85_n1024_r50,3dd67b27ed88f1125bdbf6d330ef36b46875349da423f683b7f7bd0dafda6b0b
fGn_0.85_n1024_r51,62a5e53ece66a4771e4f0e261470842208392a2144c99fa2a98e07313d63b71f
fGn_0.85_n1024_r52,d8ec48bb1e282661016a941bbe9f7cf28262a979f5d0a6882e4744ca9cb68446
fGn_0.85_n1024_r53,073234a58dbec142fc4822a94679849b93e8bc7374c6fe216011df95041e5968
fGn_0.85_n1024_r54,f5ca093c2b4bb399a0a808ce441a41041cfd1b33960af90f2ea83a8764a1a367
fGn_0.85_n1024_r55,9aa4eafebc0546ab8f550cf6b1a6cc6178ce2ce6fc0a3f7afb021bd93c2b139d
fGn_0.85_n1024_r56,7c13728ede5a5a7bd69431e34571398596be6218f5754f88e8dfd66e12f2b2b0
fGn_0.85_n1024_r57,b71a38bea4ba23d164aaf4ccaebbc24bd4d83ff8875d881dbbc6e45c13e5d3c1
fGn_0.85_n1024_r58,5c69bc34926e0b38aa7d50175b8acb9fb3e15e48e1223950d57d8e0722a6a5e0
fGn_0.85_n1024_r59,c66aaafdfbbb26abab74bb3dc65ce9b4d99c6100967f3555ced496114d5bf6fe
fGn_0.85_n1024_r6,99321118afeeacedca32123ec3a970f221f0ef25a6f0c7a077d84015d2c38f65
fGn_0.85_n1024_r60,19522a917e0015cab84d0b05ff3986559ac9145c73d97336ce44d2bbbbe411a1
fGn_0.85_n1024_r61,2361929c34a221fa1be08277142bc32dca261a92b4e7f771bc9f9386dcc78b72
fGn_0.85_n1024_r62,8acfd9cddc80bfad394c93cd44e6e6d8ccb09072e6671eb34c1e4acdad4a66fa
fGn_0.85_n1024_r63,87590be8da676cbf2c532c2c15e11ec2998a3268ab9c4a21b271948aaaa46601
fGn_0.85_n1024_r7,b06aae03d68e0c785e7b42fd42a3ed332f5e1ff6b8a37b77b845c4de26ea872b
fGn_0.85_n1024_r8,c84c0082e995367aa75dfc555b319a572fcb0d00103464c9cddf2454a40c7a55
fGn_0.85_n1024_r9,d55aa0484d9b1945baa057f14553cd255256b3e97d94d5b5ae1cef5f6636d2fe
fGn_0.85_n256_r0,b7cdb076dc311c8fd391c31f4fa2b728354d7492e5aa132852e0248fa27b47c8
fGn_0.85_n256_r1,930a80c45b929f0eaf973300797b3e843809d4fa4fd48c5945ecc34a71c50074
fGn_0.85_n256_r10,2df85083670b7c74b23e463f3f4f35f8add4c1110f34e33302e8813c47e8fd02
fGn_0.85_n256_r11,a51cbd1b7f4001bbb57c9d8ebcf5c42b4242ae6e80b2cf8d10d1c57ff604ec90
fGn_0.85_n256_r12,8257148c1617cb970b6064d47dd6d80cf7c9a6716be2add53fdf8ae9d986ec62
fGn_0.85_n256_r13,55a6d37489ff479f8e1a5b084a67f028d69823fdac38e117996e7777488b4666
fGn_0.85_n256_r14,72d18648269c1b74c5e8e8ab82898f83e32f97fa3b32e6764bf7ff385a6f2e3e
fGn_0.85_n256_r15,2b1b2ad9cbcff597ff2b02ca90d62ebbc63f1f4fde5f5ab3a99e368e6db548de
fGn_0.85_n256_r16,5616e41eb269cdb4b5ddae77ae8c369cfa85e333d2a19650e47c8a3d0da818a7
fGn_0.85_n256_r17,b8e8d9cc0574b4dbbeaadb2972f4673d7084b32b1900f2d18124ed4f52e1fc1e
fGn_0.85_n256_r18,732f00089f5a6491f05a767fdfd70035625849df05e31b16b627e03e31fd6c31
fGn_0.85_n256_r19,567c602e9639980d6231c414af360fabe4b8e341dbe1f5edc05fafe0b41999e8
fGn_0.85_n256_r2,217a78074ec060f492a777ba0868689de6c3fe4a854386ac97175f4a7144d58b
fGn_0.85_n256_r20,b4229fe278cbdbcca8b6a477faf9d9d45a2b1cb944a420b0eaf8dea6ce377d72
fGn_0.85_n256_r21,c7cc4b6185fe68c5a398c4345fd81dadb84694cd51b3c2335a91fad537220a20
fGn_0.85_n256_r22,e868f46f71cf59f555792a83b5cd39283a1a21f0ff687ec49b5a6e97b4175aea
fGn_0.85_n256_r23,e6a71531cfa779ca3ec839b28072d6ff4330c84dea5d10967f1df1152d180c01
fGn_0.85_n256_r24,e4b87dfac93fc7f18084bb13bafdee48229e700a528efab489b2975262e2bbb6
fGn_0.85_n256_r25,fae34458e1b314b4706252447d3a2bf86c81f7eed93f3fa787501511b795ba70
fGn_0.85_n256_r26,d9cac44aebe529d8c8bb1edc3529bbcbbcd084a5ba399ab43a6080cd71e3cdf0
fGn_0.85_n256_r27,8b2e326366e274461d8bb1dd5f7793647396f473d784c66c446ce07feb6e3b7d
fGn_0.85_n256_r28,f6b6432242cd3064b3fc6926793d6979e2c47dfbc9abdc38d060e37c0ec33850
fGn_0.85_n256_r29,1d6066ee8e4aa735f8bb8cfc18847a8a25bd5b49f3fe796c928be2f32546bc63
fGn_0.85_n256_r3,ed95f6a60a6e3128c5ba117cf6b161cf7971294a5e33f8ffa5b35602f2a4e231
fGn_0.85_n256_r30,993478bf87a66b38ae3e63b1d076af4717251538ee26e48ecaca97345dfbf028
fGn_0.85_n256_r31,68a9560f57afbefe18f53ceaf791494f8170961030dd2b38e81356001db37caa
fGn_0.85_n256_r32,40814672d1f90530e570aa3f8acb995b4827d5e472b16a9bd3f35e0eec42d85d
fGn_0.85_n256_r33,7e56b836329550dfb39366f5d887c8655edf047595e420a59b9b3f37ef2d0f53
fGn_0.85_n256_r34,6943e22ca8669393cfca1996186f03ff7e4667be5ec6e1b069a3dfdb5c1ba48b
fGn_0.85_n256_r35,188bcfdf93eef1c6f31eeaa928707ba5132d621348e9251b9e445aeb5ff2edf8
fGn_0.85_n256_r36,25e088502aad1555fd139a7d63b21e741bafee0d8ff968fcf4b2ffe6420c65ec
fGn_0.85_n256_r37,8ace336f8035065083a30d12b076d38aa9c84b63602469039e00d56e29132523
fGn_0.85_n256_r38,63c62e57058d055616139945f0a22e5ed031d7dc56239eae54725703abbdbb83
fGn_0.85_n256_r39,f72f27a1a8507ab06145a3899f81a6b20bc6a7be4d5a090de10d2f620dae62c5
fGn_0.85_n256_r4,b891fd7582befdfaaa14d584223d019a3a569cee203a602d27ff75e7dd03bb7c
fGn_0.85_n256_r40,2e0e4709c06d7df069c66f46cc6563934f85a27c43f4525e8f32443577ba73be
fGn_0.85_n256_r41,2a1de4f8a142277252d2d3f3661d08f3c0d0ddb4674e0c11d329065b2e0fb4b0
fGn_0.85_n256_r42,0d102ba9ecfdea0414370a1bda59c02688dba37299460d5452e773b93c618b2b
fGn_0.85_n256_r43,cbf98f0d7d1b9db919b9123d02fc37e4622b4e17342b3aacdc974edc449c5bf5
fGn_0.85_n256_r44,77a734acbfd27e79f058c419aad95fb697429b884c077780e9079f73c287d3a4
fGn_0.85_n256_r45,24b7afaa8cb01f09453542776db5b19eb71b142622f1315db526c4b007acedae
fGn_0.85_n256_r46,01b511853fc65818e70dc4993acead0232812aff0465ce4c98759ccb41068087
fGn_0.85_n256_r47,03f6cc8f7109c591cea3dcae269ec75f7de9f450bc219eba8a1340281f142088
fGn_0.85_n256_r48,8f819417dba2de6e258ba2e9eeb6042724e192280b8e73b7ce648d8ddf671a3d
fGn_0.85_n256_r49,f915e4775aab4df92e9e6b9be65f814cc2948fb3efe99c213bb0d05e95f455cf
fGn_0.85_n256_r5,63c7730bb5744fc57233de5c6189a81ffc39f5f8a5d6db79b0f0772ac430e0a8
fGn_0.85_n256_r50,9983c348fc0f8e51e72c1fa8bd5f4a625f54d4f3c255316cde22be74b083c3ce
fGn_0.85_n256_r51,090cca55971e3dfa72b8c3d1590c1f6f97f8d141c972a0d4e45a6cd2964b8b76
fGn_0.85_n256_r52,22dd847dbaa07a1c1e9e47ff1dadc8bb424d68a19e6480e0e3ecb8571aff88bd
fGn_0.85_n256_r53,744b942bd1fec5c4b0fc88f80ee5bd81ae6ea14464a716a1044ba73c2db283f9
fGn_0.85_n256_r54,1216151357fa79196e41a2e927e26df4e1ab0db4134c2a4384b5f3d018c2d1ff
fGn_0.85_n256_r55,32d0e3c3b529422bcb87bb680f9706592684a6d1e0ac84ea91e3c971343c0232
fGn_0.85_n256_r56,214e0a2a014a592b9c4d1bc3315963312fa09891a12e6b6f612626d4d16ef56e
fGn_0.85_n256_r57,3a325f43a8c69019f92f331b9e4f8772674aeb01163a678d11e3bd94edc734e1
fGn_0.85_n256_r58,fa3cf606f811fef30b7bfab2ae2c8a9cb8ab7dd00ef62c857efe2eed76492e6d
fGn_0.85_n256_r59,5368a3407650f8bf589db127408ed880e0afbdec4029914c598e0440df3584c0
fGn_0.85_n256_r6,be51358f07319a3b8ff91b652c8836b4db88c46d0cab9e0414beafc35cd58745
fGn_0.85_n256_r60,dce8facce1ba9dd9a425d77a62ec4ea37067c49c38296d8f9bc53eed573b861a
fGn_0.85_n256_r61,7552c90bea8e4bc8d9966abf3e04f06ccfcd11e488c1c0a43593cf664d570be2
fGn_0.85_n256_r62,5f81b5a13f4787adc05211a503981a664ed37839afadc662a5e5c3d6ba3dc947
fGn_0.85_n256_r63,753a4b8c08bf5d74ea732d9fd669f4cc3e89f712db5587db03d68c5038a2cc4f
fGn_0.85_n256_r7,21d8c42e7a4c15b604af6504de213bf8b2280d7fad46cd6deccfe9f8afad447b
fGn_0.85_n256_r8,5bd53b162f396e3e85d283afd33626fa6fd1b87cbd328e0cba2bcfcf3f2bf133
fGn_0.85_n256_r9,fcd5f1b4bbb2b092ba0baf7d7e297921977380de047f2c990b5af31097b054e0
fGn_0.85_n512_r0,fb6f20ddaaf38a3c318dde9428049960e632a6c4acfdf08c75c7f52617c0c5dc
fGn_0.85_n512_r1,39f910dd0077bc415c961af50b18f14993c168bd857ed9c91e831181eb915b4f
fGn_0.85_n512_r10,2976b4aaf34c5ac638c60906d311cc9911855ffce723c11e3bf435f431926a2a
fGn_0.85_n512_r11,b06e6f67192045d3802235740f12a7bcd835626d4d47d866d210674e4da9a006
fGn_0.85_n512_r12,194fee1b2bcb08f40c6448b53bf8a0a0ecd1720a3bfb4674e5b2ea1c7ace4d35
fGn_0.85_n512_r13,88c20c1dbb1644e03dda0506efb1c72e6372e2c3bdc27c66e43511e67cd93622
fGn_0.85_n512_r14,4fdb195a54c8a624428a8b22f3baa769b0c607f2483875d27968426fd025a8d8
fGn_0.85_n512_r15,2ec85cff209a6bfa57b710dd2f626f98fdc884b6327a3e37d1e5c1072fe227f3
fGn_0.85_n512_r16,598faa5c361370d847731f4c84a1362540380a0707f803b86313441402d97b43
fGn_0.85_n512_r17,780174b6f98ab7224e68161b65e474eb8c85c53d33d8eeea19c2cd1d1cf7369d
fGn_0.85_n512_r18,320e623729d2dc7a2001e180ce2a1722871cf37fb47c14293d11c3d5145f4883
fGn_0.85_n512_r19,77ae5b71ec911b67a8d2791ef0b5801e9f05d15e0415b1029e5a4fa1d1f92cde
fGn_0.85_n512_r2,a67e3f2e599278cf29b66b0392bedf4fa3482c59172bfca6717ce35ebce7c82b
fGn_0.85_n512_r20,6f9ef9108845873000d6b115d1eec50a3c1c2309941415b45f7d19e665e7b784
fGn_0.85_n512_r21,195eb1ac0a27e6ce302a8361f25e08960e427b736723547b5622b334f8315384
fGn_0.85_n512_r22,0a6a5111e668e8f77862cb7e0ab9c77b03ff4e73c4a845579f5994944dd6a32e
fGn_0.85_n512_r23,3f9c24a87bd69126d3d8c9ced3da932a0497a4b2e6df4e89393c14989072b806
fGn_0.85_n512_r24,bf6f577ff57c38c250d2e5532cb7c023c38f1b72971a2883b0c0994f8424f682
fGn_0.85_n512_r25,f6954ed152280ecb36ba6f779df5d499d2c3c4ce6cadba9217a9b96e6302076e
fGn_0.85_n512_r26,c21ff23ecf5c0a2fd3bd2ed33832ba98c985c891837b7faa3975c3eb54f3cab7
fGn_0.85_n512_r27,4dece50fe27f9144be4ddf1d35e3c4dc7a409b6ddb2499c115f16b635d2110d4
fGn_0.85_n512_r28,e67be1ea1ae262fc09216134ed9e8e09da4601d8c47b992deac20f30d196bbbb
fGn_0.85_n512_r29,3509e9a6559485a473c819bd9bd2d7b2be079635fef7b504ea19cbb14a7bfa1d
fGn_0.85_n512_r3,1b982d3a20d98ac7638be7109367a10c9327ec50d70c083ded4a6727384ea5c6
fGn_0.85_n512_r30,a8ea4f87c80d5765e620c5eff5f07b9deba04e1bceb90def5d72b59b1a7fc961
fGn_0.85_n512_r31,a60dec680a7b17889bd86561cd882198d475599cef0146ec47bb0e96e3415613
fGn_0.85_n512_r32,395ea5a98c74192cc26f57289e1d3e3e4492bdeb71f76fcaeea008c9ae656af3
fGn_0.85_n512_r33,efc1316071e5bfda7aaa47ee4c89c436a419c79cd7280d1427108a0ed9f89791
fGn_0.85_n512_r34,cb42ed13cb3e877995f93b6661a14529c8833a09220fcff5895fc7af6eb84bea
fGn_0.85_n512_r35,7aab6c03c313e1b5b393c9a72109d60f478195ded0cb7571e2278121a0d0e538
fGn_0.85_n512_r36,df99cdb042a2d302d9994f753fd69ba4f2b45919ad1e12269d4dbc405965acb6
fGn_0.85_n512_r37,6ab2a9eb3104a9e7957ca1982d4d50325efc8de6aa70bab93909a05cc6540874
fGn_0.85_n512_r38,9d09544f73b366cb18455a444667ebfd4b3b53f1c4259a494cc5fae629535aab
fGn_0.85_n512_r39,d8cb333ce38b95229d6d3c40c4f94b32fbc459cfd5e3e356104dc7093b8f1326
fGn_0.85_n512_r4,5271526ff0be7c717b8c35db7d19205bcf32be66bb9a1a424cfefd35455016ed
fGn_0.85_n512_r40,042bb4df0d9e386356875763870fa9806d18d347818ac50ad257ff1bc87cce09
fGn_0.85_n512_r41,2f70dcd58f03b4b786de64d0283ec8ef327fae88c9c69caa1486595c84c5f7c5
fGn_0.85_n512_r42,cfd66ca87bb7c8e6d1049d1ade42f51a8fc4e00563e22da166d63cb0514d6de3
fGn_0.85_n512_r43,d4a1e3fee807fd8cb7761360bf283d79e611a94e0d8c9f1840d699fa5d2241a1
fGn_0.85_n512_r44,7c0b4d620f7960959af30e44eb22a45f3709fcb6ab8d6a5f7b2dc6ade9386acb
fGn_0.85_n512_r45,868ebca3b5d3c5bf77ade27264a7c52ee8a153685002ea7b6472f9508b607be7
fGn_0.85_n512_r46,ad24be880155790289385328a6538283d30106057f209b9ceabb3e981256c93d
fGn_0.85_n512_r47,800f93698273b130d2fffd7c813098ce4d9494169fb8dbebac6333be7609ced1
fGn_0.85_n512_r48,9e4e3fb7a535bba828fc6491e1f4b55aff5fae7b1e60870ee9ff60cda428428f
fGn_0.85_n512_r49,151976c90a2b693e86e97f9fa5524d38c3909083855cccfad4e624c200656df1
fGn_0.85_n512_r5,69f6d9fa281f90f66fd2dd5450384e372166446f9d92ab9b59a2917a116d66e6
fGn_0.85_n512_r50,66e17113c7c32f43a81eae88c07d787de80ff1f7189d2c9d9d91b9025f84f729
fGn_0.85_n512_r51,42fad96f7fce182ea03097328b00d4a5ea230d1bebcf83d2bf81f4e109de8e4a
fGn_0.85_n512_r52,3ce22825ff5dbc4bd7f0278d768e75f859c02bafcb7a573ab0ec1f7fbfeef8e7
fGn_0.85_n512_r53,1c5d61605952cfb1cb7bfb9a4f437bf42cc0bc8afd9b8426ca7224779e3acbc8
fGn_0.85_n512_r54,2fcec2f2b422c8058a17cd25cc0835e83cf0f16add14d78c3656ae49f097b61c
fGn_0.85_n512_r55,70e032d452944e3b61f38d7c9b92d2cb22aa45982a69132ad95c483bd4e88e69
fGn_0.85_n512_r56,69d8c50b3ba228b7144e07f39cccb557fb87831430bb949983911afcedf7edc6
fGn_0.85_n512_r57,fe7aa63628c75455228a53ed2b0c7026e63f18a94b931142353c0adc3782f414
fGn_0.85_n512_r58,8975643abedad8112b09c5b9732135dd64a991bae950ce9947fa87b4f700ff5b
fGn_0.85_n512_r59,870a92214cc4717198f41f348b833e013904e5cc8127b4ba54368453e6a0b6ae
fGn_0.85_n512_r6,0d1dfdb9c6fb60202bf8d2805387328252c397aa6c0ef9e0d7a2c8e527f83f98
fGn_0.85_n512_r60,fb515c9ce0d52dab5b26073416562765d8e16851979a2800bd2e2eba06e432b5
fGn_0.85_n512_r61,656c8bbcd43eb4c6fa2004f3dd9e9e10bb64613447a58facc8298a96358b8490
fGn_0.85_n512_r62,d4f1129c3fff750ae701ceaeb86f08e566caab5ba1c86e90385da4afd2387b00
fGn_0.85_n512_r63,b818ba9fc935c1547400cd78fab5e63173b82a6f0161e3fa42ee69fef1433216
fGn_0.85_n512_r7,b7883254237758ec7b735a6f048f501a45a013fc3feccc965dfd9556e1b970ea
fGn_0.85_n512_r8,b1c70b1e3bd22c352a25f5f01a709eaa77cd161115941747c27fefbd454ec669
fGn_0.85_n512_r9,2d10eeca60ffa5edd29ad198097b093764212d5707e6091fb830e4497c4ad47b
